
Copyright (C) 1994-2023 Synopsys, Inc.
This Synopsys software and all associated documentation are proprietary to Synopsys, Inc.
and may only be used pursuant to the terms and conditions of a written license agreement
with Synopsys, Inc. All other use, reproduction, modification, or distribution of the
Synopsys software or the associated documentation is strictly prohibited.
Tool: Synplify Pro (R)
Build: U-2023.03L-SP1
Install: C:\lscc\diamond\3.13\synpbase
OS: Windows 10 or later
Hostname: SCPP006598

Implementation : SP0565
Synopsys HDL compiler and linker, Version comp202303synp1, Build 155R, Built Aug 10 2023 09:42:17, @

Modified Files: 200
FID:  path (prevtimestamp, timestamp)
326      C:\work\S127M\PCBNo_10089\SP0565_rev00_00\SP0565\reveal_workspace\tmpreveal\ad5270_5271_ctrl_uniq_0.vhd (2026-04-09 18:05:12, 2026-04-09 18:24:24)
327      C:\work\S127M\PCBNo_10089\SP0565_rev00_00\SP0565\reveal_workspace\tmpreveal\ad_ctrl_uniq_0.vhd (2026-04-09 18:05:12, 2026-04-09 18:24:24)
328      C:\work\S127M\PCBNo_10089\SP0565_rev00_00\SP0565\reveal_workspace\tmpreveal\adc_reg_uniq_0.vhd (2026-04-09 18:05:12, 2026-04-09 18:24:24)
329      C:\work\S127M\PCBNo_10089\SP0565_rev00_00\SP0565\reveal_workspace\tmpreveal\adclk_gen_uniq_0.vhd (2026-04-09 18:05:12, 2026-04-09 18:24:24)
330      C:\work\S127M\PCBNo_10089\SP0565_rev00_00\SP0565\reveal_workspace\tmpreveal\adif_seq_uniq_0.vhd (2026-04-09 18:05:12, 2026-04-09 18:24:24)
331      C:\work\S127M\PCBNo_10089\SP0565_rev00_00\SP0565\reveal_workspace\tmpreveal\adr_sel_uniq_0.vhd (2026-04-09 18:05:12, 2026-04-09 18:24:24)
332      C:\work\S127M\PCBNo_10089\SP0565_rev00_00\SP0565\reveal_workspace\tmpreveal\cds_uniq_0.vhd (2026-04-09 18:05:12, 2026-04-09 18:24:24)
333      C:\work\S127M\PCBNo_10089\SP0565_rev00_00\SP0565\reveal_workspace\tmpreveal\clk_gen_s124m_uniq_0.vhd (2026-04-09 18:05:12, 2026-04-09 18:24:24)
334      C:\work\S127M\PCBNo_10089\SP0565_rev00_00\SP0565\reveal_workspace\tmpreveal\crc_check_uniq_0.vhd (2026-04-09 18:05:12, 2026-04-09 18:24:24)
335      C:\work\S127M\PCBNo_10089\SP0565_rev00_00\SP0565\reveal_workspace\tmpreveal\crc_gen_uniq_0.vhd (2026-04-09 18:05:12, 2026-04-09 18:24:24)
336      C:\work\S127M\PCBNo_10089\SP0565_rev00_00\SP0565\reveal_workspace\tmpreveal\dac081s101_top_uniq_0.vhd (2026-04-09 18:05:12, 2026-04-09 18:24:24)
337      C:\work\S127M\PCBNo_10089\SP0565_rev00_00\SP0565\reveal_workspace\tmpreveal\dcfifo_rx_b1_uniq_0.vhd (2026-04-09 18:05:12, 2026-04-09 18:24:24)
338      C:\work\S127M\PCBNo_10089\SP0565_rev00_00\SP0565\reveal_workspace\tmpreveal\dcfifo_rx_b2_uniq_0.vhd (2026-04-09 18:05:12, 2026-04-09 18:24:24)
339      C:\work\S127M\PCBNo_10089\SP0565_rev00_00\SP0565\reveal_workspace\tmpreveal\dcfifo_tx_b1_uniq_0.vhd (2026-04-09 18:05:12, 2026-04-09 18:24:24)
340      C:\work\S127M\PCBNo_10089\SP0565_rev00_00\SP0565\reveal_workspace\tmpreveal\dcfifo_tx_b2_uniq_0.vhd (2026-04-09 18:05:12, 2026-04-09 18:24:24)
341      C:\work\S127M\PCBNo_10089\SP0565_rev00_00\SP0565\reveal_workspace\tmpreveal\dec4b_3b_uniq_0.vhd (2026-04-09 18:05:12, 2026-04-09 18:24:24)
342      C:\work\S127M\PCBNo_10089\SP0565_rev00_00\SP0565\reveal_workspace\tmpreveal\dec6b_5b_uniq_0.vhd (2026-04-09 18:05:12, 2026-04-09 18:24:24)
343      C:\work\S127M\PCBNo_10089\SP0565_rev00_00\SP0565\reveal_workspace\tmpreveal\dec8b10b_new_uniq_0.vhd (2026-04-09 18:05:12, 2026-04-09 18:24:24)
344      C:\work\S127M\PCBNo_10089\SP0565_rev00_00\SP0565\reveal_workspace\tmpreveal\dec8b10b_wrapper_uniq_0.vhd (2026-04-09 18:05:12, 2026-04-09 18:24:24)
345      C:\work\S127M\PCBNo_10089\SP0565_rev00_00\SP0565\reveal_workspace\tmpreveal\enc3b_4b_uniq_0.vhd (2026-04-09 18:05:12, 2026-04-09 18:24:24)
346      C:\work\S127M\PCBNo_10089\SP0565_rev00_00\SP0565\reveal_workspace\tmpreveal\enc5b_6b_uniq_0.vhd (2026-04-09 18:05:12, 2026-04-09 18:24:24)
347      C:\work\S127M\PCBNo_10089\SP0565_rev00_00\SP0565\reveal_workspace\tmpreveal\enc8b10b_new_uniq_0.vhd (2026-04-09 18:05:12, 2026-04-09 18:24:24)
348      C:\work\S127M\PCBNo_10089\SP0565_rev00_00\SP0565\reveal_workspace\tmpreveal\enc8b10b_wrapper_uniq_0.vhd (2026-04-09 18:05:12, 2026-04-09 18:24:24)
349      C:\work\S127M\PCBNo_10089\SP0565_rev00_00\SP0565\reveal_workspace\tmpreveal\enc8b_10b_uniq_0.vhd (2026-04-09 18:05:12, 2026-04-09 18:24:24)
350      C:\work\S127M\PCBNo_10089\SP0565_rev00_00\SP0565\reveal_workspace\tmpreveal\enc_func_top_uniq_0.vhd (2026-04-09 18:05:12, 2026-04-09 18:24:24)
351      C:\work\S127M\PCBNo_10089\SP0565_rev00_00\SP0565\reveal_workspace\tmpreveal\enc_lmt_uniq_0.vhd (2026-04-09 18:05:12, 2026-04-09 18:24:24)
352      C:\work\S127M\PCBNo_10089\SP0565_rev00_00\SP0565\reveal_workspace\tmpreveal\enc_top_uniq_0.vhd (2026-04-09 18:05:12, 2026-04-09 18:24:24)
353      C:\work\S127M\PCBNo_10089\SP0565_rev00_00\SP0565\reveal_workspace\tmpreveal\encoder_2bit_uniq_0.vhd (2026-04-09 18:05:12, 2026-04-09 18:24:24)
354      C:\work\S127M\PCBNo_10089\SP0565_rev00_00\SP0565\reveal_workspace\tmpreveal\fc_dec_uniq_0.vhd (2026-04-09 18:05:12, 2026-04-09 18:24:24)
355      C:\work\S127M\PCBNo_10089\SP0565_rev00_00\SP0565\reveal_workspace\tmpreveal\fc_dec_uniq_1.vhd (2026-04-09 18:05:12, 2026-04-09 18:24:24)
356      C:\work\S127M\PCBNo_10089\SP0565_rev00_00\SP0565\reveal_workspace\tmpreveal\fc_dec_uniq_2.vhd (2026-04-09 18:05:12, 2026-04-09 18:24:25)
357      C:\work\S127M\PCBNo_10089\SP0565_rev00_00\SP0565\reveal_workspace\tmpreveal\fc_dec_uniq_3.vhd (2026-04-09 18:05:13, 2026-04-09 18:24:25)
358      C:\work\S127M\PCBNo_10089\SP0565_rev00_00\SP0565\reveal_workspace\tmpreveal\fc_sel_uniq_0.vhd (2026-04-09 18:05:12, 2026-04-09 18:24:24)
359      C:\work\S127M\PCBNo_10089\SP0565_rev00_00\SP0565\reveal_workspace\tmpreveal\fc_sel_uniq_1.vhd (2026-04-09 18:05:12, 2026-04-09 18:24:24)
360      C:\work\S127M\PCBNo_10089\SP0565_rev00_00\SP0565\reveal_workspace\tmpreveal\fc_sel_uniq_2.vhd (2026-04-09 18:05:12, 2026-04-09 18:24:25)
361      C:\work\S127M\PCBNo_10089\SP0565_rev00_00\SP0565\reveal_workspace\tmpreveal\fc_sel_uniq_3.vhd (2026-04-09 18:05:13, 2026-04-09 18:24:25)
362      C:\work\S127M\PCBNo_10089\SP0565_rev00_00\SP0565\reveal_workspace\tmpreveal\gpio_id_uniq_0.vhd (2026-04-09 18:05:12, 2026-04-09 18:24:24)
363      C:\work\S127M\PCBNo_10089\SP0565_rev00_00\SP0565\reveal_workspace\tmpreveal\gpio_ip_reg_uniq_0.vhd (2026-04-09 18:05:12, 2026-04-09 18:24:24)
364      C:\work\S127M\PCBNo_10089\SP0565_rev00_00\SP0565\reveal_workspace\tmpreveal\gpio_ip_reg_uniq_1.vhd (2026-04-09 18:05:12, 2026-04-09 18:24:24)
365      C:\work\S127M\PCBNo_10089\SP0565_rev00_00\SP0565\reveal_workspace\tmpreveal\gpio_ip_reg_uniq_10.vhd (2026-04-09 18:05:12, 2026-04-09 18:24:25)
366      C:\work\S127M\PCBNo_10089\SP0565_rev00_00\SP0565\reveal_workspace\tmpreveal\gpio_ip_reg_uniq_11.vhd (2026-04-09 18:05:12, 2026-04-09 18:24:25)
367      C:\work\S127M\PCBNo_10089\SP0565_rev00_00\SP0565\reveal_workspace\tmpreveal\gpio_ip_reg_uniq_12.vhd (2026-04-09 18:05:12, 2026-04-09 18:24:25)
368      C:\work\S127M\PCBNo_10089\SP0565_rev00_00\SP0565\reveal_workspace\tmpreveal\gpio_ip_reg_uniq_13.vhd (2026-04-09 18:05:12, 2026-04-09 18:24:25)
369      C:\work\S127M\PCBNo_10089\SP0565_rev00_00\SP0565\reveal_workspace\tmpreveal\gpio_ip_reg_uniq_14.vhd (2026-04-09 18:05:12, 2026-04-09 18:24:25)
370      C:\work\S127M\PCBNo_10089\SP0565_rev00_00\SP0565\reveal_workspace\tmpreveal\gpio_ip_reg_uniq_15.vhd (2026-04-09 18:05:12, 2026-04-09 18:24:25)
371      C:\work\S127M\PCBNo_10089\SP0565_rev00_00\SP0565\reveal_workspace\tmpreveal\gpio_ip_reg_uniq_16.vhd (2026-04-09 18:05:12, 2026-04-09 18:24:25)
372      C:\work\S127M\PCBNo_10089\SP0565_rev00_00\SP0565\reveal_workspace\tmpreveal\gpio_ip_reg_uniq_17.vhd (2026-04-09 18:05:12, 2026-04-09 18:24:25)
373      C:\work\S127M\PCBNo_10089\SP0565_rev00_00\SP0565\reveal_workspace\tmpreveal\gpio_ip_reg_uniq_18.vhd (2026-04-09 18:05:12, 2026-04-09 18:24:25)
374      C:\work\S127M\PCBNo_10089\SP0565_rev00_00\SP0565\reveal_workspace\tmpreveal\gpio_ip_reg_uniq_19.vhd (2026-04-09 18:05:12, 2026-04-09 18:24:25)
375      C:\work\S127M\PCBNo_10089\SP0565_rev00_00\SP0565\reveal_workspace\tmpreveal\gpio_ip_reg_uniq_2.vhd (2026-04-09 18:05:12, 2026-04-09 18:24:24)
376      C:\work\S127M\PCBNo_10089\SP0565_rev00_00\SP0565\reveal_workspace\tmpreveal\gpio_ip_reg_uniq_20.vhd (2026-04-09 18:05:12, 2026-04-09 18:24:25)
377      C:\work\S127M\PCBNo_10089\SP0565_rev00_00\SP0565\reveal_workspace\tmpreveal\gpio_ip_reg_uniq_21.vhd (2026-04-09 18:05:12, 2026-04-09 18:24:25)
378      C:\work\S127M\PCBNo_10089\SP0565_rev00_00\SP0565\reveal_workspace\tmpreveal\gpio_ip_reg_uniq_22.vhd (2026-04-09 18:05:12, 2026-04-09 18:24:25)
379      C:\work\S127M\PCBNo_10089\SP0565_rev00_00\SP0565\reveal_workspace\tmpreveal\gpio_ip_reg_uniq_23.vhd (2026-04-09 18:05:12, 2026-04-09 18:24:25)
380      C:\work\S127M\PCBNo_10089\SP0565_rev00_00\SP0565\reveal_workspace\tmpreveal\gpio_ip_reg_uniq_24.vhd (2026-04-09 18:05:12, 2026-04-09 18:24:25)
381      C:\work\S127M\PCBNo_10089\SP0565_rev00_00\SP0565\reveal_workspace\tmpreveal\gpio_ip_reg_uniq_25.vhd (2026-04-09 18:05:12, 2026-04-09 18:24:25)
382      C:\work\S127M\PCBNo_10089\SP0565_rev00_00\SP0565\reveal_workspace\tmpreveal\gpio_ip_reg_uniq_26.vhd (2026-04-09 18:05:12, 2026-04-09 18:24:25)
383      C:\work\S127M\PCBNo_10089\SP0565_rev00_00\SP0565\reveal_workspace\tmpreveal\gpio_ip_reg_uniq_27.vhd (2026-04-09 18:05:12, 2026-04-09 18:24:25)
384      C:\work\S127M\PCBNo_10089\SP0565_rev00_00\SP0565\reveal_workspace\tmpreveal\gpio_ip_reg_uniq_28.vhd (2026-04-09 18:05:12, 2026-04-09 18:24:25)
385      C:\work\S127M\PCBNo_10089\SP0565_rev00_00\SP0565\reveal_workspace\tmpreveal\gpio_ip_reg_uniq_29.vhd (2026-04-09 18:05:12, 2026-04-09 18:24:25)
386      C:\work\S127M\PCBNo_10089\SP0565_rev00_00\SP0565\reveal_workspace\tmpreveal\gpio_ip_reg_uniq_3.vhd (2026-04-09 18:05:12, 2026-04-09 18:24:24)
387      C:\work\S127M\PCBNo_10089\SP0565_rev00_00\SP0565\reveal_workspace\tmpreveal\gpio_ip_reg_uniq_30.vhd (2026-04-09 18:05:12, 2026-04-09 18:24:25)
388      C:\work\S127M\PCBNo_10089\SP0565_rev00_00\SP0565\reveal_workspace\tmpreveal\gpio_ip_reg_uniq_31.vhd (2026-04-09 18:05:12, 2026-04-09 18:24:25)
389      C:\work\S127M\PCBNo_10089\SP0565_rev00_00\SP0565\reveal_workspace\tmpreveal\gpio_ip_reg_uniq_4.vhd (2026-04-09 18:05:12, 2026-04-09 18:24:24)
390      C:\work\S127M\PCBNo_10089\SP0565_rev00_00\SP0565\reveal_workspace\tmpreveal\gpio_ip_reg_uniq_5.vhd (2026-04-09 18:05:12, 2026-04-09 18:24:24)
391      C:\work\S127M\PCBNo_10089\SP0565_rev00_00\SP0565\reveal_workspace\tmpreveal\gpio_ip_reg_uniq_6.vhd (2026-04-09 18:05:12, 2026-04-09 18:24:24)
392      C:\work\S127M\PCBNo_10089\SP0565_rev00_00\SP0565\reveal_workspace\tmpreveal\gpio_ip_reg_uniq_7.vhd (2026-04-09 18:05:12, 2026-04-09 18:24:24)
393      C:\work\S127M\PCBNo_10089\SP0565_rev00_00\SP0565\reveal_workspace\tmpreveal\gpio_ip_reg_uniq_8.vhd (2026-04-09 18:05:12, 2026-04-09 18:24:24)
394      C:\work\S127M\PCBNo_10089\SP0565_rev00_00\SP0565\reveal_workspace\tmpreveal\gpio_ip_reg_uniq_9.vhd (2026-04-09 18:05:12, 2026-04-09 18:24:24)
395      C:\work\S127M\PCBNo_10089\SP0565_rev00_00\SP0565\reveal_workspace\tmpreveal\gpio_op_reg_uniq_0.vhd (2026-04-09 18:05:12, 2026-04-09 18:24:24)
396      C:\work\S127M\PCBNo_10089\SP0565_rev00_00\SP0565\reveal_workspace\tmpreveal\gpio_op_reg_uniq_1.vhd (2026-04-09 18:05:12, 2026-04-09 18:24:24)
397      C:\work\S127M\PCBNo_10089\SP0565_rev00_00\SP0565\reveal_workspace\tmpreveal\gpio_op_reg_uniq_10.vhd (2026-04-09 18:05:12, 2026-04-09 18:24:25)
398      C:\work\S127M\PCBNo_10089\SP0565_rev00_00\SP0565\reveal_workspace\tmpreveal\gpio_op_reg_uniq_11.vhd (2026-04-09 18:05:12, 2026-04-09 18:24:25)
399      C:\work\S127M\PCBNo_10089\SP0565_rev00_00\SP0565\reveal_workspace\tmpreveal\gpio_op_reg_uniq_12.vhd (2026-04-09 18:05:12, 2026-04-09 18:24:25)
400      C:\work\S127M\PCBNo_10089\SP0565_rev00_00\SP0565\reveal_workspace\tmpreveal\gpio_op_reg_uniq_13.vhd (2026-04-09 18:05:12, 2026-04-09 18:24:25)
401      C:\work\S127M\PCBNo_10089\SP0565_rev00_00\SP0565\reveal_workspace\tmpreveal\gpio_op_reg_uniq_14.vhd (2026-04-09 18:05:12, 2026-04-09 18:24:25)
402      C:\work\S127M\PCBNo_10089\SP0565_rev00_00\SP0565\reveal_workspace\tmpreveal\gpio_op_reg_uniq_15.vhd (2026-04-09 18:05:12, 2026-04-09 18:24:25)
403      C:\work\S127M\PCBNo_10089\SP0565_rev00_00\SP0565\reveal_workspace\tmpreveal\gpio_op_reg_uniq_16.vhd (2026-04-09 18:05:12, 2026-04-09 18:24:25)
404      C:\work\S127M\PCBNo_10089\SP0565_rev00_00\SP0565\reveal_workspace\tmpreveal\gpio_op_reg_uniq_17.vhd (2026-04-09 18:05:12, 2026-04-09 18:24:25)
405      C:\work\S127M\PCBNo_10089\SP0565_rev00_00\SP0565\reveal_workspace\tmpreveal\gpio_op_reg_uniq_18.vhd (2026-04-09 18:05:12, 2026-04-09 18:24:25)
406      C:\work\S127M\PCBNo_10089\SP0565_rev00_00\SP0565\reveal_workspace\tmpreveal\gpio_op_reg_uniq_19.vhd (2026-04-09 18:05:12, 2026-04-09 18:24:25)
407      C:\work\S127M\PCBNo_10089\SP0565_rev00_00\SP0565\reveal_workspace\tmpreveal\gpio_op_reg_uniq_2.vhd (2026-04-09 18:05:12, 2026-04-09 18:24:24)
408      C:\work\S127M\PCBNo_10089\SP0565_rev00_00\SP0565\reveal_workspace\tmpreveal\gpio_op_reg_uniq_20.vhd (2026-04-09 18:05:12, 2026-04-09 18:24:25)
409      C:\work\S127M\PCBNo_10089\SP0565_rev00_00\SP0565\reveal_workspace\tmpreveal\gpio_op_reg_uniq_21.vhd (2026-04-09 18:05:12, 2026-04-09 18:24:25)
410      C:\work\S127M\PCBNo_10089\SP0565_rev00_00\SP0565\reveal_workspace\tmpreveal\gpio_op_reg_uniq_22.vhd (2026-04-09 18:05:12, 2026-04-09 18:24:25)
411      C:\work\S127M\PCBNo_10089\SP0565_rev00_00\SP0565\reveal_workspace\tmpreveal\gpio_op_reg_uniq_23.vhd (2026-04-09 18:05:12, 2026-04-09 18:24:25)
412      C:\work\S127M\PCBNo_10089\SP0565_rev00_00\SP0565\reveal_workspace\tmpreveal\gpio_op_reg_uniq_24.vhd (2026-04-09 18:05:12, 2026-04-09 18:24:25)
413      C:\work\S127M\PCBNo_10089\SP0565_rev00_00\SP0565\reveal_workspace\tmpreveal\gpio_op_reg_uniq_25.vhd (2026-04-09 18:05:12, 2026-04-09 18:24:25)
414      C:\work\S127M\PCBNo_10089\SP0565_rev00_00\SP0565\reveal_workspace\tmpreveal\gpio_op_reg_uniq_26.vhd (2026-04-09 18:05:12, 2026-04-09 18:24:25)
415      C:\work\S127M\PCBNo_10089\SP0565_rev00_00\SP0565\reveal_workspace\tmpreveal\gpio_op_reg_uniq_27.vhd (2026-04-09 18:05:12, 2026-04-09 18:24:25)
416      C:\work\S127M\PCBNo_10089\SP0565_rev00_00\SP0565\reveal_workspace\tmpreveal\gpio_op_reg_uniq_28.vhd (2026-04-09 18:05:12, 2026-04-09 18:24:25)
417      C:\work\S127M\PCBNo_10089\SP0565_rev00_00\SP0565\reveal_workspace\tmpreveal\gpio_op_reg_uniq_29.vhd (2026-04-09 18:05:12, 2026-04-09 18:24:25)
418      C:\work\S127M\PCBNo_10089\SP0565_rev00_00\SP0565\reveal_workspace\tmpreveal\gpio_op_reg_uniq_3.vhd (2026-04-09 18:05:12, 2026-04-09 18:24:24)
419      C:\work\S127M\PCBNo_10089\SP0565_rev00_00\SP0565\reveal_workspace\tmpreveal\gpio_op_reg_uniq_30.vhd (2026-04-09 18:05:12, 2026-04-09 18:24:25)
420      C:\work\S127M\PCBNo_10089\SP0565_rev00_00\SP0565\reveal_workspace\tmpreveal\gpio_op_reg_uniq_31.vhd (2026-04-09 18:05:12, 2026-04-09 18:24:25)
421      C:\work\S127M\PCBNo_10089\SP0565_rev00_00\SP0565\reveal_workspace\tmpreveal\gpio_op_reg_uniq_4.vhd (2026-04-09 18:05:12, 2026-04-09 18:24:24)
422      C:\work\S127M\PCBNo_10089\SP0565_rev00_00\SP0565\reveal_workspace\tmpreveal\gpio_op_reg_uniq_5.vhd (2026-04-09 18:05:12, 2026-04-09 18:24:24)
423      C:\work\S127M\PCBNo_10089\SP0565_rev00_00\SP0565\reveal_workspace\tmpreveal\gpio_op_reg_uniq_6.vhd (2026-04-09 18:05:12, 2026-04-09 18:24:24)
424      C:\work\S127M\PCBNo_10089\SP0565_rev00_00\SP0565\reveal_workspace\tmpreveal\gpio_op_reg_uniq_7.vhd (2026-04-09 18:05:12, 2026-04-09 18:24:24)
425      C:\work\S127M\PCBNo_10089\SP0565_rev00_00\SP0565\reveal_workspace\tmpreveal\gpio_op_reg_uniq_8.vhd (2026-04-09 18:05:12, 2026-04-09 18:24:24)
426      C:\work\S127M\PCBNo_10089\SP0565_rev00_00\SP0565\reveal_workspace\tmpreveal\gpio_op_reg_uniq_9.vhd (2026-04-09 18:05:12, 2026-04-09 18:24:24)
427      C:\work\S127M\PCBNo_10089\SP0565_rev00_00\SP0565\reveal_workspace\tmpreveal\gpio_reg_uniq_0.vhd (2026-04-09 18:05:12, 2026-04-09 18:24:24)
428      C:\work\S127M\PCBNo_10089\SP0565_rev00_00\SP0565\reveal_workspace\tmpreveal\gpio_top_uniq_0.vhd (2026-04-09 18:05:12, 2026-04-09 18:24:24)
429      C:\work\S127M\PCBNo_10089\SP0565_rev00_00\SP0565\reveal_workspace\tmpreveal\linear_signal_ctrl_uniq_0.vhd (2026-04-09 18:05:12, 2026-04-09 18:24:24)
430      C:\work\S127M\PCBNo_10089\SP0565_rev00_00\SP0565\reveal_workspace\tmpreveal\log_ca_dac_ctrl_uniq_0.vhd (2026-04-09 18:05:12, 2026-04-09 18:24:24)
431      C:\work\S127M\PCBNo_10089\SP0565_rev00_00\SP0565\reveal_workspace\tmpreveal\log_ca_dacclk_gen_uniq_0.vhd (2026-04-09 18:05:12, 2026-04-09 18:24:24)
432      C:\work\S127M\PCBNo_10089\SP0565_rev00_00\SP0565\reveal_workspace\tmpreveal\log_ca_dacif_seq_uniq_0.vhd (2026-04-09 18:05:12, 2026-04-09 18:24:24)
433      C:\work\S127M\PCBNo_10089\SP0565_rev00_00\SP0565\reveal_workspace\tmpreveal\nd_sel_uniq_0.vhd (2026-04-09 18:05:12, 2026-04-09 18:24:24)
434      C:\work\S127M\PCBNo_10089\SP0565_rev00_00\SP0565\reveal_workspace\tmpreveal\node_sel_uniq_0.vhd (2026-04-09 18:05:12, 2026-04-09 18:24:24)
435      C:\work\S127M\PCBNo_10089\SP0565_rev00_00\SP0565\reveal_workspace\tmpreveal\pll_gen_uniq_0.vhd (2026-04-09 18:05:12, 2026-04-09 18:24:24)
436      C:\work\S127M\PCBNo_10089\SP0565_rev00_00\SP0565\reveal_workspace\tmpreveal\ppmc_acc_tim_gen_uniq_0.vhd (2026-04-09 18:05:12, 2026-04-09 18:24:24)
437      C:\work\S127M\PCBNo_10089\SP0565_rev00_00\SP0565\reveal_workspace\tmpreveal\ppmc_cmdchk_uniq_0.vhd (2026-04-09 18:05:12, 2026-04-09 18:24:24)
438      C:\work\S127M\PCBNo_10089\SP0565_rev00_00\SP0565\reveal_workspace\tmpreveal\ppmc_ctrl_uniq_0.vhd (2026-04-09 18:05:12, 2026-04-09 18:24:24)
439      C:\work\S127M\PCBNo_10089\SP0565_rev00_00\SP0565\reveal_workspace\tmpreveal\ppmc_dec_uniq_0.vhd (2026-04-09 18:05:12, 2026-04-09 18:24:24)
440      C:\work\S127M\PCBNo_10089\SP0565_rev00_00\SP0565\reveal_workspace\tmpreveal\ppmc_enblr_s118m_uniq_0.vhd (2026-04-09 18:05:12, 2026-04-09 18:24:24)
441      C:\work\S127M\PCBNo_10089\SP0565_rev00_00\SP0565\reveal_workspace\tmpreveal\ppmc_id_uniq_0.vhd (2026-04-09 18:05:12, 2026-04-09 18:24:24)
442      C:\work\S127M\PCBNo_10089\SP0565_rev00_00\SP0565\reveal_workspace\tmpreveal\ppmc_phgen_uniq_0.vhd (2026-04-09 18:05:12, 2026-04-09 18:24:24)
443      C:\work\S127M\PCBNo_10089\SP0565_rev00_00\SP0565\reveal_workspace\tmpreveal\ppmc_pls_cnt_uniq_0.vhd (2026-04-09 18:05:12, 2026-04-09 18:24:24)
444      C:\work\S127M\PCBNo_10089\SP0565_rev00_00\SP0565\reveal_workspace\tmpreveal\ppmc_plsgen_uniq_0.vhd (2026-04-09 18:05:12, 2026-04-09 18:24:24)
445      C:\work\S127M\PCBNo_10089\SP0565_rev00_00\SP0565\reveal_workspace\tmpreveal\ppmc_reg_s118m_uniq_0.vhd (2026-04-09 18:05:12, 2026-04-09 18:24:24)
446      C:\work\S127M\PCBNo_10089\SP0565_rev00_00\SP0565\reveal_workspace\tmpreveal\ppmc_rgstr_uniq_0.vhd (2026-04-09 18:05:12, 2026-04-09 18:24:24)
447      C:\work\S127M\PCBNo_10089\SP0565_rev00_00\SP0565\reveal_workspace\tmpreveal\ppmc_speed_cnt_uniq_0.vhd (2026-04-09 18:05:12, 2026-04-09 18:24:24)
448      C:\work\S127M\PCBNo_10089\SP0565_rev00_00\SP0565\reveal_workspace\tmpreveal\ppmc_timer_cnt_uniq_0.vhd (2026-04-09 18:05:12, 2026-04-09 18:24:24)
449      C:\work\S127M\PCBNo_10089\SP0565_rev00_00\SP0565\reveal_workspace\tmpreveal\ppmc_top_s118m_uniq_0.vhd (2026-04-09 18:05:12, 2026-04-09 18:24:24)
450      C:\work\S127M\PCBNo_10089\SP0565_rev00_00\SP0565\reveal_workspace\tmpreveal\ppmc_u_step_ext_uniq_0.vhd (2026-04-09 18:05:12, 2026-04-09 18:24:24)
451      C:\work\S127M\PCBNo_10089\SP0565_rev00_00\SP0565\reveal_workspace\tmpreveal\pulse_sens_uniq_0.vhd (2026-04-09 18:05:12, 2026-04-09 18:24:24)
452      C:\work\S127M\PCBNo_10089\SP0565_rev00_00\SP0565\reveal_workspace\tmpreveal\reveal_coretop.vhd (2026-04-09 18:05:12, 2026-04-09 18:24:24)
453      C:\work\S127M\PCBNo_10089\SP0565_rev00_00\SP0565\reveal_workspace\tmpreveal\ring_counter_uniq_0.vhd (2026-04-09 18:05:12, 2026-04-09 18:24:24)
454      C:\work\S127M\PCBNo_10089\SP0565_rev00_00\SP0565\reveal_workspace\tmpreveal\rst_cnt_uniq_0.vhd (2026-04-09 18:05:12, 2026-04-09 18:24:24)
455      C:\work\S127M\PCBNo_10089\SP0565_rev00_00\SP0565\reveal_workspace\tmpreveal\rx_com_uniq_0.vhd (2026-04-09 18:05:12, 2026-04-09 18:24:24)
456      C:\work\S127M\PCBNo_10089\SP0565_rev00_00\SP0565\reveal_workspace\tmpreveal\rx_cont_b1_uniq_0.vhd (2026-04-09 18:05:12, 2026-04-09 18:24:24)
457      C:\work\S127M\PCBNo_10089\SP0565_rev00_00\SP0565\reveal_workspace\tmpreveal\rx_cont_b2_uniq_0.vhd (2026-04-09 18:05:12, 2026-04-09 18:24:24)
458      C:\work\S127M\PCBNo_10089\SP0565_rev00_00\SP0565\reveal_workspace\tmpreveal\rx_ctl_1st_uniq_0.vhd (2026-04-09 18:05:12, 2026-04-09 18:24:24)
459      C:\work\S127M\PCBNo_10089\SP0565_rev00_00\SP0565\reveal_workspace\tmpreveal\rx_ctl_3rd_uniq_0.vhd (2026-04-09 18:05:12, 2026-04-09 18:24:24)
460      C:\work\S127M\PCBNo_10089\SP0565_rev00_00\SP0565\reveal_workspace\tmpreveal\shiftreg12bit_uniq_0.vhd (2026-04-09 18:05:12, 2026-04-09 18:24:24)
461      C:\work\S127M\PCBNo_10089\SP0565_rev00_00\SP0565\reveal_workspace\tmpreveal\slaveid_id_uniq_0.vhd (2026-04-09 18:05:13, 2026-04-09 18:24:25)
462      C:\work\S127M\PCBNo_10089\SP0565_rev00_00\SP0565\reveal_workspace\tmpreveal\slaveid_top_uniq_0.vhd (2026-04-09 18:05:13, 2026-04-09 18:24:25)
463      C:\work\S127M\PCBNo_10089\SP0565_rev00_00\SP0565\reveal_workspace\tmpreveal\slv_clk_gen_uniq_0.vhd (2026-04-09 18:05:12, 2026-04-09 18:24:24)
464      C:\work\S127M\PCBNo_10089\SP0565_rev00_00\SP0565\reveal_workspace\tmpreveal\slv_com_top_uniq_0.vhd (2026-04-09 18:05:12, 2026-04-09 18:24:24)
465      C:\work\S127M\PCBNo_10089\SP0565_rev00_00\SP0565\reveal_workspace\tmpreveal\slv_ctrl_top_uniq_0.vhd (2026-04-09 18:05:12, 2026-04-09 18:24:24)
466      C:\work\S127M\PCBNo_10089\SP0565_rev00_00\SP0565\reveal_workspace\tmpreveal\slv_rx_ctrl_uniq_0.vhd (2026-04-09 18:05:12, 2026-04-09 18:24:24)
467      C:\work\S127M\PCBNo_10089\SP0565_rev00_00\SP0565\reveal_workspace\tmpreveal\slv_tx_ctrl_uniq_0.vhd (2026-04-09 18:05:12, 2026-04-09 18:24:24)
468      C:\work\S127M\PCBNo_10089\SP0565_rev00_00\SP0565\reveal_workspace\tmpreveal\slvadr_cnv_uniq_0.vhd (2026-04-09 18:05:12, 2026-04-09 18:24:24)
469      C:\work\S127M\PCBNo_10089\SP0565_rev00_00\SP0565\reveal_workspace\tmpreveal\sp0565.vhd (2026-04-09 18:05:12, 2026-04-09 18:24:24)
470      C:\work\S127M\PCBNo_10089\SP0565_rev00_00\SP0565\reveal_workspace\tmpreveal\sp0565_la0_gen.v (2026-04-09 18:05:11, 2026-04-09 18:24:23)
471      C:\work\S127M\PCBNo_10089\SP0565_rev00_00\SP0565\reveal_workspace\tmpreveal\sp0565_la0_trig_gen.v (2026-04-09 18:05:11, 2026-04-09 18:24:23)
472      C:\work\S127M\PCBNo_10089\SP0565_rev00_00\SP0565\reveal_workspace\tmpreveal\temp_ajst_reg_uniq_0.vhd (2026-04-09 18:05:12, 2026-04-09 18:24:25)
473      C:\work\S127M\PCBNo_10089\SP0565_rev00_00\SP0565\reveal_workspace\tmpreveal\temp_ctrl_uniq_0.vhd (2026-04-09 18:05:12, 2026-04-09 18:24:25)
474      C:\work\S127M\PCBNo_10089\SP0565_rev00_00\SP0565\reveal_workspace\tmpreveal\temp_ctst_reg_uniq_0.vhd (2026-04-09 18:05:12, 2026-04-09 18:24:25)
475      C:\work\S127M\PCBNo_10089\SP0565_rev00_00\SP0565\reveal_workspace\tmpreveal\temp_cut_ref_reg_uniq_0.vhd (2026-04-09 18:05:12, 2026-04-09 18:24:25)
476      C:\work\S127M\PCBNo_10089\SP0565_rev00_00\SP0565\reveal_workspace\tmpreveal\temp_dec_uniq_0.vhd (2026-04-09 18:05:12, 2026-04-09 18:24:25)
477      C:\work\S127M\PCBNo_10089\SP0565_rev00_00\SP0565\reveal_workspace\tmpreveal\temp_dly_2term_uniq_0.vhd (2026-04-09 18:05:12, 2026-04-09 18:24:25)
478      C:\work\S127M\PCBNo_10089\SP0565_rev00_00\SP0565\reveal_workspace\tmpreveal\temp_dly_2term_uniq_1.vhd (2026-04-09 18:05:12, 2026-04-09 18:24:25)
479      C:\work\S127M\PCBNo_10089\SP0565_rev00_00\SP0565\reveal_workspace\tmpreveal\temp_dly_2term_uniq_10.vhd (2026-04-09 18:05:13, 2026-04-09 18:24:25)
480      C:\work\S127M\PCBNo_10089\SP0565_rev00_00\SP0565\reveal_workspace\tmpreveal\temp_dly_2term_uniq_11.vhd (2026-04-09 18:05:13, 2026-04-09 18:24:25)
481      C:\work\S127M\PCBNo_10089\SP0565_rev00_00\SP0565\reveal_workspace\tmpreveal\temp_dly_2term_uniq_2.vhd (2026-04-09 18:05:12, 2026-04-09 18:24:25)
482      C:\work\S127M\PCBNo_10089\SP0565_rev00_00\SP0565\reveal_workspace\tmpreveal\temp_dly_2term_uniq_3.vhd (2026-04-09 18:05:13, 2026-04-09 18:24:25)
483      C:\work\S127M\PCBNo_10089\SP0565_rev00_00\SP0565\reveal_workspace\tmpreveal\temp_dly_2term_uniq_4.vhd (2026-04-09 18:05:13, 2026-04-09 18:24:25)
484      C:\work\S127M\PCBNo_10089\SP0565_rev00_00\SP0565\reveal_workspace\tmpreveal\temp_dly_2term_uniq_5.vhd (2026-04-09 18:05:13, 2026-04-09 18:24:25)
485      C:\work\S127M\PCBNo_10089\SP0565_rev00_00\SP0565\reveal_workspace\tmpreveal\temp_dly_2term_uniq_6.vhd (2026-04-09 18:05:13, 2026-04-09 18:24:25)
486      C:\work\S127M\PCBNo_10089\SP0565_rev00_00\SP0565\reveal_workspace\tmpreveal\temp_dly_2term_uniq_7.vhd (2026-04-09 18:05:13, 2026-04-09 18:24:25)
487      C:\work\S127M\PCBNo_10089\SP0565_rev00_00\SP0565\reveal_workspace\tmpreveal\temp_dly_2term_uniq_8.vhd (2026-04-09 18:05:13, 2026-04-09 18:24:25)
488      C:\work\S127M\PCBNo_10089\SP0565_rev00_00\SP0565\reveal_workspace\tmpreveal\temp_dly_2term_uniq_9.vhd (2026-04-09 18:05:13, 2026-04-09 18:24:25)
489      C:\work\S127M\PCBNo_10089\SP0565_rev00_00\SP0565\reveal_workspace\tmpreveal\temp_dlysel_uniq_0.vhd (2026-04-09 18:05:13, 2026-04-09 18:24:25)
490      C:\work\S127M\PCBNo_10089\SP0565_rev00_00\SP0565\reveal_workspace\tmpreveal\temp_dlysel_uniq_1.vhd (2026-04-09 18:05:13, 2026-04-09 18:24:25)
491      C:\work\S127M\PCBNo_10089\SP0565_rev00_00\SP0565\reveal_workspace\tmpreveal\temp_dlysel_uniq_2.vhd (2026-04-09 18:05:13, 2026-04-09 18:24:25)
492      C:\work\S127M\PCBNo_10089\SP0565_rev00_00\SP0565\reveal_workspace\tmpreveal\temp_dlysel_uniq_3.vhd (2026-04-09 18:05:13, 2026-04-09 18:24:25)
493      C:\work\S127M\PCBNo_10089\SP0565_rev00_00\SP0565\reveal_workspace\tmpreveal\temp_edge_dtct_uniq_0.vhd (2026-04-09 18:05:12, 2026-04-09 18:24:25)
494      C:\work\S127M\PCBNo_10089\SP0565_rev00_00\SP0565\reveal_workspace\tmpreveal\temp_idlm_reg_uniq_0.vhd (2026-04-09 18:05:12, 2026-04-09 18:24:25)
495      C:\work\S127M\PCBNo_10089\SP0565_rev00_00\SP0565\reveal_workspace\tmpreveal\temp_meas_reg_s127m_uniq_0.vhd (2026-04-09 18:05:12, 2026-04-09 18:24:25)
496      C:\work\S127M\PCBNo_10089\SP0565_rev00_00\SP0565\reveal_workspace\tmpreveal\temp_plsdrv_uniq_0.vhd (2026-04-09 18:05:13, 2026-04-09 18:24:25)
497      C:\work\S127M\PCBNo_10089\SP0565_rev00_00\SP0565\reveal_workspace\tmpreveal\temp_plsdrv_uniq_1.vhd (2026-04-09 18:05:13, 2026-04-09 18:24:25)
498      C:\work\S127M\PCBNo_10089\SP0565_rev00_00\SP0565\reveal_workspace\tmpreveal\temp_plsdrv_uniq_2.vhd (2026-04-09 18:05:13, 2026-04-09 18:24:25)
499      C:\work\S127M\PCBNo_10089\SP0565_rev00_00\SP0565\reveal_workspace\tmpreveal\temp_plsdrv_uniq_3.vhd (2026-04-09 18:05:13, 2026-04-09 18:24:25)
500      C:\work\S127M\PCBNo_10089\SP0565_rev00_00\SP0565\reveal_workspace\tmpreveal\temp_plsdrv_uniq_4.vhd (2026-04-09 18:05:13, 2026-04-09 18:24:25)
501      C:\work\S127M\PCBNo_10089\SP0565_rev00_00\SP0565\reveal_workspace\tmpreveal\temp_plsdrv_uniq_5.vhd (2026-04-09 18:05:13, 2026-04-09 18:24:25)
502      C:\work\S127M\PCBNo_10089\SP0565_rev00_00\SP0565\reveal_workspace\tmpreveal\temp_plsdrv_uniq_6.vhd (2026-04-09 18:05:13, 2026-04-09 18:24:25)
503      C:\work\S127M\PCBNo_10089\SP0565_rev00_00\SP0565\reveal_workspace\tmpreveal\temp_plsdrv_uniq_7.vhd (2026-04-09 18:05:13, 2026-04-09 18:24:25)
504      C:\work\S127M\PCBNo_10089\SP0565_rev00_00\SP0565\reveal_workspace\tmpreveal\temp_plsgen_uniq_0.vhd (2026-04-09 18:05:13, 2026-04-09 18:24:25)
505      C:\work\S127M\PCBNo_10089\SP0565_rev00_00\SP0565\reveal_workspace\tmpreveal\temp_plsmod_uniq_0.vhd (2026-04-09 18:05:12, 2026-04-09 18:24:25)
506      C:\work\S127M\PCBNo_10089\SP0565_rev00_00\SP0565\reveal_workspace\tmpreveal\temp_plsmod_uniq_1.vhd (2026-04-09 18:05:13, 2026-04-09 18:24:25)
507      C:\work\S127M\PCBNo_10089\SP0565_rev00_00\SP0565\reveal_workspace\tmpreveal\temp_plsmod_uniq_2.vhd (2026-04-09 18:05:13, 2026-04-09 18:24:25)
508      C:\work\S127M\PCBNo_10089\SP0565_rev00_00\SP0565\reveal_workspace\tmpreveal\temp_plsmod_uniq_3.vhd (2026-04-09 18:05:13, 2026-04-09 18:24:25)
509      C:\work\S127M\PCBNo_10089\SP0565_rev00_00\SP0565\reveal_workspace\tmpreveal\temp_plsnum_reg_uniq_0.vhd (2026-04-09 18:05:12, 2026-04-09 18:24:25)
510      C:\work\S127M\PCBNo_10089\SP0565_rev00_00\SP0565\reveal_workspace\tmpreveal\temp_plssel_uniq_0.vhd (2026-04-09 18:05:12, 2026-04-09 18:24:25)
511      C:\work\S127M\PCBNo_10089\SP0565_rev00_00\SP0565\reveal_workspace\tmpreveal\temp_plssel_uniq_1.vhd (2026-04-09 18:05:13, 2026-04-09 18:24:25)
512      C:\work\S127M\PCBNo_10089\SP0565_rev00_00\SP0565\reveal_workspace\tmpreveal\temp_plssel_uniq_2.vhd (2026-04-09 18:05:13, 2026-04-09 18:24:25)
513      C:\work\S127M\PCBNo_10089\SP0565_rev00_00\SP0565\reveal_workspace\tmpreveal\temp_plssel_uniq_3.vhd (2026-04-09 18:05:13, 2026-04-09 18:24:25)
514      C:\work\S127M\PCBNo_10089\SP0565_rev00_00\SP0565\reveal_workspace\tmpreveal\temp_prm_sel_uniq_0.vhd (2026-04-09 18:05:12, 2026-04-09 18:24:25)
515      C:\work\S127M\PCBNo_10089\SP0565_rev00_00\SP0565\reveal_workspace\tmpreveal\temp_ref_reg_uniq_0.vhd (2026-04-09 18:05:12, 2026-04-09 18:24:25)
516      C:\work\S127M\PCBNo_10089\SP0565_rev00_00\SP0565\reveal_workspace\tmpreveal\temp_rng_chk_uniq_0.vhd (2026-04-09 18:05:12, 2026-04-09 18:24:25)
517      C:\work\S127M\PCBNo_10089\SP0565_rev00_00\SP0565\reveal_workspace\tmpreveal\tmpctrl_4ch_id_uniq_0.vhd (2026-04-09 18:05:12, 2026-04-09 18:24:25)
518      C:\work\S127M\PCBNo_10089\SP0565_rev00_00\SP0565\reveal_workspace\tmpreveal\tmpctrl_4ch_reg_s127m_uniq_0.vhd (2026-04-09 18:05:12, 2026-04-09 18:24:25)
519      C:\work\S127M\PCBNo_10089\SP0565_rev00_00\SP0565\reveal_workspace\tmpreveal\tmpctrl_4ch_top_s127m_uniq_0.vhd (2026-04-09 18:05:12, 2026-04-09 18:24:25)
520      C:\work\S127M\PCBNo_10089\SP0565_rev00_00\SP0565\reveal_workspace\tmpreveal\tx_com_uniq_0.vhd (2026-04-09 18:05:12, 2026-04-09 18:24:24)
521      C:\work\S127M\PCBNo_10089\SP0565_rev00_00\SP0565\reveal_workspace\tmpreveal\tx_cont_b1_uniq_0.vhd (2026-04-09 18:05:12, 2026-04-09 18:24:24)
522      C:\work\S127M\PCBNo_10089\SP0565_rev00_00\SP0565\reveal_workspace\tmpreveal\tx_cont_b2_uniq_0.vhd (2026-04-09 18:05:12, 2026-04-09 18:24:24)
523      C:\work\S127M\PCBNo_10089\SP0565_rev00_00\SP0565\reveal_workspace\tmpreveal\tx_ctl_1st_uniq_0.vhd (2026-04-09 18:05:12, 2026-04-09 18:24:24)
524      C:\work\S127M\PCBNo_10089\SP0565_rev00_00\SP0565\reveal_workspace\tmpreveal\tx_ctl_3rd_uniq_0.vhd (2026-04-09 18:05:12, 2026-04-09 18:24:24)
525      C:\work\S127M\PCBNo_10089\SP0565_rev00_00\SP0565\reveal_workspace\tmpreveal\w_pack.vhd (2026-04-09 18:05:12, 2026-04-09 18:24:24)

*******************************************************************
Modules that may have changed as a result of file changes: 238
MID:  lib.cell.view
203      work.ad5270_5271_ctrl_uniq_0.rtl may have changed because the following files changed:
                        C:\work\S127M\PCBNo_10089\SP0565_rev00_00\SP0565\reveal_workspace\tmpreveal\ad5270_5271_ctrl_uniq_0.vhd (2026-04-09 18:05:12, 2026-04-09 18:24:24) <-- (architecture and entity definition)
                        C:\work\S127M\PCBNo_10089\SP0565_rev00_00\SP0565\reveal_workspace\tmpreveal\sp0565.vhd (2026-04-09 18:05:12, 2026-04-09 18:24:24) <-- (may instantiate this module)
205      work.ad_ctrl_uniq_0.rtl may have changed because the following files changed:
                        C:\work\S127M\PCBNo_10089\SP0565_rev00_00\SP0565\reveal_workspace\tmpreveal\ad_ctrl_uniq_0.vhd (2026-04-09 18:05:12, 2026-04-09 18:24:24) <-- (architecture and entity definition)
                        C:\work\S127M\PCBNo_10089\SP0565_rev00_00\SP0565\reveal_workspace\tmpreveal\sp0565.vhd (2026-04-09 18:05:12, 2026-04-09 18:24:24) <-- (may instantiate this module)
207      work.adc_reg_uniq_0.rtl may have changed because the following files changed:
                        C:\work\S127M\PCBNo_10089\SP0565_rev00_00\SP0565\reveal_workspace\tmpreveal\ad_ctrl_uniq_0.vhd (2026-04-09 18:05:12, 2026-04-09 18:24:24) <-- (may instantiate this module)
                        C:\work\S127M\PCBNo_10089\SP0565_rev00_00\SP0565\reveal_workspace\tmpreveal\adc_reg_uniq_0.vhd (2026-04-09 18:05:12, 2026-04-09 18:24:24) <-- (architecture and entity definition)
                        C:\work\S127M\PCBNo_10089\SP0565_rev00_00\SP0565\reveal_workspace\tmpreveal\sp0565.vhd (2026-04-09 18:05:12, 2026-04-09 18:24:24) <-- (may instantiate this module)
209      work.adclk_gen_uniq_0.rtl may have changed because the following files changed:
                        C:\work\S127M\PCBNo_10089\SP0565_rev00_00\SP0565\reveal_workspace\tmpreveal\ad_ctrl_uniq_0.vhd (2026-04-09 18:05:12, 2026-04-09 18:24:24) <-- (may instantiate this module)
                        C:\work\S127M\PCBNo_10089\SP0565_rev00_00\SP0565\reveal_workspace\tmpreveal\adclk_gen_uniq_0.vhd (2026-04-09 18:05:12, 2026-04-09 18:24:24) <-- (architecture and entity definition)
                        C:\work\S127M\PCBNo_10089\SP0565_rev00_00\SP0565\reveal_workspace\tmpreveal\sp0565.vhd (2026-04-09 18:05:12, 2026-04-09 18:24:24) <-- (may instantiate this module)
211      work.adif_seq_uniq_0.rtl may have changed because the following files changed:
                        C:\work\S127M\PCBNo_10089\SP0565_rev00_00\SP0565\reveal_workspace\tmpreveal\ad_ctrl_uniq_0.vhd (2026-04-09 18:05:12, 2026-04-09 18:24:24) <-- (may instantiate this module)
                        C:\work\S127M\PCBNo_10089\SP0565_rev00_00\SP0565\reveal_workspace\tmpreveal\adif_seq_uniq_0.vhd (2026-04-09 18:05:12, 2026-04-09 18:24:24) <-- (architecture and entity definition)
                        C:\work\S127M\PCBNo_10089\SP0565_rev00_00\SP0565\reveal_workspace\tmpreveal\sp0565.vhd (2026-04-09 18:05:12, 2026-04-09 18:24:24) <-- (may instantiate this module)
213      work.adr_sel_uniq_0.rtl may have changed because the following files changed:
                        C:\work\S127M\PCBNo_10089\SP0565_rev00_00\SP0565\reveal_workspace\tmpreveal\adr_sel_uniq_0.vhd (2026-04-09 18:05:12, 2026-04-09 18:24:24) <-- (architecture and entity definition)
                        C:\work\S127M\PCBNo_10089\SP0565_rev00_00\SP0565\reveal_workspace\tmpreveal\slv_com_top_uniq_0.vhd (2026-04-09 18:05:12, 2026-04-09 18:24:24) <-- (may instantiate this module)
                        C:\work\S127M\PCBNo_10089\SP0565_rev00_00\SP0565\reveal_workspace\tmpreveal\slv_ctrl_top_uniq_0.vhd (2026-04-09 18:05:12, 2026-04-09 18:24:24) <-- (may instantiate this module)
                        C:\work\S127M\PCBNo_10089\SP0565_rev00_00\SP0565\reveal_workspace\tmpreveal\sp0565.vhd (2026-04-09 18:05:12, 2026-04-09 18:24:24) <-- (may instantiate this module)
215      work.cds_uniq_0.rtl may have changed because the following files changed:
                        C:\work\S127M\PCBNo_10089\SP0565_rev00_00\SP0565\reveal_workspace\tmpreveal\cds_uniq_0.vhd (2026-04-09 18:05:12, 2026-04-09 18:24:24) <-- (architecture and entity definition)
                        C:\work\S127M\PCBNo_10089\SP0565_rev00_00\SP0565\reveal_workspace\tmpreveal\slv_com_top_uniq_0.vhd (2026-04-09 18:05:12, 2026-04-09 18:24:24) <-- (may instantiate this module)
                        C:\work\S127M\PCBNo_10089\SP0565_rev00_00\SP0565\reveal_workspace\tmpreveal\sp0565.vhd (2026-04-09 18:05:12, 2026-04-09 18:24:24) <-- (may instantiate this module)
217      work.clk_gen_s124m_uniq_0.rtl may have changed because the following files changed:
                        C:\work\S127M\PCBNo_10089\SP0565_rev00_00\SP0565\reveal_workspace\tmpreveal\clk_gen_s124m_uniq_0.vhd (2026-04-09 18:05:12, 2026-04-09 18:24:24) <-- (architecture and entity definition)
                        C:\work\S127M\PCBNo_10089\SP0565_rev00_00\SP0565\reveal_workspace\tmpreveal\slv_com_top_uniq_0.vhd (2026-04-09 18:05:12, 2026-04-09 18:24:24) <-- (may instantiate this module)
                        C:\work\S127M\PCBNo_10089\SP0565_rev00_00\SP0565\reveal_workspace\tmpreveal\sp0565.vhd (2026-04-09 18:05:12, 2026-04-09 18:24:24) <-- (may instantiate this module)
219      work.crc_check_uniq_0.rtl may have changed because the following files changed:
                        C:\work\S127M\PCBNo_10089\SP0565_rev00_00\SP0565\reveal_workspace\tmpreveal\crc_check_uniq_0.vhd (2026-04-09 18:05:12, 2026-04-09 18:24:24) <-- (architecture and entity definition)
                        C:\work\S127M\PCBNo_10089\SP0565_rev00_00\SP0565\reveal_workspace\tmpreveal\rx_com_uniq_0.vhd (2026-04-09 18:05:12, 2026-04-09 18:24:24) <-- (may instantiate this module)
                        C:\work\S127M\PCBNo_10089\SP0565_rev00_00\SP0565\reveal_workspace\tmpreveal\rx_cont_b2_uniq_0.vhd (2026-04-09 18:05:12, 2026-04-09 18:24:24) <-- (may instantiate this module)
                        C:\work\S127M\PCBNo_10089\SP0565_rev00_00\SP0565\reveal_workspace\tmpreveal\slv_com_top_uniq_0.vhd (2026-04-09 18:05:12, 2026-04-09 18:24:24) <-- (may instantiate this module)
                        C:\work\S127M\PCBNo_10089\SP0565_rev00_00\SP0565\reveal_workspace\tmpreveal\sp0565.vhd (2026-04-09 18:05:12, 2026-04-09 18:24:24) <-- (may instantiate this module)
221      work.crc_gen_uniq_0.rtl may have changed because the following files changed:
                        C:\work\S127M\PCBNo_10089\SP0565_rev00_00\SP0565\reveal_workspace\tmpreveal\crc_gen_uniq_0.vhd (2026-04-09 18:05:12, 2026-04-09 18:24:24) <-- (architecture and entity definition)
                        C:\work\S127M\PCBNo_10089\SP0565_rev00_00\SP0565\reveal_workspace\tmpreveal\slv_com_top_uniq_0.vhd (2026-04-09 18:05:12, 2026-04-09 18:24:24) <-- (may instantiate this module)
                        C:\work\S127M\PCBNo_10089\SP0565_rev00_00\SP0565\reveal_workspace\tmpreveal\sp0565.vhd (2026-04-09 18:05:12, 2026-04-09 18:24:24) <-- (may instantiate this module)
                        C:\work\S127M\PCBNo_10089\SP0565_rev00_00\SP0565\reveal_workspace\tmpreveal\tx_com_uniq_0.vhd (2026-04-09 18:05:12, 2026-04-09 18:24:24) <-- (may instantiate this module)
                        C:\work\S127M\PCBNo_10089\SP0565_rev00_00\SP0565\reveal_workspace\tmpreveal\tx_cont_b1_uniq_0.vhd (2026-04-09 18:05:12, 2026-04-09 18:24:24) <-- (may instantiate this module)
223      work.dac081s101_top_uniq_0.rtl may have changed because the following files changed:
                        C:\work\S127M\PCBNo_10089\SP0565_rev00_00\SP0565\reveal_workspace\tmpreveal\dac081s101_top_uniq_0.vhd (2026-04-09 18:05:12, 2026-04-09 18:24:24) <-- (architecture and entity definition)
                        C:\work\S127M\PCBNo_10089\SP0565_rev00_00\SP0565\reveal_workspace\tmpreveal\sp0565.vhd (2026-04-09 18:05:12, 2026-04-09 18:24:24) <-- (may instantiate this module)
225      work.dcfifo_rx_b1_uniq_0.structure may have changed because the following files changed:
                        C:\work\S127M\PCBNo_10089\SP0565_rev00_00\SP0565\reveal_workspace\tmpreveal\dcfifo_rx_b1_uniq_0.vhd (2026-04-09 18:05:12, 2026-04-09 18:24:24) <-- (architecture and entity definition)
                        C:\work\S127M\PCBNo_10089\SP0565_rev00_00\SP0565\reveal_workspace\tmpreveal\rx_com_uniq_0.vhd (2026-04-09 18:05:12, 2026-04-09 18:24:24) <-- (may instantiate this module)
                        C:\work\S127M\PCBNo_10089\SP0565_rev00_00\SP0565\reveal_workspace\tmpreveal\rx_cont_b1_uniq_0.vhd (2026-04-09 18:05:12, 2026-04-09 18:24:24) <-- (may instantiate this module)
                        C:\work\S127M\PCBNo_10089\SP0565_rev00_00\SP0565\reveal_workspace\tmpreveal\slv_com_top_uniq_0.vhd (2026-04-09 18:05:12, 2026-04-09 18:24:24) <-- (may instantiate this module)
                        C:\work\S127M\PCBNo_10089\SP0565_rev00_00\SP0565\reveal_workspace\tmpreveal\sp0565.vhd (2026-04-09 18:05:12, 2026-04-09 18:24:24) <-- (may instantiate this module)
227      work.dcfifo_rx_b2_uniq_0.structure may have changed because the following files changed:
                        C:\work\S127M\PCBNo_10089\SP0565_rev00_00\SP0565\reveal_workspace\tmpreveal\dcfifo_rx_b2_uniq_0.vhd (2026-04-09 18:05:12, 2026-04-09 18:24:24) <-- (architecture and entity definition)
                        C:\work\S127M\PCBNo_10089\SP0565_rev00_00\SP0565\reveal_workspace\tmpreveal\rx_com_uniq_0.vhd (2026-04-09 18:05:12, 2026-04-09 18:24:24) <-- (may instantiate this module)
                        C:\work\S127M\PCBNo_10089\SP0565_rev00_00\SP0565\reveal_workspace\tmpreveal\rx_cont_b2_uniq_0.vhd (2026-04-09 18:05:12, 2026-04-09 18:24:24) <-- (may instantiate this module)
                        C:\work\S127M\PCBNo_10089\SP0565_rev00_00\SP0565\reveal_workspace\tmpreveal\slv_com_top_uniq_0.vhd (2026-04-09 18:05:12, 2026-04-09 18:24:24) <-- (may instantiate this module)
                        C:\work\S127M\PCBNo_10089\SP0565_rev00_00\SP0565\reveal_workspace\tmpreveal\sp0565.vhd (2026-04-09 18:05:12, 2026-04-09 18:24:24) <-- (may instantiate this module)
229      work.dcfifo_tx_b1_uniq_0.structure may have changed because the following files changed:
                        C:\work\S127M\PCBNo_10089\SP0565_rev00_00\SP0565\reveal_workspace\tmpreveal\dcfifo_tx_b1_uniq_0.vhd (2026-04-09 18:05:12, 2026-04-09 18:24:24) <-- (architecture and entity definition)
                        C:\work\S127M\PCBNo_10089\SP0565_rev00_00\SP0565\reveal_workspace\tmpreveal\slv_com_top_uniq_0.vhd (2026-04-09 18:05:12, 2026-04-09 18:24:24) <-- (may instantiate this module)
                        C:\work\S127M\PCBNo_10089\SP0565_rev00_00\SP0565\reveal_workspace\tmpreveal\sp0565.vhd (2026-04-09 18:05:12, 2026-04-09 18:24:24) <-- (may instantiate this module)
                        C:\work\S127M\PCBNo_10089\SP0565_rev00_00\SP0565\reveal_workspace\tmpreveal\tx_com_uniq_0.vhd (2026-04-09 18:05:12, 2026-04-09 18:24:24) <-- (may instantiate this module)
                        C:\work\S127M\PCBNo_10089\SP0565_rev00_00\SP0565\reveal_workspace\tmpreveal\tx_cont_b1_uniq_0.vhd (2026-04-09 18:05:12, 2026-04-09 18:24:24) <-- (may instantiate this module)
231      work.dcfifo_tx_b2_uniq_0.structure may have changed because the following files changed:
                        C:\work\S127M\PCBNo_10089\SP0565_rev00_00\SP0565\reveal_workspace\tmpreveal\dcfifo_tx_b2_uniq_0.vhd (2026-04-09 18:05:12, 2026-04-09 18:24:24) <-- (architecture and entity definition)
                        C:\work\S127M\PCBNo_10089\SP0565_rev00_00\SP0565\reveal_workspace\tmpreveal\slv_com_top_uniq_0.vhd (2026-04-09 18:05:12, 2026-04-09 18:24:24) <-- (may instantiate this module)
                        C:\work\S127M\PCBNo_10089\SP0565_rev00_00\SP0565\reveal_workspace\tmpreveal\sp0565.vhd (2026-04-09 18:05:12, 2026-04-09 18:24:24) <-- (may instantiate this module)
                        C:\work\S127M\PCBNo_10089\SP0565_rev00_00\SP0565\reveal_workspace\tmpreveal\tx_com_uniq_0.vhd (2026-04-09 18:05:12, 2026-04-09 18:24:24) <-- (may instantiate this module)
                        C:\work\S127M\PCBNo_10089\SP0565_rev00_00\SP0565\reveal_workspace\tmpreveal\tx_cont_b2_uniq_0.vhd (2026-04-09 18:05:12, 2026-04-09 18:24:24) <-- (may instantiate this module)
233      work.dec4b_3b_uniq_0.rtl may have changed because the following files changed:
                        C:\work\S127M\PCBNo_10089\SP0565_rev00_00\SP0565\reveal_workspace\tmpreveal\dec4b_3b_uniq_0.vhd (2026-04-09 18:05:12, 2026-04-09 18:24:24) <-- (architecture and entity definition)
                        C:\work\S127M\PCBNo_10089\SP0565_rev00_00\SP0565\reveal_workspace\tmpreveal\dec8b10b_new_uniq_0.vhd (2026-04-09 18:05:12, 2026-04-09 18:24:24) <-- (may instantiate this module)
                        C:\work\S127M\PCBNo_10089\SP0565_rev00_00\SP0565\reveal_workspace\tmpreveal\dec8b10b_wrapper_uniq_0.vhd (2026-04-09 18:05:12, 2026-04-09 18:24:24) <-- (may instantiate this module)
                        C:\work\S127M\PCBNo_10089\SP0565_rev00_00\SP0565\reveal_workspace\tmpreveal\rx_com_uniq_0.vhd (2026-04-09 18:05:12, 2026-04-09 18:24:24) <-- (may instantiate this module)
                        C:\work\S127M\PCBNo_10089\SP0565_rev00_00\SP0565\reveal_workspace\tmpreveal\slv_com_top_uniq_0.vhd (2026-04-09 18:05:12, 2026-04-09 18:24:24) <-- (may instantiate this module)
                        C:\work\S127M\PCBNo_10089\SP0565_rev00_00\SP0565\reveal_workspace\tmpreveal\sp0565.vhd (2026-04-09 18:05:12, 2026-04-09 18:24:24) <-- (may instantiate this module)
235      work.dec6b_5b_uniq_0.rtl may have changed because the following files changed:
                        C:\work\S127M\PCBNo_10089\SP0565_rev00_00\SP0565\reveal_workspace\tmpreveal\dec6b_5b_uniq_0.vhd (2026-04-09 18:05:12, 2026-04-09 18:24:24) <-- (architecture and entity definition)
                        C:\work\S127M\PCBNo_10089\SP0565_rev00_00\SP0565\reveal_workspace\tmpreveal\dec8b10b_new_uniq_0.vhd (2026-04-09 18:05:12, 2026-04-09 18:24:24) <-- (may instantiate this module)
                        C:\work\S127M\PCBNo_10089\SP0565_rev00_00\SP0565\reveal_workspace\tmpreveal\dec8b10b_wrapper_uniq_0.vhd (2026-04-09 18:05:12, 2026-04-09 18:24:24) <-- (may instantiate this module)
                        C:\work\S127M\PCBNo_10089\SP0565_rev00_00\SP0565\reveal_workspace\tmpreveal\rx_com_uniq_0.vhd (2026-04-09 18:05:12, 2026-04-09 18:24:24) <-- (may instantiate this module)
                        C:\work\S127M\PCBNo_10089\SP0565_rev00_00\SP0565\reveal_workspace\tmpreveal\slv_com_top_uniq_0.vhd (2026-04-09 18:05:12, 2026-04-09 18:24:24) <-- (may instantiate this module)
                        C:\work\S127M\PCBNo_10089\SP0565_rev00_00\SP0565\reveal_workspace\tmpreveal\sp0565.vhd (2026-04-09 18:05:12, 2026-04-09 18:24:24) <-- (may instantiate this module)
237      work.dec8b10b_new_uniq_0.rtl may have changed because the following files changed:
                        C:\work\S127M\PCBNo_10089\SP0565_rev00_00\SP0565\reveal_workspace\tmpreveal\dec8b10b_new_uniq_0.vhd (2026-04-09 18:05:12, 2026-04-09 18:24:24) <-- (architecture and entity definition)
                        C:\work\S127M\PCBNo_10089\SP0565_rev00_00\SP0565\reveal_workspace\tmpreveal\dec8b10b_wrapper_uniq_0.vhd (2026-04-09 18:05:12, 2026-04-09 18:24:24) <-- (may instantiate this module)
                        C:\work\S127M\PCBNo_10089\SP0565_rev00_00\SP0565\reveal_workspace\tmpreveal\rx_com_uniq_0.vhd (2026-04-09 18:05:12, 2026-04-09 18:24:24) <-- (may instantiate this module)
                        C:\work\S127M\PCBNo_10089\SP0565_rev00_00\SP0565\reveal_workspace\tmpreveal\slv_com_top_uniq_0.vhd (2026-04-09 18:05:12, 2026-04-09 18:24:24) <-- (may instantiate this module)
                        C:\work\S127M\PCBNo_10089\SP0565_rev00_00\SP0565\reveal_workspace\tmpreveal\sp0565.vhd (2026-04-09 18:05:12, 2026-04-09 18:24:24) <-- (may instantiate this module)
240      work.dec8b10b_wrapper_uniq_0.wrapper may have changed because the following files changed:
                        C:\work\S127M\PCBNo_10089\SP0565_rev00_00\SP0565\reveal_workspace\tmpreveal\dec8b10b_wrapper_uniq_0.vhd (2026-04-09 18:05:12, 2026-04-09 18:24:24) <-- (architecture and entity definition)
                        C:\work\S127M\PCBNo_10089\SP0565_rev00_00\SP0565\reveal_workspace\tmpreveal\rx_com_uniq_0.vhd (2026-04-09 18:05:12, 2026-04-09 18:24:24) <-- (may instantiate this module)
                        C:\work\S127M\PCBNo_10089\SP0565_rev00_00\SP0565\reveal_workspace\tmpreveal\slv_com_top_uniq_0.vhd (2026-04-09 18:05:12, 2026-04-09 18:24:24) <-- (may instantiate this module)
                        C:\work\S127M\PCBNo_10089\SP0565_rev00_00\SP0565\reveal_workspace\tmpreveal\sp0565.vhd (2026-04-09 18:05:12, 2026-04-09 18:24:24) <-- (may instantiate this module)
241      work.enc3b_4b_uniq_0.rtl may have changed because the following files changed:
                        C:\work\S127M\PCBNo_10089\SP0565_rev00_00\SP0565\reveal_workspace\tmpreveal\enc3b_4b_uniq_0.vhd (2026-04-09 18:05:12, 2026-04-09 18:24:24) <-- (architecture and entity definition)
                        C:\work\S127M\PCBNo_10089\SP0565_rev00_00\SP0565\reveal_workspace\tmpreveal\enc8b10b_new_uniq_0.vhd (2026-04-09 18:05:12, 2026-04-09 18:24:24) <-- (may instantiate this module)
                        C:\work\S127M\PCBNo_10089\SP0565_rev00_00\SP0565\reveal_workspace\tmpreveal\enc8b10b_wrapper_uniq_0.vhd (2026-04-09 18:05:12, 2026-04-09 18:24:24) <-- (may instantiate this module)
                        C:\work\S127M\PCBNo_10089\SP0565_rev00_00\SP0565\reveal_workspace\tmpreveal\enc8b_10b_uniq_0.vhd (2026-04-09 18:05:12, 2026-04-09 18:24:24) <-- (may instantiate this module)
                        C:\work\S127M\PCBNo_10089\SP0565_rev00_00\SP0565\reveal_workspace\tmpreveal\slv_com_top_uniq_0.vhd (2026-04-09 18:05:12, 2026-04-09 18:24:24) <-- (may instantiate this module)
                        C:\work\S127M\PCBNo_10089\SP0565_rev00_00\SP0565\reveal_workspace\tmpreveal\sp0565.vhd (2026-04-09 18:05:12, 2026-04-09 18:24:24) <-- (may instantiate this module)
                        C:\work\S127M\PCBNo_10089\SP0565_rev00_00\SP0565\reveal_workspace\tmpreveal\tx_com_uniq_0.vhd (2026-04-09 18:05:12, 2026-04-09 18:24:24) <-- (may instantiate this module)
243      work.enc5b_6b_uniq_0.rtl may have changed because the following files changed:
                        C:\work\S127M\PCBNo_10089\SP0565_rev00_00\SP0565\reveal_workspace\tmpreveal\enc5b_6b_uniq_0.vhd (2026-04-09 18:05:12, 2026-04-09 18:24:24) <-- (architecture and entity definition)
                        C:\work\S127M\PCBNo_10089\SP0565_rev00_00\SP0565\reveal_workspace\tmpreveal\enc8b10b_new_uniq_0.vhd (2026-04-09 18:05:12, 2026-04-09 18:24:24) <-- (may instantiate this module)
                        C:\work\S127M\PCBNo_10089\SP0565_rev00_00\SP0565\reveal_workspace\tmpreveal\enc8b10b_wrapper_uniq_0.vhd (2026-04-09 18:05:12, 2026-04-09 18:24:24) <-- (may instantiate this module)
                        C:\work\S127M\PCBNo_10089\SP0565_rev00_00\SP0565\reveal_workspace\tmpreveal\enc8b_10b_uniq_0.vhd (2026-04-09 18:05:12, 2026-04-09 18:24:24) <-- (may instantiate this module)
                        C:\work\S127M\PCBNo_10089\SP0565_rev00_00\SP0565\reveal_workspace\tmpreveal\slv_com_top_uniq_0.vhd (2026-04-09 18:05:12, 2026-04-09 18:24:24) <-- (may instantiate this module)
                        C:\work\S127M\PCBNo_10089\SP0565_rev00_00\SP0565\reveal_workspace\tmpreveal\sp0565.vhd (2026-04-09 18:05:12, 2026-04-09 18:24:24) <-- (may instantiate this module)
                        C:\work\S127M\PCBNo_10089\SP0565_rev00_00\SP0565\reveal_workspace\tmpreveal\tx_com_uniq_0.vhd (2026-04-09 18:05:12, 2026-04-09 18:24:24) <-- (may instantiate this module)
245      work.enc8b10b_new_uniq_0.rtl may have changed because the following files changed:
                        C:\work\S127M\PCBNo_10089\SP0565_rev00_00\SP0565\reveal_workspace\tmpreveal\enc8b10b_new_uniq_0.vhd (2026-04-09 18:05:12, 2026-04-09 18:24:24) <-- (architecture and entity definition)
                        C:\work\S127M\PCBNo_10089\SP0565_rev00_00\SP0565\reveal_workspace\tmpreveal\enc8b10b_wrapper_uniq_0.vhd (2026-04-09 18:05:12, 2026-04-09 18:24:24) <-- (may instantiate this module)
                        C:\work\S127M\PCBNo_10089\SP0565_rev00_00\SP0565\reveal_workspace\tmpreveal\slv_com_top_uniq_0.vhd (2026-04-09 18:05:12, 2026-04-09 18:24:24) <-- (may instantiate this module)
                        C:\work\S127M\PCBNo_10089\SP0565_rev00_00\SP0565\reveal_workspace\tmpreveal\sp0565.vhd (2026-04-09 18:05:12, 2026-04-09 18:24:24) <-- (may instantiate this module)
                        C:\work\S127M\PCBNo_10089\SP0565_rev00_00\SP0565\reveal_workspace\tmpreveal\tx_com_uniq_0.vhd (2026-04-09 18:05:12, 2026-04-09 18:24:24) <-- (may instantiate this module)
248      work.enc8b10b_wrapper_uniq_0.wrapper may have changed because the following files changed:
                        C:\work\S127M\PCBNo_10089\SP0565_rev00_00\SP0565\reveal_workspace\tmpreveal\enc8b10b_wrapper_uniq_0.vhd (2026-04-09 18:05:12, 2026-04-09 18:24:24) <-- (architecture and entity definition)
                        C:\work\S127M\PCBNo_10089\SP0565_rev00_00\SP0565\reveal_workspace\tmpreveal\slv_com_top_uniq_0.vhd (2026-04-09 18:05:12, 2026-04-09 18:24:24) <-- (may instantiate this module)
                        C:\work\S127M\PCBNo_10089\SP0565_rev00_00\SP0565\reveal_workspace\tmpreveal\sp0565.vhd (2026-04-09 18:05:12, 2026-04-09 18:24:24) <-- (may instantiate this module)
                        C:\work\S127M\PCBNo_10089\SP0565_rev00_00\SP0565\reveal_workspace\tmpreveal\tx_com_uniq_0.vhd (2026-04-09 18:05:12, 2026-04-09 18:24:24) <-- (may instantiate this module)
249      work.enc8b_10b_uniq_0.rtl may have changed because the following files changed:
                        C:\work\S127M\PCBNo_10089\SP0565_rev00_00\SP0565\reveal_workspace\tmpreveal\enc8b10b_new_uniq_0.vhd (2026-04-09 18:05:12, 2026-04-09 18:24:24) <-- (may instantiate this module)
                        C:\work\S127M\PCBNo_10089\SP0565_rev00_00\SP0565\reveal_workspace\tmpreveal\enc8b10b_wrapper_uniq_0.vhd (2026-04-09 18:05:12, 2026-04-09 18:24:24) <-- (may instantiate this module)
                        C:\work\S127M\PCBNo_10089\SP0565_rev00_00\SP0565\reveal_workspace\tmpreveal\enc8b_10b_uniq_0.vhd (2026-04-09 18:05:12, 2026-04-09 18:24:24) <-- (architecture and entity definition)
                        C:\work\S127M\PCBNo_10089\SP0565_rev00_00\SP0565\reveal_workspace\tmpreveal\slv_com_top_uniq_0.vhd (2026-04-09 18:05:12, 2026-04-09 18:24:24) <-- (may instantiate this module)
                        C:\work\S127M\PCBNo_10089\SP0565_rev00_00\SP0565\reveal_workspace\tmpreveal\sp0565.vhd (2026-04-09 18:05:12, 2026-04-09 18:24:24) <-- (may instantiate this module)
                        C:\work\S127M\PCBNo_10089\SP0565_rev00_00\SP0565\reveal_workspace\tmpreveal\tx_com_uniq_0.vhd (2026-04-09 18:05:12, 2026-04-09 18:24:24) <-- (may instantiate this module)
251      work.enc_func_top_uniq_0.rtl may have changed because the following files changed:
                        C:\work\S127M\PCBNo_10089\SP0565_rev00_00\SP0565\reveal_workspace\tmpreveal\enc_func_top_uniq_0.vhd (2026-04-09 18:05:12, 2026-04-09 18:24:24) <-- (architecture and entity definition)
                        C:\work\S127M\PCBNo_10089\SP0565_rev00_00\SP0565\reveal_workspace\tmpreveal\sp0565.vhd (2026-04-09 18:05:12, 2026-04-09 18:24:24) <-- (may instantiate this module)
253      work.enc_lmt_uniq_0.rtl may have changed because the following files changed:
                        C:\work\S127M\PCBNo_10089\SP0565_rev00_00\SP0565\reveal_workspace\tmpreveal\enc_func_top_uniq_0.vhd (2026-04-09 18:05:12, 2026-04-09 18:24:24) <-- (may instantiate this module)
                        C:\work\S127M\PCBNo_10089\SP0565_rev00_00\SP0565\reveal_workspace\tmpreveal\enc_lmt_uniq_0.vhd (2026-04-09 18:05:12, 2026-04-09 18:24:24) <-- (architecture and entity definition)
                        C:\work\S127M\PCBNo_10089\SP0565_rev00_00\SP0565\reveal_workspace\tmpreveal\enc_top_uniq_0.vhd (2026-04-09 18:05:12, 2026-04-09 18:24:24) <-- (may instantiate this module)
                        C:\work\S127M\PCBNo_10089\SP0565_rev00_00\SP0565\reveal_workspace\tmpreveal\sp0565.vhd (2026-04-09 18:05:12, 2026-04-09 18:24:24) <-- (may instantiate this module)
255      work.enc_top_uniq_0.rtl may have changed because the following files changed:
                        C:\work\S127M\PCBNo_10089\SP0565_rev00_00\SP0565\reveal_workspace\tmpreveal\enc_func_top_uniq_0.vhd (2026-04-09 18:05:12, 2026-04-09 18:24:24) <-- (may instantiate this module)
                        C:\work\S127M\PCBNo_10089\SP0565_rev00_00\SP0565\reveal_workspace\tmpreveal\enc_top_uniq_0.vhd (2026-04-09 18:05:12, 2026-04-09 18:24:24) <-- (architecture and entity definition)
                        C:\work\S127M\PCBNo_10089\SP0565_rev00_00\SP0565\reveal_workspace\tmpreveal\sp0565.vhd (2026-04-09 18:05:12, 2026-04-09 18:24:24) <-- (may instantiate this module)
257      work.encoder_2bit_uniq_0.rtl may have changed because the following files changed:
                        C:\work\S127M\PCBNo_10089\SP0565_rev00_00\SP0565\reveal_workspace\tmpreveal\enc_func_top_uniq_0.vhd (2026-04-09 18:05:12, 2026-04-09 18:24:24) <-- (may instantiate this module)
                        C:\work\S127M\PCBNo_10089\SP0565_rev00_00\SP0565\reveal_workspace\tmpreveal\enc_top_uniq_0.vhd (2026-04-09 18:05:12, 2026-04-09 18:24:24) <-- (may instantiate this module)
                        C:\work\S127M\PCBNo_10089\SP0565_rev00_00\SP0565\reveal_workspace\tmpreveal\encoder_2bit_uniq_0.vhd (2026-04-09 18:05:12, 2026-04-09 18:24:24) <-- (architecture and entity definition)
                        C:\work\S127M\PCBNo_10089\SP0565_rev00_00\SP0565\reveal_workspace\tmpreveal\sp0565.vhd (2026-04-09 18:05:12, 2026-04-09 18:24:24) <-- (may instantiate this module)
259      work.fc_dec_uniq_0.rtl may have changed because the following files changed:
                        C:\work\S127M\PCBNo_10089\SP0565_rev00_00\SP0565\reveal_workspace\tmpreveal\fc_dec_uniq_0.vhd (2026-04-09 18:05:12, 2026-04-09 18:24:24) <-- (architecture and entity definition)
                        C:\work\S127M\PCBNo_10089\SP0565_rev00_00\SP0565\reveal_workspace\tmpreveal\ppmc_top_s118m_uniq_0.vhd (2026-04-09 18:05:12, 2026-04-09 18:24:24) <-- (may instantiate this module)
                        C:\work\S127M\PCBNo_10089\SP0565_rev00_00\SP0565\reveal_workspace\tmpreveal\sp0565.vhd (2026-04-09 18:05:12, 2026-04-09 18:24:24) <-- (may instantiate this module)
261      work.fc_dec_uniq_1.rtl may have changed because the following files changed:
                        C:\work\S127M\PCBNo_10089\SP0565_rev00_00\SP0565\reveal_workspace\tmpreveal\fc_dec_uniq_1.vhd (2026-04-09 18:05:12, 2026-04-09 18:24:24) <-- (architecture and entity definition)
                        C:\work\S127M\PCBNo_10089\SP0565_rev00_00\SP0565\reveal_workspace\tmpreveal\gpio_top_uniq_0.vhd (2026-04-09 18:05:12, 2026-04-09 18:24:24) <-- (may instantiate this module)
                        C:\work\S127M\PCBNo_10089\SP0565_rev00_00\SP0565\reveal_workspace\tmpreveal\sp0565.vhd (2026-04-09 18:05:12, 2026-04-09 18:24:24) <-- (may instantiate this module)
263      work.fc_dec_uniq_2.rtl may have changed because the following files changed:
                        C:\work\S127M\PCBNo_10089\SP0565_rev00_00\SP0565\reveal_workspace\tmpreveal\fc_dec_uniq_2.vhd (2026-04-09 18:05:12, 2026-04-09 18:24:25) <-- (architecture and entity definition)
                        C:\work\S127M\PCBNo_10089\SP0565_rev00_00\SP0565\reveal_workspace\tmpreveal\sp0565.vhd (2026-04-09 18:05:12, 2026-04-09 18:24:24) <-- (may instantiate this module)
                        C:\work\S127M\PCBNo_10089\SP0565_rev00_00\SP0565\reveal_workspace\tmpreveal\tmpctrl_4ch_top_s127m_uniq_0.vhd (2026-04-09 18:05:12, 2026-04-09 18:24:25) <-- (may instantiate this module)
265      work.fc_dec_uniq_3.rtl may have changed because the following files changed:
                        C:\work\S127M\PCBNo_10089\SP0565_rev00_00\SP0565\reveal_workspace\tmpreveal\fc_dec_uniq_3.vhd (2026-04-09 18:05:13, 2026-04-09 18:24:25) <-- (architecture and entity definition)
                        C:\work\S127M\PCBNo_10089\SP0565_rev00_00\SP0565\reveal_workspace\tmpreveal\slaveid_top_uniq_0.vhd (2026-04-09 18:05:13, 2026-04-09 18:24:25) <-- (may instantiate this module)
                        C:\work\S127M\PCBNo_10089\SP0565_rev00_00\SP0565\reveal_workspace\tmpreveal\sp0565.vhd (2026-04-09 18:05:12, 2026-04-09 18:24:24) <-- (may instantiate this module)
267      work.fc_sel_uniq_0.rtl may have changed because the following files changed:
                        C:\work\S127M\PCBNo_10089\SP0565_rev00_00\SP0565\reveal_workspace\tmpreveal\fc_sel_uniq_0.vhd (2026-04-09 18:05:12, 2026-04-09 18:24:24) <-- (architecture and entity definition)
                        C:\work\S127M\PCBNo_10089\SP0565_rev00_00\SP0565\reveal_workspace\tmpreveal\ppmc_top_s118m_uniq_0.vhd (2026-04-09 18:05:12, 2026-04-09 18:24:24) <-- (may instantiate this module)
                        C:\work\S127M\PCBNo_10089\SP0565_rev00_00\SP0565\reveal_workspace\tmpreveal\sp0565.vhd (2026-04-09 18:05:12, 2026-04-09 18:24:24) <-- (may instantiate this module)
269      work.fc_sel_uniq_1.rtl may have changed because the following files changed:
                        C:\work\S127M\PCBNo_10089\SP0565_rev00_00\SP0565\reveal_workspace\tmpreveal\fc_sel_uniq_1.vhd (2026-04-09 18:05:12, 2026-04-09 18:24:24) <-- (architecture and entity definition)
                        C:\work\S127M\PCBNo_10089\SP0565_rev00_00\SP0565\reveal_workspace\tmpreveal\gpio_top_uniq_0.vhd (2026-04-09 18:05:12, 2026-04-09 18:24:24) <-- (may instantiate this module)
                        C:\work\S127M\PCBNo_10089\SP0565_rev00_00\SP0565\reveal_workspace\tmpreveal\sp0565.vhd (2026-04-09 18:05:12, 2026-04-09 18:24:24) <-- (may instantiate this module)
271      work.fc_sel_uniq_2.rtl may have changed because the following files changed:
                        C:\work\S127M\PCBNo_10089\SP0565_rev00_00\SP0565\reveal_workspace\tmpreveal\fc_sel_uniq_2.vhd (2026-04-09 18:05:12, 2026-04-09 18:24:25) <-- (architecture and entity definition)
                        C:\work\S127M\PCBNo_10089\SP0565_rev00_00\SP0565\reveal_workspace\tmpreveal\sp0565.vhd (2026-04-09 18:05:12, 2026-04-09 18:24:24) <-- (may instantiate this module)
                        C:\work\S127M\PCBNo_10089\SP0565_rev00_00\SP0565\reveal_workspace\tmpreveal\tmpctrl_4ch_top_s127m_uniq_0.vhd (2026-04-09 18:05:12, 2026-04-09 18:24:25) <-- (may instantiate this module)
273      work.fc_sel_uniq_3.rtl may have changed because the following files changed:
                        C:\work\S127M\PCBNo_10089\SP0565_rev00_00\SP0565\reveal_workspace\tmpreveal\fc_sel_uniq_3.vhd (2026-04-09 18:05:13, 2026-04-09 18:24:25) <-- (architecture and entity definition)
                        C:\work\S127M\PCBNo_10089\SP0565_rev00_00\SP0565\reveal_workspace\tmpreveal\slaveid_top_uniq_0.vhd (2026-04-09 18:05:13, 2026-04-09 18:24:25) <-- (may instantiate this module)
                        C:\work\S127M\PCBNo_10089\SP0565_rev00_00\SP0565\reveal_workspace\tmpreveal\sp0565.vhd (2026-04-09 18:05:12, 2026-04-09 18:24:24) <-- (may instantiate this module)
275      work.gpio_id_uniq_0.rtl may have changed because the following files changed:
                        C:\work\S127M\PCBNo_10089\SP0565_rev00_00\SP0565\reveal_workspace\tmpreveal\gpio_id_uniq_0.vhd (2026-04-09 18:05:12, 2026-04-09 18:24:24) <-- (architecture and entity definition)
                        C:\work\S127M\PCBNo_10089\SP0565_rev00_00\SP0565\reveal_workspace\tmpreveal\gpio_top_uniq_0.vhd (2026-04-09 18:05:12, 2026-04-09 18:24:24) <-- (may instantiate this module)
                        C:\work\S127M\PCBNo_10089\SP0565_rev00_00\SP0565\reveal_workspace\tmpreveal\sp0565.vhd (2026-04-09 18:05:12, 2026-04-09 18:24:24) <-- (may instantiate this module)
277      work.gpio_ip_reg_uniq_0.rtl may have changed because the following files changed:
                        C:\work\S127M\PCBNo_10089\SP0565_rev00_00\SP0565\reveal_workspace\tmpreveal\gpio_ip_reg_uniq_0.vhd (2026-04-09 18:05:12, 2026-04-09 18:24:24) <-- (architecture and entity definition)
                        C:\work\S127M\PCBNo_10089\SP0565_rev00_00\SP0565\reveal_workspace\tmpreveal\gpio_reg_uniq_0.vhd (2026-04-09 18:05:12, 2026-04-09 18:24:24) <-- (may instantiate this module)
                        C:\work\S127M\PCBNo_10089\SP0565_rev00_00\SP0565\reveal_workspace\tmpreveal\gpio_top_uniq_0.vhd (2026-04-09 18:05:12, 2026-04-09 18:24:24) <-- (may instantiate this module)
                        C:\work\S127M\PCBNo_10089\SP0565_rev00_00\SP0565\reveal_workspace\tmpreveal\sp0565.vhd (2026-04-09 18:05:12, 2026-04-09 18:24:24) <-- (may instantiate this module)
279      work.gpio_ip_reg_uniq_1.rtl may have changed because the following files changed:
                        C:\work\S127M\PCBNo_10089\SP0565_rev00_00\SP0565\reveal_workspace\tmpreveal\gpio_ip_reg_uniq_1.vhd (2026-04-09 18:05:12, 2026-04-09 18:24:24) <-- (architecture and entity definition)
                        C:\work\S127M\PCBNo_10089\SP0565_rev00_00\SP0565\reveal_workspace\tmpreveal\gpio_reg_uniq_0.vhd (2026-04-09 18:05:12, 2026-04-09 18:24:24) <-- (may instantiate this module)
                        C:\work\S127M\PCBNo_10089\SP0565_rev00_00\SP0565\reveal_workspace\tmpreveal\gpio_top_uniq_0.vhd (2026-04-09 18:05:12, 2026-04-09 18:24:24) <-- (may instantiate this module)
                        C:\work\S127M\PCBNo_10089\SP0565_rev00_00\SP0565\reveal_workspace\tmpreveal\sp0565.vhd (2026-04-09 18:05:12, 2026-04-09 18:24:24) <-- (may instantiate this module)
281      work.gpio_ip_reg_uniq_10.rtl may have changed because the following files changed:
                        C:\work\S127M\PCBNo_10089\SP0565_rev00_00\SP0565\reveal_workspace\tmpreveal\gpio_ip_reg_uniq_10.vhd (2026-04-09 18:05:12, 2026-04-09 18:24:25) <-- (architecture and entity definition)
                        C:\work\S127M\PCBNo_10089\SP0565_rev00_00\SP0565\reveal_workspace\tmpreveal\gpio_reg_uniq_0.vhd (2026-04-09 18:05:12, 2026-04-09 18:24:24) <-- (may instantiate this module)
                        C:\work\S127M\PCBNo_10089\SP0565_rev00_00\SP0565\reveal_workspace\tmpreveal\gpio_top_uniq_0.vhd (2026-04-09 18:05:12, 2026-04-09 18:24:24) <-- (may instantiate this module)
                        C:\work\S127M\PCBNo_10089\SP0565_rev00_00\SP0565\reveal_workspace\tmpreveal\sp0565.vhd (2026-04-09 18:05:12, 2026-04-09 18:24:24) <-- (may instantiate this module)
283      work.gpio_ip_reg_uniq_11.rtl may have changed because the following files changed:
                        C:\work\S127M\PCBNo_10089\SP0565_rev00_00\SP0565\reveal_workspace\tmpreveal\gpio_ip_reg_uniq_11.vhd (2026-04-09 18:05:12, 2026-04-09 18:24:25) <-- (architecture and entity definition)
                        C:\work\S127M\PCBNo_10089\SP0565_rev00_00\SP0565\reveal_workspace\tmpreveal\gpio_reg_uniq_0.vhd (2026-04-09 18:05:12, 2026-04-09 18:24:24) <-- (may instantiate this module)
                        C:\work\S127M\PCBNo_10089\SP0565_rev00_00\SP0565\reveal_workspace\tmpreveal\gpio_top_uniq_0.vhd (2026-04-09 18:05:12, 2026-04-09 18:24:24) <-- (may instantiate this module)
                        C:\work\S127M\PCBNo_10089\SP0565_rev00_00\SP0565\reveal_workspace\tmpreveal\sp0565.vhd (2026-04-09 18:05:12, 2026-04-09 18:24:24) <-- (may instantiate this module)
285      work.gpio_ip_reg_uniq_12.rtl may have changed because the following files changed:
                        C:\work\S127M\PCBNo_10089\SP0565_rev00_00\SP0565\reveal_workspace\tmpreveal\gpio_ip_reg_uniq_12.vhd (2026-04-09 18:05:12, 2026-04-09 18:24:25) <-- (architecture and entity definition)
                        C:\work\S127M\PCBNo_10089\SP0565_rev00_00\SP0565\reveal_workspace\tmpreveal\gpio_reg_uniq_0.vhd (2026-04-09 18:05:12, 2026-04-09 18:24:24) <-- (may instantiate this module)
                        C:\work\S127M\PCBNo_10089\SP0565_rev00_00\SP0565\reveal_workspace\tmpreveal\gpio_top_uniq_0.vhd (2026-04-09 18:05:12, 2026-04-09 18:24:24) <-- (may instantiate this module)
                        C:\work\S127M\PCBNo_10089\SP0565_rev00_00\SP0565\reveal_workspace\tmpreveal\sp0565.vhd (2026-04-09 18:05:12, 2026-04-09 18:24:24) <-- (may instantiate this module)
287      work.gpio_ip_reg_uniq_13.rtl may have changed because the following files changed:
                        C:\work\S127M\PCBNo_10089\SP0565_rev00_00\SP0565\reveal_workspace\tmpreveal\gpio_ip_reg_uniq_13.vhd (2026-04-09 18:05:12, 2026-04-09 18:24:25) <-- (architecture and entity definition)
                        C:\work\S127M\PCBNo_10089\SP0565_rev00_00\SP0565\reveal_workspace\tmpreveal\gpio_reg_uniq_0.vhd (2026-04-09 18:05:12, 2026-04-09 18:24:24) <-- (may instantiate this module)
                        C:\work\S127M\PCBNo_10089\SP0565_rev00_00\SP0565\reveal_workspace\tmpreveal\gpio_top_uniq_0.vhd (2026-04-09 18:05:12, 2026-04-09 18:24:24) <-- (may instantiate this module)
                        C:\work\S127M\PCBNo_10089\SP0565_rev00_00\SP0565\reveal_workspace\tmpreveal\sp0565.vhd (2026-04-09 18:05:12, 2026-04-09 18:24:24) <-- (may instantiate this module)
289      work.gpio_ip_reg_uniq_14.rtl may have changed because the following files changed:
                        C:\work\S127M\PCBNo_10089\SP0565_rev00_00\SP0565\reveal_workspace\tmpreveal\gpio_ip_reg_uniq_14.vhd (2026-04-09 18:05:12, 2026-04-09 18:24:25) <-- (architecture and entity definition)
                        C:\work\S127M\PCBNo_10089\SP0565_rev00_00\SP0565\reveal_workspace\tmpreveal\gpio_reg_uniq_0.vhd (2026-04-09 18:05:12, 2026-04-09 18:24:24) <-- (may instantiate this module)
                        C:\work\S127M\PCBNo_10089\SP0565_rev00_00\SP0565\reveal_workspace\tmpreveal\gpio_top_uniq_0.vhd (2026-04-09 18:05:12, 2026-04-09 18:24:24) <-- (may instantiate this module)
                        C:\work\S127M\PCBNo_10089\SP0565_rev00_00\SP0565\reveal_workspace\tmpreveal\sp0565.vhd (2026-04-09 18:05:12, 2026-04-09 18:24:24) <-- (may instantiate this module)
291      work.gpio_ip_reg_uniq_15.rtl may have changed because the following files changed:
                        C:\work\S127M\PCBNo_10089\SP0565_rev00_00\SP0565\reveal_workspace\tmpreveal\gpio_ip_reg_uniq_15.vhd (2026-04-09 18:05:12, 2026-04-09 18:24:25) <-- (architecture and entity definition)
                        C:\work\S127M\PCBNo_10089\SP0565_rev00_00\SP0565\reveal_workspace\tmpreveal\gpio_reg_uniq_0.vhd (2026-04-09 18:05:12, 2026-04-09 18:24:24) <-- (may instantiate this module)
                        C:\work\S127M\PCBNo_10089\SP0565_rev00_00\SP0565\reveal_workspace\tmpreveal\gpio_top_uniq_0.vhd (2026-04-09 18:05:12, 2026-04-09 18:24:24) <-- (may instantiate this module)
                        C:\work\S127M\PCBNo_10089\SP0565_rev00_00\SP0565\reveal_workspace\tmpreveal\sp0565.vhd (2026-04-09 18:05:12, 2026-04-09 18:24:24) <-- (may instantiate this module)
293      work.gpio_ip_reg_uniq_16.rtl may have changed because the following files changed:
                        C:\work\S127M\PCBNo_10089\SP0565_rev00_00\SP0565\reveal_workspace\tmpreveal\gpio_ip_reg_uniq_16.vhd (2026-04-09 18:05:12, 2026-04-09 18:24:25) <-- (architecture and entity definition)
                        C:\work\S127M\PCBNo_10089\SP0565_rev00_00\SP0565\reveal_workspace\tmpreveal\gpio_reg_uniq_0.vhd (2026-04-09 18:05:12, 2026-04-09 18:24:24) <-- (may instantiate this module)
                        C:\work\S127M\PCBNo_10089\SP0565_rev00_00\SP0565\reveal_workspace\tmpreveal\gpio_top_uniq_0.vhd (2026-04-09 18:05:12, 2026-04-09 18:24:24) <-- (may instantiate this module)
                        C:\work\S127M\PCBNo_10089\SP0565_rev00_00\SP0565\reveal_workspace\tmpreveal\sp0565.vhd (2026-04-09 18:05:12, 2026-04-09 18:24:24) <-- (may instantiate this module)
295      work.gpio_ip_reg_uniq_17.rtl may have changed because the following files changed:
                        C:\work\S127M\PCBNo_10089\SP0565_rev00_00\SP0565\reveal_workspace\tmpreveal\gpio_ip_reg_uniq_17.vhd (2026-04-09 18:05:12, 2026-04-09 18:24:25) <-- (architecture and entity definition)
                        C:\work\S127M\PCBNo_10089\SP0565_rev00_00\SP0565\reveal_workspace\tmpreveal\gpio_reg_uniq_0.vhd (2026-04-09 18:05:12, 2026-04-09 18:24:24) <-- (may instantiate this module)
                        C:\work\S127M\PCBNo_10089\SP0565_rev00_00\SP0565\reveal_workspace\tmpreveal\gpio_top_uniq_0.vhd (2026-04-09 18:05:12, 2026-04-09 18:24:24) <-- (may instantiate this module)
                        C:\work\S127M\PCBNo_10089\SP0565_rev00_00\SP0565\reveal_workspace\tmpreveal\sp0565.vhd (2026-04-09 18:05:12, 2026-04-09 18:24:24) <-- (may instantiate this module)
297      work.gpio_ip_reg_uniq_18.rtl may have changed because the following files changed:
                        C:\work\S127M\PCBNo_10089\SP0565_rev00_00\SP0565\reveal_workspace\tmpreveal\gpio_ip_reg_uniq_18.vhd (2026-04-09 18:05:12, 2026-04-09 18:24:25) <-- (architecture and entity definition)
                        C:\work\S127M\PCBNo_10089\SP0565_rev00_00\SP0565\reveal_workspace\tmpreveal\gpio_reg_uniq_0.vhd (2026-04-09 18:05:12, 2026-04-09 18:24:24) <-- (may instantiate this module)
                        C:\work\S127M\PCBNo_10089\SP0565_rev00_00\SP0565\reveal_workspace\tmpreveal\gpio_top_uniq_0.vhd (2026-04-09 18:05:12, 2026-04-09 18:24:24) <-- (may instantiate this module)
                        C:\work\S127M\PCBNo_10089\SP0565_rev00_00\SP0565\reveal_workspace\tmpreveal\sp0565.vhd (2026-04-09 18:05:12, 2026-04-09 18:24:24) <-- (may instantiate this module)
299      work.gpio_ip_reg_uniq_19.rtl may have changed because the following files changed:
                        C:\work\S127M\PCBNo_10089\SP0565_rev00_00\SP0565\reveal_workspace\tmpreveal\gpio_ip_reg_uniq_19.vhd (2026-04-09 18:05:12, 2026-04-09 18:24:25) <-- (architecture and entity definition)
                        C:\work\S127M\PCBNo_10089\SP0565_rev00_00\SP0565\reveal_workspace\tmpreveal\gpio_reg_uniq_0.vhd (2026-04-09 18:05:12, 2026-04-09 18:24:24) <-- (may instantiate this module)
                        C:\work\S127M\PCBNo_10089\SP0565_rev00_00\SP0565\reveal_workspace\tmpreveal\gpio_top_uniq_0.vhd (2026-04-09 18:05:12, 2026-04-09 18:24:24) <-- (may instantiate this module)
                        C:\work\S127M\PCBNo_10089\SP0565_rev00_00\SP0565\reveal_workspace\tmpreveal\sp0565.vhd (2026-04-09 18:05:12, 2026-04-09 18:24:24) <-- (may instantiate this module)
301      work.gpio_ip_reg_uniq_2.rtl may have changed because the following files changed:
                        C:\work\S127M\PCBNo_10089\SP0565_rev00_00\SP0565\reveal_workspace\tmpreveal\gpio_ip_reg_uniq_2.vhd (2026-04-09 18:05:12, 2026-04-09 18:24:24) <-- (architecture and entity definition)
                        C:\work\S127M\PCBNo_10089\SP0565_rev00_00\SP0565\reveal_workspace\tmpreveal\gpio_reg_uniq_0.vhd (2026-04-09 18:05:12, 2026-04-09 18:24:24) <-- (may instantiate this module)
                        C:\work\S127M\PCBNo_10089\SP0565_rev00_00\SP0565\reveal_workspace\tmpreveal\gpio_top_uniq_0.vhd (2026-04-09 18:05:12, 2026-04-09 18:24:24) <-- (may instantiate this module)
                        C:\work\S127M\PCBNo_10089\SP0565_rev00_00\SP0565\reveal_workspace\tmpreveal\sp0565.vhd (2026-04-09 18:05:12, 2026-04-09 18:24:24) <-- (may instantiate this module)
303      work.gpio_ip_reg_uniq_20.rtl may have changed because the following files changed:
                        C:\work\S127M\PCBNo_10089\SP0565_rev00_00\SP0565\reveal_workspace\tmpreveal\gpio_ip_reg_uniq_20.vhd (2026-04-09 18:05:12, 2026-04-09 18:24:25) <-- (architecture and entity definition)
                        C:\work\S127M\PCBNo_10089\SP0565_rev00_00\SP0565\reveal_workspace\tmpreveal\gpio_reg_uniq_0.vhd (2026-04-09 18:05:12, 2026-04-09 18:24:24) <-- (may instantiate this module)
                        C:\work\S127M\PCBNo_10089\SP0565_rev00_00\SP0565\reveal_workspace\tmpreveal\gpio_top_uniq_0.vhd (2026-04-09 18:05:12, 2026-04-09 18:24:24) <-- (may instantiate this module)
                        C:\work\S127M\PCBNo_10089\SP0565_rev00_00\SP0565\reveal_workspace\tmpreveal\sp0565.vhd (2026-04-09 18:05:12, 2026-04-09 18:24:24) <-- (may instantiate this module)
305      work.gpio_ip_reg_uniq_21.rtl may have changed because the following files changed:
                        C:\work\S127M\PCBNo_10089\SP0565_rev00_00\SP0565\reveal_workspace\tmpreveal\gpio_ip_reg_uniq_21.vhd (2026-04-09 18:05:12, 2026-04-09 18:24:25) <-- (architecture and entity definition)
                        C:\work\S127M\PCBNo_10089\SP0565_rev00_00\SP0565\reveal_workspace\tmpreveal\gpio_reg_uniq_0.vhd (2026-04-09 18:05:12, 2026-04-09 18:24:24) <-- (may instantiate this module)
                        C:\work\S127M\PCBNo_10089\SP0565_rev00_00\SP0565\reveal_workspace\tmpreveal\gpio_top_uniq_0.vhd (2026-04-09 18:05:12, 2026-04-09 18:24:24) <-- (may instantiate this module)
                        C:\work\S127M\PCBNo_10089\SP0565_rev00_00\SP0565\reveal_workspace\tmpreveal\sp0565.vhd (2026-04-09 18:05:12, 2026-04-09 18:24:24) <-- (may instantiate this module)
307      work.gpio_ip_reg_uniq_22.rtl may have changed because the following files changed:
                        C:\work\S127M\PCBNo_10089\SP0565_rev00_00\SP0565\reveal_workspace\tmpreveal\gpio_ip_reg_uniq_22.vhd (2026-04-09 18:05:12, 2026-04-09 18:24:25) <-- (architecture and entity definition)
                        C:\work\S127M\PCBNo_10089\SP0565_rev00_00\SP0565\reveal_workspace\tmpreveal\gpio_reg_uniq_0.vhd (2026-04-09 18:05:12, 2026-04-09 18:24:24) <-- (may instantiate this module)
                        C:\work\S127M\PCBNo_10089\SP0565_rev00_00\SP0565\reveal_workspace\tmpreveal\gpio_top_uniq_0.vhd (2026-04-09 18:05:12, 2026-04-09 18:24:24) <-- (may instantiate this module)
                        C:\work\S127M\PCBNo_10089\SP0565_rev00_00\SP0565\reveal_workspace\tmpreveal\sp0565.vhd (2026-04-09 18:05:12, 2026-04-09 18:24:24) <-- (may instantiate this module)
309      work.gpio_ip_reg_uniq_23.rtl may have changed because the following files changed:
                        C:\work\S127M\PCBNo_10089\SP0565_rev00_00\SP0565\reveal_workspace\tmpreveal\gpio_ip_reg_uniq_23.vhd (2026-04-09 18:05:12, 2026-04-09 18:24:25) <-- (architecture and entity definition)
                        C:\work\S127M\PCBNo_10089\SP0565_rev00_00\SP0565\reveal_workspace\tmpreveal\gpio_reg_uniq_0.vhd (2026-04-09 18:05:12, 2026-04-09 18:24:24) <-- (may instantiate this module)
                        C:\work\S127M\PCBNo_10089\SP0565_rev00_00\SP0565\reveal_workspace\tmpreveal\gpio_top_uniq_0.vhd (2026-04-09 18:05:12, 2026-04-09 18:24:24) <-- (may instantiate this module)
                        C:\work\S127M\PCBNo_10089\SP0565_rev00_00\SP0565\reveal_workspace\tmpreveal\sp0565.vhd (2026-04-09 18:05:12, 2026-04-09 18:24:24) <-- (may instantiate this module)
311      work.gpio_ip_reg_uniq_24.rtl may have changed because the following files changed:
                        C:\work\S127M\PCBNo_10089\SP0565_rev00_00\SP0565\reveal_workspace\tmpreveal\gpio_ip_reg_uniq_24.vhd (2026-04-09 18:05:12, 2026-04-09 18:24:25) <-- (architecture and entity definition)
                        C:\work\S127M\PCBNo_10089\SP0565_rev00_00\SP0565\reveal_workspace\tmpreveal\gpio_reg_uniq_0.vhd (2026-04-09 18:05:12, 2026-04-09 18:24:24) <-- (may instantiate this module)
                        C:\work\S127M\PCBNo_10089\SP0565_rev00_00\SP0565\reveal_workspace\tmpreveal\gpio_top_uniq_0.vhd (2026-04-09 18:05:12, 2026-04-09 18:24:24) <-- (may instantiate this module)
                        C:\work\S127M\PCBNo_10089\SP0565_rev00_00\SP0565\reveal_workspace\tmpreveal\sp0565.vhd (2026-04-09 18:05:12, 2026-04-09 18:24:24) <-- (may instantiate this module)
313      work.gpio_ip_reg_uniq_25.rtl may have changed because the following files changed:
                        C:\work\S127M\PCBNo_10089\SP0565_rev00_00\SP0565\reveal_workspace\tmpreveal\gpio_ip_reg_uniq_25.vhd (2026-04-09 18:05:12, 2026-04-09 18:24:25) <-- (architecture and entity definition)
                        C:\work\S127M\PCBNo_10089\SP0565_rev00_00\SP0565\reveal_workspace\tmpreveal\gpio_reg_uniq_0.vhd (2026-04-09 18:05:12, 2026-04-09 18:24:24) <-- (may instantiate this module)
                        C:\work\S127M\PCBNo_10089\SP0565_rev00_00\SP0565\reveal_workspace\tmpreveal\gpio_top_uniq_0.vhd (2026-04-09 18:05:12, 2026-04-09 18:24:24) <-- (may instantiate this module)
                        C:\work\S127M\PCBNo_10089\SP0565_rev00_00\SP0565\reveal_workspace\tmpreveal\sp0565.vhd (2026-04-09 18:05:12, 2026-04-09 18:24:24) <-- (may instantiate this module)
315      work.gpio_ip_reg_uniq_26.rtl may have changed because the following files changed:
                        C:\work\S127M\PCBNo_10089\SP0565_rev00_00\SP0565\reveal_workspace\tmpreveal\gpio_ip_reg_uniq_26.vhd (2026-04-09 18:05:12, 2026-04-09 18:24:25) <-- (architecture and entity definition)
                        C:\work\S127M\PCBNo_10089\SP0565_rev00_00\SP0565\reveal_workspace\tmpreveal\gpio_reg_uniq_0.vhd (2026-04-09 18:05:12, 2026-04-09 18:24:24) <-- (may instantiate this module)
                        C:\work\S127M\PCBNo_10089\SP0565_rev00_00\SP0565\reveal_workspace\tmpreveal\gpio_top_uniq_0.vhd (2026-04-09 18:05:12, 2026-04-09 18:24:24) <-- (may instantiate this module)
                        C:\work\S127M\PCBNo_10089\SP0565_rev00_00\SP0565\reveal_workspace\tmpreveal\sp0565.vhd (2026-04-09 18:05:12, 2026-04-09 18:24:24) <-- (may instantiate this module)
317      work.gpio_ip_reg_uniq_27.rtl may have changed because the following files changed:
                        C:\work\S127M\PCBNo_10089\SP0565_rev00_00\SP0565\reveal_workspace\tmpreveal\gpio_ip_reg_uniq_27.vhd (2026-04-09 18:05:12, 2026-04-09 18:24:25) <-- (architecture and entity definition)
                        C:\work\S127M\PCBNo_10089\SP0565_rev00_00\SP0565\reveal_workspace\tmpreveal\gpio_reg_uniq_0.vhd (2026-04-09 18:05:12, 2026-04-09 18:24:24) <-- (may instantiate this module)
                        C:\work\S127M\PCBNo_10089\SP0565_rev00_00\SP0565\reveal_workspace\tmpreveal\gpio_top_uniq_0.vhd (2026-04-09 18:05:12, 2026-04-09 18:24:24) <-- (may instantiate this module)
                        C:\work\S127M\PCBNo_10089\SP0565_rev00_00\SP0565\reveal_workspace\tmpreveal\sp0565.vhd (2026-04-09 18:05:12, 2026-04-09 18:24:24) <-- (may instantiate this module)
319      work.gpio_ip_reg_uniq_28.rtl may have changed because the following files changed:
                        C:\work\S127M\PCBNo_10089\SP0565_rev00_00\SP0565\reveal_workspace\tmpreveal\gpio_ip_reg_uniq_28.vhd (2026-04-09 18:05:12, 2026-04-09 18:24:25) <-- (architecture and entity definition)
                        C:\work\S127M\PCBNo_10089\SP0565_rev00_00\SP0565\reveal_workspace\tmpreveal\gpio_reg_uniq_0.vhd (2026-04-09 18:05:12, 2026-04-09 18:24:24) <-- (may instantiate this module)
                        C:\work\S127M\PCBNo_10089\SP0565_rev00_00\SP0565\reveal_workspace\tmpreveal\gpio_top_uniq_0.vhd (2026-04-09 18:05:12, 2026-04-09 18:24:24) <-- (may instantiate this module)
                        C:\work\S127M\PCBNo_10089\SP0565_rev00_00\SP0565\reveal_workspace\tmpreveal\sp0565.vhd (2026-04-09 18:05:12, 2026-04-09 18:24:24) <-- (may instantiate this module)
321      work.gpio_ip_reg_uniq_29.rtl may have changed because the following files changed:
                        C:\work\S127M\PCBNo_10089\SP0565_rev00_00\SP0565\reveal_workspace\tmpreveal\gpio_ip_reg_uniq_29.vhd (2026-04-09 18:05:12, 2026-04-09 18:24:25) <-- (architecture and entity definition)
                        C:\work\S127M\PCBNo_10089\SP0565_rev00_00\SP0565\reveal_workspace\tmpreveal\gpio_reg_uniq_0.vhd (2026-04-09 18:05:12, 2026-04-09 18:24:24) <-- (may instantiate this module)
                        C:\work\S127M\PCBNo_10089\SP0565_rev00_00\SP0565\reveal_workspace\tmpreveal\gpio_top_uniq_0.vhd (2026-04-09 18:05:12, 2026-04-09 18:24:24) <-- (may instantiate this module)
                        C:\work\S127M\PCBNo_10089\SP0565_rev00_00\SP0565\reveal_workspace\tmpreveal\sp0565.vhd (2026-04-09 18:05:12, 2026-04-09 18:24:24) <-- (may instantiate this module)
323      work.gpio_ip_reg_uniq_3.rtl may have changed because the following files changed:
                        C:\work\S127M\PCBNo_10089\SP0565_rev00_00\SP0565\reveal_workspace\tmpreveal\gpio_ip_reg_uniq_3.vhd (2026-04-09 18:05:12, 2026-04-09 18:24:24) <-- (architecture and entity definition)
                        C:\work\S127M\PCBNo_10089\SP0565_rev00_00\SP0565\reveal_workspace\tmpreveal\gpio_reg_uniq_0.vhd (2026-04-09 18:05:12, 2026-04-09 18:24:24) <-- (may instantiate this module)
                        C:\work\S127M\PCBNo_10089\SP0565_rev00_00\SP0565\reveal_workspace\tmpreveal\gpio_top_uniq_0.vhd (2026-04-09 18:05:12, 2026-04-09 18:24:24) <-- (may instantiate this module)
                        C:\work\S127M\PCBNo_10089\SP0565_rev00_00\SP0565\reveal_workspace\tmpreveal\sp0565.vhd (2026-04-09 18:05:12, 2026-04-09 18:24:24) <-- (may instantiate this module)
325      work.gpio_ip_reg_uniq_30.rtl may have changed because the following files changed:
                        C:\work\S127M\PCBNo_10089\SP0565_rev00_00\SP0565\reveal_workspace\tmpreveal\gpio_ip_reg_uniq_30.vhd (2026-04-09 18:05:12, 2026-04-09 18:24:25) <-- (architecture and entity definition)
                        C:\work\S127M\PCBNo_10089\SP0565_rev00_00\SP0565\reveal_workspace\tmpreveal\gpio_reg_uniq_0.vhd (2026-04-09 18:05:12, 2026-04-09 18:24:24) <-- (may instantiate this module)
                        C:\work\S127M\PCBNo_10089\SP0565_rev00_00\SP0565\reveal_workspace\tmpreveal\gpio_top_uniq_0.vhd (2026-04-09 18:05:12, 2026-04-09 18:24:24) <-- (may instantiate this module)
                        C:\work\S127M\PCBNo_10089\SP0565_rev00_00\SP0565\reveal_workspace\tmpreveal\sp0565.vhd (2026-04-09 18:05:12, 2026-04-09 18:24:24) <-- (may instantiate this module)
327      work.gpio_ip_reg_uniq_31.rtl may have changed because the following files changed:
                        C:\work\S127M\PCBNo_10089\SP0565_rev00_00\SP0565\reveal_workspace\tmpreveal\gpio_ip_reg_uniq_31.vhd (2026-04-09 18:05:12, 2026-04-09 18:24:25) <-- (architecture and entity definition)
                        C:\work\S127M\PCBNo_10089\SP0565_rev00_00\SP0565\reveal_workspace\tmpreveal\gpio_reg_uniq_0.vhd (2026-04-09 18:05:12, 2026-04-09 18:24:24) <-- (may instantiate this module)
                        C:\work\S127M\PCBNo_10089\SP0565_rev00_00\SP0565\reveal_workspace\tmpreveal\gpio_top_uniq_0.vhd (2026-04-09 18:05:12, 2026-04-09 18:24:24) <-- (may instantiate this module)
                        C:\work\S127M\PCBNo_10089\SP0565_rev00_00\SP0565\reveal_workspace\tmpreveal\sp0565.vhd (2026-04-09 18:05:12, 2026-04-09 18:24:24) <-- (may instantiate this module)
329      work.gpio_ip_reg_uniq_4.rtl may have changed because the following files changed:
                        C:\work\S127M\PCBNo_10089\SP0565_rev00_00\SP0565\reveal_workspace\tmpreveal\gpio_ip_reg_uniq_4.vhd (2026-04-09 18:05:12, 2026-04-09 18:24:24) <-- (architecture and entity definition)
                        C:\work\S127M\PCBNo_10089\SP0565_rev00_00\SP0565\reveal_workspace\tmpreveal\gpio_reg_uniq_0.vhd (2026-04-09 18:05:12, 2026-04-09 18:24:24) <-- (may instantiate this module)
                        C:\work\S127M\PCBNo_10089\SP0565_rev00_00\SP0565\reveal_workspace\tmpreveal\gpio_top_uniq_0.vhd (2026-04-09 18:05:12, 2026-04-09 18:24:24) <-- (may instantiate this module)
                        C:\work\S127M\PCBNo_10089\SP0565_rev00_00\SP0565\reveal_workspace\tmpreveal\sp0565.vhd (2026-04-09 18:05:12, 2026-04-09 18:24:24) <-- (may instantiate this module)
331      work.gpio_ip_reg_uniq_5.rtl may have changed because the following files changed:
                        C:\work\S127M\PCBNo_10089\SP0565_rev00_00\SP0565\reveal_workspace\tmpreveal\gpio_ip_reg_uniq_5.vhd (2026-04-09 18:05:12, 2026-04-09 18:24:24) <-- (architecture and entity definition)
                        C:\work\S127M\PCBNo_10089\SP0565_rev00_00\SP0565\reveal_workspace\tmpreveal\gpio_reg_uniq_0.vhd (2026-04-09 18:05:12, 2026-04-09 18:24:24) <-- (may instantiate this module)
                        C:\work\S127M\PCBNo_10089\SP0565_rev00_00\SP0565\reveal_workspace\tmpreveal\gpio_top_uniq_0.vhd (2026-04-09 18:05:12, 2026-04-09 18:24:24) <-- (may instantiate this module)
                        C:\work\S127M\PCBNo_10089\SP0565_rev00_00\SP0565\reveal_workspace\tmpreveal\sp0565.vhd (2026-04-09 18:05:12, 2026-04-09 18:24:24) <-- (may instantiate this module)
333      work.gpio_ip_reg_uniq_6.rtl may have changed because the following files changed:
                        C:\work\S127M\PCBNo_10089\SP0565_rev00_00\SP0565\reveal_workspace\tmpreveal\gpio_ip_reg_uniq_6.vhd (2026-04-09 18:05:12, 2026-04-09 18:24:24) <-- (architecture and entity definition)
                        C:\work\S127M\PCBNo_10089\SP0565_rev00_00\SP0565\reveal_workspace\tmpreveal\gpio_reg_uniq_0.vhd (2026-04-09 18:05:12, 2026-04-09 18:24:24) <-- (may instantiate this module)
                        C:\work\S127M\PCBNo_10089\SP0565_rev00_00\SP0565\reveal_workspace\tmpreveal\gpio_top_uniq_0.vhd (2026-04-09 18:05:12, 2026-04-09 18:24:24) <-- (may instantiate this module)
                        C:\work\S127M\PCBNo_10089\SP0565_rev00_00\SP0565\reveal_workspace\tmpreveal\sp0565.vhd (2026-04-09 18:05:12, 2026-04-09 18:24:24) <-- (may instantiate this module)
335      work.gpio_ip_reg_uniq_7.rtl may have changed because the following files changed:
                        C:\work\S127M\PCBNo_10089\SP0565_rev00_00\SP0565\reveal_workspace\tmpreveal\gpio_ip_reg_uniq_7.vhd (2026-04-09 18:05:12, 2026-04-09 18:24:24) <-- (architecture and entity definition)
                        C:\work\S127M\PCBNo_10089\SP0565_rev00_00\SP0565\reveal_workspace\tmpreveal\gpio_reg_uniq_0.vhd (2026-04-09 18:05:12, 2026-04-09 18:24:24) <-- (may instantiate this module)
                        C:\work\S127M\PCBNo_10089\SP0565_rev00_00\SP0565\reveal_workspace\tmpreveal\gpio_top_uniq_0.vhd (2026-04-09 18:05:12, 2026-04-09 18:24:24) <-- (may instantiate this module)
                        C:\work\S127M\PCBNo_10089\SP0565_rev00_00\SP0565\reveal_workspace\tmpreveal\sp0565.vhd (2026-04-09 18:05:12, 2026-04-09 18:24:24) <-- (may instantiate this module)
337      work.gpio_ip_reg_uniq_8.rtl may have changed because the following files changed:
                        C:\work\S127M\PCBNo_10089\SP0565_rev00_00\SP0565\reveal_workspace\tmpreveal\gpio_ip_reg_uniq_8.vhd (2026-04-09 18:05:12, 2026-04-09 18:24:24) <-- (architecture and entity definition)
                        C:\work\S127M\PCBNo_10089\SP0565_rev00_00\SP0565\reveal_workspace\tmpreveal\gpio_reg_uniq_0.vhd (2026-04-09 18:05:12, 2026-04-09 18:24:24) <-- (may instantiate this module)
                        C:\work\S127M\PCBNo_10089\SP0565_rev00_00\SP0565\reveal_workspace\tmpreveal\gpio_top_uniq_0.vhd (2026-04-09 18:05:12, 2026-04-09 18:24:24) <-- (may instantiate this module)
                        C:\work\S127M\PCBNo_10089\SP0565_rev00_00\SP0565\reveal_workspace\tmpreveal\sp0565.vhd (2026-04-09 18:05:12, 2026-04-09 18:24:24) <-- (may instantiate this module)
339      work.gpio_ip_reg_uniq_9.rtl may have changed because the following files changed:
                        C:\work\S127M\PCBNo_10089\SP0565_rev00_00\SP0565\reveal_workspace\tmpreveal\gpio_ip_reg_uniq_9.vhd (2026-04-09 18:05:12, 2026-04-09 18:24:24) <-- (architecture and entity definition)
                        C:\work\S127M\PCBNo_10089\SP0565_rev00_00\SP0565\reveal_workspace\tmpreveal\gpio_reg_uniq_0.vhd (2026-04-09 18:05:12, 2026-04-09 18:24:24) <-- (may instantiate this module)
                        C:\work\S127M\PCBNo_10089\SP0565_rev00_00\SP0565\reveal_workspace\tmpreveal\gpio_top_uniq_0.vhd (2026-04-09 18:05:12, 2026-04-09 18:24:24) <-- (may instantiate this module)
                        C:\work\S127M\PCBNo_10089\SP0565_rev00_00\SP0565\reveal_workspace\tmpreveal\sp0565.vhd (2026-04-09 18:05:12, 2026-04-09 18:24:24) <-- (may instantiate this module)
341      work.gpio_op_reg_uniq_0.rtl may have changed because the following files changed:
                        C:\work\S127M\PCBNo_10089\SP0565_rev00_00\SP0565\reveal_workspace\tmpreveal\gpio_op_reg_uniq_0.vhd (2026-04-09 18:05:12, 2026-04-09 18:24:24) <-- (architecture and entity definition)
                        C:\work\S127M\PCBNo_10089\SP0565_rev00_00\SP0565\reveal_workspace\tmpreveal\gpio_reg_uniq_0.vhd (2026-04-09 18:05:12, 2026-04-09 18:24:24) <-- (may instantiate this module)
                        C:\work\S127M\PCBNo_10089\SP0565_rev00_00\SP0565\reveal_workspace\tmpreveal\gpio_top_uniq_0.vhd (2026-04-09 18:05:12, 2026-04-09 18:24:24) <-- (may instantiate this module)
                        C:\work\S127M\PCBNo_10089\SP0565_rev00_00\SP0565\reveal_workspace\tmpreveal\sp0565.vhd (2026-04-09 18:05:12, 2026-04-09 18:24:24) <-- (may instantiate this module)
343      work.gpio_op_reg_uniq_1.rtl may have changed because the following files changed:
                        C:\work\S127M\PCBNo_10089\SP0565_rev00_00\SP0565\reveal_workspace\tmpreveal\gpio_op_reg_uniq_1.vhd (2026-04-09 18:05:12, 2026-04-09 18:24:24) <-- (architecture and entity definition)
                        C:\work\S127M\PCBNo_10089\SP0565_rev00_00\SP0565\reveal_workspace\tmpreveal\gpio_reg_uniq_0.vhd (2026-04-09 18:05:12, 2026-04-09 18:24:24) <-- (may instantiate this module)
                        C:\work\S127M\PCBNo_10089\SP0565_rev00_00\SP0565\reveal_workspace\tmpreveal\gpio_top_uniq_0.vhd (2026-04-09 18:05:12, 2026-04-09 18:24:24) <-- (may instantiate this module)
                        C:\work\S127M\PCBNo_10089\SP0565_rev00_00\SP0565\reveal_workspace\tmpreveal\sp0565.vhd (2026-04-09 18:05:12, 2026-04-09 18:24:24) <-- (may instantiate this module)
345      work.gpio_op_reg_uniq_10.rtl may have changed because the following files changed:
                        C:\work\S127M\PCBNo_10089\SP0565_rev00_00\SP0565\reveal_workspace\tmpreveal\gpio_op_reg_uniq_10.vhd (2026-04-09 18:05:12, 2026-04-09 18:24:25) <-- (architecture and entity definition)
                        C:\work\S127M\PCBNo_10089\SP0565_rev00_00\SP0565\reveal_workspace\tmpreveal\gpio_reg_uniq_0.vhd (2026-04-09 18:05:12, 2026-04-09 18:24:24) <-- (may instantiate this module)
                        C:\work\S127M\PCBNo_10089\SP0565_rev00_00\SP0565\reveal_workspace\tmpreveal\gpio_top_uniq_0.vhd (2026-04-09 18:05:12, 2026-04-09 18:24:24) <-- (may instantiate this module)
                        C:\work\S127M\PCBNo_10089\SP0565_rev00_00\SP0565\reveal_workspace\tmpreveal\sp0565.vhd (2026-04-09 18:05:12, 2026-04-09 18:24:24) <-- (may instantiate this module)
347      work.gpio_op_reg_uniq_11.rtl may have changed because the following files changed:
                        C:\work\S127M\PCBNo_10089\SP0565_rev00_00\SP0565\reveal_workspace\tmpreveal\gpio_op_reg_uniq_11.vhd (2026-04-09 18:05:12, 2026-04-09 18:24:25) <-- (architecture and entity definition)
                        C:\work\S127M\PCBNo_10089\SP0565_rev00_00\SP0565\reveal_workspace\tmpreveal\gpio_reg_uniq_0.vhd (2026-04-09 18:05:12, 2026-04-09 18:24:24) <-- (may instantiate this module)
                        C:\work\S127M\PCBNo_10089\SP0565_rev00_00\SP0565\reveal_workspace\tmpreveal\gpio_top_uniq_0.vhd (2026-04-09 18:05:12, 2026-04-09 18:24:24) <-- (may instantiate this module)
                        C:\work\S127M\PCBNo_10089\SP0565_rev00_00\SP0565\reveal_workspace\tmpreveal\sp0565.vhd (2026-04-09 18:05:12, 2026-04-09 18:24:24) <-- (may instantiate this module)
349      work.gpio_op_reg_uniq_12.rtl may have changed because the following files changed:
                        C:\work\S127M\PCBNo_10089\SP0565_rev00_00\SP0565\reveal_workspace\tmpreveal\gpio_op_reg_uniq_12.vhd (2026-04-09 18:05:12, 2026-04-09 18:24:25) <-- (architecture and entity definition)
                        C:\work\S127M\PCBNo_10089\SP0565_rev00_00\SP0565\reveal_workspace\tmpreveal\gpio_reg_uniq_0.vhd (2026-04-09 18:05:12, 2026-04-09 18:24:24) <-- (may instantiate this module)
                        C:\work\S127M\PCBNo_10089\SP0565_rev00_00\SP0565\reveal_workspace\tmpreveal\gpio_top_uniq_0.vhd (2026-04-09 18:05:12, 2026-04-09 18:24:24) <-- (may instantiate this module)
                        C:\work\S127M\PCBNo_10089\SP0565_rev00_00\SP0565\reveal_workspace\tmpreveal\sp0565.vhd (2026-04-09 18:05:12, 2026-04-09 18:24:24) <-- (may instantiate this module)
351      work.gpio_op_reg_uniq_13.rtl may have changed because the following files changed:
                        C:\work\S127M\PCBNo_10089\SP0565_rev00_00\SP0565\reveal_workspace\tmpreveal\gpio_op_reg_uniq_13.vhd (2026-04-09 18:05:12, 2026-04-09 18:24:25) <-- (architecture and entity definition)
                        C:\work\S127M\PCBNo_10089\SP0565_rev00_00\SP0565\reveal_workspace\tmpreveal\gpio_reg_uniq_0.vhd (2026-04-09 18:05:12, 2026-04-09 18:24:24) <-- (may instantiate this module)
                        C:\work\S127M\PCBNo_10089\SP0565_rev00_00\SP0565\reveal_workspace\tmpreveal\gpio_top_uniq_0.vhd (2026-04-09 18:05:12, 2026-04-09 18:24:24) <-- (may instantiate this module)
                        C:\work\S127M\PCBNo_10089\SP0565_rev00_00\SP0565\reveal_workspace\tmpreveal\sp0565.vhd (2026-04-09 18:05:12, 2026-04-09 18:24:24) <-- (may instantiate this module)
353      work.gpio_op_reg_uniq_14.rtl may have changed because the following files changed:
                        C:\work\S127M\PCBNo_10089\SP0565_rev00_00\SP0565\reveal_workspace\tmpreveal\gpio_op_reg_uniq_14.vhd (2026-04-09 18:05:12, 2026-04-09 18:24:25) <-- (architecture and entity definition)
                        C:\work\S127M\PCBNo_10089\SP0565_rev00_00\SP0565\reveal_workspace\tmpreveal\gpio_reg_uniq_0.vhd (2026-04-09 18:05:12, 2026-04-09 18:24:24) <-- (may instantiate this module)
                        C:\work\S127M\PCBNo_10089\SP0565_rev00_00\SP0565\reveal_workspace\tmpreveal\gpio_top_uniq_0.vhd (2026-04-09 18:05:12, 2026-04-09 18:24:24) <-- (may instantiate this module)
                        C:\work\S127M\PCBNo_10089\SP0565_rev00_00\SP0565\reveal_workspace\tmpreveal\sp0565.vhd (2026-04-09 18:05:12, 2026-04-09 18:24:24) <-- (may instantiate this module)
355      work.gpio_op_reg_uniq_15.rtl may have changed because the following files changed:
                        C:\work\S127M\PCBNo_10089\SP0565_rev00_00\SP0565\reveal_workspace\tmpreveal\gpio_op_reg_uniq_15.vhd (2026-04-09 18:05:12, 2026-04-09 18:24:25) <-- (architecture and entity definition)
                        C:\work\S127M\PCBNo_10089\SP0565_rev00_00\SP0565\reveal_workspace\tmpreveal\gpio_reg_uniq_0.vhd (2026-04-09 18:05:12, 2026-04-09 18:24:24) <-- (may instantiate this module)
                        C:\work\S127M\PCBNo_10089\SP0565_rev00_00\SP0565\reveal_workspace\tmpreveal\gpio_top_uniq_0.vhd (2026-04-09 18:05:12, 2026-04-09 18:24:24) <-- (may instantiate this module)
                        C:\work\S127M\PCBNo_10089\SP0565_rev00_00\SP0565\reveal_workspace\tmpreveal\sp0565.vhd (2026-04-09 18:05:12, 2026-04-09 18:24:24) <-- (may instantiate this module)
357      work.gpio_op_reg_uniq_16.rtl may have changed because the following files changed:
                        C:\work\S127M\PCBNo_10089\SP0565_rev00_00\SP0565\reveal_workspace\tmpreveal\gpio_op_reg_uniq_16.vhd (2026-04-09 18:05:12, 2026-04-09 18:24:25) <-- (architecture and entity definition)
                        C:\work\S127M\PCBNo_10089\SP0565_rev00_00\SP0565\reveal_workspace\tmpreveal\gpio_reg_uniq_0.vhd (2026-04-09 18:05:12, 2026-04-09 18:24:24) <-- (may instantiate this module)
                        C:\work\S127M\PCBNo_10089\SP0565_rev00_00\SP0565\reveal_workspace\tmpreveal\gpio_top_uniq_0.vhd (2026-04-09 18:05:12, 2026-04-09 18:24:24) <-- (may instantiate this module)
                        C:\work\S127M\PCBNo_10089\SP0565_rev00_00\SP0565\reveal_workspace\tmpreveal\sp0565.vhd (2026-04-09 18:05:12, 2026-04-09 18:24:24) <-- (may instantiate this module)
359      work.gpio_op_reg_uniq_17.rtl may have changed because the following files changed:
                        C:\work\S127M\PCBNo_10089\SP0565_rev00_00\SP0565\reveal_workspace\tmpreveal\gpio_op_reg_uniq_17.vhd (2026-04-09 18:05:12, 2026-04-09 18:24:25) <-- (architecture and entity definition)
                        C:\work\S127M\PCBNo_10089\SP0565_rev00_00\SP0565\reveal_workspace\tmpreveal\gpio_reg_uniq_0.vhd (2026-04-09 18:05:12, 2026-04-09 18:24:24) <-- (may instantiate this module)
                        C:\work\S127M\PCBNo_10089\SP0565_rev00_00\SP0565\reveal_workspace\tmpreveal\gpio_top_uniq_0.vhd (2026-04-09 18:05:12, 2026-04-09 18:24:24) <-- (may instantiate this module)
                        C:\work\S127M\PCBNo_10089\SP0565_rev00_00\SP0565\reveal_workspace\tmpreveal\sp0565.vhd (2026-04-09 18:05:12, 2026-04-09 18:24:24) <-- (may instantiate this module)
361      work.gpio_op_reg_uniq_18.rtl may have changed because the following files changed:
                        C:\work\S127M\PCBNo_10089\SP0565_rev00_00\SP0565\reveal_workspace\tmpreveal\gpio_op_reg_uniq_18.vhd (2026-04-09 18:05:12, 2026-04-09 18:24:25) <-- (architecture and entity definition)
                        C:\work\S127M\PCBNo_10089\SP0565_rev00_00\SP0565\reveal_workspace\tmpreveal\gpio_reg_uniq_0.vhd (2026-04-09 18:05:12, 2026-04-09 18:24:24) <-- (may instantiate this module)
                        C:\work\S127M\PCBNo_10089\SP0565_rev00_00\SP0565\reveal_workspace\tmpreveal\gpio_top_uniq_0.vhd (2026-04-09 18:05:12, 2026-04-09 18:24:24) <-- (may instantiate this module)
                        C:\work\S127M\PCBNo_10089\SP0565_rev00_00\SP0565\reveal_workspace\tmpreveal\sp0565.vhd (2026-04-09 18:05:12, 2026-04-09 18:24:24) <-- (may instantiate this module)
363      work.gpio_op_reg_uniq_19.rtl may have changed because the following files changed:
                        C:\work\S127M\PCBNo_10089\SP0565_rev00_00\SP0565\reveal_workspace\tmpreveal\gpio_op_reg_uniq_19.vhd (2026-04-09 18:05:12, 2026-04-09 18:24:25) <-- (architecture and entity definition)
                        C:\work\S127M\PCBNo_10089\SP0565_rev00_00\SP0565\reveal_workspace\tmpreveal\gpio_reg_uniq_0.vhd (2026-04-09 18:05:12, 2026-04-09 18:24:24) <-- (may instantiate this module)
                        C:\work\S127M\PCBNo_10089\SP0565_rev00_00\SP0565\reveal_workspace\tmpreveal\gpio_top_uniq_0.vhd (2026-04-09 18:05:12, 2026-04-09 18:24:24) <-- (may instantiate this module)
                        C:\work\S127M\PCBNo_10089\SP0565_rev00_00\SP0565\reveal_workspace\tmpreveal\sp0565.vhd (2026-04-09 18:05:12, 2026-04-09 18:24:24) <-- (may instantiate this module)
365      work.gpio_op_reg_uniq_2.rtl may have changed because the following files changed:
                        C:\work\S127M\PCBNo_10089\SP0565_rev00_00\SP0565\reveal_workspace\tmpreveal\gpio_op_reg_uniq_2.vhd (2026-04-09 18:05:12, 2026-04-09 18:24:24) <-- (architecture and entity definition)
                        C:\work\S127M\PCBNo_10089\SP0565_rev00_00\SP0565\reveal_workspace\tmpreveal\gpio_reg_uniq_0.vhd (2026-04-09 18:05:12, 2026-04-09 18:24:24) <-- (may instantiate this module)
                        C:\work\S127M\PCBNo_10089\SP0565_rev00_00\SP0565\reveal_workspace\tmpreveal\gpio_top_uniq_0.vhd (2026-04-09 18:05:12, 2026-04-09 18:24:24) <-- (may instantiate this module)
                        C:\work\S127M\PCBNo_10089\SP0565_rev00_00\SP0565\reveal_workspace\tmpreveal\sp0565.vhd (2026-04-09 18:05:12, 2026-04-09 18:24:24) <-- (may instantiate this module)
367      work.gpio_op_reg_uniq_20.rtl may have changed because the following files changed:
                        C:\work\S127M\PCBNo_10089\SP0565_rev00_00\SP0565\reveal_workspace\tmpreveal\gpio_op_reg_uniq_20.vhd (2026-04-09 18:05:12, 2026-04-09 18:24:25) <-- (architecture and entity definition)
                        C:\work\S127M\PCBNo_10089\SP0565_rev00_00\SP0565\reveal_workspace\tmpreveal\gpio_reg_uniq_0.vhd (2026-04-09 18:05:12, 2026-04-09 18:24:24) <-- (may instantiate this module)
                        C:\work\S127M\PCBNo_10089\SP0565_rev00_00\SP0565\reveal_workspace\tmpreveal\gpio_top_uniq_0.vhd (2026-04-09 18:05:12, 2026-04-09 18:24:24) <-- (may instantiate this module)
                        C:\work\S127M\PCBNo_10089\SP0565_rev00_00\SP0565\reveal_workspace\tmpreveal\sp0565.vhd (2026-04-09 18:05:12, 2026-04-09 18:24:24) <-- (may instantiate this module)
369      work.gpio_op_reg_uniq_21.rtl may have changed because the following files changed:
                        C:\work\S127M\PCBNo_10089\SP0565_rev00_00\SP0565\reveal_workspace\tmpreveal\gpio_op_reg_uniq_21.vhd (2026-04-09 18:05:12, 2026-04-09 18:24:25) <-- (architecture and entity definition)
                        C:\work\S127M\PCBNo_10089\SP0565_rev00_00\SP0565\reveal_workspace\tmpreveal\gpio_reg_uniq_0.vhd (2026-04-09 18:05:12, 2026-04-09 18:24:24) <-- (may instantiate this module)
                        C:\work\S127M\PCBNo_10089\SP0565_rev00_00\SP0565\reveal_workspace\tmpreveal\gpio_top_uniq_0.vhd (2026-04-09 18:05:12, 2026-04-09 18:24:24) <-- (may instantiate this module)
                        C:\work\S127M\PCBNo_10089\SP0565_rev00_00\SP0565\reveal_workspace\tmpreveal\sp0565.vhd (2026-04-09 18:05:12, 2026-04-09 18:24:24) <-- (may instantiate this module)
371      work.gpio_op_reg_uniq_22.rtl may have changed because the following files changed:
                        C:\work\S127M\PCBNo_10089\SP0565_rev00_00\SP0565\reveal_workspace\tmpreveal\gpio_op_reg_uniq_22.vhd (2026-04-09 18:05:12, 2026-04-09 18:24:25) <-- (architecture and entity definition)
                        C:\work\S127M\PCBNo_10089\SP0565_rev00_00\SP0565\reveal_workspace\tmpreveal\gpio_reg_uniq_0.vhd (2026-04-09 18:05:12, 2026-04-09 18:24:24) <-- (may instantiate this module)
                        C:\work\S127M\PCBNo_10089\SP0565_rev00_00\SP0565\reveal_workspace\tmpreveal\gpio_top_uniq_0.vhd (2026-04-09 18:05:12, 2026-04-09 18:24:24) <-- (may instantiate this module)
                        C:\work\S127M\PCBNo_10089\SP0565_rev00_00\SP0565\reveal_workspace\tmpreveal\sp0565.vhd (2026-04-09 18:05:12, 2026-04-09 18:24:24) <-- (may instantiate this module)
373      work.gpio_op_reg_uniq_23.rtl may have changed because the following files changed:
                        C:\work\S127M\PCBNo_10089\SP0565_rev00_00\SP0565\reveal_workspace\tmpreveal\gpio_op_reg_uniq_23.vhd (2026-04-09 18:05:12, 2026-04-09 18:24:25) <-- (architecture and entity definition)
                        C:\work\S127M\PCBNo_10089\SP0565_rev00_00\SP0565\reveal_workspace\tmpreveal\gpio_reg_uniq_0.vhd (2026-04-09 18:05:12, 2026-04-09 18:24:24) <-- (may instantiate this module)
                        C:\work\S127M\PCBNo_10089\SP0565_rev00_00\SP0565\reveal_workspace\tmpreveal\gpio_top_uniq_0.vhd (2026-04-09 18:05:12, 2026-04-09 18:24:24) <-- (may instantiate this module)
                        C:\work\S127M\PCBNo_10089\SP0565_rev00_00\SP0565\reveal_workspace\tmpreveal\sp0565.vhd (2026-04-09 18:05:12, 2026-04-09 18:24:24) <-- (may instantiate this module)
375      work.gpio_op_reg_uniq_24.rtl may have changed because the following files changed:
                        C:\work\S127M\PCBNo_10089\SP0565_rev00_00\SP0565\reveal_workspace\tmpreveal\gpio_op_reg_uniq_24.vhd (2026-04-09 18:05:12, 2026-04-09 18:24:25) <-- (architecture and entity definition)
                        C:\work\S127M\PCBNo_10089\SP0565_rev00_00\SP0565\reveal_workspace\tmpreveal\gpio_reg_uniq_0.vhd (2026-04-09 18:05:12, 2026-04-09 18:24:24) <-- (may instantiate this module)
                        C:\work\S127M\PCBNo_10089\SP0565_rev00_00\SP0565\reveal_workspace\tmpreveal\gpio_top_uniq_0.vhd (2026-04-09 18:05:12, 2026-04-09 18:24:24) <-- (may instantiate this module)
                        C:\work\S127M\PCBNo_10089\SP0565_rev00_00\SP0565\reveal_workspace\tmpreveal\sp0565.vhd (2026-04-09 18:05:12, 2026-04-09 18:24:24) <-- (may instantiate this module)
377      work.gpio_op_reg_uniq_25.rtl may have changed because the following files changed:
                        C:\work\S127M\PCBNo_10089\SP0565_rev00_00\SP0565\reveal_workspace\tmpreveal\gpio_op_reg_uniq_25.vhd (2026-04-09 18:05:12, 2026-04-09 18:24:25) <-- (architecture and entity definition)
                        C:\work\S127M\PCBNo_10089\SP0565_rev00_00\SP0565\reveal_workspace\tmpreveal\gpio_reg_uniq_0.vhd (2026-04-09 18:05:12, 2026-04-09 18:24:24) <-- (may instantiate this module)
                        C:\work\S127M\PCBNo_10089\SP0565_rev00_00\SP0565\reveal_workspace\tmpreveal\gpio_top_uniq_0.vhd (2026-04-09 18:05:12, 2026-04-09 18:24:24) <-- (may instantiate this module)
                        C:\work\S127M\PCBNo_10089\SP0565_rev00_00\SP0565\reveal_workspace\tmpreveal\sp0565.vhd (2026-04-09 18:05:12, 2026-04-09 18:24:24) <-- (may instantiate this module)
379      work.gpio_op_reg_uniq_26.rtl may have changed because the following files changed:
                        C:\work\S127M\PCBNo_10089\SP0565_rev00_00\SP0565\reveal_workspace\tmpreveal\gpio_op_reg_uniq_26.vhd (2026-04-09 18:05:12, 2026-04-09 18:24:25) <-- (architecture and entity definition)
                        C:\work\S127M\PCBNo_10089\SP0565_rev00_00\SP0565\reveal_workspace\tmpreveal\gpio_reg_uniq_0.vhd (2026-04-09 18:05:12, 2026-04-09 18:24:24) <-- (may instantiate this module)
                        C:\work\S127M\PCBNo_10089\SP0565_rev00_00\SP0565\reveal_workspace\tmpreveal\gpio_top_uniq_0.vhd (2026-04-09 18:05:12, 2026-04-09 18:24:24) <-- (may instantiate this module)
                        C:\work\S127M\PCBNo_10089\SP0565_rev00_00\SP0565\reveal_workspace\tmpreveal\sp0565.vhd (2026-04-09 18:05:12, 2026-04-09 18:24:24) <-- (may instantiate this module)
381      work.gpio_op_reg_uniq_27.rtl may have changed because the following files changed:
                        C:\work\S127M\PCBNo_10089\SP0565_rev00_00\SP0565\reveal_workspace\tmpreveal\gpio_op_reg_uniq_27.vhd (2026-04-09 18:05:12, 2026-04-09 18:24:25) <-- (architecture and entity definition)
                        C:\work\S127M\PCBNo_10089\SP0565_rev00_00\SP0565\reveal_workspace\tmpreveal\gpio_reg_uniq_0.vhd (2026-04-09 18:05:12, 2026-04-09 18:24:24) <-- (may instantiate this module)
                        C:\work\S127M\PCBNo_10089\SP0565_rev00_00\SP0565\reveal_workspace\tmpreveal\gpio_top_uniq_0.vhd (2026-04-09 18:05:12, 2026-04-09 18:24:24) <-- (may instantiate this module)
                        C:\work\S127M\PCBNo_10089\SP0565_rev00_00\SP0565\reveal_workspace\tmpreveal\sp0565.vhd (2026-04-09 18:05:12, 2026-04-09 18:24:24) <-- (may instantiate this module)
383      work.gpio_op_reg_uniq_28.rtl may have changed because the following files changed:
                        C:\work\S127M\PCBNo_10089\SP0565_rev00_00\SP0565\reveal_workspace\tmpreveal\gpio_op_reg_uniq_28.vhd (2026-04-09 18:05:12, 2026-04-09 18:24:25) <-- (architecture and entity definition)
                        C:\work\S127M\PCBNo_10089\SP0565_rev00_00\SP0565\reveal_workspace\tmpreveal\gpio_reg_uniq_0.vhd (2026-04-09 18:05:12, 2026-04-09 18:24:24) <-- (may instantiate this module)
                        C:\work\S127M\PCBNo_10089\SP0565_rev00_00\SP0565\reveal_workspace\tmpreveal\gpio_top_uniq_0.vhd (2026-04-09 18:05:12, 2026-04-09 18:24:24) <-- (may instantiate this module)
                        C:\work\S127M\PCBNo_10089\SP0565_rev00_00\SP0565\reveal_workspace\tmpreveal\sp0565.vhd (2026-04-09 18:05:12, 2026-04-09 18:24:24) <-- (may instantiate this module)
385      work.gpio_op_reg_uniq_29.rtl may have changed because the following files changed:
                        C:\work\S127M\PCBNo_10089\SP0565_rev00_00\SP0565\reveal_workspace\tmpreveal\gpio_op_reg_uniq_29.vhd (2026-04-09 18:05:12, 2026-04-09 18:24:25) <-- (architecture and entity definition)
                        C:\work\S127M\PCBNo_10089\SP0565_rev00_00\SP0565\reveal_workspace\tmpreveal\gpio_reg_uniq_0.vhd (2026-04-09 18:05:12, 2026-04-09 18:24:24) <-- (may instantiate this module)
                        C:\work\S127M\PCBNo_10089\SP0565_rev00_00\SP0565\reveal_workspace\tmpreveal\gpio_top_uniq_0.vhd (2026-04-09 18:05:12, 2026-04-09 18:24:24) <-- (may instantiate this module)
                        C:\work\S127M\PCBNo_10089\SP0565_rev00_00\SP0565\reveal_workspace\tmpreveal\sp0565.vhd (2026-04-09 18:05:12, 2026-04-09 18:24:24) <-- (may instantiate this module)
387      work.gpio_op_reg_uniq_3.rtl may have changed because the following files changed:
                        C:\work\S127M\PCBNo_10089\SP0565_rev00_00\SP0565\reveal_workspace\tmpreveal\gpio_op_reg_uniq_3.vhd (2026-04-09 18:05:12, 2026-04-09 18:24:24) <-- (architecture and entity definition)
                        C:\work\S127M\PCBNo_10089\SP0565_rev00_00\SP0565\reveal_workspace\tmpreveal\gpio_reg_uniq_0.vhd (2026-04-09 18:05:12, 2026-04-09 18:24:24) <-- (may instantiate this module)
                        C:\work\S127M\PCBNo_10089\SP0565_rev00_00\SP0565\reveal_workspace\tmpreveal\gpio_top_uniq_0.vhd (2026-04-09 18:05:12, 2026-04-09 18:24:24) <-- (may instantiate this module)
                        C:\work\S127M\PCBNo_10089\SP0565_rev00_00\SP0565\reveal_workspace\tmpreveal\sp0565.vhd (2026-04-09 18:05:12, 2026-04-09 18:24:24) <-- (may instantiate this module)
389      work.gpio_op_reg_uniq_30.rtl may have changed because the following files changed:
                        C:\work\S127M\PCBNo_10089\SP0565_rev00_00\SP0565\reveal_workspace\tmpreveal\gpio_op_reg_uniq_30.vhd (2026-04-09 18:05:12, 2026-04-09 18:24:25) <-- (architecture and entity definition)
                        C:\work\S127M\PCBNo_10089\SP0565_rev00_00\SP0565\reveal_workspace\tmpreveal\gpio_reg_uniq_0.vhd (2026-04-09 18:05:12, 2026-04-09 18:24:24) <-- (may instantiate this module)
                        C:\work\S127M\PCBNo_10089\SP0565_rev00_00\SP0565\reveal_workspace\tmpreveal\gpio_top_uniq_0.vhd (2026-04-09 18:05:12, 2026-04-09 18:24:24) <-- (may instantiate this module)
                        C:\work\S127M\PCBNo_10089\SP0565_rev00_00\SP0565\reveal_workspace\tmpreveal\sp0565.vhd (2026-04-09 18:05:12, 2026-04-09 18:24:24) <-- (may instantiate this module)
391      work.gpio_op_reg_uniq_31.rtl may have changed because the following files changed:
                        C:\work\S127M\PCBNo_10089\SP0565_rev00_00\SP0565\reveal_workspace\tmpreveal\gpio_op_reg_uniq_31.vhd (2026-04-09 18:05:12, 2026-04-09 18:24:25) <-- (architecture and entity definition)
                        C:\work\S127M\PCBNo_10089\SP0565_rev00_00\SP0565\reveal_workspace\tmpreveal\gpio_reg_uniq_0.vhd (2026-04-09 18:05:12, 2026-04-09 18:24:24) <-- (may instantiate this module)
                        C:\work\S127M\PCBNo_10089\SP0565_rev00_00\SP0565\reveal_workspace\tmpreveal\gpio_top_uniq_0.vhd (2026-04-09 18:05:12, 2026-04-09 18:24:24) <-- (may instantiate this module)
                        C:\work\S127M\PCBNo_10089\SP0565_rev00_00\SP0565\reveal_workspace\tmpreveal\sp0565.vhd (2026-04-09 18:05:12, 2026-04-09 18:24:24) <-- (may instantiate this module)
393      work.gpio_op_reg_uniq_4.rtl may have changed because the following files changed:
                        C:\work\S127M\PCBNo_10089\SP0565_rev00_00\SP0565\reveal_workspace\tmpreveal\gpio_op_reg_uniq_4.vhd (2026-04-09 18:05:12, 2026-04-09 18:24:24) <-- (architecture and entity definition)
                        C:\work\S127M\PCBNo_10089\SP0565_rev00_00\SP0565\reveal_workspace\tmpreveal\gpio_reg_uniq_0.vhd (2026-04-09 18:05:12, 2026-04-09 18:24:24) <-- (may instantiate this module)
                        C:\work\S127M\PCBNo_10089\SP0565_rev00_00\SP0565\reveal_workspace\tmpreveal\gpio_top_uniq_0.vhd (2026-04-09 18:05:12, 2026-04-09 18:24:24) <-- (may instantiate this module)
                        C:\work\S127M\PCBNo_10089\SP0565_rev00_00\SP0565\reveal_workspace\tmpreveal\sp0565.vhd (2026-04-09 18:05:12, 2026-04-09 18:24:24) <-- (may instantiate this module)
395      work.gpio_op_reg_uniq_5.rtl may have changed because the following files changed:
                        C:\work\S127M\PCBNo_10089\SP0565_rev00_00\SP0565\reveal_workspace\tmpreveal\gpio_op_reg_uniq_5.vhd (2026-04-09 18:05:12, 2026-04-09 18:24:24) <-- (architecture and entity definition)
                        C:\work\S127M\PCBNo_10089\SP0565_rev00_00\SP0565\reveal_workspace\tmpreveal\gpio_reg_uniq_0.vhd (2026-04-09 18:05:12, 2026-04-09 18:24:24) <-- (may instantiate this module)
                        C:\work\S127M\PCBNo_10089\SP0565_rev00_00\SP0565\reveal_workspace\tmpreveal\gpio_top_uniq_0.vhd (2026-04-09 18:05:12, 2026-04-09 18:24:24) <-- (may instantiate this module)
                        C:\work\S127M\PCBNo_10089\SP0565_rev00_00\SP0565\reveal_workspace\tmpreveal\sp0565.vhd (2026-04-09 18:05:12, 2026-04-09 18:24:24) <-- (may instantiate this module)
397      work.gpio_op_reg_uniq_6.rtl may have changed because the following files changed:
                        C:\work\S127M\PCBNo_10089\SP0565_rev00_00\SP0565\reveal_workspace\tmpreveal\gpio_op_reg_uniq_6.vhd (2026-04-09 18:05:12, 2026-04-09 18:24:24) <-- (architecture and entity definition)
                        C:\work\S127M\PCBNo_10089\SP0565_rev00_00\SP0565\reveal_workspace\tmpreveal\gpio_reg_uniq_0.vhd (2026-04-09 18:05:12, 2026-04-09 18:24:24) <-- (may instantiate this module)
                        C:\work\S127M\PCBNo_10089\SP0565_rev00_00\SP0565\reveal_workspace\tmpreveal\gpio_top_uniq_0.vhd (2026-04-09 18:05:12, 2026-04-09 18:24:24) <-- (may instantiate this module)
                        C:\work\S127M\PCBNo_10089\SP0565_rev00_00\SP0565\reveal_workspace\tmpreveal\sp0565.vhd (2026-04-09 18:05:12, 2026-04-09 18:24:24) <-- (may instantiate this module)
399      work.gpio_op_reg_uniq_7.rtl may have changed because the following files changed:
                        C:\work\S127M\PCBNo_10089\SP0565_rev00_00\SP0565\reveal_workspace\tmpreveal\gpio_op_reg_uniq_7.vhd (2026-04-09 18:05:12, 2026-04-09 18:24:24) <-- (architecture and entity definition)
                        C:\work\S127M\PCBNo_10089\SP0565_rev00_00\SP0565\reveal_workspace\tmpreveal\gpio_reg_uniq_0.vhd (2026-04-09 18:05:12, 2026-04-09 18:24:24) <-- (may instantiate this module)
                        C:\work\S127M\PCBNo_10089\SP0565_rev00_00\SP0565\reveal_workspace\tmpreveal\gpio_top_uniq_0.vhd (2026-04-09 18:05:12, 2026-04-09 18:24:24) <-- (may instantiate this module)
                        C:\work\S127M\PCBNo_10089\SP0565_rev00_00\SP0565\reveal_workspace\tmpreveal\sp0565.vhd (2026-04-09 18:05:12, 2026-04-09 18:24:24) <-- (may instantiate this module)
401      work.gpio_op_reg_uniq_8.rtl may have changed because the following files changed:
                        C:\work\S127M\PCBNo_10089\SP0565_rev00_00\SP0565\reveal_workspace\tmpreveal\gpio_op_reg_uniq_8.vhd (2026-04-09 18:05:12, 2026-04-09 18:24:24) <-- (architecture and entity definition)
                        C:\work\S127M\PCBNo_10089\SP0565_rev00_00\SP0565\reveal_workspace\tmpreveal\gpio_reg_uniq_0.vhd (2026-04-09 18:05:12, 2026-04-09 18:24:24) <-- (may instantiate this module)
                        C:\work\S127M\PCBNo_10089\SP0565_rev00_00\SP0565\reveal_workspace\tmpreveal\gpio_top_uniq_0.vhd (2026-04-09 18:05:12, 2026-04-09 18:24:24) <-- (may instantiate this module)
                        C:\work\S127M\PCBNo_10089\SP0565_rev00_00\SP0565\reveal_workspace\tmpreveal\sp0565.vhd (2026-04-09 18:05:12, 2026-04-09 18:24:24) <-- (may instantiate this module)
403      work.gpio_op_reg_uniq_9.rtl may have changed because the following files changed:
                        C:\work\S127M\PCBNo_10089\SP0565_rev00_00\SP0565\reveal_workspace\tmpreveal\gpio_op_reg_uniq_9.vhd (2026-04-09 18:05:12, 2026-04-09 18:24:24) <-- (architecture and entity definition)
                        C:\work\S127M\PCBNo_10089\SP0565_rev00_00\SP0565\reveal_workspace\tmpreveal\gpio_reg_uniq_0.vhd (2026-04-09 18:05:12, 2026-04-09 18:24:24) <-- (may instantiate this module)
                        C:\work\S127M\PCBNo_10089\SP0565_rev00_00\SP0565\reveal_workspace\tmpreveal\gpio_top_uniq_0.vhd (2026-04-09 18:05:12, 2026-04-09 18:24:24) <-- (may instantiate this module)
                        C:\work\S127M\PCBNo_10089\SP0565_rev00_00\SP0565\reveal_workspace\tmpreveal\sp0565.vhd (2026-04-09 18:05:12, 2026-04-09 18:24:24) <-- (may instantiate this module)
405      work.gpio_reg_uniq_0.rtl may have changed because the following files changed:
                        C:\work\S127M\PCBNo_10089\SP0565_rev00_00\SP0565\reveal_workspace\tmpreveal\gpio_reg_uniq_0.vhd (2026-04-09 18:05:12, 2026-04-09 18:24:24) <-- (architecture and entity definition)
                        C:\work\S127M\PCBNo_10089\SP0565_rev00_00\SP0565\reveal_workspace\tmpreveal\gpio_top_uniq_0.vhd (2026-04-09 18:05:12, 2026-04-09 18:24:24) <-- (may instantiate this module)
                        C:\work\S127M\PCBNo_10089\SP0565_rev00_00\SP0565\reveal_workspace\tmpreveal\sp0565.vhd (2026-04-09 18:05:12, 2026-04-09 18:24:24) <-- (may instantiate this module)
407      work.gpio_top_uniq_0.rtl may have changed because the following files changed:
                        C:\work\S127M\PCBNo_10089\SP0565_rev00_00\SP0565\reveal_workspace\tmpreveal\gpio_top_uniq_0.vhd (2026-04-09 18:05:12, 2026-04-09 18:24:24) <-- (architecture and entity definition)
                        C:\work\S127M\PCBNo_10089\SP0565_rev00_00\SP0565\reveal_workspace\tmpreveal\sp0565.vhd (2026-04-09 18:05:12, 2026-04-09 18:24:24) <-- (may instantiate this module)
415      work.jtagconn16.verilog may have changed because the following files changed:
                        C:\work\S127M\PCBNo_10089\SP0565_rev00_00\SP0565\reveal_workspace\tmpreveal\reveal_coretop.vhd (2026-04-09 18:05:12, 2026-04-09 18:24:24) <-- (may instantiate this module)
                        C:\work\S127M\PCBNo_10089\SP0565_rev00_00\SP0565\reveal_workspace\tmpreveal\sp0565.vhd (2026-04-09 18:05:12, 2026-04-09 18:24:24) <-- (may instantiate this module)
                        C:\work\S127M\PCBNo_10089\SP0565_rev00_00\SP0565\reveal_workspace\tmpreveal\sp0565_la0_gen.v (2026-04-09 18:05:11, 2026-04-09 18:24:23) <-- (may instantiate this module)
                        C:\work\S127M\PCBNo_10089\SP0565_rev00_00\SP0565\reveal_workspace\tmpreveal\sp0565_la0_trig_gen.v (2026-04-09 18:05:11, 2026-04-09 18:24:23) <-- (may instantiate this module)
418      work.linear_signal_ctrl_uniq_0.rtl may have changed because the following files changed:
                        C:\work\S127M\PCBNo_10089\SP0565_rev00_00\SP0565\reveal_workspace\tmpreveal\linear_signal_ctrl_uniq_0.vhd (2026-04-09 18:05:12, 2026-04-09 18:24:24) <-- (architecture and entity definition)
                        C:\work\S127M\PCBNo_10089\SP0565_rev00_00\SP0565\reveal_workspace\tmpreveal\sp0565.vhd (2026-04-09 18:05:12, 2026-04-09 18:24:24) <-- (may instantiate this module)
420      work.log_ca_dac_ctrl_uniq_0.rtl may have changed because the following files changed:
                        C:\work\S127M\PCBNo_10089\SP0565_rev00_00\SP0565\reveal_workspace\tmpreveal\dac081s101_top_uniq_0.vhd (2026-04-09 18:05:12, 2026-04-09 18:24:24) <-- (may instantiate this module)
                        C:\work\S127M\PCBNo_10089\SP0565_rev00_00\SP0565\reveal_workspace\tmpreveal\log_ca_dac_ctrl_uniq_0.vhd (2026-04-09 18:05:12, 2026-04-09 18:24:24) <-- (architecture and entity definition)
                        C:\work\S127M\PCBNo_10089\SP0565_rev00_00\SP0565\reveal_workspace\tmpreveal\sp0565.vhd (2026-04-09 18:05:12, 2026-04-09 18:24:24) <-- (may instantiate this module)
422      work.log_ca_dacclk_gen_uniq_0.rtl may have changed because the following files changed:
                        C:\work\S127M\PCBNo_10089\SP0565_rev00_00\SP0565\reveal_workspace\tmpreveal\dac081s101_top_uniq_0.vhd (2026-04-09 18:05:12, 2026-04-09 18:24:24) <-- (may instantiate this module)
                        C:\work\S127M\PCBNo_10089\SP0565_rev00_00\SP0565\reveal_workspace\tmpreveal\log_ca_dac_ctrl_uniq_0.vhd (2026-04-09 18:05:12, 2026-04-09 18:24:24) <-- (may instantiate this module)
                        C:\work\S127M\PCBNo_10089\SP0565_rev00_00\SP0565\reveal_workspace\tmpreveal\log_ca_dacclk_gen_uniq_0.vhd (2026-04-09 18:05:12, 2026-04-09 18:24:24) <-- (architecture and entity definition)
                        C:\work\S127M\PCBNo_10089\SP0565_rev00_00\SP0565\reveal_workspace\tmpreveal\sp0565.vhd (2026-04-09 18:05:12, 2026-04-09 18:24:24) <-- (may instantiate this module)
424      work.log_ca_dacif_seq_uniq_0.rtl may have changed because the following files changed:
                        C:\work\S127M\PCBNo_10089\SP0565_rev00_00\SP0565\reveal_workspace\tmpreveal\dac081s101_top_uniq_0.vhd (2026-04-09 18:05:12, 2026-04-09 18:24:24) <-- (may instantiate this module)
                        C:\work\S127M\PCBNo_10089\SP0565_rev00_00\SP0565\reveal_workspace\tmpreveal\log_ca_dac_ctrl_uniq_0.vhd (2026-04-09 18:05:12, 2026-04-09 18:24:24) <-- (may instantiate this module)
                        C:\work\S127M\PCBNo_10089\SP0565_rev00_00\SP0565\reveal_workspace\tmpreveal\log_ca_dacif_seq_uniq_0.vhd (2026-04-09 18:05:12, 2026-04-09 18:24:24) <-- (architecture and entity definition)
                        C:\work\S127M\PCBNo_10089\SP0565_rev00_00\SP0565\reveal_workspace\tmpreveal\sp0565.vhd (2026-04-09 18:05:12, 2026-04-09 18:24:24) <-- (may instantiate this module)
426      work.nd_sel_uniq_0.rtl may have changed because the following files changed:
                        C:\work\S127M\PCBNo_10089\SP0565_rev00_00\SP0565\reveal_workspace\tmpreveal\nd_sel_uniq_0.vhd (2026-04-09 18:05:12, 2026-04-09 18:24:24) <-- (architecture and entity definition)
                        C:\work\S127M\PCBNo_10089\SP0565_rev00_00\SP0565\reveal_workspace\tmpreveal\slv_com_top_uniq_0.vhd (2026-04-09 18:05:12, 2026-04-09 18:24:24) <-- (may instantiate this module)
                        C:\work\S127M\PCBNo_10089\SP0565_rev00_00\SP0565\reveal_workspace\tmpreveal\slv_ctrl_top_uniq_0.vhd (2026-04-09 18:05:12, 2026-04-09 18:24:24) <-- (may instantiate this module)
                        C:\work\S127M\PCBNo_10089\SP0565_rev00_00\SP0565\reveal_workspace\tmpreveal\sp0565.vhd (2026-04-09 18:05:12, 2026-04-09 18:24:24) <-- (may instantiate this module)
428      work.node_sel_uniq_0.rtl may have changed because the following files changed:
                        C:\work\S127M\PCBNo_10089\SP0565_rev00_00\SP0565\reveal_workspace\tmpreveal\node_sel_uniq_0.vhd (2026-04-09 18:05:12, 2026-04-09 18:24:24) <-- (architecture and entity definition)
                        C:\work\S127M\PCBNo_10089\SP0565_rev00_00\SP0565\reveal_workspace\tmpreveal\slv_com_top_uniq_0.vhd (2026-04-09 18:05:12, 2026-04-09 18:24:24) <-- (may instantiate this module)
                        C:\work\S127M\PCBNo_10089\SP0565_rev00_00\SP0565\reveal_workspace\tmpreveal\slv_ctrl_top_uniq_0.vhd (2026-04-09 18:05:12, 2026-04-09 18:24:24) <-- (may instantiate this module)
                        C:\work\S127M\PCBNo_10089\SP0565_rev00_00\SP0565\reveal_workspace\tmpreveal\sp0565.vhd (2026-04-09 18:05:12, 2026-04-09 18:24:24) <-- (may instantiate this module)
430      work.pll_gen_uniq_0.structure may have changed because the following files changed:
                        C:\work\S127M\PCBNo_10089\SP0565_rev00_00\SP0565\reveal_workspace\tmpreveal\clk_gen_s124m_uniq_0.vhd (2026-04-09 18:05:12, 2026-04-09 18:24:24) <-- (may instantiate this module)
                        C:\work\S127M\PCBNo_10089\SP0565_rev00_00\SP0565\reveal_workspace\tmpreveal\pll_gen_uniq_0.vhd (2026-04-09 18:05:12, 2026-04-09 18:24:24) <-- (architecture and entity definition)
                        C:\work\S127M\PCBNo_10089\SP0565_rev00_00\SP0565\reveal_workspace\tmpreveal\slv_com_top_uniq_0.vhd (2026-04-09 18:05:12, 2026-04-09 18:24:24) <-- (may instantiate this module)
                        C:\work\S127M\PCBNo_10089\SP0565_rev00_00\SP0565\reveal_workspace\tmpreveal\sp0565.vhd (2026-04-09 18:05:12, 2026-04-09 18:24:24) <-- (may instantiate this module)
434      work.pmi_add.verilog may have changed because the following files changed:
                        C:\work\S127M\PCBNo_10089\SP0565_rev00_00\SP0565\reveal_workspace\tmpreveal\reveal_coretop.vhd (2026-04-09 18:05:12, 2026-04-09 18:24:24) <-- (may instantiate this module)
                        C:\work\S127M\PCBNo_10089\SP0565_rev00_00\SP0565\reveal_workspace\tmpreveal\sp0565.vhd (2026-04-09 18:05:12, 2026-04-09 18:24:24) <-- (may instantiate this module)
                        C:\work\S127M\PCBNo_10089\SP0565_rev00_00\SP0565\reveal_workspace\tmpreveal\sp0565_la0_gen.v (2026-04-09 18:05:11, 2026-04-09 18:24:23) <-- (may instantiate this module)
                        C:\work\S127M\PCBNo_10089\SP0565_rev00_00\SP0565\reveal_workspace\tmpreveal\sp0565_la0_trig_gen.v (2026-04-09 18:05:11, 2026-04-09 18:24:23) <-- (may instantiate this module)
435      work.pmi_addsub.verilog may have changed because the following files changed:
                        C:\work\S127M\PCBNo_10089\SP0565_rev00_00\SP0565\reveal_workspace\tmpreveal\reveal_coretop.vhd (2026-04-09 18:05:12, 2026-04-09 18:24:24) <-- (may instantiate this module)
                        C:\work\S127M\PCBNo_10089\SP0565_rev00_00\SP0565\reveal_workspace\tmpreveal\sp0565.vhd (2026-04-09 18:05:12, 2026-04-09 18:24:24) <-- (may instantiate this module)
                        C:\work\S127M\PCBNo_10089\SP0565_rev00_00\SP0565\reveal_workspace\tmpreveal\sp0565_la0_gen.v (2026-04-09 18:05:11, 2026-04-09 18:24:23) <-- (may instantiate this module)
                        C:\work\S127M\PCBNo_10089\SP0565_rev00_00\SP0565\reveal_workspace\tmpreveal\sp0565_la0_trig_gen.v (2026-04-09 18:05:11, 2026-04-09 18:24:23) <-- (may instantiate this module)
436      work.pmi_complex_mult.verilog may have changed because the following files changed:
                        C:\work\S127M\PCBNo_10089\SP0565_rev00_00\SP0565\reveal_workspace\tmpreveal\reveal_coretop.vhd (2026-04-09 18:05:12, 2026-04-09 18:24:24) <-- (may instantiate this module)
                        C:\work\S127M\PCBNo_10089\SP0565_rev00_00\SP0565\reveal_workspace\tmpreveal\sp0565.vhd (2026-04-09 18:05:12, 2026-04-09 18:24:24) <-- (may instantiate this module)
                        C:\work\S127M\PCBNo_10089\SP0565_rev00_00\SP0565\reveal_workspace\tmpreveal\sp0565_la0_gen.v (2026-04-09 18:05:11, 2026-04-09 18:24:23) <-- (may instantiate this module)
                        C:\work\S127M\PCBNo_10089\SP0565_rev00_00\SP0565\reveal_workspace\tmpreveal\sp0565_la0_trig_gen.v (2026-04-09 18:05:11, 2026-04-09 18:24:23) <-- (may instantiate this module)
437      work.pmi_constant_mult.verilog may have changed because the following files changed:
                        C:\work\S127M\PCBNo_10089\SP0565_rev00_00\SP0565\reveal_workspace\tmpreveal\reveal_coretop.vhd (2026-04-09 18:05:12, 2026-04-09 18:24:24) <-- (may instantiate this module)
                        C:\work\S127M\PCBNo_10089\SP0565_rev00_00\SP0565\reveal_workspace\tmpreveal\sp0565.vhd (2026-04-09 18:05:12, 2026-04-09 18:24:24) <-- (may instantiate this module)
                        C:\work\S127M\PCBNo_10089\SP0565_rev00_00\SP0565\reveal_workspace\tmpreveal\sp0565_la0_gen.v (2026-04-09 18:05:11, 2026-04-09 18:24:23) <-- (may instantiate this module)
                        C:\work\S127M\PCBNo_10089\SP0565_rev00_00\SP0565\reveal_workspace\tmpreveal\sp0565_la0_trig_gen.v (2026-04-09 18:05:11, 2026-04-09 18:24:23) <-- (may instantiate this module)
438      work.pmi_counter.verilog may have changed because the following files changed:
                        C:\work\S127M\PCBNo_10089\SP0565_rev00_00\SP0565\reveal_workspace\tmpreveal\reveal_coretop.vhd (2026-04-09 18:05:12, 2026-04-09 18:24:24) <-- (may instantiate this module)
                        C:\work\S127M\PCBNo_10089\SP0565_rev00_00\SP0565\reveal_workspace\tmpreveal\sp0565.vhd (2026-04-09 18:05:12, 2026-04-09 18:24:24) <-- (may instantiate this module)
                        C:\work\S127M\PCBNo_10089\SP0565_rev00_00\SP0565\reveal_workspace\tmpreveal\sp0565_la0_gen.v (2026-04-09 18:05:11, 2026-04-09 18:24:23) <-- (may instantiate this module)
                        C:\work\S127M\PCBNo_10089\SP0565_rev00_00\SP0565\reveal_workspace\tmpreveal\sp0565_la0_trig_gen.v (2026-04-09 18:05:11, 2026-04-09 18:24:23) <-- (may instantiate this module)
439      work.pmi_distributed_dpram.verilog may have changed because the following files changed:
                        C:\work\S127M\PCBNo_10089\SP0565_rev00_00\SP0565\reveal_workspace\tmpreveal\reveal_coretop.vhd (2026-04-09 18:05:12, 2026-04-09 18:24:24) <-- (may instantiate this module)
                        C:\work\S127M\PCBNo_10089\SP0565_rev00_00\SP0565\reveal_workspace\tmpreveal\sp0565.vhd (2026-04-09 18:05:12, 2026-04-09 18:24:24) <-- (may instantiate this module)
                        C:\work\S127M\PCBNo_10089\SP0565_rev00_00\SP0565\reveal_workspace\tmpreveal\sp0565_la0_gen.v (2026-04-09 18:05:11, 2026-04-09 18:24:23) <-- (may instantiate this module)
                        C:\work\S127M\PCBNo_10089\SP0565_rev00_00\SP0565\reveal_workspace\tmpreveal\sp0565_la0_trig_gen.v (2026-04-09 18:05:11, 2026-04-09 18:24:23) <-- (may instantiate this module)
440      work.pmi_distributed_rom.verilog may have changed because the following files changed:
                        C:\work\S127M\PCBNo_10089\SP0565_rev00_00\SP0565\reveal_workspace\tmpreveal\reveal_coretop.vhd (2026-04-09 18:05:12, 2026-04-09 18:24:24) <-- (may instantiate this module)
                        C:\work\S127M\PCBNo_10089\SP0565_rev00_00\SP0565\reveal_workspace\tmpreveal\sp0565.vhd (2026-04-09 18:05:12, 2026-04-09 18:24:24) <-- (may instantiate this module)
                        C:\work\S127M\PCBNo_10089\SP0565_rev00_00\SP0565\reveal_workspace\tmpreveal\sp0565_la0_gen.v (2026-04-09 18:05:11, 2026-04-09 18:24:23) <-- (may instantiate this module)
                        C:\work\S127M\PCBNo_10089\SP0565_rev00_00\SP0565\reveal_workspace\tmpreveal\sp0565_la0_trig_gen.v (2026-04-09 18:05:11, 2026-04-09 18:24:23) <-- (may instantiate this module)
441      work.pmi_distributed_shift_reg.verilog may have changed because the following files changed:
                        C:\work\S127M\PCBNo_10089\SP0565_rev00_00\SP0565\reveal_workspace\tmpreveal\reveal_coretop.vhd (2026-04-09 18:05:12, 2026-04-09 18:24:24) <-- (may instantiate this module)
                        C:\work\S127M\PCBNo_10089\SP0565_rev00_00\SP0565\reveal_workspace\tmpreveal\sp0565.vhd (2026-04-09 18:05:12, 2026-04-09 18:24:24) <-- (may instantiate this module)
                        C:\work\S127M\PCBNo_10089\SP0565_rev00_00\SP0565\reveal_workspace\tmpreveal\sp0565_la0_gen.v (2026-04-09 18:05:11, 2026-04-09 18:24:23) <-- (may instantiate this module)
                        C:\work\S127M\PCBNo_10089\SP0565_rev00_00\SP0565\reveal_workspace\tmpreveal\sp0565_la0_trig_gen.v (2026-04-09 18:05:11, 2026-04-09 18:24:23) <-- (may instantiate this module)
442      work.pmi_distributed_spram.verilog may have changed because the following files changed:
                        C:\work\S127M\PCBNo_10089\SP0565_rev00_00\SP0565\reveal_workspace\tmpreveal\reveal_coretop.vhd (2026-04-09 18:05:12, 2026-04-09 18:24:24) <-- (may instantiate this module)
                        C:\work\S127M\PCBNo_10089\SP0565_rev00_00\SP0565\reveal_workspace\tmpreveal\sp0565.vhd (2026-04-09 18:05:12, 2026-04-09 18:24:24) <-- (may instantiate this module)
                        C:\work\S127M\PCBNo_10089\SP0565_rev00_00\SP0565\reveal_workspace\tmpreveal\sp0565_la0_gen.v (2026-04-09 18:05:11, 2026-04-09 18:24:23) <-- (may instantiate this module)
                        C:\work\S127M\PCBNo_10089\SP0565_rev00_00\SP0565\reveal_workspace\tmpreveal\sp0565_la0_trig_gen.v (2026-04-09 18:05:11, 2026-04-09 18:24:23) <-- (may instantiate this module)
443      work.pmi_dsp_casmultaddsub.verilog may have changed because the following files changed:
                        C:\work\S127M\PCBNo_10089\SP0565_rev00_00\SP0565\reveal_workspace\tmpreveal\reveal_coretop.vhd (2026-04-09 18:05:12, 2026-04-09 18:24:24) <-- (may instantiate this module)
                        C:\work\S127M\PCBNo_10089\SP0565_rev00_00\SP0565\reveal_workspace\tmpreveal\sp0565.vhd (2026-04-09 18:05:12, 2026-04-09 18:24:24) <-- (may instantiate this module)
                        C:\work\S127M\PCBNo_10089\SP0565_rev00_00\SP0565\reveal_workspace\tmpreveal\sp0565_la0_gen.v (2026-04-09 18:05:11, 2026-04-09 18:24:23) <-- (may instantiate this module)
                        C:\work\S127M\PCBNo_10089\SP0565_rev00_00\SP0565\reveal_workspace\tmpreveal\sp0565_la0_trig_gen.v (2026-04-09 18:05:11, 2026-04-09 18:24:23) <-- (may instantiate this module)
444      work.pmi_dsp_mac.verilog may have changed because the following files changed:
                        C:\work\S127M\PCBNo_10089\SP0565_rev00_00\SP0565\reveal_workspace\tmpreveal\reveal_coretop.vhd (2026-04-09 18:05:12, 2026-04-09 18:24:24) <-- (may instantiate this module)
                        C:\work\S127M\PCBNo_10089\SP0565_rev00_00\SP0565\reveal_workspace\tmpreveal\sp0565.vhd (2026-04-09 18:05:12, 2026-04-09 18:24:24) <-- (may instantiate this module)
                        C:\work\S127M\PCBNo_10089\SP0565_rev00_00\SP0565\reveal_workspace\tmpreveal\sp0565_la0_gen.v (2026-04-09 18:05:11, 2026-04-09 18:24:23) <-- (may instantiate this module)
                        C:\work\S127M\PCBNo_10089\SP0565_rev00_00\SP0565\reveal_workspace\tmpreveal\sp0565_la0_trig_gen.v (2026-04-09 18:05:11, 2026-04-09 18:24:23) <-- (may instantiate this module)
445      work.pmi_dsp_mult.verilog may have changed because the following files changed:
                        C:\work\S127M\PCBNo_10089\SP0565_rev00_00\SP0565\reveal_workspace\tmpreveal\reveal_coretop.vhd (2026-04-09 18:05:12, 2026-04-09 18:24:24) <-- (may instantiate this module)
                        C:\work\S127M\PCBNo_10089\SP0565_rev00_00\SP0565\reveal_workspace\tmpreveal\sp0565.vhd (2026-04-09 18:05:12, 2026-04-09 18:24:24) <-- (may instantiate this module)
                        C:\work\S127M\PCBNo_10089\SP0565_rev00_00\SP0565\reveal_workspace\tmpreveal\sp0565_la0_gen.v (2026-04-09 18:05:11, 2026-04-09 18:24:23) <-- (may instantiate this module)
                        C:\work\S127M\PCBNo_10089\SP0565_rev00_00\SP0565\reveal_workspace\tmpreveal\sp0565_la0_trig_gen.v (2026-04-09 18:05:11, 2026-04-09 18:24:23) <-- (may instantiate this module)
446      work.pmi_dsp_multaddsub.verilog may have changed because the following files changed:
                        C:\work\S127M\PCBNo_10089\SP0565_rev00_00\SP0565\reveal_workspace\tmpreveal\reveal_coretop.vhd (2026-04-09 18:05:12, 2026-04-09 18:24:24) <-- (may instantiate this module)
                        C:\work\S127M\PCBNo_10089\SP0565_rev00_00\SP0565\reveal_workspace\tmpreveal\sp0565.vhd (2026-04-09 18:05:12, 2026-04-09 18:24:24) <-- (may instantiate this module)
                        C:\work\S127M\PCBNo_10089\SP0565_rev00_00\SP0565\reveal_workspace\tmpreveal\sp0565_la0_gen.v (2026-04-09 18:05:11, 2026-04-09 18:24:23) <-- (may instantiate this module)
                        C:\work\S127M\PCBNo_10089\SP0565_rev00_00\SP0565\reveal_workspace\tmpreveal\sp0565_la0_trig_gen.v (2026-04-09 18:05:11, 2026-04-09 18:24:23) <-- (may instantiate this module)
447      work.pmi_dsp_multaddsubsum.verilog may have changed because the following files changed:
                        C:\work\S127M\PCBNo_10089\SP0565_rev00_00\SP0565\reveal_workspace\tmpreveal\reveal_coretop.vhd (2026-04-09 18:05:12, 2026-04-09 18:24:24) <-- (may instantiate this module)
                        C:\work\S127M\PCBNo_10089\SP0565_rev00_00\SP0565\reveal_workspace\tmpreveal\sp0565.vhd (2026-04-09 18:05:12, 2026-04-09 18:24:24) <-- (may instantiate this module)
                        C:\work\S127M\PCBNo_10089\SP0565_rev00_00\SP0565\reveal_workspace\tmpreveal\sp0565_la0_gen.v (2026-04-09 18:05:11, 2026-04-09 18:24:23) <-- (may instantiate this module)
                        C:\work\S127M\PCBNo_10089\SP0565_rev00_00\SP0565\reveal_workspace\tmpreveal\sp0565_la0_trig_gen.v (2026-04-09 18:05:11, 2026-04-09 18:24:23) <-- (may instantiate this module)
448      work.pmi_dsp_preadd_slice.verilog may have changed because the following files changed:
                        C:\work\S127M\PCBNo_10089\SP0565_rev00_00\SP0565\reveal_workspace\tmpreveal\reveal_coretop.vhd (2026-04-09 18:05:12, 2026-04-09 18:24:24) <-- (may instantiate this module)
                        C:\work\S127M\PCBNo_10089\SP0565_rev00_00\SP0565\reveal_workspace\tmpreveal\sp0565.vhd (2026-04-09 18:05:12, 2026-04-09 18:24:24) <-- (may instantiate this module)
                        C:\work\S127M\PCBNo_10089\SP0565_rev00_00\SP0565\reveal_workspace\tmpreveal\sp0565_la0_gen.v (2026-04-09 18:05:11, 2026-04-09 18:24:23) <-- (may instantiate this module)
                        C:\work\S127M\PCBNo_10089\SP0565_rev00_00\SP0565\reveal_workspace\tmpreveal\sp0565_la0_trig_gen.v (2026-04-09 18:05:11, 2026-04-09 18:24:23) <-- (may instantiate this module)
449      work.pmi_fifo.verilog may have changed because the following files changed:
                        C:\work\S127M\PCBNo_10089\SP0565_rev00_00\SP0565\reveal_workspace\tmpreveal\reveal_coretop.vhd (2026-04-09 18:05:12, 2026-04-09 18:24:24) <-- (may instantiate this module)
                        C:\work\S127M\PCBNo_10089\SP0565_rev00_00\SP0565\reveal_workspace\tmpreveal\sp0565.vhd (2026-04-09 18:05:12, 2026-04-09 18:24:24) <-- (may instantiate this module)
                        C:\work\S127M\PCBNo_10089\SP0565_rev00_00\SP0565\reveal_workspace\tmpreveal\sp0565_la0_gen.v (2026-04-09 18:05:11, 2026-04-09 18:24:23) <-- (may instantiate this module)
                        C:\work\S127M\PCBNo_10089\SP0565_rev00_00\SP0565\reveal_workspace\tmpreveal\sp0565_la0_trig_gen.v (2026-04-09 18:05:11, 2026-04-09 18:24:23) <-- (may instantiate this module)
450      work.pmi_fifo_dc.verilog may have changed because the following files changed:
                        C:\work\S127M\PCBNo_10089\SP0565_rev00_00\SP0565\reveal_workspace\tmpreveal\reveal_coretop.vhd (2026-04-09 18:05:12, 2026-04-09 18:24:24) <-- (may instantiate this module)
                        C:\work\S127M\PCBNo_10089\SP0565_rev00_00\SP0565\reveal_workspace\tmpreveal\sp0565.vhd (2026-04-09 18:05:12, 2026-04-09 18:24:24) <-- (may instantiate this module)
                        C:\work\S127M\PCBNo_10089\SP0565_rev00_00\SP0565\reveal_workspace\tmpreveal\sp0565_la0_gen.v (2026-04-09 18:05:11, 2026-04-09 18:24:23) <-- (may instantiate this module)
                        C:\work\S127M\PCBNo_10089\SP0565_rev00_00\SP0565\reveal_workspace\tmpreveal\sp0565_la0_trig_gen.v (2026-04-09 18:05:11, 2026-04-09 18:24:23) <-- (may instantiate this module)
451      work.pmi_mac.verilog may have changed because the following files changed:
                        C:\work\S127M\PCBNo_10089\SP0565_rev00_00\SP0565\reveal_workspace\tmpreveal\reveal_coretop.vhd (2026-04-09 18:05:12, 2026-04-09 18:24:24) <-- (may instantiate this module)
                        C:\work\S127M\PCBNo_10089\SP0565_rev00_00\SP0565\reveal_workspace\tmpreveal\sp0565.vhd (2026-04-09 18:05:12, 2026-04-09 18:24:24) <-- (may instantiate this module)
                        C:\work\S127M\PCBNo_10089\SP0565_rev00_00\SP0565\reveal_workspace\tmpreveal\sp0565_la0_gen.v (2026-04-09 18:05:11, 2026-04-09 18:24:23) <-- (may instantiate this module)
                        C:\work\S127M\PCBNo_10089\SP0565_rev00_00\SP0565\reveal_workspace\tmpreveal\sp0565_la0_trig_gen.v (2026-04-09 18:05:11, 2026-04-09 18:24:23) <-- (may instantiate this module)
452      work.pmi_mult.verilog may have changed because the following files changed:
                        C:\work\S127M\PCBNo_10089\SP0565_rev00_00\SP0565\reveal_workspace\tmpreveal\reveal_coretop.vhd (2026-04-09 18:05:12, 2026-04-09 18:24:24) <-- (may instantiate this module)
                        C:\work\S127M\PCBNo_10089\SP0565_rev00_00\SP0565\reveal_workspace\tmpreveal\sp0565.vhd (2026-04-09 18:05:12, 2026-04-09 18:24:24) <-- (may instantiate this module)
                        C:\work\S127M\PCBNo_10089\SP0565_rev00_00\SP0565\reveal_workspace\tmpreveal\sp0565_la0_gen.v (2026-04-09 18:05:11, 2026-04-09 18:24:23) <-- (may instantiate this module)
                        C:\work\S127M\PCBNo_10089\SP0565_rev00_00\SP0565\reveal_workspace\tmpreveal\sp0565_la0_trig_gen.v (2026-04-09 18:05:11, 2026-04-09 18:24:23) <-- (may instantiate this module)
453      work.pmi_multaddsub.verilog may have changed because the following files changed:
                        C:\work\S127M\PCBNo_10089\SP0565_rev00_00\SP0565\reveal_workspace\tmpreveal\reveal_coretop.vhd (2026-04-09 18:05:12, 2026-04-09 18:24:24) <-- (may instantiate this module)
                        C:\work\S127M\PCBNo_10089\SP0565_rev00_00\SP0565\reveal_workspace\tmpreveal\sp0565.vhd (2026-04-09 18:05:12, 2026-04-09 18:24:24) <-- (may instantiate this module)
                        C:\work\S127M\PCBNo_10089\SP0565_rev00_00\SP0565\reveal_workspace\tmpreveal\sp0565_la0_gen.v (2026-04-09 18:05:11, 2026-04-09 18:24:23) <-- (may instantiate this module)
                        C:\work\S127M\PCBNo_10089\SP0565_rev00_00\SP0565\reveal_workspace\tmpreveal\sp0565_la0_trig_gen.v (2026-04-09 18:05:11, 2026-04-09 18:24:23) <-- (may instantiate this module)
454      work.pmi_multaddsubsum.verilog may have changed because the following files changed:
                        C:\work\S127M\PCBNo_10089\SP0565_rev00_00\SP0565\reveal_workspace\tmpreveal\reveal_coretop.vhd (2026-04-09 18:05:12, 2026-04-09 18:24:24) <-- (may instantiate this module)
                        C:\work\S127M\PCBNo_10089\SP0565_rev00_00\SP0565\reveal_workspace\tmpreveal\sp0565.vhd (2026-04-09 18:05:12, 2026-04-09 18:24:24) <-- (may instantiate this module)
                        C:\work\S127M\PCBNo_10089\SP0565_rev00_00\SP0565\reveal_workspace\tmpreveal\sp0565_la0_gen.v (2026-04-09 18:05:11, 2026-04-09 18:24:23) <-- (may instantiate this module)
                        C:\work\S127M\PCBNo_10089\SP0565_rev00_00\SP0565\reveal_workspace\tmpreveal\sp0565_la0_trig_gen.v (2026-04-09 18:05:11, 2026-04-09 18:24:23) <-- (may instantiate this module)
455      work.pmi_pll.verilog may have changed because the following files changed:
                        C:\work\S127M\PCBNo_10089\SP0565_rev00_00\SP0565\reveal_workspace\tmpreveal\reveal_coretop.vhd (2026-04-09 18:05:12, 2026-04-09 18:24:24) <-- (may instantiate this module)
                        C:\work\S127M\PCBNo_10089\SP0565_rev00_00\SP0565\reveal_workspace\tmpreveal\sp0565.vhd (2026-04-09 18:05:12, 2026-04-09 18:24:24) <-- (may instantiate this module)
                        C:\work\S127M\PCBNo_10089\SP0565_rev00_00\SP0565\reveal_workspace\tmpreveal\sp0565_la0_gen.v (2026-04-09 18:05:11, 2026-04-09 18:24:23) <-- (may instantiate this module)
                        C:\work\S127M\PCBNo_10089\SP0565_rev00_00\SP0565\reveal_workspace\tmpreveal\sp0565_la0_trig_gen.v (2026-04-09 18:05:11, 2026-04-09 18:24:23) <-- (may instantiate this module)
456      work.pmi_pll_fp.verilog may have changed because the following files changed:
                        C:\work\S127M\PCBNo_10089\SP0565_rev00_00\SP0565\reveal_workspace\tmpreveal\reveal_coretop.vhd (2026-04-09 18:05:12, 2026-04-09 18:24:24) <-- (may instantiate this module)
                        C:\work\S127M\PCBNo_10089\SP0565_rev00_00\SP0565\reveal_workspace\tmpreveal\sp0565.vhd (2026-04-09 18:05:12, 2026-04-09 18:24:24) <-- (may instantiate this module)
                        C:\work\S127M\PCBNo_10089\SP0565_rev00_00\SP0565\reveal_workspace\tmpreveal\sp0565_la0_gen.v (2026-04-09 18:05:11, 2026-04-09 18:24:23) <-- (may instantiate this module)
                        C:\work\S127M\PCBNo_10089\SP0565_rev00_00\SP0565\reveal_workspace\tmpreveal\sp0565_la0_trig_gen.v (2026-04-09 18:05:11, 2026-04-09 18:24:23) <-- (may instantiate this module)
457      work.pmi_ram_dp.verilog may have changed because the following files changed:
                        C:\work\S127M\PCBNo_10089\SP0565_rev00_00\SP0565\reveal_workspace\tmpreveal\reveal_coretop.vhd (2026-04-09 18:05:12, 2026-04-09 18:24:24) <-- (may instantiate this module)
                        C:\work\S127M\PCBNo_10089\SP0565_rev00_00\SP0565\reveal_workspace\tmpreveal\sp0565.vhd (2026-04-09 18:05:12, 2026-04-09 18:24:24) <-- (may instantiate this module)
                        C:\work\S127M\PCBNo_10089\SP0565_rev00_00\SP0565\reveal_workspace\tmpreveal\sp0565_la0_gen.v (2026-04-09 18:05:11, 2026-04-09 18:24:23) <-- (may instantiate this module)
                        C:\work\S127M\PCBNo_10089\SP0565_rev00_00\SP0565\reveal_workspace\tmpreveal\sp0565_la0_trig_gen.v (2026-04-09 18:05:11, 2026-04-09 18:24:23) <-- (may instantiate this module)
458      work.pmi_ram_dp_be.verilog may have changed because the following files changed:
                        C:\work\S127M\PCBNo_10089\SP0565_rev00_00\SP0565\reveal_workspace\tmpreveal\reveal_coretop.vhd (2026-04-09 18:05:12, 2026-04-09 18:24:24) <-- (may instantiate this module)
                        C:\work\S127M\PCBNo_10089\SP0565_rev00_00\SP0565\reveal_workspace\tmpreveal\sp0565.vhd (2026-04-09 18:05:12, 2026-04-09 18:24:24) <-- (may instantiate this module)
                        C:\work\S127M\PCBNo_10089\SP0565_rev00_00\SP0565\reveal_workspace\tmpreveal\sp0565_la0_gen.v (2026-04-09 18:05:11, 2026-04-09 18:24:23) <-- (may instantiate this module)
                        C:\work\S127M\PCBNo_10089\SP0565_rev00_00\SP0565\reveal_workspace\tmpreveal\sp0565_la0_trig_gen.v (2026-04-09 18:05:11, 2026-04-09 18:24:23) <-- (may instantiate this module)
459      work.pmi_ram_dp_true.verilog may have changed because the following files changed:
                        C:\work\S127M\PCBNo_10089\SP0565_rev00_00\SP0565\reveal_workspace\tmpreveal\reveal_coretop.vhd (2026-04-09 18:05:12, 2026-04-09 18:24:24) <-- (may instantiate this module)
                        C:\work\S127M\PCBNo_10089\SP0565_rev00_00\SP0565\reveal_workspace\tmpreveal\sp0565.vhd (2026-04-09 18:05:12, 2026-04-09 18:24:24) <-- (may instantiate this module)
                        C:\work\S127M\PCBNo_10089\SP0565_rev00_00\SP0565\reveal_workspace\tmpreveal\sp0565_la0_gen.v (2026-04-09 18:05:11, 2026-04-09 18:24:23) <-- (may instantiate this module)
                        C:\work\S127M\PCBNo_10089\SP0565_rev00_00\SP0565\reveal_workspace\tmpreveal\sp0565_la0_trig_gen.v (2026-04-09 18:05:11, 2026-04-09 18:24:23) <-- (may instantiate this module)
460      work.pmi_ram_dp_true_be.verilog may have changed because the following files changed:
                        C:\work\S127M\PCBNo_10089\SP0565_rev00_00\SP0565\reveal_workspace\tmpreveal\reveal_coretop.vhd (2026-04-09 18:05:12, 2026-04-09 18:24:24) <-- (may instantiate this module)
                        C:\work\S127M\PCBNo_10089\SP0565_rev00_00\SP0565\reveal_workspace\tmpreveal\sp0565.vhd (2026-04-09 18:05:12, 2026-04-09 18:24:24) <-- (may instantiate this module)
                        C:\work\S127M\PCBNo_10089\SP0565_rev00_00\SP0565\reveal_workspace\tmpreveal\sp0565_la0_gen.v (2026-04-09 18:05:11, 2026-04-09 18:24:23) <-- (may instantiate this module)
                        C:\work\S127M\PCBNo_10089\SP0565_rev00_00\SP0565\reveal_workspace\tmpreveal\sp0565_la0_trig_gen.v (2026-04-09 18:05:11, 2026-04-09 18:24:23) <-- (may instantiate this module)
461      work.pmi_ram_dq.verilog may have changed because the following files changed:
                        C:\work\S127M\PCBNo_10089\SP0565_rev00_00\SP0565\reveal_workspace\tmpreveal\reveal_coretop.vhd (2026-04-09 18:05:12, 2026-04-09 18:24:24) <-- (may instantiate this module)
                        C:\work\S127M\PCBNo_10089\SP0565_rev00_00\SP0565\reveal_workspace\tmpreveal\sp0565.vhd (2026-04-09 18:05:12, 2026-04-09 18:24:24) <-- (may instantiate this module)
                        C:\work\S127M\PCBNo_10089\SP0565_rev00_00\SP0565\reveal_workspace\tmpreveal\sp0565_la0_gen.v (2026-04-09 18:05:11, 2026-04-09 18:24:23) <-- (may instantiate this module)
                        C:\work\S127M\PCBNo_10089\SP0565_rev00_00\SP0565\reveal_workspace\tmpreveal\sp0565_la0_trig_gen.v (2026-04-09 18:05:11, 2026-04-09 18:24:23) <-- (may instantiate this module)
462      work.pmi_ram_dq_be.verilog may have changed because the following files changed:
                        C:\work\S127M\PCBNo_10089\SP0565_rev00_00\SP0565\reveal_workspace\tmpreveal\reveal_coretop.vhd (2026-04-09 18:05:12, 2026-04-09 18:24:24) <-- (may instantiate this module)
                        C:\work\S127M\PCBNo_10089\SP0565_rev00_00\SP0565\reveal_workspace\tmpreveal\sp0565.vhd (2026-04-09 18:05:12, 2026-04-09 18:24:24) <-- (may instantiate this module)
                        C:\work\S127M\PCBNo_10089\SP0565_rev00_00\SP0565\reveal_workspace\tmpreveal\sp0565_la0_gen.v (2026-04-09 18:05:11, 2026-04-09 18:24:23) <-- (may instantiate this module)
                        C:\work\S127M\PCBNo_10089\SP0565_rev00_00\SP0565\reveal_workspace\tmpreveal\sp0565_la0_trig_gen.v (2026-04-09 18:05:11, 2026-04-09 18:24:23) <-- (may instantiate this module)
463      work.pmi_rom.verilog may have changed because the following files changed:
                        C:\work\S127M\PCBNo_10089\SP0565_rev00_00\SP0565\reveal_workspace\tmpreveal\reveal_coretop.vhd (2026-04-09 18:05:12, 2026-04-09 18:24:24) <-- (may instantiate this module)
                        C:\work\S127M\PCBNo_10089\SP0565_rev00_00\SP0565\reveal_workspace\tmpreveal\sp0565.vhd (2026-04-09 18:05:12, 2026-04-09 18:24:24) <-- (may instantiate this module)
                        C:\work\S127M\PCBNo_10089\SP0565_rev00_00\SP0565\reveal_workspace\tmpreveal\sp0565_la0_gen.v (2026-04-09 18:05:11, 2026-04-09 18:24:23) <-- (may instantiate this module)
                        C:\work\S127M\PCBNo_10089\SP0565_rev00_00\SP0565\reveal_workspace\tmpreveal\sp0565_la0_trig_gen.v (2026-04-09 18:05:11, 2026-04-09 18:24:23) <-- (may instantiate this module)
464      work.pmi_sub.verilog may have changed because the following files changed:
                        C:\work\S127M\PCBNo_10089\SP0565_rev00_00\SP0565\reveal_workspace\tmpreveal\reveal_coretop.vhd (2026-04-09 18:05:12, 2026-04-09 18:24:24) <-- (may instantiate this module)
                        C:\work\S127M\PCBNo_10089\SP0565_rev00_00\SP0565\reveal_workspace\tmpreveal\sp0565.vhd (2026-04-09 18:05:12, 2026-04-09 18:24:24) <-- (may instantiate this module)
                        C:\work\S127M\PCBNo_10089\SP0565_rev00_00\SP0565\reveal_workspace\tmpreveal\sp0565_la0_gen.v (2026-04-09 18:05:11, 2026-04-09 18:24:23) <-- (may instantiate this module)
                        C:\work\S127M\PCBNo_10089\SP0565_rev00_00\SP0565\reveal_workspace\tmpreveal\sp0565_la0_trig_gen.v (2026-04-09 18:05:11, 2026-04-09 18:24:23) <-- (may instantiate this module)
465      work.ppmc_acc_tim_gen_uniq_0.rtl may have changed because the following files changed:
                        C:\work\S127M\PCBNo_10089\SP0565_rev00_00\SP0565\reveal_workspace\tmpreveal\ppmc_acc_tim_gen_uniq_0.vhd (2026-04-09 18:05:12, 2026-04-09 18:24:24) <-- (architecture and entity definition)
                        C:\work\S127M\PCBNo_10089\SP0565_rev00_00\SP0565\reveal_workspace\tmpreveal\ppmc_plsgen_uniq_0.vhd (2026-04-09 18:05:12, 2026-04-09 18:24:24) <-- (may instantiate this module)
                        C:\work\S127M\PCBNo_10089\SP0565_rev00_00\SP0565\reveal_workspace\tmpreveal\ppmc_reg_s118m_uniq_0.vhd (2026-04-09 18:05:12, 2026-04-09 18:24:24) <-- (may instantiate this module)
                        C:\work\S127M\PCBNo_10089\SP0565_rev00_00\SP0565\reveal_workspace\tmpreveal\ppmc_top_s118m_uniq_0.vhd (2026-04-09 18:05:12, 2026-04-09 18:24:24) <-- (may instantiate this module)
                        C:\work\S127M\PCBNo_10089\SP0565_rev00_00\SP0565\reveal_workspace\tmpreveal\sp0565.vhd (2026-04-09 18:05:12, 2026-04-09 18:24:24) <-- (may instantiate this module)
467      work.ppmc_cmdchk_uniq_0.rtl may have changed because the following files changed:
                        C:\work\S127M\PCBNo_10089\SP0565_rev00_00\SP0565\reveal_workspace\tmpreveal\ppmc_cmdchk_uniq_0.vhd (2026-04-09 18:05:12, 2026-04-09 18:24:24) <-- (architecture and entity definition)
                        C:\work\S127M\PCBNo_10089\SP0565_rev00_00\SP0565\reveal_workspace\tmpreveal\ppmc_reg_s118m_uniq_0.vhd (2026-04-09 18:05:12, 2026-04-09 18:24:24) <-- (may instantiate this module)
                        C:\work\S127M\PCBNo_10089\SP0565_rev00_00\SP0565\reveal_workspace\tmpreveal\ppmc_top_s118m_uniq_0.vhd (2026-04-09 18:05:12, 2026-04-09 18:24:24) <-- (may instantiate this module)
                        C:\work\S127M\PCBNo_10089\SP0565_rev00_00\SP0565\reveal_workspace\tmpreveal\sp0565.vhd (2026-04-09 18:05:12, 2026-04-09 18:24:24) <-- (may instantiate this module)
469      work.ppmc_ctrl_uniq_0.rtl may have changed because the following files changed:
                        C:\work\S127M\PCBNo_10089\SP0565_rev00_00\SP0565\reveal_workspace\tmpreveal\ppmc_ctrl_uniq_0.vhd (2026-04-09 18:05:12, 2026-04-09 18:24:24) <-- (architecture and entity definition)
                        C:\work\S127M\PCBNo_10089\SP0565_rev00_00\SP0565\reveal_workspace\tmpreveal\ppmc_reg_s118m_uniq_0.vhd (2026-04-09 18:05:12, 2026-04-09 18:24:24) <-- (may instantiate this module)
                        C:\work\S127M\PCBNo_10089\SP0565_rev00_00\SP0565\reveal_workspace\tmpreveal\ppmc_top_s118m_uniq_0.vhd (2026-04-09 18:05:12, 2026-04-09 18:24:24) <-- (may instantiate this module)
                        C:\work\S127M\PCBNo_10089\SP0565_rev00_00\SP0565\reveal_workspace\tmpreveal\sp0565.vhd (2026-04-09 18:05:12, 2026-04-09 18:24:24) <-- (may instantiate this module)
471      work.ppmc_dec_uniq_0.rtl may have changed because the following files changed:
                        C:\work\S127M\PCBNo_10089\SP0565_rev00_00\SP0565\reveal_workspace\tmpreveal\ppmc_dec_uniq_0.vhd (2026-04-09 18:05:12, 2026-04-09 18:24:24) <-- (architecture and entity definition)
                        C:\work\S127M\PCBNo_10089\SP0565_rev00_00\SP0565\reveal_workspace\tmpreveal\ppmc_reg_s118m_uniq_0.vhd (2026-04-09 18:05:12, 2026-04-09 18:24:24) <-- (may instantiate this module)
                        C:\work\S127M\PCBNo_10089\SP0565_rev00_00\SP0565\reveal_workspace\tmpreveal\ppmc_top_s118m_uniq_0.vhd (2026-04-09 18:05:12, 2026-04-09 18:24:24) <-- (may instantiate this module)
                        C:\work\S127M\PCBNo_10089\SP0565_rev00_00\SP0565\reveal_workspace\tmpreveal\sp0565.vhd (2026-04-09 18:05:12, 2026-04-09 18:24:24) <-- (may instantiate this module)
473      work.ppmc_enblr_s118m_uniq_0.rtl may have changed because the following files changed:
                        C:\work\S127M\PCBNo_10089\SP0565_rev00_00\SP0565\reveal_workspace\tmpreveal\ppmc_enblr_s118m_uniq_0.vhd (2026-04-09 18:05:12, 2026-04-09 18:24:24) <-- (architecture and entity definition)
                        C:\work\S127M\PCBNo_10089\SP0565_rev00_00\SP0565\reveal_workspace\tmpreveal\ppmc_reg_s118m_uniq_0.vhd (2026-04-09 18:05:12, 2026-04-09 18:24:24) <-- (may instantiate this module)
                        C:\work\S127M\PCBNo_10089\SP0565_rev00_00\SP0565\reveal_workspace\tmpreveal\ppmc_top_s118m_uniq_0.vhd (2026-04-09 18:05:12, 2026-04-09 18:24:24) <-- (may instantiate this module)
                        C:\work\S127M\PCBNo_10089\SP0565_rev00_00\SP0565\reveal_workspace\tmpreveal\sp0565.vhd (2026-04-09 18:05:12, 2026-04-09 18:24:24) <-- (may instantiate this module)
475      work.ppmc_id_uniq_0.rtl may have changed because the following files changed:
                        C:\work\S127M\PCBNo_10089\SP0565_rev00_00\SP0565\reveal_workspace\tmpreveal\ppmc_id_uniq_0.vhd (2026-04-09 18:05:12, 2026-04-09 18:24:24) <-- (architecture and entity definition)
                        C:\work\S127M\PCBNo_10089\SP0565_rev00_00\SP0565\reveal_workspace\tmpreveal\ppmc_top_s118m_uniq_0.vhd (2026-04-09 18:05:12, 2026-04-09 18:24:24) <-- (may instantiate this module)
                        C:\work\S127M\PCBNo_10089\SP0565_rev00_00\SP0565\reveal_workspace\tmpreveal\sp0565.vhd (2026-04-09 18:05:12, 2026-04-09 18:24:24) <-- (may instantiate this module)
477      work.ppmc_phgen_uniq_0.rtl may have changed because the following files changed:
                        C:\work\S127M\PCBNo_10089\SP0565_rev00_00\SP0565\reveal_workspace\tmpreveal\ppmc_phgen_uniq_0.vhd (2026-04-09 18:05:12, 2026-04-09 18:24:24) <-- (architecture and entity definition)
                        C:\work\S127M\PCBNo_10089\SP0565_rev00_00\SP0565\reveal_workspace\tmpreveal\ppmc_reg_s118m_uniq_0.vhd (2026-04-09 18:05:12, 2026-04-09 18:24:24) <-- (may instantiate this module)
                        C:\work\S127M\PCBNo_10089\SP0565_rev00_00\SP0565\reveal_workspace\tmpreveal\ppmc_top_s118m_uniq_0.vhd (2026-04-09 18:05:12, 2026-04-09 18:24:24) <-- (may instantiate this module)
                        C:\work\S127M\PCBNo_10089\SP0565_rev00_00\SP0565\reveal_workspace\tmpreveal\sp0565.vhd (2026-04-09 18:05:12, 2026-04-09 18:24:24) <-- (may instantiate this module)
479      work.ppmc_pls_cnt_uniq_0.rtl may have changed because the following files changed:
                        C:\work\S127M\PCBNo_10089\SP0565_rev00_00\SP0565\reveal_workspace\tmpreveal\ppmc_pls_cnt_uniq_0.vhd (2026-04-09 18:05:12, 2026-04-09 18:24:24) <-- (architecture and entity definition)
                        C:\work\S127M\PCBNo_10089\SP0565_rev00_00\SP0565\reveal_workspace\tmpreveal\ppmc_plsgen_uniq_0.vhd (2026-04-09 18:05:12, 2026-04-09 18:24:24) <-- (may instantiate this module)
                        C:\work\S127M\PCBNo_10089\SP0565_rev00_00\SP0565\reveal_workspace\tmpreveal\ppmc_reg_s118m_uniq_0.vhd (2026-04-09 18:05:12, 2026-04-09 18:24:24) <-- (may instantiate this module)
                        C:\work\S127M\PCBNo_10089\SP0565_rev00_00\SP0565\reveal_workspace\tmpreveal\ppmc_top_s118m_uniq_0.vhd (2026-04-09 18:05:12, 2026-04-09 18:24:24) <-- (may instantiate this module)
                        C:\work\S127M\PCBNo_10089\SP0565_rev00_00\SP0565\reveal_workspace\tmpreveal\sp0565.vhd (2026-04-09 18:05:12, 2026-04-09 18:24:24) <-- (may instantiate this module)
481      work.ppmc_plsgen_uniq_0.rtl may have changed because the following files changed:
                        C:\work\S127M\PCBNo_10089\SP0565_rev00_00\SP0565\reveal_workspace\tmpreveal\ppmc_plsgen_uniq_0.vhd (2026-04-09 18:05:12, 2026-04-09 18:24:24) <-- (architecture and entity definition)
                        C:\work\S127M\PCBNo_10089\SP0565_rev00_00\SP0565\reveal_workspace\tmpreveal\ppmc_reg_s118m_uniq_0.vhd (2026-04-09 18:05:12, 2026-04-09 18:24:24) <-- (may instantiate this module)
                        C:\work\S127M\PCBNo_10089\SP0565_rev00_00\SP0565\reveal_workspace\tmpreveal\ppmc_top_s118m_uniq_0.vhd (2026-04-09 18:05:12, 2026-04-09 18:24:24) <-- (may instantiate this module)
                        C:\work\S127M\PCBNo_10089\SP0565_rev00_00\SP0565\reveal_workspace\tmpreveal\sp0565.vhd (2026-04-09 18:05:12, 2026-04-09 18:24:24) <-- (may instantiate this module)
483      work.ppmc_reg_s118m_uniq_0.rtl may have changed because the following files changed:
                        C:\work\S127M\PCBNo_10089\SP0565_rev00_00\SP0565\reveal_workspace\tmpreveal\ppmc_reg_s118m_uniq_0.vhd (2026-04-09 18:05:12, 2026-04-09 18:24:24) <-- (architecture and entity definition)
                        C:\work\S127M\PCBNo_10089\SP0565_rev00_00\SP0565\reveal_workspace\tmpreveal\ppmc_top_s118m_uniq_0.vhd (2026-04-09 18:05:12, 2026-04-09 18:24:24) <-- (may instantiate this module)
                        C:\work\S127M\PCBNo_10089\SP0565_rev00_00\SP0565\reveal_workspace\tmpreveal\sp0565.vhd (2026-04-09 18:05:12, 2026-04-09 18:24:24) <-- (may instantiate this module)
485      work.ppmc_rgstr_uniq_0.rtl may have changed because the following files changed:
                        C:\work\S127M\PCBNo_10089\SP0565_rev00_00\SP0565\reveal_workspace\tmpreveal\ppmc_reg_s118m_uniq_0.vhd (2026-04-09 18:05:12, 2026-04-09 18:24:24) <-- (may instantiate this module)
                        C:\work\S127M\PCBNo_10089\SP0565_rev00_00\SP0565\reveal_workspace\tmpreveal\ppmc_rgstr_uniq_0.vhd (2026-04-09 18:05:12, 2026-04-09 18:24:24) <-- (architecture and entity definition)
                        C:\work\S127M\PCBNo_10089\SP0565_rev00_00\SP0565\reveal_workspace\tmpreveal\ppmc_top_s118m_uniq_0.vhd (2026-04-09 18:05:12, 2026-04-09 18:24:24) <-- (may instantiate this module)
                        C:\work\S127M\PCBNo_10089\SP0565_rev00_00\SP0565\reveal_workspace\tmpreveal\sp0565.vhd (2026-04-09 18:05:12, 2026-04-09 18:24:24) <-- (may instantiate this module)
487      work.ppmc_speed_cnt_uniq_0.rtl may have changed because the following files changed:
                        C:\work\S127M\PCBNo_10089\SP0565_rev00_00\SP0565\reveal_workspace\tmpreveal\ppmc_plsgen_uniq_0.vhd (2026-04-09 18:05:12, 2026-04-09 18:24:24) <-- (may instantiate this module)
                        C:\work\S127M\PCBNo_10089\SP0565_rev00_00\SP0565\reveal_workspace\tmpreveal\ppmc_reg_s118m_uniq_0.vhd (2026-04-09 18:05:12, 2026-04-09 18:24:24) <-- (may instantiate this module)
                        C:\work\S127M\PCBNo_10089\SP0565_rev00_00\SP0565\reveal_workspace\tmpreveal\ppmc_speed_cnt_uniq_0.vhd (2026-04-09 18:05:12, 2026-04-09 18:24:24) <-- (architecture and entity definition)
                        C:\work\S127M\PCBNo_10089\SP0565_rev00_00\SP0565\reveal_workspace\tmpreveal\ppmc_top_s118m_uniq_0.vhd (2026-04-09 18:05:12, 2026-04-09 18:24:24) <-- (may instantiate this module)
                        C:\work\S127M\PCBNo_10089\SP0565_rev00_00\SP0565\reveal_workspace\tmpreveal\sp0565.vhd (2026-04-09 18:05:12, 2026-04-09 18:24:24) <-- (may instantiate this module)
489      work.ppmc_timer_cnt_uniq_0.rtl may have changed because the following files changed:
                        C:\work\S127M\PCBNo_10089\SP0565_rev00_00\SP0565\reveal_workspace\tmpreveal\ppmc_plsgen_uniq_0.vhd (2026-04-09 18:05:12, 2026-04-09 18:24:24) <-- (may instantiate this module)
                        C:\work\S127M\PCBNo_10089\SP0565_rev00_00\SP0565\reveal_workspace\tmpreveal\ppmc_reg_s118m_uniq_0.vhd (2026-04-09 18:05:12, 2026-04-09 18:24:24) <-- (may instantiate this module)
                        C:\work\S127M\PCBNo_10089\SP0565_rev00_00\SP0565\reveal_workspace\tmpreveal\ppmc_timer_cnt_uniq_0.vhd (2026-04-09 18:05:12, 2026-04-09 18:24:24) <-- (architecture and entity definition)
                        C:\work\S127M\PCBNo_10089\SP0565_rev00_00\SP0565\reveal_workspace\tmpreveal\ppmc_top_s118m_uniq_0.vhd (2026-04-09 18:05:12, 2026-04-09 18:24:24) <-- (may instantiate this module)
                        C:\work\S127M\PCBNo_10089\SP0565_rev00_00\SP0565\reveal_workspace\tmpreveal\sp0565.vhd (2026-04-09 18:05:12, 2026-04-09 18:24:24) <-- (may instantiate this module)
491      work.ppmc_top_s118m_uniq_0.rtl may have changed because the following files changed:
                        C:\work\S127M\PCBNo_10089\SP0565_rev00_00\SP0565\reveal_workspace\tmpreveal\ppmc_top_s118m_uniq_0.vhd (2026-04-09 18:05:12, 2026-04-09 18:24:24) <-- (architecture and entity definition)
                        C:\work\S127M\PCBNo_10089\SP0565_rev00_00\SP0565\reveal_workspace\tmpreveal\sp0565.vhd (2026-04-09 18:05:12, 2026-04-09 18:24:24) <-- (may instantiate this module)
493      work.ppmc_u_step_ext_uniq_0.rtl may have changed because the following files changed:
                        C:\work\S127M\PCBNo_10089\SP0565_rev00_00\SP0565\reveal_workspace\tmpreveal\ppmc_reg_s118m_uniq_0.vhd (2026-04-09 18:05:12, 2026-04-09 18:24:24) <-- (may instantiate this module)
                        C:\work\S127M\PCBNo_10089\SP0565_rev00_00\SP0565\reveal_workspace\tmpreveal\ppmc_top_s118m_uniq_0.vhd (2026-04-09 18:05:12, 2026-04-09 18:24:24) <-- (may instantiate this module)
                        C:\work\S127M\PCBNo_10089\SP0565_rev00_00\SP0565\reveal_workspace\tmpreveal\ppmc_u_step_ext_uniq_0.vhd (2026-04-09 18:05:12, 2026-04-09 18:24:24) <-- (architecture and entity definition)
                        C:\work\S127M\PCBNo_10089\SP0565_rev00_00\SP0565\reveal_workspace\tmpreveal\sp0565.vhd (2026-04-09 18:05:12, 2026-04-09 18:24:24) <-- (may instantiate this module)
648      work.pulse_sens_uniq_0.rtl may have changed because the following files changed:
                        C:\work\S127M\PCBNo_10089\SP0565_rev00_00\SP0565\reveal_workspace\tmpreveal\pulse_sens_uniq_0.vhd (2026-04-09 18:05:12, 2026-04-09 18:24:24) <-- (architecture and entity definition)
                        C:\work\S127M\PCBNo_10089\SP0565_rev00_00\SP0565\reveal_workspace\tmpreveal\sp0565.vhd (2026-04-09 18:05:12, 2026-04-09 18:24:24) <-- (may instantiate this module)
495      work.reveal_coretop.one may have changed because the following files changed:
                        C:\work\S127M\PCBNo_10089\SP0565_rev00_00\SP0565\reveal_workspace\tmpreveal\reveal_coretop.vhd (2026-04-09 18:05:12, 2026-04-09 18:24:24) <-- (architecture and entity definition)
                        C:\work\S127M\PCBNo_10089\SP0565_rev00_00\SP0565\reveal_workspace\tmpreveal\sp0565.vhd (2026-04-09 18:05:12, 2026-04-09 18:24:24) <-- (may instantiate this module)
646      work.ring_counter_uniq_0.rtl may have changed because the following files changed:
                        C:\work\S127M\PCBNo_10089\SP0565_rev00_00\SP0565\reveal_workspace\tmpreveal\pulse_sens_uniq_0.vhd (2026-04-09 18:05:12, 2026-04-09 18:24:24) <-- (may instantiate this module)
                        C:\work\S127M\PCBNo_10089\SP0565_rev00_00\SP0565\reveal_workspace\tmpreveal\ring_counter_uniq_0.vhd (2026-04-09 18:05:12, 2026-04-09 18:24:24) <-- (architecture and entity definition)
                        C:\work\S127M\PCBNo_10089\SP0565_rev00_00\SP0565\reveal_workspace\tmpreveal\sp0565.vhd (2026-04-09 18:05:12, 2026-04-09 18:24:24) <-- (may instantiate this module)
497      work.rst_cnt_uniq_0.rtl may have changed because the following files changed:
                        C:\work\S127M\PCBNo_10089\SP0565_rev00_00\SP0565\reveal_workspace\tmpreveal\rst_cnt_uniq_0.vhd (2026-04-09 18:05:12, 2026-04-09 18:24:24) <-- (architecture and entity definition)
                        C:\work\S127M\PCBNo_10089\SP0565_rev00_00\SP0565\reveal_workspace\tmpreveal\slv_com_top_uniq_0.vhd (2026-04-09 18:05:12, 2026-04-09 18:24:24) <-- (may instantiate this module)
                        C:\work\S127M\PCBNo_10089\SP0565_rev00_00\SP0565\reveal_workspace\tmpreveal\sp0565.vhd (2026-04-09 18:05:12, 2026-04-09 18:24:24) <-- (may instantiate this module)
499      work.rvl_decode.verilog may have changed because the following files changed:
                        C:\work\S127M\PCBNo_10089\SP0565_rev00_00\SP0565\reveal_workspace\tmpreveal\reveal_coretop.vhd (2026-04-09 18:05:12, 2026-04-09 18:24:24) <-- (may instantiate this module)
                        C:\work\S127M\PCBNo_10089\SP0565_rev00_00\SP0565\reveal_workspace\tmpreveal\sp0565.vhd (2026-04-09 18:05:12, 2026-04-09 18:24:24) <-- (may instantiate this module)
                        C:\work\S127M\PCBNo_10089\SP0565_rev00_00\SP0565\reveal_workspace\tmpreveal\sp0565_la0_gen.v (2026-04-09 18:05:11, 2026-04-09 18:24:23) <-- (may instantiate this module)
                        C:\work\S127M\PCBNo_10089\SP0565_rev00_00\SP0565\reveal_workspace\tmpreveal\sp0565_la0_trig_gen.v (2026-04-09 18:05:11, 2026-04-09 18:24:23) <-- (may instantiate this module)
502      work.rvl_jtag_int.verilog may have changed because the following files changed:
                        C:\work\S127M\PCBNo_10089\SP0565_rev00_00\SP0565\reveal_workspace\tmpreveal\reveal_coretop.vhd (2026-04-09 18:05:12, 2026-04-09 18:24:24) <-- (may instantiate this module)
                        C:\work\S127M\PCBNo_10089\SP0565_rev00_00\SP0565\reveal_workspace\tmpreveal\sp0565.vhd (2026-04-09 18:05:12, 2026-04-09 18:24:24) <-- (may instantiate this module)
                        C:\work\S127M\PCBNo_10089\SP0565_rev00_00\SP0565\reveal_workspace\tmpreveal\sp0565_la0_gen.v (2026-04-09 18:05:11, 2026-04-09 18:24:23) <-- (may instantiate this module)
                        C:\work\S127M\PCBNo_10089\SP0565_rev00_00\SP0565\reveal_workspace\tmpreveal\sp0565_la0_trig_gen.v (2026-04-09 18:05:11, 2026-04-09 18:24:23) <-- (may instantiate this module)
503      work.rvl_serial_tu.verilog may have changed because the following files changed:
                        C:\work\S127M\PCBNo_10089\SP0565_rev00_00\SP0565\reveal_workspace\tmpreveal\reveal_coretop.vhd (2026-04-09 18:05:12, 2026-04-09 18:24:24) <-- (may instantiate this module)
                        C:\work\S127M\PCBNo_10089\SP0565_rev00_00\SP0565\reveal_workspace\tmpreveal\sp0565.vhd (2026-04-09 18:05:12, 2026-04-09 18:24:24) <-- (may instantiate this module)
                        C:\work\S127M\PCBNo_10089\SP0565_rev00_00\SP0565\reveal_workspace\tmpreveal\sp0565_la0_gen.v (2026-04-09 18:05:11, 2026-04-09 18:24:23) <-- (may instantiate this module)
                        C:\work\S127M\PCBNo_10089\SP0565_rev00_00\SP0565\reveal_workspace\tmpreveal\sp0565_la0_trig_gen.v (2026-04-09 18:05:11, 2026-04-09 18:24:23) <-- (may instantiate this module)
504      work.rvl_tcnt.verilog may have changed because the following files changed:
                        C:\work\S127M\PCBNo_10089\SP0565_rev00_00\SP0565\reveal_workspace\tmpreveal\reveal_coretop.vhd (2026-04-09 18:05:12, 2026-04-09 18:24:24) <-- (may instantiate this module)
                        C:\work\S127M\PCBNo_10089\SP0565_rev00_00\SP0565\reveal_workspace\tmpreveal\sp0565.vhd (2026-04-09 18:05:12, 2026-04-09 18:24:24) <-- (may instantiate this module)
                        C:\work\S127M\PCBNo_10089\SP0565_rev00_00\SP0565\reveal_workspace\tmpreveal\sp0565_la0_gen.v (2026-04-09 18:05:11, 2026-04-09 18:24:23) <-- (may instantiate this module)
                        C:\work\S127M\PCBNo_10089\SP0565_rev00_00\SP0565\reveal_workspace\tmpreveal\sp0565_la0_trig_gen.v (2026-04-09 18:05:11, 2026-04-09 18:24:23) <-- (may instantiate this module)
505      work.rvl_te.verilog may have changed because the following files changed:
                        C:\work\S127M\PCBNo_10089\SP0565_rev00_00\SP0565\reveal_workspace\tmpreveal\reveal_coretop.vhd (2026-04-09 18:05:12, 2026-04-09 18:24:24) <-- (may instantiate this module)
                        C:\work\S127M\PCBNo_10089\SP0565_rev00_00\SP0565\reveal_workspace\tmpreveal\sp0565.vhd (2026-04-09 18:05:12, 2026-04-09 18:24:24) <-- (may instantiate this module)
                        C:\work\S127M\PCBNo_10089\SP0565_rev00_00\SP0565\reveal_workspace\tmpreveal\sp0565_la0_gen.v (2026-04-09 18:05:11, 2026-04-09 18:24:23) <-- (may instantiate this module)
                        C:\work\S127M\PCBNo_10089\SP0565_rev00_00\SP0565\reveal_workspace\tmpreveal\sp0565_la0_trig_gen.v (2026-04-09 18:05:11, 2026-04-09 18:24:23) <-- (may instantiate this module)
506      work.rvl_tm.verilog may have changed because the following files changed:
                        C:\work\S127M\PCBNo_10089\SP0565_rev00_00\SP0565\reveal_workspace\tmpreveal\reveal_coretop.vhd (2026-04-09 18:05:12, 2026-04-09 18:24:24) <-- (may instantiate this module)
                        C:\work\S127M\PCBNo_10089\SP0565_rev00_00\SP0565\reveal_workspace\tmpreveal\sp0565.vhd (2026-04-09 18:05:12, 2026-04-09 18:24:24) <-- (may instantiate this module)
                        C:\work\S127M\PCBNo_10089\SP0565_rev00_00\SP0565\reveal_workspace\tmpreveal\sp0565_la0_gen.v (2026-04-09 18:05:11, 2026-04-09 18:24:23) <-- (may instantiate this module)
                        C:\work\S127M\PCBNo_10089\SP0565_rev00_00\SP0565\reveal_workspace\tmpreveal\sp0565_la0_trig_gen.v (2026-04-09 18:05:11, 2026-04-09 18:24:23) <-- (may instantiate this module)
507      work.rvl_tu.verilog may have changed because the following files changed:
                        C:\work\S127M\PCBNo_10089\SP0565_rev00_00\SP0565\reveal_workspace\tmpreveal\reveal_coretop.vhd (2026-04-09 18:05:12, 2026-04-09 18:24:24) <-- (may instantiate this module)
                        C:\work\S127M\PCBNo_10089\SP0565_rev00_00\SP0565\reveal_workspace\tmpreveal\sp0565.vhd (2026-04-09 18:05:12, 2026-04-09 18:24:24) <-- (may instantiate this module)
                        C:\work\S127M\PCBNo_10089\SP0565_rev00_00\SP0565\reveal_workspace\tmpreveal\sp0565_la0_gen.v (2026-04-09 18:05:11, 2026-04-09 18:24:23) <-- (may instantiate this module)
                        C:\work\S127M\PCBNo_10089\SP0565_rev00_00\SP0565\reveal_workspace\tmpreveal\sp0565_la0_trig_gen.v (2026-04-09 18:05:11, 2026-04-09 18:24:23) <-- (may instantiate this module)
508      work.rx_com_uniq_0.rtl may have changed because the following files changed:
                        C:\work\S127M\PCBNo_10089\SP0565_rev00_00\SP0565\reveal_workspace\tmpreveal\rx_com_uniq_0.vhd (2026-04-09 18:05:12, 2026-04-09 18:24:24) <-- (architecture and entity definition)
                        C:\work\S127M\PCBNo_10089\SP0565_rev00_00\SP0565\reveal_workspace\tmpreveal\slv_com_top_uniq_0.vhd (2026-04-09 18:05:12, 2026-04-09 18:24:24) <-- (may instantiate this module)
                        C:\work\S127M\PCBNo_10089\SP0565_rev00_00\SP0565\reveal_workspace\tmpreveal\sp0565.vhd (2026-04-09 18:05:12, 2026-04-09 18:24:24) <-- (may instantiate this module)
510      work.rx_cont_b1_uniq_0.rtl may have changed because the following files changed:
                        C:\work\S127M\PCBNo_10089\SP0565_rev00_00\SP0565\reveal_workspace\tmpreveal\rx_com_uniq_0.vhd (2026-04-09 18:05:12, 2026-04-09 18:24:24) <-- (may instantiate this module)
                        C:\work\S127M\PCBNo_10089\SP0565_rev00_00\SP0565\reveal_workspace\tmpreveal\rx_cont_b1_uniq_0.vhd (2026-04-09 18:05:12, 2026-04-09 18:24:24) <-- (architecture and entity definition)
                        C:\work\S127M\PCBNo_10089\SP0565_rev00_00\SP0565\reveal_workspace\tmpreveal\slv_com_top_uniq_0.vhd (2026-04-09 18:05:12, 2026-04-09 18:24:24) <-- (may instantiate this module)
                        C:\work\S127M\PCBNo_10089\SP0565_rev00_00\SP0565\reveal_workspace\tmpreveal\sp0565.vhd (2026-04-09 18:05:12, 2026-04-09 18:24:24) <-- (may instantiate this module)
512      work.rx_cont_b2_uniq_0.rtl may have changed because the following files changed:
                        C:\work\S127M\PCBNo_10089\SP0565_rev00_00\SP0565\reveal_workspace\tmpreveal\rx_com_uniq_0.vhd (2026-04-09 18:05:12, 2026-04-09 18:24:24) <-- (may instantiate this module)
                        C:\work\S127M\PCBNo_10089\SP0565_rev00_00\SP0565\reveal_workspace\tmpreveal\rx_cont_b2_uniq_0.vhd (2026-04-09 18:05:12, 2026-04-09 18:24:24) <-- (architecture and entity definition)
                        C:\work\S127M\PCBNo_10089\SP0565_rev00_00\SP0565\reveal_workspace\tmpreveal\slv_com_top_uniq_0.vhd (2026-04-09 18:05:12, 2026-04-09 18:24:24) <-- (may instantiate this module)
                        C:\work\S127M\PCBNo_10089\SP0565_rev00_00\SP0565\reveal_workspace\tmpreveal\sp0565.vhd (2026-04-09 18:05:12, 2026-04-09 18:24:24) <-- (may instantiate this module)
514      work.rx_ctl_1st_uniq_0.rtl may have changed because the following files changed:
                        C:\work\S127M\PCBNo_10089\SP0565_rev00_00\SP0565\reveal_workspace\tmpreveal\rx_com_uniq_0.vhd (2026-04-09 18:05:12, 2026-04-09 18:24:24) <-- (may instantiate this module)
                        C:\work\S127M\PCBNo_10089\SP0565_rev00_00\SP0565\reveal_workspace\tmpreveal\rx_cont_b1_uniq_0.vhd (2026-04-09 18:05:12, 2026-04-09 18:24:24) <-- (may instantiate this module)
                        C:\work\S127M\PCBNo_10089\SP0565_rev00_00\SP0565\reveal_workspace\tmpreveal\rx_ctl_1st_uniq_0.vhd (2026-04-09 18:05:12, 2026-04-09 18:24:24) <-- (architecture and entity definition)
                        C:\work\S127M\PCBNo_10089\SP0565_rev00_00\SP0565\reveal_workspace\tmpreveal\slv_com_top_uniq_0.vhd (2026-04-09 18:05:12, 2026-04-09 18:24:24) <-- (may instantiate this module)
                        C:\work\S127M\PCBNo_10089\SP0565_rev00_00\SP0565\reveal_workspace\tmpreveal\sp0565.vhd (2026-04-09 18:05:12, 2026-04-09 18:24:24) <-- (may instantiate this module)
516      work.rx_ctl_3rd_uniq_0.rtl may have changed because the following files changed:
                        C:\work\S127M\PCBNo_10089\SP0565_rev00_00\SP0565\reveal_workspace\tmpreveal\rx_com_uniq_0.vhd (2026-04-09 18:05:12, 2026-04-09 18:24:24) <-- (may instantiate this module)
                        C:\work\S127M\PCBNo_10089\SP0565_rev00_00\SP0565\reveal_workspace\tmpreveal\rx_cont_b2_uniq_0.vhd (2026-04-09 18:05:12, 2026-04-09 18:24:24) <-- (may instantiate this module)
                        C:\work\S127M\PCBNo_10089\SP0565_rev00_00\SP0565\reveal_workspace\tmpreveal\rx_ctl_3rd_uniq_0.vhd (2026-04-09 18:05:12, 2026-04-09 18:24:24) <-- (architecture and entity definition)
                        C:\work\S127M\PCBNo_10089\SP0565_rev00_00\SP0565\reveal_workspace\tmpreveal\slv_com_top_uniq_0.vhd (2026-04-09 18:05:12, 2026-04-09 18:24:24) <-- (may instantiate this module)
                        C:\work\S127M\PCBNo_10089\SP0565_rev00_00\SP0565\reveal_workspace\tmpreveal\sp0565.vhd (2026-04-09 18:05:12, 2026-04-09 18:24:24) <-- (may instantiate this module)
518      work.shiftreg12bit_uniq_0.rtl may have changed because the following files changed:
                        C:\work\S127M\PCBNo_10089\SP0565_rev00_00\SP0565\reveal_workspace\tmpreveal\ad_ctrl_uniq_0.vhd (2026-04-09 18:05:12, 2026-04-09 18:24:24) <-- (may instantiate this module)
                        C:\work\S127M\PCBNo_10089\SP0565_rev00_00\SP0565\reveal_workspace\tmpreveal\shiftreg12bit_uniq_0.vhd (2026-04-09 18:05:12, 2026-04-09 18:24:24) <-- (architecture and entity definition)
                        C:\work\S127M\PCBNo_10089\SP0565_rev00_00\SP0565\reveal_workspace\tmpreveal\sp0565.vhd (2026-04-09 18:05:12, 2026-04-09 18:24:24) <-- (may instantiate this module)
520      work.slaveid_id_uniq_0.rtl may have changed because the following files changed:
                        C:\work\S127M\PCBNo_10089\SP0565_rev00_00\SP0565\reveal_workspace\tmpreveal\slaveid_id_uniq_0.vhd (2026-04-09 18:05:13, 2026-04-09 18:24:25) <-- (architecture and entity definition)
                        C:\work\S127M\PCBNo_10089\SP0565_rev00_00\SP0565\reveal_workspace\tmpreveal\slaveid_top_uniq_0.vhd (2026-04-09 18:05:13, 2026-04-09 18:24:25) <-- (may instantiate this module)
                        C:\work\S127M\PCBNo_10089\SP0565_rev00_00\SP0565\reveal_workspace\tmpreveal\sp0565.vhd (2026-04-09 18:05:12, 2026-04-09 18:24:24) <-- (may instantiate this module)
522      work.slaveid_top_uniq_0.rtl may have changed because the following files changed:
                        C:\work\S127M\PCBNo_10089\SP0565_rev00_00\SP0565\reveal_workspace\tmpreveal\slaveid_top_uniq_0.vhd (2026-04-09 18:05:13, 2026-04-09 18:24:25) <-- (architecture and entity definition)
                        C:\work\S127M\PCBNo_10089\SP0565_rev00_00\SP0565\reveal_workspace\tmpreveal\sp0565.vhd (2026-04-09 18:05:12, 2026-04-09 18:24:24) <-- (may instantiate this module)
524      work.slv_clk_gen_uniq_0.rtl may have changed because the following files changed:
                        C:\work\S127M\PCBNo_10089\SP0565_rev00_00\SP0565\reveal_workspace\tmpreveal\slv_clk_gen_uniq_0.vhd (2026-04-09 18:05:12, 2026-04-09 18:24:24) <-- (architecture and entity definition)
                        C:\work\S127M\PCBNo_10089\SP0565_rev00_00\SP0565\reveal_workspace\tmpreveal\sp0565.vhd (2026-04-09 18:05:12, 2026-04-09 18:24:24) <-- (may instantiate this module)
526      work.slv_com_top_uniq_0.rtl may have changed because the following files changed:
                        C:\work\S127M\PCBNo_10089\SP0565_rev00_00\SP0565\reveal_workspace\tmpreveal\slv_com_top_uniq_0.vhd (2026-04-09 18:05:12, 2026-04-09 18:24:24) <-- (architecture and entity definition)
                        C:\work\S127M\PCBNo_10089\SP0565_rev00_00\SP0565\reveal_workspace\tmpreveal\sp0565.vhd (2026-04-09 18:05:12, 2026-04-09 18:24:24) <-- (may instantiate this module)
528      work.slv_ctrl_top_uniq_0.rtl may have changed because the following files changed:
                        C:\work\S127M\PCBNo_10089\SP0565_rev00_00\SP0565\reveal_workspace\tmpreveal\slv_com_top_uniq_0.vhd (2026-04-09 18:05:12, 2026-04-09 18:24:24) <-- (may instantiate this module)
                        C:\work\S127M\PCBNo_10089\SP0565_rev00_00\SP0565\reveal_workspace\tmpreveal\slv_ctrl_top_uniq_0.vhd (2026-04-09 18:05:12, 2026-04-09 18:24:24) <-- (architecture and entity definition)
                        C:\work\S127M\PCBNo_10089\SP0565_rev00_00\SP0565\reveal_workspace\tmpreveal\sp0565.vhd (2026-04-09 18:05:12, 2026-04-09 18:24:24) <-- (may instantiate this module)
530      work.slv_rx_ctrl_uniq_0.rtl may have changed because the following files changed:
                        C:\work\S127M\PCBNo_10089\SP0565_rev00_00\SP0565\reveal_workspace\tmpreveal\slv_com_top_uniq_0.vhd (2026-04-09 18:05:12, 2026-04-09 18:24:24) <-- (may instantiate this module)
                        C:\work\S127M\PCBNo_10089\SP0565_rev00_00\SP0565\reveal_workspace\tmpreveal\slv_ctrl_top_uniq_0.vhd (2026-04-09 18:05:12, 2026-04-09 18:24:24) <-- (may instantiate this module)
                        C:\work\S127M\PCBNo_10089\SP0565_rev00_00\SP0565\reveal_workspace\tmpreveal\slv_rx_ctrl_uniq_0.vhd (2026-04-09 18:05:12, 2026-04-09 18:24:24) <-- (architecture and entity definition)
                        C:\work\S127M\PCBNo_10089\SP0565_rev00_00\SP0565\reveal_workspace\tmpreveal\sp0565.vhd (2026-04-09 18:05:12, 2026-04-09 18:24:24) <-- (may instantiate this module)
532      work.slv_tx_ctrl_uniq_0.rtl may have changed because the following files changed:
                        C:\work\S127M\PCBNo_10089\SP0565_rev00_00\SP0565\reveal_workspace\tmpreveal\slv_com_top_uniq_0.vhd (2026-04-09 18:05:12, 2026-04-09 18:24:24) <-- (may instantiate this module)
                        C:\work\S127M\PCBNo_10089\SP0565_rev00_00\SP0565\reveal_workspace\tmpreveal\slv_ctrl_top_uniq_0.vhd (2026-04-09 18:05:12, 2026-04-09 18:24:24) <-- (may instantiate this module)
                        C:\work\S127M\PCBNo_10089\SP0565_rev00_00\SP0565\reveal_workspace\tmpreveal\slv_tx_ctrl_uniq_0.vhd (2026-04-09 18:05:12, 2026-04-09 18:24:24) <-- (architecture and entity definition)
                        C:\work\S127M\PCBNo_10089\SP0565_rev00_00\SP0565\reveal_workspace\tmpreveal\sp0565.vhd (2026-04-09 18:05:12, 2026-04-09 18:24:24) <-- (may instantiate this module)
534      work.slvadr_cnv_uniq_0.rtl may have changed because the following files changed:
                        C:\work\S127M\PCBNo_10089\SP0565_rev00_00\SP0565\reveal_workspace\tmpreveal\slv_com_top_uniq_0.vhd (2026-04-09 18:05:12, 2026-04-09 18:24:24) <-- (may instantiate this module)
                        C:\work\S127M\PCBNo_10089\SP0565_rev00_00\SP0565\reveal_workspace\tmpreveal\slvadr_cnv_uniq_0.vhd (2026-04-09 18:05:12, 2026-04-09 18:24:24) <-- (architecture and entity definition)
                        C:\work\S127M\PCBNo_10089\SP0565_rev00_00\SP0565\reveal_workspace\tmpreveal\sp0565.vhd (2026-04-09 18:05:12, 2026-04-09 18:24:24) <-- (may instantiate this module)
146      work.sp0565.rtl may have changed because the following files changed:
                        C:\work\S127M\PCBNo_10089\SP0565_rev00_00\SP0565\reveal_workspace\tmpreveal\sp0565.vhd (2026-04-09 18:05:12, 2026-04-09 18:24:24) <-- (architecture and entity definition)
536      work.sp0565_la0.verilog may have changed because the following files changed:
                        C:\work\S127M\PCBNo_10089\SP0565_rev00_00\SP0565\reveal_workspace\tmpreveal\reveal_coretop.vhd (2026-04-09 18:05:12, 2026-04-09 18:24:24) <-- (may instantiate this module)
                        C:\work\S127M\PCBNo_10089\SP0565_rev00_00\SP0565\reveal_workspace\tmpreveal\sp0565.vhd (2026-04-09 18:05:12, 2026-04-09 18:24:24) <-- (may instantiate this module)
                        C:\work\S127M\PCBNo_10089\SP0565_rev00_00\SP0565\reveal_workspace\tmpreveal\sp0565_la0_gen.v (2026-04-09 18:05:11, 2026-04-09 18:24:23) <-- (module definition)
537      work.sp0565_la0_trig.verilog may have changed because the following files changed:
                        C:\work\S127M\PCBNo_10089\SP0565_rev00_00\SP0565\reveal_workspace\tmpreveal\reveal_coretop.vhd (2026-04-09 18:05:12, 2026-04-09 18:24:24) <-- (may instantiate this module)
                        C:\work\S127M\PCBNo_10089\SP0565_rev00_00\SP0565\reveal_workspace\tmpreveal\sp0565.vhd (2026-04-09 18:05:12, 2026-04-09 18:24:24) <-- (may instantiate this module)
                        C:\work\S127M\PCBNo_10089\SP0565_rev00_00\SP0565\reveal_workspace\tmpreveal\sp0565_la0_gen.v (2026-04-09 18:05:11, 2026-04-09 18:24:23) <-- (may instantiate this module)
                        C:\work\S127M\PCBNo_10089\SP0565_rev00_00\SP0565\reveal_workspace\tmpreveal\sp0565_la0_trig_gen.v (2026-04-09 18:05:11, 2026-04-09 18:24:23) <-- (module definition)
538      work.temp_ajst_reg_uniq_0.rtl may have changed because the following files changed:
                        C:\work\S127M\PCBNo_10089\SP0565_rev00_00\SP0565\reveal_workspace\tmpreveal\sp0565.vhd (2026-04-09 18:05:12, 2026-04-09 18:24:24) <-- (may instantiate this module)
                        C:\work\S127M\PCBNo_10089\SP0565_rev00_00\SP0565\reveal_workspace\tmpreveal\temp_ajst_reg_uniq_0.vhd (2026-04-09 18:05:12, 2026-04-09 18:24:25) <-- (architecture and entity definition)
                        C:\work\S127M\PCBNo_10089\SP0565_rev00_00\SP0565\reveal_workspace\tmpreveal\tmpctrl_4ch_reg_s127m_uniq_0.vhd (2026-04-09 18:05:12, 2026-04-09 18:24:25) <-- (may instantiate this module)
                        C:\work\S127M\PCBNo_10089\SP0565_rev00_00\SP0565\reveal_workspace\tmpreveal\tmpctrl_4ch_top_s127m_uniq_0.vhd (2026-04-09 18:05:12, 2026-04-09 18:24:25) <-- (may instantiate this module)
540      work.temp_ctrl_uniq_0.rtl may have changed because the following files changed:
                        C:\work\S127M\PCBNo_10089\SP0565_rev00_00\SP0565\reveal_workspace\tmpreveal\sp0565.vhd (2026-04-09 18:05:12, 2026-04-09 18:24:24) <-- (may instantiate this module)
                        C:\work\S127M\PCBNo_10089\SP0565_rev00_00\SP0565\reveal_workspace\tmpreveal\temp_ctrl_uniq_0.vhd (2026-04-09 18:05:12, 2026-04-09 18:24:25) <-- (architecture and entity definition)
                        C:\work\S127M\PCBNo_10089\SP0565_rev00_00\SP0565\reveal_workspace\tmpreveal\tmpctrl_4ch_reg_s127m_uniq_0.vhd (2026-04-09 18:05:12, 2026-04-09 18:24:25) <-- (may instantiate this module)
                        C:\work\S127M\PCBNo_10089\SP0565_rev00_00\SP0565\reveal_workspace\tmpreveal\tmpctrl_4ch_top_s127m_uniq_0.vhd (2026-04-09 18:05:12, 2026-04-09 18:24:25) <-- (may instantiate this module)
542      work.temp_ctst_reg_uniq_0.rtl may have changed because the following files changed:
                        C:\work\S127M\PCBNo_10089\SP0565_rev00_00\SP0565\reveal_workspace\tmpreveal\sp0565.vhd (2026-04-09 18:05:12, 2026-04-09 18:24:24) <-- (may instantiate this module)
                        C:\work\S127M\PCBNo_10089\SP0565_rev00_00\SP0565\reveal_workspace\tmpreveal\temp_ctst_reg_uniq_0.vhd (2026-04-09 18:05:12, 2026-04-09 18:24:25) <-- (architecture and entity definition)
                        C:\work\S127M\PCBNo_10089\SP0565_rev00_00\SP0565\reveal_workspace\tmpreveal\tmpctrl_4ch_reg_s127m_uniq_0.vhd (2026-04-09 18:05:12, 2026-04-09 18:24:25) <-- (may instantiate this module)
                        C:\work\S127M\PCBNo_10089\SP0565_rev00_00\SP0565\reveal_workspace\tmpreveal\tmpctrl_4ch_top_s127m_uniq_0.vhd (2026-04-09 18:05:12, 2026-04-09 18:24:25) <-- (may instantiate this module)
544      work.temp_cut_ref_reg_uniq_0.rtl may have changed because the following files changed:
                        C:\work\S127M\PCBNo_10089\SP0565_rev00_00\SP0565\reveal_workspace\tmpreveal\sp0565.vhd (2026-04-09 18:05:12, 2026-04-09 18:24:24) <-- (may instantiate this module)
                        C:\work\S127M\PCBNo_10089\SP0565_rev00_00\SP0565\reveal_workspace\tmpreveal\temp_cut_ref_reg_uniq_0.vhd (2026-04-09 18:05:12, 2026-04-09 18:24:25) <-- (architecture and entity definition)
                        C:\work\S127M\PCBNo_10089\SP0565_rev00_00\SP0565\reveal_workspace\tmpreveal\tmpctrl_4ch_reg_s127m_uniq_0.vhd (2026-04-09 18:05:12, 2026-04-09 18:24:25) <-- (may instantiate this module)
                        C:\work\S127M\PCBNo_10089\SP0565_rev00_00\SP0565\reveal_workspace\tmpreveal\tmpctrl_4ch_top_s127m_uniq_0.vhd (2026-04-09 18:05:12, 2026-04-09 18:24:25) <-- (may instantiate this module)
546      work.temp_dec_uniq_0.rtl may have changed because the following files changed:
                        C:\work\S127M\PCBNo_10089\SP0565_rev00_00\SP0565\reveal_workspace\tmpreveal\sp0565.vhd (2026-04-09 18:05:12, 2026-04-09 18:24:24) <-- (may instantiate this module)
                        C:\work\S127M\PCBNo_10089\SP0565_rev00_00\SP0565\reveal_workspace\tmpreveal\temp_dec_uniq_0.vhd (2026-04-09 18:05:12, 2026-04-09 18:24:25) <-- (architecture and entity definition)
                        C:\work\S127M\PCBNo_10089\SP0565_rev00_00\SP0565\reveal_workspace\tmpreveal\tmpctrl_4ch_reg_s127m_uniq_0.vhd (2026-04-09 18:05:12, 2026-04-09 18:24:25) <-- (may instantiate this module)
                        C:\work\S127M\PCBNo_10089\SP0565_rev00_00\SP0565\reveal_workspace\tmpreveal\tmpctrl_4ch_top_s127m_uniq_0.vhd (2026-04-09 18:05:12, 2026-04-09 18:24:25) <-- (may instantiate this module)
548      work.temp_dly_2term_uniq_0.rtl may have changed because the following files changed:
                        C:\work\S127M\PCBNo_10089\SP0565_rev00_00\SP0565\reveal_workspace\tmpreveal\sp0565.vhd (2026-04-09 18:05:12, 2026-04-09 18:24:24) <-- (may instantiate this module)
                        C:\work\S127M\PCBNo_10089\SP0565_rev00_00\SP0565\reveal_workspace\tmpreveal\temp_dly_2term_uniq_0.vhd (2026-04-09 18:05:12, 2026-04-09 18:24:25) <-- (architecture and entity definition)
                        C:\work\S127M\PCBNo_10089\SP0565_rev00_00\SP0565\reveal_workspace\tmpreveal\temp_plsmod_uniq_0.vhd (2026-04-09 18:05:12, 2026-04-09 18:24:25) <-- (may instantiate this module)
                        C:\work\S127M\PCBNo_10089\SP0565_rev00_00\SP0565\reveal_workspace\tmpreveal\tmpctrl_4ch_reg_s127m_uniq_0.vhd (2026-04-09 18:05:12, 2026-04-09 18:24:25) <-- (may instantiate this module)
                        C:\work\S127M\PCBNo_10089\SP0565_rev00_00\SP0565\reveal_workspace\tmpreveal\tmpctrl_4ch_top_s127m_uniq_0.vhd (2026-04-09 18:05:12, 2026-04-09 18:24:25) <-- (may instantiate this module)
550      work.temp_dly_2term_uniq_1.rtl may have changed because the following files changed:
                        C:\work\S127M\PCBNo_10089\SP0565_rev00_00\SP0565\reveal_workspace\tmpreveal\sp0565.vhd (2026-04-09 18:05:12, 2026-04-09 18:24:24) <-- (may instantiate this module)
                        C:\work\S127M\PCBNo_10089\SP0565_rev00_00\SP0565\reveal_workspace\tmpreveal\temp_dly_2term_uniq_1.vhd (2026-04-09 18:05:12, 2026-04-09 18:24:25) <-- (architecture and entity definition)
                        C:\work\S127M\PCBNo_10089\SP0565_rev00_00\SP0565\reveal_workspace\tmpreveal\temp_plsmod_uniq_0.vhd (2026-04-09 18:05:12, 2026-04-09 18:24:25) <-- (may instantiate this module)
                        C:\work\S127M\PCBNo_10089\SP0565_rev00_00\SP0565\reveal_workspace\tmpreveal\tmpctrl_4ch_reg_s127m_uniq_0.vhd (2026-04-09 18:05:12, 2026-04-09 18:24:25) <-- (may instantiate this module)
                        C:\work\S127M\PCBNo_10089\SP0565_rev00_00\SP0565\reveal_workspace\tmpreveal\tmpctrl_4ch_top_s127m_uniq_0.vhd (2026-04-09 18:05:12, 2026-04-09 18:24:25) <-- (may instantiate this module)
552      work.temp_dly_2term_uniq_10.rtl may have changed because the following files changed:
                        C:\work\S127M\PCBNo_10089\SP0565_rev00_00\SP0565\reveal_workspace\tmpreveal\sp0565.vhd (2026-04-09 18:05:12, 2026-04-09 18:24:24) <-- (may instantiate this module)
                        C:\work\S127M\PCBNo_10089\SP0565_rev00_00\SP0565\reveal_workspace\tmpreveal\temp_dly_2term_uniq_10.vhd (2026-04-09 18:05:13, 2026-04-09 18:24:25) <-- (architecture and entity definition)
                        C:\work\S127M\PCBNo_10089\SP0565_rev00_00\SP0565\reveal_workspace\tmpreveal\temp_plsmod_uniq_3.vhd (2026-04-09 18:05:13, 2026-04-09 18:24:25) <-- (may instantiate this module)
                        C:\work\S127M\PCBNo_10089\SP0565_rev00_00\SP0565\reveal_workspace\tmpreveal\tmpctrl_4ch_reg_s127m_uniq_0.vhd (2026-04-09 18:05:12, 2026-04-09 18:24:25) <-- (may instantiate this module)
                        C:\work\S127M\PCBNo_10089\SP0565_rev00_00\SP0565\reveal_workspace\tmpreveal\tmpctrl_4ch_top_s127m_uniq_0.vhd (2026-04-09 18:05:12, 2026-04-09 18:24:25) <-- (may instantiate this module)
554      work.temp_dly_2term_uniq_11.rtl may have changed because the following files changed:
                        C:\work\S127M\PCBNo_10089\SP0565_rev00_00\SP0565\reveal_workspace\tmpreveal\sp0565.vhd (2026-04-09 18:05:12, 2026-04-09 18:24:24) <-- (may instantiate this module)
                        C:\work\S127M\PCBNo_10089\SP0565_rev00_00\SP0565\reveal_workspace\tmpreveal\temp_dly_2term_uniq_11.vhd (2026-04-09 18:05:13, 2026-04-09 18:24:25) <-- (architecture and entity definition)
                        C:\work\S127M\PCBNo_10089\SP0565_rev00_00\SP0565\reveal_workspace\tmpreveal\temp_plsmod_uniq_3.vhd (2026-04-09 18:05:13, 2026-04-09 18:24:25) <-- (may instantiate this module)
                        C:\work\S127M\PCBNo_10089\SP0565_rev00_00\SP0565\reveal_workspace\tmpreveal\tmpctrl_4ch_reg_s127m_uniq_0.vhd (2026-04-09 18:05:12, 2026-04-09 18:24:25) <-- (may instantiate this module)
                        C:\work\S127M\PCBNo_10089\SP0565_rev00_00\SP0565\reveal_workspace\tmpreveal\tmpctrl_4ch_top_s127m_uniq_0.vhd (2026-04-09 18:05:12, 2026-04-09 18:24:25) <-- (may instantiate this module)
556      work.temp_dly_2term_uniq_2.rtl may have changed because the following files changed:
                        C:\work\S127M\PCBNo_10089\SP0565_rev00_00\SP0565\reveal_workspace\tmpreveal\sp0565.vhd (2026-04-09 18:05:12, 2026-04-09 18:24:24) <-- (may instantiate this module)
                        C:\work\S127M\PCBNo_10089\SP0565_rev00_00\SP0565\reveal_workspace\tmpreveal\temp_dly_2term_uniq_2.vhd (2026-04-09 18:05:12, 2026-04-09 18:24:25) <-- (architecture and entity definition)
                        C:\work\S127M\PCBNo_10089\SP0565_rev00_00\SP0565\reveal_workspace\tmpreveal\temp_plsmod_uniq_0.vhd (2026-04-09 18:05:12, 2026-04-09 18:24:25) <-- (may instantiate this module)
                        C:\work\S127M\PCBNo_10089\SP0565_rev00_00\SP0565\reveal_workspace\tmpreveal\tmpctrl_4ch_reg_s127m_uniq_0.vhd (2026-04-09 18:05:12, 2026-04-09 18:24:25) <-- (may instantiate this module)
                        C:\work\S127M\PCBNo_10089\SP0565_rev00_00\SP0565\reveal_workspace\tmpreveal\tmpctrl_4ch_top_s127m_uniq_0.vhd (2026-04-09 18:05:12, 2026-04-09 18:24:25) <-- (may instantiate this module)
558      work.temp_dly_2term_uniq_3.rtl may have changed because the following files changed:
                        C:\work\S127M\PCBNo_10089\SP0565_rev00_00\SP0565\reveal_workspace\tmpreveal\sp0565.vhd (2026-04-09 18:05:12, 2026-04-09 18:24:24) <-- (may instantiate this module)
                        C:\work\S127M\PCBNo_10089\SP0565_rev00_00\SP0565\reveal_workspace\tmpreveal\temp_dly_2term_uniq_3.vhd (2026-04-09 18:05:13, 2026-04-09 18:24:25) <-- (architecture and entity definition)
                        C:\work\S127M\PCBNo_10089\SP0565_rev00_00\SP0565\reveal_workspace\tmpreveal\temp_plsmod_uniq_1.vhd (2026-04-09 18:05:13, 2026-04-09 18:24:25) <-- (may instantiate this module)
                        C:\work\S127M\PCBNo_10089\SP0565_rev00_00\SP0565\reveal_workspace\tmpreveal\tmpctrl_4ch_reg_s127m_uniq_0.vhd (2026-04-09 18:05:12, 2026-04-09 18:24:25) <-- (may instantiate this module)
                        C:\work\S127M\PCBNo_10089\SP0565_rev00_00\SP0565\reveal_workspace\tmpreveal\tmpctrl_4ch_top_s127m_uniq_0.vhd (2026-04-09 18:05:12, 2026-04-09 18:24:25) <-- (may instantiate this module)
560      work.temp_dly_2term_uniq_4.rtl may have changed because the following files changed:
                        C:\work\S127M\PCBNo_10089\SP0565_rev00_00\SP0565\reveal_workspace\tmpreveal\sp0565.vhd (2026-04-09 18:05:12, 2026-04-09 18:24:24) <-- (may instantiate this module)
                        C:\work\S127M\PCBNo_10089\SP0565_rev00_00\SP0565\reveal_workspace\tmpreveal\temp_dly_2term_uniq_4.vhd (2026-04-09 18:05:13, 2026-04-09 18:24:25) <-- (architecture and entity definition)
                        C:\work\S127M\PCBNo_10089\SP0565_rev00_00\SP0565\reveal_workspace\tmpreveal\temp_plsmod_uniq_1.vhd (2026-04-09 18:05:13, 2026-04-09 18:24:25) <-- (may instantiate this module)
                        C:\work\S127M\PCBNo_10089\SP0565_rev00_00\SP0565\reveal_workspace\tmpreveal\tmpctrl_4ch_reg_s127m_uniq_0.vhd (2026-04-09 18:05:12, 2026-04-09 18:24:25) <-- (may instantiate this module)
                        C:\work\S127M\PCBNo_10089\SP0565_rev00_00\SP0565\reveal_workspace\tmpreveal\tmpctrl_4ch_top_s127m_uniq_0.vhd (2026-04-09 18:05:12, 2026-04-09 18:24:25) <-- (may instantiate this module)
562      work.temp_dly_2term_uniq_5.rtl may have changed because the following files changed:
                        C:\work\S127M\PCBNo_10089\SP0565_rev00_00\SP0565\reveal_workspace\tmpreveal\sp0565.vhd (2026-04-09 18:05:12, 2026-04-09 18:24:24) <-- (may instantiate this module)
                        C:\work\S127M\PCBNo_10089\SP0565_rev00_00\SP0565\reveal_workspace\tmpreveal\temp_dly_2term_uniq_5.vhd (2026-04-09 18:05:13, 2026-04-09 18:24:25) <-- (architecture and entity definition)
                        C:\work\S127M\PCBNo_10089\SP0565_rev00_00\SP0565\reveal_workspace\tmpreveal\temp_plsmod_uniq_1.vhd (2026-04-09 18:05:13, 2026-04-09 18:24:25) <-- (may instantiate this module)
                        C:\work\S127M\PCBNo_10089\SP0565_rev00_00\SP0565\reveal_workspace\tmpreveal\tmpctrl_4ch_reg_s127m_uniq_0.vhd (2026-04-09 18:05:12, 2026-04-09 18:24:25) <-- (may instantiate this module)
                        C:\work\S127M\PCBNo_10089\SP0565_rev00_00\SP0565\reveal_workspace\tmpreveal\tmpctrl_4ch_top_s127m_uniq_0.vhd (2026-04-09 18:05:12, 2026-04-09 18:24:25) <-- (may instantiate this module)
564      work.temp_dly_2term_uniq_6.rtl may have changed because the following files changed:
                        C:\work\S127M\PCBNo_10089\SP0565_rev00_00\SP0565\reveal_workspace\tmpreveal\sp0565.vhd (2026-04-09 18:05:12, 2026-04-09 18:24:24) <-- (may instantiate this module)
                        C:\work\S127M\PCBNo_10089\SP0565_rev00_00\SP0565\reveal_workspace\tmpreveal\temp_dly_2term_uniq_6.vhd (2026-04-09 18:05:13, 2026-04-09 18:24:25) <-- (architecture and entity definition)
                        C:\work\S127M\PCBNo_10089\SP0565_rev00_00\SP0565\reveal_workspace\tmpreveal\temp_plsmod_uniq_2.vhd (2026-04-09 18:05:13, 2026-04-09 18:24:25) <-- (may instantiate this module)
                        C:\work\S127M\PCBNo_10089\SP0565_rev00_00\SP0565\reveal_workspace\tmpreveal\tmpctrl_4ch_reg_s127m_uniq_0.vhd (2026-04-09 18:05:12, 2026-04-09 18:24:25) <-- (may instantiate this module)
                        C:\work\S127M\PCBNo_10089\SP0565_rev00_00\SP0565\reveal_workspace\tmpreveal\tmpctrl_4ch_top_s127m_uniq_0.vhd (2026-04-09 18:05:12, 2026-04-09 18:24:25) <-- (may instantiate this module)
566      work.temp_dly_2term_uniq_7.rtl may have changed because the following files changed:
                        C:\work\S127M\PCBNo_10089\SP0565_rev00_00\SP0565\reveal_workspace\tmpreveal\sp0565.vhd (2026-04-09 18:05:12, 2026-04-09 18:24:24) <-- (may instantiate this module)
                        C:\work\S127M\PCBNo_10089\SP0565_rev00_00\SP0565\reveal_workspace\tmpreveal\temp_dly_2term_uniq_7.vhd (2026-04-09 18:05:13, 2026-04-09 18:24:25) <-- (architecture and entity definition)
                        C:\work\S127M\PCBNo_10089\SP0565_rev00_00\SP0565\reveal_workspace\tmpreveal\temp_plsmod_uniq_2.vhd (2026-04-09 18:05:13, 2026-04-09 18:24:25) <-- (may instantiate this module)
                        C:\work\S127M\PCBNo_10089\SP0565_rev00_00\SP0565\reveal_workspace\tmpreveal\tmpctrl_4ch_reg_s127m_uniq_0.vhd (2026-04-09 18:05:12, 2026-04-09 18:24:25) <-- (may instantiate this module)
                        C:\work\S127M\PCBNo_10089\SP0565_rev00_00\SP0565\reveal_workspace\tmpreveal\tmpctrl_4ch_top_s127m_uniq_0.vhd (2026-04-09 18:05:12, 2026-04-09 18:24:25) <-- (may instantiate this module)
568      work.temp_dly_2term_uniq_8.rtl may have changed because the following files changed:
                        C:\work\S127M\PCBNo_10089\SP0565_rev00_00\SP0565\reveal_workspace\tmpreveal\sp0565.vhd (2026-04-09 18:05:12, 2026-04-09 18:24:24) <-- (may instantiate this module)
                        C:\work\S127M\PCBNo_10089\SP0565_rev00_00\SP0565\reveal_workspace\tmpreveal\temp_dly_2term_uniq_8.vhd (2026-04-09 18:05:13, 2026-04-09 18:24:25) <-- (architecture and entity definition)
                        C:\work\S127M\PCBNo_10089\SP0565_rev00_00\SP0565\reveal_workspace\tmpreveal\temp_plsmod_uniq_2.vhd (2026-04-09 18:05:13, 2026-04-09 18:24:25) <-- (may instantiate this module)
                        C:\work\S127M\PCBNo_10089\SP0565_rev00_00\SP0565\reveal_workspace\tmpreveal\tmpctrl_4ch_reg_s127m_uniq_0.vhd (2026-04-09 18:05:12, 2026-04-09 18:24:25) <-- (may instantiate this module)
                        C:\work\S127M\PCBNo_10089\SP0565_rev00_00\SP0565\reveal_workspace\tmpreveal\tmpctrl_4ch_top_s127m_uniq_0.vhd (2026-04-09 18:05:12, 2026-04-09 18:24:25) <-- (may instantiate this module)
570      work.temp_dly_2term_uniq_9.rtl may have changed because the following files changed:
                        C:\work\S127M\PCBNo_10089\SP0565_rev00_00\SP0565\reveal_workspace\tmpreveal\sp0565.vhd (2026-04-09 18:05:12, 2026-04-09 18:24:24) <-- (may instantiate this module)
                        C:\work\S127M\PCBNo_10089\SP0565_rev00_00\SP0565\reveal_workspace\tmpreveal\temp_dly_2term_uniq_9.vhd (2026-04-09 18:05:13, 2026-04-09 18:24:25) <-- (architecture and entity definition)
                        C:\work\S127M\PCBNo_10089\SP0565_rev00_00\SP0565\reveal_workspace\tmpreveal\temp_plsmod_uniq_3.vhd (2026-04-09 18:05:13, 2026-04-09 18:24:25) <-- (may instantiate this module)
                        C:\work\S127M\PCBNo_10089\SP0565_rev00_00\SP0565\reveal_workspace\tmpreveal\tmpctrl_4ch_reg_s127m_uniq_0.vhd (2026-04-09 18:05:12, 2026-04-09 18:24:25) <-- (may instantiate this module)
                        C:\work\S127M\PCBNo_10089\SP0565_rev00_00\SP0565\reveal_workspace\tmpreveal\tmpctrl_4ch_top_s127m_uniq_0.vhd (2026-04-09 18:05:12, 2026-04-09 18:24:25) <-- (may instantiate this module)
572      work.temp_dlysel_uniq_0.rtl may have changed because the following files changed:
                        C:\work\S127M\PCBNo_10089\SP0565_rev00_00\SP0565\reveal_workspace\tmpreveal\sp0565.vhd (2026-04-09 18:05:12, 2026-04-09 18:24:24) <-- (may instantiate this module)
                        C:\work\S127M\PCBNo_10089\SP0565_rev00_00\SP0565\reveal_workspace\tmpreveal\temp_dlysel_uniq_0.vhd (2026-04-09 18:05:13, 2026-04-09 18:24:25) <-- (architecture and entity definition)
                        C:\work\S127M\PCBNo_10089\SP0565_rev00_00\SP0565\reveal_workspace\tmpreveal\temp_plsmod_uniq_0.vhd (2026-04-09 18:05:12, 2026-04-09 18:24:25) <-- (may instantiate this module)
                        C:\work\S127M\PCBNo_10089\SP0565_rev00_00\SP0565\reveal_workspace\tmpreveal\tmpctrl_4ch_reg_s127m_uniq_0.vhd (2026-04-09 18:05:12, 2026-04-09 18:24:25) <-- (may instantiate this module)
                        C:\work\S127M\PCBNo_10089\SP0565_rev00_00\SP0565\reveal_workspace\tmpreveal\tmpctrl_4ch_top_s127m_uniq_0.vhd (2026-04-09 18:05:12, 2026-04-09 18:24:25) <-- (may instantiate this module)
574      work.temp_dlysel_uniq_1.rtl may have changed because the following files changed:
                        C:\work\S127M\PCBNo_10089\SP0565_rev00_00\SP0565\reveal_workspace\tmpreveal\sp0565.vhd (2026-04-09 18:05:12, 2026-04-09 18:24:24) <-- (may instantiate this module)
                        C:\work\S127M\PCBNo_10089\SP0565_rev00_00\SP0565\reveal_workspace\tmpreveal\temp_dlysel_uniq_1.vhd (2026-04-09 18:05:13, 2026-04-09 18:24:25) <-- (architecture and entity definition)
                        C:\work\S127M\PCBNo_10089\SP0565_rev00_00\SP0565\reveal_workspace\tmpreveal\temp_plsmod_uniq_1.vhd (2026-04-09 18:05:13, 2026-04-09 18:24:25) <-- (may instantiate this module)
                        C:\work\S127M\PCBNo_10089\SP0565_rev00_00\SP0565\reveal_workspace\tmpreveal\tmpctrl_4ch_reg_s127m_uniq_0.vhd (2026-04-09 18:05:12, 2026-04-09 18:24:25) <-- (may instantiate this module)
                        C:\work\S127M\PCBNo_10089\SP0565_rev00_00\SP0565\reveal_workspace\tmpreveal\tmpctrl_4ch_top_s127m_uniq_0.vhd (2026-04-09 18:05:12, 2026-04-09 18:24:25) <-- (may instantiate this module)
576      work.temp_dlysel_uniq_2.rtl may have changed because the following files changed:
                        C:\work\S127M\PCBNo_10089\SP0565_rev00_00\SP0565\reveal_workspace\tmpreveal\sp0565.vhd (2026-04-09 18:05:12, 2026-04-09 18:24:24) <-- (may instantiate this module)
                        C:\work\S127M\PCBNo_10089\SP0565_rev00_00\SP0565\reveal_workspace\tmpreveal\temp_dlysel_uniq_2.vhd (2026-04-09 18:05:13, 2026-04-09 18:24:25) <-- (architecture and entity definition)
                        C:\work\S127M\PCBNo_10089\SP0565_rev00_00\SP0565\reveal_workspace\tmpreveal\temp_plsmod_uniq_2.vhd (2026-04-09 18:05:13, 2026-04-09 18:24:25) <-- (may instantiate this module)
                        C:\work\S127M\PCBNo_10089\SP0565_rev00_00\SP0565\reveal_workspace\tmpreveal\tmpctrl_4ch_reg_s127m_uniq_0.vhd (2026-04-09 18:05:12, 2026-04-09 18:24:25) <-- (may instantiate this module)
                        C:\work\S127M\PCBNo_10089\SP0565_rev00_00\SP0565\reveal_workspace\tmpreveal\tmpctrl_4ch_top_s127m_uniq_0.vhd (2026-04-09 18:05:12, 2026-04-09 18:24:25) <-- (may instantiate this module)
578      work.temp_dlysel_uniq_3.rtl may have changed because the following files changed:
                        C:\work\S127M\PCBNo_10089\SP0565_rev00_00\SP0565\reveal_workspace\tmpreveal\sp0565.vhd (2026-04-09 18:05:12, 2026-04-09 18:24:24) <-- (may instantiate this module)
                        C:\work\S127M\PCBNo_10089\SP0565_rev00_00\SP0565\reveal_workspace\tmpreveal\temp_dlysel_uniq_3.vhd (2026-04-09 18:05:13, 2026-04-09 18:24:25) <-- (architecture and entity definition)
                        C:\work\S127M\PCBNo_10089\SP0565_rev00_00\SP0565\reveal_workspace\tmpreveal\temp_plsmod_uniq_3.vhd (2026-04-09 18:05:13, 2026-04-09 18:24:25) <-- (may instantiate this module)
                        C:\work\S127M\PCBNo_10089\SP0565_rev00_00\SP0565\reveal_workspace\tmpreveal\tmpctrl_4ch_reg_s127m_uniq_0.vhd (2026-04-09 18:05:12, 2026-04-09 18:24:25) <-- (may instantiate this module)
                        C:\work\S127M\PCBNo_10089\SP0565_rev00_00\SP0565\reveal_workspace\tmpreveal\tmpctrl_4ch_top_s127m_uniq_0.vhd (2026-04-09 18:05:12, 2026-04-09 18:24:25) <-- (may instantiate this module)
580      work.temp_edge_dtct_uniq_0.rtl may have changed because the following files changed:
                        C:\work\S127M\PCBNo_10089\SP0565_rev00_00\SP0565\reveal_workspace\tmpreveal\sp0565.vhd (2026-04-09 18:05:12, 2026-04-09 18:24:24) <-- (may instantiate this module)
                        C:\work\S127M\PCBNo_10089\SP0565_rev00_00\SP0565\reveal_workspace\tmpreveal\temp_edge_dtct_uniq_0.vhd (2026-04-09 18:05:12, 2026-04-09 18:24:25) <-- (architecture and entity definition)
                        C:\work\S127M\PCBNo_10089\SP0565_rev00_00\SP0565\reveal_workspace\tmpreveal\tmpctrl_4ch_reg_s127m_uniq_0.vhd (2026-04-09 18:05:12, 2026-04-09 18:24:25) <-- (may instantiate this module)
                        C:\work\S127M\PCBNo_10089\SP0565_rev00_00\SP0565\reveal_workspace\tmpreveal\tmpctrl_4ch_top_s127m_uniq_0.vhd (2026-04-09 18:05:12, 2026-04-09 18:24:25) <-- (may instantiate this module)
582      work.temp_idlm_reg_uniq_0.rtl may have changed because the following files changed:
                        C:\work\S127M\PCBNo_10089\SP0565_rev00_00\SP0565\reveal_workspace\tmpreveal\sp0565.vhd (2026-04-09 18:05:12, 2026-04-09 18:24:24) <-- (may instantiate this module)
                        C:\work\S127M\PCBNo_10089\SP0565_rev00_00\SP0565\reveal_workspace\tmpreveal\temp_idlm_reg_uniq_0.vhd (2026-04-09 18:05:12, 2026-04-09 18:24:25) <-- (architecture and entity definition)
                        C:\work\S127M\PCBNo_10089\SP0565_rev00_00\SP0565\reveal_workspace\tmpreveal\tmpctrl_4ch_reg_s127m_uniq_0.vhd (2026-04-09 18:05:12, 2026-04-09 18:24:25) <-- (may instantiate this module)
                        C:\work\S127M\PCBNo_10089\SP0565_rev00_00\SP0565\reveal_workspace\tmpreveal\tmpctrl_4ch_top_s127m_uniq_0.vhd (2026-04-09 18:05:12, 2026-04-09 18:24:25) <-- (may instantiate this module)
584      work.temp_meas_reg_s127m_uniq_0.rtl may have changed because the following files changed:
                        C:\work\S127M\PCBNo_10089\SP0565_rev00_00\SP0565\reveal_workspace\tmpreveal\sp0565.vhd (2026-04-09 18:05:12, 2026-04-09 18:24:24) <-- (may instantiate this module)
                        C:\work\S127M\PCBNo_10089\SP0565_rev00_00\SP0565\reveal_workspace\tmpreveal\temp_meas_reg_s127m_uniq_0.vhd (2026-04-09 18:05:12, 2026-04-09 18:24:25) <-- (architecture and entity definition)
                        C:\work\S127M\PCBNo_10089\SP0565_rev00_00\SP0565\reveal_workspace\tmpreveal\tmpctrl_4ch_reg_s127m_uniq_0.vhd (2026-04-09 18:05:12, 2026-04-09 18:24:25) <-- (may instantiate this module)
                        C:\work\S127M\PCBNo_10089\SP0565_rev00_00\SP0565\reveal_workspace\tmpreveal\tmpctrl_4ch_top_s127m_uniq_0.vhd (2026-04-09 18:05:12, 2026-04-09 18:24:25) <-- (may instantiate this module)
586      work.temp_plsdrv_uniq_0.rtl may have changed because the following files changed:
                        C:\work\S127M\PCBNo_10089\SP0565_rev00_00\SP0565\reveal_workspace\tmpreveal\sp0565.vhd (2026-04-09 18:05:12, 2026-04-09 18:24:24) <-- (may instantiate this module)
                        C:\work\S127M\PCBNo_10089\SP0565_rev00_00\SP0565\reveal_workspace\tmpreveal\temp_plsdrv_uniq_0.vhd (2026-04-09 18:05:13, 2026-04-09 18:24:25) <-- (architecture and entity definition)
                        C:\work\S127M\PCBNo_10089\SP0565_rev00_00\SP0565\reveal_workspace\tmpreveal\temp_plsmod_uniq_0.vhd (2026-04-09 18:05:12, 2026-04-09 18:24:25) <-- (may instantiate this module)
                        C:\work\S127M\PCBNo_10089\SP0565_rev00_00\SP0565\reveal_workspace\tmpreveal\tmpctrl_4ch_reg_s127m_uniq_0.vhd (2026-04-09 18:05:12, 2026-04-09 18:24:25) <-- (may instantiate this module)
                        C:\work\S127M\PCBNo_10089\SP0565_rev00_00\SP0565\reveal_workspace\tmpreveal\tmpctrl_4ch_top_s127m_uniq_0.vhd (2026-04-09 18:05:12, 2026-04-09 18:24:25) <-- (may instantiate this module)
588      work.temp_plsdrv_uniq_1.rtl may have changed because the following files changed:
                        C:\work\S127M\PCBNo_10089\SP0565_rev00_00\SP0565\reveal_workspace\tmpreveal\sp0565.vhd (2026-04-09 18:05:12, 2026-04-09 18:24:24) <-- (may instantiate this module)
                        C:\work\S127M\PCBNo_10089\SP0565_rev00_00\SP0565\reveal_workspace\tmpreveal\temp_plsdrv_uniq_1.vhd (2026-04-09 18:05:13, 2026-04-09 18:24:25) <-- (architecture and entity definition)
                        C:\work\S127M\PCBNo_10089\SP0565_rev00_00\SP0565\reveal_workspace\tmpreveal\temp_plsmod_uniq_0.vhd (2026-04-09 18:05:12, 2026-04-09 18:24:25) <-- (may instantiate this module)
                        C:\work\S127M\PCBNo_10089\SP0565_rev00_00\SP0565\reveal_workspace\tmpreveal\tmpctrl_4ch_reg_s127m_uniq_0.vhd (2026-04-09 18:05:12, 2026-04-09 18:24:25) <-- (may instantiate this module)
                        C:\work\S127M\PCBNo_10089\SP0565_rev00_00\SP0565\reveal_workspace\tmpreveal\tmpctrl_4ch_top_s127m_uniq_0.vhd (2026-04-09 18:05:12, 2026-04-09 18:24:25) <-- (may instantiate this module)
590      work.temp_plsdrv_uniq_2.rtl may have changed because the following files changed:
                        C:\work\S127M\PCBNo_10089\SP0565_rev00_00\SP0565\reveal_workspace\tmpreveal\sp0565.vhd (2026-04-09 18:05:12, 2026-04-09 18:24:24) <-- (may instantiate this module)
                        C:\work\S127M\PCBNo_10089\SP0565_rev00_00\SP0565\reveal_workspace\tmpreveal\temp_plsdrv_uniq_2.vhd (2026-04-09 18:05:13, 2026-04-09 18:24:25) <-- (architecture and entity definition)
                        C:\work\S127M\PCBNo_10089\SP0565_rev00_00\SP0565\reveal_workspace\tmpreveal\temp_plsmod_uniq_1.vhd (2026-04-09 18:05:13, 2026-04-09 18:24:25) <-- (may instantiate this module)
                        C:\work\S127M\PCBNo_10089\SP0565_rev00_00\SP0565\reveal_workspace\tmpreveal\tmpctrl_4ch_reg_s127m_uniq_0.vhd (2026-04-09 18:05:12, 2026-04-09 18:24:25) <-- (may instantiate this module)
                        C:\work\S127M\PCBNo_10089\SP0565_rev00_00\SP0565\reveal_workspace\tmpreveal\tmpctrl_4ch_top_s127m_uniq_0.vhd (2026-04-09 18:05:12, 2026-04-09 18:24:25) <-- (may instantiate this module)
592      work.temp_plsdrv_uniq_3.rtl may have changed because the following files changed:
                        C:\work\S127M\PCBNo_10089\SP0565_rev00_00\SP0565\reveal_workspace\tmpreveal\sp0565.vhd (2026-04-09 18:05:12, 2026-04-09 18:24:24) <-- (may instantiate this module)
                        C:\work\S127M\PCBNo_10089\SP0565_rev00_00\SP0565\reveal_workspace\tmpreveal\temp_plsdrv_uniq_3.vhd (2026-04-09 18:05:13, 2026-04-09 18:24:25) <-- (architecture and entity definition)
                        C:\work\S127M\PCBNo_10089\SP0565_rev00_00\SP0565\reveal_workspace\tmpreveal\temp_plsmod_uniq_1.vhd (2026-04-09 18:05:13, 2026-04-09 18:24:25) <-- (may instantiate this module)
                        C:\work\S127M\PCBNo_10089\SP0565_rev00_00\SP0565\reveal_workspace\tmpreveal\tmpctrl_4ch_reg_s127m_uniq_0.vhd (2026-04-09 18:05:12, 2026-04-09 18:24:25) <-- (may instantiate this module)
                        C:\work\S127M\PCBNo_10089\SP0565_rev00_00\SP0565\reveal_workspace\tmpreveal\tmpctrl_4ch_top_s127m_uniq_0.vhd (2026-04-09 18:05:12, 2026-04-09 18:24:25) <-- (may instantiate this module)
594      work.temp_plsdrv_uniq_4.rtl may have changed because the following files changed:
                        C:\work\S127M\PCBNo_10089\SP0565_rev00_00\SP0565\reveal_workspace\tmpreveal\sp0565.vhd (2026-04-09 18:05:12, 2026-04-09 18:24:24) <-- (may instantiate this module)
                        C:\work\S127M\PCBNo_10089\SP0565_rev00_00\SP0565\reveal_workspace\tmpreveal\temp_plsdrv_uniq_4.vhd (2026-04-09 18:05:13, 2026-04-09 18:24:25) <-- (architecture and entity definition)
                        C:\work\S127M\PCBNo_10089\SP0565_rev00_00\SP0565\reveal_workspace\tmpreveal\temp_plsmod_uniq_2.vhd (2026-04-09 18:05:13, 2026-04-09 18:24:25) <-- (may instantiate this module)
                        C:\work\S127M\PCBNo_10089\SP0565_rev00_00\SP0565\reveal_workspace\tmpreveal\tmpctrl_4ch_reg_s127m_uniq_0.vhd (2026-04-09 18:05:12, 2026-04-09 18:24:25) <-- (may instantiate this module)
                        C:\work\S127M\PCBNo_10089\SP0565_rev00_00\SP0565\reveal_workspace\tmpreveal\tmpctrl_4ch_top_s127m_uniq_0.vhd (2026-04-09 18:05:12, 2026-04-09 18:24:25) <-- (may instantiate this module)
596      work.temp_plsdrv_uniq_5.rtl may have changed because the following files changed:
                        C:\work\S127M\PCBNo_10089\SP0565_rev00_00\SP0565\reveal_workspace\tmpreveal\sp0565.vhd (2026-04-09 18:05:12, 2026-04-09 18:24:24) <-- (may instantiate this module)
                        C:\work\S127M\PCBNo_10089\SP0565_rev00_00\SP0565\reveal_workspace\tmpreveal\temp_plsdrv_uniq_5.vhd (2026-04-09 18:05:13, 2026-04-09 18:24:25) <-- (architecture and entity definition)
                        C:\work\S127M\PCBNo_10089\SP0565_rev00_00\SP0565\reveal_workspace\tmpreveal\temp_plsmod_uniq_2.vhd (2026-04-09 18:05:13, 2026-04-09 18:24:25) <-- (may instantiate this module)
                        C:\work\S127M\PCBNo_10089\SP0565_rev00_00\SP0565\reveal_workspace\tmpreveal\tmpctrl_4ch_reg_s127m_uniq_0.vhd (2026-04-09 18:05:12, 2026-04-09 18:24:25) <-- (may instantiate this module)
                        C:\work\S127M\PCBNo_10089\SP0565_rev00_00\SP0565\reveal_workspace\tmpreveal\tmpctrl_4ch_top_s127m_uniq_0.vhd (2026-04-09 18:05:12, 2026-04-09 18:24:25) <-- (may instantiate this module)
598      work.temp_plsdrv_uniq_6.rtl may have changed because the following files changed:
                        C:\work\S127M\PCBNo_10089\SP0565_rev00_00\SP0565\reveal_workspace\tmpreveal\sp0565.vhd (2026-04-09 18:05:12, 2026-04-09 18:24:24) <-- (may instantiate this module)
                        C:\work\S127M\PCBNo_10089\SP0565_rev00_00\SP0565\reveal_workspace\tmpreveal\temp_plsdrv_uniq_6.vhd (2026-04-09 18:05:13, 2026-04-09 18:24:25) <-- (architecture and entity definition)
                        C:\work\S127M\PCBNo_10089\SP0565_rev00_00\SP0565\reveal_workspace\tmpreveal\temp_plsmod_uniq_3.vhd (2026-04-09 18:05:13, 2026-04-09 18:24:25) <-- (may instantiate this module)
                        C:\work\S127M\PCBNo_10089\SP0565_rev00_00\SP0565\reveal_workspace\tmpreveal\tmpctrl_4ch_reg_s127m_uniq_0.vhd (2026-04-09 18:05:12, 2026-04-09 18:24:25) <-- (may instantiate this module)
                        C:\work\S127M\PCBNo_10089\SP0565_rev00_00\SP0565\reveal_workspace\tmpreveal\tmpctrl_4ch_top_s127m_uniq_0.vhd (2026-04-09 18:05:12, 2026-04-09 18:24:25) <-- (may instantiate this module)
600      work.temp_plsdrv_uniq_7.rtl may have changed because the following files changed:
                        C:\work\S127M\PCBNo_10089\SP0565_rev00_00\SP0565\reveal_workspace\tmpreveal\sp0565.vhd (2026-04-09 18:05:12, 2026-04-09 18:24:24) <-- (may instantiate this module)
                        C:\work\S127M\PCBNo_10089\SP0565_rev00_00\SP0565\reveal_workspace\tmpreveal\temp_plsdrv_uniq_7.vhd (2026-04-09 18:05:13, 2026-04-09 18:24:25) <-- (architecture and entity definition)
                        C:\work\S127M\PCBNo_10089\SP0565_rev00_00\SP0565\reveal_workspace\tmpreveal\temp_plsmod_uniq_3.vhd (2026-04-09 18:05:13, 2026-04-09 18:24:25) <-- (may instantiate this module)
                        C:\work\S127M\PCBNo_10089\SP0565_rev00_00\SP0565\reveal_workspace\tmpreveal\tmpctrl_4ch_reg_s127m_uniq_0.vhd (2026-04-09 18:05:12, 2026-04-09 18:24:25) <-- (may instantiate this module)
                        C:\work\S127M\PCBNo_10089\SP0565_rev00_00\SP0565\reveal_workspace\tmpreveal\tmpctrl_4ch_top_s127m_uniq_0.vhd (2026-04-09 18:05:12, 2026-04-09 18:24:25) <-- (may instantiate this module)
602      work.temp_plsgen_uniq_0.rtl may have changed because the following files changed:
                        C:\work\S127M\PCBNo_10089\SP0565_rev00_00\SP0565\reveal_workspace\tmpreveal\sp0565.vhd (2026-04-09 18:05:12, 2026-04-09 18:24:24) <-- (may instantiate this module)
                        C:\work\S127M\PCBNo_10089\SP0565_rev00_00\SP0565\reveal_workspace\tmpreveal\temp_plsgen_uniq_0.vhd (2026-04-09 18:05:13, 2026-04-09 18:24:25) <-- (architecture and entity definition)
                        C:\work\S127M\PCBNo_10089\SP0565_rev00_00\SP0565\reveal_workspace\tmpreveal\tmpctrl_4ch_reg_s127m_uniq_0.vhd (2026-04-09 18:05:12, 2026-04-09 18:24:25) <-- (may instantiate this module)
                        C:\work\S127M\PCBNo_10089\SP0565_rev00_00\SP0565\reveal_workspace\tmpreveal\tmpctrl_4ch_top_s127m_uniq_0.vhd (2026-04-09 18:05:12, 2026-04-09 18:24:25) <-- (may instantiate this module)
604      work.temp_plsmod_uniq_0.rtl may have changed because the following files changed:
                        C:\work\S127M\PCBNo_10089\SP0565_rev00_00\SP0565\reveal_workspace\tmpreveal\sp0565.vhd (2026-04-09 18:05:12, 2026-04-09 18:24:24) <-- (may instantiate this module)
                        C:\work\S127M\PCBNo_10089\SP0565_rev00_00\SP0565\reveal_workspace\tmpreveal\temp_plsmod_uniq_0.vhd (2026-04-09 18:05:12, 2026-04-09 18:24:25) <-- (architecture and entity definition)
                        C:\work\S127M\PCBNo_10089\SP0565_rev00_00\SP0565\reveal_workspace\tmpreveal\tmpctrl_4ch_reg_s127m_uniq_0.vhd (2026-04-09 18:05:12, 2026-04-09 18:24:25) <-- (may instantiate this module)
                        C:\work\S127M\PCBNo_10089\SP0565_rev00_00\SP0565\reveal_workspace\tmpreveal\tmpctrl_4ch_top_s127m_uniq_0.vhd (2026-04-09 18:05:12, 2026-04-09 18:24:25) <-- (may instantiate this module)
606      work.temp_plsmod_uniq_1.rtl may have changed because the following files changed:
                        C:\work\S127M\PCBNo_10089\SP0565_rev00_00\SP0565\reveal_workspace\tmpreveal\sp0565.vhd (2026-04-09 18:05:12, 2026-04-09 18:24:24) <-- (may instantiate this module)
                        C:\work\S127M\PCBNo_10089\SP0565_rev00_00\SP0565\reveal_workspace\tmpreveal\temp_plsmod_uniq_1.vhd (2026-04-09 18:05:13, 2026-04-09 18:24:25) <-- (architecture and entity definition)
                        C:\work\S127M\PCBNo_10089\SP0565_rev00_00\SP0565\reveal_workspace\tmpreveal\tmpctrl_4ch_reg_s127m_uniq_0.vhd (2026-04-09 18:05:12, 2026-04-09 18:24:25) <-- (may instantiate this module)
                        C:\work\S127M\PCBNo_10089\SP0565_rev00_00\SP0565\reveal_workspace\tmpreveal\tmpctrl_4ch_top_s127m_uniq_0.vhd (2026-04-09 18:05:12, 2026-04-09 18:24:25) <-- (may instantiate this module)
608      work.temp_plsmod_uniq_2.rtl may have changed because the following files changed:
                        C:\work\S127M\PCBNo_10089\SP0565_rev00_00\SP0565\reveal_workspace\tmpreveal\sp0565.vhd (2026-04-09 18:05:12, 2026-04-09 18:24:24) <-- (may instantiate this module)
                        C:\work\S127M\PCBNo_10089\SP0565_rev00_00\SP0565\reveal_workspace\tmpreveal\temp_plsmod_uniq_2.vhd (2026-04-09 18:05:13, 2026-04-09 18:24:25) <-- (architecture and entity definition)
                        C:\work\S127M\PCBNo_10089\SP0565_rev00_00\SP0565\reveal_workspace\tmpreveal\tmpctrl_4ch_reg_s127m_uniq_0.vhd (2026-04-09 18:05:12, 2026-04-09 18:24:25) <-- (may instantiate this module)
                        C:\work\S127M\PCBNo_10089\SP0565_rev00_00\SP0565\reveal_workspace\tmpreveal\tmpctrl_4ch_top_s127m_uniq_0.vhd (2026-04-09 18:05:12, 2026-04-09 18:24:25) <-- (may instantiate this module)
610      work.temp_plsmod_uniq_3.rtl may have changed because the following files changed:
                        C:\work\S127M\PCBNo_10089\SP0565_rev00_00\SP0565\reveal_workspace\tmpreveal\sp0565.vhd (2026-04-09 18:05:12, 2026-04-09 18:24:24) <-- (may instantiate this module)
                        C:\work\S127M\PCBNo_10089\SP0565_rev00_00\SP0565\reveal_workspace\tmpreveal\temp_plsmod_uniq_3.vhd (2026-04-09 18:05:13, 2026-04-09 18:24:25) <-- (architecture and entity definition)
                        C:\work\S127M\PCBNo_10089\SP0565_rev00_00\SP0565\reveal_workspace\tmpreveal\tmpctrl_4ch_reg_s127m_uniq_0.vhd (2026-04-09 18:05:12, 2026-04-09 18:24:25) <-- (may instantiate this module)
                        C:\work\S127M\PCBNo_10089\SP0565_rev00_00\SP0565\reveal_workspace\tmpreveal\tmpctrl_4ch_top_s127m_uniq_0.vhd (2026-04-09 18:05:12, 2026-04-09 18:24:25) <-- (may instantiate this module)
612      work.temp_plsnum_reg_uniq_0.rtl may have changed because the following files changed:
                        C:\work\S127M\PCBNo_10089\SP0565_rev00_00\SP0565\reveal_workspace\tmpreveal\sp0565.vhd (2026-04-09 18:05:12, 2026-04-09 18:24:24) <-- (may instantiate this module)
                        C:\work\S127M\PCBNo_10089\SP0565_rev00_00\SP0565\reveal_workspace\tmpreveal\temp_plsnum_reg_uniq_0.vhd (2026-04-09 18:05:12, 2026-04-09 18:24:25) <-- (architecture and entity definition)
                        C:\work\S127M\PCBNo_10089\SP0565_rev00_00\SP0565\reveal_workspace\tmpreveal\tmpctrl_4ch_reg_s127m_uniq_0.vhd (2026-04-09 18:05:12, 2026-04-09 18:24:25) <-- (may instantiate this module)
                        C:\work\S127M\PCBNo_10089\SP0565_rev00_00\SP0565\reveal_workspace\tmpreveal\tmpctrl_4ch_top_s127m_uniq_0.vhd (2026-04-09 18:05:12, 2026-04-09 18:24:25) <-- (may instantiate this module)
614      work.temp_plssel_uniq_0.rtl may have changed because the following files changed:
                        C:\work\S127M\PCBNo_10089\SP0565_rev00_00\SP0565\reveal_workspace\tmpreveal\sp0565.vhd (2026-04-09 18:05:12, 2026-04-09 18:24:24) <-- (may instantiate this module)
                        C:\work\S127M\PCBNo_10089\SP0565_rev00_00\SP0565\reveal_workspace\tmpreveal\temp_plsmod_uniq_0.vhd (2026-04-09 18:05:12, 2026-04-09 18:24:25) <-- (may instantiate this module)
                        C:\work\S127M\PCBNo_10089\SP0565_rev00_00\SP0565\reveal_workspace\tmpreveal\temp_plssel_uniq_0.vhd (2026-04-09 18:05:12, 2026-04-09 18:24:25) <-- (architecture and entity definition)
                        C:\work\S127M\PCBNo_10089\SP0565_rev00_00\SP0565\reveal_workspace\tmpreveal\tmpctrl_4ch_reg_s127m_uniq_0.vhd (2026-04-09 18:05:12, 2026-04-09 18:24:25) <-- (may instantiate this module)
                        C:\work\S127M\PCBNo_10089\SP0565_rev00_00\SP0565\reveal_workspace\tmpreveal\tmpctrl_4ch_top_s127m_uniq_0.vhd (2026-04-09 18:05:12, 2026-04-09 18:24:25) <-- (may instantiate this module)
616      work.temp_plssel_uniq_1.rtl may have changed because the following files changed:
                        C:\work\S127M\PCBNo_10089\SP0565_rev00_00\SP0565\reveal_workspace\tmpreveal\sp0565.vhd (2026-04-09 18:05:12, 2026-04-09 18:24:24) <-- (may instantiate this module)
                        C:\work\S127M\PCBNo_10089\SP0565_rev00_00\SP0565\reveal_workspace\tmpreveal\temp_plsmod_uniq_1.vhd (2026-04-09 18:05:13, 2026-04-09 18:24:25) <-- (may instantiate this module)
                        C:\work\S127M\PCBNo_10089\SP0565_rev00_00\SP0565\reveal_workspace\tmpreveal\temp_plssel_uniq_1.vhd (2026-04-09 18:05:13, 2026-04-09 18:24:25) <-- (architecture and entity definition)
                        C:\work\S127M\PCBNo_10089\SP0565_rev00_00\SP0565\reveal_workspace\tmpreveal\tmpctrl_4ch_reg_s127m_uniq_0.vhd (2026-04-09 18:05:12, 2026-04-09 18:24:25) <-- (may instantiate this module)
                        C:\work\S127M\PCBNo_10089\SP0565_rev00_00\SP0565\reveal_workspace\tmpreveal\tmpctrl_4ch_top_s127m_uniq_0.vhd (2026-04-09 18:05:12, 2026-04-09 18:24:25) <-- (may instantiate this module)
618      work.temp_plssel_uniq_2.rtl may have changed because the following files changed:
                        C:\work\S127M\PCBNo_10089\SP0565_rev00_00\SP0565\reveal_workspace\tmpreveal\sp0565.vhd (2026-04-09 18:05:12, 2026-04-09 18:24:24) <-- (may instantiate this module)
                        C:\work\S127M\PCBNo_10089\SP0565_rev00_00\SP0565\reveal_workspace\tmpreveal\temp_plsmod_uniq_2.vhd (2026-04-09 18:05:13, 2026-04-09 18:24:25) <-- (may instantiate this module)
                        C:\work\S127M\PCBNo_10089\SP0565_rev00_00\SP0565\reveal_workspace\tmpreveal\temp_plssel_uniq_2.vhd (2026-04-09 18:05:13, 2026-04-09 18:24:25) <-- (architecture and entity definition)
                        C:\work\S127M\PCBNo_10089\SP0565_rev00_00\SP0565\reveal_workspace\tmpreveal\tmpctrl_4ch_reg_s127m_uniq_0.vhd (2026-04-09 18:05:12, 2026-04-09 18:24:25) <-- (may instantiate this module)
                        C:\work\S127M\PCBNo_10089\SP0565_rev00_00\SP0565\reveal_workspace\tmpreveal\tmpctrl_4ch_top_s127m_uniq_0.vhd (2026-04-09 18:05:12, 2026-04-09 18:24:25) <-- (may instantiate this module)
620      work.temp_plssel_uniq_3.rtl may have changed because the following files changed:
                        C:\work\S127M\PCBNo_10089\SP0565_rev00_00\SP0565\reveal_workspace\tmpreveal\sp0565.vhd (2026-04-09 18:05:12, 2026-04-09 18:24:24) <-- (may instantiate this module)
                        C:\work\S127M\PCBNo_10089\SP0565_rev00_00\SP0565\reveal_workspace\tmpreveal\temp_plsmod_uniq_3.vhd (2026-04-09 18:05:13, 2026-04-09 18:24:25) <-- (may instantiate this module)
                        C:\work\S127M\PCBNo_10089\SP0565_rev00_00\SP0565\reveal_workspace\tmpreveal\temp_plssel_uniq_3.vhd (2026-04-09 18:05:13, 2026-04-09 18:24:25) <-- (architecture and entity definition)
                        C:\work\S127M\PCBNo_10089\SP0565_rev00_00\SP0565\reveal_workspace\tmpreveal\tmpctrl_4ch_reg_s127m_uniq_0.vhd (2026-04-09 18:05:12, 2026-04-09 18:24:25) <-- (may instantiate this module)
                        C:\work\S127M\PCBNo_10089\SP0565_rev00_00\SP0565\reveal_workspace\tmpreveal\tmpctrl_4ch_top_s127m_uniq_0.vhd (2026-04-09 18:05:12, 2026-04-09 18:24:25) <-- (may instantiate this module)
622      work.temp_prm_sel_uniq_0.rtl may have changed because the following files changed:
                        C:\work\S127M\PCBNo_10089\SP0565_rev00_00\SP0565\reveal_workspace\tmpreveal\sp0565.vhd (2026-04-09 18:05:12, 2026-04-09 18:24:24) <-- (may instantiate this module)
                        C:\work\S127M\PCBNo_10089\SP0565_rev00_00\SP0565\reveal_workspace\tmpreveal\temp_prm_sel_uniq_0.vhd (2026-04-09 18:05:12, 2026-04-09 18:24:25) <-- (architecture and entity definition)
                        C:\work\S127M\PCBNo_10089\SP0565_rev00_00\SP0565\reveal_workspace\tmpreveal\tmpctrl_4ch_reg_s127m_uniq_0.vhd (2026-04-09 18:05:12, 2026-04-09 18:24:25) <-- (may instantiate this module)
                        C:\work\S127M\PCBNo_10089\SP0565_rev00_00\SP0565\reveal_workspace\tmpreveal\tmpctrl_4ch_top_s127m_uniq_0.vhd (2026-04-09 18:05:12, 2026-04-09 18:24:25) <-- (may instantiate this module)
624      work.temp_ref_reg_uniq_0.rtl may have changed because the following files changed:
                        C:\work\S127M\PCBNo_10089\SP0565_rev00_00\SP0565\reveal_workspace\tmpreveal\sp0565.vhd (2026-04-09 18:05:12, 2026-04-09 18:24:24) <-- (may instantiate this module)
                        C:\work\S127M\PCBNo_10089\SP0565_rev00_00\SP0565\reveal_workspace\tmpreveal\temp_ref_reg_uniq_0.vhd (2026-04-09 18:05:12, 2026-04-09 18:24:25) <-- (architecture and entity definition)
                        C:\work\S127M\PCBNo_10089\SP0565_rev00_00\SP0565\reveal_workspace\tmpreveal\tmpctrl_4ch_reg_s127m_uniq_0.vhd (2026-04-09 18:05:12, 2026-04-09 18:24:25) <-- (may instantiate this module)
                        C:\work\S127M\PCBNo_10089\SP0565_rev00_00\SP0565\reveal_workspace\tmpreveal\tmpctrl_4ch_top_s127m_uniq_0.vhd (2026-04-09 18:05:12, 2026-04-09 18:24:25) <-- (may instantiate this module)
626      work.temp_rng_chk_uniq_0.rtl may have changed because the following files changed:
                        C:\work\S127M\PCBNo_10089\SP0565_rev00_00\SP0565\reveal_workspace\tmpreveal\sp0565.vhd (2026-04-09 18:05:12, 2026-04-09 18:24:24) <-- (may instantiate this module)
                        C:\work\S127M\PCBNo_10089\SP0565_rev00_00\SP0565\reveal_workspace\tmpreveal\temp_rng_chk_uniq_0.vhd (2026-04-09 18:05:12, 2026-04-09 18:24:25) <-- (architecture and entity definition)
                        C:\work\S127M\PCBNo_10089\SP0565_rev00_00\SP0565\reveal_workspace\tmpreveal\tmpctrl_4ch_reg_s127m_uniq_0.vhd (2026-04-09 18:05:12, 2026-04-09 18:24:25) <-- (may instantiate this module)
                        C:\work\S127M\PCBNo_10089\SP0565_rev00_00\SP0565\reveal_workspace\tmpreveal\tmpctrl_4ch_top_s127m_uniq_0.vhd (2026-04-09 18:05:12, 2026-04-09 18:24:25) <-- (may instantiate this module)
628      work.tmpctrl_4ch_id_uniq_0.rtl may have changed because the following files changed:
                        C:\work\S127M\PCBNo_10089\SP0565_rev00_00\SP0565\reveal_workspace\tmpreveal\sp0565.vhd (2026-04-09 18:05:12, 2026-04-09 18:24:24) <-- (may instantiate this module)
                        C:\work\S127M\PCBNo_10089\SP0565_rev00_00\SP0565\reveal_workspace\tmpreveal\tmpctrl_4ch_id_uniq_0.vhd (2026-04-09 18:05:12, 2026-04-09 18:24:25) <-- (architecture and entity definition)
                        C:\work\S127M\PCBNo_10089\SP0565_rev00_00\SP0565\reveal_workspace\tmpreveal\tmpctrl_4ch_top_s127m_uniq_0.vhd (2026-04-09 18:05:12, 2026-04-09 18:24:25) <-- (may instantiate this module)
630      work.tmpctrl_4ch_reg_s127m_uniq_0.rtl may have changed because the following files changed:
                        C:\work\S127M\PCBNo_10089\SP0565_rev00_00\SP0565\reveal_workspace\tmpreveal\sp0565.vhd (2026-04-09 18:05:12, 2026-04-09 18:24:24) <-- (may instantiate this module)
                        C:\work\S127M\PCBNo_10089\SP0565_rev00_00\SP0565\reveal_workspace\tmpreveal\tmpctrl_4ch_reg_s127m_uniq_0.vhd (2026-04-09 18:05:12, 2026-04-09 18:24:25) <-- (architecture and entity definition)
                        C:\work\S127M\PCBNo_10089\SP0565_rev00_00\SP0565\reveal_workspace\tmpreveal\tmpctrl_4ch_top_s127m_uniq_0.vhd (2026-04-09 18:05:12, 2026-04-09 18:24:25) <-- (may instantiate this module)
632      work.tmpctrl_4ch_top_s127m_uniq_0.rtl may have changed because the following files changed:
                        C:\work\S127M\PCBNo_10089\SP0565_rev00_00\SP0565\reveal_workspace\tmpreveal\sp0565.vhd (2026-04-09 18:05:12, 2026-04-09 18:24:24) <-- (may instantiate this module)
                        C:\work\S127M\PCBNo_10089\SP0565_rev00_00\SP0565\reveal_workspace\tmpreveal\tmpctrl_4ch_top_s127m_uniq_0.vhd (2026-04-09 18:05:12, 2026-04-09 18:24:25) <-- (architecture and entity definition)
634      work.tx_com_uniq_0.rtl may have changed because the following files changed:
                        C:\work\S127M\PCBNo_10089\SP0565_rev00_00\SP0565\reveal_workspace\tmpreveal\slv_com_top_uniq_0.vhd (2026-04-09 18:05:12, 2026-04-09 18:24:24) <-- (may instantiate this module)
                        C:\work\S127M\PCBNo_10089\SP0565_rev00_00\SP0565\reveal_workspace\tmpreveal\sp0565.vhd (2026-04-09 18:05:12, 2026-04-09 18:24:24) <-- (may instantiate this module)
                        C:\work\S127M\PCBNo_10089\SP0565_rev00_00\SP0565\reveal_workspace\tmpreveal\tx_com_uniq_0.vhd (2026-04-09 18:05:12, 2026-04-09 18:24:24) <-- (architecture and entity definition)
636      work.tx_cont_b1_uniq_0.rtl may have changed because the following files changed:
                        C:\work\S127M\PCBNo_10089\SP0565_rev00_00\SP0565\reveal_workspace\tmpreveal\slv_com_top_uniq_0.vhd (2026-04-09 18:05:12, 2026-04-09 18:24:24) <-- (may instantiate this module)
                        C:\work\S127M\PCBNo_10089\SP0565_rev00_00\SP0565\reveal_workspace\tmpreveal\sp0565.vhd (2026-04-09 18:05:12, 2026-04-09 18:24:24) <-- (may instantiate this module)
                        C:\work\S127M\PCBNo_10089\SP0565_rev00_00\SP0565\reveal_workspace\tmpreveal\tx_com_uniq_0.vhd (2026-04-09 18:05:12, 2026-04-09 18:24:24) <-- (may instantiate this module)
                        C:\work\S127M\PCBNo_10089\SP0565_rev00_00\SP0565\reveal_workspace\tmpreveal\tx_cont_b1_uniq_0.vhd (2026-04-09 18:05:12, 2026-04-09 18:24:24) <-- (architecture and entity definition)
638      work.tx_cont_b2_uniq_0.rtl may have changed because the following files changed:
                        C:\work\S127M\PCBNo_10089\SP0565_rev00_00\SP0565\reveal_workspace\tmpreveal\slv_com_top_uniq_0.vhd (2026-04-09 18:05:12, 2026-04-09 18:24:24) <-- (may instantiate this module)
                        C:\work\S127M\PCBNo_10089\SP0565_rev00_00\SP0565\reveal_workspace\tmpreveal\sp0565.vhd (2026-04-09 18:05:12, 2026-04-09 18:24:24) <-- (may instantiate this module)
                        C:\work\S127M\PCBNo_10089\SP0565_rev00_00\SP0565\reveal_workspace\tmpreveal\tx_com_uniq_0.vhd (2026-04-09 18:05:12, 2026-04-09 18:24:24) <-- (may instantiate this module)
                        C:\work\S127M\PCBNo_10089\SP0565_rev00_00\SP0565\reveal_workspace\tmpreveal\tx_cont_b2_uniq_0.vhd (2026-04-09 18:05:12, 2026-04-09 18:24:24) <-- (architecture and entity definition)
640      work.tx_ctl_1st_uniq_0.rtl may have changed because the following files changed:
                        C:\work\S127M\PCBNo_10089\SP0565_rev00_00\SP0565\reveal_workspace\tmpreveal\slv_com_top_uniq_0.vhd (2026-04-09 18:05:12, 2026-04-09 18:24:24) <-- (may instantiate this module)
                        C:\work\S127M\PCBNo_10089\SP0565_rev00_00\SP0565\reveal_workspace\tmpreveal\sp0565.vhd (2026-04-09 18:05:12, 2026-04-09 18:24:24) <-- (may instantiate this module)
                        C:\work\S127M\PCBNo_10089\SP0565_rev00_00\SP0565\reveal_workspace\tmpreveal\tx_com_uniq_0.vhd (2026-04-09 18:05:12, 2026-04-09 18:24:24) <-- (may instantiate this module)
                        C:\work\S127M\PCBNo_10089\SP0565_rev00_00\SP0565\reveal_workspace\tmpreveal\tx_cont_b1_uniq_0.vhd (2026-04-09 18:05:12, 2026-04-09 18:24:24) <-- (may instantiate this module)
                        C:\work\S127M\PCBNo_10089\SP0565_rev00_00\SP0565\reveal_workspace\tmpreveal\tx_ctl_1st_uniq_0.vhd (2026-04-09 18:05:12, 2026-04-09 18:24:24) <-- (architecture and entity definition)
642      work.tx_ctl_3rd_uniq_0.rtl may have changed because the following files changed:
                        C:\work\S127M\PCBNo_10089\SP0565_rev00_00\SP0565\reveal_workspace\tmpreveal\slv_com_top_uniq_0.vhd (2026-04-09 18:05:12, 2026-04-09 18:24:24) <-- (may instantiate this module)
                        C:\work\S127M\PCBNo_10089\SP0565_rev00_00\SP0565\reveal_workspace\tmpreveal\sp0565.vhd (2026-04-09 18:05:12, 2026-04-09 18:24:24) <-- (may instantiate this module)
                        C:\work\S127M\PCBNo_10089\SP0565_rev00_00\SP0565\reveal_workspace\tmpreveal\tx_com_uniq_0.vhd (2026-04-09 18:05:12, 2026-04-09 18:24:24) <-- (may instantiate this module)
                        C:\work\S127M\PCBNo_10089\SP0565_rev00_00\SP0565\reveal_workspace\tmpreveal\tx_cont_b2_uniq_0.vhd (2026-04-09 18:05:12, 2026-04-09 18:24:24) <-- (may instantiate this module)
                        C:\work\S127M\PCBNo_10089\SP0565_rev00_00\SP0565\reveal_workspace\tmpreveal\tx_ctl_3rd_uniq_0.vhd (2026-04-09 18:05:12, 2026-04-09 18:24:24) <-- (architecture and entity definition)

*******************************************************************
Unmodified files: 23
FID:  path (timestamp)
116      C:\lscc\diamond\3.13\cae_library\synthesis\verilog\pmi_def.v (2023-09-19 19:06:22)
117      C:\lscc\diamond\3.13\module\reveal\src\ertl\JTAG_SOFT.v (2016-03-30 14:25:00)
118      C:\lscc\diamond\3.13\module\reveal\src\ertl\ertl.v (2017-04-26 12:34:32)
119      C:\lscc\diamond\3.13\module\reveal\src\rvl_j2w_module\rvl_j2w_module.v (2013-11-25 17:02:34)
120      C:\lscc\diamond\3.13\module\reveal\src\rvl_j2w_module\wb2sci.v (2013-11-11 17:19:06)
121      C:\lscc\diamond\3.13\synpbase\lib\lucent\ecp5u.v (2023-08-10 11:56:40)
1        C:\lscc\diamond\3.13\synpbase\lib\lucent\ecp5u.vhd (2023-08-10 11:56:40)
122      C:\lscc\diamond\3.13\synpbase\lib\lucent\pmi_def.v (2023-08-10 11:56:42)
2        C:\lscc\diamond\3.13\synpbase\lib\vhd2008\arith.vhd (2023-08-10 09:32:12)
3        C:\lscc\diamond\3.13\synpbase\lib\vhd2008\location.map (2023-08-30 16:00:02)
4        C:\lscc\diamond\3.13\synpbase\lib\vhd2008\misc.vhd (2023-08-10 09:32:12)
5        C:\lscc\diamond\3.13\synpbase\lib\vhd2008\numeric.vhd (2023-08-10 09:55:24)
6        C:\lscc\diamond\3.13\synpbase\lib\vhd2008\signed.vhd (2023-08-10 09:32:12)
7        C:\lscc\diamond\3.13\synpbase\lib\vhd2008\std.vhd (2023-08-10 09:32:12)
8        C:\lscc\diamond\3.13\synpbase\lib\vhd2008\std1164.vhd (2023-08-10 09:32:12)
9        C:\lscc\diamond\3.13\synpbase\lib\vhd2008\std_textio.vhd (2023-08-10 09:32:12)
10       C:\lscc\diamond\3.13\synpbase\lib\vhd2008\unsigned.vhd (2023-08-10 09:32:12)
11       C:\lscc\diamond\3.13\synpbase\lib\vhd\hyperents.vhd (2023-08-10 09:32:12)
12       C:\lscc\diamond\3.13\synpbase\lib\vhd\snps_haps_pkg.vhd (2023-08-10 09:32:12)
13       C:\lscc\diamond\3.13\synpbase\lib\vhd\umr_capim.vhd (2023-08-10 09:32:12)
123      C:\lscc\diamond\3.13\synpbase\lib\vlog\hypermods.v (2023-08-10 09:32:12)
124      C:\lscc\diamond\3.13\synpbase\lib\vlog\scemi_objects.v (2023-08-10 09:32:12)
125      C:\lscc\diamond\3.13\synpbase\lib\vlog\scemi_pipes.svh (2023-08-10 09:32:12)

*******************************************************************
Unchanged modules: 13
MID:  lib.cell.view
202      work.JTAG_SOFT.verilog
409      work.idata.verilog
410      work.jtag_cntl_soft.verilog
411      work.jtag_inst_dec_soft.verilog
412      work.jtag_logic_soft.verilog
413      work.jtag_register_soft.verilog
414      work.jtag_tap_cntl_soft.verilog
416      work.jtaghub16.verilog
417      work.jtaghub_if.verilog
500      work.rvl_j2w.verilog
501      work.rvl_jtag2wb.verilog
644      work.wb2sci.verilog
645      work.wb_control.verilog
