Logfile for Reveal Analyzer
Version: Diamond 3.13.0.56.2
Platform: Windows8 64bit
Filename: C:/work/S127M/PCBNo_10089/SP0565_rev00_00/SP0565/reveal_debug.log
First created: –Ø 4 9 17:59:14 2026
[17:59:20] runProject on device [1. LFE5U-25F] using C:/work/S127M/PCBNo_10089/SP0565_rev00_00/Reveal/Linear.rva [linear.rvl]
[17:59:20] Connecting cableserver to run Reveal debugger....
[17:59:27] @Connect
[17:59:27] @SetSharableApplications,2,Reveal,Mico
[17:59:31] @SetCablePort,USB2,FTUSB-1,8,0,0,1,1,0,0,0,1
[17:59:31] @LockCable
[17:59:31] @GetServerStatus
[17:59:31] @Read
[17:59:31] @SetTargetDevice,0
[17:59:31] Connecting core0....
[17:59:31] @ShiftIR,8,0,ER1
[17:59:31] @ShiftDR,21,0,data (select core0)
[17:59:31] @ShiftIR,8,0,ER2
[17:59:31] Configuring core0....
[17:59:31] @JumpState,RUN_TEST_IDLE
[17:59:31] @JumpState,RUN_TEST_IDLE
[17:59:31] @JumpState,RUN_TEST_IDLE
[17:59:31] @ShiftIR,8,0,NOP
[17:59:31] @JumpState,RUN_TEST_IDLE
[17:59:31] @ShiftIR,8,0,ER2
[17:59:31] @Set Odd Parity readback
[17:59:31] @Set Odd Parity
[17:59:31] @Set LA Start/Stop readback
[17:59:31] @Set LA Start/Stop 
[17:59:31] #Reveal IP Version = 1_6_042617
[17:59:31] @Get Pattern
[17:59:31] #pattern readout = a5a5
[17:59:31] pattern readout passed!
[17:59:31] @Get Tracy Signature
[17:59:31] @Get Tracy Signature
[17:59:31] #signature from core0 = 689118330
[17:59:31] signature from core0 passed!
[17:59:31] @Set Opcode Value
[17:59:31] @Set Comp Value
[17:59:31] @Set Mask Value
[17:59:31] @Set Then Num
[17:59:31] @Set NEXT THEN
[17:59:31] @Set Cnt Cntg
[17:59:31] @Set Event Count
[17:59:31] @Get BurstWrite CRC
[17:59:31] @Set Truth Tbl Addr Cnter Init
[17:59:31] @Set Truth Table Prog
[17:59:31] Configuring in burst mode....
[17:59:31] @Get BurstWrite CRC
[17:59:31] @Enable TE Trig
[17:59:31] @Enable Trig Output OR All readback
[17:59:31] @Enable Trig Output OR All
[17:59:31] @Set Pre-Trig Sample
[17:59:31] @Set Post-Trig Sample
[17:59:31] finished configuration of core0
[17:59:31] Starting all active cores....
[17:59:31] @ShiftIR,8,0,ER1
[17:59:31] @ShiftDR,21,0,data (select active cores)
[17:59:31] @ShiftIR,8,0,ER2
[17:59:31] @Set LA Start cores
[17:59:31] @UnlockCable
[17:59:31] Running all active cores....
[17:59:31] @LockCable
[17:59:31] Polling trigger memory of core0....
[17:59:31] @ShiftIR,8,0,ER1
[17:59:31] @ShiftDR,21,0,data (select core0)
[17:59:31] @ShiftIR,8,0,ER2
[17:59:31] @Get Force Trigger bit
[17:59:31] #TM_CTL_0=3
[17:59:31] @Get Trig Detected Cnt
[17:59:31] #numDetectedTriggers = 0
[17:59:31] @Get Mem Block Full Cnt
[17:59:31] #memFullCnt = 0
[17:59:31] detected 0 triggers of core0
[17:59:31] captured 0 memory blocks of core0
[17:59:31] @UnlockCable
[17:59:32] Running all active cores....
[17:59:32] @LockCable
[17:59:32] Polling trigger memory of core0....
[17:59:32] @ShiftIR,8,0,ER1
[17:59:32] @ShiftDR,21,0,data (select core0)
[17:59:32] @ShiftIR,8,0,ER2
[17:59:32] @Get Force Trigger bit
[17:59:32] #TM_CTL_0=3
[17:59:32] @Get Trig Detected Cnt
[17:59:32] #numDetectedTriggers = 0
[17:59:32] @Get Mem Block Full Cnt
[17:59:32] #memFullCnt = 0
[17:59:32] detected 0 triggers of core0
[17:59:32] captured 0 memory blocks of core0
[17:59:32] @UnlockCable
[17:59:33] Running all active cores....
[17:59:33] @LockCable
[17:59:33] Polling trigger memory of core0....
[17:59:33] @ShiftIR,8,0,ER1
[17:59:33] @ShiftDR,21,0,data (select core0)
[17:59:33] @ShiftIR,8,0,ER2
[17:59:33] @Get Force Trigger bit
[17:59:33] #TM_CTL_0=3
[17:59:33] @Get Trig Detected Cnt
[17:59:33] #numDetectedTriggers = 0
[17:59:33] @Get Mem Block Full Cnt
[17:59:33] #memFullCnt = 0
[17:59:33] detected 0 triggers of core0
[17:59:33] captured 0 memory blocks of core0
[17:59:33] @UnlockCable
[17:59:34] Running all active cores....
[17:59:34] @LockCable
[17:59:34] Polling trigger memory of core0....
[17:59:34] @ShiftIR,8,0,ER1
[17:59:34] @ShiftDR,21,0,data (select core0)
[17:59:34] @ShiftIR,8,0,ER2
[17:59:34] @Get Force Trigger bit
[17:59:34] #TM_CTL_0=3
[17:59:34] @Get Trig Detected Cnt
[17:59:34] #numDetectedTriggers = 0
[17:59:34] @Get Mem Block Full Cnt
[17:59:34] #memFullCnt = 0
[17:59:34] detected 0 triggers of core0
[17:59:34] captured 0 memory blocks of core0
[17:59:34] @UnlockCable
[17:59:35] Running all active cores....
[17:59:35] @LockCable
[17:59:35] Polling trigger memory of core0....
[17:59:35] @ShiftIR,8,0,ER1
[17:59:35] @ShiftDR,21,0,data (select core0)
[17:59:35] @ShiftIR,8,0,ER2
[17:59:35] @Get Force Trigger bit
[17:59:35] #TM_CTL_0=3
[17:59:35] @Get Trig Detected Cnt
[17:59:35] #numDetectedTriggers = 0
[17:59:35] @Get Mem Block Full Cnt
[17:59:35] #memFullCnt = 0
[17:59:35] detected 0 triggers of core0
[17:59:35] captured 0 memory blocks of core0
[17:59:35] @UnlockCable
[17:59:36] Running all active cores....
[17:59:36] @LockCable
[17:59:36] Polling trigger memory of core0....
[17:59:36] @ShiftIR,8,0,ER1
[17:59:36] @ShiftDR,21,0,data (select core0)
[17:59:36] @ShiftIR,8,0,ER2
[17:59:36] @Get Force Trigger bit
[17:59:36] #TM_CTL_0=3
[17:59:36] @Get Trig Detected Cnt
[17:59:36] #numDetectedTriggers = 0
[17:59:36] @Get Mem Block Full Cnt
[17:59:36] #memFullCnt = 0
[17:59:36] detected 0 triggers of core0
[17:59:36] captured 0 memory blocks of core0
[17:59:36] @UnlockCable
[17:59:37] Running all active cores....
[17:59:37] @LockCable
[17:59:37] Polling trigger memory of core0....
[17:59:37] @ShiftIR,8,0,ER1
[17:59:37] @ShiftDR,21,0,data (select core0)
[17:59:37] @ShiftIR,8,0,ER2
[17:59:37] @Get Force Trigger bit
[17:59:37] #TM_CTL_0=3
[17:59:37] @Get Trig Detected Cnt
[17:59:37] #numDetectedTriggers = 0
[17:59:37] @Get Mem Block Full Cnt
[17:59:37] #memFullCnt = 0
[17:59:37] detected 0 triggers of core0
[17:59:37] captured 0 memory blocks of core0
[17:59:37] @UnlockCable
[17:59:38] Running all active cores....
[17:59:38] @LockCable
[17:59:38] Polling trigger memory of core0....
[17:59:38] @ShiftIR,8,0,ER1
[17:59:38] @ShiftDR,21,0,data (select core0)
[17:59:38] @ShiftIR,8,0,ER2
[17:59:38] @Get Force Trigger bit
[17:59:38] #TM_CTL_0=3
[17:59:38] @Get Trig Detected Cnt
[17:59:38] #numDetectedTriggers = 0
[17:59:38] @Get Mem Block Full Cnt
[17:59:38] #memFullCnt = 0
[17:59:38] detected 0 triggers of core0
[17:59:38] captured 0 memory blocks of core0
[17:59:38] @UnlockCable
[17:59:39] Running all active cores....
[17:59:39] @LockCable
[17:59:39] Polling trigger memory of core0....
[17:59:39] @ShiftIR,8,0,ER1
[17:59:39] @ShiftDR,21,0,data (select core0)
[17:59:39] @ShiftIR,8,0,ER2
[17:59:39] @Get Force Trigger bit
[17:59:39] #TM_CTL_0=3
[17:59:39] @Get Trig Detected Cnt
[17:59:39] #numDetectedTriggers = 0
[17:59:39] @Get Mem Block Full Cnt
[17:59:39] #memFullCnt = 0
[17:59:39] detected 0 triggers of core0
[17:59:39] captured 0 memory blocks of core0
[17:59:39] @UnlockCable
[17:59:40] Running all active cores....
[17:59:40] @LockCable
[17:59:40] Polling trigger memory of core0....
[17:59:40] @ShiftIR,8,0,ER1
[17:59:40] @ShiftDR,21,0,data (select core0)
[17:59:40] @ShiftIR,8,0,ER2
[17:59:40] @Get Force Trigger bit
[17:59:40] #TM_CTL_0=3
[17:59:40] @Get Trig Detected Cnt
[17:59:40] #numDetectedTriggers = 0
[17:59:40] @Get Mem Block Full Cnt
[17:59:40] #memFullCnt = 0
[17:59:40] detected 0 triggers of core0
[17:59:40] captured 0 memory blocks of core0
[17:59:40] @UnlockCable
[17:59:41] Running all active cores....
[17:59:41] @LockCable
[17:59:41] Polling trigger memory of core0....
[17:59:41] @ShiftIR,8,0,ER1
[17:59:41] @ShiftDR,21,0,data (select core0)
[17:59:41] @ShiftIR,8,0,ER2
[17:59:41] @Get Force Trigger bit
[17:59:41] #TM_CTL_0=3
[17:59:41] @Get Trig Detected Cnt
[17:59:41] #numDetectedTriggers = 0
[17:59:41] @Get Mem Block Full Cnt
[17:59:41] #memFullCnt = 0
[17:59:41] detected 0 triggers of core0
[17:59:41] captured 0 memory blocks of core0
[17:59:41] @UnlockCable
[17:59:42] Running all active cores....
[17:59:42] @LockCable
[17:59:42] Polling trigger memory of core0....
[17:59:42] @ShiftIR,8,0,ER1
[17:59:42] @ShiftDR,21,0,data (select core0)
[17:59:42] @ShiftIR,8,0,ER2
[17:59:42] @Get Force Trigger bit
[17:59:42] #TM_CTL_0=3
[17:59:42] @Get Trig Detected Cnt
[17:59:42] #numDetectedTriggers = 0
[17:59:42] @Get Mem Block Full Cnt
[17:59:42] #memFullCnt = 0
[17:59:42] detected 0 triggers of core0
[17:59:42] captured 0 memory blocks of core0
[17:59:42] @UnlockCable
[17:59:43] Running all active cores....
[17:59:43] @LockCable
[17:59:43] Polling trigger memory of core0....
[17:59:43] @ShiftIR,8,0,ER1
[17:59:43] @ShiftDR,21,0,data (select core0)
[17:59:43] @ShiftIR,8,0,ER2
[17:59:43] @Get Force Trigger bit
[17:59:43] #TM_CTL_0=3
[17:59:43] @Get Trig Detected Cnt
[17:59:43] #numDetectedTriggers = 0
[17:59:43] @Get Mem Block Full Cnt
[17:59:43] #memFullCnt = 0
[17:59:43] detected 0 triggers of core0
[17:59:43] captured 0 memory blocks of core0
[17:59:43] @UnlockCable
[17:59:44] Running all active cores....
[17:59:44] @LockCable
[17:59:44] Polling trigger memory of core0....
[17:59:44] @ShiftIR,8,0,ER1
[17:59:44] @ShiftDR,21,0,data (select core0)
[17:59:44] @ShiftIR,8,0,ER2
[17:59:44] @Get Force Trigger bit
[17:59:44] #TM_CTL_0=3
[17:59:44] @Get Trig Detected Cnt
[17:59:44] #numDetectedTriggers = 0
[17:59:44] @Get Mem Block Full Cnt
[17:59:44] #memFullCnt = 0
[17:59:44] detected 0 triggers of core0
[17:59:44] captured 0 memory blocks of core0
[17:59:44] @UnlockCable
[17:59:45] Running all active cores....
[17:59:45] @LockCable
[17:59:45] Polling trigger memory of core0....
[17:59:45] @ShiftIR,8,0,ER1
[17:59:45] @ShiftDR,21,0,data (select core0)
[17:59:45] @ShiftIR,8,0,ER2
[17:59:45] @Get Force Trigger bit
[17:59:45] #TM_CTL_0=3
[17:59:45] @Get Trig Detected Cnt
[17:59:45] #numDetectedTriggers = 0
[17:59:45] @Get Mem Block Full Cnt
[17:59:45] #memFullCnt = 0
[17:59:45] detected 0 triggers of core0
[17:59:45] captured 0 memory blocks of core0
[17:59:45] @UnlockCable
[17:59:46] Running all active cores....
[17:59:46] @LockCable
[17:59:46] Polling trigger memory of core0....
[17:59:46] @ShiftIR,8,0,ER1
[17:59:46] @ShiftDR,21,0,data (select core0)
[17:59:46] @ShiftIR,8,0,ER2
[17:59:46] @Get Force Trigger bit
[17:59:46] #TM_CTL_0=3
[17:59:46] @Get Trig Detected Cnt
[17:59:46] #numDetectedTriggers = 0
[17:59:46] @Get Mem Block Full Cnt
[17:59:46] #memFullCnt = 0
[17:59:46] detected 0 triggers of core0
[17:59:46] captured 0 memory blocks of core0
[17:59:46] @UnlockCable
[17:59:47] Running all active cores....
[17:59:47] @LockCable
[17:59:47] Polling trigger memory of core0....
[17:59:47] @ShiftIR,8,0,ER1
[17:59:47] @ShiftDR,21,0,data (select core0)
[17:59:47] @ShiftIR,8,0,ER2
[17:59:47] @Get Force Trigger bit
[17:59:47] #TM_CTL_0=3
[17:59:47] @Get Trig Detected Cnt
[17:59:47] #numDetectedTriggers = 0
[17:59:47] @Get Mem Block Full Cnt
[17:59:47] #memFullCnt = 0
[17:59:47] detected 0 triggers of core0
[17:59:47] captured 0 memory blocks of core0
[17:59:47] @UnlockCable
[17:59:48] Running all active cores....
[17:59:48] @LockCable
[17:59:48] Polling trigger memory of core0....
[17:59:48] @ShiftIR,8,0,ER1
[17:59:48] @ShiftDR,21,0,data (select core0)
[17:59:48] @ShiftIR,8,0,ER2
[17:59:48] @Get Force Trigger bit
[17:59:48] #TM_CTL_0=3
[17:59:48] @Get Trig Detected Cnt
[17:59:48] #numDetectedTriggers = 0
[17:59:48] @Get Mem Block Full Cnt
[17:59:48] #memFullCnt = 0
[17:59:48] detected 0 triggers of core0
[17:59:48] captured 0 memory blocks of core0
[17:59:48] @UnlockCable
[17:59:49] Running all active cores....
[17:59:49] @LockCable
[17:59:49] Polling trigger memory of core0....
[17:59:49] @ShiftIR,8,0,ER1
[17:59:49] @ShiftDR,21,0,data (select core0)
[17:59:49] @ShiftIR,8,0,ER2
[17:59:49] @Get Force Trigger bit
[17:59:49] #TM_CTL_0=3
[17:59:49] @Get Trig Detected Cnt
[17:59:49] #numDetectedTriggers = 0
[17:59:49] @Get Mem Block Full Cnt
[17:59:49] #memFullCnt = 0
[17:59:49] detected 0 triggers of core0
[17:59:49] captured 0 memory blocks of core0
[17:59:49] @UnlockCable
[17:59:50] Running all active cores....
[17:59:50] @LockCable
[17:59:50] Polling trigger memory of core0....
[17:59:50] @ShiftIR,8,0,ER1
[17:59:50] @ShiftDR,21,0,data (select core0)
[17:59:50] @ShiftIR,8,0,ER2
[17:59:50] @Get Force Trigger bit
[17:59:50] #TM_CTL_0=3
[17:59:50] @Get Trig Detected Cnt
[17:59:50] #numDetectedTriggers = 0
[17:59:50] @Get Mem Block Full Cnt
[17:59:50] #memFullCnt = 0
[17:59:50] detected 0 triggers of core0
[17:59:50] captured 0 memory blocks of core0
[17:59:50] @UnlockCable
[17:59:51] Running all active cores....
[17:59:51] @LockCable
[17:59:51] Polling trigger memory of core0....
[17:59:51] @ShiftIR,8,0,ER1
[17:59:51] @ShiftDR,21,0,data (select core0)
[17:59:51] @ShiftIR,8,0,ER2
[17:59:51] @Get Force Trigger bit
[17:59:51] #TM_CTL_0=3
[17:59:51] @Get Trig Detected Cnt
[17:59:51] #numDetectedTriggers = 0
[17:59:51] @Get Mem Block Full Cnt
[17:59:51] #memFullCnt = 0
[17:59:51] detected 0 triggers of core0
[17:59:51] captured 0 memory blocks of core0
[17:59:51] @UnlockCable
[17:59:52] Running all active cores....
[17:59:52] @LockCable
[17:59:52] Polling trigger memory of core0....
[17:59:52] @ShiftIR,8,0,ER1
[17:59:52] @ShiftDR,21,0,data (select core0)
[17:59:52] @ShiftIR,8,0,ER2
[17:59:52] @Get Force Trigger bit
[17:59:52] #TM_CTL_0=3
[17:59:52] @Get Trig Detected Cnt
[17:59:52] #numDetectedTriggers = 0
[17:59:52] @Get Mem Block Full Cnt
[17:59:52] #memFullCnt = 0
[17:59:52] detected 0 triggers of core0
[17:59:52] captured 0 memory blocks of core0
[17:59:52] @UnlockCable
[17:59:53] Running all active cores....
[17:59:53] @LockCable
[17:59:53] Polling trigger memory of core0....
[17:59:53] @ShiftIR,8,0,ER1
[17:59:53] @ShiftDR,21,0,data (select core0)
[17:59:53] @ShiftIR,8,0,ER2
[17:59:53] @Get Force Trigger bit
[17:59:53] #TM_CTL_0=3
[17:59:53] @Get Trig Detected Cnt
[17:59:53] #numDetectedTriggers = 0
[17:59:53] @Get Mem Block Full Cnt
[17:59:53] #memFullCnt = 0
[17:59:53] detected 0 triggers of core0
[17:59:53] captured 0 memory blocks of core0
[17:59:53] @UnlockCable
[17:59:54] Running all active cores....
[17:59:54] @LockCable
[17:59:54] Polling trigger memory of core0....
[17:59:54] @ShiftIR,8,0,ER1
[17:59:54] @ShiftDR,21,0,data (select core0)
[17:59:54] @ShiftIR,8,0,ER2
[17:59:54] @Get Force Trigger bit
[17:59:54] #TM_CTL_0=3
[17:59:54] @Get Trig Detected Cnt
[17:59:54] #numDetectedTriggers = 0
[17:59:54] @Get Mem Block Full Cnt
[17:59:54] #memFullCnt = 0
[17:59:54] detected 0 triggers of core0
[17:59:54] captured 0 memory blocks of core0
[17:59:54] @UnlockCable
[17:59:55] Running all active cores....
[17:59:55] @LockCable
[17:59:55] Polling trigger memory of core0....
[17:59:55] @ShiftIR,8,0,ER1
[17:59:55] @ShiftDR,21,0,data (select core0)
[17:59:55] @ShiftIR,8,0,ER2
[17:59:55] @Get Force Trigger bit
[17:59:55] #TM_CTL_0=3
[17:59:55] @Get Trig Detected Cnt
[17:59:55] #numDetectedTriggers = 0
[17:59:55] @Get Mem Block Full Cnt
[17:59:55] #memFullCnt = 0
[17:59:55] detected 0 triggers of core0
[17:59:55] captured 0 memory blocks of core0
[17:59:55] @UnlockCable
[17:59:56] Running all active cores....
[17:59:56] @LockCable
[17:59:56] Polling trigger memory of core0....
[17:59:56] @ShiftIR,8,0,ER1
[17:59:56] @ShiftDR,21,0,data (select core0)
[17:59:56] @ShiftIR,8,0,ER2
[17:59:56] @Get Force Trigger bit
[17:59:56] #TM_CTL_0=3
[17:59:56] @Get Trig Detected Cnt
[17:59:56] #numDetectedTriggers = 0
[17:59:56] @Get Mem Block Full Cnt
[17:59:56] #memFullCnt = 0
[17:59:56] detected 0 triggers of core0
[17:59:56] captured 0 memory blocks of core0
[17:59:56] @UnlockCable
[17:59:57] Running all active cores....
[17:59:57] @LockCable
[17:59:57] Polling trigger memory of core0....
[17:59:57] @ShiftIR,8,0,ER1
[17:59:57] @ShiftDR,21,0,data (select core0)
[17:59:57] @ShiftIR,8,0,ER2
[17:59:57] @Get Force Trigger bit
[17:59:57] #TM_CTL_0=3
[17:59:57] @Get Trig Detected Cnt
[17:59:57] #numDetectedTriggers = 0
[17:59:57] @Get Mem Block Full Cnt
[17:59:57] #memFullCnt = 0
[17:59:57] detected 0 triggers of core0
[17:59:57] captured 0 memory blocks of core0
[17:59:57] @UnlockCable
[17:59:58] Running all active cores....
[17:59:58] @LockCable
[17:59:58] Polling trigger memory of core0....
[17:59:58] @ShiftIR,8,0,ER1
[17:59:58] @ShiftDR,21,0,data (select core0)
[17:59:58] @ShiftIR,8,0,ER2
[17:59:58] @Get Force Trigger bit
[17:59:58] #TM_CTL_0=3
[17:59:58] @Get Trig Detected Cnt
[17:59:58] #numDetectedTriggers = 0
[17:59:58] @Get Mem Block Full Cnt
[17:59:58] #memFullCnt = 0
[17:59:58] detected 0 triggers of core0
[17:59:58] captured 0 memory blocks of core0
[17:59:58] @UnlockCable
[17:59:59] Running all active cores....
[17:59:59] @LockCable
[17:59:59] Polling trigger memory of core0....
[17:59:59] @ShiftIR,8,0,ER1
[17:59:59] @ShiftDR,21,0,data (select core0)
[17:59:59] @ShiftIR,8,0,ER2
[17:59:59] @Get Force Trigger bit
[17:59:59] #TM_CTL_0=3
[17:59:59] @Get Trig Detected Cnt
[17:59:59] #numDetectedTriggers = 0
[17:59:59] @Get Mem Block Full Cnt
[17:59:59] #memFullCnt = 0
[17:59:59] detected 0 triggers of core0
[17:59:59] captured 0 memory blocks of core0
[17:59:59] @UnlockCable
[18:00:00] Running all active cores....
[18:00:00] @LockCable
[18:00:00] Polling trigger memory of core0....
[18:00:00] @ShiftIR,8,0,ER1
[18:00:00] @ShiftDR,21,0,data (select core0)
[18:00:00] @ShiftIR,8,0,ER2
[18:00:00] @Get Force Trigger bit
[18:00:00] #TM_CTL_0=3
[18:00:00] @Get Trig Detected Cnt
[18:00:00] #numDetectedTriggers = 0
[18:00:00] @Get Mem Block Full Cnt
[18:00:00] #memFullCnt = 0
[18:00:00] detected 0 triggers of core0
[18:00:00] captured 0 memory blocks of core0
[18:00:00] @UnlockCable
[18:00:01] Running all active cores....
[18:00:01] @LockCable
[18:00:01] Polling trigger memory of core0....
[18:00:01] @ShiftIR,8,0,ER1
[18:00:01] @ShiftDR,21,0,data (select core0)
[18:00:01] @ShiftIR,8,0,ER2
[18:00:01] @Get Force Trigger bit
[18:00:01] #TM_CTL_0=3
[18:00:01] @Get Trig Detected Cnt
[18:00:01] #numDetectedTriggers = 0
[18:00:01] @Get Mem Block Full Cnt
[18:00:01] #memFullCnt = 0
[18:00:01] detected 0 triggers of core0
[18:00:01] captured 0 memory blocks of core0
[18:00:01] @UnlockCable
[18:00:02] Running all active cores....
[18:00:02] @LockCable
[18:00:02] Polling trigger memory of core0....
[18:00:02] @ShiftIR,8,0,ER1
[18:00:02] @ShiftDR,21,0,data (select core0)
[18:00:02] @ShiftIR,8,0,ER2
[18:00:02] @Get Force Trigger bit
[18:00:02] #TM_CTL_0=3
[18:00:02] @Get Trig Detected Cnt
[18:00:02] #numDetectedTriggers = 0
[18:00:02] @Get Mem Block Full Cnt
[18:00:02] #memFullCnt = 0
[18:00:02] detected 0 triggers of core0
[18:00:02] captured 0 memory blocks of core0
[18:00:02] @UnlockCable
[18:00:03] Running all active cores....
[18:00:03] @LockCable
[18:00:03] Polling trigger memory of core0....
[18:00:03] @ShiftIR,8,0,ER1
[18:00:03] @ShiftDR,21,0,data (select core0)
[18:00:03] @ShiftIR,8,0,ER2
[18:00:03] @Get Force Trigger bit
[18:00:03] #TM_CTL_0=3
[18:00:03] @Get Trig Detected Cnt
[18:00:03] #numDetectedTriggers = 0
[18:00:03] @Get Mem Block Full Cnt
[18:00:03] #memFullCnt = 0
[18:00:03] detected 0 triggers of core0
[18:00:03] captured 0 memory blocks of core0
[18:00:03] @UnlockCable
[18:00:04] Running all active cores....
[18:00:04] @LockCable
[18:00:04] Polling trigger memory of core0....
[18:00:04] @ShiftIR,8,0,ER1
[18:00:04] @ShiftDR,21,0,data (select core0)
[18:00:04] @ShiftIR,8,0,ER2
[18:00:04] @Get Force Trigger bit
[18:00:04] #TM_CTL_0=3
[18:00:04] @Get Trig Detected Cnt
[18:00:04] #numDetectedTriggers = 0
[18:00:04] @Get Mem Block Full Cnt
[18:00:04] #memFullCnt = 0
[18:00:04] detected 0 triggers of core0
[18:00:04] captured 0 memory blocks of core0
[18:00:04] @UnlockCable
[18:00:05] Running all active cores....
[18:00:05] @LockCable
[18:00:05] Polling trigger memory of core0....
[18:00:05] @ShiftIR,8,0,ER1
[18:00:05] @ShiftDR,21,0,data (select core0)
[18:00:05] @ShiftIR,8,0,ER2
[18:00:05] @Get Force Trigger bit
[18:00:05] #TM_CTL_0=3
[18:00:05] @Get Trig Detected Cnt
[18:00:05] #numDetectedTriggers = 0
[18:00:05] @Get Mem Block Full Cnt
[18:00:05] #memFullCnt = 0
[18:00:05] detected 0 triggers of core0
[18:00:05] captured 0 memory blocks of core0
[18:00:05] @UnlockCable
[18:00:06] Running all active cores....
[18:00:06] @LockCable
[18:00:06] Polling trigger memory of core0....
[18:00:06] @ShiftIR,8,0,ER1
[18:00:06] @ShiftDR,21,0,data (select core0)
[18:00:06] @ShiftIR,8,0,ER2
[18:00:06] @Get Force Trigger bit
[18:00:06] #TM_CTL_0=3
[18:00:06] @Get Trig Detected Cnt
[18:00:06] #numDetectedTriggers = 0
[18:00:06] @Get Mem Block Full Cnt
[18:00:06] #memFullCnt = 0
[18:00:06] detected 0 triggers of core0
[18:00:06] captured 0 memory blocks of core0
[18:00:06] @UnlockCable
[18:00:07] Running all active cores....
[18:00:07] @LockCable
[18:00:07] Polling trigger memory of core0....
[18:00:07] @ShiftIR,8,0,ER1
[18:00:07] @ShiftDR,21,0,data (select core0)
[18:00:07] @ShiftIR,8,0,ER2
[18:00:07] @Get Force Trigger bit
[18:00:07] #TM_CTL_0=3
[18:00:07] @Get Trig Detected Cnt
[18:00:07] #numDetectedTriggers = 0
[18:00:07] @Get Mem Block Full Cnt
[18:00:07] #memFullCnt = 0
[18:00:07] detected 0 triggers of core0
[18:00:07] captured 0 memory blocks of core0
[18:00:07] @UnlockCable
[18:00:08] Running all active cores....
[18:00:08] @LockCable
[18:00:08] Polling trigger memory of core0....
[18:00:08] @ShiftIR,8,0,ER1
[18:00:08] @ShiftDR,21,0,data (select core0)
[18:00:08] @ShiftIR,8,0,ER2
[18:00:08] @Get Force Trigger bit
[18:00:08] #TM_CTL_0=3
[18:00:08] @Get Trig Detected Cnt
[18:00:08] #numDetectedTriggers = 0
[18:00:09] @Get Mem Block Full Cnt
[18:00:09] #memFullCnt = 0
[18:00:09] detected 0 triggers of core0
[18:00:09] captured 0 memory blocks of core0
[18:00:09] @UnlockCable
[18:00:10] Running all active cores....
[18:00:10] @LockCable
[18:00:10] Polling trigger memory of core0....
[18:00:10] @ShiftIR,8,0,ER1
[18:00:10] @ShiftDR,21,0,data (select core0)
[18:00:10] @ShiftIR,8,0,ER2
[18:00:10] @Get Force Trigger bit
[18:00:10] #TM_CTL_0=3
[18:00:10] @Get Trig Detected Cnt
[18:00:10] #numDetectedTriggers = 0
[18:00:10] @Get Mem Block Full Cnt
[18:00:10] #memFullCnt = 0
[18:00:10] detected 0 triggers of core0
[18:00:10] captured 0 memory blocks of core0
[18:00:10] @UnlockCable
[18:00:11] Running all active cores....
[18:00:11] @LockCable
[18:00:11] Polling trigger memory of core0....
[18:00:11] @ShiftIR,8,0,ER1
[18:00:11] @ShiftDR,21,0,data (select core0)
[18:00:11] @ShiftIR,8,0,ER2
[18:00:11] @Get Force Trigger bit
[18:00:11] #TM_CTL_0=3
[18:00:11] @Get Trig Detected Cnt
[18:00:11] #numDetectedTriggers = 0
[18:00:11] @Get Mem Block Full Cnt
[18:00:11] #memFullCnt = 0
[18:00:11] detected 0 triggers of core0
[18:00:11] captured 0 memory blocks of core0
[18:00:11] @UnlockCable
[18:00:12] Running all active cores....
[18:00:12] @LockCable
[18:00:12] Polling trigger memory of core0....
[18:00:12] @ShiftIR,8,0,ER1
[18:00:12] @ShiftDR,21,0,data (select core0)
[18:00:12] @ShiftIR,8,0,ER2
[18:00:12] @Get Force Trigger bit
[18:00:12] #TM_CTL_0=3
[18:00:12] @Get Trig Detected Cnt
[18:00:12] #numDetectedTriggers = 0
[18:00:12] @Get Mem Block Full Cnt
[18:00:12] #memFullCnt = 0
[18:00:12] detected 0 triggers of core0
[18:00:12] captured 0 memory blocks of core0
[18:00:12] @UnlockCable
[18:00:13] Running all active cores....
[18:00:13] @LockCable
[18:00:13] Polling trigger memory of core0....
[18:00:13] @ShiftIR,8,0,ER1
[18:00:13] @ShiftDR,21,0,data (select core0)
[18:00:13] @ShiftIR,8,0,ER2
[18:00:13] @Get Force Trigger bit
[18:00:13] #TM_CTL_0=3
[18:00:13] @Get Trig Detected Cnt
[18:00:13] #numDetectedTriggers = 0
[18:00:13] @Get Mem Block Full Cnt
[18:00:13] #memFullCnt = 0
[18:00:13] detected 0 triggers of core0
[18:00:13] captured 0 memory blocks of core0
[18:00:13] @UnlockCable
[18:00:14] Running all active cores....
[18:00:14] @LockCable
[18:00:14] Polling trigger memory of core0....
[18:00:14] @ShiftIR,8,0,ER1
[18:00:14] @ShiftDR,21,0,data (select core0)
[18:00:14] @ShiftIR,8,0,ER2
[18:00:14] @Get Force Trigger bit
[18:00:14] #TM_CTL_0=3
[18:00:14] @Get Trig Detected Cnt
[18:00:14] #numDetectedTriggers = 0
[18:00:14] @Get Mem Block Full Cnt
[18:00:14] #memFullCnt = 0
[18:00:14] detected 0 triggers of core0
[18:00:14] captured 0 memory blocks of core0
[18:00:14] @UnlockCable
[18:00:15] Running all active cores....
[18:00:15] @LockCable
[18:00:15] Polling trigger memory of core0....
[18:00:15] @ShiftIR,8,0,ER1
[18:00:15] @ShiftDR,21,0,data (select core0)
[18:00:15] @ShiftIR,8,0,ER2
[18:00:15] @Get Force Trigger bit
[18:00:15] #TM_CTL_0=3
[18:00:15] @Get Trig Detected Cnt
[18:00:15] #numDetectedTriggers = 0
[18:00:15] @Get Mem Block Full Cnt
[18:00:15] #memFullCnt = 0
[18:00:15] detected 0 triggers of core0
[18:00:15] captured 0 memory blocks of core0
[18:00:15] @UnlockCable
[18:00:16] Running all active cores....
[18:00:16] @LockCable
[18:00:16] Polling trigger memory of core0....
[18:00:16] @ShiftIR,8,0,ER1
[18:00:16] @ShiftDR,21,0,data (select core0)
[18:00:16] @ShiftIR,8,0,ER2
[18:00:16] @Get Force Trigger bit
[18:00:16] #TM_CTL_0=3
[18:00:16] @Get Trig Detected Cnt
[18:00:16] #numDetectedTriggers = 0
[18:00:16] @Get Mem Block Full Cnt
[18:00:16] #memFullCnt = 0
[18:00:16] detected 0 triggers of core0
[18:00:16] captured 0 memory blocks of core0
[18:00:16] @UnlockCable
[18:00:17] Running all active cores....
[18:00:17] @LockCable
[18:00:17] Polling trigger memory of core0....
[18:00:17] @ShiftIR,8,0,ER1
[18:00:17] @ShiftDR,21,0,data (select core0)
[18:00:17] @ShiftIR,8,0,ER2
[18:00:17] @Get Force Trigger bit
[18:00:17] #TM_CTL_0=3
[18:00:17] @Get Trig Detected Cnt
[18:00:17] #numDetectedTriggers = 0
[18:00:17] @Get Mem Block Full Cnt
[18:00:17] #memFullCnt = 0
[18:00:17] detected 0 triggers of core0
[18:00:17] captured 0 memory blocks of core0
[18:00:17] @UnlockCable
[18:00:18] Running all active cores....
[18:00:18] @LockCable
[18:00:18] Polling trigger memory of core0....
[18:00:18] @ShiftIR,8,0,ER1
[18:00:18] @ShiftDR,21,0,data (select core0)
[18:00:18] @ShiftIR,8,0,ER2
[18:00:18] @Get Force Trigger bit
[18:00:18] #TM_CTL_0=3
[18:00:18] @Get Trig Detected Cnt
[18:00:18] #numDetectedTriggers = 0
[18:00:18] @Get Mem Block Full Cnt
[18:00:18] #memFullCnt = 0
[18:00:18] detected 0 triggers of core0
[18:00:18] captured 0 memory blocks of core0
[18:00:18] @UnlockCable
[18:00:19] Running all active cores....
[18:00:19] @LockCable
[18:00:19] Polling trigger memory of core0....
[18:00:19] @ShiftIR,8,0,ER1
[18:00:19] @ShiftDR,21,0,data (select core0)
[18:00:19] @ShiftIR,8,0,ER2
[18:00:19] @Get Force Trigger bit
[18:00:19] #TM_CTL_0=3
[18:00:19] @Get Trig Detected Cnt
[18:00:19] #numDetectedTriggers = 0
[18:00:19] @Get Mem Block Full Cnt
[18:00:19] #memFullCnt = 0
[18:00:19] detected 0 triggers of core0
[18:00:19] captured 0 memory blocks of core0
[18:00:19] @UnlockCable
[18:00:20] Running all active cores....
[18:00:20] @LockCable
[18:00:20] Polling trigger memory of core0....
[18:00:20] @ShiftIR,8,0,ER1
[18:00:20] @ShiftDR,21,0,data (select core0)
[18:00:20] @ShiftIR,8,0,ER2
[18:00:20] @Get Force Trigger bit
[18:00:20] #TM_CTL_0=3
[18:00:20] @Get Trig Detected Cnt
[18:00:20] #numDetectedTriggers = 0
[18:00:20] @Get Mem Block Full Cnt
[18:00:20] #memFullCnt = 0
[18:00:20] detected 0 triggers of core0
[18:00:20] captured 0 memory blocks of core0
[18:00:20] @UnlockCable
[18:00:21] Running all active cores....
[18:00:21] @LockCable
[18:00:21] Polling trigger memory of core0....
[18:00:21] @ShiftIR,8,0,ER1
[18:00:21] @ShiftDR,21,0,data (select core0)
[18:00:21] @ShiftIR,8,0,ER2
[18:00:21] @Get Force Trigger bit
[18:00:21] #TM_CTL_0=3
[18:00:21] @Get Trig Detected Cnt
[18:00:21] #numDetectedTriggers = 0
[18:00:21] @Get Mem Block Full Cnt
[18:00:21] #memFullCnt = 0
[18:00:21] detected 0 triggers of core0
[18:00:21] captured 0 memory blocks of core0
[18:00:21] @UnlockCable
[18:00:22] Running all active cores....
[18:00:22] @LockCable
[18:00:22] Polling trigger memory of core0....
[18:00:22] @ShiftIR,8,0,ER1
[18:00:22] @ShiftDR,21,0,data (select core0)
[18:00:22] @ShiftIR,8,0,ER2
[18:00:22] @Get Force Trigger bit
[18:00:22] #TM_CTL_0=3
[18:00:22] @Get Trig Detected Cnt
[18:00:22] #numDetectedTriggers = 0
[18:00:22] @Get Mem Block Full Cnt
[18:00:22] #memFullCnt = 0
[18:00:22] detected 0 triggers of core0
[18:00:22] captured 0 memory blocks of core0
[18:00:22] @UnlockCable
[18:00:23] Running all active cores....
[18:00:23] @LockCable
[18:00:23] Polling trigger memory of core0....
[18:00:23] @ShiftIR,8,0,ER1
[18:00:23] @ShiftDR,21,0,data (select core0)
[18:00:23] @ShiftIR,8,0,ER2
[18:00:23] @Get Force Trigger bit
[18:00:23] #TM_CTL_0=3
[18:00:23] @Get Trig Detected Cnt
[18:00:23] #numDetectedTriggers = 0
[18:00:23] @Get Mem Block Full Cnt
[18:00:23] #memFullCnt = 0
[18:00:23] detected 0 triggers of core0
[18:00:23] captured 0 memory blocks of core0
[18:00:23] @UnlockCable
[18:00:24] Running all active cores....
[18:00:24] @LockCable
[18:00:24] Polling trigger memory of core0....
[18:00:24] @ShiftIR,8,0,ER1
[18:00:24] @ShiftDR,21,0,data (select core0)
[18:00:24] @ShiftIR,8,0,ER2
[18:00:24] @Get Force Trigger bit
[18:00:24] #TM_CTL_0=3
[18:00:24] @Get Trig Detected Cnt
[18:00:24] #numDetectedTriggers = 0
[18:00:24] @Get Mem Block Full Cnt
[18:00:24] #memFullCnt = 0
[18:00:24] detected 0 triggers of core0
[18:00:24] captured 0 memory blocks of core0
[18:00:24] @UnlockCable
[18:00:25] Running all active cores....
[18:00:25] @LockCable
[18:00:25] Polling trigger memory of core0....
[18:00:25] @ShiftIR,8,0,ER1
[18:00:25] @ShiftDR,21,0,data (select core0)
[18:00:25] @ShiftIR,8,0,ER2
[18:00:25] @Get Force Trigger bit
[18:00:25] #TM_CTL_0=3
[18:00:25] @Get Trig Detected Cnt
[18:00:25] #numDetectedTriggers = 0
[18:00:25] @Get Mem Block Full Cnt
[18:00:25] #memFullCnt = 0
[18:00:25] detected 0 triggers of core0
[18:00:25] captured 0 memory blocks of core0
[18:00:25] @UnlockCable
[18:00:26] Running all active cores....
[18:00:26] @LockCable
[18:00:26] Polling trigger memory of core0....
[18:00:26] @ShiftIR,8,0,ER1
[18:00:26] @ShiftDR,21,0,data (select core0)
[18:00:26] @ShiftIR,8,0,ER2
[18:00:26] @Get Force Trigger bit
[18:00:26] #TM_CTL_0=3
[18:00:26] @Get Trig Detected Cnt
[18:00:26] #numDetectedTriggers = 0
[18:00:26] @Get Mem Block Full Cnt
[18:00:26] #memFullCnt = 0
[18:00:26] detected 0 triggers of core0
[18:00:26] captured 0 memory blocks of core0
[18:00:26] @UnlockCable
[18:00:27] Running all active cores....
[18:00:27] @LockCable
[18:00:27] Polling trigger memory of core0....
[18:00:27] @ShiftIR,8,0,ER1
[18:00:27] @ShiftDR,21,0,data (select core0)
[18:00:27] @ShiftIR,8,0,ER2
[18:00:27] @Get Force Trigger bit
[18:00:27] #TM_CTL_0=3
[18:00:27] @Get Trig Detected Cnt
[18:00:27] #numDetectedTriggers = 0
[18:00:27] @Get Mem Block Full Cnt
[18:00:27] #memFullCnt = 0
[18:00:27] detected 0 triggers of core0
[18:00:27] captured 0 memory blocks of core0
[18:00:27] @UnlockCable
[18:00:28] Running all active cores....
[18:00:28] @LockCable
[18:00:28] Polling trigger memory of core0....
[18:00:28] @ShiftIR,8,0,ER1
[18:00:28] @ShiftDR,21,0,data (select core0)
[18:00:28] @ShiftIR,8,0,ER2
[18:00:28] @Get Force Trigger bit
[18:00:28] #TM_CTL_0=3
[18:00:28] @Get Trig Detected Cnt
[18:00:28] #numDetectedTriggers = 0
[18:00:28] @Get Mem Block Full Cnt
[18:00:28] #memFullCnt = 0
[18:00:28] detected 0 triggers of core0
[18:00:28] captured 0 memory blocks of core0
[18:00:28] @UnlockCable
[18:00:29] Running all active cores....
[18:00:29] @LockCable
[18:00:29] Polling trigger memory of core0....
[18:00:29] @ShiftIR,8,0,ER1
[18:00:29] @ShiftDR,21,0,data (select core0)
[18:00:29] @ShiftIR,8,0,ER2
[18:00:29] @Get Force Trigger bit
[18:00:29] #TM_CTL_0=3
[18:00:29] @Get Trig Detected Cnt
[18:00:29] #numDetectedTriggers = 0
[18:00:29] @Get Mem Block Full Cnt
[18:00:29] #memFullCnt = 0
[18:00:29] detected 0 triggers of core0
[18:00:29] captured 0 memory blocks of core0
[18:00:29] @UnlockCable
[18:00:30] Running all active cores....
[18:00:30] @LockCable
[18:00:30] Polling trigger memory of core0....
[18:00:30] @ShiftIR,8,0,ER1
[18:00:30] @ShiftDR,21,0,data (select core0)
[18:00:30] @ShiftIR,8,0,ER2
[18:00:30] @Get Force Trigger bit
[18:00:30] #TM_CTL_0=3
[18:00:30] @Get Trig Detected Cnt
[18:00:30] #numDetectedTriggers = 0
[18:00:30] @Get Mem Block Full Cnt
[18:00:30] #memFullCnt = 0
[18:00:30] detected 0 triggers of core0
[18:00:30] captured 0 memory blocks of core0
[18:00:30] @UnlockCable
[18:00:31] Running all active cores....
[18:00:31] @LockCable
[18:00:31] Polling trigger memory of core0....
[18:00:31] @ShiftIR,8,0,ER1
[18:00:31] @ShiftDR,21,0,data (select core0)
[18:00:31] @ShiftIR,8,0,ER2
[18:00:31] @Get Force Trigger bit
[18:00:31] #TM_CTL_0=3
[18:00:31] @Get Trig Detected Cnt
[18:00:31] #numDetectedTriggers = 0
[18:00:31] @Get Mem Block Full Cnt
[18:00:31] #memFullCnt = 0
[18:00:31] detected 0 triggers of core0
[18:00:31] captured 0 memory blocks of core0
[18:00:31] @UnlockCable
[18:00:32] Running all active cores....
[18:00:32] @LockCable
[18:00:32] Polling trigger memory of core0....
[18:00:32] @ShiftIR,8,0,ER1
[18:00:32] @ShiftDR,21,0,data (select core0)
[18:00:32] @ShiftIR,8,0,ER2
[18:00:32] @Get Force Trigger bit
[18:00:32] #TM_CTL_0=3
[18:00:32] @Get Trig Detected Cnt
[18:00:32] #numDetectedTriggers = 0
[18:00:32] @Get Mem Block Full Cnt
[18:00:32] #memFullCnt = 0
[18:00:32] detected 0 triggers of core0
[18:00:32] captured 0 memory blocks of core0
[18:00:32] @UnlockCable
[18:00:33] Running all active cores....
[18:00:33] @LockCable
[18:00:33] Polling trigger memory of core0....
[18:00:33] @ShiftIR,8,0,ER1
[18:00:33] @ShiftDR,21,0,data (select core0)
[18:00:33] @ShiftIR,8,0,ER2
[18:00:33] @Get Force Trigger bit
[18:00:33] #TM_CTL_0=3
[18:00:33] @Get Trig Detected Cnt
[18:00:33] #numDetectedTriggers = 0
[18:00:33] @Get Mem Block Full Cnt
[18:00:33] #memFullCnt = 0
[18:00:33] detected 0 triggers of core0
[18:00:33] captured 0 memory blocks of core0
[18:00:33] @UnlockCable
[18:00:34] Running all active cores....
[18:00:34] @LockCable
[18:00:34] Polling trigger memory of core0....
[18:00:34] @ShiftIR,8,0,ER1
[18:00:34] @ShiftDR,21,0,data (select core0)
[18:00:34] @ShiftIR,8,0,ER2
[18:00:34] @Get Force Trigger bit
[18:00:34] #TM_CTL_0=3
[18:00:34] @Get Trig Detected Cnt
[18:00:34] #numDetectedTriggers = 0
[18:00:34] @Get Mem Block Full Cnt
[18:00:34] #memFullCnt = 0
[18:00:34] detected 0 triggers of core0
[18:00:34] captured 0 memory blocks of core0
[18:00:34] @UnlockCable
[18:00:35] Running all active cores....
[18:00:35] @LockCable
[18:00:35] Polling trigger memory of core0....
[18:00:35] @ShiftIR,8,0,ER1
[18:00:35] @ShiftDR,21,0,data (select core0)
[18:00:35] @ShiftIR,8,0,ER2
[18:00:35] @Get Force Trigger bit
[18:00:35] #TM_CTL_0=3
[18:00:35] @Get Trig Detected Cnt
[18:00:35] #numDetectedTriggers = 0
[18:00:35] @Get Mem Block Full Cnt
[18:00:35] #memFullCnt = 0
[18:00:35] detected 0 triggers of core0
[18:00:35] captured 0 memory blocks of core0
[18:00:35] @UnlockCable
[18:00:36] Running all active cores....
[18:00:36] @LockCable
[18:00:36] Polling trigger memory of core0....
[18:00:36] @ShiftIR,8,0,ER1
[18:00:36] @ShiftDR,21,0,data (select core0)
[18:00:36] @ShiftIR,8,0,ER2
[18:00:36] @Get Force Trigger bit
[18:00:36] #TM_CTL_0=3
[18:00:36] @Get Trig Detected Cnt
[18:00:36] #numDetectedTriggers = 0
[18:00:36] @Get Mem Block Full Cnt
[18:00:36] #memFullCnt = 0
[18:00:36] detected 0 triggers of core0
[18:00:36] captured 0 memory blocks of core0
[18:00:36] @UnlockCable
[18:00:37] Running all active cores....
[18:00:37] @LockCable
[18:00:37] Polling trigger memory of core0....
[18:00:37] @ShiftIR,8,0,ER1
[18:00:37] @ShiftDR,21,0,data (select core0)
[18:00:37] @ShiftIR,8,0,ER2
[18:00:37] @Get Force Trigger bit
[18:00:37] #TM_CTL_0=3
[18:00:37] @Get Trig Detected Cnt
[18:00:37] #numDetectedTriggers = 0
[18:00:37] @Get Mem Block Full Cnt
[18:00:37] #memFullCnt = 0
[18:00:37] detected 0 triggers of core0
[18:00:37] captured 0 memory blocks of core0
[18:00:37] @UnlockCable
[18:00:38] Running all active cores....
[18:00:38] @LockCable
[18:00:38] Polling trigger memory of core0....
[18:00:38] @ShiftIR,8,0,ER1
[18:00:38] @ShiftDR,21,0,data (select core0)
[18:00:38] @ShiftIR,8,0,ER2
[18:00:38] @Get Force Trigger bit
[18:00:38] #TM_CTL_0=3
[18:00:38] @Get Trig Detected Cnt
[18:00:38] #numDetectedTriggers = 0
[18:00:38] @Get Mem Block Full Cnt
[18:00:38] #memFullCnt = 0
[18:00:38] detected 0 triggers of core0
[18:00:38] captured 0 memory blocks of core0
[18:00:38] @UnlockCable
[18:00:39] Running all active cores....
[18:00:39] @LockCable
[18:00:39] Polling trigger memory of core0....
[18:00:39] @ShiftIR,8,0,ER1
[18:00:39] @ShiftDR,21,0,data (select core0)
[18:00:39] @ShiftIR,8,0,ER2
[18:00:39] @Get Force Trigger bit
[18:00:39] #TM_CTL_0=3
[18:00:39] @Get Trig Detected Cnt
[18:00:39] #numDetectedTriggers = 0
[18:00:39] @Get Mem Block Full Cnt
[18:00:39] #memFullCnt = 0
[18:00:39] detected 0 triggers of core0
[18:00:39] captured 0 memory blocks of core0
[18:00:39] @UnlockCable
[18:00:40] Running all active cores....
[18:00:40] @LockCable
[18:00:40] User has manually stopped core0!
[18:00:40] @Set LA Start/Stop readback
[18:00:40] @Set LA Start/Stop 
[18:00:40] @UnlockCable
[18:00:40] @ReleaseCablePort
[18:00:40] @Disconnect
[18:00:40] All messages logged in file C:/work/S127M/PCBNo_10089/SP0565_rev00_00/SP0565/reveal_debug.log
[18:00:50] runProject on device [1. LFE5U-25F] using C:/work/S127M/PCBNo_10089/SP0565_rev00_00/Reveal/Linear.rva [linear.rvl]
[18:00:50] Connecting cableserver to run Reveal debugger....
[18:00:50] @Connect
[18:00:50] @SetSharableApplications,2,Reveal,Mico
[18:00:52] @SetCablePort,USB2,FTUSB-1,8,0,0,1,1,0,0,0,1
[18:00:52] @LockCable
[18:00:52] @GetServerStatus
[18:00:52] @Read
[18:00:52] @SetTargetDevice,0
[18:00:52] Connecting core0....
[18:00:52] @ShiftIR,8,0,ER1
[18:00:52] @ShiftDR,21,0,data (select core0)
[18:00:52] @ShiftIR,8,0,ER2
[18:00:52] Configuring core0....
[18:00:52] @JumpState,RUN_TEST_IDLE
[18:00:52] @JumpState,RUN_TEST_IDLE
[18:00:52] @JumpState,RUN_TEST_IDLE
[18:00:52] @ShiftIR,8,0,NOP
[18:00:52] @JumpState,RUN_TEST_IDLE
[18:00:52] @ShiftIR,8,0,ER2
[18:00:52] @Set Odd Parity readback
[18:00:52] @Set Odd Parity
[18:00:52] @Set LA Start/Stop readback
[18:00:52] @Set LA Start/Stop 
[18:00:52] #Reveal IP Version = 1_6_042617
[18:00:52] @Get Pattern
[18:00:52] #pattern readout = a5a5
[18:00:52] pattern readout passed!
[18:00:52] @Get Tracy Signature
[18:00:52] @Get Tracy Signature
[18:00:52] #signature from core0 = 689118330
[18:00:52] signature from core0 passed!
[18:00:52] @Set Opcode Value
[18:00:52] @Set Comp Value
[18:00:52] @Set Mask Value
[18:00:52] @Set Then Num
[18:00:52] @Set NEXT THEN
[18:00:52] @Set Cnt Cntg
[18:00:52] @Set Event Count
[18:00:52] @Get BurstWrite CRC
[18:00:52] @Set Truth Tbl Addr Cnter Init
[18:00:52] @Set Truth Table Prog
[18:00:52] Configuring in burst mode....
[18:00:52] @Get BurstWrite CRC
[18:00:52] @Enable TE Trig
[18:00:52] @Enable Trig Output OR All readback
[18:00:52] @Enable Trig Output OR All
[18:00:52] @Set Pre-Trig Sample
[18:00:52] @Set Post-Trig Sample
[18:00:52] finished configuration of core0
[18:00:52] Starting all active cores....
[18:00:52] @ShiftIR,8,0,ER1
[18:00:52] @ShiftDR,21,0,data (select active cores)
[18:00:52] @ShiftIR,8,0,ER2
[18:00:52] @Set LA Start cores
[18:00:52] @UnlockCable
[18:00:52] Running all active cores....
[18:00:52] @LockCable
[18:00:52] Polling trigger memory of core0....
[18:00:52] @ShiftIR,8,0,ER1
[18:00:52] @ShiftDR,21,0,data (select core0)
[18:00:52] @ShiftIR,8,0,ER2
[18:00:52] @Get Force Trigger bit
[18:00:52] #TM_CTL_0=3
[18:00:52] @Get Trig Detected Cnt
[18:00:52] #numDetectedTriggers = 0
[18:00:52] @Get Mem Block Full Cnt
[18:00:52] #memFullCnt = 0
[18:00:52] detected 0 triggers of core0
[18:00:52] captured 0 memory blocks of core0
[18:00:52] @UnlockCable
[18:00:53] Running all active cores....
[18:00:53] @LockCable
[18:00:53] Polling trigger memory of core0....
[18:00:53] @ShiftIR,8,0,ER1
[18:00:53] @ShiftDR,21,0,data (select core0)
[18:00:53] @ShiftIR,8,0,ER2
[18:00:53] @Get Force Trigger bit
[18:00:53] #TM_CTL_0=3
[18:00:53] @Get Trig Detected Cnt
[18:00:53] #numDetectedTriggers = 0
[18:00:53] @Get Mem Block Full Cnt
[18:00:53] #memFullCnt = 0
[18:00:53] detected 0 triggers of core0
[18:00:53] captured 0 memory blocks of core0
[18:00:53] @UnlockCable
[18:00:54] Running all active cores....
[18:00:54] @LockCable
[18:00:54] Polling trigger memory of core0....
[18:00:54] @ShiftIR,8,0,ER1
[18:00:54] @ShiftDR,21,0,data (select core0)
[18:00:54] @ShiftIR,8,0,ER2
[18:00:54] @Get Force Trigger bit
[18:00:54] #TM_CTL_0=3
[18:00:54] @Get Trig Detected Cnt
[18:00:54] #numDetectedTriggers = 0
[18:00:54] @Get Mem Block Full Cnt
[18:00:54] #memFullCnt = 0
[18:00:54] detected 0 triggers of core0
[18:00:54] captured 0 memory blocks of core0
[18:00:54] @UnlockCable
[18:00:55] Running all active cores....
[18:00:55] @LockCable
[18:00:55] Polling trigger memory of core0....
[18:00:55] @ShiftIR,8,0,ER1
[18:00:55] @ShiftDR,21,0,data (select core0)
[18:00:55] @ShiftIR,8,0,ER2
[18:00:55] @Get Force Trigger bit
[18:00:55] #TM_CTL_0=3
[18:00:55] User has manually triggered core0!
[18:00:55] @set Force Trigger bit
[18:00:55] @set Force Trigger bit
[18:00:55] @Get Trig Detected Cnt
[18:00:55] #numDetectedTriggers = 1
[18:00:55] @Get Mem Block Full Cnt
[18:00:55] #memFullCnt = 1
[18:00:55] Downloading trigger memory of core0....
[18:00:55] @Is LA Armed
[18:00:55] @Set LA Start/Stop readback
[18:00:55] @Set LA Start/Stop 
[18:00:55] @Set LA Start/Stop readback
[18:00:55] @Set LA Start/Stop 
[18:00:55] @Get Trig Detected Cnt
[18:00:55] #numDetectedTriggers = 1
[18:00:55] @Get Mem Block Full Cnt
[18:00:55] #memFullCnt = 1
[18:00:55] @Get Last Addr Written
[18:00:55] #lastAddrWritten = 218
[18:00:55] @Get Multiple Trig Enbl
[18:00:55] #traceWidth=21, userSelectedTriggers=1, numTrigEnable=1
[18:00:55] @Get BurstRead CRC
[18:00:55] @Set Trace Mem Cnter Init
[18:00:55] Uploading in burst mode....
[18:00:55] @ShiftDR,5376,1,data (burst read)
[18:00:55] @GetTDO,data,5376
[18:00:55] @Get BurstRead CRC
[18:00:55] @Get BurstRead CRC
[18:00:55] @Get Pre-Trig Sample Num
[18:00:55] @Get Post-Trig Sample Num
[18:00:55] @Get Pre-Trig Samples Captured
[18:00:55] @Get Trig Ptr
[18:00:55] #trigPtr = 240
[18:00:55] #dataSize=3, numRead=256, trace_out=256
[18:00:55] #trig0={blockPosition:0,triggerPosition:16}
[18:00:55] finished download trigger memory of core0
[18:00:55] @UnlockCable
[18:00:56] @ReleaseCablePort
[18:00:56] @Disconnect
[18:00:56] All messages logged in file C:/work/S127M/PCBNo_10089/SP0565_rev00_00/SP0565/reveal_debug.log
[18:10:51] runProject on device [1. LFE5U-25F] using C:/work/S127M/PCBNo_10089/SP0565_rev00_00/Reveal/Linear.rva [linear.rvl]
[18:10:51] Connecting cableserver to run Reveal debugger....
[18:10:51] @Connect
[18:10:51] @SetSharableApplications,2,Reveal,Mico
[18:10:53] @SetCablePort,USB2,FTUSB-1,8,0,0,1,1,0,0,0,1
[18:10:53] @LockCable
[18:10:53] @GetServerStatus
[18:10:53] @Read
[18:10:53] @SetTargetDevice,0
[18:10:53] Connecting core0....
[18:10:53] @ShiftIR,8,0,ER1
[18:10:53] @ShiftDR,21,0,data (select core0)
[18:10:53] @ShiftIR,8,0,ER2
[18:10:53] Configuring core0....
[18:10:53] @JumpState,RUN_TEST_IDLE
[18:10:53] @JumpState,RUN_TEST_IDLE
[18:10:53] @JumpState,RUN_TEST_IDLE
[18:10:53] @ShiftIR,8,0,NOP
[18:10:53] @JumpState,RUN_TEST_IDLE
[18:10:53] @ShiftIR,8,0,ER2
[18:10:53] @Set Odd Parity readback
[18:10:53] @Set Odd Parity
[18:10:53] @Set LA Start/Stop readback
[18:10:53] @Set LA Start/Stop 
[18:10:53] #Reveal IP Version = 1_6_042617
[18:10:53] @Get Pattern
[18:10:53] #pattern readout = a5a5
[18:10:53] pattern readout passed!
[18:10:53] @Get Tracy Signature
[18:10:53] @Get Tracy Signature
[18:10:53] #signature from core0 = 689119542
[18:10:53] signature from core0 passed!
[18:10:53] @Set Opcode Value
[18:10:53] @Set Comp Value
[18:10:53] @Set Mask Value
[18:10:53] @Set Then Num
[18:10:53] @Set NEXT THEN
[18:10:53] @Set Cnt Cntg
[18:10:53] @Set Event Count
[18:10:53] @Get BurstWrite CRC
[18:10:53] @Set Truth Tbl Addr Cnter Init
[18:10:53] @Set Truth Table Prog
[18:10:53] Configuring in burst mode....
[18:10:53] @Get BurstWrite CRC
[18:10:53] @Enable TE Trig
[18:10:53] @Enable Trig Output OR All readback
[18:10:53] @Enable Trig Output OR All
[18:10:53] @Set Pre-Trig Sample
[18:10:53] @Set Post-Trig Sample
[18:10:53] finished configuration of core0
[18:10:53] Starting all active cores....
[18:10:53] @ShiftIR,8,0,ER1
[18:10:53] @ShiftDR,21,0,data (select active cores)
[18:10:53] @ShiftIR,8,0,ER2
[18:10:53] @Set LA Start cores
[18:10:53] @UnlockCable
[18:10:53] Running all active cores....
[18:10:53] @LockCable
[18:10:53] Polling trigger memory of core0....
[18:10:53] @ShiftIR,8,0,ER1
[18:10:53] @ShiftDR,21,0,data (select core0)
[18:10:53] @ShiftIR,8,0,ER2
[18:10:53] @Get Force Trigger bit
[18:10:53] #TM_CTL_0=3
[18:10:53] @Get Trig Detected Cnt
[18:10:53] #numDetectedTriggers = 1
[18:10:53] @Get Mem Block Full Cnt
[18:10:53] #memFullCnt = 1
[18:10:53] Downloading trigger memory of core0....
[18:10:53] @Is LA Armed
[18:10:53] @Set LA Start/Stop readback
[18:10:53] @Set LA Start/Stop 
[18:10:53] @Set LA Start/Stop readback
[18:10:53] @Set LA Start/Stop 
[18:10:53] @Get Trig Detected Cnt
[18:10:53] #numDetectedTriggers = 1
[18:10:53] @Get Mem Block Full Cnt
[18:10:53] #memFullCnt = 1
[18:10:53] @Get Last Addr Written
[18:10:53] #lastAddrWritten = 240
[18:10:53] @Get Multiple Trig Enbl
[18:10:53] #traceWidth=21, userSelectedTriggers=1, numTrigEnable=1
[18:10:53] @Get BurstRead CRC
[18:10:53] @Set Trace Mem Cnter Init
[18:10:53] Uploading in burst mode....
[18:10:53] @ShiftDR,5376,1,data (burst read)
[18:10:53] @GetTDO,data,5376
[18:10:53] @Get BurstRead CRC
[18:10:53] @Get BurstRead CRC
[18:10:53] @Get Pre-Trig Sample Num
[18:10:54] @Get Post-Trig Sample Num
[18:10:54] @Get Pre-Trig Samples Captured
[18:10:54] @Get Trig Ptr
[18:10:54] #trigPtr = 6
[18:10:54] #dataSize=3, numRead=256, trace_out=241
[18:10:54] #trig0={blockPosition:0,triggerPosition:1}
[18:10:54] finished download trigger memory of core0
[18:10:54] @UnlockCable
[18:10:54] @ReleaseCablePort
[18:10:54] @Disconnect
[18:10:54] All messages logged in file C:/work/S127M/PCBNo_10089/SP0565_rev00_00/SP0565/reveal_debug.log
[18:11:03] runProject on device [1. LFE5U-25F] using C:/work/S127M/PCBNo_10089/SP0565_rev00_00/Reveal/Linear.rva [linear.rvl]
[18:11:03] Connecting cableserver to run Reveal debugger....
[18:11:11] @Connect
[18:11:11] @SetSharableApplications,2,Reveal,Mico
[18:11:14] @SetCablePort,USB2,FTUSB-1,8,0,0,1,1,0,0,0,1
[18:11:14] @LockCable
[18:11:14] @GetServerStatus
[18:11:14] @Read
[18:11:14] @SetTargetDevice,0
[18:11:14] Connecting core0....
[18:11:14] @ShiftIR,8,0,ER1
[18:11:14] @ShiftDR,21,0,data (select core0)
[18:11:14] @ShiftIR,8,0,ER2
[18:11:14] Configuring core0....
[18:11:14] @JumpState,RUN_TEST_IDLE
[18:11:14] @JumpState,RUN_TEST_IDLE
[18:11:14] @JumpState,RUN_TEST_IDLE
[18:11:14] @ShiftIR,8,0,NOP
[18:11:14] @JumpState,RUN_TEST_IDLE
[18:11:14] @ShiftIR,8,0,ER2
[18:11:14] @Set Odd Parity readback
[18:11:14] @Set Odd Parity
[18:11:14] @Set LA Start/Stop readback
[18:11:14] @Set LA Start/Stop 
[18:11:14] #Reveal IP Version = 1_6_042617
[18:11:14] @Get Pattern
[18:11:14] #pattern readout = a5a5
[18:11:14] pattern readout passed!
[18:11:14] @Get Tracy Signature
[18:11:14] @Get Tracy Signature
[18:11:14] #signature from core0 = 689119542
[18:11:14] signature from core0 passed!
[18:11:14] @Set Opcode Value
[18:11:14] @Set Comp Value
[18:11:14] @Set Mask Value
[18:11:14] @Set Then Num
[18:11:14] @Set NEXT THEN
[18:11:14] @Set Cnt Cntg
[18:11:14] @Set Event Count
[18:11:15] @Get BurstWrite CRC
[18:11:15] @Set Truth Tbl Addr Cnter Init
[18:11:15] @Set Truth Table Prog
[18:11:15] Configuring in burst mode....
[18:11:15] @Get BurstWrite CRC
[18:11:15] @Enable TE Trig
[18:11:15] @Enable Trig Output OR All readback
[18:11:15] @Enable Trig Output OR All
[18:11:15] @Set Pre-Trig Sample
[18:11:15] @Set Post-Trig Sample
[18:11:15] finished configuration of core0
[18:11:15] Starting all active cores....
[18:11:15] @ShiftIR,8,0,ER1
[18:11:15] @ShiftDR,21,0,data (select active cores)
[18:11:15] @ShiftIR,8,0,ER2
[18:11:15] @Set LA Start cores
[18:11:15] @UnlockCable
[18:11:15] Running all active cores....
[18:11:15] @LockCable
[18:11:15] Polling trigger memory of core0....
[18:11:15] @ShiftIR,8,0,ER1
[18:11:15] @ShiftDR,21,0,data (select core0)
[18:11:15] @ShiftIR,8,0,ER2
[18:11:15] @Get Force Trigger bit
[18:11:15] #TM_CTL_0=3
[18:11:15] @Get Trig Detected Cnt
[18:11:15] #numDetectedTriggers = 1
[18:11:15] @Get Mem Block Full Cnt
[18:11:15] #memFullCnt = 1
[18:11:15] Downloading trigger memory of core0....
[18:11:15] @Is LA Armed
[18:11:15] @Set LA Start/Stop readback
[18:11:15] @Set LA Start/Stop 
[18:11:15] @Set LA Start/Stop readback
[18:11:15] @Set LA Start/Stop 
[18:11:15] @Get Trig Detected Cnt
[18:11:15] #numDetectedTriggers = 1
[18:11:15] @Get Mem Block Full Cnt
[18:11:15] #memFullCnt = 1
[18:11:15] @Get Last Addr Written
[18:11:15] #lastAddrWritten = 240
[18:11:15] @Get Multiple Trig Enbl
[18:11:15] #traceWidth=21, userSelectedTriggers=1, numTrigEnable=1
[18:11:15] @Get BurstRead CRC
[18:11:15] @Set Trace Mem Cnter Init
[18:11:15] Uploading in burst mode....
[18:11:15] @ShiftDR,5376,1,data (burst read)
[18:11:15] @GetTDO,data,5376
[18:11:15] @Get BurstRead CRC
[18:11:15] @Get BurstRead CRC
[18:11:15] @Get Pre-Trig Sample Num
[18:11:15] @Get Post-Trig Sample Num
[18:11:15] @Get Pre-Trig Samples Captured
[18:11:15] @Get Trig Ptr
[18:11:15] #trigPtr = 6
[18:11:15] #dataSize=3, numRead=256, trace_out=241
[18:11:15] #trig0={blockPosition:0,triggerPosition:1}
[18:11:15] finished download trigger memory of core0
[18:11:15] @UnlockCable
[18:11:15] @ReleaseCablePort
[18:11:15] @Disconnect
[18:11:15] All messages logged in file C:/work/S127M/PCBNo_10089/SP0565_rev00_00/SP0565/reveal_debug.log
[18:11:49] runProject on device [1. LFE5U-25F] using C:/work/S127M/PCBNo_10089/SP0565_rev00_00/Reveal/Linear.rva [linear.rvl]
[18:11:49] Connecting cableserver to run Reveal debugger....
[18:11:49] @Connect
[18:11:49] @SetSharableApplications,2,Reveal,Mico
[18:11:52] @SetCablePort,USB2,FTUSB-1,8,0,0,1,1,0,0,0,1
[18:11:52] @LockCable
[18:11:52] @GetServerStatus
[18:11:52] @Read
[18:11:52] @SetTargetDevice,0
[18:11:52] Connecting core0....
[18:11:52] @ShiftIR,8,0,ER1
[18:11:52] @ShiftDR,21,0,data (select core0)
[18:11:52] @ShiftIR,8,0,ER2
[18:11:52] Configuring core0....
[18:11:52] @JumpState,RUN_TEST_IDLE
[18:11:52] @JumpState,RUN_TEST_IDLE
[18:11:52] @JumpState,RUN_TEST_IDLE
[18:11:52] @ShiftIR,8,0,NOP
[18:11:52] @JumpState,RUN_TEST_IDLE
[18:11:52] @ShiftIR,8,0,ER2
[18:11:52] @Set Odd Parity readback
[18:11:52] @Set Odd Parity
[18:11:52] @Set LA Start/Stop readback
[18:11:52] @Set LA Start/Stop 
[18:11:52] #Reveal IP Version = 1_6_042617
[18:11:52] @Get Pattern
[18:11:52] #pattern readout = a5a5
[18:11:52] pattern readout passed!
[18:11:52] @Get Tracy Signature
[18:11:52] @Get Tracy Signature
[18:11:52] #signature from core0 = 689119542
[18:11:52] signature from core0 passed!
[18:11:52] @Set Opcode Value
[18:11:52] @Set Comp Value
[18:11:52] @Set Mask Value
[18:11:52] @Set Then Num
[18:11:52] @Set NEXT THEN
[18:11:52] @Set Cnt Cntg
[18:11:52] @Set Event Count
[18:11:52] @Get BurstWrite CRC
[18:11:52] @Set Truth Tbl Addr Cnter Init
[18:11:52] @Set Truth Table Prog
[18:11:52] Configuring in burst mode....
[18:11:52] @Get BurstWrite CRC
[18:11:52] @Enable TE Trig
[18:11:52] @Enable Trig Output OR All readback
[18:11:52] @Enable Trig Output OR All
[18:11:52] @Set Pre-Trig Sample
[18:11:52] @Set Post-Trig Sample
[18:11:52] finished configuration of core0
[18:11:52] Starting all active cores....
[18:11:52] @ShiftIR,8,0,ER1
[18:11:52] @ShiftDR,21,0,data (select active cores)
[18:11:52] @ShiftIR,8,0,ER2
[18:11:52] @Set LA Start cores
[18:11:52] @UnlockCable
[18:11:52] Running all active cores....
[18:11:52] @LockCable
[18:11:52] Polling trigger memory of core0....
[18:11:52] @ShiftIR,8,0,ER1
[18:11:52] @ShiftDR,21,0,data (select core0)
[18:11:52] @ShiftIR,8,0,ER2
[18:11:52] @Get Force Trigger bit
[18:11:52] #TM_CTL_0=3
[18:11:52] @Get Trig Detected Cnt
[18:11:52] #numDetectedTriggers = 1
[18:11:52] @Get Mem Block Full Cnt
[18:11:52] #memFullCnt = 1
[18:11:52] Downloading trigger memory of core0....
[18:11:52] @Is LA Armed
[18:11:52] @Set LA Start/Stop readback
[18:11:52] @Set LA Start/Stop 
[18:11:52] @Set LA Start/Stop readback
[18:11:52] @Set LA Start/Stop 
[18:11:52] @Get Trig Detected Cnt
[18:11:52] #numDetectedTriggers = 1
[18:11:52] @Get Mem Block Full Cnt
[18:11:52] #memFullCnt = 1
[18:11:52] @Get Last Addr Written
[18:11:52] #lastAddrWritten = 240
[18:11:52] @Get Multiple Trig Enbl
[18:11:52] #traceWidth=21, userSelectedTriggers=1, numTrigEnable=1
[18:11:52] @Get BurstRead CRC
[18:11:52] @Set Trace Mem Cnter Init
[18:11:52] Uploading in burst mode....
[18:11:52] @ShiftDR,5376,1,data (burst read)
[18:11:52] @GetTDO,data,5376
[18:11:52] @Get BurstRead CRC
[18:11:52] @Get BurstRead CRC
[18:11:52] @Get Pre-Trig Sample Num
[18:11:52] @Get Post-Trig Sample Num
[18:11:52] @Get Pre-Trig Samples Captured
[18:11:52] @Get Trig Ptr
[18:11:52] #trigPtr = 6
[18:11:52] #dataSize=3, numRead=256, trace_out=241
[18:11:52] #trig0={blockPosition:0,triggerPosition:1}
[18:11:52] finished download trigger memory of core0
[18:11:52] @UnlockCable
[18:11:52] @ReleaseCablePort
[18:11:52] @Disconnect
[18:11:52] All messages logged in file C:/work/S127M/PCBNo_10089/SP0565_rev00_00/SP0565/reveal_debug.log
[18:12:41] runProject on device [1. LFE5U-25F] using C:/work/S127M/PCBNo_10089/SP0565_rev00_00/Reveal/Linear.rva [linear.rvl]
[18:12:41] Connecting cableserver to run Reveal debugger....
[18:12:41] @Connect
[18:12:41] @SetSharableApplications,2,Reveal,Mico
[18:12:44] @SetCablePort,USB2,FTUSB-1,8,0,0,1,1,0,0,0,1
[18:12:44] @LockCable
[18:12:44] @GetServerStatus
[18:12:44] @Read
[18:12:44] @SetTargetDevice,0
[18:12:44] Connecting core0....
[18:12:44] @ShiftIR,8,0,ER1
[18:12:44] @ShiftDR,21,0,data (select core0)
[18:12:44] @ShiftIR,8,0,ER2
[18:12:44] Configuring core0....
[18:12:44] @JumpState,RUN_TEST_IDLE
[18:12:44] @JumpState,RUN_TEST_IDLE
[18:12:44] @JumpState,RUN_TEST_IDLE
[18:12:44] @ShiftIR,8,0,NOP
[18:12:44] @JumpState,RUN_TEST_IDLE
[18:12:44] @ShiftIR,8,0,ER2
[18:12:44] @Set Odd Parity readback
[18:12:44] @Set Odd Parity
[18:12:44] @Set LA Start/Stop readback
[18:12:44] @Set LA Start/Stop 
[18:12:44] #Reveal IP Version = 1_6_042617
[18:12:44] @Get Pattern
[18:12:44] #pattern readout = a5a5
[18:12:44] pattern readout passed!
[18:12:44] @Get Tracy Signature
[18:12:44] @Get Tracy Signature
[18:12:44] #signature from core0 = 689119542
[18:12:44] signature from core0 passed!
[18:12:44] @Set Opcode Value
[18:12:44] @Set Mask Value
[18:12:44] @Set Then Num
[18:12:44] @Set NEXT THEN
[18:12:44] @Set Cnt Cntg
[18:12:44] @Set Event Count
[18:12:44] @Get BurstWrite CRC
[18:12:44] @Set Truth Tbl Addr Cnter Init
[18:12:44] @Set Truth Table Prog
[18:12:44] Configuring in burst mode....
[18:12:44] @Get BurstWrite CRC
[18:12:44] @Enable TE Trig
[18:12:44] @Enable Trig Output OR All readback
[18:12:44] @Enable Trig Output OR All
[18:12:44] @Set Pre-Trig Sample
[18:12:44] @Set Post-Trig Sample
[18:12:44] finished configuration of core0
[18:12:44] Starting all active cores....
[18:12:44] @ShiftIR,8,0,ER1
[18:12:44] @ShiftDR,21,0,data (select active cores)
[18:12:44] @ShiftIR,8,0,ER2
[18:12:44] @Set LA Start cores
[18:12:44] @UnlockCable
[18:12:44] Running all active cores....
[18:12:44] @LockCable
[18:12:44] Polling trigger memory of core0....
[18:12:44] @ShiftIR,8,0,ER1
[18:12:44] @ShiftDR,21,0,data (select core0)
[18:12:44] @ShiftIR,8,0,ER2
[18:12:44] @Get Force Trigger bit
[18:12:44] #TM_CTL_0=3
[18:12:44] @Get Trig Detected Cnt
[18:12:44] #numDetectedTriggers = 0
[18:12:44] @Get Mem Block Full Cnt
[18:12:44] #memFullCnt = 0
[18:12:44] detected 0 triggers of core0
[18:12:44] captured 0 memory blocks of core0
[18:12:44] @UnlockCable
[18:12:45] Running all active cores....
[18:12:45] @LockCable
[18:12:45] Polling trigger memory of core0....
[18:12:45] @ShiftIR,8,0,ER1
[18:12:45] @ShiftDR,21,0,data (select core0)
[18:12:45] @ShiftIR,8,0,ER2
[18:12:45] @Get Force Trigger bit
[18:12:45] #TM_CTL_0=3
[18:12:45] @Get Trig Detected Cnt
[18:12:45] #numDetectedTriggers = 0
[18:12:45] @Get Mem Block Full Cnt
[18:12:45] #memFullCnt = 0
[18:12:45] detected 0 triggers of core0
[18:12:45] captured 0 memory blocks of core0
[18:12:45] @UnlockCable
[18:12:46] Running all active cores....
[18:12:46] @LockCable
[18:12:46] Polling trigger memory of core0....
[18:12:46] @ShiftIR,8,0,ER1
[18:12:46] @ShiftDR,21,0,data (select core0)
[18:12:46] @ShiftIR,8,0,ER2
[18:12:46] @Get Force Trigger bit
[18:12:46] #TM_CTL_0=3
[18:12:46] @Get Trig Detected Cnt
[18:12:46] #numDetectedTriggers = 0
[18:12:46] @Get Mem Block Full Cnt
[18:12:46] #memFullCnt = 0
[18:12:46] detected 0 triggers of core0
[18:12:46] captured 0 memory blocks of core0
[18:12:46] @UnlockCable
[18:12:47] Running all active cores....
[18:12:47] @LockCable
[18:12:47] Polling trigger memory of core0....
[18:12:47] @ShiftIR,8,0,ER1
[18:12:47] @ShiftDR,21,0,data (select core0)
[18:12:47] @ShiftIR,8,0,ER2
[18:12:47] @Get Force Trigger bit
[18:12:47] #TM_CTL_0=3
[18:12:47] @Get Trig Detected Cnt
[18:12:47] #numDetectedTriggers = 0
[18:12:47] @Get Mem Block Full Cnt
[18:12:47] #memFullCnt = 0
[18:12:47] detected 0 triggers of core0
[18:12:47] captured 0 memory blocks of core0
[18:12:47] @UnlockCable
[18:12:48] Running all active cores....
[18:12:48] @LockCable
[18:12:48] Polling trigger memory of core0....
[18:12:48] @ShiftIR,8,0,ER1
[18:12:48] @ShiftDR,21,0,data (select core0)
[18:12:48] @ShiftIR,8,0,ER2
[18:12:48] @Get Force Trigger bit
[18:12:48] #TM_CTL_0=3
[18:12:48] @Get Trig Detected Cnt
[18:12:48] #numDetectedTriggers = 0
[18:12:48] @Get Mem Block Full Cnt
[18:12:48] #memFullCnt = 0
[18:12:48] detected 0 triggers of core0
[18:12:48] captured 0 memory blocks of core0
[18:12:48] @UnlockCable
[18:12:49] Running all active cores....
[18:12:49] @LockCable
[18:12:49] Polling trigger memory of core0....
[18:12:49] @ShiftIR,8,0,ER1
[18:12:49] @ShiftDR,21,0,data (select core0)
[18:12:49] @ShiftIR,8,0,ER2
[18:12:49] @Get Force Trigger bit
[18:12:49] #TM_CTL_0=3
[18:12:49] @Get Trig Detected Cnt
[18:12:49] #numDetectedTriggers = 0
[18:12:49] @Get Mem Block Full Cnt
[18:12:49] #memFullCnt = 0
[18:12:49] detected 0 triggers of core0
[18:12:49] captured 0 memory blocks of core0
[18:12:49] @UnlockCable
[18:12:50] Running all active cores....
[18:12:50] @LockCable
[18:12:50] Polling trigger memory of core0....
[18:12:50] @ShiftIR,8,0,ER1
[18:12:50] @ShiftDR,21,0,data (select core0)
[18:12:50] @ShiftIR,8,0,ER2
[18:12:50] @Get Force Trigger bit
[18:12:50] #TM_CTL_0=3
[18:12:50] @Get Trig Detected Cnt
[18:12:50] #numDetectedTriggers = 0
[18:12:50] @Get Mem Block Full Cnt
[18:12:50] #memFullCnt = 0
[18:12:50] detected 0 triggers of core0
[18:12:50] captured 0 memory blocks of core0
[18:12:50] @UnlockCable
[18:12:51] Running all active cores....
[18:12:51] @LockCable
[18:12:51] Polling trigger memory of core0....
[18:12:51] @ShiftIR,8,0,ER1
[18:12:51] @ShiftDR,21,0,data (select core0)
[18:12:51] @ShiftIR,8,0,ER2
[18:12:51] @Get Force Trigger bit
[18:12:51] #TM_CTL_0=3
[18:12:51] @Get Trig Detected Cnt
[18:12:51] #numDetectedTriggers = 0
[18:12:51] @Get Mem Block Full Cnt
[18:12:51] #memFullCnt = 0
[18:12:51] detected 0 triggers of core0
[18:12:51] captured 0 memory blocks of core0
[18:12:51] @UnlockCable
[18:12:52] Running all active cores....
[18:12:52] @LockCable
[18:12:52] Polling trigger memory of core0....
[18:12:52] @ShiftIR,8,0,ER1
[18:12:52] @ShiftDR,21,0,data (select core0)
[18:12:52] @ShiftIR,8,0,ER2
[18:12:52] @Get Force Trigger bit
[18:12:52] #TM_CTL_0=3
[18:12:52] @Get Trig Detected Cnt
[18:12:52] #numDetectedTriggers = 0
[18:12:52] @Get Mem Block Full Cnt
[18:12:52] #memFullCnt = 0
[18:12:52] detected 0 triggers of core0
[18:12:52] captured 0 memory blocks of core0
[18:12:52] @UnlockCable
[18:12:53] Running all active cores....
[18:12:53] @LockCable
[18:12:53] Polling trigger memory of core0....
[18:12:53] @ShiftIR,8,0,ER1
[18:12:53] @ShiftDR,21,0,data (select core0)
[18:12:53] @ShiftIR,8,0,ER2
[18:12:53] @Get Force Trigger bit
[18:12:53] #TM_CTL_0=3
[18:12:53] @Get Trig Detected Cnt
[18:12:53] #numDetectedTriggers = 0
[18:12:53] @Get Mem Block Full Cnt
[18:12:53] #memFullCnt = 0
[18:12:53] detected 0 triggers of core0
[18:12:53] captured 0 memory blocks of core0
[18:12:53] @UnlockCable
[18:12:54] Running all active cores....
[18:12:54] @LockCable
[18:12:54] Polling trigger memory of core0....
[18:12:54] @ShiftIR,8,0,ER1
[18:12:54] @ShiftDR,21,0,data (select core0)
[18:12:54] @ShiftIR,8,0,ER2
[18:12:54] @Get Force Trigger bit
[18:12:54] #TM_CTL_0=3
[18:12:54] @Get Trig Detected Cnt
[18:12:54] #numDetectedTriggers = 0
[18:12:54] @Get Mem Block Full Cnt
[18:12:54] #memFullCnt = 0
[18:12:54] detected 0 triggers of core0
[18:12:54] captured 0 memory blocks of core0
[18:12:54] @UnlockCable
[18:12:55] Running all active cores....
[18:12:55] @LockCable
[18:12:55] Polling trigger memory of core0....
[18:12:55] @ShiftIR,8,0,ER1
[18:12:55] @ShiftDR,21,0,data (select core0)
[18:12:55] @ShiftIR,8,0,ER2
[18:12:55] @Get Force Trigger bit
[18:12:55] #TM_CTL_0=3
[18:12:55] @Get Trig Detected Cnt
[18:12:55] #numDetectedTriggers = 0
[18:12:55] @Get Mem Block Full Cnt
[18:12:55] #memFullCnt = 0
[18:12:55] detected 0 triggers of core0
[18:12:55] captured 0 memory blocks of core0
[18:12:55] @UnlockCable
[18:12:56] Running all active cores....
[18:12:56] @LockCable
[18:12:56] Polling trigger memory of core0....
[18:12:56] @ShiftIR,8,0,ER1
[18:12:56] @ShiftDR,21,0,data (select core0)
[18:12:56] @ShiftIR,8,0,ER2
[18:12:56] @Get Force Trigger bit
[18:12:56] #TM_CTL_0=3
[18:12:56] @Get Trig Detected Cnt
[18:12:56] #numDetectedTriggers = 0
[18:12:56] @Get Mem Block Full Cnt
[18:12:56] #memFullCnt = 0
[18:12:56] detected 0 triggers of core0
[18:12:56] captured 0 memory blocks of core0
[18:12:56] @UnlockCable
[18:12:57] Running all active cores....
[18:12:57] @LockCable
[18:12:57] Polling trigger memory of core0....
[18:12:57] @ShiftIR,8,0,ER1
[18:12:57] @ShiftDR,21,0,data (select core0)
[18:12:57] @ShiftIR,8,0,ER2
[18:12:57] @Get Force Trigger bit
[18:12:57] #TM_CTL_0=3
[18:12:57] @Get Trig Detected Cnt
[18:12:57] #numDetectedTriggers = 0
[18:12:57] @Get Mem Block Full Cnt
[18:12:57] #memFullCnt = 0
[18:12:57] detected 0 triggers of core0
[18:12:57] captured 0 memory blocks of core0
[18:12:57] @UnlockCable
[18:12:58] Running all active cores....
[18:12:58] @LockCable
[18:12:58] Polling trigger memory of core0....
[18:12:58] @ShiftIR,8,0,ER1
[18:12:58] @ShiftDR,21,0,data (select core0)
[18:12:58] @ShiftIR,8,0,ER2
[18:12:58] @Get Force Trigger bit
[18:12:58] #TM_CTL_0=3
[18:12:58] @Get Trig Detected Cnt
[18:12:58] #numDetectedTriggers = 0
[18:12:58] @Get Mem Block Full Cnt
[18:12:58] #memFullCnt = 0
[18:12:58] detected 0 triggers of core0
[18:12:58] captured 0 memory blocks of core0
[18:12:58] @UnlockCable
[18:12:59] Running all active cores....
[18:12:59] @LockCable
[18:12:59] Polling trigger memory of core0....
[18:12:59] @ShiftIR,8,0,ER1
[18:12:59] @ShiftDR,21,0,data (select core0)
[18:12:59] @ShiftIR,8,0,ER2
[18:12:59] @Get Force Trigger bit
[18:12:59] #TM_CTL_0=3
[18:12:59] @Get Trig Detected Cnt
[18:12:59] #numDetectedTriggers = 0
[18:12:59] @Get Mem Block Full Cnt
[18:12:59] #memFullCnt = 0
[18:12:59] detected 0 triggers of core0
[18:12:59] captured 0 memory blocks of core0
[18:12:59] @UnlockCable
[18:13:00] Running all active cores....
[18:13:00] @LockCable
[18:13:00] Polling trigger memory of core0....
[18:13:00] @ShiftIR,8,0,ER1
[18:13:00] @ShiftDR,21,0,data (select core0)
[18:13:00] @ShiftIR,8,0,ER2
[18:13:00] @Get Force Trigger bit
[18:13:00] #TM_CTL_0=3
[18:13:00] @Get Trig Detected Cnt
[18:13:00] #numDetectedTriggers = 0
[18:13:00] @Get Mem Block Full Cnt
[18:13:00] #memFullCnt = 0
[18:13:00] detected 0 triggers of core0
[18:13:00] captured 0 memory blocks of core0
[18:13:00] @UnlockCable
[18:13:01] Running all active cores....
[18:13:01] @LockCable
[18:13:01] Polling trigger memory of core0....
[18:13:01] @ShiftIR,8,0,ER1
[18:13:01] @ShiftDR,21,0,data (select core0)
[18:13:01] @ShiftIR,8,0,ER2
[18:13:01] @Get Force Trigger bit
[18:13:01] #TM_CTL_0=3
[18:13:01] @Get Trig Detected Cnt
[18:13:01] #numDetectedTriggers = 0
[18:13:01] @Get Mem Block Full Cnt
[18:13:01] #memFullCnt = 0
[18:13:01] detected 0 triggers of core0
[18:13:01] captured 0 memory blocks of core0
[18:13:01] @UnlockCable
[18:13:02] Running all active cores....
[18:13:02] @LockCable
[18:13:02] Polling trigger memory of core0....
[18:13:02] @ShiftIR,8,0,ER1
[18:13:02] @ShiftDR,21,0,data (select core0)
[18:13:02] @ShiftIR,8,0,ER2
[18:13:02] @Get Force Trigger bit
[18:13:02] #TM_CTL_0=3
[18:13:02] @Get Trig Detected Cnt
[18:13:02] #numDetectedTriggers = 0
[18:13:02] @Get Mem Block Full Cnt
[18:13:02] #memFullCnt = 0
[18:13:02] detected 0 triggers of core0
[18:13:02] captured 0 memory blocks of core0
[18:13:02] @UnlockCable
[18:13:03] Running all active cores....
[18:13:03] @LockCable
[18:13:03] Polling trigger memory of core0....
[18:13:03] @ShiftIR,8,0,ER1
[18:13:03] @ShiftDR,21,0,data (select core0)
[18:13:03] @ShiftIR,8,0,ER2
[18:13:03] @Get Force Trigger bit
[18:13:03] #TM_CTL_0=3
[18:13:03] @Get Trig Detected Cnt
[18:13:03] #numDetectedTriggers = 0
[18:13:03] @Get Mem Block Full Cnt
[18:13:03] #memFullCnt = 0
[18:13:03] detected 0 triggers of core0
[18:13:03] captured 0 memory blocks of core0
[18:13:03] @UnlockCable
[18:13:04] Running all active cores....
[18:13:04] @LockCable
[18:13:04] Polling trigger memory of core0....
[18:13:04] @ShiftIR,8,0,ER1
[18:13:04] @ShiftDR,21,0,data (select core0)
[18:13:04] @ShiftIR,8,0,ER2
[18:13:04] @Get Force Trigger bit
[18:13:04] #TM_CTL_0=3
[18:13:04] @Get Trig Detected Cnt
[18:13:04] #numDetectedTriggers = 0
[18:13:05] @Get Mem Block Full Cnt
[18:13:05] #memFullCnt = 0
[18:13:05] detected 0 triggers of core0
[18:13:05] captured 0 memory blocks of core0
[18:13:05] @UnlockCable
[18:13:06] Running all active cores....
[18:13:06] @LockCable
[18:13:06] Polling trigger memory of core0....
[18:13:06] @ShiftIR,8,0,ER1
[18:13:06] @ShiftDR,21,0,data (select core0)
[18:13:06] @ShiftIR,8,0,ER2
[18:13:06] @Get Force Trigger bit
[18:13:06] #TM_CTL_0=3
[18:13:06] @Get Trig Detected Cnt
[18:13:06] #numDetectedTriggers = 0
[18:13:06] @Get Mem Block Full Cnt
[18:13:06] #memFullCnt = 0
[18:13:06] detected 0 triggers of core0
[18:13:06] captured 0 memory blocks of core0
[18:13:06] @UnlockCable
[18:13:07] Running all active cores....
[18:13:07] @LockCable
[18:13:07] Polling trigger memory of core0....
[18:13:07] @ShiftIR,8,0,ER1
[18:13:07] @ShiftDR,21,0,data (select core0)
[18:13:07] @ShiftIR,8,0,ER2
[18:13:07] @Get Force Trigger bit
[18:13:07] #TM_CTL_0=3
[18:13:07] @Get Trig Detected Cnt
[18:13:07] #numDetectedTriggers = 0
[18:13:07] @Get Mem Block Full Cnt
[18:13:07] #memFullCnt = 0
[18:13:07] detected 0 triggers of core0
[18:13:07] captured 0 memory blocks of core0
[18:13:07] @UnlockCable
[18:13:08] Running all active cores....
[18:13:08] @LockCable
[18:13:08] Polling trigger memory of core0....
[18:13:08] @ShiftIR,8,0,ER1
[18:13:08] @ShiftDR,21,0,data (select core0)
[18:13:08] @ShiftIR,8,0,ER2
[18:13:08] @Get Force Trigger bit
[18:13:08] #TM_CTL_0=3
[18:13:08] @Get Trig Detected Cnt
[18:13:08] #numDetectedTriggers = 0
[18:13:08] @Get Mem Block Full Cnt
[18:13:08] #memFullCnt = 0
[18:13:08] detected 0 triggers of core0
[18:13:08] captured 0 memory blocks of core0
[18:13:08] @UnlockCable
[18:13:09] Running all active cores....
[18:13:09] @LockCable
[18:13:09] Polling trigger memory of core0....
[18:13:09] @ShiftIR,8,0,ER1
[18:13:09] @ShiftDR,21,0,data (select core0)
[18:13:09] @ShiftIR,8,0,ER2
[18:13:09] @Get Force Trigger bit
[18:13:09] #TM_CTL_0=3
[18:13:09] @Get Trig Detected Cnt
[18:13:09] #numDetectedTriggers = 0
[18:13:09] @Get Mem Block Full Cnt
[18:13:09] #memFullCnt = 0
[18:13:09] detected 0 triggers of core0
[18:13:09] captured 0 memory blocks of core0
[18:13:09] @UnlockCable
[18:13:10] Running all active cores....
[18:13:10] @LockCable
[18:13:10] Polling trigger memory of core0....
[18:13:10] @ShiftIR,8,0,ER1
[18:13:10] @ShiftDR,21,0,data (select core0)
[18:13:10] @ShiftIR,8,0,ER2
[18:13:10] @Get Force Trigger bit
[18:13:10] #TM_CTL_0=3
[18:13:10] @Get Trig Detected Cnt
[18:13:10] #numDetectedTriggers = 0
[18:13:10] @Get Mem Block Full Cnt
[18:13:10] #memFullCnt = 0
[18:13:10] detected 0 triggers of core0
[18:13:10] captured 0 memory blocks of core0
[18:13:10] @UnlockCable
[18:13:11] Running all active cores....
[18:13:11] @LockCable
[18:13:11] Polling trigger memory of core0....
[18:13:11] @ShiftIR,8,0,ER1
[18:13:11] @ShiftDR,21,0,data (select core0)
[18:13:11] @ShiftIR,8,0,ER2
[18:13:11] @Get Force Trigger bit
[18:13:11] #TM_CTL_0=3
[18:13:11] @Get Trig Detected Cnt
[18:13:11] #numDetectedTriggers = 0
[18:13:11] @Get Mem Block Full Cnt
[18:13:11] #memFullCnt = 0
[18:13:11] detected 0 triggers of core0
[18:13:11] captured 0 memory blocks of core0
[18:13:11] @UnlockCable
[18:13:12] Running all active cores....
[18:13:12] @LockCable
[18:13:12] Polling trigger memory of core0....
[18:13:12] @ShiftIR,8,0,ER1
[18:13:12] @ShiftDR,21,0,data (select core0)
[18:13:12] @ShiftIR,8,0,ER2
[18:13:12] @Get Force Trigger bit
[18:13:12] #TM_CTL_0=3
[18:13:12] @Get Trig Detected Cnt
[18:13:12] #numDetectedTriggers = 0
[18:13:12] @Get Mem Block Full Cnt
[18:13:12] #memFullCnt = 0
[18:13:12] detected 0 triggers of core0
[18:13:12] captured 0 memory blocks of core0
[18:13:12] @UnlockCable
[18:13:13] Running all active cores....
[18:13:13] @LockCable
[18:13:13] Polling trigger memory of core0....
[18:13:13] @ShiftIR,8,0,ER1
[18:13:13] @ShiftDR,21,0,data (select core0)
[18:13:13] @ShiftIR,8,0,ER2
[18:13:13] @Get Force Trigger bit
[18:13:13] #TM_CTL_0=3
[18:13:13] @Get Trig Detected Cnt
[18:13:13] #numDetectedTriggers = 0
[18:13:13] @Get Mem Block Full Cnt
[18:13:13] #memFullCnt = 0
[18:13:13] detected 0 triggers of core0
[18:13:13] captured 0 memory blocks of core0
[18:13:13] @UnlockCable
[18:13:14] Running all active cores....
[18:13:14] @LockCable
[18:13:14] Polling trigger memory of core0....
[18:13:14] @ShiftIR,8,0,ER1
[18:13:14] @ShiftDR,21,0,data (select core0)
[18:13:14] @ShiftIR,8,0,ER2
[18:13:14] @Get Force Trigger bit
[18:13:14] #TM_CTL_0=3
[18:13:14] @Get Trig Detected Cnt
[18:13:14] #numDetectedTriggers = 0
[18:13:14] @Get Mem Block Full Cnt
[18:13:14] #memFullCnt = 0
[18:13:14] detected 0 triggers of core0
[18:13:14] captured 0 memory blocks of core0
[18:13:14] @UnlockCable
[18:13:15] Running all active cores....
[18:13:15] @LockCable
[18:13:15] Polling trigger memory of core0....
[18:13:15] @ShiftIR,8,0,ER1
[18:13:15] @ShiftDR,21,0,data (select core0)
[18:13:15] @ShiftIR,8,0,ER2
[18:13:15] @Get Force Trigger bit
[18:13:15] #TM_CTL_0=3
[18:13:15] @Get Trig Detected Cnt
[18:13:15] #numDetectedTriggers = 0
[18:13:15] @Get Mem Block Full Cnt
[18:13:15] #memFullCnt = 0
[18:13:15] detected 0 triggers of core0
[18:13:15] captured 0 memory blocks of core0
[18:13:15] @UnlockCable
[18:13:16] Running all active cores....
[18:13:16] @LockCable
[18:13:16] Polling trigger memory of core0....
[18:13:16] @ShiftIR,8,0,ER1
[18:13:16] @ShiftDR,21,0,data (select core0)
[18:13:16] @ShiftIR,8,0,ER2
[18:13:16] @Get Force Trigger bit
[18:13:16] #TM_CTL_0=3
[18:13:16] @Get Trig Detected Cnt
[18:13:16] #numDetectedTriggers = 0
[18:13:16] @Get Mem Block Full Cnt
[18:13:16] #memFullCnt = 0
[18:13:16] detected 0 triggers of core0
[18:13:16] captured 0 memory blocks of core0
[18:13:16] @UnlockCable
[18:13:17] Running all active cores....
[18:13:17] @LockCable
[18:13:17] Polling trigger memory of core0....
[18:13:17] @ShiftIR,8,0,ER1
[18:13:17] @ShiftDR,21,0,data (select core0)
[18:13:17] @ShiftIR,8,0,ER2
[18:13:17] @Get Force Trigger bit
[18:13:17] #TM_CTL_0=3
[18:13:17] @Get Trig Detected Cnt
[18:13:17] #numDetectedTriggers = 0
[18:13:17] @Get Mem Block Full Cnt
[18:13:17] #memFullCnt = 0
[18:13:17] detected 0 triggers of core0
[18:13:17] captured 0 memory blocks of core0
[18:13:17] @UnlockCable
[18:13:18] Running all active cores....
[18:13:18] @LockCable
[18:13:18] Polling trigger memory of core0....
[18:13:18] @ShiftIR,8,0,ER1
[18:13:18] @ShiftDR,21,0,data (select core0)
[18:13:18] @ShiftIR,8,0,ER2
[18:13:18] @Get Force Trigger bit
[18:13:18] #TM_CTL_0=3
[18:13:18] @Get Trig Detected Cnt
[18:13:18] #numDetectedTriggers = 0
[18:13:18] @Get Mem Block Full Cnt
[18:13:18] #memFullCnt = 0
[18:13:18] detected 0 triggers of core0
[18:13:18] captured 0 memory blocks of core0
[18:13:18] @UnlockCable
[18:13:19] Running all active cores....
[18:13:19] @LockCable
[18:13:19] Polling trigger memory of core0....
[18:13:19] @ShiftIR,8,0,ER1
[18:13:19] @ShiftDR,21,0,data (select core0)
[18:13:19] @ShiftIR,8,0,ER2
[18:13:19] @Get Force Trigger bit
[18:13:19] #TM_CTL_0=3
[18:13:19] @Get Trig Detected Cnt
[18:13:19] #numDetectedTriggers = 0
[18:13:19] @Get Mem Block Full Cnt
[18:13:19] #memFullCnt = 0
[18:13:19] detected 0 triggers of core0
[18:13:19] captured 0 memory blocks of core0
[18:13:19] @UnlockCable
[18:13:20] Running all active cores....
[18:13:20] @LockCable
[18:13:20] Polling trigger memory of core0....
[18:13:20] @ShiftIR,8,0,ER1
[18:13:20] @ShiftDR,21,0,data (select core0)
[18:13:20] @ShiftIR,8,0,ER2
[18:13:20] @Get Force Trigger bit
[18:13:20] #TM_CTL_0=3
[18:13:20] @Get Trig Detected Cnt
[18:13:20] #numDetectedTriggers = 0
[18:13:20] @Get Mem Block Full Cnt
[18:13:20] #memFullCnt = 0
[18:13:20] detected 0 triggers of core0
[18:13:20] captured 0 memory blocks of core0
[18:13:20] @UnlockCable
[18:13:21] Running all active cores....
[18:13:21] @LockCable
[18:13:21] Polling trigger memory of core0....
[18:13:21] @ShiftIR,8,0,ER1
[18:13:21] @ShiftDR,21,0,data (select core0)
[18:13:21] @ShiftIR,8,0,ER2
[18:13:21] @Get Force Trigger bit
[18:13:21] #TM_CTL_0=3
[18:13:21] @Get Trig Detected Cnt
[18:13:21] #numDetectedTriggers = 0
[18:13:21] @Get Mem Block Full Cnt
[18:13:21] #memFullCnt = 0
[18:13:21] detected 0 triggers of core0
[18:13:21] captured 0 memory blocks of core0
[18:13:21] @UnlockCable
[18:13:22] Running all active cores....
[18:13:22] @LockCable
[18:13:22] Polling trigger memory of core0....
[18:13:22] @ShiftIR,8,0,ER1
[18:13:22] @ShiftDR,21,0,data (select core0)
[18:13:22] @ShiftIR,8,0,ER2
[18:13:22] @Get Force Trigger bit
[18:13:22] #TM_CTL_0=3
[18:13:22] User has manually triggered core0!
[18:13:22] @set Force Trigger bit
[18:13:22] @set Force Trigger bit
[18:13:22] @Get Trig Detected Cnt
[18:13:22] #numDetectedTriggers = 1
[18:13:22] @Get Mem Block Full Cnt
[18:13:22] #memFullCnt = 1
[18:13:22] Downloading trigger memory of core0....
[18:13:22] @Is LA Armed
[18:13:22] @Set LA Start/Stop readback
[18:13:22] @Set LA Start/Stop 
[18:13:22] @Set LA Start/Stop readback
[18:13:22] @Set LA Start/Stop 
[18:13:22] @Get Trig Detected Cnt
[18:13:22] #numDetectedTriggers = 1
[18:13:22] @Get Mem Block Full Cnt
[18:13:22] #memFullCnt = 1
[18:13:22] @Get Last Addr Written
[18:13:22] #lastAddrWritten = 53
[18:13:22] @Get Multiple Trig Enbl
[18:13:22] #traceWidth=21, userSelectedTriggers=1, numTrigEnable=1
[18:13:22] @Get BurstRead CRC
[18:13:22] @Set Trace Mem Cnter Init
[18:13:22] Uploading in burst mode....
[18:13:22] @ShiftDR,5376,1,data (burst read)
[18:13:22] @GetTDO,data,5376
[18:13:22] @Get BurstRead CRC
[18:13:22] @Get BurstRead CRC
[18:13:22] @Get Pre-Trig Sample Num
[18:13:22] @Get Post-Trig Sample Num
[18:13:22] @Get Pre-Trig Samples Captured
[18:13:22] @Get Trig Ptr
[18:13:22] #trigPtr = 75
[18:13:22] #dataSize=3, numRead=256, trace_out=256
[18:13:22] #trig0={blockPosition:0,triggerPosition:16}
[18:13:22] finished download trigger memory of core0
[18:13:22] @UnlockCable
[18:13:22] @ReleaseCablePort
[18:13:22] @Disconnect
[18:13:22] All messages logged in file C:/work/S127M/PCBNo_10089/SP0565_rev00_00/SP0565/reveal_debug.log
[18:14:17] runProject on device [1. LFE5U-25F] using C:/work/S127M/PCBNo_10089/SP0565_rev00_00/Reveal/Linear.rva [linear.rvl]
[18:14:17] Connecting cableserver to run Reveal debugger....
[18:14:17] @Connect
[18:14:17] @SetSharableApplications,2,Reveal,Mico
[18:14:20] @SetCablePort,USB2,FTUSB-1,8,0,0,1,1,0,0,0,1
[18:14:20] @LockCable
[18:14:20] @GetServerStatus
[18:14:20] @Read
[18:14:20] @SetTargetDevice,0
[18:14:20] Connecting core0....
[18:14:20] @ShiftIR,8,0,ER1
[18:14:20] @ShiftDR,21,0,data (select core0)
[18:14:20] @ShiftIR,8,0,ER2
[18:14:20] Configuring core0....
[18:14:20] @JumpState,RUN_TEST_IDLE
[18:14:20] @JumpState,RUN_TEST_IDLE
[18:14:20] @JumpState,RUN_TEST_IDLE
[18:14:20] @ShiftIR,8,0,NOP
[18:14:20] @JumpState,RUN_TEST_IDLE
[18:14:20] @ShiftIR,8,0,ER2
[18:14:20] @Set Odd Parity readback
[18:14:20] @Set Odd Parity
[18:14:20] @Set LA Start/Stop readback
[18:14:20] @Set LA Start/Stop 
[18:14:20] #Reveal IP Version = 1_6_042617
[18:14:20] @Get Pattern
[18:14:20] #pattern readout = a5a5
[18:14:20] pattern readout passed!
[18:14:20] @Get Tracy Signature
[18:14:20] @Get Tracy Signature
[18:14:20] #signature from core0 = 689119542
[18:14:20] signature from core0 passed!
[18:14:20] @Set Opcode Value
[18:14:20] @Set Comp Value
[18:14:20] @Set Mask Value
[18:14:20] @Set Then Num
[18:14:20] @Set NEXT THEN
[18:14:20] @Set Cnt Cntg
[18:14:20] @Set Event Count
[18:14:20] @Get BurstWrite CRC
[18:14:20] @Set Truth Tbl Addr Cnter Init
[18:14:20] @Set Truth Table Prog
[18:14:20] Configuring in burst mode....
[18:14:20] @Get BurstWrite CRC
[18:14:20] @Enable TE Trig
[18:14:20] @Enable Trig Output OR All readback
[18:14:20] @Enable Trig Output OR All
[18:14:20] @Set Pre-Trig Sample
[18:14:20] @Set Post-Trig Sample
[18:14:20] finished configuration of core0
[18:14:20] Starting all active cores....
[18:14:20] @ShiftIR,8,0,ER1
[18:14:20] @ShiftDR,21,0,data (select active cores)
[18:14:20] @ShiftIR,8,0,ER2
[18:14:20] @Set LA Start cores
[18:14:20] @UnlockCable
[18:14:20] Running all active cores....
[18:14:20] @LockCable
[18:14:20] Polling trigger memory of core0....
[18:14:20] @ShiftIR,8,0,ER1
[18:14:20] @ShiftDR,21,0,data (select core0)
[18:14:20] @ShiftIR,8,0,ER2
[18:14:20] @Get Force Trigger bit
[18:14:20] #TM_CTL_0=3
[18:14:20] @Get Trig Detected Cnt
[18:14:20] #numDetectedTriggers = 0
[18:14:20] @Get Mem Block Full Cnt
[18:14:20] #memFullCnt = 0
[18:14:20] detected 0 triggers of core0
[18:14:20] captured 0 memory blocks of core0
[18:14:20] @UnlockCable
[18:14:21] Running all active cores....
[18:14:21] @LockCable
[18:14:21] Polling trigger memory of core0....
[18:14:21] @ShiftIR,8,0,ER1
[18:14:21] @ShiftDR,21,0,data (select core0)
[18:14:21] @ShiftIR,8,0,ER2
[18:14:21] @Get Force Trigger bit
[18:14:21] #TM_CTL_0=3
[18:14:21] @Get Trig Detected Cnt
[18:14:21] #numDetectedTriggers = 0
[18:14:21] @Get Mem Block Full Cnt
[18:14:21] #memFullCnt = 0
[18:14:21] detected 0 triggers of core0
[18:14:21] captured 0 memory blocks of core0
[18:14:21] @UnlockCable
[18:14:22] Running all active cores....
[18:14:22] @LockCable
[18:14:22] Polling trigger memory of core0....
[18:14:22] @ShiftIR,8,0,ER1
[18:14:22] @ShiftDR,21,0,data (select core0)
[18:14:22] @ShiftIR,8,0,ER2
[18:14:22] @Get Force Trigger bit
[18:14:22] #TM_CTL_0=3
[18:14:22] @Get Trig Detected Cnt
[18:14:22] #numDetectedTriggers = 0
[18:14:22] @Get Mem Block Full Cnt
[18:14:22] #memFullCnt = 0
[18:14:22] detected 0 triggers of core0
[18:14:22] captured 0 memory blocks of core0
[18:14:22] @UnlockCable
[18:14:23] Running all active cores....
[18:14:23] @LockCable
[18:14:23] Polling trigger memory of core0....
[18:14:23] @ShiftIR,8,0,ER1
[18:14:23] @ShiftDR,21,0,data (select core0)
[18:14:23] @ShiftIR,8,0,ER2
[18:14:23] @Get Force Trigger bit
[18:14:23] #TM_CTL_0=3
[18:14:23] @Get Trig Detected Cnt
[18:14:23] #numDetectedTriggers = 0
[18:14:23] @Get Mem Block Full Cnt
[18:14:23] #memFullCnt = 0
[18:14:23] detected 0 triggers of core0
[18:14:23] captured 0 memory blocks of core0
[18:14:23] @UnlockCable
[18:14:24] Running all active cores....
[18:14:24] @LockCable
[18:14:24] Polling trigger memory of core0....
[18:14:24] @ShiftIR,8,0,ER1
[18:14:24] @ShiftDR,21,0,data (select core0)
[18:14:24] @ShiftIR,8,0,ER2
[18:14:24] @Get Force Trigger bit
[18:14:24] #TM_CTL_0=3
[18:14:24] @Get Trig Detected Cnt
[18:14:24] #numDetectedTriggers = 0
[18:14:24] @Get Mem Block Full Cnt
[18:14:24] #memFullCnt = 0
[18:14:24] detected 0 triggers of core0
[18:14:24] captured 0 memory blocks of core0
[18:14:24] @UnlockCable
[18:14:25] Running all active cores....
[18:14:25] @LockCable
[18:14:25] Polling trigger memory of core0....
[18:14:25] @ShiftIR,8,0,ER1
[18:14:25] @ShiftDR,21,0,data (select core0)
[18:14:25] @ShiftIR,8,0,ER2
[18:14:25] @Get Force Trigger bit
[18:14:25] #TM_CTL_0=3
[18:14:25] @Get Trig Detected Cnt
[18:14:25] #numDetectedTriggers = 0
[18:14:25] @Get Mem Block Full Cnt
[18:14:25] #memFullCnt = 0
[18:14:25] detected 0 triggers of core0
[18:14:25] captured 0 memory blocks of core0
[18:14:25] @UnlockCable
[18:14:26] Running all active cores....
[18:14:26] @LockCable
[18:14:26] Polling trigger memory of core0....
[18:14:26] @ShiftIR,8,0,ER1
[18:14:26] @ShiftDR,21,0,data (select core0)
[18:14:26] @ShiftIR,8,0,ER2
[18:14:26] @Get Force Trigger bit
[18:14:26] #TM_CTL_0=3
[18:14:26] @Get Trig Detected Cnt
[18:14:26] #numDetectedTriggers = 0
[18:14:26] @Get Mem Block Full Cnt
[18:14:26] #memFullCnt = 0
[18:14:26] detected 0 triggers of core0
[18:14:26] captured 0 memory blocks of core0
[18:14:26] @UnlockCable
[18:14:27] Running all active cores....
[18:14:27] @LockCable
[18:14:27] Polling trigger memory of core0....
[18:14:27] @ShiftIR,8,0,ER1
[18:14:27] @ShiftDR,21,0,data (select core0)
[18:14:27] @ShiftIR,8,0,ER2
[18:14:27] @Get Force Trigger bit
[18:14:27] #TM_CTL_0=3
[18:14:27] @Get Trig Detected Cnt
[18:14:27] #numDetectedTriggers = 0
[18:14:27] @Get Mem Block Full Cnt
[18:14:27] #memFullCnt = 0
[18:14:27] detected 0 triggers of core0
[18:14:27] captured 0 memory blocks of core0
[18:14:27] @UnlockCable
[18:14:28] Running all active cores....
[18:14:28] @LockCable
[18:14:28] Polling trigger memory of core0....
[18:14:28] @ShiftIR,8,0,ER1
[18:14:28] @ShiftDR,21,0,data (select core0)
[18:14:28] @ShiftIR,8,0,ER2
[18:14:28] @Get Force Trigger bit
[18:14:28] #TM_CTL_0=3
[18:14:28] @Get Trig Detected Cnt
[18:14:28] #numDetectedTriggers = 0
[18:14:28] @Get Mem Block Full Cnt
[18:14:28] #memFullCnt = 0
[18:14:28] detected 0 triggers of core0
[18:14:28] captured 0 memory blocks of core0
[18:14:28] @UnlockCable
[18:14:29] Running all active cores....
[18:14:29] @LockCable
[18:14:29] Polling trigger memory of core0....
[18:14:29] @ShiftIR,8,0,ER1
[18:14:29] @ShiftDR,21,0,data (select core0)
[18:14:29] @ShiftIR,8,0,ER2
[18:14:29] @Get Force Trigger bit
[18:14:29] #TM_CTL_0=3
[18:14:29] @Get Trig Detected Cnt
[18:14:29] #numDetectedTriggers = 0
[18:14:29] @Get Mem Block Full Cnt
[18:14:29] #memFullCnt = 0
[18:14:29] detected 0 triggers of core0
[18:14:29] captured 0 memory blocks of core0
[18:14:29] @UnlockCable
[18:14:30] Running all active cores....
[18:14:30] @LockCable
[18:14:30] Polling trigger memory of core0....
[18:14:30] @ShiftIR,8,0,ER1
[18:14:30] @ShiftDR,21,0,data (select core0)
[18:14:30] @ShiftIR,8,0,ER2
[18:14:30] @Get Force Trigger bit
[18:14:30] #TM_CTL_0=3
[18:14:30] @Get Trig Detected Cnt
[18:14:30] #numDetectedTriggers = 0
[18:14:30] @Get Mem Block Full Cnt
[18:14:30] #memFullCnt = 0
[18:14:30] detected 0 triggers of core0
[18:14:30] captured 0 memory blocks of core0
[18:14:30] @UnlockCable
[18:14:31] Running all active cores....
[18:14:31] @LockCable
[18:14:31] Polling trigger memory of core0....
[18:14:31] @ShiftIR,8,0,ER1
[18:14:31] @ShiftDR,21,0,data (select core0)
[18:14:31] @ShiftIR,8,0,ER2
[18:14:31] @Get Force Trigger bit
[18:14:31] #TM_CTL_0=3
[18:14:31] @Get Trig Detected Cnt
[18:14:31] #numDetectedTriggers = 0
[18:14:31] @Get Mem Block Full Cnt
[18:14:31] #memFullCnt = 0
[18:14:31] detected 0 triggers of core0
[18:14:31] captured 0 memory blocks of core0
[18:14:31] @UnlockCable
[18:14:33] Running all active cores....
[18:14:33] @LockCable
[18:14:33] Polling trigger memory of core0....
[18:14:33] @ShiftIR,8,0,ER1
[18:14:33] @ShiftDR,21,0,data (select core0)
[18:14:33] @ShiftIR,8,0,ER2
[18:14:33] @Get Force Trigger bit
[18:14:33] #TM_CTL_0=3
[18:14:33] @Get Trig Detected Cnt
[18:14:33] #numDetectedTriggers = 0
[18:14:33] @Get Mem Block Full Cnt
[18:14:33] #memFullCnt = 0
[18:14:33] detected 0 triggers of core0
[18:14:33] captured 0 memory blocks of core0
[18:14:33] @UnlockCable
[18:14:34] Running all active cores....
[18:14:34] @LockCable
[18:14:34] Polling trigger memory of core0....
[18:14:34] @ShiftIR,8,0,ER1
[18:14:34] @ShiftDR,21,0,data (select core0)
[18:14:34] @ShiftIR,8,0,ER2
[18:14:34] @Get Force Trigger bit
[18:14:34] #TM_CTL_0=3
[18:14:34] @Get Trig Detected Cnt
[18:14:34] #numDetectedTriggers = 0
[18:14:34] @Get Mem Block Full Cnt
[18:14:34] #memFullCnt = 0
[18:14:34] detected 0 triggers of core0
[18:14:34] captured 0 memory blocks of core0
[18:14:34] @UnlockCable
[18:14:35] Running all active cores....
[18:14:35] @LockCable
[18:14:35] Polling trigger memory of core0....
[18:14:35] @ShiftIR,8,0,ER1
[18:14:35] @ShiftDR,21,0,data (select core0)
[18:14:35] @ShiftIR,8,0,ER2
[18:14:35] @Get Force Trigger bit
[18:14:35] #TM_CTL_0=3
[18:14:35] @Get Trig Detected Cnt
[18:14:35] #numDetectedTriggers = 0
[18:14:35] @Get Mem Block Full Cnt
[18:14:35] #memFullCnt = 0
[18:14:35] detected 0 triggers of core0
[18:14:35] captured 0 memory blocks of core0
[18:14:35] @UnlockCable
[18:14:36] Running all active cores....
[18:14:36] @LockCable
[18:14:36] Polling trigger memory of core0....
[18:14:36] @ShiftIR,8,0,ER1
[18:14:36] @ShiftDR,21,0,data (select core0)
[18:14:36] @ShiftIR,8,0,ER2
[18:14:36] @Get Force Trigger bit
[18:14:36] #TM_CTL_0=3
[18:14:36] @Get Trig Detected Cnt
[18:14:36] #numDetectedTriggers = 0
[18:14:36] @Get Mem Block Full Cnt
[18:14:36] #memFullCnt = 0
[18:14:36] detected 0 triggers of core0
[18:14:36] captured 0 memory blocks of core0
[18:14:36] @UnlockCable
[18:14:37] Running all active cores....
[18:14:37] @LockCable
[18:14:37] Polling trigger memory of core0....
[18:14:37] @ShiftIR,8,0,ER1
[18:14:37] @ShiftDR,21,0,data (select core0)
[18:14:37] @ShiftIR,8,0,ER2
[18:14:37] @Get Force Trigger bit
[18:14:37] #TM_CTL_0=3
[18:14:37] @Get Trig Detected Cnt
[18:14:37] #numDetectedTriggers = 0
[18:14:37] @Get Mem Block Full Cnt
[18:14:37] #memFullCnt = 0
[18:14:37] detected 0 triggers of core0
[18:14:37] captured 0 memory blocks of core0
[18:14:37] @UnlockCable
[18:14:38] Running all active cores....
[18:14:38] @LockCable
[18:14:38] Polling trigger memory of core0....
[18:14:38] @ShiftIR,8,0,ER1
[18:14:38] @ShiftDR,21,0,data (select core0)
[18:14:38] @ShiftIR,8,0,ER2
[18:14:38] @Get Force Trigger bit
[18:14:38] #TM_CTL_0=3
[18:14:38] @Get Trig Detected Cnt
[18:14:38] #numDetectedTriggers = 0
[18:14:38] @Get Mem Block Full Cnt
[18:14:38] #memFullCnt = 0
[18:14:38] detected 0 triggers of core0
[18:14:38] captured 0 memory blocks of core0
[18:14:38] @UnlockCable
[18:14:39] Running all active cores....
[18:14:39] @LockCable
[18:14:39] Polling trigger memory of core0....
[18:14:39] @ShiftIR,8,0,ER1
[18:14:39] @ShiftDR,21,0,data (select core0)
[18:14:39] @ShiftIR,8,0,ER2
[18:14:39] @Get Force Trigger bit
[18:14:39] #TM_CTL_0=3
[18:14:39] @Get Trig Detected Cnt
[18:14:39] #numDetectedTriggers = 0
[18:14:39] @Get Mem Block Full Cnt
[18:14:39] #memFullCnt = 0
[18:14:39] detected 0 triggers of core0
[18:14:39] captured 0 memory blocks of core0
[18:14:39] @UnlockCable
[18:14:40] Running all active cores....
[18:14:40] @LockCable
[18:14:40] Polling trigger memory of core0....
[18:14:40] @ShiftIR,8,0,ER1
[18:14:40] @ShiftDR,21,0,data (select core0)
[18:14:40] @ShiftIR,8,0,ER2
[18:14:40] @Get Force Trigger bit
[18:14:40] #TM_CTL_0=3
[18:14:40] @Get Trig Detected Cnt
[18:14:40] #numDetectedTriggers = 0
[18:14:40] @Get Mem Block Full Cnt
[18:14:40] #memFullCnt = 0
[18:14:40] detected 0 triggers of core0
[18:14:40] captured 0 memory blocks of core0
[18:14:40] @UnlockCable
[18:14:41] Running all active cores....
[18:14:41] @LockCable
[18:14:41] Polling trigger memory of core0....
[18:14:41] @ShiftIR,8,0,ER1
[18:14:41] @ShiftDR,21,0,data (select core0)
[18:14:41] @ShiftIR,8,0,ER2
[18:14:41] @Get Force Trigger bit
[18:14:41] #TM_CTL_0=3
[18:14:41] @Get Trig Detected Cnt
[18:14:41] #numDetectedTriggers = 0
[18:14:41] @Get Mem Block Full Cnt
[18:14:41] #memFullCnt = 0
[18:14:41] detected 0 triggers of core0
[18:14:41] captured 0 memory blocks of core0
[18:14:41] @UnlockCable
[18:14:42] Running all active cores....
[18:14:42] @LockCable
[18:14:42] Polling trigger memory of core0....
[18:14:42] @ShiftIR,8,0,ER1
[18:14:42] @ShiftDR,21,0,data (select core0)
[18:14:42] @ShiftIR,8,0,ER2
[18:14:42] @Get Force Trigger bit
[18:14:42] #TM_CTL_0=3
[18:14:42] @Get Trig Detected Cnt
[18:14:42] #numDetectedTriggers = 0
[18:14:42] @Get Mem Block Full Cnt
[18:14:42] #memFullCnt = 0
[18:14:42] detected 0 triggers of core0
[18:14:42] captured 0 memory blocks of core0
[18:14:42] @UnlockCable
[18:14:43] Running all active cores....
[18:14:43] @LockCable
[18:14:43] Polling trigger memory of core0....
[18:14:43] @ShiftIR,8,0,ER1
[18:14:43] @ShiftDR,21,0,data (select core0)
[18:14:43] @ShiftIR,8,0,ER2
[18:14:43] @Get Force Trigger bit
[18:14:43] #TM_CTL_0=3
[18:14:43] @Get Trig Detected Cnt
[18:14:43] #numDetectedTriggers = 0
[18:14:43] @Get Mem Block Full Cnt
[18:14:43] #memFullCnt = 0
[18:14:43] detected 0 triggers of core0
[18:14:43] captured 0 memory blocks of core0
[18:14:43] @UnlockCable
[18:14:44] Running all active cores....
[18:14:44] @LockCable
[18:14:44] Polling trigger memory of core0....
[18:14:44] @ShiftIR,8,0,ER1
[18:14:44] @ShiftDR,21,0,data (select core0)
[18:14:44] @ShiftIR,8,0,ER2
[18:14:44] @Get Force Trigger bit
[18:14:44] #TM_CTL_0=3
[18:14:44] @Get Trig Detected Cnt
[18:14:44] #numDetectedTriggers = 0
[18:14:44] @Get Mem Block Full Cnt
[18:14:44] #memFullCnt = 0
[18:14:44] detected 0 triggers of core0
[18:14:44] captured 0 memory blocks of core0
[18:14:44] @UnlockCable
[18:14:45] Running all active cores....
[18:14:45] @LockCable
[18:14:45] Polling trigger memory of core0....
[18:14:45] @ShiftIR,8,0,ER1
[18:14:45] @ShiftDR,21,0,data (select core0)
[18:14:45] @ShiftIR,8,0,ER2
[18:14:45] @Get Force Trigger bit
[18:14:45] #TM_CTL_0=3
[18:14:45] @Get Trig Detected Cnt
[18:14:45] #numDetectedTriggers = 0
[18:14:45] @Get Mem Block Full Cnt
[18:14:45] #memFullCnt = 0
[18:14:45] detected 0 triggers of core0
[18:14:45] captured 0 memory blocks of core0
[18:14:45] @UnlockCable
[18:14:46] Running all active cores....
[18:14:46] @LockCable
[18:14:46] Polling trigger memory of core0....
[18:14:46] @ShiftIR,8,0,ER1
[18:14:46] @ShiftDR,21,0,data (select core0)
[18:14:46] @ShiftIR,8,0,ER2
[18:14:46] @Get Force Trigger bit
[18:14:46] #TM_CTL_0=3
[18:14:46] @Get Trig Detected Cnt
[18:14:46] #numDetectedTriggers = 0
[18:14:46] @Get Mem Block Full Cnt
[18:14:46] #memFullCnt = 0
[18:14:46] detected 0 triggers of core0
[18:14:46] captured 0 memory blocks of core0
[18:14:46] @UnlockCable
[18:14:47] Running all active cores....
[18:14:47] @LockCable
[18:14:47] Polling trigger memory of core0....
[18:14:47] @ShiftIR,8,0,ER1
[18:14:47] @ShiftDR,21,0,data (select core0)
[18:14:47] @ShiftIR,8,0,ER2
[18:14:47] @Get Force Trigger bit
[18:14:47] #TM_CTL_0=3
[18:14:47] @Get Trig Detected Cnt
[18:14:47] #numDetectedTriggers = 0
[18:14:47] @Get Mem Block Full Cnt
[18:14:47] #memFullCnt = 0
[18:14:47] detected 0 triggers of core0
[18:14:47] captured 0 memory blocks of core0
[18:14:47] @UnlockCable
[18:14:48] Running all active cores....
[18:14:48] @LockCable
[18:14:48] Polling trigger memory of core0....
[18:14:48] @ShiftIR,8,0,ER1
[18:14:48] @ShiftDR,21,0,data (select core0)
[18:14:48] @ShiftIR,8,0,ER2
[18:14:48] @Get Force Trigger bit
[18:14:48] #TM_CTL_0=3
[18:14:48] @Get Trig Detected Cnt
[18:14:48] #numDetectedTriggers = 0
[18:14:48] @Get Mem Block Full Cnt
[18:14:48] #memFullCnt = 0
[18:14:48] detected 0 triggers of core0
[18:14:48] captured 0 memory blocks of core0
[18:14:48] @UnlockCable
[18:14:49] Running all active cores....
[18:14:49] @LockCable
[18:14:49] Polling trigger memory of core0....
[18:14:49] @ShiftIR,8,0,ER1
[18:14:49] @ShiftDR,21,0,data (select core0)
[18:14:49] @ShiftIR,8,0,ER2
[18:14:49] @Get Force Trigger bit
[18:14:49] #TM_CTL_0=3
[18:14:49] @Get Trig Detected Cnt
[18:14:49] #numDetectedTriggers = 0
[18:14:49] @Get Mem Block Full Cnt
[18:14:49] #memFullCnt = 0
[18:14:49] detected 0 triggers of core0
[18:14:49] captured 0 memory blocks of core0
[18:14:49] @UnlockCable
[18:14:50] Running all active cores....
[18:14:50] @LockCable
[18:14:50] Polling trigger memory of core0....
[18:14:50] @ShiftIR,8,0,ER1
[18:14:50] @ShiftDR,21,0,data (select core0)
[18:14:50] @ShiftIR,8,0,ER2
[18:14:50] @Get Force Trigger bit
[18:14:50] #TM_CTL_0=3
[18:14:50] @Get Trig Detected Cnt
[18:14:50] #numDetectedTriggers = 0
[18:14:50] @Get Mem Block Full Cnt
[18:14:50] #memFullCnt = 0
[18:14:50] detected 0 triggers of core0
[18:14:50] captured 0 memory blocks of core0
[18:14:50] @UnlockCable
[18:14:51] Running all active cores....
[18:14:51] @LockCable
[18:14:51] Polling trigger memory of core0....
[18:14:51] @ShiftIR,8,0,ER1
[18:14:51] @ShiftDR,21,0,data (select core0)
[18:14:51] @ShiftIR,8,0,ER2
[18:14:51] @Get Force Trigger bit
[18:14:51] #TM_CTL_0=3
[18:14:51] @Get Trig Detected Cnt
[18:14:51] #numDetectedTriggers = 0
[18:14:51] @Get Mem Block Full Cnt
[18:14:51] #memFullCnt = 0
[18:14:51] detected 0 triggers of core0
[18:14:51] captured 0 memory blocks of core0
[18:14:51] @UnlockCable
[18:14:52] Running all active cores....
[18:14:52] @LockCable
[18:14:52] Polling trigger memory of core0....
[18:14:52] @ShiftIR,8,0,ER1
[18:14:52] @ShiftDR,21,0,data (select core0)
[18:14:52] @ShiftIR,8,0,ER2
[18:14:52] @Get Force Trigger bit
[18:14:52] #TM_CTL_0=3
[18:14:52] @Get Trig Detected Cnt
[18:14:52] #numDetectedTriggers = 0
[18:14:52] @Get Mem Block Full Cnt
[18:14:52] #memFullCnt = 0
[18:14:52] detected 0 triggers of core0
[18:14:52] captured 0 memory blocks of core0
[18:14:52] @UnlockCable
[18:14:53] Running all active cores....
[18:14:53] @LockCable
[18:14:53] Polling trigger memory of core0....
[18:14:53] @ShiftIR,8,0,ER1
[18:14:53] @ShiftDR,21,0,data (select core0)
[18:14:53] @ShiftIR,8,0,ER2
[18:14:53] @Get Force Trigger bit
[18:14:53] #TM_CTL_0=3
[18:14:53] @Get Trig Detected Cnt
[18:14:53] #numDetectedTriggers = 0
[18:14:53] @Get Mem Block Full Cnt
[18:14:53] #memFullCnt = 0
[18:14:53] detected 0 triggers of core0
[18:14:53] captured 0 memory blocks of core0
[18:14:53] @UnlockCable
[18:14:54] Running all active cores....
[18:14:54] @LockCable
[18:14:54] Polling trigger memory of core0....
[18:14:54] @ShiftIR,8,0,ER1
[18:14:54] @ShiftDR,21,0,data (select core0)
[18:14:54] @ShiftIR,8,0,ER2
[18:14:54] @Get Force Trigger bit
[18:14:54] #TM_CTL_0=3
[18:14:54] @Get Trig Detected Cnt
[18:14:54] #numDetectedTriggers = 0
[18:14:54] @Get Mem Block Full Cnt
[18:14:54] #memFullCnt = 0
[18:14:54] detected 0 triggers of core0
[18:14:54] captured 0 memory blocks of core0
[18:14:54] @UnlockCable
[18:14:55] Running all active cores....
[18:14:55] @LockCable
[18:14:55] Polling trigger memory of core0....
[18:14:55] @ShiftIR,8,0,ER1
[18:14:55] @ShiftDR,21,0,data (select core0)
[18:14:55] @ShiftIR,8,0,ER2
[18:14:55] @Get Force Trigger bit
[18:14:55] #TM_CTL_0=3
[18:14:55] @Get Trig Detected Cnt
[18:14:55] #numDetectedTriggers = 0
[18:14:55] @Get Mem Block Full Cnt
[18:14:55] #memFullCnt = 0
[18:14:55] detected 0 triggers of core0
[18:14:55] captured 0 memory blocks of core0
[18:14:55] @UnlockCable
[18:14:56] Running all active cores....
[18:14:56] @LockCable
[18:14:56] Polling trigger memory of core0....
[18:14:56] @ShiftIR,8,0,ER1
[18:14:56] @ShiftDR,21,0,data (select core0)
[18:14:56] @ShiftIR,8,0,ER2
[18:14:56] @Get Force Trigger bit
[18:14:56] #TM_CTL_0=3
[18:14:56] @Get Trig Detected Cnt
[18:14:56] #numDetectedTriggers = 0
[18:14:56] @Get Mem Block Full Cnt
[18:14:56] #memFullCnt = 0
[18:14:56] detected 0 triggers of core0
[18:14:56] captured 0 memory blocks of core0
[18:14:56] @UnlockCable
[18:14:57] Running all active cores....
[18:14:57] @LockCable
[18:14:57] Polling trigger memory of core0....
[18:14:57] @ShiftIR,8,0,ER1
[18:14:57] @ShiftDR,21,0,data (select core0)
[18:14:57] @ShiftIR,8,0,ER2
[18:14:57] @Get Force Trigger bit
[18:14:57] #TM_CTL_0=3
[18:14:57] @Get Trig Detected Cnt
[18:14:57] #numDetectedTriggers = 0
[18:14:57] @Get Mem Block Full Cnt
[18:14:57] #memFullCnt = 0
[18:14:57] detected 0 triggers of core0
[18:14:57] captured 0 memory blocks of core0
[18:14:57] @UnlockCable
[18:14:58] Running all active cores....
[18:14:58] @LockCable
[18:14:58] Polling trigger memory of core0....
[18:14:58] @ShiftIR,8,0,ER1
[18:14:58] @ShiftDR,21,0,data (select core0)
[18:14:58] @ShiftIR,8,0,ER2
[18:14:58] @Get Force Trigger bit
[18:14:58] #TM_CTL_0=3
[18:14:58] @Get Trig Detected Cnt
[18:14:58] #numDetectedTriggers = 0
[18:14:58] @Get Mem Block Full Cnt
[18:14:58] #memFullCnt = 0
[18:14:58] detected 0 triggers of core0
[18:14:58] captured 0 memory blocks of core0
[18:14:58] @UnlockCable
[18:14:59] Running all active cores....
[18:14:59] @LockCable
[18:14:59] Polling trigger memory of core0....
[18:14:59] @ShiftIR,8,0,ER1
[18:14:59] @ShiftDR,21,0,data (select core0)
[18:14:59] @ShiftIR,8,0,ER2
[18:14:59] @Get Force Trigger bit
[18:14:59] #TM_CTL_0=3
[18:14:59] @Get Trig Detected Cnt
[18:14:59] #numDetectedTriggers = 0
[18:14:59] @Get Mem Block Full Cnt
[18:14:59] #memFullCnt = 0
[18:14:59] detected 0 triggers of core0
[18:14:59] captured 0 memory blocks of core0
[18:14:59] @UnlockCable
[18:15:00] Running all active cores....
[18:15:00] @LockCable
[18:15:00] Polling trigger memory of core0....
[18:15:00] @ShiftIR,8,0,ER1
[18:15:00] @ShiftDR,21,0,data (select core0)
[18:15:00] @ShiftIR,8,0,ER2
[18:15:00] @Get Force Trigger bit
[18:15:00] #TM_CTL_0=3
[18:15:00] @Get Trig Detected Cnt
[18:15:00] #numDetectedTriggers = 0
[18:15:00] @Get Mem Block Full Cnt
[18:15:00] #memFullCnt = 0
[18:15:00] detected 0 triggers of core0
[18:15:00] captured 0 memory blocks of core0
[18:15:00] @UnlockCable
[18:15:01] Running all active cores....
[18:15:01] @LockCable
[18:15:01] Polling trigger memory of core0....
[18:15:01] @ShiftIR,8,0,ER1
[18:15:01] @ShiftDR,21,0,data (select core0)
[18:15:01] @ShiftIR,8,0,ER2
[18:15:01] @Get Force Trigger bit
[18:15:01] #TM_CTL_0=3
[18:15:01] @Get Trig Detected Cnt
[18:15:01] #numDetectedTriggers = 0
[18:15:01] @Get Mem Block Full Cnt
[18:15:01] #memFullCnt = 0
[18:15:01] detected 0 triggers of core0
[18:15:01] captured 0 memory blocks of core0
[18:15:01] @UnlockCable
[18:15:02] Running all active cores....
[18:15:02] @LockCable
[18:15:02] Polling trigger memory of core0....
[18:15:02] @ShiftIR,8,0,ER1
[18:15:02] @ShiftDR,21,0,data (select core0)
[18:15:02] @ShiftIR,8,0,ER2
[18:15:02] @Get Force Trigger bit
[18:15:02] #TM_CTL_0=3
[18:15:02] @Get Trig Detected Cnt
[18:15:02] #numDetectedTriggers = 0
[18:15:02] @Get Mem Block Full Cnt
[18:15:02] #memFullCnt = 0
[18:15:02] detected 0 triggers of core0
[18:15:02] captured 0 memory blocks of core0
[18:15:02] @UnlockCable
[18:15:03] Running all active cores....
[18:15:03] @LockCable
[18:15:03] Polling trigger memory of core0....
[18:15:03] @ShiftIR,8,0,ER1
[18:15:03] @ShiftDR,21,0,data (select core0)
[18:15:03] @ShiftIR,8,0,ER2
[18:15:03] @Get Force Trigger bit
[18:15:03] #TM_CTL_0=3
[18:15:03] @Get Trig Detected Cnt
[18:15:03] #numDetectedTriggers = 0
[18:15:03] @Get Mem Block Full Cnt
[18:15:03] #memFullCnt = 0
[18:15:03] detected 0 triggers of core0
[18:15:03] captured 0 memory blocks of core0
[18:15:03] @UnlockCable
[18:15:04] Running all active cores....
[18:15:04] @LockCable
[18:15:04] Polling trigger memory of core0....
[18:15:04] @ShiftIR,8,0,ER1
[18:15:04] @ShiftDR,21,0,data (select core0)
[18:15:04] @ShiftIR,8,0,ER2
[18:15:04] @Get Force Trigger bit
[18:15:04] #TM_CTL_0=3
[18:15:04] @Get Trig Detected Cnt
[18:15:04] #numDetectedTriggers = 0
[18:15:04] @Get Mem Block Full Cnt
[18:15:04] #memFullCnt = 0
[18:15:04] detected 0 triggers of core0
[18:15:04] captured 0 memory blocks of core0
[18:15:04] @UnlockCable
[18:15:05] Running all active cores....
[18:15:05] @LockCable
[18:15:05] Polling trigger memory of core0....
[18:15:05] @ShiftIR,8,0,ER1
[18:15:05] @ShiftDR,21,0,data (select core0)
[18:15:05] @ShiftIR,8,0,ER2
[18:15:05] @Get Force Trigger bit
[18:15:05] #TM_CTL_0=3
[18:15:05] @Get Trig Detected Cnt
[18:15:05] #numDetectedTriggers = 0
[18:15:05] @Get Mem Block Full Cnt
[18:15:05] #memFullCnt = 0
[18:15:05] detected 0 triggers of core0
[18:15:05] captured 0 memory blocks of core0
[18:15:05] @UnlockCable
[18:15:06] Running all active cores....
[18:15:06] @LockCable
[18:15:06] Polling trigger memory of core0....
[18:15:06] @ShiftIR,8,0,ER1
[18:15:06] @ShiftDR,21,0,data (select core0)
[18:15:06] @ShiftIR,8,0,ER2
[18:15:06] @Get Force Trigger bit
[18:15:06] #TM_CTL_0=3
[18:15:06] @Get Trig Detected Cnt
[18:15:06] #numDetectedTriggers = 0
[18:15:06] @Get Mem Block Full Cnt
[18:15:06] #memFullCnt = 0
[18:15:06] detected 0 triggers of core0
[18:15:06] captured 0 memory blocks of core0
[18:15:06] @UnlockCable
[18:15:07] Running all active cores....
[18:15:07] @LockCable
[18:15:07] Polling trigger memory of core0....
[18:15:07] @ShiftIR,8,0,ER1
[18:15:07] @ShiftDR,21,0,data (select core0)
[18:15:07] @ShiftIR,8,0,ER2
[18:15:07] @Get Force Trigger bit
[18:15:07] #TM_CTL_0=3
[18:15:07] @Get Trig Detected Cnt
[18:15:07] #numDetectedTriggers = 0
[18:15:07] @Get Mem Block Full Cnt
[18:15:07] #memFullCnt = 0
[18:15:07] detected 0 triggers of core0
[18:15:07] captured 0 memory blocks of core0
[18:15:07] @UnlockCable
[18:15:08] Running all active cores....
[18:15:08] @LockCable
[18:15:08] Polling trigger memory of core0....
[18:15:08] @ShiftIR,8,0,ER1
[18:15:08] @ShiftDR,21,0,data (select core0)
[18:15:08] @ShiftIR,8,0,ER2
[18:15:08] @Get Force Trigger bit
[18:15:08] #TM_CTL_0=3
[18:15:08] @Get Trig Detected Cnt
[18:15:08] #numDetectedTriggers = 0
[18:15:08] @Get Mem Block Full Cnt
[18:15:08] #memFullCnt = 0
[18:15:08] detected 0 triggers of core0
[18:15:08] captured 0 memory blocks of core0
[18:15:08] @UnlockCable
[18:15:09] Running all active cores....
[18:15:09] @LockCable
[18:15:09] Polling trigger memory of core0....
[18:15:09] @ShiftIR,8,0,ER1
[18:15:09] @ShiftDR,21,0,data (select core0)
[18:15:09] @ShiftIR,8,0,ER2
[18:15:09] @Get Force Trigger bit
[18:15:09] #TM_CTL_0=3
[18:15:09] @Get Trig Detected Cnt
[18:15:09] #numDetectedTriggers = 0
[18:15:09] @Get Mem Block Full Cnt
[18:15:09] #memFullCnt = 0
[18:15:09] detected 0 triggers of core0
[18:15:09] captured 0 memory blocks of core0
[18:15:09] @UnlockCable
[18:15:10] Running all active cores....
[18:15:10] @LockCable
[18:15:10] Polling trigger memory of core0....
[18:15:10] @ShiftIR,8,0,ER1
[18:15:10] @ShiftDR,21,0,data (select core0)
[18:15:10] @ShiftIR,8,0,ER2
[18:15:10] @Get Force Trigger bit
[18:15:10] #TM_CTL_0=3
[18:15:10] @Get Trig Detected Cnt
[18:15:10] #numDetectedTriggers = 0
[18:15:10] @Get Mem Block Full Cnt
[18:15:10] #memFullCnt = 0
[18:15:10] detected 0 triggers of core0
[18:15:10] captured 0 memory blocks of core0
[18:15:10] @UnlockCable
[18:15:11] Running all active cores....
[18:15:11] @LockCable
[18:15:11] Polling trigger memory of core0....
[18:15:11] @ShiftIR,8,0,ER1
[18:15:11] @ShiftDR,21,0,data (select core0)
[18:15:11] @ShiftIR,8,0,ER2
[18:15:11] @Get Force Trigger bit
[18:15:11] #TM_CTL_0=3
[18:15:11] @Get Trig Detected Cnt
[18:15:11] #numDetectedTriggers = 0
[18:15:11] @Get Mem Block Full Cnt
[18:15:11] #memFullCnt = 0
[18:15:11] detected 0 triggers of core0
[18:15:11] captured 0 memory blocks of core0
[18:15:11] @UnlockCable
[18:15:12] Running all active cores....
[18:15:12] @LockCable
[18:15:12] Polling trigger memory of core0....
[18:15:12] @ShiftIR,8,0,ER1
[18:15:12] @ShiftDR,21,0,data (select core0)
[18:15:12] @ShiftIR,8,0,ER2
[18:15:12] @Get Force Trigger bit
[18:15:12] #TM_CTL_0=3
[18:15:12] @Get Trig Detected Cnt
[18:15:12] #numDetectedTriggers = 0
[18:15:12] @Get Mem Block Full Cnt
[18:15:12] #memFullCnt = 0
[18:15:12] detected 0 triggers of core0
[18:15:12] captured 0 memory blocks of core0
[18:15:12] @UnlockCable
[18:15:13] Running all active cores....
[18:15:13] @LockCable
[18:15:13] Polling trigger memory of core0....
[18:15:13] @ShiftIR,8,0,ER1
[18:15:13] @ShiftDR,21,0,data (select core0)
[18:15:13] @ShiftIR,8,0,ER2
[18:15:13] @Get Force Trigger bit
[18:15:13] #TM_CTL_0=3
[18:15:13] @Get Trig Detected Cnt
[18:15:13] #numDetectedTriggers = 0
[18:15:13] @Get Mem Block Full Cnt
[18:15:13] #memFullCnt = 0
[18:15:13] detected 0 triggers of core0
[18:15:13] captured 0 memory blocks of core0
[18:15:13] @UnlockCable
[18:15:14] Running all active cores....
[18:15:14] @LockCable
[18:15:14] Polling trigger memory of core0....
[18:15:14] @ShiftIR,8,0,ER1
[18:15:14] @ShiftDR,21,0,data (select core0)
[18:15:14] @ShiftIR,8,0,ER2
[18:15:14] @Get Force Trigger bit
[18:15:14] #TM_CTL_0=3
[18:15:14] @Get Trig Detected Cnt
[18:15:14] #numDetectedTriggers = 0
[18:15:14] @Get Mem Block Full Cnt
[18:15:14] #memFullCnt = 0
[18:15:14] detected 0 triggers of core0
[18:15:14] captured 0 memory blocks of core0
[18:15:14] @UnlockCable
[18:15:15] Running all active cores....
[18:15:15] @LockCable
[18:15:15] Polling trigger memory of core0....
[18:15:15] @ShiftIR,8,0,ER1
[18:15:15] @ShiftDR,21,0,data (select core0)
[18:15:15] @ShiftIR,8,0,ER2
[18:15:15] @Get Force Trigger bit
[18:15:15] #TM_CTL_0=3
[18:15:15] @Get Trig Detected Cnt
[18:15:15] #numDetectedTriggers = 0
[18:15:15] @Get Mem Block Full Cnt
[18:15:15] #memFullCnt = 0
[18:15:15] detected 0 triggers of core0
[18:15:15] captured 0 memory blocks of core0
[18:15:15] @UnlockCable
[18:15:16] Running all active cores....
[18:15:16] @LockCable
[18:15:16] Polling trigger memory of core0....
[18:15:16] @ShiftIR,8,0,ER1
[18:15:16] @ShiftDR,21,0,data (select core0)
[18:15:16] @ShiftIR,8,0,ER2
[18:15:16] @Get Force Trigger bit
[18:15:16] #TM_CTL_0=3
[18:15:16] @Get Trig Detected Cnt
[18:15:16] #numDetectedTriggers = 0
[18:15:16] @Get Mem Block Full Cnt
[18:15:16] #memFullCnt = 0
[18:15:16] detected 0 triggers of core0
[18:15:16] captured 0 memory blocks of core0
[18:15:16] @UnlockCable
[18:15:18] Running all active cores....
[18:15:18] @LockCable
[18:15:18] Polling trigger memory of core0....
[18:15:18] @ShiftIR,8,0,ER1
[18:15:18] @ShiftDR,21,0,data (select core0)
[18:15:18] @ShiftIR,8,0,ER2
[18:15:18] @Get Force Trigger bit
[18:15:18] #TM_CTL_0=3
[18:15:18] @Get Trig Detected Cnt
[18:15:18] #numDetectedTriggers = 0
[18:15:18] @Get Mem Block Full Cnt
[18:15:18] #memFullCnt = 0
[18:15:18] detected 0 triggers of core0
[18:15:18] captured 0 memory blocks of core0
[18:15:18] @UnlockCable
[18:15:19] Running all active cores....
[18:15:19] @LockCable
[18:15:19] Polling trigger memory of core0....
[18:15:19] @ShiftIR,8,0,ER1
[18:15:19] @ShiftDR,21,0,data (select core0)
[18:15:19] @ShiftIR,8,0,ER2
[18:15:19] @Get Force Trigger bit
[18:15:19] #TM_CTL_0=3
[18:15:19] @Get Trig Detected Cnt
[18:15:19] #numDetectedTriggers = 0
[18:15:19] @Get Mem Block Full Cnt
[18:15:19] #memFullCnt = 0
[18:15:19] detected 0 triggers of core0
[18:15:19] captured 0 memory blocks of core0
[18:15:19] @UnlockCable
[18:15:20] Running all active cores....
[18:15:20] @LockCable
[18:15:20] Polling trigger memory of core0....
[18:15:20] @ShiftIR,8,0,ER1
[18:15:20] @ShiftDR,21,0,data (select core0)
[18:15:20] @ShiftIR,8,0,ER2
[18:15:20] @Get Force Trigger bit
[18:15:20] #TM_CTL_0=3
[18:15:20] @Get Trig Detected Cnt
[18:15:20] #numDetectedTriggers = 0
[18:15:20] @Get Mem Block Full Cnt
[18:15:20] #memFullCnt = 0
[18:15:20] detected 0 triggers of core0
[18:15:20] captured 0 memory blocks of core0
[18:15:20] @UnlockCable
[18:15:21] Running all active cores....
[18:15:21] @LockCable
[18:15:21] Polling trigger memory of core0....
[18:15:21] @ShiftIR,8,0,ER1
[18:15:21] @ShiftDR,21,0,data (select core0)
[18:15:21] @ShiftIR,8,0,ER2
[18:15:21] @Get Force Trigger bit
[18:15:21] #TM_CTL_0=3
[18:15:21] @Get Trig Detected Cnt
[18:15:21] #numDetectedTriggers = 0
[18:15:21] @Get Mem Block Full Cnt
[18:15:21] #memFullCnt = 0
[18:15:21] detected 0 triggers of core0
[18:15:21] captured 0 memory blocks of core0
[18:15:21] @UnlockCable
[18:15:22] Running all active cores....
[18:15:22] @LockCable
[18:15:22] Polling trigger memory of core0....
[18:15:22] @ShiftIR,8,0,ER1
[18:15:22] @ShiftDR,21,0,data (select core0)
[18:15:22] @ShiftIR,8,0,ER2
[18:15:22] @Get Force Trigger bit
[18:15:22] #TM_CTL_0=3
[18:15:22] @Get Trig Detected Cnt
[18:15:22] #numDetectedTriggers = 0
[18:15:22] @Get Mem Block Full Cnt
[18:15:22] #memFullCnt = 0
[18:15:22] detected 0 triggers of core0
[18:15:22] captured 0 memory blocks of core0
[18:15:22] @UnlockCable
[18:15:23] Running all active cores....
[18:15:23] @LockCable
[18:15:23] Polling trigger memory of core0....
[18:15:23] @ShiftIR,8,0,ER1
[18:15:23] @ShiftDR,21,0,data (select core0)
[18:15:23] @ShiftIR,8,0,ER2
[18:15:23] @Get Force Trigger bit
[18:15:23] #TM_CTL_0=3
[18:15:23] @Get Trig Detected Cnt
[18:15:23] #numDetectedTriggers = 0
[18:15:23] @Get Mem Block Full Cnt
[18:15:23] #memFullCnt = 0
[18:15:23] detected 0 triggers of core0
[18:15:23] captured 0 memory blocks of core0
[18:15:23] @UnlockCable
[18:15:24] Running all active cores....
[18:15:24] @LockCable
[18:15:24] Polling trigger memory of core0....
[18:15:24] @ShiftIR,8,0,ER1
[18:15:24] @ShiftDR,21,0,data (select core0)
[18:15:24] @ShiftIR,8,0,ER2
[18:15:24] @Get Force Trigger bit
[18:15:24] #TM_CTL_0=3
[18:15:24] @Get Trig Detected Cnt
[18:15:24] #numDetectedTriggers = 0
[18:15:24] @Get Mem Block Full Cnt
[18:15:24] #memFullCnt = 0
[18:15:24] detected 0 triggers of core0
[18:15:24] captured 0 memory blocks of core0
[18:15:24] @UnlockCable
[18:15:25] Running all active cores....
[18:15:25] @LockCable
[18:15:25] Polling trigger memory of core0....
[18:15:25] @ShiftIR,8,0,ER1
[18:15:25] @ShiftDR,21,0,data (select core0)
[18:15:25] @ShiftIR,8,0,ER2
[18:15:25] @Get Force Trigger bit
[18:15:25] #TM_CTL_0=3
[18:15:25] @Get Trig Detected Cnt
[18:15:25] #numDetectedTriggers = 0
[18:15:25] @Get Mem Block Full Cnt
[18:15:25] #memFullCnt = 0
[18:15:25] detected 0 triggers of core0
[18:15:25] captured 0 memory blocks of core0
[18:15:25] @UnlockCable
[18:15:26] Running all active cores....
[18:15:26] @LockCable
[18:15:26] Polling trigger memory of core0....
[18:15:26] @ShiftIR,8,0,ER1
[18:15:26] @ShiftDR,21,0,data (select core0)
[18:15:26] @ShiftIR,8,0,ER2
[18:15:26] @Get Force Trigger bit
[18:15:26] #TM_CTL_0=3
[18:15:26] @Get Trig Detected Cnt
[18:15:26] #numDetectedTriggers = 0
[18:15:26] @Get Mem Block Full Cnt
[18:15:26] #memFullCnt = 0
[18:15:26] detected 0 triggers of core0
[18:15:26] captured 0 memory blocks of core0
[18:15:26] @UnlockCable
[18:15:27] Running all active cores....
[18:15:27] @LockCable
[18:15:27] Polling trigger memory of core0....
[18:15:27] @ShiftIR,8,0,ER1
[18:15:27] @ShiftDR,21,0,data (select core0)
[18:15:27] @ShiftIR,8,0,ER2
[18:15:27] @Get Force Trigger bit
[18:15:27] #TM_CTL_0=3
[18:15:27] @Get Trig Detected Cnt
[18:15:27] #numDetectedTriggers = 0
[18:15:27] @Get Mem Block Full Cnt
[18:15:27] #memFullCnt = 0
[18:15:27] detected 0 triggers of core0
[18:15:27] captured 0 memory blocks of core0
[18:15:27] @UnlockCable
[18:15:28] Running all active cores....
[18:15:28] @LockCable
[18:15:28] Polling trigger memory of core0....
[18:15:28] @ShiftIR,8,0,ER1
[18:15:28] @ShiftDR,21,0,data (select core0)
[18:15:28] @ShiftIR,8,0,ER2
[18:15:28] @Get Force Trigger bit
[18:15:28] #TM_CTL_0=3
[18:15:28] @Get Trig Detected Cnt
[18:15:28] #numDetectedTriggers = 0
[18:15:28] @Get Mem Block Full Cnt
[18:15:28] #memFullCnt = 0
[18:15:28] detected 0 triggers of core0
[18:15:28] captured 0 memory blocks of core0
[18:15:28] @UnlockCable
[18:15:29] Running all active cores....
[18:15:29] @LockCable
[18:15:29] Polling trigger memory of core0....
[18:15:29] @ShiftIR,8,0,ER1
[18:15:29] @ShiftDR,21,0,data (select core0)
[18:15:29] @ShiftIR,8,0,ER2
[18:15:29] @Get Force Trigger bit
[18:15:29] #TM_CTL_0=3
[18:15:29] @Get Trig Detected Cnt
[18:15:29] #numDetectedTriggers = 0
[18:15:29] @Get Mem Block Full Cnt
[18:15:29] #memFullCnt = 0
[18:15:29] detected 0 triggers of core0
[18:15:29] captured 0 memory blocks of core0
[18:15:29] @UnlockCable
[18:15:30] Running all active cores....
[18:15:30] @LockCable
[18:15:30] Polling trigger memory of core0....
[18:15:30] @ShiftIR,8,0,ER1
[18:15:30] @ShiftDR,21,0,data (select core0)
[18:15:30] @ShiftIR,8,0,ER2
[18:15:30] @Get Force Trigger bit
[18:15:30] #TM_CTL_0=3
[18:15:30] @Get Trig Detected Cnt
[18:15:30] #numDetectedTriggers = 0
[18:15:30] @Get Mem Block Full Cnt
[18:15:30] #memFullCnt = 0
[18:15:30] detected 0 triggers of core0
[18:15:30] captured 0 memory blocks of core0
[18:15:30] @UnlockCable
[18:15:31] Running all active cores....
[18:15:31] @LockCable
[18:15:31] Polling trigger memory of core0....
[18:15:31] @ShiftIR,8,0,ER1
[18:15:31] @ShiftDR,21,0,data (select core0)
[18:15:31] @ShiftIR,8,0,ER2
[18:15:31] @Get Force Trigger bit
[18:15:31] #TM_CTL_0=3
[18:15:31] @Get Trig Detected Cnt
[18:15:31] #numDetectedTriggers = 0
[18:15:31] @Get Mem Block Full Cnt
[18:15:31] #memFullCnt = 0
[18:15:31] detected 0 triggers of core0
[18:15:31] captured 0 memory blocks of core0
[18:15:31] @UnlockCable
[18:15:32] Running all active cores....
[18:15:32] @LockCable
[18:15:32] Polling trigger memory of core0....
[18:15:32] @ShiftIR,8,0,ER1
[18:15:32] @ShiftDR,21,0,data (select core0)
[18:15:32] @ShiftIR,8,0,ER2
[18:15:32] @Get Force Trigger bit
[18:15:32] #TM_CTL_0=3
[18:15:32] @Get Trig Detected Cnt
[18:15:32] #numDetectedTriggers = 0
[18:15:32] @Get Mem Block Full Cnt
[18:15:32] #memFullCnt = 0
[18:15:32] detected 0 triggers of core0
[18:15:32] captured 0 memory blocks of core0
[18:15:32] @UnlockCable
[18:15:33] Running all active cores....
[18:15:33] @LockCable
[18:15:33] Polling trigger memory of core0....
[18:15:33] @ShiftIR,8,0,ER1
[18:15:33] @ShiftDR,21,0,data (select core0)
[18:15:33] @ShiftIR,8,0,ER2
[18:15:33] @Get Force Trigger bit
[18:15:33] #TM_CTL_0=3
[18:15:33] @Get Trig Detected Cnt
[18:15:33] #numDetectedTriggers = 0
[18:15:33] @Get Mem Block Full Cnt
[18:15:33] #memFullCnt = 0
[18:15:33] detected 0 triggers of core0
[18:15:33] captured 0 memory blocks of core0
[18:15:33] @UnlockCable
[18:15:34] Running all active cores....
[18:15:34] @LockCable
[18:15:34] Polling trigger memory of core0....
[18:15:34] @ShiftIR,8,0,ER1
[18:15:34] @ShiftDR,21,0,data (select core0)
[18:15:34] @ShiftIR,8,0,ER2
[18:15:34] @Get Force Trigger bit
[18:15:34] #TM_CTL_0=3
[18:15:34] @Get Trig Detected Cnt
[18:15:34] #numDetectedTriggers = 0
[18:15:34] @Get Mem Block Full Cnt
[18:15:34] #memFullCnt = 0
[18:15:34] detected 0 triggers of core0
[18:15:34] captured 0 memory blocks of core0
[18:15:34] @UnlockCable
[18:15:35] Running all active cores....
[18:15:35] @LockCable
[18:15:35] Polling trigger memory of core0....
[18:15:35] @ShiftIR,8,0,ER1
[18:15:35] @ShiftDR,21,0,data (select core0)
[18:15:35] @ShiftIR,8,0,ER2
[18:15:35] @Get Force Trigger bit
[18:15:35] #TM_CTL_0=3
[18:15:35] @Get Trig Detected Cnt
[18:15:35] #numDetectedTriggers = 0
[18:15:35] @Get Mem Block Full Cnt
[18:15:35] #memFullCnt = 0
[18:15:35] detected 0 triggers of core0
[18:15:35] captured 0 memory blocks of core0
[18:15:35] @UnlockCable
[18:15:36] Running all active cores....
[18:15:36] @LockCable
[18:15:36] Polling trigger memory of core0....
[18:15:36] @ShiftIR,8,0,ER1
[18:15:36] @ShiftDR,21,0,data (select core0)
[18:15:36] @ShiftIR,8,0,ER2
[18:15:36] @Get Force Trigger bit
[18:15:36] #TM_CTL_0=3
[18:15:36] @Get Trig Detected Cnt
[18:15:36] #numDetectedTriggers = 0
[18:15:36] @Get Mem Block Full Cnt
[18:15:36] #memFullCnt = 0
[18:15:36] detected 0 triggers of core0
[18:15:36] captured 0 memory blocks of core0
[18:15:36] @UnlockCable
[18:15:37] Running all active cores....
[18:15:37] @LockCable
[18:15:37] Polling trigger memory of core0....
[18:15:37] @ShiftIR,8,0,ER1
[18:15:37] @ShiftDR,21,0,data (select core0)
[18:15:37] @ShiftIR,8,0,ER2
[18:15:37] @Get Force Trigger bit
[18:15:37] #TM_CTL_0=3
[18:15:37] @Get Trig Detected Cnt
[18:15:37] #numDetectedTriggers = 0
[18:15:37] @Get Mem Block Full Cnt
[18:15:37] #memFullCnt = 0
[18:15:37] detected 0 triggers of core0
[18:15:37] captured 0 memory blocks of core0
[18:15:37] @UnlockCable
[18:15:38] Running all active cores....
[18:15:38] @LockCable
[18:15:38] Polling trigger memory of core0....
[18:15:38] @ShiftIR,8,0,ER1
[18:15:38] @ShiftDR,21,0,data (select core0)
[18:15:38] @ShiftIR,8,0,ER2
[18:15:38] @Get Force Trigger bit
[18:15:38] #TM_CTL_0=3
[18:15:38] @Get Trig Detected Cnt
[18:15:38] #numDetectedTriggers = 0
[18:15:38] @Get Mem Block Full Cnt
[18:15:38] #memFullCnt = 0
[18:15:38] detected 0 triggers of core0
[18:15:38] captured 0 memory blocks of core0
[18:15:38] @UnlockCable
[18:15:39] Running all active cores....
[18:15:39] @LockCable
[18:15:39] Polling trigger memory of core0....
[18:15:39] @ShiftIR,8,0,ER1
[18:15:39] @ShiftDR,21,0,data (select core0)
[18:15:39] @ShiftIR,8,0,ER2
[18:15:39] @Get Force Trigger bit
[18:15:39] #TM_CTL_0=3
[18:15:39] @Get Trig Detected Cnt
[18:15:39] #numDetectedTriggers = 0
[18:15:39] @Get Mem Block Full Cnt
[18:15:39] #memFullCnt = 0
[18:15:39] detected 0 triggers of core0
[18:15:39] captured 0 memory blocks of core0
[18:15:39] @UnlockCable
[18:15:40] Running all active cores....
[18:15:40] @LockCable
[18:15:40] Polling trigger memory of core0....
[18:15:40] @ShiftIR,8,0,ER1
[18:15:40] @ShiftDR,21,0,data (select core0)
[18:15:40] @ShiftIR,8,0,ER2
[18:15:40] @Get Force Trigger bit
[18:15:40] #TM_CTL_0=3
[18:15:40] @Get Trig Detected Cnt
[18:15:40] #numDetectedTriggers = 0
[18:15:40] @Get Mem Block Full Cnt
[18:15:40] #memFullCnt = 0
[18:15:40] detected 0 triggers of core0
[18:15:40] captured 0 memory blocks of core0
[18:15:40] @UnlockCable
[18:15:41] Running all active cores....
[18:15:41] @LockCable
[18:15:41] Polling trigger memory of core0....
[18:15:41] @ShiftIR,8,0,ER1
[18:15:41] @ShiftDR,21,0,data (select core0)
[18:15:41] @ShiftIR,8,0,ER2
[18:15:41] @Get Force Trigger bit
[18:15:41] #TM_CTL_0=3
[18:15:41] @Get Trig Detected Cnt
[18:15:41] #numDetectedTriggers = 0
[18:15:41] @Get Mem Block Full Cnt
[18:15:41] #memFullCnt = 0
[18:15:41] detected 0 triggers of core0
[18:15:41] captured 0 memory blocks of core0
[18:15:41] @UnlockCable
[18:15:42] Running all active cores....
[18:15:42] @LockCable
[18:15:42] Polling trigger memory of core0....
[18:15:42] @ShiftIR,8,0,ER1
[18:15:42] @ShiftDR,21,0,data (select core0)
[18:15:42] @ShiftIR,8,0,ER2
[18:15:42] @Get Force Trigger bit
[18:15:42] #TM_CTL_0=3
[18:15:42] @Get Trig Detected Cnt
[18:15:42] #numDetectedTriggers = 0
[18:15:42] @Get Mem Block Full Cnt
[18:15:42] #memFullCnt = 0
[18:15:42] detected 0 triggers of core0
[18:15:42] captured 0 memory blocks of core0
[18:15:42] @UnlockCable
[18:15:43] Running all active cores....
[18:15:43] @LockCable
[18:15:43] Polling trigger memory of core0....
[18:15:43] @ShiftIR,8,0,ER1
[18:15:43] @ShiftDR,21,0,data (select core0)
[18:15:43] @ShiftIR,8,0,ER2
[18:15:43] @Get Force Trigger bit
[18:15:43] #TM_CTL_0=3
[18:15:43] @Get Trig Detected Cnt
[18:15:43] #numDetectedTriggers = 0
[18:15:43] @Get Mem Block Full Cnt
[18:15:43] #memFullCnt = 0
[18:15:43] detected 0 triggers of core0
[18:15:43] captured 0 memory blocks of core0
[18:15:43] @UnlockCable
[18:15:44] Running all active cores....
[18:15:44] @LockCable
[18:15:44] Polling trigger memory of core0....
[18:15:44] @ShiftIR,8,0,ER1
[18:15:44] @ShiftDR,21,0,data (select core0)
[18:15:44] @ShiftIR,8,0,ER2
[18:15:44] @Get Force Trigger bit
[18:15:44] #TM_CTL_0=3
[18:15:44] @Get Trig Detected Cnt
[18:15:44] #numDetectedTriggers = 0
[18:15:44] @Get Mem Block Full Cnt
[18:15:44] #memFullCnt = 0
[18:15:44] detected 0 triggers of core0
[18:15:44] captured 0 memory blocks of core0
[18:15:44] @UnlockCable
[18:15:45] Running all active cores....
[18:15:45] @LockCable
[18:15:45] Polling trigger memory of core0....
[18:15:45] @ShiftIR,8,0,ER1
[18:15:45] @ShiftDR,21,0,data (select core0)
[18:15:45] @ShiftIR,8,0,ER2
[18:15:45] @Get Force Trigger bit
[18:15:45] #TM_CTL_0=3
[18:15:45] @Get Trig Detected Cnt
[18:15:45] #numDetectedTriggers = 0
[18:15:45] @Get Mem Block Full Cnt
[18:15:45] #memFullCnt = 0
[18:15:45] detected 0 triggers of core0
[18:15:45] captured 0 memory blocks of core0
[18:15:45] @UnlockCable
[18:15:46] Running all active cores....
[18:15:46] @LockCable
[18:15:46] Polling trigger memory of core0....
[18:15:46] @ShiftIR,8,0,ER1
[18:15:46] @ShiftDR,21,0,data (select core0)
[18:15:46] @ShiftIR,8,0,ER2
[18:15:46] @Get Force Trigger bit
[18:15:46] #TM_CTL_0=3
[18:15:46] @Get Trig Detected Cnt
[18:15:46] #numDetectedTriggers = 0
[18:15:46] @Get Mem Block Full Cnt
[18:15:46] #memFullCnt = 0
[18:15:46] detected 0 triggers of core0
[18:15:46] captured 0 memory blocks of core0
[18:15:46] @UnlockCable
[18:15:47] Running all active cores....
[18:15:47] @LockCable
[18:15:47] Polling trigger memory of core0....
[18:15:47] @ShiftIR,8,0,ER1
[18:15:47] @ShiftDR,21,0,data (select core0)
[18:15:47] @ShiftIR,8,0,ER2
[18:15:47] @Get Force Trigger bit
[18:15:47] #TM_CTL_0=3
[18:15:47] @Get Trig Detected Cnt
[18:15:47] #numDetectedTriggers = 0
[18:15:47] @Get Mem Block Full Cnt
[18:15:47] #memFullCnt = 0
[18:15:47] detected 0 triggers of core0
[18:15:47] captured 0 memory blocks of core0
[18:15:47] @UnlockCable
[18:15:48] Running all active cores....
[18:15:48] @LockCable
[18:15:48] Polling trigger memory of core0....
[18:15:48] @ShiftIR,8,0,ER1
[18:15:48] @ShiftDR,21,0,data (select core0)
[18:15:48] @ShiftIR,8,0,ER2
[18:15:48] @Get Force Trigger bit
[18:15:48] #TM_CTL_0=3
[18:15:48] @Get Trig Detected Cnt
[18:15:48] #numDetectedTriggers = 0
[18:15:48] @Get Mem Block Full Cnt
[18:15:48] #memFullCnt = 0
[18:15:48] detected 0 triggers of core0
[18:15:48] captured 0 memory blocks of core0
[18:15:48] @UnlockCable
[18:15:49] Running all active cores....
[18:15:49] @LockCable
[18:15:49] Polling trigger memory of core0....
[18:15:49] @ShiftIR,8,0,ER1
[18:15:49] @ShiftDR,21,0,data (select core0)
[18:15:49] @ShiftIR,8,0,ER2
[18:15:49] @Get Force Trigger bit
[18:15:49] #TM_CTL_0=3
[18:15:49] @Get Trig Detected Cnt
[18:15:49] #numDetectedTriggers = 0
[18:15:49] @Get Mem Block Full Cnt
[18:15:49] #memFullCnt = 0
[18:15:49] detected 0 triggers of core0
[18:15:49] captured 0 memory blocks of core0
[18:15:49] @UnlockCable
[18:15:50] Running all active cores....
[18:15:50] @LockCable
[18:15:50] Polling trigger memory of core0....
[18:15:50] @ShiftIR,8,0,ER1
[18:15:50] @ShiftDR,21,0,data (select core0)
[18:15:50] @ShiftIR,8,0,ER2
[18:15:50] @Get Force Trigger bit
[18:15:50] #TM_CTL_0=3
[18:15:50] @Get Trig Detected Cnt
[18:15:50] #numDetectedTriggers = 0
[18:15:50] @Get Mem Block Full Cnt
[18:15:50] #memFullCnt = 0
[18:15:50] detected 0 triggers of core0
[18:15:50] captured 0 memory blocks of core0
[18:15:50] @UnlockCable
[18:15:51] Running all active cores....
[18:15:51] @LockCable
[18:15:51] Polling trigger memory of core0....
[18:15:51] @ShiftIR,8,0,ER1
[18:15:51] @ShiftDR,21,0,data (select core0)
[18:15:51] @ShiftIR,8,0,ER2
[18:15:51] @Get Force Trigger bit
[18:15:51] #TM_CTL_0=3
[18:15:51] @Get Trig Detected Cnt
[18:15:51] #numDetectedTriggers = 0
[18:15:51] @Get Mem Block Full Cnt
[18:15:51] #memFullCnt = 0
[18:15:51] detected 0 triggers of core0
[18:15:51] captured 0 memory blocks of core0
[18:15:51] @UnlockCable
[18:15:52] Running all active cores....
[18:15:52] @LockCable
[18:15:52] Polling trigger memory of core0....
[18:15:52] @ShiftIR,8,0,ER1
[18:15:52] @ShiftDR,21,0,data (select core0)
[18:15:52] @ShiftIR,8,0,ER2
[18:15:52] @Get Force Trigger bit
[18:15:52] #TM_CTL_0=3
[18:15:52] @Get Trig Detected Cnt
[18:15:52] #numDetectedTriggers = 0
[18:15:52] @Get Mem Block Full Cnt
[18:15:52] #memFullCnt = 0
[18:15:52] detected 0 triggers of core0
[18:15:52] captured 0 memory blocks of core0
[18:15:52] @UnlockCable
[18:15:53] Running all active cores....
[18:15:53] @LockCable
[18:15:53] Polling trigger memory of core0....
[18:15:53] @ShiftIR,8,0,ER1
[18:15:53] @ShiftDR,21,0,data (select core0)
[18:15:53] @ShiftIR,8,0,ER2
[18:15:53] @Get Force Trigger bit
[18:15:53] #TM_CTL_0=3
[18:15:53] @Get Trig Detected Cnt
[18:15:53] #numDetectedTriggers = 0
[18:15:53] @Get Mem Block Full Cnt
[18:15:53] #memFullCnt = 0
[18:15:53] detected 0 triggers of core0
[18:15:53] captured 0 memory blocks of core0
[18:15:53] @UnlockCable
[18:15:54] Running all active cores....
[18:15:54] @LockCable
[18:15:54] Polling trigger memory of core0....
[18:15:54] @ShiftIR,8,0,ER1
[18:15:54] @ShiftDR,21,0,data (select core0)
[18:15:54] @ShiftIR,8,0,ER2
[18:15:54] @Get Force Trigger bit
[18:15:54] #TM_CTL_0=5
[18:15:54] @Get Trig Detected Cnt
[18:15:54] #numDetectedTriggers = 1
[18:15:54] @Get Mem Block Full Cnt
[18:15:54] #memFullCnt = 1
[18:15:54] Downloading trigger memory of core0....
[18:15:54] @Is LA Armed
[18:15:54] @Set LA Start/Stop readback
[18:15:54] @Set LA Start/Stop 
[18:15:54] @Set LA Start/Stop readback
[18:15:54] @Set LA Start/Stop 
[18:15:54] @Get Trig Detected Cnt
[18:15:54] #numDetectedTriggers = 1
[18:15:54] @Get Mem Block Full Cnt
[18:15:54] #memFullCnt = 1
[18:15:54] @Get Last Addr Written
[18:15:54] #lastAddrWritten = 213
[18:15:54] @Get Multiple Trig Enbl
[18:15:54] #traceWidth=21, userSelectedTriggers=1, numTrigEnable=1
[18:15:54] @Get BurstRead CRC
[18:15:54] @Set Trace Mem Cnter Init
[18:15:54] Uploading in burst mode....
[18:15:54] @ShiftDR,5376,1,data (burst read)
[18:15:54] @GetTDO,data,5376
[18:15:54] @Get BurstRead CRC
[18:15:54] @Get BurstRead CRC
[18:15:54] @Get Pre-Trig Sample Num
[18:15:54] @Get Post-Trig Sample Num
[18:15:54] @Get Pre-Trig Samples Captured
[18:15:54] @Get Trig Ptr
[18:15:54] #trigPtr = 235
[18:15:54] #dataSize=3, numRead=256, trace_out=256
[18:15:54] #trig0={blockPosition:0,triggerPosition:16}
[18:15:54] finished download trigger memory of core0
[18:15:54] @UnlockCable
[18:15:54] @ReleaseCablePort
[18:15:54] @Disconnect
[18:15:54] All messages logged in file C:/work/S127M/PCBNo_10089/SP0565_rev00_00/SP0565/reveal_debug.log
[18:16:12] runProject on device [1. LFE5U-25F] using C:/work/S127M/PCBNo_10089/SP0565_rev00_00/Reveal/Linear.rva [linear.rvl]
[18:16:12] Connecting cableserver to run Reveal debugger....
[18:16:12] @Connect
[18:16:12] @SetSharableApplications,2,Reveal,Mico
[18:16:15] @SetCablePort,USB2,FTUSB-1,8,0,0,1,1,0,0,0,1
[18:16:15] @LockCable
[18:16:15] @GetServerStatus
[18:16:15] @Read
[18:16:15] @SetTargetDevice,0
[18:16:15] Connecting core0....
[18:16:15] @ShiftIR,8,0,ER1
[18:16:15] @ShiftDR,21,0,data (select core0)
[18:16:15] @ShiftIR,8,0,ER2
[18:16:15] Configuring core0....
[18:16:15] @JumpState,RUN_TEST_IDLE
[18:16:15] @JumpState,RUN_TEST_IDLE
[18:16:15] @JumpState,RUN_TEST_IDLE
[18:16:15] @ShiftIR,8,0,NOP
[18:16:15] @JumpState,RUN_TEST_IDLE
[18:16:15] @ShiftIR,8,0,ER2
[18:16:15] @Set Odd Parity readback
[18:16:15] @Set Odd Parity
[18:16:15] @Set LA Start/Stop readback
[18:16:15] @Set LA Start/Stop 
[18:16:15] #Reveal IP Version = 1_6_042617
[18:16:15] @Get Pattern
[18:16:15] #pattern readout = a5a5
[18:16:15] pattern readout passed!
[18:16:15] @Get Tracy Signature
[18:16:15] @Get Tracy Signature
[18:16:15] #signature from core0 = 689119542
[18:16:15] signature from core0 passed!
[18:16:15] @Set Opcode Value
[18:16:15] @Set Comp Value
[18:16:15] @Set Mask Value
[18:16:15] @Set Then Num
[18:16:15] @Set NEXT THEN
[18:16:15] @Set Cnt Cntg
[18:16:15] @Set Event Count
[18:16:15] @Get BurstWrite CRC
[18:16:15] @Set Truth Tbl Addr Cnter Init
[18:16:15] @Set Truth Table Prog
[18:16:15] Configuring in burst mode....
[18:16:15] @Get BurstWrite CRC
[18:16:15] @Enable TE Trig
[18:16:15] @Enable Trig Output OR All readback
[18:16:15] @Enable Trig Output OR All
[18:16:15] @Set Pre-Trig Sample
[18:16:15] @Set Post-Trig Sample
[18:16:15] finished configuration of core0
[18:16:15] Starting all active cores....
[18:16:15] @ShiftIR,8,0,ER1
[18:16:15] @ShiftDR,21,0,data (select active cores)
[18:16:15] @ShiftIR,8,0,ER2
[18:16:15] @Set LA Start cores
[18:16:15] @UnlockCable
[18:16:15] Running all active cores....
[18:16:15] @LockCable
[18:16:15] Polling trigger memory of core0....
[18:16:15] @ShiftIR,8,0,ER1
[18:16:15] @ShiftDR,21,0,data (select core0)
[18:16:15] @ShiftIR,8,0,ER2
[18:16:15] @Get Force Trigger bit
[18:16:15] #TM_CTL_0=3
[18:16:15] @Get Trig Detected Cnt
[18:16:15] #numDetectedTriggers = 0
[18:16:15] @Get Mem Block Full Cnt
[18:16:15] #memFullCnt = 0
[18:16:15] detected 0 triggers of core0
[18:16:15] captured 0 memory blocks of core0
[18:16:15] @UnlockCable
[18:16:16] Running all active cores....
[18:16:16] @LockCable
[18:16:16] Polling trigger memory of core0....
[18:16:16] @ShiftIR,8,0,ER1
[18:16:16] @ShiftDR,21,0,data (select core0)
[18:16:16] @ShiftIR,8,0,ER2
[18:16:16] @Get Force Trigger bit
[18:16:16] #TM_CTL_0=3
[18:16:16] @Get Trig Detected Cnt
[18:16:16] #numDetectedTriggers = 0
[18:16:16] @Get Mem Block Full Cnt
[18:16:16] #memFullCnt = 0
[18:16:16] detected 0 triggers of core0
[18:16:16] captured 0 memory blocks of core0
[18:16:16] @UnlockCable
[18:16:17] Running all active cores....
[18:16:17] @LockCable
[18:16:17] Polling trigger memory of core0....
[18:16:17] @ShiftIR,8,0,ER1
[18:16:17] @ShiftDR,21,0,data (select core0)
[18:16:17] @ShiftIR,8,0,ER2
[18:16:17] @Get Force Trigger bit
[18:16:17] #TM_CTL_0=3
[18:16:17] @Get Trig Detected Cnt
[18:16:17] #numDetectedTriggers = 0
[18:16:17] @Get Mem Block Full Cnt
[18:16:17] #memFullCnt = 0
[18:16:17] detected 0 triggers of core0
[18:16:17] captured 0 memory blocks of core0
[18:16:17] @UnlockCable
[18:16:18] Running all active cores....
[18:16:18] @LockCable
[18:16:18] Polling trigger memory of core0....
[18:16:18] @ShiftIR,8,0,ER1
[18:16:18] @ShiftDR,21,0,data (select core0)
[18:16:18] @ShiftIR,8,0,ER2
[18:16:18] @Get Force Trigger bit
[18:16:18] #TM_CTL_0=3
[18:16:18] @Get Trig Detected Cnt
[18:16:18] #numDetectedTriggers = 0
[18:16:18] @Get Mem Block Full Cnt
[18:16:18] #memFullCnt = 0
[18:16:18] detected 0 triggers of core0
[18:16:18] captured 0 memory blocks of core0
[18:16:18] @UnlockCable
[18:16:19] Running all active cores....
[18:16:19] @LockCable
[18:16:19] Polling trigger memory of core0....
[18:16:19] @ShiftIR,8,0,ER1
[18:16:19] @ShiftDR,21,0,data (select core0)
[18:16:19] @ShiftIR,8,0,ER2
[18:16:19] @Get Force Trigger bit
[18:16:19] #TM_CTL_0=3
[18:16:19] @Get Trig Detected Cnt
[18:16:19] #numDetectedTriggers = 0
[18:16:19] @Get Mem Block Full Cnt
[18:16:19] #memFullCnt = 0
[18:16:19] detected 0 triggers of core0
[18:16:19] captured 0 memory blocks of core0
[18:16:19] @UnlockCable
[18:16:20] Running all active cores....
[18:16:20] @LockCable
[18:16:20] Polling trigger memory of core0....
[18:16:20] @ShiftIR,8,0,ER1
[18:16:20] @ShiftDR,21,0,data (select core0)
[18:16:20] @ShiftIR,8,0,ER2
[18:16:20] @Get Force Trigger bit
[18:16:20] #TM_CTL_0=3
[18:16:20] @Get Trig Detected Cnt
[18:16:20] #numDetectedTriggers = 0
[18:16:20] @Get Mem Block Full Cnt
[18:16:20] #memFullCnt = 0
[18:16:20] detected 0 triggers of core0
[18:16:20] captured 0 memory blocks of core0
[18:16:20] @UnlockCable
[18:16:21] Running all active cores....
[18:16:21] @LockCable
[18:16:21] Polling trigger memory of core0....
[18:16:21] @ShiftIR,8,0,ER1
[18:16:21] @ShiftDR,21,0,data (select core0)
[18:16:21] @ShiftIR,8,0,ER2
[18:16:21] @Get Force Trigger bit
[18:16:21] #TM_CTL_0=3
[18:16:21] @Get Trig Detected Cnt
[18:16:21] #numDetectedTriggers = 0
[18:16:21] @Get Mem Block Full Cnt
[18:16:21] #memFullCnt = 0
[18:16:21] detected 0 triggers of core0
[18:16:21] captured 0 memory blocks of core0
[18:16:21] @UnlockCable
[18:16:22] Running all active cores....
[18:16:22] @LockCable
[18:16:22] Polling trigger memory of core0....
[18:16:22] @ShiftIR,8,0,ER1
[18:16:22] @ShiftDR,21,0,data (select core0)
[18:16:22] @ShiftIR,8,0,ER2
[18:16:22] @Get Force Trigger bit
[18:16:22] #TM_CTL_0=3
[18:16:22] @Get Trig Detected Cnt
[18:16:22] #numDetectedTriggers = 0
[18:16:22] @Get Mem Block Full Cnt
[18:16:22] #memFullCnt = 0
[18:16:22] detected 0 triggers of core0
[18:16:22] captured 0 memory blocks of core0
[18:16:22] @UnlockCable
[18:16:23] Running all active cores....
[18:16:23] @LockCable
[18:16:23] Polling trigger memory of core0....
[18:16:23] @ShiftIR,8,0,ER1
[18:16:23] @ShiftDR,21,0,data (select core0)
[18:16:23] @ShiftIR,8,0,ER2
[18:16:23] @Get Force Trigger bit
[18:16:23] #TM_CTL_0=5
[18:16:23] @Get Trig Detected Cnt
[18:16:23] #numDetectedTriggers = 1
[18:16:23] @Get Mem Block Full Cnt
[18:16:23] #memFullCnt = 1
[18:16:23] Downloading trigger memory of core0....
[18:16:23] @Is LA Armed
[18:16:23] @Set LA Start/Stop readback
[18:16:23] @Set LA Start/Stop 
[18:16:23] @Set LA Start/Stop readback
[18:16:23] @Set LA Start/Stop 
[18:16:23] @Get Trig Detected Cnt
[18:16:23] #numDetectedTriggers = 1
[18:16:23] @Get Mem Block Full Cnt
[18:16:23] #memFullCnt = 1
[18:16:23] @Get Last Addr Written
[18:16:23] #lastAddrWritten = 176
[18:16:23] @Get Multiple Trig Enbl
[18:16:23] #traceWidth=21, userSelectedTriggers=1, numTrigEnable=1
[18:16:23] @Get BurstRead CRC
[18:16:23] @Set Trace Mem Cnter Init
[18:16:23] Uploading in burst mode....
[18:16:23] @ShiftDR,5376,1,data (burst read)
[18:16:23] @GetTDO,data,5376
[18:16:23] @Get BurstRead CRC
[18:16:23] @Get BurstRead CRC
[18:16:23] @Get Pre-Trig Sample Num
[18:16:23] @Get Post-Trig Sample Num
[18:16:23] @Get Pre-Trig Samples Captured
[18:16:23] @Get Trig Ptr
[18:16:23] #trigPtr = 198
[18:16:23] #dataSize=3, numRead=256, trace_out=256
[18:16:23] #trig0={blockPosition:0,triggerPosition:16}
[18:16:23] finished download trigger memory of core0
[18:16:23] @UnlockCable
[18:16:23] @ReleaseCablePort
[18:16:23] @Disconnect
[18:16:23] All messages logged in file C:/work/S127M/PCBNo_10089/SP0565_rev00_00/SP0565/reveal_debug.log
[18:19:52] runProject on device [1. LFE5U-25F] using C:/work/S127M/PCBNo_10089/SP0565_rev00_00/Reveal/Linear.rva [linear.rvl]
[18:19:52] Connecting cableserver to run Reveal debugger....
[18:19:59] @Connect
[18:19:59] @SetSharableApplications,2,Reveal,Mico
[18:20:03] @SetCablePort,USB2,FTUSB-1,8,0,0,1,1,0,0,0,1
[18:20:03] @LockCable
[18:20:03] @GetServerStatus
[18:20:03] @Read
[18:20:03] @SetTargetDevice,0
[18:20:03] Connecting core0....
[18:20:03] @ShiftIR,8,0,ER1
[18:20:03] @ShiftDR,21,0,data (select core0)
[18:20:03] @ShiftIR,8,0,ER2
[18:20:03] Configuring core0....
[18:20:03] @JumpState,RUN_TEST_IDLE
[18:20:03] @JumpState,RUN_TEST_IDLE
[18:20:03] @JumpState,RUN_TEST_IDLE
[18:20:03] @ShiftIR,8,0,NOP
[18:20:03] @JumpState,RUN_TEST_IDLE
[18:20:03] @ShiftIR,8,0,ER2
[18:20:03] @Set Odd Parity readback
[18:20:03] @Set Odd Parity
[18:20:03] @Set LA Start/Stop readback
[18:20:03] @Set LA Start/Stop 
[18:20:03] #Reveal IP Version = 1_6_042617
[18:20:03] @Get Pattern
[18:20:03] #pattern readout = a5a5
[18:20:03] pattern readout passed!
[18:20:03] @Get Tracy Signature
[18:20:03] @Get Tracy Signature
[18:20:03] #signature from core0 = 689119542
[18:20:03] signature from core0 passed!
[18:20:03] @Set Opcode Value
[18:20:03] @Set Comp Value
[18:20:03] @Set Mask Value
[18:20:03] @Set Then Num
[18:20:03] @Set NEXT THEN
[18:20:03] @Set Cnt Cntg
[18:20:03] @Set Event Count
[18:20:03] @Get BurstWrite CRC
[18:20:03] @Set Truth Tbl Addr Cnter Init
[18:20:03] @Set Truth Table Prog
[18:20:03] Configuring in burst mode....
[18:20:03] @Get BurstWrite CRC
[18:20:03] @Enable TE Trig
[18:20:03] @Enable Trig Output OR All readback
[18:20:03] @Enable Trig Output OR All
[18:20:03] @Set Pre-Trig Sample
[18:20:03] @Set Post-Trig Sample
[18:20:03] finished configuration of core0
[18:20:03] Starting all active cores....
[18:20:03] @ShiftIR,8,0,ER1
[18:20:03] @ShiftDR,21,0,data (select active cores)
[18:20:03] @ShiftIR,8,0,ER2
[18:20:03] @Set LA Start cores
[18:20:03] @UnlockCable
[18:20:03] Running all active cores....
[18:20:03] @LockCable
[18:20:03] Polling trigger memory of core0....
[18:20:03] @ShiftIR,8,0,ER1
[18:20:03] @ShiftDR,21,0,data (select core0)
[18:20:03] @ShiftIR,8,0,ER2
[18:20:03] @Get Force Trigger bit
[18:20:03] #TM_CTL_0=3
[18:20:03] @Get Trig Detected Cnt
[18:20:03] #numDetectedTriggers = 0
[18:20:03] @Get Mem Block Full Cnt
[18:20:03] #memFullCnt = 0
[18:20:03] detected 0 triggers of core0
[18:20:03] captured 0 memory blocks of core0
[18:20:03] @UnlockCable
[18:20:04] Running all active cores....
[18:20:04] @LockCable
[18:20:04] Polling trigger memory of core0....
[18:20:04] @ShiftIR,8,0,ER1
[18:20:04] @ShiftDR,21,0,data (select core0)
[18:20:04] @ShiftIR,8,0,ER2
[18:20:04] @Get Force Trigger bit
[18:20:04] #TM_CTL_0=3
[18:20:04] @Get Trig Detected Cnt
[18:20:04] #numDetectedTriggers = 0
[18:20:04] @Get Mem Block Full Cnt
[18:20:04] #memFullCnt = 0
[18:20:04] detected 0 triggers of core0
[18:20:04] captured 0 memory blocks of core0
[18:20:04] @UnlockCable
[18:20:05] Running all active cores....
[18:20:05] @LockCable
[18:20:05] Polling trigger memory of core0....
[18:20:05] @ShiftIR,8,0,ER1
[18:20:05] @ShiftDR,21,0,data (select core0)
[18:20:05] @ShiftIR,8,0,ER2
[18:20:05] @Get Force Trigger bit
[18:20:05] #TM_CTL_0=3
[18:20:05] @Get Trig Detected Cnt
[18:20:05] #numDetectedTriggers = 0
[18:20:05] @Get Mem Block Full Cnt
[18:20:05] #memFullCnt = 0
[18:20:05] detected 0 triggers of core0
[18:20:05] captured 0 memory blocks of core0
[18:20:05] @UnlockCable
[18:20:06] Running all active cores....
[18:20:06] @LockCable
[18:20:06] Polling trigger memory of core0....
[18:20:06] @ShiftIR,8,0,ER1
[18:20:06] @ShiftDR,21,0,data (select core0)
[18:20:06] @ShiftIR,8,0,ER2
[18:20:06] @Get Force Trigger bit
[18:20:06] #TM_CTL_0=3
[18:20:06] @Get Trig Detected Cnt
[18:20:06] #numDetectedTriggers = 0
[18:20:06] @Get Mem Block Full Cnt
[18:20:06] #memFullCnt = 0
[18:20:06] detected 0 triggers of core0
[18:20:06] captured 0 memory blocks of core0
[18:20:06] @UnlockCable
[18:20:07] Running all active cores....
[18:20:07] @LockCable
[18:20:07] Polling trigger memory of core0....
[18:20:07] @ShiftIR,8,0,ER1
[18:20:07] @ShiftDR,21,0,data (select core0)
[18:20:07] @ShiftIR,8,0,ER2
[18:20:07] @Get Force Trigger bit
[18:20:07] #TM_CTL_0=3
[18:20:07] @Get Trig Detected Cnt
[18:20:07] #numDetectedTriggers = 0
[18:20:07] @Get Mem Block Full Cnt
[18:20:07] #memFullCnt = 0
[18:20:07] detected 0 triggers of core0
[18:20:07] captured 0 memory blocks of core0
[18:20:07] @UnlockCable
[18:20:08] Running all active cores....
[18:20:08] @LockCable
[18:20:08] Polling trigger memory of core0....
[18:20:08] @ShiftIR,8,0,ER1
[18:20:08] @ShiftDR,21,0,data (select core0)
[18:20:08] @ShiftIR,8,0,ER2
[18:20:08] @Get Force Trigger bit
[18:20:08] #TM_CTL_0=3
[18:20:08] @Get Trig Detected Cnt
[18:20:08] #numDetectedTriggers = 0
[18:20:08] @Get Mem Block Full Cnt
[18:20:08] #memFullCnt = 0
[18:20:08] detected 0 triggers of core0
[18:20:08] captured 0 memory blocks of core0
[18:20:08] @UnlockCable
[18:20:09] Running all active cores....
[18:20:09] @LockCable
[18:20:09] Polling trigger memory of core0....
[18:20:09] @ShiftIR,8,0,ER1
[18:20:09] @ShiftDR,21,0,data (select core0)
[18:20:09] @ShiftIR,8,0,ER2
[18:20:09] @Get Force Trigger bit
[18:20:09] #TM_CTL_0=3
[18:20:09] @Get Trig Detected Cnt
[18:20:09] #numDetectedTriggers = 0
[18:20:09] @Get Mem Block Full Cnt
[18:20:09] #memFullCnt = 0
[18:20:09] detected 0 triggers of core0
[18:20:09] captured 0 memory blocks of core0
[18:20:09] @UnlockCable
[18:20:10] Running all active cores....
[18:20:10] @LockCable
[18:20:10] Polling trigger memory of core0....
[18:20:10] @ShiftIR,8,0,ER1
[18:20:10] @ShiftDR,21,0,data (select core0)
[18:20:10] @ShiftIR,8,0,ER2
[18:20:10] @Get Force Trigger bit
[18:20:10] #TM_CTL_0=3
[18:20:10] @Get Trig Detected Cnt
[18:20:10] #numDetectedTriggers = 0
[18:20:10] @Get Mem Block Full Cnt
[18:20:10] #memFullCnt = 0
[18:20:10] detected 0 triggers of core0
[18:20:10] captured 0 memory blocks of core0
[18:20:10] @UnlockCable
[18:20:11] Running all active cores....
[18:20:11] @LockCable
[18:20:11] Polling trigger memory of core0....
[18:20:11] @ShiftIR,8,0,ER1
[18:20:11] @ShiftDR,21,0,data (select core0)
[18:20:11] @ShiftIR,8,0,ER2
[18:20:11] @Get Force Trigger bit
[18:20:11] #TM_CTL_0=3
[18:20:11] @Get Trig Detected Cnt
[18:20:11] #numDetectedTriggers = 0
[18:20:11] @Get Mem Block Full Cnt
[18:20:11] #memFullCnt = 0
[18:20:11] detected 0 triggers of core0
[18:20:11] captured 0 memory blocks of core0
[18:20:11] @UnlockCable
[18:20:12] Running all active cores....
[18:20:12] @LockCable
[18:20:12] Polling trigger memory of core0....
[18:20:12] @ShiftIR,8,0,ER1
[18:20:12] @ShiftDR,21,0,data (select core0)
[18:20:12] @ShiftIR,8,0,ER2
[18:20:12] @Get Force Trigger bit
[18:20:12] #TM_CTL_0=3
[18:20:12] @Get Trig Detected Cnt
[18:20:12] #numDetectedTriggers = 0
[18:20:12] @Get Mem Block Full Cnt
[18:20:12] #memFullCnt = 0
[18:20:12] detected 0 triggers of core0
[18:20:12] captured 0 memory blocks of core0
[18:20:12] @UnlockCable
[18:20:13] Running all active cores....
[18:20:13] @LockCable
[18:20:13] Polling trigger memory of core0....
[18:20:13] @ShiftIR,8,0,ER1
[18:20:13] @ShiftDR,21,0,data (select core0)
[18:20:13] @ShiftIR,8,0,ER2
[18:20:13] @Get Force Trigger bit
[18:20:13] #TM_CTL_0=3
[18:20:13] @Get Trig Detected Cnt
[18:20:13] #numDetectedTriggers = 0
[18:20:13] @Get Mem Block Full Cnt
[18:20:13] #memFullCnt = 0
[18:20:13] detected 0 triggers of core0
[18:20:13] captured 0 memory blocks of core0
[18:20:13] @UnlockCable
[18:20:14] Running all active cores....
[18:20:14] @LockCable
[18:20:14] Polling trigger memory of core0....
[18:20:14] @ShiftIR,8,0,ER1
[18:20:14] @ShiftDR,21,0,data (select core0)
[18:20:14] @ShiftIR,8,0,ER2
[18:20:14] @Get Force Trigger bit
[18:20:14] #TM_CTL_0=3
[18:20:14] @Get Trig Detected Cnt
[18:20:14] #numDetectedTriggers = 0
[18:20:14] @Get Mem Block Full Cnt
[18:20:14] #memFullCnt = 0
[18:20:14] detected 0 triggers of core0
[18:20:14] captured 0 memory blocks of core0
[18:20:14] @UnlockCable
[18:20:15] Running all active cores....
[18:20:15] @LockCable
[18:20:15] Polling trigger memory of core0....
[18:20:15] @ShiftIR,8,0,ER1
[18:20:15] @ShiftDR,21,0,data (select core0)
[18:20:15] @ShiftIR,8,0,ER2
[18:20:15] @Get Force Trigger bit
[18:20:15] #TM_CTL_0=3
[18:20:15] @Get Trig Detected Cnt
[18:20:15] #numDetectedTriggers = 0
[18:20:15] @Get Mem Block Full Cnt
[18:20:15] #memFullCnt = 0
[18:20:15] detected 0 triggers of core0
[18:20:15] captured 0 memory blocks of core0
[18:20:15] @UnlockCable
[18:20:16] Running all active cores....
[18:20:16] @LockCable
[18:20:16] Polling trigger memory of core0....
[18:20:16] @ShiftIR,8,0,ER1
[18:20:16] @ShiftDR,21,0,data (select core0)
[18:20:16] @ShiftIR,8,0,ER2
[18:20:16] @Get Force Trigger bit
[18:20:16] #TM_CTL_0=3
[18:20:16] @Get Trig Detected Cnt
[18:20:16] #numDetectedTriggers = 0
[18:20:16] @Get Mem Block Full Cnt
[18:20:16] #memFullCnt = 0
[18:20:16] detected 0 triggers of core0
[18:20:16] captured 0 memory blocks of core0
[18:20:16] @UnlockCable
[18:20:17] Running all active cores....
[18:20:17] @LockCable
[18:20:17] Polling trigger memory of core0....
[18:20:17] @ShiftIR,8,0,ER1
[18:20:17] @ShiftDR,21,0,data (select core0)
[18:20:17] @ShiftIR,8,0,ER2
[18:20:17] @Get Force Trigger bit
[18:20:17] #TM_CTL_0=3
[18:20:17] @Get Trig Detected Cnt
[18:20:17] #numDetectedTriggers = 0
[18:20:17] @Get Mem Block Full Cnt
[18:20:17] #memFullCnt = 0
[18:20:17] detected 0 triggers of core0
[18:20:17] captured 0 memory blocks of core0
[18:20:17] @UnlockCable
[18:20:18] Running all active cores....
[18:20:18] @LockCable
[18:20:18] Polling trigger memory of core0....
[18:20:18] @ShiftIR,8,0,ER1
[18:20:18] @ShiftDR,21,0,data (select core0)
[18:20:18] @ShiftIR,8,0,ER2
[18:20:18] @Get Force Trigger bit
[18:20:18] #TM_CTL_0=3
[18:20:18] @Get Trig Detected Cnt
[18:20:18] #numDetectedTriggers = 0
[18:20:18] @Get Mem Block Full Cnt
[18:20:18] #memFullCnt = 0
[18:20:18] detected 0 triggers of core0
[18:20:18] captured 0 memory blocks of core0
[18:20:18] @UnlockCable
[18:20:19] Running all active cores....
[18:20:19] @LockCable
[18:20:19] Polling trigger memory of core0....
[18:20:19] @ShiftIR,8,0,ER1
[18:20:19] @ShiftDR,21,0,data (select core0)
[18:20:19] @ShiftIR,8,0,ER2
[18:20:19] @Get Force Trigger bit
[18:20:19] #TM_CTL_0=3
[18:20:19] @Get Trig Detected Cnt
[18:20:19] #numDetectedTriggers = 0
[18:20:19] @Get Mem Block Full Cnt
[18:20:19] #memFullCnt = 0
[18:20:19] detected 0 triggers of core0
[18:20:19] captured 0 memory blocks of core0
[18:20:19] @UnlockCable
[18:20:20] Running all active cores....
[18:20:20] @LockCable
[18:20:20] Polling trigger memory of core0....
[18:20:20] @ShiftIR,8,0,ER1
[18:20:20] @ShiftDR,21,0,data (select core0)
[18:20:20] @ShiftIR,8,0,ER2
[18:20:20] @Get Force Trigger bit
[18:20:20] #TM_CTL_0=3
[18:20:20] @Get Trig Detected Cnt
[18:20:20] #numDetectedTriggers = 0
[18:20:20] @Get Mem Block Full Cnt
[18:20:20] #memFullCnt = 0
[18:20:20] detected 0 triggers of core0
[18:20:20] captured 0 memory blocks of core0
[18:20:20] @UnlockCable
[18:20:21] Running all active cores....
[18:20:21] @LockCable
[18:20:21] Polling trigger memory of core0....
[18:20:21] @ShiftIR,8,0,ER1
[18:20:21] @ShiftDR,21,0,data (select core0)
[18:20:21] @ShiftIR,8,0,ER2
[18:20:21] @Get Force Trigger bit
[18:20:21] #TM_CTL_0=3
[18:20:21] @Get Trig Detected Cnt
[18:20:21] #numDetectedTriggers = 0
[18:20:21] @Get Mem Block Full Cnt
[18:20:21] #memFullCnt = 0
[18:20:21] detected 0 triggers of core0
[18:20:21] captured 0 memory blocks of core0
[18:20:21] @UnlockCable
[18:20:22] Running all active cores....
[18:20:22] @LockCable
[18:20:22] Polling trigger memory of core0....
[18:20:22] @ShiftIR,8,0,ER1
[18:20:22] @ShiftDR,21,0,data (select core0)
[18:20:22] @ShiftIR,8,0,ER2
[18:20:22] @Get Force Trigger bit
[18:20:22] #TM_CTL_0=3
[18:20:22] @Get Trig Detected Cnt
[18:20:22] #numDetectedTriggers = 0
[18:20:22] @Get Mem Block Full Cnt
[18:20:22] #memFullCnt = 0
[18:20:22] detected 0 triggers of core0
[18:20:22] captured 0 memory blocks of core0
[18:20:22] @UnlockCable
[18:20:23] Running all active cores....
[18:20:23] @LockCable
[18:20:23] Polling trigger memory of core0....
[18:20:23] @ShiftIR,8,0,ER1
[18:20:23] @ShiftDR,21,0,data (select core0)
[18:20:23] @ShiftIR,8,0,ER2
[18:20:23] @Get Force Trigger bit
[18:20:23] #TM_CTL_0=3
[18:20:23] @Get Trig Detected Cnt
[18:20:23] #numDetectedTriggers = 0
[18:20:23] @Get Mem Block Full Cnt
[18:20:23] #memFullCnt = 0
[18:20:23] detected 0 triggers of core0
[18:20:23] captured 0 memory blocks of core0
[18:20:23] @UnlockCable
[18:20:24] Running all active cores....
[18:20:24] @LockCable
[18:20:24] Polling trigger memory of core0....
[18:20:24] @ShiftIR,8,0,ER1
[18:20:24] @ShiftDR,21,0,data (select core0)
[18:20:24] @ShiftIR,8,0,ER2
[18:20:24] @Get Force Trigger bit
[18:20:24] #TM_CTL_0=3
[18:20:24] @Get Trig Detected Cnt
[18:20:24] #numDetectedTriggers = 0
[18:20:24] @Get Mem Block Full Cnt
[18:20:24] #memFullCnt = 0
[18:20:24] detected 0 triggers of core0
[18:20:24] captured 0 memory blocks of core0
[18:20:24] @UnlockCable
[18:20:25] Running all active cores....
[18:20:25] @LockCable
[18:20:25] Polling trigger memory of core0....
[18:20:25] @ShiftIR,8,0,ER1
[18:20:25] @ShiftDR,21,0,data (select core0)
[18:20:25] @ShiftIR,8,0,ER2
[18:20:25] @Get Force Trigger bit
[18:20:25] #TM_CTL_0=3
[18:20:25] @Get Trig Detected Cnt
[18:20:25] #numDetectedTriggers = 0
[18:20:25] @Get Mem Block Full Cnt
[18:20:25] #memFullCnt = 0
[18:20:25] detected 0 triggers of core0
[18:20:25] captured 0 memory blocks of core0
[18:20:25] @UnlockCable
[18:20:26] Running all active cores....
[18:20:26] @LockCable
[18:20:26] Polling trigger memory of core0....
[18:20:26] @ShiftIR,8,0,ER1
[18:20:26] @ShiftDR,21,0,data (select core0)
[18:20:26] @ShiftIR,8,0,ER2
[18:20:26] @Get Force Trigger bit
[18:20:26] #TM_CTL_0=3
[18:20:26] @Get Trig Detected Cnt
[18:20:26] #numDetectedTriggers = 0
[18:20:26] @Get Mem Block Full Cnt
[18:20:26] #memFullCnt = 0
[18:20:26] detected 0 triggers of core0
[18:20:26] captured 0 memory blocks of core0
[18:20:26] @UnlockCable
[18:20:27] Running all active cores....
[18:20:27] @LockCable
[18:20:27] Polling trigger memory of core0....
[18:20:27] @ShiftIR,8,0,ER1
[18:20:27] @ShiftDR,21,0,data (select core0)
[18:20:27] @ShiftIR,8,0,ER2
[18:20:27] @Get Force Trigger bit
[18:20:27] #TM_CTL_0=3
[18:20:27] @Get Trig Detected Cnt
[18:20:27] #numDetectedTriggers = 0
[18:20:27] @Get Mem Block Full Cnt
[18:20:27] #memFullCnt = 0
[18:20:27] detected 0 triggers of core0
[18:20:27] captured 0 memory blocks of core0
[18:20:27] @UnlockCable
[18:20:28] Running all active cores....
[18:20:28] @LockCable
[18:20:28] Polling trigger memory of core0....
[18:20:28] @ShiftIR,8,0,ER1
[18:20:28] @ShiftDR,21,0,data (select core0)
[18:20:28] @ShiftIR,8,0,ER2
[18:20:28] @Get Force Trigger bit
[18:20:28] #TM_CTL_0=3
[18:20:28] @Get Trig Detected Cnt
[18:20:28] #numDetectedTriggers = 0
[18:20:28] @Get Mem Block Full Cnt
[18:20:28] #memFullCnt = 0
[18:20:28] detected 0 triggers of core0
[18:20:28] captured 0 memory blocks of core0
[18:20:28] @UnlockCable
[18:20:29] Running all active cores....
[18:20:29] @LockCable
[18:20:29] Polling trigger memory of core0....
[18:20:29] @ShiftIR,8,0,ER1
[18:20:29] @ShiftDR,21,0,data (select core0)
[18:20:29] @ShiftIR,8,0,ER2
[18:20:29] @Get Force Trigger bit
[18:20:29] #TM_CTL_0=3
[18:20:29] @Get Trig Detected Cnt
[18:20:29] #numDetectedTriggers = 0
[18:20:29] @Get Mem Block Full Cnt
[18:20:29] #memFullCnt = 0
[18:20:29] detected 0 triggers of core0
[18:20:29] captured 0 memory blocks of core0
[18:20:29] @UnlockCable
[18:20:30] Running all active cores....
[18:20:30] @LockCable
[18:20:30] Polling trigger memory of core0....
[18:20:30] @ShiftIR,8,0,ER1
[18:20:30] @ShiftDR,21,0,data (select core0)
[18:20:30] @ShiftIR,8,0,ER2
[18:20:30] @Get Force Trigger bit
[18:20:30] #TM_CTL_0=3
[18:20:30] @Get Trig Detected Cnt
[18:20:30] #numDetectedTriggers = 0
[18:20:30] @Get Mem Block Full Cnt
[18:20:30] #memFullCnt = 0
[18:20:30] detected 0 triggers of core0
[18:20:30] captured 0 memory blocks of core0
[18:20:30] @UnlockCable
[18:20:31] Running all active cores....
[18:20:31] @LockCable
[18:20:31] Polling trigger memory of core0....
[18:20:31] @ShiftIR,8,0,ER1
[18:20:31] @ShiftDR,21,0,data (select core0)
[18:20:31] @ShiftIR,8,0,ER2
[18:20:31] @Get Force Trigger bit
[18:20:31] #TM_CTL_0=3
[18:20:31] @Get Trig Detected Cnt
[18:20:31] #numDetectedTriggers = 0
[18:20:31] @Get Mem Block Full Cnt
[18:20:31] #memFullCnt = 0
[18:20:31] detected 0 triggers of core0
[18:20:31] captured 0 memory blocks of core0
[18:20:31] @UnlockCable
[18:20:32] Running all active cores....
[18:20:32] @LockCable
[18:20:32] Polling trigger memory of core0....
[18:20:32] @ShiftIR,8,0,ER1
[18:20:32] @ShiftDR,21,0,data (select core0)
[18:20:32] @ShiftIR,8,0,ER2
[18:20:32] @Get Force Trigger bit
[18:20:32] #TM_CTL_0=3
[18:20:32] @Get Trig Detected Cnt
[18:20:32] #numDetectedTriggers = 0
[18:20:32] @Get Mem Block Full Cnt
[18:20:32] #memFullCnt = 0
[18:20:32] detected 0 triggers of core0
[18:20:32] captured 0 memory blocks of core0
[18:20:32] @UnlockCable
[18:20:33] Running all active cores....
[18:20:33] @LockCable
[18:20:33] Polling trigger memory of core0....
[18:20:33] @ShiftIR,8,0,ER1
[18:20:33] @ShiftDR,21,0,data (select core0)
[18:20:33] @ShiftIR,8,0,ER2
[18:20:33] @Get Force Trigger bit
[18:20:33] #TM_CTL_0=3
[18:20:33] @Get Trig Detected Cnt
[18:20:33] #numDetectedTriggers = 0
[18:20:33] @Get Mem Block Full Cnt
[18:20:33] #memFullCnt = 0
[18:20:33] detected 0 triggers of core0
[18:20:33] captured 0 memory blocks of core0
[18:20:33] @UnlockCable
[18:20:34] Running all active cores....
[18:20:34] @LockCable
[18:20:34] Polling trigger memory of core0....
[18:20:34] @ShiftIR,8,0,ER1
[18:20:34] @ShiftDR,21,0,data (select core0)
[18:20:34] @ShiftIR,8,0,ER2
[18:20:34] @Get Force Trigger bit
[18:20:34] #TM_CTL_0=3
[18:20:34] @Get Trig Detected Cnt
[18:20:34] #numDetectedTriggers = 0
[18:20:34] @Get Mem Block Full Cnt
[18:20:34] #memFullCnt = 0
[18:20:34] detected 0 triggers of core0
[18:20:34] captured 0 memory blocks of core0
[18:20:34] @UnlockCable
[18:20:36] Running all active cores....
[18:20:36] @LockCable
[18:20:36] Polling trigger memory of core0....
[18:20:36] @ShiftIR,8,0,ER1
[18:20:36] @ShiftDR,21,0,data (select core0)
[18:20:36] @ShiftIR,8,0,ER2
[18:20:36] @Get Force Trigger bit
[18:20:36] #TM_CTL_0=3
[18:20:36] @Get Trig Detected Cnt
[18:20:36] #numDetectedTriggers = 0
[18:20:36] @Get Mem Block Full Cnt
[18:20:36] #memFullCnt = 0
[18:20:36] detected 0 triggers of core0
[18:20:36] captured 0 memory blocks of core0
[18:20:36] @UnlockCable
[18:20:37] Running all active cores....
[18:20:37] @LockCable
[18:20:37] Polling trigger memory of core0....
[18:20:37] @ShiftIR,8,0,ER1
[18:20:37] @ShiftDR,21,0,data (select core0)
[18:20:37] @ShiftIR,8,0,ER2
[18:20:37] @Get Force Trigger bit
[18:20:37] #TM_CTL_0=3
[18:20:37] @Get Trig Detected Cnt
[18:20:37] #numDetectedTriggers = 0
[18:20:37] @Get Mem Block Full Cnt
[18:20:37] #memFullCnt = 0
[18:20:37] detected 0 triggers of core0
[18:20:37] captured 0 memory blocks of core0
[18:20:37] @UnlockCable
[18:20:38] Running all active cores....
[18:20:38] @LockCable
[18:20:38] Polling trigger memory of core0....
[18:20:38] @ShiftIR,8,0,ER1
[18:20:38] @ShiftDR,21,0,data (select core0)
[18:20:38] @ShiftIR,8,0,ER2
[18:20:38] @Get Force Trigger bit
[18:20:38] #TM_CTL_0=3
[18:20:38] @Get Trig Detected Cnt
[18:20:38] #numDetectedTriggers = 0
[18:20:38] @Get Mem Block Full Cnt
[18:20:38] #memFullCnt = 0
[18:20:38] detected 0 triggers of core0
[18:20:38] captured 0 memory blocks of core0
[18:20:38] @UnlockCable
[18:20:39] Running all active cores....
[18:20:39] @LockCable
[18:20:39] Polling trigger memory of core0....
[18:20:39] @ShiftIR,8,0,ER1
[18:20:39] @ShiftDR,21,0,data (select core0)
[18:20:39] @ShiftIR,8,0,ER2
[18:20:39] @Get Force Trigger bit
[18:20:39] #TM_CTL_0=3
[18:20:39] @Get Trig Detected Cnt
[18:20:39] #numDetectedTriggers = 0
[18:20:39] @Get Mem Block Full Cnt
[18:20:39] #memFullCnt = 0
[18:20:39] detected 0 triggers of core0
[18:20:39] captured 0 memory blocks of core0
[18:20:39] @UnlockCable
[18:20:40] Running all active cores....
[18:20:40] @LockCable
[18:20:40] Polling trigger memory of core0....
[18:20:40] @ShiftIR,8,0,ER1
[18:20:40] @ShiftDR,21,0,data (select core0)
[18:20:40] @ShiftIR,8,0,ER2
[18:20:40] @Get Force Trigger bit
[18:20:40] #TM_CTL_0=3
[18:20:40] @Get Trig Detected Cnt
[18:20:40] #numDetectedTriggers = 0
[18:20:40] @Get Mem Block Full Cnt
[18:20:40] #memFullCnt = 0
[18:20:40] detected 0 triggers of core0
[18:20:40] captured 0 memory blocks of core0
[18:20:40] @UnlockCable
[18:20:41] Running all active cores....
[18:20:41] @LockCable
[18:20:41] Polling trigger memory of core0....
[18:20:41] @ShiftIR,8,0,ER1
[18:20:41] @ShiftDR,21,0,data (select core0)
[18:20:41] @ShiftIR,8,0,ER2
[18:20:41] @Get Force Trigger bit
[18:20:41] #TM_CTL_0=3
[18:20:41] @Get Trig Detected Cnt
[18:20:41] #numDetectedTriggers = 0
[18:20:41] @Get Mem Block Full Cnt
[18:20:41] #memFullCnt = 0
[18:20:41] detected 0 triggers of core0
[18:20:41] captured 0 memory blocks of core0
[18:20:41] @UnlockCable
[18:20:42] Running all active cores....
[18:20:42] @LockCable
[18:20:42] Polling trigger memory of core0....
[18:20:42] @ShiftIR,8,0,ER1
[18:20:42] @ShiftDR,21,0,data (select core0)
[18:20:42] @ShiftIR,8,0,ER2
[18:20:42] @Get Force Trigger bit
[18:20:42] #TM_CTL_0=3
[18:20:42] @Get Trig Detected Cnt
[18:20:42] #numDetectedTriggers = 0
[18:20:42] @Get Mem Block Full Cnt
[18:20:42] #memFullCnt = 0
[18:20:42] detected 0 triggers of core0
[18:20:42] captured 0 memory blocks of core0
[18:20:42] @UnlockCable
[18:20:43] Running all active cores....
[18:20:43] @LockCable
[18:20:43] Polling trigger memory of core0....
[18:20:43] @ShiftIR,8,0,ER1
[18:20:43] @ShiftDR,21,0,data (select core0)
[18:20:43] @ShiftIR,8,0,ER2
[18:20:43] @Get Force Trigger bit
[18:20:43] #TM_CTL_0=3
[18:20:43] @Get Trig Detected Cnt
[18:20:43] #numDetectedTriggers = 0
[18:20:43] @Get Mem Block Full Cnt
[18:20:43] #memFullCnt = 0
[18:20:43] detected 0 triggers of core0
[18:20:43] captured 0 memory blocks of core0
[18:20:43] @UnlockCable
[18:20:44] Running all active cores....
[18:20:44] @LockCable
[18:20:44] Polling trigger memory of core0....
[18:20:44] @ShiftIR,8,0,ER1
[18:20:44] @ShiftDR,21,0,data (select core0)
[18:20:44] @ShiftIR,8,0,ER2
[18:20:44] @Get Force Trigger bit
[18:20:44] #TM_CTL_0=3
[18:20:44] @Get Trig Detected Cnt
[18:20:44] #numDetectedTriggers = 0
[18:20:44] @Get Mem Block Full Cnt
[18:20:44] #memFullCnt = 0
[18:20:44] detected 0 triggers of core0
[18:20:44] captured 0 memory blocks of core0
[18:20:44] @UnlockCable
[18:20:45] Running all active cores....
[18:20:45] @LockCable
[18:20:45] Polling trigger memory of core0....
[18:20:45] @ShiftIR,8,0,ER1
[18:20:45] @ShiftDR,21,0,data (select core0)
[18:20:45] @ShiftIR,8,0,ER2
[18:20:45] @Get Force Trigger bit
[18:20:45] #TM_CTL_0=3
[18:20:45] @Get Trig Detected Cnt
[18:20:45] #numDetectedTriggers = 0
[18:20:45] @Get Mem Block Full Cnt
[18:20:45] #memFullCnt = 0
[18:20:45] detected 0 triggers of core0
[18:20:45] captured 0 memory blocks of core0
[18:20:45] @UnlockCable
[18:20:46] Running all active cores....
[18:20:46] @LockCable
[18:20:46] Polling trigger memory of core0....
[18:20:46] @ShiftIR,8,0,ER1
[18:20:46] @ShiftDR,21,0,data (select core0)
[18:20:46] @ShiftIR,8,0,ER2
[18:20:46] @Get Force Trigger bit
[18:20:46] #TM_CTL_0=3
[18:20:46] @Get Trig Detected Cnt
[18:20:46] #numDetectedTriggers = 0
[18:20:46] @Get Mem Block Full Cnt
[18:20:46] #memFullCnt = 0
[18:20:46] detected 0 triggers of core0
[18:20:46] captured 0 memory blocks of core0
[18:20:46] @UnlockCable
[18:20:47] Running all active cores....
[18:20:47] @LockCable
[18:20:47] Polling trigger memory of core0....
[18:20:47] @ShiftIR,8,0,ER1
[18:20:47] @ShiftDR,21,0,data (select core0)
[18:20:47] @ShiftIR,8,0,ER2
[18:20:47] @Get Force Trigger bit
[18:20:47] #TM_CTL_0=3
[18:20:47] @Get Trig Detected Cnt
[18:20:47] #numDetectedTriggers = 0
[18:20:47] @Get Mem Block Full Cnt
[18:20:47] #memFullCnt = 0
[18:20:47] detected 0 triggers of core0
[18:20:47] captured 0 memory blocks of core0
[18:20:47] @UnlockCable
[18:20:48] Running all active cores....
[18:20:48] @LockCable
[18:20:48] Polling trigger memory of core0....
[18:20:48] @ShiftIR,8,0,ER1
[18:20:48] @ShiftDR,21,0,data (select core0)
[18:20:48] @ShiftIR,8,0,ER2
[18:20:48] @Get Force Trigger bit
[18:20:48] #TM_CTL_0=3
[18:20:48] @Get Trig Detected Cnt
[18:20:48] #numDetectedTriggers = 0
[18:20:48] @Get Mem Block Full Cnt
[18:20:48] #memFullCnt = 0
[18:20:48] detected 0 triggers of core0
[18:20:48] captured 0 memory blocks of core0
[18:20:48] @UnlockCable
[18:20:49] Running all active cores....
[18:20:49] @LockCable
[18:20:49] Polling trigger memory of core0....
[18:20:49] @ShiftIR,8,0,ER1
[18:20:49] @ShiftDR,21,0,data (select core0)
[18:20:49] @ShiftIR,8,0,ER2
[18:20:49] @Get Force Trigger bit
[18:20:49] #TM_CTL_0=3
[18:20:49] @Get Trig Detected Cnt
[18:20:49] #numDetectedTriggers = 0
[18:20:49] @Get Mem Block Full Cnt
[18:20:49] #memFullCnt = 0
[18:20:49] detected 0 triggers of core0
[18:20:49] captured 0 memory blocks of core0
[18:20:49] @UnlockCable
[18:20:50] Running all active cores....
[18:20:50] @LockCable
[18:20:50] Polling trigger memory of core0....
[18:20:50] @ShiftIR,8,0,ER1
[18:20:50] @ShiftDR,21,0,data (select core0)
[18:20:50] @ShiftIR,8,0,ER2
[18:20:50] @Get Force Trigger bit
[18:20:50] #TM_CTL_0=3
[18:20:50] @Get Trig Detected Cnt
[18:20:50] #numDetectedTriggers = 0
[18:20:50] @Get Mem Block Full Cnt
[18:20:50] #memFullCnt = 0
[18:20:50] detected 0 triggers of core0
[18:20:50] captured 0 memory blocks of core0
[18:20:50] @UnlockCable
[18:20:51] Running all active cores....
[18:20:51] @LockCable
[18:20:51] Polling trigger memory of core0....
[18:20:51] @ShiftIR,8,0,ER1
[18:20:51] @ShiftDR,21,0,data (select core0)
[18:20:51] @ShiftIR,8,0,ER2
[18:20:51] @Get Force Trigger bit
[18:20:51] #TM_CTL_0=3
[18:20:51] @Get Trig Detected Cnt
[18:20:51] #numDetectedTriggers = 0
[18:20:51] @Get Mem Block Full Cnt
[18:20:51] #memFullCnt = 0
[18:20:51] detected 0 triggers of core0
[18:20:51] captured 0 memory blocks of core0
[18:20:51] @UnlockCable
[18:20:52] Running all active cores....
[18:20:52] @LockCable
[18:20:52] Polling trigger memory of core0....
[18:20:52] @ShiftIR,8,0,ER1
[18:20:52] @ShiftDR,21,0,data (select core0)
[18:20:52] @ShiftIR,8,0,ER2
[18:20:52] @Get Force Trigger bit
[18:20:52] #TM_CTL_0=3
[18:20:52] @Get Trig Detected Cnt
[18:20:52] #numDetectedTriggers = 0
[18:20:52] @Get Mem Block Full Cnt
[18:20:52] #memFullCnt = 0
[18:20:52] detected 0 triggers of core0
[18:20:52] captured 0 memory blocks of core0
[18:20:52] @UnlockCable
[18:20:53] Running all active cores....
[18:20:53] @LockCable
[18:20:53] Polling trigger memory of core0....
[18:20:53] @ShiftIR,8,0,ER1
[18:20:53] @ShiftDR,21,0,data (select core0)
[18:20:53] @ShiftIR,8,0,ER2
[18:20:53] @Get Force Trigger bit
[18:20:53] #TM_CTL_0=3
[18:20:53] @Get Trig Detected Cnt
[18:20:53] #numDetectedTriggers = 0
[18:20:53] @Get Mem Block Full Cnt
[18:20:53] #memFullCnt = 0
[18:20:53] detected 0 triggers of core0
[18:20:53] captured 0 memory blocks of core0
[18:20:53] @UnlockCable
[18:20:54] Running all active cores....
[18:20:54] @LockCable
[18:20:54] Polling trigger memory of core0....
[18:20:54] @ShiftIR,8,0,ER1
[18:20:54] @ShiftDR,21,0,data (select core0)
[18:20:54] @ShiftIR,8,0,ER2
[18:20:54] @Get Force Trigger bit
[18:20:54] #TM_CTL_0=3
[18:20:54] @Get Trig Detected Cnt
[18:20:54] #numDetectedTriggers = 0
[18:20:54] @Get Mem Block Full Cnt
[18:20:54] #memFullCnt = 0
[18:20:54] detected 0 triggers of core0
[18:20:54] captured 0 memory blocks of core0
[18:20:54] @UnlockCable
[18:20:55] Running all active cores....
[18:20:55] @LockCable
[18:20:55] Polling trigger memory of core0....
[18:20:55] @ShiftIR,8,0,ER1
[18:20:55] @ShiftDR,21,0,data (select core0)
[18:20:55] @ShiftIR,8,0,ER2
[18:20:55] @Get Force Trigger bit
[18:20:55] #TM_CTL_0=3
[18:20:55] @Get Trig Detected Cnt
[18:20:55] #numDetectedTriggers = 0
[18:20:55] @Get Mem Block Full Cnt
[18:20:55] #memFullCnt = 0
[18:20:55] detected 0 triggers of core0
[18:20:55] captured 0 memory blocks of core0
[18:20:55] @UnlockCable
[18:20:56] Running all active cores....
[18:20:56] @LockCable
[18:20:56] Polling trigger memory of core0....
[18:20:56] @ShiftIR,8,0,ER1
[18:20:56] @ShiftDR,21,0,data (select core0)
[18:20:56] @ShiftIR,8,0,ER2
[18:20:56] @Get Force Trigger bit
[18:20:56] #TM_CTL_0=3
[18:20:56] @Get Trig Detected Cnt
[18:20:56] #numDetectedTriggers = 0
[18:20:56] @Get Mem Block Full Cnt
[18:20:56] #memFullCnt = 0
[18:20:56] detected 0 triggers of core0
[18:20:56] captured 0 memory blocks of core0
[18:20:56] @UnlockCable
[18:20:57] Running all active cores....
[18:20:57] @LockCable
[18:20:57] Polling trigger memory of core0....
[18:20:57] @ShiftIR,8,0,ER1
[18:20:57] @ShiftDR,21,0,data (select core0)
[18:20:57] @ShiftIR,8,0,ER2
[18:20:57] @Get Force Trigger bit
[18:20:57] #TM_CTL_0=3
[18:20:57] @Get Trig Detected Cnt
[18:20:57] #numDetectedTriggers = 0
[18:20:57] @Get Mem Block Full Cnt
[18:20:57] #memFullCnt = 0
[18:20:57] detected 0 triggers of core0
[18:20:57] captured 0 memory blocks of core0
[18:20:57] @UnlockCable
[18:20:58] Running all active cores....
[18:20:58] @LockCable
[18:20:58] Polling trigger memory of core0....
[18:20:58] @ShiftIR,8,0,ER1
[18:20:58] @ShiftDR,21,0,data (select core0)
[18:20:58] @ShiftIR,8,0,ER2
[18:20:58] @Get Force Trigger bit
[18:20:58] #TM_CTL_0=3
[18:20:58] @Get Trig Detected Cnt
[18:20:58] #numDetectedTriggers = 0
[18:20:58] @Get Mem Block Full Cnt
[18:20:58] #memFullCnt = 0
[18:20:58] detected 0 triggers of core0
[18:20:58] captured 0 memory blocks of core0
[18:20:58] @UnlockCable
[18:20:59] Running all active cores....
[18:20:59] @LockCable
[18:20:59] Polling trigger memory of core0....
[18:20:59] @ShiftIR,8,0,ER1
[18:20:59] @ShiftDR,21,0,data (select core0)
[18:20:59] @ShiftIR,8,0,ER2
[18:20:59] @Get Force Trigger bit
[18:20:59] #TM_CTL_0=3
[18:20:59] @Get Trig Detected Cnt
[18:20:59] #numDetectedTriggers = 0
[18:20:59] @Get Mem Block Full Cnt
[18:20:59] #memFullCnt = 0
[18:20:59] detected 0 triggers of core0
[18:20:59] captured 0 memory blocks of core0
[18:20:59] @UnlockCable
[18:21:00] Running all active cores....
[18:21:00] @LockCable
[18:21:00] Polling trigger memory of core0....
[18:21:00] @ShiftIR,8,0,ER1
[18:21:00] @ShiftDR,21,0,data (select core0)
[18:21:00] @ShiftIR,8,0,ER2
[18:21:00] @Get Force Trigger bit
[18:21:00] #TM_CTL_0=3
[18:21:00] @Get Trig Detected Cnt
[18:21:00] #numDetectedTriggers = 0
[18:21:00] @Get Mem Block Full Cnt
[18:21:00] #memFullCnt = 0
[18:21:00] detected 0 triggers of core0
[18:21:00] captured 0 memory blocks of core0
[18:21:00] @UnlockCable
[18:21:01] Running all active cores....
[18:21:01] @LockCable
[18:21:01] Polling trigger memory of core0....
[18:21:01] @ShiftIR,8,0,ER1
[18:21:01] @ShiftDR,21,0,data (select core0)
[18:21:01] @ShiftIR,8,0,ER2
[18:21:01] @Get Force Trigger bit
[18:21:01] #TM_CTL_0=3
[18:21:01] @Get Trig Detected Cnt
[18:21:01] #numDetectedTriggers = 0
[18:21:01] @Get Mem Block Full Cnt
[18:21:01] #memFullCnt = 0
[18:21:01] detected 0 triggers of core0
[18:21:01] captured 0 memory blocks of core0
[18:21:01] @UnlockCable
[18:21:02] Running all active cores....
[18:21:02] @LockCable
[18:21:02] Polling trigger memory of core0....
[18:21:02] @ShiftIR,8,0,ER1
[18:21:02] @ShiftDR,21,0,data (select core0)
[18:21:02] @ShiftIR,8,0,ER2
[18:21:02] @Get Force Trigger bit
[18:21:02] #TM_CTL_0=3
[18:21:02] @Get Trig Detected Cnt
[18:21:02] #numDetectedTriggers = 0
[18:21:02] @Get Mem Block Full Cnt
[18:21:02] #memFullCnt = 0
[18:21:02] detected 0 triggers of core0
[18:21:02] captured 0 memory blocks of core0
[18:21:02] @UnlockCable
[18:21:03] Running all active cores....
[18:21:03] @LockCable
[18:21:03] Polling trigger memory of core0....
[18:21:03] @ShiftIR,8,0,ER1
[18:21:03] @ShiftDR,21,0,data (select core0)
[18:21:03] @ShiftIR,8,0,ER2
[18:21:03] @Get Force Trigger bit
[18:21:03] #TM_CTL_0=3
[18:21:03] @Get Trig Detected Cnt
[18:21:03] #numDetectedTriggers = 0
[18:21:03] @Get Mem Block Full Cnt
[18:21:03] #memFullCnt = 0
[18:21:03] detected 0 triggers of core0
[18:21:03] captured 0 memory blocks of core0
[18:21:03] @UnlockCable
[18:21:04] Running all active cores....
[18:21:04] @LockCable
[18:21:04] Polling trigger memory of core0....
[18:21:04] @ShiftIR,8,0,ER1
[18:21:04] @ShiftDR,21,0,data (select core0)
[18:21:04] @ShiftIR,8,0,ER2
[18:21:04] @Get Force Trigger bit
[18:21:04] #TM_CTL_0=3
[18:21:04] @Get Trig Detected Cnt
[18:21:04] #numDetectedTriggers = 0
[18:21:04] @Get Mem Block Full Cnt
[18:21:04] #memFullCnt = 0
[18:21:04] detected 0 triggers of core0
[18:21:04] captured 0 memory blocks of core0
[18:21:04] @UnlockCable
[18:21:05] Running all active cores....
[18:21:05] @LockCable
[18:21:05] Polling trigger memory of core0....
[18:21:05] @ShiftIR,8,0,ER1
[18:21:05] @ShiftDR,21,0,data (select core0)
[18:21:05] @ShiftIR,8,0,ER2
[18:21:05] @Get Force Trigger bit
[18:21:05] #TM_CTL_0=3
[18:21:05] @Get Trig Detected Cnt
[18:21:05] #numDetectedTriggers = 0
[18:21:05] @Get Mem Block Full Cnt
[18:21:05] #memFullCnt = 0
[18:21:05] detected 0 triggers of core0
[18:21:05] captured 0 memory blocks of core0
[18:21:05] @UnlockCable
[18:21:06] Running all active cores....
[18:21:06] @LockCable
[18:21:06] Polling trigger memory of core0....
[18:21:06] @ShiftIR,8,0,ER1
[18:21:06] @ShiftDR,21,0,data (select core0)
[18:21:06] @ShiftIR,8,0,ER2
[18:21:06] @Get Force Trigger bit
[18:21:06] #TM_CTL_0=3
[18:21:06] @Get Trig Detected Cnt
[18:21:06] #numDetectedTriggers = 0
[18:21:06] @Get Mem Block Full Cnt
[18:21:06] #memFullCnt = 0
[18:21:06] detected 0 triggers of core0
[18:21:06] captured 0 memory blocks of core0
[18:21:06] @UnlockCable
[18:21:07] Running all active cores....
[18:21:07] @LockCable
[18:21:07] Polling trigger memory of core0....
[18:21:07] @ShiftIR,8,0,ER1
[18:21:07] @ShiftDR,21,0,data (select core0)
[18:21:07] @ShiftIR,8,0,ER2
[18:21:07] @Get Force Trigger bit
[18:21:07] #TM_CTL_0=3
[18:21:07] @Get Trig Detected Cnt
[18:21:07] #numDetectedTriggers = 0
[18:21:07] @Get Mem Block Full Cnt
[18:21:07] #memFullCnt = 0
[18:21:07] detected 0 triggers of core0
[18:21:07] captured 0 memory blocks of core0
[18:21:07] @UnlockCable
[18:21:08] Running all active cores....
[18:21:08] @LockCable
[18:21:08] Polling trigger memory of core0....
[18:21:08] @ShiftIR,8,0,ER1
[18:21:08] @ShiftDR,21,0,data (select core0)
[18:21:08] @ShiftIR,8,0,ER2
[18:21:08] @Get Force Trigger bit
[18:21:08] #TM_CTL_0=3
[18:21:08] @Get Trig Detected Cnt
[18:21:08] #numDetectedTriggers = 0
[18:21:08] @Get Mem Block Full Cnt
[18:21:08] #memFullCnt = 0
[18:21:08] detected 0 triggers of core0
[18:21:08] captured 0 memory blocks of core0
[18:21:08] @UnlockCable
[18:21:09] Running all active cores....
[18:21:09] @LockCable
[18:21:09] Polling trigger memory of core0....
[18:21:09] @ShiftIR,8,0,ER1
[18:21:09] @ShiftDR,21,0,data (select core0)
[18:21:09] @ShiftIR,8,0,ER2
[18:21:09] @Get Force Trigger bit
[18:21:09] #TM_CTL_0=3
[18:21:09] @Get Trig Detected Cnt
[18:21:09] #numDetectedTriggers = 0
[18:21:09] @Get Mem Block Full Cnt
[18:21:09] #memFullCnt = 0
[18:21:09] detected 0 triggers of core0
[18:21:09] captured 0 memory blocks of core0
[18:21:09] @UnlockCable
[18:21:10] Running all active cores....
[18:21:10] @LockCable
[18:21:10] Polling trigger memory of core0....
[18:21:10] @ShiftIR,8,0,ER1
[18:21:10] @ShiftDR,21,0,data (select core0)
[18:21:10] @ShiftIR,8,0,ER2
[18:21:10] @Get Force Trigger bit
[18:21:10] #TM_CTL_0=3
[18:21:10] @Get Trig Detected Cnt
[18:21:10] #numDetectedTriggers = 0
[18:21:10] @Get Mem Block Full Cnt
[18:21:10] #memFullCnt = 0
[18:21:10] detected 0 triggers of core0
[18:21:10] captured 0 memory blocks of core0
[18:21:10] @UnlockCable
[18:21:11] Running all active cores....
[18:21:11] @LockCable
[18:21:11] Polling trigger memory of core0....
[18:21:11] @ShiftIR,8,0,ER1
[18:21:11] @ShiftDR,21,0,data (select core0)
[18:21:11] @ShiftIR,8,0,ER2
[18:21:11] @Get Force Trigger bit
[18:21:11] #TM_CTL_0=3
[18:21:11] @Get Trig Detected Cnt
[18:21:11] #numDetectedTriggers = 0
[18:21:11] @Get Mem Block Full Cnt
[18:21:11] #memFullCnt = 0
[18:21:11] detected 0 triggers of core0
[18:21:11] captured 0 memory blocks of core0
[18:21:11] @UnlockCable
[18:21:12] Running all active cores....
[18:21:12] @LockCable
[18:21:12] Polling trigger memory of core0....
[18:21:12] @ShiftIR,8,0,ER1
[18:21:12] @ShiftDR,21,0,data (select core0)
[18:21:12] @ShiftIR,8,0,ER2
[18:21:12] @Get Force Trigger bit
[18:21:12] #TM_CTL_0=3
[18:21:12] @Get Trig Detected Cnt
[18:21:12] #numDetectedTriggers = 0
[18:21:12] @Get Mem Block Full Cnt
[18:21:12] #memFullCnt = 0
[18:21:12] detected 0 triggers of core0
[18:21:12] captured 0 memory blocks of core0
[18:21:12] @UnlockCable
[18:21:13] Running all active cores....
[18:21:13] @LockCable
[18:21:13] Polling trigger memory of core0....
[18:21:13] @ShiftIR,8,0,ER1
[18:21:13] @ShiftDR,21,0,data (select core0)
[18:21:13] @ShiftIR,8,0,ER2
[18:21:13] @Get Force Trigger bit
[18:21:13] #TM_CTL_0=3
[18:21:13] @Get Trig Detected Cnt
[18:21:13] #numDetectedTriggers = 0
[18:21:13] @Get Mem Block Full Cnt
[18:21:13] #memFullCnt = 0
[18:21:13] detected 0 triggers of core0
[18:21:13] captured 0 memory blocks of core0
[18:21:13] @UnlockCable
[18:21:14] Running all active cores....
[18:21:14] @LockCable
[18:21:14] Polling trigger memory of core0....
[18:21:14] @ShiftIR,8,0,ER1
[18:21:14] @ShiftDR,21,0,data (select core0)
[18:21:14] @ShiftIR,8,0,ER2
[18:21:14] @Get Force Trigger bit
[18:21:14] #TM_CTL_0=3
[18:21:14] @Get Trig Detected Cnt
[18:21:14] #numDetectedTriggers = 0
[18:21:14] @Get Mem Block Full Cnt
[18:21:14] #memFullCnt = 0
[18:21:14] detected 0 triggers of core0
[18:21:14] captured 0 memory blocks of core0
[18:21:14] @UnlockCable
[18:21:15] Running all active cores....
[18:21:15] @LockCable
[18:21:15] Polling trigger memory of core0....
[18:21:15] @ShiftIR,8,0,ER1
[18:21:15] @ShiftDR,21,0,data (select core0)
[18:21:15] @ShiftIR,8,0,ER2
[18:21:15] @Get Force Trigger bit
[18:21:15] #TM_CTL_0=3
[18:21:15] @Get Trig Detected Cnt
[18:21:15] #numDetectedTriggers = 0
[18:21:15] @Get Mem Block Full Cnt
[18:21:15] #memFullCnt = 0
[18:21:15] detected 0 triggers of core0
[18:21:15] captured 0 memory blocks of core0
[18:21:15] @UnlockCable
[18:21:16] Running all active cores....
[18:21:16] @LockCable
[18:21:16] Polling trigger memory of core0....
[18:21:16] @ShiftIR,8,0,ER1
[18:21:16] @ShiftDR,21,0,data (select core0)
[18:21:16] @ShiftIR,8,0,ER2
[18:21:16] @Get Force Trigger bit
[18:21:16] #TM_CTL_0=3
[18:21:16] @Get Trig Detected Cnt
[18:21:16] #numDetectedTriggers = 0
[18:21:16] @Get Mem Block Full Cnt
[18:21:16] #memFullCnt = 0
[18:21:16] detected 0 triggers of core0
[18:21:16] captured 0 memory blocks of core0
[18:21:16] @UnlockCable
[18:21:17] Running all active cores....
[18:21:17] @LockCable
[18:21:17] Polling trigger memory of core0....
[18:21:17] @ShiftIR,8,0,ER1
[18:21:17] @ShiftDR,21,0,data (select core0)
[18:21:17] @ShiftIR,8,0,ER2
[18:21:17] @Get Force Trigger bit
[18:21:17] #TM_CTL_0=3
[18:21:17] @Get Trig Detected Cnt
[18:21:17] #numDetectedTriggers = 0
[18:21:17] @Get Mem Block Full Cnt
[18:21:17] #memFullCnt = 0
[18:21:17] detected 0 triggers of core0
[18:21:17] captured 0 memory blocks of core0
[18:21:17] @UnlockCable
[18:21:19] Running all active cores....
[18:21:19] @LockCable
[18:21:19] Polling trigger memory of core0....
[18:21:19] @ShiftIR,8,0,ER1
[18:21:19] @ShiftDR,21,0,data (select core0)
[18:21:19] @ShiftIR,8,0,ER2
[18:21:19] @Get Force Trigger bit
[18:21:19] #TM_CTL_0=3
[18:21:19] @Get Trig Detected Cnt
[18:21:19] #numDetectedTriggers = 0
[18:21:19] @Get Mem Block Full Cnt
[18:21:19] #memFullCnt = 0
[18:21:19] detected 0 triggers of core0
[18:21:19] captured 0 memory blocks of core0
[18:21:19] @UnlockCable
[18:21:20] Running all active cores....
[18:21:20] @LockCable
[18:21:20] Polling trigger memory of core0....
[18:21:20] @ShiftIR,8,0,ER1
[18:21:20] @ShiftDR,21,0,data (select core0)
[18:21:20] @ShiftIR,8,0,ER2
[18:21:20] @Get Force Trigger bit
[18:21:20] #TM_CTL_0=3
[18:21:20] @Get Trig Detected Cnt
[18:21:20] #numDetectedTriggers = 0
[18:21:20] @Get Mem Block Full Cnt
[18:21:20] #memFullCnt = 0
[18:21:20] detected 0 triggers of core0
[18:21:20] captured 0 memory blocks of core0
[18:21:20] @UnlockCable
[18:21:21] Running all active cores....
[18:21:21] @LockCable
[18:21:21] Polling trigger memory of core0....
[18:21:21] @ShiftIR,8,0,ER1
[18:21:21] @ShiftDR,21,0,data (select core0)
[18:21:21] @ShiftIR,8,0,ER2
[18:21:21] @Get Force Trigger bit
[18:21:21] #TM_CTL_0=3
[18:21:21] @Get Trig Detected Cnt
[18:21:21] #numDetectedTriggers = 0
[18:21:21] @Get Mem Block Full Cnt
[18:21:21] #memFullCnt = 0
[18:21:21] detected 0 triggers of core0
[18:21:21] captured 0 memory blocks of core0
[18:21:21] @UnlockCable
[18:21:22] Running all active cores....
[18:21:22] @LockCable
[18:21:22] Polling trigger memory of core0....
[18:21:22] @ShiftIR,8,0,ER1
[18:21:22] @ShiftDR,21,0,data (select core0)
[18:21:22] @ShiftIR,8,0,ER2
[18:21:22] @Get Force Trigger bit
[18:21:22] #TM_CTL_0=3
[18:21:22] @Get Trig Detected Cnt
[18:21:22] #numDetectedTriggers = 0
[18:21:22] @Get Mem Block Full Cnt
[18:21:22] #memFullCnt = 0
[18:21:22] detected 0 triggers of core0
[18:21:22] captured 0 memory blocks of core0
[18:21:22] @UnlockCable
[18:21:23] Running all active cores....
[18:21:23] @LockCable
[18:21:23] Polling trigger memory of core0....
[18:21:23] @ShiftIR,8,0,ER1
[18:21:23] @ShiftDR,21,0,data (select core0)
[18:21:23] @ShiftIR,8,0,ER2
[18:21:23] @Get Force Trigger bit
[18:21:23] #TM_CTL_0=3
[18:21:23] @Get Trig Detected Cnt
[18:21:23] #numDetectedTriggers = 0
[18:21:23] @Get Mem Block Full Cnt
[18:21:23] #memFullCnt = 0
[18:21:23] detected 0 triggers of core0
[18:21:23] captured 0 memory blocks of core0
[18:21:23] @UnlockCable
[18:21:24] Running all active cores....
[18:21:24] @LockCable
[18:21:24] Polling trigger memory of core0....
[18:21:24] @ShiftIR,8,0,ER1
[18:21:24] @ShiftDR,21,0,data (select core0)
[18:21:24] @ShiftIR,8,0,ER2
[18:21:24] @Get Force Trigger bit
[18:21:24] #TM_CTL_0=3
[18:21:24] @Get Trig Detected Cnt
[18:21:24] #numDetectedTriggers = 0
[18:21:24] @Get Mem Block Full Cnt
[18:21:24] #memFullCnt = 0
[18:21:24] detected 0 triggers of core0
[18:21:24] captured 0 memory blocks of core0
[18:21:24] @UnlockCable
[18:21:25] Running all active cores....
[18:21:25] @LockCable
[18:21:25] Polling trigger memory of core0....
[18:21:25] @ShiftIR,8,0,ER1
[18:21:25] @ShiftDR,21,0,data (select core0)
[18:21:25] @ShiftIR,8,0,ER2
[18:21:25] @Get Force Trigger bit
[18:21:25] #TM_CTL_0=3
[18:21:25] @Get Trig Detected Cnt
[18:21:25] #numDetectedTriggers = 0
[18:21:25] @Get Mem Block Full Cnt
[18:21:25] #memFullCnt = 0
[18:21:25] detected 0 triggers of core0
[18:21:25] captured 0 memory blocks of core0
[18:21:25] @UnlockCable
[18:21:26] Running all active cores....
[18:21:26] @LockCable
[18:21:26] Polling trigger memory of core0....
[18:21:26] @ShiftIR,8,0,ER1
[18:21:26] @ShiftDR,21,0,data (select core0)
[18:21:26] @ShiftIR,8,0,ER2
[18:21:26] @Get Force Trigger bit
[18:21:26] #TM_CTL_0=3
[18:21:26] @Get Trig Detected Cnt
[18:21:26] #numDetectedTriggers = 0
[18:21:26] @Get Mem Block Full Cnt
[18:21:26] #memFullCnt = 0
[18:21:26] detected 0 triggers of core0
[18:21:26] captured 0 memory blocks of core0
[18:21:26] @UnlockCable
[18:21:27] Running all active cores....
[18:21:27] @LockCable
[18:21:27] Polling trigger memory of core0....
[18:21:27] @ShiftIR,8,0,ER1
[18:21:27] @ShiftDR,21,0,data (select core0)
[18:21:27] @ShiftIR,8,0,ER2
[18:21:27] @Get Force Trigger bit
[18:21:27] #TM_CTL_0=3
[18:21:27] @Get Trig Detected Cnt
[18:21:27] #numDetectedTriggers = 0
[18:21:27] @Get Mem Block Full Cnt
[18:21:27] #memFullCnt = 0
[18:21:27] detected 0 triggers of core0
[18:21:27] captured 0 memory blocks of core0
[18:21:27] @UnlockCable
[18:21:28] Running all active cores....
[18:21:28] @LockCable
[18:21:28] Polling trigger memory of core0....
[18:21:28] @ShiftIR,8,0,ER1
[18:21:28] @ShiftDR,21,0,data (select core0)
[18:21:28] @ShiftIR,8,0,ER2
[18:21:28] @Get Force Trigger bit
[18:21:28] #TM_CTL_0=3
[18:21:28] @Get Trig Detected Cnt
[18:21:28] #numDetectedTriggers = 0
[18:21:28] @Get Mem Block Full Cnt
[18:21:28] #memFullCnt = 0
[18:21:28] detected 0 triggers of core0
[18:21:28] captured 0 memory blocks of core0
[18:21:28] @UnlockCable
[18:21:29] Running all active cores....
[18:21:29] @LockCable
[18:21:29] Polling trigger memory of core0....
[18:21:29] @ShiftIR,8,0,ER1
[18:21:29] @ShiftDR,21,0,data (select core0)
[18:21:29] @ShiftIR,8,0,ER2
[18:21:29] @Get Force Trigger bit
[18:21:29] #TM_CTL_0=3
[18:21:29] @Get Trig Detected Cnt
[18:21:29] #numDetectedTriggers = 0
[18:21:29] @Get Mem Block Full Cnt
[18:21:29] #memFullCnt = 0
[18:21:29] detected 0 triggers of core0
[18:21:29] captured 0 memory blocks of core0
[18:21:29] @UnlockCable
[18:21:30] Running all active cores....
[18:21:30] @LockCable
[18:21:30] Polling trigger memory of core0....
[18:21:30] @ShiftIR,8,0,ER1
[18:21:30] @ShiftDR,21,0,data (select core0)
[18:21:30] @ShiftIR,8,0,ER2
[18:21:30] @Get Force Trigger bit
[18:21:30] #TM_CTL_0=3
[18:21:30] @Get Trig Detected Cnt
[18:21:30] #numDetectedTriggers = 0
[18:21:30] @Get Mem Block Full Cnt
[18:21:30] #memFullCnt = 0
[18:21:30] detected 0 triggers of core0
[18:21:30] captured 0 memory blocks of core0
[18:21:30] @UnlockCable
[18:21:31] Running all active cores....
[18:21:31] @LockCable
[18:21:31] Polling trigger memory of core0....
[18:21:31] @ShiftIR,8,0,ER1
[18:21:31] @ShiftDR,21,0,data (select core0)
[18:21:31] @ShiftIR,8,0,ER2
[18:21:31] @Get Force Trigger bit
[18:21:31] #TM_CTL_0=3
[18:21:31] @Get Trig Detected Cnt
[18:21:31] #numDetectedTriggers = 0
[18:21:31] @Get Mem Block Full Cnt
[18:21:31] #memFullCnt = 0
[18:21:31] detected 0 triggers of core0
[18:21:31] captured 0 memory blocks of core0
[18:21:31] @UnlockCable
[18:21:32] Running all active cores....
[18:21:32] @LockCable
[18:21:32] Polling trigger memory of core0....
[18:21:32] @ShiftIR,8,0,ER1
[18:21:32] @ShiftDR,21,0,data (select core0)
[18:21:32] @ShiftIR,8,0,ER2
[18:21:32] @Get Force Trigger bit
[18:21:32] #TM_CTL_0=3
[18:21:32] @Get Trig Detected Cnt
[18:21:32] #numDetectedTriggers = 0
[18:21:32] @Get Mem Block Full Cnt
[18:21:32] #memFullCnt = 0
[18:21:32] detected 0 triggers of core0
[18:21:32] captured 0 memory blocks of core0
[18:21:32] @UnlockCable
[18:21:33] Running all active cores....
[18:21:33] @LockCable
[18:21:33] Polling trigger memory of core0....
[18:21:33] @ShiftIR,8,0,ER1
[18:21:33] @ShiftDR,21,0,data (select core0)
[18:21:33] @ShiftIR,8,0,ER2
[18:21:33] @Get Force Trigger bit
[18:21:33] #TM_CTL_0=3
[18:21:33] @Get Trig Detected Cnt
[18:21:33] #numDetectedTriggers = 0
[18:21:33] @Get Mem Block Full Cnt
[18:21:33] #memFullCnt = 0
[18:21:33] detected 0 triggers of core0
[18:21:33] captured 0 memory blocks of core0
[18:21:33] @UnlockCable
[18:21:34] Running all active cores....
[18:21:34] @LockCable
[18:21:34] Polling trigger memory of core0....
[18:21:34] @ShiftIR,8,0,ER1
[18:21:34] @ShiftDR,21,0,data (select core0)
[18:21:34] @ShiftIR,8,0,ER2
[18:21:34] @Get Force Trigger bit
[18:21:34] #TM_CTL_0=3
[18:21:34] @Get Trig Detected Cnt
[18:21:34] #numDetectedTriggers = 0
[18:21:34] @Get Mem Block Full Cnt
[18:21:34] #memFullCnt = 0
[18:21:34] detected 0 triggers of core0
[18:21:34] captured 0 memory blocks of core0
[18:21:34] @UnlockCable
[18:21:35] Running all active cores....
[18:21:35] @LockCable
[18:21:35] Polling trigger memory of core0....
[18:21:35] @ShiftIR,8,0,ER1
[18:21:35] @ShiftDR,21,0,data (select core0)
[18:21:35] @ShiftIR,8,0,ER2
[18:21:35] @Get Force Trigger bit
[18:21:35] #TM_CTL_0=3
[18:21:35] @Get Trig Detected Cnt
[18:21:35] #numDetectedTriggers = 0
[18:21:35] @Get Mem Block Full Cnt
[18:21:35] #memFullCnt = 0
[18:21:35] detected 0 triggers of core0
[18:21:35] captured 0 memory blocks of core0
[18:21:35] @UnlockCable
[18:21:36] Running all active cores....
[18:21:36] @LockCable
[18:21:36] Polling trigger memory of core0....
[18:21:36] @ShiftIR,8,0,ER1
[18:21:36] @ShiftDR,21,0,data (select core0)
[18:21:36] @ShiftIR,8,0,ER2
[18:21:36] @Get Force Trigger bit
[18:21:36] #TM_CTL_0=3
[18:21:36] @Get Trig Detected Cnt
[18:21:36] #numDetectedTriggers = 0
[18:21:36] @Get Mem Block Full Cnt
[18:21:36] #memFullCnt = 0
[18:21:36] detected 0 triggers of core0
[18:21:36] captured 0 memory blocks of core0
[18:21:36] @UnlockCable
[18:21:37] Running all active cores....
[18:21:37] @LockCable
[18:21:37] Polling trigger memory of core0....
[18:21:37] @ShiftIR,8,0,ER1
[18:21:37] @ShiftDR,21,0,data (select core0)
[18:21:37] @ShiftIR,8,0,ER2
[18:21:37] @Get Force Trigger bit
[18:21:37] #TM_CTL_0=3
[18:21:37] @Get Trig Detected Cnt
[18:21:37] #numDetectedTriggers = 0
[18:21:37] @Get Mem Block Full Cnt
[18:21:37] #memFullCnt = 0
[18:21:37] detected 0 triggers of core0
[18:21:37] captured 0 memory blocks of core0
[18:21:37] @UnlockCable
[18:21:38] Running all active cores....
[18:21:38] @LockCable
[18:21:38] Polling trigger memory of core0....
[18:21:38] @ShiftIR,8,0,ER1
[18:21:38] @ShiftDR,21,0,data (select core0)
[18:21:38] @ShiftIR,8,0,ER2
[18:21:38] @Get Force Trigger bit
[18:21:38] #TM_CTL_0=3
[18:21:38] @Get Trig Detected Cnt
[18:21:38] #numDetectedTriggers = 0
[18:21:38] @Get Mem Block Full Cnt
[18:21:38] #memFullCnt = 0
[18:21:38] detected 0 triggers of core0
[18:21:38] captured 0 memory blocks of core0
[18:21:38] @UnlockCable
[18:21:39] Running all active cores....
[18:21:39] @LockCable
[18:21:39] Polling trigger memory of core0....
[18:21:39] @ShiftIR,8,0,ER1
[18:21:39] @ShiftDR,21,0,data (select core0)
[18:21:39] @ShiftIR,8,0,ER2
[18:21:39] @Get Force Trigger bit
[18:21:39] #TM_CTL_0=3
[18:21:39] @Get Trig Detected Cnt
[18:21:39] #numDetectedTriggers = 0
[18:21:39] @Get Mem Block Full Cnt
[18:21:39] #memFullCnt = 0
[18:21:39] detected 0 triggers of core0
[18:21:39] captured 0 memory blocks of core0
[18:21:39] @UnlockCable
[18:21:40] Running all active cores....
[18:21:40] @LockCable
[18:21:40] Polling trigger memory of core0....
[18:21:40] @ShiftIR,8,0,ER1
[18:21:40] @ShiftDR,21,0,data (select core0)
[18:21:40] @ShiftIR,8,0,ER2
[18:21:40] @Get Force Trigger bit
[18:21:40] #TM_CTL_0=3
[18:21:40] @Get Trig Detected Cnt
[18:21:40] #numDetectedTriggers = 0
[18:21:40] @Get Mem Block Full Cnt
[18:21:40] #memFullCnt = 0
[18:21:40] detected 0 triggers of core0
[18:21:40] captured 0 memory blocks of core0
[18:21:40] @UnlockCable
[18:21:41] Running all active cores....
[18:21:41] @LockCable
[18:21:41] Polling trigger memory of core0....
[18:21:41] @ShiftIR,8,0,ER1
[18:21:41] @ShiftDR,21,0,data (select core0)
[18:21:41] @ShiftIR,8,0,ER2
[18:21:41] @Get Force Trigger bit
[18:21:41] #TM_CTL_0=3
[18:21:41] @Get Trig Detected Cnt
[18:21:41] #numDetectedTriggers = 0
[18:21:41] @Get Mem Block Full Cnt
[18:21:41] #memFullCnt = 0
[18:21:41] detected 0 triggers of core0
[18:21:41] captured 0 memory blocks of core0
[18:21:41] @UnlockCable
[18:21:42] Running all active cores....
[18:21:42] @LockCable
[18:21:42] Polling trigger memory of core0....
[18:21:42] @ShiftIR,8,0,ER1
[18:21:42] @ShiftDR,21,0,data (select core0)
[18:21:42] @ShiftIR,8,0,ER2
[18:21:42] @Get Force Trigger bit
[18:21:42] #TM_CTL_0=3
[18:21:42] @Get Trig Detected Cnt
[18:21:42] #numDetectedTriggers = 0
[18:21:42] @Get Mem Block Full Cnt
[18:21:42] #memFullCnt = 0
[18:21:42] detected 0 triggers of core0
[18:21:42] captured 0 memory blocks of core0
[18:21:42] @UnlockCable
[18:21:43] Running all active cores....
[18:21:43] @LockCable
[18:21:43] Polling trigger memory of core0....
[18:21:43] @ShiftIR,8,0,ER1
[18:21:43] @ShiftDR,21,0,data (select core0)
[18:21:43] @ShiftIR,8,0,ER2
[18:21:43] @Get Force Trigger bit
[18:21:43] #TM_CTL_0=3
[18:21:43] @Get Trig Detected Cnt
[18:21:43] #numDetectedTriggers = 0
[18:21:43] @Get Mem Block Full Cnt
[18:21:43] #memFullCnt = 0
[18:21:43] detected 0 triggers of core0
[18:21:43] captured 0 memory blocks of core0
[18:21:43] @UnlockCable
[18:21:44] Running all active cores....
[18:21:44] @LockCable
[18:21:44] Polling trigger memory of core0....
[18:21:44] @ShiftIR,8,0,ER1
[18:21:44] @ShiftDR,21,0,data (select core0)
[18:21:44] @ShiftIR,8,0,ER2
[18:21:44] @Get Force Trigger bit
[18:21:44] #TM_CTL_0=3
[18:21:44] @Get Trig Detected Cnt
[18:21:44] #numDetectedTriggers = 0
[18:21:44] @Get Mem Block Full Cnt
[18:21:44] #memFullCnt = 0
[18:21:44] detected 0 triggers of core0
[18:21:44] captured 0 memory blocks of core0
[18:21:44] @UnlockCable
[18:21:45] Running all active cores....
[18:21:45] @LockCable
[18:21:45] Polling trigger memory of core0....
[18:21:45] @ShiftIR,8,0,ER1
[18:21:45] @ShiftDR,21,0,data (select core0)
[18:21:45] @ShiftIR,8,0,ER2
[18:21:45] @Get Force Trigger bit
[18:21:45] #TM_CTL_0=3
[18:21:45] @Get Trig Detected Cnt
[18:21:45] #numDetectedTriggers = 0
[18:21:45] @Get Mem Block Full Cnt
[18:21:45] #memFullCnt = 0
[18:21:45] detected 0 triggers of core0
[18:21:45] captured 0 memory blocks of core0
[18:21:45] @UnlockCable
[18:21:46] Running all active cores....
[18:21:46] @LockCable
[18:21:46] Polling trigger memory of core0....
[18:21:46] @ShiftIR,8,0,ER1
[18:21:46] @ShiftDR,21,0,data (select core0)
[18:21:46] @ShiftIR,8,0,ER2
[18:21:46] @Get Force Trigger bit
[18:21:46] #TM_CTL_0=3
[18:21:46] @Get Trig Detected Cnt
[18:21:46] #numDetectedTriggers = 0
[18:21:46] @Get Mem Block Full Cnt
[18:21:46] #memFullCnt = 0
[18:21:46] detected 0 triggers of core0
[18:21:46] captured 0 memory blocks of core0
[18:21:46] @UnlockCable
[18:21:47] Running all active cores....
[18:21:47] @LockCable
[18:21:47] Polling trigger memory of core0....
[18:21:47] @ShiftIR,8,0,ER1
[18:21:47] @ShiftDR,21,0,data (select core0)
[18:21:47] @ShiftIR,8,0,ER2
[18:21:47] @Get Force Trigger bit
[18:21:47] #TM_CTL_0=3
[18:21:47] @Get Trig Detected Cnt
[18:21:47] #numDetectedTriggers = 0
[18:21:47] @Get Mem Block Full Cnt
[18:21:47] #memFullCnt = 0
[18:21:47] detected 0 triggers of core0
[18:21:47] captured 0 memory blocks of core0
[18:21:47] @UnlockCable
[18:21:48] Running all active cores....
[18:21:48] @LockCable
[18:21:48] Polling trigger memory of core0....
[18:21:48] @ShiftIR,8,0,ER1
[18:21:48] @ShiftDR,21,0,data (select core0)
[18:21:48] @ShiftIR,8,0,ER2
[18:21:48] @Get Force Trigger bit
[18:21:48] #TM_CTL_0=3
[18:21:48] @Get Trig Detected Cnt
[18:21:48] #numDetectedTriggers = 0
[18:21:48] @Get Mem Block Full Cnt
[18:21:48] #memFullCnt = 0
[18:21:48] detected 0 triggers of core0
[18:21:48] captured 0 memory blocks of core0
[18:21:48] @UnlockCable
[18:21:49] Running all active cores....
[18:21:49] @LockCable
[18:21:49] Polling trigger memory of core0....
[18:21:49] @ShiftIR,8,0,ER1
[18:21:49] @ShiftDR,21,0,data (select core0)
[18:21:49] @ShiftIR,8,0,ER2
[18:21:49] @Get Force Trigger bit
[18:21:49] #TM_CTL_0=3
[18:21:49] @Get Trig Detected Cnt
[18:21:49] #numDetectedTriggers = 0
[18:21:49] @Get Mem Block Full Cnt
[18:21:49] #memFullCnt = 0
[18:21:49] detected 0 triggers of core0
[18:21:49] captured 0 memory blocks of core0
[18:21:49] @UnlockCable
[18:21:50] Running all active cores....
[18:21:50] @LockCable
[18:21:50] Polling trigger memory of core0....
[18:21:50] @ShiftIR,8,0,ER1
[18:21:50] @ShiftDR,21,0,data (select core0)
[18:21:50] @ShiftIR,8,0,ER2
[18:21:50] @Get Force Trigger bit
[18:21:50] #TM_CTL_0=3
[18:21:50] @Get Trig Detected Cnt
[18:21:50] #numDetectedTriggers = 0
[18:21:50] @Get Mem Block Full Cnt
[18:21:50] #memFullCnt = 0
[18:21:50] detected 0 triggers of core0
[18:21:50] captured 0 memory blocks of core0
[18:21:50] @UnlockCable
[18:21:51] Running all active cores....
[18:21:51] @LockCable
[18:21:51] Polling trigger memory of core0....
[18:21:51] @ShiftIR,8,0,ER1
[18:21:51] @ShiftDR,21,0,data (select core0)
[18:21:51] @ShiftIR,8,0,ER2
[18:21:51] @Get Force Trigger bit
[18:21:51] #TM_CTL_0=3
[18:21:51] @Get Trig Detected Cnt
[18:21:51] #numDetectedTriggers = 0
[18:21:51] @Get Mem Block Full Cnt
[18:21:51] #memFullCnt = 0
[18:21:51] detected 0 triggers of core0
[18:21:51] captured 0 memory blocks of core0
[18:21:51] @UnlockCable
[18:21:52] Running all active cores....
[18:21:52] @LockCable
[18:21:52] Polling trigger memory of core0....
[18:21:52] @ShiftIR,8,0,ER1
[18:21:52] @ShiftDR,21,0,data (select core0)
[18:21:52] @ShiftIR,8,0,ER2
[18:21:52] @Get Force Trigger bit
[18:21:52] #TM_CTL_0=3
[18:21:52] @Get Trig Detected Cnt
[18:21:52] #numDetectedTriggers = 0
[18:21:52] @Get Mem Block Full Cnt
[18:21:52] #memFullCnt = 0
[18:21:52] detected 0 triggers of core0
[18:21:52] captured 0 memory blocks of core0
[18:21:52] @UnlockCable
[18:21:53] Running all active cores....
[18:21:53] @LockCable
[18:21:53] Polling trigger memory of core0....
[18:21:53] @ShiftIR,8,0,ER1
[18:21:53] @ShiftDR,21,0,data (select core0)
[18:21:53] @ShiftIR,8,0,ER2
[18:21:53] @Get Force Trigger bit
[18:21:53] #TM_CTL_0=3
[18:21:53] @Get Trig Detected Cnt
[18:21:53] #numDetectedTriggers = 0
[18:21:53] @Get Mem Block Full Cnt
[18:21:53] #memFullCnt = 0
[18:21:53] detected 0 triggers of core0
[18:21:53] captured 0 memory blocks of core0
[18:21:53] @UnlockCable
[18:21:54] Running all active cores....
[18:21:54] @LockCable
[18:21:54] Polling trigger memory of core0....
[18:21:54] @ShiftIR,8,0,ER1
[18:21:54] @ShiftDR,21,0,data (select core0)
[18:21:54] @ShiftIR,8,0,ER2
[18:21:54] @Get Force Trigger bit
[18:21:54] #TM_CTL_0=3
[18:21:54] @Get Trig Detected Cnt
[18:21:54] #numDetectedTriggers = 0
[18:21:54] @Get Mem Block Full Cnt
[18:21:54] #memFullCnt = 0
[18:21:54] detected 0 triggers of core0
[18:21:54] captured 0 memory blocks of core0
[18:21:54] @UnlockCable
[18:21:55] Running all active cores....
[18:21:55] @LockCable
[18:21:55] Polling trigger memory of core0....
[18:21:55] @ShiftIR,8,0,ER1
[18:21:55] @ShiftDR,21,0,data (select core0)
[18:21:55] @ShiftIR,8,0,ER2
[18:21:55] @Get Force Trigger bit
[18:21:55] #TM_CTL_0=3
[18:21:55] @Get Trig Detected Cnt
[18:21:55] #numDetectedTriggers = 0
[18:21:55] @Get Mem Block Full Cnt
[18:21:55] #memFullCnt = 0
[18:21:55] detected 0 triggers of core0
[18:21:55] captured 0 memory blocks of core0
[18:21:55] @UnlockCable
[18:21:56] Running all active cores....
[18:21:56] @LockCable
[18:21:56] Polling trigger memory of core0....
[18:21:56] @ShiftIR,8,0,ER1
[18:21:56] @ShiftDR,21,0,data (select core0)
[18:21:56] @ShiftIR,8,0,ER2
[18:21:56] @Get Force Trigger bit
[18:21:56] #TM_CTL_0=3
[18:21:56] @Get Trig Detected Cnt
[18:21:56] #numDetectedTriggers = 0
[18:21:56] @Get Mem Block Full Cnt
[18:21:56] #memFullCnt = 0
[18:21:56] detected 0 triggers of core0
[18:21:56] captured 0 memory blocks of core0
[18:21:56] @UnlockCable
[18:21:57] Running all active cores....
[18:21:57] @LockCable
[18:21:57] Polling trigger memory of core0....
[18:21:57] @ShiftIR,8,0,ER1
[18:21:57] @ShiftDR,21,0,data (select core0)
[18:21:57] @ShiftIR,8,0,ER2
[18:21:57] @Get Force Trigger bit
[18:21:57] #TM_CTL_0=3
[18:21:57] @Get Trig Detected Cnt
[18:21:57] #numDetectedTriggers = 0
[18:21:57] @Get Mem Block Full Cnt
[18:21:57] #memFullCnt = 0
[18:21:57] detected 0 triggers of core0
[18:21:57] captured 0 memory blocks of core0
[18:21:57] @UnlockCable
[18:21:58] Running all active cores....
[18:21:58] @LockCable
[18:21:58] Polling trigger memory of core0....
[18:21:58] @ShiftIR,8,0,ER1
[18:21:58] @ShiftDR,21,0,data (select core0)
[18:21:58] @ShiftIR,8,0,ER2
[18:21:58] @Get Force Trigger bit
[18:21:58] #TM_CTL_0=3
[18:21:58] @Get Trig Detected Cnt
[18:21:58] #numDetectedTriggers = 0
[18:21:58] @Get Mem Block Full Cnt
[18:21:58] #memFullCnt = 0
[18:21:58] detected 0 triggers of core0
[18:21:58] captured 0 memory blocks of core0
[18:21:58] @UnlockCable
[18:21:59] Running all active cores....
[18:21:59] @LockCable
[18:21:59] Polling trigger memory of core0....
[18:21:59] @ShiftIR,8,0,ER1
[18:21:59] @ShiftDR,21,0,data (select core0)
[18:21:59] @ShiftIR,8,0,ER2
[18:21:59] @Get Force Trigger bit
[18:21:59] #TM_CTL_0=3
[18:22:00] @Get Trig Detected Cnt
[18:22:00] #numDetectedTriggers = 0
[18:22:00] @Get Mem Block Full Cnt
[18:22:00] #memFullCnt = 0
[18:22:00] detected 0 triggers of core0
[18:22:00] captured 0 memory blocks of core0
[18:22:00] @UnlockCable
[18:22:01] Running all active cores....
[18:22:01] @LockCable
[18:22:01] Polling trigger memory of core0....
[18:22:01] @ShiftIR,8,0,ER1
[18:22:01] @ShiftDR,21,0,data (select core0)
[18:22:01] @ShiftIR,8,0,ER2
[18:22:01] @Get Force Trigger bit
[18:22:01] #TM_CTL_0=3
[18:22:01] @Get Trig Detected Cnt
[18:22:01] #numDetectedTriggers = 0
[18:22:01] @Get Mem Block Full Cnt
[18:22:01] #memFullCnt = 0
[18:22:01] detected 0 triggers of core0
[18:22:01] captured 0 memory blocks of core0
[18:22:01] @UnlockCable
[18:22:02] Running all active cores....
[18:22:02] @LockCable
[18:22:02] Polling trigger memory of core0....
[18:22:02] @ShiftIR,8,0,ER1
[18:22:02] @ShiftDR,21,0,data (select core0)
[18:22:02] @ShiftIR,8,0,ER2
[18:22:02] @Get Force Trigger bit
[18:22:02] #TM_CTL_0=3
[18:22:02] @Get Trig Detected Cnt
[18:22:02] #numDetectedTriggers = 0
[18:22:02] @Get Mem Block Full Cnt
[18:22:02] #memFullCnt = 0
[18:22:02] detected 0 triggers of core0
[18:22:02] captured 0 memory blocks of core0
[18:22:02] @UnlockCable
[18:22:03] Running all active cores....
[18:22:03] @LockCable
[18:22:03] Polling trigger memory of core0....
[18:22:03] @ShiftIR,8,0,ER1
[18:22:03] @ShiftDR,21,0,data (select core0)
[18:22:03] @ShiftIR,8,0,ER2
[18:22:03] @Get Force Trigger bit
[18:22:03] #TM_CTL_0=3
[18:22:03] @Get Trig Detected Cnt
[18:22:03] #numDetectedTriggers = 0
[18:22:03] @Get Mem Block Full Cnt
[18:22:03] #memFullCnt = 0
[18:22:03] detected 0 triggers of core0
[18:22:03] captured 0 memory blocks of core0
[18:22:03] @UnlockCable
[18:22:04] Running all active cores....
[18:22:04] @LockCable
[18:22:04] Polling trigger memory of core0....
[18:22:04] @ShiftIR,8,0,ER1
[18:22:04] @ShiftDR,21,0,data (select core0)
[18:22:04] @ShiftIR,8,0,ER2
[18:22:04] @Get Force Trigger bit
[18:22:04] #TM_CTL_0=3
[18:22:04] @Get Trig Detected Cnt
[18:22:04] #numDetectedTriggers = 0
[18:22:04] @Get Mem Block Full Cnt
[18:22:04] #memFullCnt = 0
[18:22:04] detected 0 triggers of core0
[18:22:04] captured 0 memory blocks of core0
[18:22:04] @UnlockCable
[18:22:05] Running all active cores....
[18:22:05] @LockCable
[18:22:05] Polling trigger memory of core0....
[18:22:05] @ShiftIR,8,0,ER1
[18:22:05] @ShiftDR,21,0,data (select core0)
[18:22:05] @ShiftIR,8,0,ER2
[18:22:05] @Get Force Trigger bit
[18:22:05] #TM_CTL_0=3
[18:22:05] @Get Trig Detected Cnt
[18:22:05] #numDetectedTriggers = 0
[18:22:05] @Get Mem Block Full Cnt
[18:22:05] #memFullCnt = 0
[18:22:05] detected 0 triggers of core0
[18:22:05] captured 0 memory blocks of core0
[18:22:05] @UnlockCable
[18:22:06] Running all active cores....
[18:22:06] @LockCable
[18:22:06] Polling trigger memory of core0....
[18:22:06] @ShiftIR,8,0,ER1
[18:22:06] @ShiftDR,21,0,data (select core0)
[18:22:06] @ShiftIR,8,0,ER2
[18:22:06] @Get Force Trigger bit
[18:22:06] #TM_CTL_0=3
[18:22:06] @Get Trig Detected Cnt
[18:22:06] #numDetectedTriggers = 0
[18:22:06] @Get Mem Block Full Cnt
[18:22:06] #memFullCnt = 0
[18:22:06] detected 0 triggers of core0
[18:22:06] captured 0 memory blocks of core0
[18:22:06] @UnlockCable
[18:22:07] Running all active cores....
[18:22:07] @LockCable
[18:22:07] Polling trigger memory of core0....
[18:22:07] @ShiftIR,8,0,ER1
[18:22:07] @ShiftDR,21,0,data (select core0)
[18:22:07] @ShiftIR,8,0,ER2
[18:22:07] @Get Force Trigger bit
[18:22:07] #TM_CTL_0=3
[18:22:07] @Get Trig Detected Cnt
[18:22:07] #numDetectedTriggers = 0
[18:22:07] @Get Mem Block Full Cnt
[18:22:07] #memFullCnt = 0
[18:22:07] detected 0 triggers of core0
[18:22:07] captured 0 memory blocks of core0
[18:22:07] @UnlockCable
[18:22:08] Running all active cores....
[18:22:08] @LockCable
[18:22:08] Polling trigger memory of core0....
[18:22:08] @ShiftIR,8,0,ER1
[18:22:08] @ShiftDR,21,0,data (select core0)
[18:22:08] @ShiftIR,8,0,ER2
[18:22:08] @Get Force Trigger bit
[18:22:08] #TM_CTL_0=3
[18:22:08] @Get Trig Detected Cnt
[18:22:08] #numDetectedTriggers = 0
[18:22:08] @Get Mem Block Full Cnt
[18:22:08] #memFullCnt = 0
[18:22:08] detected 0 triggers of core0
[18:22:08] captured 0 memory blocks of core0
[18:22:08] @UnlockCable
[18:22:09] Running all active cores....
[18:22:09] @LockCable
[18:22:09] Polling trigger memory of core0....
[18:22:09] @ShiftIR,8,0,ER1
[18:22:09] @ShiftDR,21,0,data (select core0)
[18:22:09] @ShiftIR,8,0,ER2
[18:22:09] @Get Force Trigger bit
[18:22:09] #TM_CTL_0=3
[18:22:09] @Get Trig Detected Cnt
[18:22:09] #numDetectedTriggers = 0
[18:22:09] @Get Mem Block Full Cnt
[18:22:09] #memFullCnt = 0
[18:22:09] detected 0 triggers of core0
[18:22:09] captured 0 memory blocks of core0
[18:22:09] @UnlockCable
[18:22:10] Running all active cores....
[18:22:10] @LockCable
[18:22:10] Polling trigger memory of core0....
[18:22:10] @ShiftIR,8,0,ER1
[18:22:10] @ShiftDR,21,0,data (select core0)
[18:22:10] @ShiftIR,8,0,ER2
[18:22:10] @Get Force Trigger bit
[18:22:10] #TM_CTL_0=3
[18:22:10] @Get Trig Detected Cnt
[18:22:10] #numDetectedTriggers = 0
[18:22:10] @Get Mem Block Full Cnt
[18:22:10] #memFullCnt = 0
[18:22:10] detected 0 triggers of core0
[18:22:10] captured 0 memory blocks of core0
[18:22:10] @UnlockCable
[18:22:11] Running all active cores....
[18:22:11] @LockCable
[18:22:11] Polling trigger memory of core0....
[18:22:11] @ShiftIR,8,0,ER1
[18:22:11] @ShiftDR,21,0,data (select core0)
[18:22:11] @ShiftIR,8,0,ER2
[18:22:11] @Get Force Trigger bit
[18:22:11] #TM_CTL_0=3
[18:22:11] @Get Trig Detected Cnt
[18:22:11] #numDetectedTriggers = 0
[18:22:11] @Get Mem Block Full Cnt
[18:22:11] #memFullCnt = 0
[18:22:11] detected 0 triggers of core0
[18:22:11] captured 0 memory blocks of core0
[18:22:11] @UnlockCable
[18:22:12] Running all active cores....
[18:22:12] @LockCable
[18:22:12] Polling trigger memory of core0....
[18:22:12] @ShiftIR,8,0,ER1
[18:22:12] @ShiftDR,21,0,data (select core0)
[18:22:12] @ShiftIR,8,0,ER2
[18:22:12] @Get Force Trigger bit
[18:22:12] #TM_CTL_0=3
[18:22:12] @Get Trig Detected Cnt
[18:22:12] #numDetectedTriggers = 0
[18:22:12] @Get Mem Block Full Cnt
[18:22:12] #memFullCnt = 0
[18:22:12] detected 0 triggers of core0
[18:22:12] captured 0 memory blocks of core0
[18:22:12] @UnlockCable
[18:22:13] Running all active cores....
[18:22:13] @LockCable
[18:22:13] Polling trigger memory of core0....
[18:22:13] @ShiftIR,8,0,ER1
[18:22:13] @ShiftDR,21,0,data (select core0)
[18:22:13] @ShiftIR,8,0,ER2
[18:22:13] @Get Force Trigger bit
[18:22:13] #TM_CTL_0=3
[18:22:13] @Get Trig Detected Cnt
[18:22:13] #numDetectedTriggers = 0
[18:22:13] @Get Mem Block Full Cnt
[18:22:13] #memFullCnt = 0
[18:22:13] detected 0 triggers of core0
[18:22:13] captured 0 memory blocks of core0
[18:22:13] @UnlockCable
[18:22:14] Running all active cores....
[18:22:14] @LockCable
[18:22:14] Polling trigger memory of core0....
[18:22:14] @ShiftIR,8,0,ER1
[18:22:14] @ShiftDR,21,0,data (select core0)
[18:22:14] @ShiftIR,8,0,ER2
[18:22:14] @Get Force Trigger bit
[18:22:14] #TM_CTL_0=3
[18:22:14] @Get Trig Detected Cnt
[18:22:14] #numDetectedTriggers = 0
[18:22:14] @Get Mem Block Full Cnt
[18:22:14] #memFullCnt = 0
[18:22:14] detected 0 triggers of core0
[18:22:14] captured 0 memory blocks of core0
[18:22:14] @UnlockCable
[18:22:15] Running all active cores....
[18:22:15] @LockCable
[18:22:15] Polling trigger memory of core0....
[18:22:15] @ShiftIR,8,0,ER1
[18:22:15] @ShiftDR,21,0,data (select core0)
[18:22:15] @ShiftIR,8,0,ER2
[18:22:15] @Get Force Trigger bit
[18:22:15] #TM_CTL_0=3
[18:22:15] @Get Trig Detected Cnt
[18:22:15] #numDetectedTriggers = 0
[18:22:15] @Get Mem Block Full Cnt
[18:22:15] #memFullCnt = 0
[18:22:15] detected 0 triggers of core0
[18:22:15] captured 0 memory blocks of core0
[18:22:15] @UnlockCable
[18:22:16] Running all active cores....
[18:22:16] @LockCable
[18:22:16] Polling trigger memory of core0....
[18:22:16] @ShiftIR,8,0,ER1
[18:22:16] @ShiftDR,21,0,data (select core0)
[18:22:16] @ShiftIR,8,0,ER2
[18:22:16] @Get Force Trigger bit
[18:22:16] #TM_CTL_0=3
[18:22:16] @Get Trig Detected Cnt
[18:22:16] #numDetectedTriggers = 0
[18:22:16] @Get Mem Block Full Cnt
[18:22:16] #memFullCnt = 0
[18:22:16] detected 0 triggers of core0
[18:22:16] captured 0 memory blocks of core0
[18:22:16] @UnlockCable
[18:22:17] Running all active cores....
[18:22:17] @LockCable
[18:22:17] Polling trigger memory of core0....
[18:22:17] @ShiftIR,8,0,ER1
[18:22:17] @ShiftDR,21,0,data (select core0)
[18:22:17] @ShiftIR,8,0,ER2
[18:22:17] @Get Force Trigger bit
[18:22:17] #TM_CTL_0=3
[18:22:17] @Get Trig Detected Cnt
[18:22:17] #numDetectedTriggers = 0
[18:22:17] @Get Mem Block Full Cnt
[18:22:17] #memFullCnt = 0
[18:22:17] detected 0 triggers of core0
[18:22:17] captured 0 memory blocks of core0
[18:22:17] @UnlockCable
[18:22:18] Running all active cores....
[18:22:18] @LockCable
[18:22:18] Polling trigger memory of core0....
[18:22:18] @ShiftIR,8,0,ER1
[18:22:18] @ShiftDR,21,0,data (select core0)
[18:22:18] @ShiftIR,8,0,ER2
[18:22:18] @Get Force Trigger bit
[18:22:18] #TM_CTL_0=3
[18:22:18] @Get Trig Detected Cnt
[18:22:18] #numDetectedTriggers = 0
[18:22:18] @Get Mem Block Full Cnt
[18:22:18] #memFullCnt = 0
[18:22:18] detected 0 triggers of core0
[18:22:18] captured 0 memory blocks of core0
[18:22:18] @UnlockCable
[18:22:19] Running all active cores....
[18:22:19] @LockCable
[18:22:19] Polling trigger memory of core0....
[18:22:19] @ShiftIR,8,0,ER1
[18:22:19] @ShiftDR,21,0,data (select core0)
[18:22:19] @ShiftIR,8,0,ER2
[18:22:19] @Get Force Trigger bit
[18:22:19] #TM_CTL_0=3
[18:22:19] @Get Trig Detected Cnt
[18:22:19] #numDetectedTriggers = 0
[18:22:19] @Get Mem Block Full Cnt
[18:22:19] #memFullCnt = 0
[18:22:19] detected 0 triggers of core0
[18:22:19] captured 0 memory blocks of core0
[18:22:19] @UnlockCable
[18:22:20] Running all active cores....
[18:22:20] @LockCable
[18:22:20] Polling trigger memory of core0....
[18:22:20] @ShiftIR,8,0,ER1
[18:22:20] @ShiftDR,21,0,data (select core0)
[18:22:20] @ShiftIR,8,0,ER2
[18:22:20] @Get Force Trigger bit
[18:22:20] #TM_CTL_0=3
[18:22:20] @Get Trig Detected Cnt
[18:22:20] #numDetectedTriggers = 0
[18:22:20] @Get Mem Block Full Cnt
[18:22:20] #memFullCnt = 0
[18:22:20] detected 0 triggers of core0
[18:22:20] captured 0 memory blocks of core0
[18:22:20] @UnlockCable
[18:22:21] Running all active cores....
[18:22:21] @LockCable
[18:22:21] Polling trigger memory of core0....
[18:22:21] @ShiftIR,8,0,ER1
[18:22:21] @ShiftDR,21,0,data (select core0)
[18:22:21] @ShiftIR,8,0,ER2
[18:22:21] @Get Force Trigger bit
[18:22:21] #TM_CTL_0=3
[18:22:21] @Get Trig Detected Cnt
[18:22:21] #numDetectedTriggers = 0
[18:22:21] @Get Mem Block Full Cnt
[18:22:21] #memFullCnt = 0
[18:22:21] detected 0 triggers of core0
[18:22:21] captured 0 memory blocks of core0
[18:22:21] @UnlockCable
[18:22:22] Running all active cores....
[18:22:22] @LockCable
[18:22:22] Polling trigger memory of core0....
[18:22:22] @ShiftIR,8,0,ER1
[18:22:22] @ShiftDR,21,0,data (select core0)
[18:22:22] @ShiftIR,8,0,ER2
[18:22:22] @Get Force Trigger bit
[18:22:22] #TM_CTL_0=3
[18:22:22] @Get Trig Detected Cnt
[18:22:22] #numDetectedTriggers = 0
[18:22:22] @Get Mem Block Full Cnt
[18:22:22] #memFullCnt = 0
[18:22:22] detected 0 triggers of core0
[18:22:22] captured 0 memory blocks of core0
[18:22:22] @UnlockCable
[18:22:23] Running all active cores....
[18:22:23] @LockCable
[18:22:23] Polling trigger memory of core0....
[18:22:23] @ShiftIR,8,0,ER1
[18:22:23] @ShiftDR,21,0,data (select core0)
[18:22:23] @ShiftIR,8,0,ER2
[18:22:23] @Get Force Trigger bit
[18:22:23] #TM_CTL_0=3
[18:22:23] @Get Trig Detected Cnt
[18:22:23] #numDetectedTriggers = 0
[18:22:23] @Get Mem Block Full Cnt
[18:22:23] #memFullCnt = 0
[18:22:23] detected 0 triggers of core0
[18:22:23] captured 0 memory blocks of core0
[18:22:23] @UnlockCable
[18:22:24] Running all active cores....
[18:22:24] @LockCable
[18:22:24] Polling trigger memory of core0....
[18:22:24] @ShiftIR,8,0,ER1
[18:22:24] @ShiftDR,21,0,data (select core0)
[18:22:24] @ShiftIR,8,0,ER2
[18:22:24] @Get Force Trigger bit
[18:22:24] #TM_CTL_0=3
[18:22:24] @Get Trig Detected Cnt
[18:22:24] #numDetectedTriggers = 0
[18:22:24] @Get Mem Block Full Cnt
[18:22:24] #memFullCnt = 0
[18:22:24] detected 0 triggers of core0
[18:22:24] captured 0 memory blocks of core0
[18:22:24] @UnlockCable
[18:22:25] Running all active cores....
[18:22:25] @LockCable
[18:22:25] Polling trigger memory of core0....
[18:22:25] @ShiftIR,8,0,ER1
[18:22:25] @ShiftDR,21,0,data (select core0)
[18:22:25] @ShiftIR,8,0,ER2
[18:22:25] @Get Force Trigger bit
[18:22:25] #TM_CTL_0=3
[18:22:25] @Get Trig Detected Cnt
[18:22:25] #numDetectedTriggers = 0
[18:22:25] @Get Mem Block Full Cnt
[18:22:25] #memFullCnt = 0
[18:22:25] detected 0 triggers of core0
[18:22:25] captured 0 memory blocks of core0
[18:22:25] @UnlockCable
[18:22:26] Running all active cores....
[18:22:26] @LockCable
[18:22:26] Polling trigger memory of core0....
[18:22:26] @ShiftIR,8,0,ER1
[18:22:26] @ShiftDR,21,0,data (select core0)
[18:22:26] @ShiftIR,8,0,ER2
[18:22:26] @Get Force Trigger bit
[18:22:26] #TM_CTL_0=3
[18:22:26] @Get Trig Detected Cnt
[18:22:26] #numDetectedTriggers = 0
[18:22:26] @Get Mem Block Full Cnt
[18:22:26] #memFullCnt = 0
[18:22:26] detected 0 triggers of core0
[18:22:26] captured 0 memory blocks of core0
[18:22:26] @UnlockCable
[18:22:27] Running all active cores....
[18:22:27] @LockCable
[18:22:27] Polling trigger memory of core0....
[18:22:27] @ShiftIR,8,0,ER1
[18:22:27] @ShiftDR,21,0,data (select core0)
[18:22:27] @ShiftIR,8,0,ER2
[18:22:27] @Get Force Trigger bit
[18:22:27] #TM_CTL_0=3
[18:22:27] @Get Trig Detected Cnt
[18:22:27] #numDetectedTriggers = 0
[18:22:27] @Get Mem Block Full Cnt
[18:22:27] #memFullCnt = 0
[18:22:27] detected 0 triggers of core0
[18:22:27] captured 0 memory blocks of core0
[18:22:27] @UnlockCable
[18:22:28] Running all active cores....
[18:22:28] @LockCable
[18:22:28] Polling trigger memory of core0....
[18:22:28] @ShiftIR,8,0,ER1
[18:22:28] @ShiftDR,21,0,data (select core0)
[18:22:28] @ShiftIR,8,0,ER2
[18:22:28] @Get Force Trigger bit
[18:22:28] #TM_CTL_0=3
[18:22:28] @Get Trig Detected Cnt
[18:22:28] #numDetectedTriggers = 0
[18:22:28] @Get Mem Block Full Cnt
[18:22:28] #memFullCnt = 0
[18:22:28] detected 0 triggers of core0
[18:22:28] captured 0 memory blocks of core0
[18:22:28] @UnlockCable
[18:22:29] Running all active cores....
[18:22:29] @LockCable
[18:22:29] Polling trigger memory of core0....
[18:22:29] @ShiftIR,8,0,ER1
[18:22:29] @ShiftDR,21,0,data (select core0)
[18:22:29] @ShiftIR,8,0,ER2
[18:22:29] @Get Force Trigger bit
[18:22:29] #TM_CTL_0=3
[18:22:29] @Get Trig Detected Cnt
[18:22:29] #numDetectedTriggers = 0
[18:22:29] @Get Mem Block Full Cnt
[18:22:29] #memFullCnt = 0
[18:22:29] detected 0 triggers of core0
[18:22:29] captured 0 memory blocks of core0
[18:22:29] @UnlockCable
[18:22:30] Running all active cores....
[18:22:30] @LockCable
[18:22:30] Polling trigger memory of core0....
[18:22:30] @ShiftIR,8,0,ER1
[18:22:30] @ShiftDR,21,0,data (select core0)
[18:22:30] @ShiftIR,8,0,ER2
[18:22:30] @Get Force Trigger bit
[18:22:30] #TM_CTL_0=3
[18:22:30] @Get Trig Detected Cnt
[18:22:30] #numDetectedTriggers = 0
[18:22:30] @Get Mem Block Full Cnt
[18:22:30] #memFullCnt = 0
[18:22:30] detected 0 triggers of core0
[18:22:30] captured 0 memory blocks of core0
[18:22:30] @UnlockCable
[18:22:31] Running all active cores....
[18:22:31] @LockCable
[18:22:31] Polling trigger memory of core0....
[18:22:31] @ShiftIR,8,0,ER1
[18:22:31] @ShiftDR,21,0,data (select core0)
[18:22:31] @ShiftIR,8,0,ER2
[18:22:31] @Get Force Trigger bit
[18:22:31] #TM_CTL_0=3
[18:22:31] @Get Trig Detected Cnt
[18:22:31] #numDetectedTriggers = 0
[18:22:31] @Get Mem Block Full Cnt
[18:22:31] #memFullCnt = 0
[18:22:31] detected 0 triggers of core0
[18:22:31] captured 0 memory blocks of core0
[18:22:31] @UnlockCable
[18:22:32] Running all active cores....
[18:22:32] @LockCable
[18:22:32] Polling trigger memory of core0....
[18:22:32] @ShiftIR,8,0,ER1
[18:22:32] @ShiftDR,21,0,data (select core0)
[18:22:32] @ShiftIR,8,0,ER2
[18:22:32] @Get Force Trigger bit
[18:22:32] #TM_CTL_0=3
[18:22:32] @Get Trig Detected Cnt
[18:22:32] #numDetectedTriggers = 0
[18:22:32] @Get Mem Block Full Cnt
[18:22:32] #memFullCnt = 0
[18:22:32] detected 0 triggers of core0
[18:22:32] captured 0 memory blocks of core0
[18:22:32] @UnlockCable
[18:22:33] Running all active cores....
[18:22:33] @LockCable
[18:22:33] Polling trigger memory of core0....
[18:22:33] @ShiftIR,8,0,ER1
[18:22:33] @ShiftDR,21,0,data (select core0)
[18:22:33] @ShiftIR,8,0,ER2
[18:22:33] @Get Force Trigger bit
[18:22:33] #TM_CTL_0=3
[18:22:33] @Get Trig Detected Cnt
[18:22:33] #numDetectedTriggers = 0
[18:22:33] @Get Mem Block Full Cnt
[18:22:33] #memFullCnt = 0
[18:22:33] detected 0 triggers of core0
[18:22:33] captured 0 memory blocks of core0
[18:22:33] @UnlockCable
[18:22:34] Running all active cores....
[18:22:34] @LockCable
[18:22:34] Polling trigger memory of core0....
[18:22:34] @ShiftIR,8,0,ER1
[18:22:34] @ShiftDR,21,0,data (select core0)
[18:22:34] @ShiftIR,8,0,ER2
[18:22:34] @Get Force Trigger bit
[18:22:34] #TM_CTL_0=3
[18:22:34] User has manually triggered core0!
[18:22:34] @set Force Trigger bit
[18:22:34] @set Force Trigger bit
[18:22:34] @Get Trig Detected Cnt
[18:22:34] #numDetectedTriggers = 1
[18:22:34] @Get Mem Block Full Cnt
[18:22:34] #memFullCnt = 1
[18:22:34] Downloading trigger memory of core0....
[18:22:34] @Is LA Armed
[18:22:34] @Set LA Start/Stop readback
[18:22:34] @Set LA Start/Stop 
[18:22:34] @Set LA Start/Stop readback
[18:22:34] @Set LA Start/Stop 
[18:22:34] @Get Trig Detected Cnt
[18:22:34] #numDetectedTriggers = 1
[18:22:34] @Get Mem Block Full Cnt
[18:22:34] #memFullCnt = 1
[18:22:34] @Get Last Addr Written
[18:22:34] #lastAddrWritten = 94
[18:22:34] @Get Multiple Trig Enbl
[18:22:34] #traceWidth=21, userSelectedTriggers=1, numTrigEnable=1
[18:22:34] @Get BurstRead CRC
[18:22:34] @Set Trace Mem Cnter Init
[18:22:34] Uploading in burst mode....
[18:22:34] @ShiftDR,5376,1,data (burst read)
[18:22:34] @GetTDO,data,5376
[18:22:34] @Get BurstRead CRC
[18:22:34] @Get BurstRead CRC
[18:22:34] @Get Pre-Trig Sample Num
[18:22:34] @Get Post-Trig Sample Num
[18:22:34] @Get Pre-Trig Samples Captured
[18:22:34] @Get Trig Ptr
[18:22:34] #trigPtr = 116
[18:22:34] #dataSize=3, numRead=256, trace_out=256
[18:22:34] #trig0={blockPosition:0,triggerPosition:16}
[18:22:34] finished download trigger memory of core0
[18:22:34] @UnlockCable
[18:22:34] @ReleaseCablePort
[18:22:34] @Disconnect
[18:22:34] All messages logged in file C:/work/S127M/PCBNo_10089/SP0565_rev00_00/SP0565/reveal_debug.log
[18:34:10] runProject on device [1. LFE5U-25F] using C:/work/S127M/PCBNo_10089/SP0565_rev00_00/Reveal/Linear.rva [linear.rvl]
[18:34:10] Connecting cableserver to run Reveal debugger....
[18:34:10] @Connect
[18:34:10] @SetSharableApplications,2,Reveal,Mico
[18:34:13] @SetCablePort,USB2,FTUSB-1,8,0,0,1,1,0,0,0,1
[18:34:13] @LockCable
[18:34:13] @GetServerStatus
[18:34:13] @Read
[18:34:13] @SetTargetDevice,0
[18:34:13] Connecting core0....
[18:34:13] @ShiftIR,8,0,ER1
[18:34:13] @ShiftDR,21,0,data (select core0)
[18:34:13] @ShiftIR,8,0,ER2
[18:34:13] Configuring core0....
[18:34:13] @JumpState,RUN_TEST_IDLE
[18:34:13] @JumpState,RUN_TEST_IDLE
[18:34:13] @JumpState,RUN_TEST_IDLE
[18:34:13] @ShiftIR,8,0,NOP
[18:34:13] @JumpState,RUN_TEST_IDLE
[18:34:13] @ShiftIR,8,0,ER2
[18:34:13] @Set Odd Parity readback
[18:34:13] @Set Odd Parity
[18:34:13] @Set LA Start/Stop readback
[18:34:13] @Set LA Start/Stop 
[18:34:13] #Reveal IP Version = 1_6_042617
[18:34:13] @Get Pattern
[18:34:13] #pattern readout = a5a5
[18:34:13] pattern readout passed!
[18:34:13] @Get Tracy Signature
[18:34:13] @Get Tracy Signature
[18:34:13] #signature from core0 = 689120772
[18:34:13] signature from core0 passed!
[18:34:13] @Set Opcode Value
[18:34:13] @Set Comp Value
[18:34:13] @Set Mask Value
[18:34:13] @Set Then Num
[18:34:13] @Set NEXT THEN
[18:34:13] @Set Cnt Cntg
[18:34:13] @Set Event Count
[18:34:13] @Get BurstWrite CRC
[18:34:13] @Set Truth Tbl Addr Cnter Init
[18:34:13] @Set Truth Table Prog
[18:34:13] Configuring in burst mode....
[18:34:13] @Get BurstWrite CRC
[18:34:13] @Enable TE Trig
[18:34:13] @Enable Trig Output OR All readback
[18:34:13] @Enable Trig Output OR All
[18:34:13] @Set Pre-Trig Sample
[18:34:13] @Set Post-Trig Sample
[18:34:13] finished configuration of core0
[18:34:13] Starting all active cores....
[18:34:13] @ShiftIR,8,0,ER1
[18:34:13] @ShiftDR,21,0,data (select active cores)
[18:34:13] @ShiftIR,8,0,ER2
[18:34:13] @Set LA Start cores
[18:34:13] @UnlockCable
[18:34:13] Running all active cores....
[18:34:13] @LockCable
[18:34:13] Polling trigger memory of core0....
[18:34:13] @ShiftIR,8,0,ER1
[18:34:13] @ShiftDR,21,0,data (select core0)
[18:34:13] @ShiftIR,8,0,ER2
[18:34:13] @Get Force Trigger bit
[18:34:13] #TM_CTL_0=3
[18:34:13] @Get Trig Detected Cnt
[18:34:13] #numDetectedTriggers = 1
[18:34:13] @Get Mem Block Full Cnt
[18:34:13] #memFullCnt = 1
[18:34:13] Downloading trigger memory of core0....
[18:34:13] @Is LA Armed
[18:34:13] @Set LA Start/Stop readback
[18:34:13] @Set LA Start/Stop 
[18:34:13] @Set LA Start/Stop readback
[18:34:13] @Set LA Start/Stop 
[18:34:13] @Get Trig Detected Cnt
[18:34:13] #numDetectedTriggers = 1
[18:34:13] @Get Mem Block Full Cnt
[18:34:13] #memFullCnt = 1
[18:34:13] @Get Last Addr Written
[18:34:13] #lastAddrWritten = 240
[18:34:13] @Get Multiple Trig Enbl
[18:34:13] #traceWidth=24, userSelectedTriggers=1, numTrigEnable=1
[18:34:13] @Get BurstRead CRC
[18:34:13] @Set Trace Mem Cnter Init
[18:34:13] Uploading in burst mode....
[18:34:13] @ShiftDR,6144,1,data (burst read)
[18:34:13] @GetTDO,data,6144
[18:34:13] @Get BurstRead CRC
[18:34:13] @Get BurstRead CRC
[18:34:13] @Get Pre-Trig Sample Num
[18:34:13] @Get Post-Trig Sample Num
[18:34:13] @Get Pre-Trig Samples Captured
[18:34:13] @Get Trig Ptr
[18:34:13] #trigPtr = 6
[18:34:13] #dataSize=3, numRead=256, trace_out=241
[18:34:13] #trig0={blockPosition:0,triggerPosition:1}
[18:34:13] finished download trigger memory of core0
[18:34:13] @UnlockCable
[18:34:13] @ReleaseCablePort
[18:34:13] @Disconnect
[18:34:13] All messages logged in file C:/work/S127M/PCBNo_10089/SP0565_rev00_00/SP0565/reveal_debug.log
[18:34:34] runProject on device [1. LFE5U-25F] using C:/work/S127M/PCBNo_10089/SP0565_rev00_00/Reveal/Linear.rva [linear.rvl]
[18:34:34] Connecting cableserver to run Reveal debugger....
[18:34:41] @Connect
[18:34:41] @SetSharableApplications,2,Reveal,Mico
[18:34:45] @SetCablePort,USB2,FTUSB-1,8,0,0,1,1,0,0,0,1
[18:34:45] @LockCable
[18:34:45] @GetServerStatus
[18:34:45] @Read
[18:34:45] @SetTargetDevice,0
[18:34:45] Connecting core0....
[18:34:45] @ShiftIR,8,0,ER1
[18:34:45] @ShiftDR,21,0,data (select core0)
[18:34:45] @ShiftIR,8,0,ER2
[18:34:45] Configuring core0....
[18:34:45] @JumpState,RUN_TEST_IDLE
[18:34:45] @JumpState,RUN_TEST_IDLE
[18:34:45] @JumpState,RUN_TEST_IDLE
[18:34:45] @ShiftIR,8,0,NOP
[18:34:45] @JumpState,RUN_TEST_IDLE
[18:34:45] @ShiftIR,8,0,ER2
[18:34:45] @Set Odd Parity readback
[18:34:45] @Set Odd Parity
[18:34:45] @Set LA Start/Stop readback
[18:34:45] @Set LA Start/Stop 
[18:34:45] #Reveal IP Version = 1_6_042617
[18:34:45] @Get Pattern
[18:34:45] #pattern readout = a5a5
[18:34:45] pattern readout passed!
[18:34:45] @Get Tracy Signature
[18:34:45] @Get Tracy Signature
[18:34:45] #signature from core0 = 689120772
[18:34:45] signature from core0 passed!
[18:34:45] @Set Opcode Value
[18:34:45] @Set Comp Value
[18:34:45] @Set Mask Value
[18:34:45] @Set Then Num
[18:34:45] @Set NEXT THEN
[18:34:45] @Set Cnt Cntg
[18:34:45] @Set Event Count
[18:34:45] @Get BurstWrite CRC
[18:34:45] @Set Truth Tbl Addr Cnter Init
[18:34:45] @Set Truth Table Prog
[18:34:45] Configuring in burst mode....
[18:34:45] @Get BurstWrite CRC
[18:34:45] @Enable TE Trig
[18:34:45] @Enable Trig Output OR All readback
[18:34:45] @Enable Trig Output OR All
[18:34:45] @Set Pre-Trig Sample
[18:34:45] @Set Post-Trig Sample
[18:34:45] finished configuration of core0
[18:34:45] Starting all active cores....
[18:34:45] @ShiftIR,8,0,ER1
[18:34:45] @ShiftDR,21,0,data (select active cores)
[18:34:45] @ShiftIR,8,0,ER2
[18:34:45] @Set LA Start cores
[18:34:45] @UnlockCable
[18:34:45] Running all active cores....
[18:34:45] @LockCable
[18:34:45] Polling trigger memory of core0....
[18:34:45] @ShiftIR,8,0,ER1
[18:34:45] @ShiftDR,21,0,data (select core0)
[18:34:45] @ShiftIR,8,0,ER2
[18:34:45] @Get Force Trigger bit
[18:34:45] #TM_CTL_0=3
[18:34:45] @Get Trig Detected Cnt
[18:34:45] #numDetectedTriggers = 0
[18:34:45] @Get Mem Block Full Cnt
[18:34:45] #memFullCnt = 0
[18:34:45] detected 0 triggers of core0
[18:34:45] captured 0 memory blocks of core0
[18:34:45] @UnlockCable
[18:34:46] Running all active cores....
[18:34:46] @LockCable
[18:34:46] Polling trigger memory of core0....
[18:34:46] @ShiftIR,8,0,ER1
[18:34:46] @ShiftDR,21,0,data (select core0)
[18:34:46] @ShiftIR,8,0,ER2
[18:34:46] @Get Force Trigger bit
[18:34:46] #TM_CTL_0=3
[18:34:46] @Get Trig Detected Cnt
[18:34:46] #numDetectedTriggers = 0
[18:34:46] @Get Mem Block Full Cnt
[18:34:46] #memFullCnt = 0
[18:34:46] detected 0 triggers of core0
[18:34:46] captured 0 memory blocks of core0
[18:34:46] @UnlockCable
[18:34:47] Running all active cores....
[18:34:47] @LockCable
[18:34:47] Polling trigger memory of core0....
[18:34:47] @ShiftIR,8,0,ER1
[18:34:47] @ShiftDR,21,0,data (select core0)
[18:34:47] @ShiftIR,8,0,ER2
[18:34:47] @Get Force Trigger bit
[18:34:47] #TM_CTL_0=3
[18:34:47] @Get Trig Detected Cnt
[18:34:47] #numDetectedTriggers = 0
[18:34:47] @Get Mem Block Full Cnt
[18:34:47] #memFullCnt = 0
[18:34:47] detected 0 triggers of core0
[18:34:47] captured 0 memory blocks of core0
[18:34:47] @UnlockCable
[18:34:48] Running all active cores....
[18:34:48] @LockCable
[18:34:48] Polling trigger memory of core0....
[18:34:48] @ShiftIR,8,0,ER1
[18:34:48] @ShiftDR,21,0,data (select core0)
[18:34:48] @ShiftIR,8,0,ER2
[18:34:48] @Get Force Trigger bit
[18:34:48] #TM_CTL_0=3
[18:34:48] @Get Trig Detected Cnt
[18:34:48] #numDetectedTriggers = 0
[18:34:48] @Get Mem Block Full Cnt
[18:34:48] #memFullCnt = 0
[18:34:48] detected 0 triggers of core0
[18:34:48] captured 0 memory blocks of core0
[18:34:48] @UnlockCable
[18:34:49] Running all active cores....
[18:34:49] @LockCable
[18:34:49] Polling trigger memory of core0....
[18:34:49] @ShiftIR,8,0,ER1
[18:34:49] @ShiftDR,21,0,data (select core0)
[18:34:49] @ShiftIR,8,0,ER2
[18:34:49] @Get Force Trigger bit
[18:34:49] #TM_CTL_0=3
[18:34:49] @Get Trig Detected Cnt
[18:34:49] #numDetectedTriggers = 0
[18:34:49] @Get Mem Block Full Cnt
[18:34:49] #memFullCnt = 0
[18:34:49] detected 0 triggers of core0
[18:34:49] captured 0 memory blocks of core0
[18:34:49] @UnlockCable
[18:34:50] Running all active cores....
[18:34:50] @LockCable
[18:34:50] Polling trigger memory of core0....
[18:34:50] @ShiftIR,8,0,ER1
[18:34:50] @ShiftDR,21,0,data (select core0)
[18:34:50] @ShiftIR,8,0,ER2
[18:34:50] @Get Force Trigger bit
[18:34:50] #TM_CTL_0=3
[18:34:50] @Get Trig Detected Cnt
[18:34:50] #numDetectedTriggers = 0
[18:34:50] @Get Mem Block Full Cnt
[18:34:50] #memFullCnt = 0
[18:34:50] detected 0 triggers of core0
[18:34:50] captured 0 memory blocks of core0
[18:34:50] @UnlockCable
[18:34:51] Running all active cores....
[18:34:51] @LockCable
[18:34:51] Polling trigger memory of core0....
[18:34:51] @ShiftIR,8,0,ER1
[18:34:51] @ShiftDR,21,0,data (select core0)
[18:34:51] @ShiftIR,8,0,ER2
[18:34:51] @Get Force Trigger bit
[18:34:51] #TM_CTL_0=3
[18:34:51] @Get Trig Detected Cnt
[18:34:51] #numDetectedTriggers = 0
[18:34:51] @Get Mem Block Full Cnt
[18:34:51] #memFullCnt = 0
[18:34:51] detected 0 triggers of core0
[18:34:51] captured 0 memory blocks of core0
[18:34:51] @UnlockCable
[18:34:52] Running all active cores....
[18:34:52] @LockCable
[18:34:52] Polling trigger memory of core0....
[18:34:52] @ShiftIR,8,0,ER1
[18:34:52] @ShiftDR,21,0,data (select core0)
[18:34:52] @ShiftIR,8,0,ER2
[18:34:52] @Get Force Trigger bit
[18:34:52] #TM_CTL_0=3
[18:34:52] @Get Trig Detected Cnt
[18:34:52] #numDetectedTriggers = 0
[18:34:52] @Get Mem Block Full Cnt
[18:34:52] #memFullCnt = 0
[18:34:52] detected 0 triggers of core0
[18:34:52] captured 0 memory blocks of core0
[18:34:52] @UnlockCable
[18:34:53] Running all active cores....
[18:34:53] @LockCable
[18:34:53] Polling trigger memory of core0....
[18:34:53] @ShiftIR,8,0,ER1
[18:34:53] @ShiftDR,21,0,data (select core0)
[18:34:53] @ShiftIR,8,0,ER2
[18:34:53] @Get Force Trigger bit
[18:34:53] #TM_CTL_0=3
[18:34:54] @Get Trig Detected Cnt
[18:34:54] #numDetectedTriggers = 0
[18:34:54] @Get Mem Block Full Cnt
[18:34:54] #memFullCnt = 0
[18:34:54] detected 0 triggers of core0
[18:34:54] captured 0 memory blocks of core0
[18:34:54] @UnlockCable
[18:34:55] Running all active cores....
[18:34:55] @LockCable
[18:34:55] Polling trigger memory of core0....
[18:34:55] @ShiftIR,8,0,ER1
[18:34:55] @ShiftDR,21,0,data (select core0)
[18:34:55] @ShiftIR,8,0,ER2
[18:34:55] @Get Force Trigger bit
[18:34:55] #TM_CTL_0=3
[18:34:55] @Get Trig Detected Cnt
[18:34:55] #numDetectedTriggers = 0
[18:34:55] @Get Mem Block Full Cnt
[18:34:55] #memFullCnt = 0
[18:34:55] detected 0 triggers of core0
[18:34:55] captured 0 memory blocks of core0
[18:34:55] @UnlockCable
[18:34:56] Running all active cores....
[18:34:56] @LockCable
[18:34:56] Polling trigger memory of core0....
[18:34:56] @ShiftIR,8,0,ER1
[18:34:56] @ShiftDR,21,0,data (select core0)
[18:34:56] @ShiftIR,8,0,ER2
[18:34:56] @Get Force Trigger bit
[18:34:56] #TM_CTL_0=3
[18:34:56] @Get Trig Detected Cnt
[18:34:56] #numDetectedTriggers = 0
[18:34:56] @Get Mem Block Full Cnt
[18:34:56] #memFullCnt = 0
[18:34:56] detected 0 triggers of core0
[18:34:56] captured 0 memory blocks of core0
[18:34:56] @UnlockCable
[18:34:57] Running all active cores....
[18:34:57] @LockCable
[18:34:57] Polling trigger memory of core0....
[18:34:57] @ShiftIR,8,0,ER1
[18:34:57] @ShiftDR,21,0,data (select core0)
[18:34:57] @ShiftIR,8,0,ER2
[18:34:57] @Get Force Trigger bit
[18:34:57] #TM_CTL_0=3
[18:34:57] @Get Trig Detected Cnt
[18:34:57] #numDetectedTriggers = 0
[18:34:57] @Get Mem Block Full Cnt
[18:34:57] #memFullCnt = 0
[18:34:57] detected 0 triggers of core0
[18:34:57] captured 0 memory blocks of core0
[18:34:57] @UnlockCable
[18:34:58] Running all active cores....
[18:34:58] @LockCable
[18:34:58] Polling trigger memory of core0....
[18:34:58] @ShiftIR,8,0,ER1
[18:34:58] @ShiftDR,21,0,data (select core0)
[18:34:58] @ShiftIR,8,0,ER2
[18:34:58] @Get Force Trigger bit
[18:34:58] #TM_CTL_0=3
[18:34:58] @Get Trig Detected Cnt
[18:34:58] #numDetectedTriggers = 0
[18:34:58] @Get Mem Block Full Cnt
[18:34:58] #memFullCnt = 0
[18:34:58] detected 0 triggers of core0
[18:34:58] captured 0 memory blocks of core0
[18:34:58] @UnlockCable
[18:34:59] Running all active cores....
[18:34:59] @LockCable
[18:34:59] Polling trigger memory of core0....
[18:34:59] @ShiftIR,8,0,ER1
[18:34:59] @ShiftDR,21,0,data (select core0)
[18:34:59] @ShiftIR,8,0,ER2
[18:34:59] @Get Force Trigger bit
[18:34:59] #TM_CTL_0=3
[18:34:59] @Get Trig Detected Cnt
[18:34:59] #numDetectedTriggers = 0
[18:34:59] @Get Mem Block Full Cnt
[18:34:59] #memFullCnt = 0
[18:34:59] detected 0 triggers of core0
[18:34:59] captured 0 memory blocks of core0
[18:34:59] @UnlockCable
[18:35:00] Running all active cores....
[18:35:00] @LockCable
[18:35:00] Polling trigger memory of core0....
[18:35:00] @ShiftIR,8,0,ER1
[18:35:00] @ShiftDR,21,0,data (select core0)
[18:35:00] @ShiftIR,8,0,ER2
[18:35:00] @Get Force Trigger bit
[18:35:00] #TM_CTL_0=3
[18:35:00] @Get Trig Detected Cnt
[18:35:00] #numDetectedTriggers = 0
[18:35:00] @Get Mem Block Full Cnt
[18:35:00] #memFullCnt = 0
[18:35:00] detected 0 triggers of core0
[18:35:00] captured 0 memory blocks of core0
[18:35:00] @UnlockCable
[18:35:01] Running all active cores....
[18:35:01] @LockCable
[18:35:01] Polling trigger memory of core0....
[18:35:01] @ShiftIR,8,0,ER1
[18:35:01] @ShiftDR,21,0,data (select core0)
[18:35:01] @ShiftIR,8,0,ER2
[18:35:01] @Get Force Trigger bit
[18:35:01] #TM_CTL_0=3
[18:35:01] @Get Trig Detected Cnt
[18:35:01] #numDetectedTriggers = 0
[18:35:01] @Get Mem Block Full Cnt
[18:35:01] #memFullCnt = 0
[18:35:01] detected 0 triggers of core0
[18:35:01] captured 0 memory blocks of core0
[18:35:01] @UnlockCable
[18:35:02] Running all active cores....
[18:35:02] @LockCable
[18:35:02] Polling trigger memory of core0....
[18:35:02] @ShiftIR,8,0,ER1
[18:35:02] @ShiftDR,21,0,data (select core0)
[18:35:02] @ShiftIR,8,0,ER2
[18:35:02] @Get Force Trigger bit
[18:35:02] #TM_CTL_0=3
[18:35:02] @Get Trig Detected Cnt
[18:35:02] #numDetectedTriggers = 0
[18:35:02] @Get Mem Block Full Cnt
[18:35:02] #memFullCnt = 0
[18:35:02] detected 0 triggers of core0
[18:35:02] captured 0 memory blocks of core0
[18:35:02] @UnlockCable
[18:35:03] Running all active cores....
[18:35:03] @LockCable
[18:35:03] Polling trigger memory of core0....
[18:35:03] @ShiftIR,8,0,ER1
[18:35:03] @ShiftDR,21,0,data (select core0)
[18:35:03] @ShiftIR,8,0,ER2
[18:35:03] @Get Force Trigger bit
[18:35:03] #TM_CTL_0=3
[18:35:03] @Get Trig Detected Cnt
[18:35:03] #numDetectedTriggers = 0
[18:35:03] @Get Mem Block Full Cnt
[18:35:03] #memFullCnt = 0
[18:35:03] detected 0 triggers of core0
[18:35:03] captured 0 memory blocks of core0
[18:35:03] @UnlockCable
[18:35:04] Running all active cores....
[18:35:04] @LockCable
[18:35:04] Polling trigger memory of core0....
[18:35:04] @ShiftIR,8,0,ER1
[18:35:04] @ShiftDR,21,0,data (select core0)
[18:35:04] @ShiftIR,8,0,ER2
[18:35:04] @Get Force Trigger bit
[18:35:04] #TM_CTL_0=3
[18:35:04] @Get Trig Detected Cnt
[18:35:04] #numDetectedTriggers = 0
[18:35:04] @Get Mem Block Full Cnt
[18:35:04] #memFullCnt = 0
[18:35:04] detected 0 triggers of core0
[18:35:04] captured 0 memory blocks of core0
[18:35:04] @UnlockCable
[18:35:05] Running all active cores....
[18:35:05] @LockCable
[18:35:05] Polling trigger memory of core0....
[18:35:05] @ShiftIR,8,0,ER1
[18:35:05] @ShiftDR,21,0,data (select core0)
[18:35:05] @ShiftIR,8,0,ER2
[18:35:05] @Get Force Trigger bit
[18:35:05] #TM_CTL_0=3
[18:35:05] @Get Trig Detected Cnt
[18:35:05] #numDetectedTriggers = 0
[18:35:05] @Get Mem Block Full Cnt
[18:35:05] #memFullCnt = 0
[18:35:05] detected 0 triggers of core0
[18:35:05] captured 0 memory blocks of core0
[18:35:05] @UnlockCable
[18:35:06] Running all active cores....
[18:35:06] @LockCable
[18:35:06] Polling trigger memory of core0....
[18:35:06] @ShiftIR,8,0,ER1
[18:35:06] @ShiftDR,21,0,data (select core0)
[18:35:06] @ShiftIR,8,0,ER2
[18:35:06] @Get Force Trigger bit
[18:35:06] #TM_CTL_0=3
[18:35:06] @Get Trig Detected Cnt
[18:35:06] #numDetectedTriggers = 0
[18:35:06] @Get Mem Block Full Cnt
[18:35:06] #memFullCnt = 0
[18:35:06] detected 0 triggers of core0
[18:35:06] captured 0 memory blocks of core0
[18:35:06] @UnlockCable
[18:35:07] Running all active cores....
[18:35:07] @LockCable
[18:35:07] Polling trigger memory of core0....
[18:35:07] @ShiftIR,8,0,ER1
[18:35:07] @ShiftDR,21,0,data (select core0)
[18:35:07] @ShiftIR,8,0,ER2
[18:35:07] @Get Force Trigger bit
[18:35:07] #TM_CTL_0=3
[18:35:07] @Get Trig Detected Cnt
[18:35:07] #numDetectedTriggers = 0
[18:35:07] @Get Mem Block Full Cnt
[18:35:07] #memFullCnt = 0
[18:35:07] detected 0 triggers of core0
[18:35:07] captured 0 memory blocks of core0
[18:35:07] @UnlockCable
[18:35:08] Running all active cores....
[18:35:08] @LockCable
[18:35:08] Polling trigger memory of core0....
[18:35:08] @ShiftIR,8,0,ER1
[18:35:08] @ShiftDR,21,0,data (select core0)
[18:35:08] @ShiftIR,8,0,ER2
[18:35:08] @Get Force Trigger bit
[18:35:08] #TM_CTL_0=3
[18:35:08] @Get Trig Detected Cnt
[18:35:08] #numDetectedTriggers = 0
[18:35:08] @Get Mem Block Full Cnt
[18:35:08] #memFullCnt = 0
[18:35:08] detected 0 triggers of core0
[18:35:08] captured 0 memory blocks of core0
[18:35:08] @UnlockCable
[18:35:09] Running all active cores....
[18:35:09] @LockCable
[18:35:09] Polling trigger memory of core0....
[18:35:09] @ShiftIR,8,0,ER1
[18:35:09] @ShiftDR,21,0,data (select core0)
[18:35:09] @ShiftIR,8,0,ER2
[18:35:09] @Get Force Trigger bit
[18:35:09] #TM_CTL_0=3
[18:35:09] @Get Trig Detected Cnt
[18:35:09] #numDetectedTriggers = 0
[18:35:09] @Get Mem Block Full Cnt
[18:35:09] #memFullCnt = 0
[18:35:09] detected 0 triggers of core0
[18:35:09] captured 0 memory blocks of core0
[18:35:09] @UnlockCable
[18:35:10] Running all active cores....
[18:35:10] @LockCable
[18:35:10] Polling trigger memory of core0....
[18:35:10] @ShiftIR,8,0,ER1
[18:35:10] @ShiftDR,21,0,data (select core0)
[18:35:10] @ShiftIR,8,0,ER2
[18:35:10] @Get Force Trigger bit
[18:35:10] #TM_CTL_0=3
[18:35:10] @Get Trig Detected Cnt
[18:35:10] #numDetectedTriggers = 0
[18:35:10] @Get Mem Block Full Cnt
[18:35:10] #memFullCnt = 0
[18:35:10] detected 0 triggers of core0
[18:35:10] captured 0 memory blocks of core0
[18:35:10] @UnlockCable
[18:35:11] Running all active cores....
[18:35:11] @LockCable
[18:35:11] Polling trigger memory of core0....
[18:35:11] @ShiftIR,8,0,ER1
[18:35:11] @ShiftDR,21,0,data (select core0)
[18:35:11] @ShiftIR,8,0,ER2
[18:35:11] @Get Force Trigger bit
[18:35:11] #TM_CTL_0=3
[18:35:11] @Get Trig Detected Cnt
[18:35:11] #numDetectedTriggers = 0
[18:35:11] @Get Mem Block Full Cnt
[18:35:11] #memFullCnt = 0
[18:35:11] detected 0 triggers of core0
[18:35:11] captured 0 memory blocks of core0
[18:35:11] @UnlockCable
[18:35:12] Running all active cores....
[18:35:12] @LockCable
[18:35:12] Polling trigger memory of core0....
[18:35:12] @ShiftIR,8,0,ER1
[18:35:12] @ShiftDR,21,0,data (select core0)
[18:35:12] @ShiftIR,8,0,ER2
[18:35:12] @Get Force Trigger bit
[18:35:12] #TM_CTL_0=5
[18:35:12] @Get Trig Detected Cnt
[18:35:12] #numDetectedTriggers = 1
[18:35:12] @Get Mem Block Full Cnt
[18:35:12] #memFullCnt = 1
[18:35:12] Downloading trigger memory of core0....
[18:35:12] @Is LA Armed
[18:35:12] @Set LA Start/Stop readback
[18:35:12] @Set LA Start/Stop 
[18:35:12] @Set LA Start/Stop readback
[18:35:12] @Set LA Start/Stop 
[18:35:12] @Get Trig Detected Cnt
[18:35:12] #numDetectedTriggers = 1
[18:35:12] @Get Mem Block Full Cnt
[18:35:12] #memFullCnt = 1
[18:35:12] @Get Last Addr Written
[18:35:12] #lastAddrWritten = 133
[18:35:12] @Get Multiple Trig Enbl
[18:35:12] #traceWidth=24, userSelectedTriggers=1, numTrigEnable=1
[18:35:12] @Get BurstRead CRC
[18:35:12] @Set Trace Mem Cnter Init
[18:35:12] Uploading in burst mode....
[18:35:12] @ShiftDR,6144,1,data (burst read)
[18:35:12] @GetTDO,data,6144
[18:35:12] @Get BurstRead CRC
[18:35:12] @Get BurstRead CRC
[18:35:12] @Get Pre-Trig Sample Num
[18:35:12] @Get Post-Trig Sample Num
[18:35:12] @Get Pre-Trig Samples Captured
[18:35:12] @Get Trig Ptr
[18:35:12] #trigPtr = 155
[18:35:12] #dataSize=3, numRead=256, trace_out=256
[18:35:12] #trig0={blockPosition:0,triggerPosition:16}
[18:35:12] finished download trigger memory of core0
[18:35:12] @UnlockCable
[18:35:12] @ReleaseCablePort
[18:35:12] @Disconnect
[18:35:12] All messages logged in file C:/work/S127M/PCBNo_10089/SP0565_rev00_00/SP0565/reveal_debug.log
[18:38:13] runProject on device [1. LFE5U-25F] using C:/work/S127M/PCBNo_10089/SP0565_rev00_00/Reveal/Linear.rva [linear.rvl]
[18:38:13] Connecting cableserver to run Reveal debugger....
[18:38:20] @Connect
[18:38:20] @SetSharableApplications,2,Reveal,Mico
[18:38:24] @SetCablePort,USB2,FTUSB-1,8,0,0,1,1,0,0,0,1
[18:38:24] @LockCable
[18:38:24] @GetServerStatus
[18:38:24] @Read
[18:38:24] @SetTargetDevice,0
[18:38:24] Connecting core0....
[18:38:24] @ShiftIR,8,0,ER1
[18:38:24] @ShiftDR,21,0,data (select core0)
[18:38:24] @ShiftIR,8,0,ER2
[18:38:24] Configuring core0....
[18:38:24] @JumpState,RUN_TEST_IDLE
[18:38:24] @JumpState,RUN_TEST_IDLE
[18:38:24] @JumpState,RUN_TEST_IDLE
[18:38:24] @ShiftIR,8,0,NOP
[18:38:24] @JumpState,RUN_TEST_IDLE
[18:38:24] @ShiftIR,8,0,ER2
[18:38:24] @Set Odd Parity readback
[18:38:24] @Set Odd Parity
[18:38:24] @Set LA Start/Stop readback
[18:38:24] @Set LA Start/Stop 
[18:38:24] #Reveal IP Version = 1_6_042617
[18:38:24] @Get Pattern
[18:38:24] #pattern readout = a5a5
[18:38:24] pattern readout passed!
[18:38:24] @Get Tracy Signature
[18:38:24] @Get Tracy Signature
[18:38:24] #signature from core0 = 689120772
[18:38:24] signature from core0 passed!
[18:38:24] @Set Opcode Value
[18:38:24] @Set Comp Value
[18:38:24] @Set Mask Value
[18:38:24] @Set Then Num
[18:38:24] @Set NEXT THEN
[18:38:24] @Set Cnt Cntg
[18:38:24] @Set Event Count
[18:38:24] @Get BurstWrite CRC
[18:38:24] @Set Truth Tbl Addr Cnter Init
[18:38:24] @Set Truth Table Prog
[18:38:24] Configuring in burst mode....
[18:38:24] @Get BurstWrite CRC
[18:38:24] @Enable TE Trig
[18:38:24] @Enable Trig Output OR All readback
[18:38:24] @Enable Trig Output OR All
[18:38:24] @Set Pre-Trig Sample
[18:38:24] @Set Post-Trig Sample
[18:38:24] finished configuration of core0
[18:38:24] Starting all active cores....
[18:38:24] @ShiftIR,8,0,ER1
[18:38:24] @ShiftDR,21,0,data (select active cores)
[18:38:24] @ShiftIR,8,0,ER2
[18:38:24] @Set LA Start cores
[18:38:24] @UnlockCable
[18:38:24] Running all active cores....
[18:38:24] @LockCable
[18:38:24] Polling trigger memory of core0....
[18:38:24] @ShiftIR,8,0,ER1
[18:38:24] @ShiftDR,21,0,data (select core0)
[18:38:24] @ShiftIR,8,0,ER2
[18:38:24] @Get Force Trigger bit
[18:38:24] #TM_CTL_0=3
[18:38:24] @Get Trig Detected Cnt
[18:38:24] #numDetectedTriggers = 0
[18:38:24] @Get Mem Block Full Cnt
[18:38:24] #memFullCnt = 0
[18:38:24] detected 0 triggers of core0
[18:38:24] captured 0 memory blocks of core0
[18:38:24] @UnlockCable
[18:38:25] Running all active cores....
[18:38:25] @LockCable
[18:38:25] Polling trigger memory of core0....
[18:38:25] @ShiftIR,8,0,ER1
[18:38:25] @ShiftDR,21,0,data (select core0)
[18:38:25] @ShiftIR,8,0,ER2
[18:38:25] @Get Force Trigger bit
[18:38:25] #TM_CTL_0=3
[18:38:25] @Get Trig Detected Cnt
[18:38:25] #numDetectedTriggers = 0
[18:38:25] @Get Mem Block Full Cnt
[18:38:25] #memFullCnt = 0
[18:38:25] detected 0 triggers of core0
[18:38:25] captured 0 memory blocks of core0
[18:38:25] @UnlockCable
[18:38:26] Running all active cores....
[18:38:26] @LockCable
[18:38:26] Polling trigger memory of core0....
[18:38:26] @ShiftIR,8,0,ER1
[18:38:26] @ShiftDR,21,0,data (select core0)
[18:38:26] @ShiftIR,8,0,ER2
[18:38:26] @Get Force Trigger bit
[18:38:26] #TM_CTL_0=3
[18:38:26] @Get Trig Detected Cnt
[18:38:26] #numDetectedTriggers = 0
[18:38:26] @Get Mem Block Full Cnt
[18:38:26] #memFullCnt = 0
[18:38:26] detected 0 triggers of core0
[18:38:26] captured 0 memory blocks of core0
[18:38:26] @UnlockCable
[18:38:27] Running all active cores....
[18:38:27] @LockCable
[18:38:27] Polling trigger memory of core0....
[18:38:27] @ShiftIR,8,0,ER1
[18:38:27] @ShiftDR,21,0,data (select core0)
[18:38:27] @ShiftIR,8,0,ER2
[18:38:27] @Get Force Trigger bit
[18:38:27] #TM_CTL_0=3
[18:38:27] @Get Trig Detected Cnt
[18:38:27] #numDetectedTriggers = 0
[18:38:27] @Get Mem Block Full Cnt
[18:38:27] #memFullCnt = 0
[18:38:27] detected 0 triggers of core0
[18:38:27] captured 0 memory blocks of core0
[18:38:27] @UnlockCable
[18:38:28] Running all active cores....
[18:38:28] @LockCable
[18:38:28] Polling trigger memory of core0....
[18:38:28] @ShiftIR,8,0,ER1
[18:38:28] @ShiftDR,21,0,data (select core0)
[18:38:28] @ShiftIR,8,0,ER2
[18:38:28] @Get Force Trigger bit
[18:38:28] #TM_CTL_0=3
[18:38:28] @Get Trig Detected Cnt
[18:38:28] #numDetectedTriggers = 0
[18:38:28] @Get Mem Block Full Cnt
[18:38:28] #memFullCnt = 0
[18:38:28] detected 0 triggers of core0
[18:38:28] captured 0 memory blocks of core0
[18:38:28] @UnlockCable
[18:38:29] Running all active cores....
[18:38:29] @LockCable
[18:38:29] Polling trigger memory of core0....
[18:38:29] @ShiftIR,8,0,ER1
[18:38:29] @ShiftDR,21,0,data (select core0)
[18:38:29] @ShiftIR,8,0,ER2
[18:38:29] @Get Force Trigger bit
[18:38:29] #TM_CTL_0=3
[18:38:29] @Get Trig Detected Cnt
[18:38:29] #numDetectedTriggers = 0
[18:38:29] @Get Mem Block Full Cnt
[18:38:29] #memFullCnt = 0
[18:38:29] detected 0 triggers of core0
[18:38:29] captured 0 memory blocks of core0
[18:38:29] @UnlockCable
[18:38:30] Running all active cores....
[18:38:30] @LockCable
[18:38:30] Polling trigger memory of core0....
[18:38:30] @ShiftIR,8,0,ER1
[18:38:30] @ShiftDR,21,0,data (select core0)
[18:38:30] @ShiftIR,8,0,ER2
[18:38:30] @Get Force Trigger bit
[18:38:30] #TM_CTL_0=3
[18:38:30] @Get Trig Detected Cnt
[18:38:30] #numDetectedTriggers = 0
[18:38:30] @Get Mem Block Full Cnt
[18:38:30] #memFullCnt = 0
[18:38:30] detected 0 triggers of core0
[18:38:30] captured 0 memory blocks of core0
[18:38:30] @UnlockCable
[18:38:31] Running all active cores....
[18:38:31] @LockCable
[18:38:31] Polling trigger memory of core0....
[18:38:31] @ShiftIR,8,0,ER1
[18:38:31] @ShiftDR,21,0,data (select core0)
[18:38:31] @ShiftIR,8,0,ER2
[18:38:31] @Get Force Trigger bit
[18:38:31] #TM_CTL_0=3
[18:38:31] @Get Trig Detected Cnt
[18:38:31] #numDetectedTriggers = 0
[18:38:31] @Get Mem Block Full Cnt
[18:38:31] #memFullCnt = 0
[18:38:31] detected 0 triggers of core0
[18:38:31] captured 0 memory blocks of core0
[18:38:31] @UnlockCable
[18:38:32] Running all active cores....
[18:38:32] @LockCable
[18:38:32] Polling trigger memory of core0....
[18:38:32] @ShiftIR,8,0,ER1
[18:38:32] @ShiftDR,21,0,data (select core0)
[18:38:32] @ShiftIR,8,0,ER2
[18:38:32] @Get Force Trigger bit
[18:38:32] #TM_CTL_0=3
[18:38:32] @Get Trig Detected Cnt
[18:38:32] #numDetectedTriggers = 0
[18:38:32] @Get Mem Block Full Cnt
[18:38:32] #memFullCnt = 0
[18:38:32] detected 0 triggers of core0
[18:38:32] captured 0 memory blocks of core0
[18:38:32] @UnlockCable
[18:38:33] Running all active cores....
[18:38:33] @LockCable
[18:38:33] Polling trigger memory of core0....
[18:38:33] @ShiftIR,8,0,ER1
[18:38:33] @ShiftDR,21,0,data (select core0)
[18:38:33] @ShiftIR,8,0,ER2
[18:38:33] @Get Force Trigger bit
[18:38:33] #TM_CTL_0=3
[18:38:33] @Get Trig Detected Cnt
[18:38:33] #numDetectedTriggers = 0
[18:38:33] @Get Mem Block Full Cnt
[18:38:33] #memFullCnt = 0
[18:38:33] detected 0 triggers of core0
[18:38:33] captured 0 memory blocks of core0
[18:38:33] @UnlockCable
[18:38:34] Running all active cores....
[18:38:34] @LockCable
[18:38:34] Polling trigger memory of core0....
[18:38:34] @ShiftIR,8,0,ER1
[18:38:34] @ShiftDR,21,0,data (select core0)
[18:38:34] @ShiftIR,8,0,ER2
[18:38:34] @Get Force Trigger bit
[18:38:34] #TM_CTL_0=3
[18:38:34] @Get Trig Detected Cnt
[18:38:34] #numDetectedTriggers = 0
[18:38:34] @Get Mem Block Full Cnt
[18:38:34] #memFullCnt = 0
[18:38:34] detected 0 triggers of core0
[18:38:34] captured 0 memory blocks of core0
[18:38:34] @UnlockCable
[18:38:35] Running all active cores....
[18:38:35] @LockCable
[18:38:35] Polling trigger memory of core0....
[18:38:35] @ShiftIR,8,0,ER1
[18:38:35] @ShiftDR,21,0,data (select core0)
[18:38:35] @ShiftIR,8,0,ER2
[18:38:35] @Get Force Trigger bit
[18:38:35] #TM_CTL_0=3
[18:38:35] @Get Trig Detected Cnt
[18:38:35] #numDetectedTriggers = 0
[18:38:35] @Get Mem Block Full Cnt
[18:38:35] #memFullCnt = 0
[18:38:35] detected 0 triggers of core0
[18:38:35] captured 0 memory blocks of core0
[18:38:35] @UnlockCable
[18:38:37] Running all active cores....
[18:38:37] @LockCable
[18:38:37] Polling trigger memory of core0....
[18:38:37] @ShiftIR,8,0,ER1
[18:38:37] @ShiftDR,21,0,data (select core0)
[18:38:37] @ShiftIR,8,0,ER2
[18:38:37] @Get Force Trigger bit
[18:38:37] #TM_CTL_0=3
[18:38:37] @Get Trig Detected Cnt
[18:38:37] #numDetectedTriggers = 0
[18:38:37] @Get Mem Block Full Cnt
[18:38:37] #memFullCnt = 0
[18:38:37] detected 0 triggers of core0
[18:38:37] captured 0 memory blocks of core0
[18:38:37] @UnlockCable
[18:38:38] Running all active cores....
[18:38:38] @LockCable
[18:38:38] Polling trigger memory of core0....
[18:38:38] @ShiftIR,8,0,ER1
[18:38:38] @ShiftDR,21,0,data (select core0)
[18:38:38] @ShiftIR,8,0,ER2
[18:38:38] @Get Force Trigger bit
[18:38:38] #TM_CTL_0=3
[18:38:38] @Get Trig Detected Cnt
[18:38:38] #numDetectedTriggers = 0
[18:38:38] @Get Mem Block Full Cnt
[18:38:38] #memFullCnt = 0
[18:38:38] detected 0 triggers of core0
[18:38:38] captured 0 memory blocks of core0
[18:38:38] @UnlockCable
[18:38:39] Running all active cores....
[18:38:39] @LockCable
[18:38:39] Polling trigger memory of core0....
[18:38:39] @ShiftIR,8,0,ER1
[18:38:39] @ShiftDR,21,0,data (select core0)
[18:38:39] @ShiftIR,8,0,ER2
[18:38:39] @Get Force Trigger bit
[18:38:39] #TM_CTL_0=3
[18:38:39] @Get Trig Detected Cnt
[18:38:39] #numDetectedTriggers = 0
[18:38:39] @Get Mem Block Full Cnt
[18:38:39] #memFullCnt = 0
[18:38:39] detected 0 triggers of core0
[18:38:39] captured 0 memory blocks of core0
[18:38:39] @UnlockCable
[18:38:40] Running all active cores....
[18:38:40] @LockCable
[18:38:40] Polling trigger memory of core0....
[18:38:40] @ShiftIR,8,0,ER1
[18:38:40] @ShiftDR,21,0,data (select core0)
[18:38:40] @ShiftIR,8,0,ER2
[18:38:40] @Get Force Trigger bit
[18:38:40] #TM_CTL_0=3
[18:38:40] @Get Trig Detected Cnt
[18:38:40] #numDetectedTriggers = 0
[18:38:40] @Get Mem Block Full Cnt
[18:38:40] #memFullCnt = 0
[18:38:40] detected 0 triggers of core0
[18:38:40] captured 0 memory blocks of core0
[18:38:40] @UnlockCable
[18:38:41] Running all active cores....
[18:38:41] @LockCable
[18:38:41] Polling trigger memory of core0....
[18:38:41] @ShiftIR,8,0,ER1
[18:38:41] @ShiftDR,21,0,data (select core0)
[18:38:41] @ShiftIR,8,0,ER2
[18:38:41] @Get Force Trigger bit
[18:38:41] #TM_CTL_0=3
[18:38:41] @Get Trig Detected Cnt
[18:38:41] #numDetectedTriggers = 0
[18:38:41] @Get Mem Block Full Cnt
[18:38:41] #memFullCnt = 0
[18:38:41] detected 0 triggers of core0
[18:38:41] captured 0 memory blocks of core0
[18:38:41] @UnlockCable
[18:38:42] Running all active cores....
[18:38:42] @LockCable
[18:38:42] Polling trigger memory of core0....
[18:38:42] @ShiftIR,8,0,ER1
[18:38:42] @ShiftDR,21,0,data (select core0)
[18:38:42] @ShiftIR,8,0,ER2
[18:38:42] @Get Force Trigger bit
[18:38:42] #TM_CTL_0=3
[18:38:42] @Get Trig Detected Cnt
[18:38:42] #numDetectedTriggers = 0
[18:38:42] @Get Mem Block Full Cnt
[18:38:42] #memFullCnt = 0
[18:38:42] detected 0 triggers of core0
[18:38:42] captured 0 memory blocks of core0
[18:38:42] @UnlockCable
[18:38:43] Running all active cores....
[18:38:43] @LockCable
[18:38:43] Polling trigger memory of core0....
[18:38:43] @ShiftIR,8,0,ER1
[18:38:43] @ShiftDR,21,0,data (select core0)
[18:38:43] @ShiftIR,8,0,ER2
[18:38:43] @Get Force Trigger bit
[18:38:43] #TM_CTL_0=3
[18:38:43] @Get Trig Detected Cnt
[18:38:43] #numDetectedTriggers = 0
[18:38:43] @Get Mem Block Full Cnt
[18:38:43] #memFullCnt = 0
[18:38:43] detected 0 triggers of core0
[18:38:43] captured 0 memory blocks of core0
[18:38:43] @UnlockCable
[18:38:44] Running all active cores....
[18:38:44] @LockCable
[18:38:44] Polling trigger memory of core0....
[18:38:44] @ShiftIR,8,0,ER1
[18:38:44] @ShiftDR,21,0,data (select core0)
[18:38:44] @ShiftIR,8,0,ER2
[18:38:44] @Get Force Trigger bit
[18:38:44] #TM_CTL_0=3
[18:38:44] @Get Trig Detected Cnt
[18:38:44] #numDetectedTriggers = 0
[18:38:44] @Get Mem Block Full Cnt
[18:38:44] #memFullCnt = 0
[18:38:44] detected 0 triggers of core0
[18:38:44] captured 0 memory blocks of core0
[18:38:44] @UnlockCable
[18:38:45] Running all active cores....
[18:38:45] @LockCable
[18:38:45] Polling trigger memory of core0....
[18:38:45] @ShiftIR,8,0,ER1
[18:38:45] @ShiftDR,21,0,data (select core0)
[18:38:45] @ShiftIR,8,0,ER2
[18:38:45] @Get Force Trigger bit
[18:38:45] #TM_CTL_0=3
[18:38:45] @Get Trig Detected Cnt
[18:38:45] #numDetectedTriggers = 0
[18:38:45] @Get Mem Block Full Cnt
[18:38:45] #memFullCnt = 0
[18:38:45] detected 0 triggers of core0
[18:38:45] captured 0 memory blocks of core0
[18:38:45] @UnlockCable
[18:38:46] Running all active cores....
[18:38:46] @LockCable
[18:38:46] Polling trigger memory of core0....
[18:38:46] @ShiftIR,8,0,ER1
[18:38:46] @ShiftDR,21,0,data (select core0)
[18:38:46] @ShiftIR,8,0,ER2
[18:38:46] @Get Force Trigger bit
[18:38:46] #TM_CTL_0=3
[18:38:46] @Get Trig Detected Cnt
[18:38:46] #numDetectedTriggers = 0
[18:38:46] @Get Mem Block Full Cnt
[18:38:46] #memFullCnt = 0
[18:38:46] detected 0 triggers of core0
[18:38:46] captured 0 memory blocks of core0
[18:38:46] @UnlockCable
[18:38:47] Running all active cores....
[18:38:47] @LockCable
[18:38:47] Polling trigger memory of core0....
[18:38:47] @ShiftIR,8,0,ER1
[18:38:47] @ShiftDR,21,0,data (select core0)
[18:38:47] @ShiftIR,8,0,ER2
[18:38:47] @Get Force Trigger bit
[18:38:47] #TM_CTL_0=3
[18:38:47] @Get Trig Detected Cnt
[18:38:47] #numDetectedTriggers = 0
[18:38:47] @Get Mem Block Full Cnt
[18:38:47] #memFullCnt = 0
[18:38:47] detected 0 triggers of core0
[18:38:47] captured 0 memory blocks of core0
[18:38:47] @UnlockCable
[18:38:48] Running all active cores....
[18:38:48] @LockCable
[18:38:48] Polling trigger memory of core0....
[18:38:48] @ShiftIR,8,0,ER1
[18:38:48] @ShiftDR,21,0,data (select core0)
[18:38:48] @ShiftIR,8,0,ER2
[18:38:48] @Get Force Trigger bit
[18:38:48] #TM_CTL_0=3
[18:38:48] @Get Trig Detected Cnt
[18:38:48] #numDetectedTriggers = 0
[18:38:48] @Get Mem Block Full Cnt
[18:38:48] #memFullCnt = 0
[18:38:48] detected 0 triggers of core0
[18:38:48] captured 0 memory blocks of core0
[18:38:48] @UnlockCable
[18:38:49] Running all active cores....
[18:38:49] @LockCable
[18:38:49] Polling trigger memory of core0....
[18:38:49] @ShiftIR,8,0,ER1
[18:38:49] @ShiftDR,21,0,data (select core0)
[18:38:49] @ShiftIR,8,0,ER2
[18:38:49] @Get Force Trigger bit
[18:38:49] #TM_CTL_0=3
[18:38:49] @Get Trig Detected Cnt
[18:38:49] #numDetectedTriggers = 0
[18:38:49] @Get Mem Block Full Cnt
[18:38:49] #memFullCnt = 0
[18:38:49] detected 0 triggers of core0
[18:38:49] captured 0 memory blocks of core0
[18:38:49] @UnlockCable
[18:38:50] Running all active cores....
[18:38:50] @LockCable
[18:38:50] Polling trigger memory of core0....
[18:38:50] @ShiftIR,8,0,ER1
[18:38:50] @ShiftDR,21,0,data (select core0)
[18:38:50] @ShiftIR,8,0,ER2
[18:38:50] @Get Force Trigger bit
[18:38:50] #TM_CTL_0=3
[18:38:50] @Get Trig Detected Cnt
[18:38:50] #numDetectedTriggers = 0
[18:38:50] @Get Mem Block Full Cnt
[18:38:50] #memFullCnt = 0
[18:38:50] detected 0 triggers of core0
[18:38:50] captured 0 memory blocks of core0
[18:38:50] @UnlockCable
[18:38:51] Running all active cores....
[18:38:51] @LockCable
[18:38:51] Polling trigger memory of core0....
[18:38:51] @ShiftIR,8,0,ER1
[18:38:51] @ShiftDR,21,0,data (select core0)
[18:38:51] @ShiftIR,8,0,ER2
[18:38:51] @Get Force Trigger bit
[18:38:51] #TM_CTL_0=3
[18:38:51] @Get Trig Detected Cnt
[18:38:51] #numDetectedTriggers = 0
[18:38:51] @Get Mem Block Full Cnt
[18:38:51] #memFullCnt = 0
[18:38:51] detected 0 triggers of core0
[18:38:51] captured 0 memory blocks of core0
[18:38:51] @UnlockCable
[18:38:52] Running all active cores....
[18:38:52] @LockCable
[18:38:52] Polling trigger memory of core0....
[18:38:52] @ShiftIR,8,0,ER1
[18:38:52] @ShiftDR,21,0,data (select core0)
[18:38:52] @ShiftIR,8,0,ER2
[18:38:52] @Get Force Trigger bit
[18:38:52] #TM_CTL_0=3
[18:38:52] @Get Trig Detected Cnt
[18:38:52] #numDetectedTriggers = 0
[18:38:52] @Get Mem Block Full Cnt
[18:38:52] #memFullCnt = 0
[18:38:52] detected 0 triggers of core0
[18:38:52] captured 0 memory blocks of core0
[18:38:52] @UnlockCable
[18:38:53] Running all active cores....
[18:38:53] @LockCable
[18:38:53] Polling trigger memory of core0....
[18:38:53] @ShiftIR,8,0,ER1
[18:38:53] @ShiftDR,21,0,data (select core0)
[18:38:53] @ShiftIR,8,0,ER2
[18:38:53] @Get Force Trigger bit
[18:38:53] #TM_CTL_0=3
[18:38:53] @Get Trig Detected Cnt
[18:38:53] #numDetectedTriggers = 0
[18:38:53] @Get Mem Block Full Cnt
[18:38:53] #memFullCnt = 0
[18:38:53] detected 0 triggers of core0
[18:38:53] captured 0 memory blocks of core0
[18:38:53] @UnlockCable
[18:38:54] Running all active cores....
[18:38:54] @LockCable
[18:38:54] Polling trigger memory of core0....
[18:38:54] @ShiftIR,8,0,ER1
[18:38:54] @ShiftDR,21,0,data (select core0)
[18:38:54] @ShiftIR,8,0,ER2
[18:38:54] @Get Force Trigger bit
[18:38:54] #TM_CTL_0=3
[18:38:54] @Get Trig Detected Cnt
[18:38:54] #numDetectedTriggers = 0
[18:38:54] @Get Mem Block Full Cnt
[18:38:54] #memFullCnt = 0
[18:38:54] detected 0 triggers of core0
[18:38:54] captured 0 memory blocks of core0
[18:38:54] @UnlockCable
[18:38:55] Running all active cores....
[18:38:55] @LockCable
[18:38:55] Polling trigger memory of core0....
[18:38:55] @ShiftIR,8,0,ER1
[18:38:55] @ShiftDR,21,0,data (select core0)
[18:38:55] @ShiftIR,8,0,ER2
[18:38:55] @Get Force Trigger bit
[18:38:55] #TM_CTL_0=3
[18:38:55] @Get Trig Detected Cnt
[18:38:55] #numDetectedTriggers = 0
[18:38:55] @Get Mem Block Full Cnt
[18:38:55] #memFullCnt = 0
[18:38:55] detected 0 triggers of core0
[18:38:55] captured 0 memory blocks of core0
[18:38:55] @UnlockCable
[18:38:56] Running all active cores....
[18:38:56] @LockCable
[18:38:56] Polling trigger memory of core0....
[18:38:56] @ShiftIR,8,0,ER1
[18:38:56] @ShiftDR,21,0,data (select core0)
[18:38:56] @ShiftIR,8,0,ER2
[18:38:56] @Get Force Trigger bit
[18:38:56] #TM_CTL_0=3
[18:38:56] @Get Trig Detected Cnt
[18:38:56] #numDetectedTriggers = 0
[18:38:56] @Get Mem Block Full Cnt
[18:38:56] #memFullCnt = 0
[18:38:56] detected 0 triggers of core0
[18:38:56] captured 0 memory blocks of core0
[18:38:56] @UnlockCable
[18:38:57] Running all active cores....
[18:38:57] @LockCable
[18:38:57] Polling trigger memory of core0....
[18:38:57] @ShiftIR,8,0,ER1
[18:38:57] @ShiftDR,21,0,data (select core0)
[18:38:57] @ShiftIR,8,0,ER2
[18:38:57] @Get Force Trigger bit
[18:38:57] #TM_CTL_0=3
[18:38:57] @Get Trig Detected Cnt
[18:38:57] #numDetectedTriggers = 0
[18:38:57] @Get Mem Block Full Cnt
[18:38:57] #memFullCnt = 0
[18:38:57] detected 0 triggers of core0
[18:38:57] captured 0 memory blocks of core0
[18:38:57] @UnlockCable
[18:38:58] Running all active cores....
[18:38:58] @LockCable
[18:38:58] Polling trigger memory of core0....
[18:38:58] @ShiftIR,8,0,ER1
[18:38:58] @ShiftDR,21,0,data (select core0)
[18:38:58] @ShiftIR,8,0,ER2
[18:38:58] @Get Force Trigger bit
[18:38:58] #TM_CTL_0=3
[18:38:58] @Get Trig Detected Cnt
[18:38:58] #numDetectedTriggers = 0
[18:38:58] @Get Mem Block Full Cnt
[18:38:58] #memFullCnt = 0
[18:38:58] detected 0 triggers of core0
[18:38:58] captured 0 memory blocks of core0
[18:38:58] @UnlockCable
[18:38:59] Running all active cores....
[18:38:59] @LockCable
[18:38:59] Polling trigger memory of core0....
[18:38:59] @ShiftIR,8,0,ER1
[18:38:59] @ShiftDR,21,0,data (select core0)
[18:38:59] @ShiftIR,8,0,ER2
[18:38:59] @Get Force Trigger bit
[18:38:59] #TM_CTL_0=3
[18:38:59] @Get Trig Detected Cnt
[18:38:59] #numDetectedTriggers = 0
[18:38:59] @Get Mem Block Full Cnt
[18:38:59] #memFullCnt = 0
[18:38:59] detected 0 triggers of core0
[18:38:59] captured 0 memory blocks of core0
[18:38:59] @UnlockCable
[18:39:00] Running all active cores....
[18:39:00] @LockCable
[18:39:00] Polling trigger memory of core0....
[18:39:00] @ShiftIR,8,0,ER1
[18:39:00] @ShiftDR,21,0,data (select core0)
[18:39:00] @ShiftIR,8,0,ER2
[18:39:00] @Get Force Trigger bit
[18:39:00] #TM_CTL_0=3
[18:39:00] @Get Trig Detected Cnt
[18:39:00] #numDetectedTriggers = 0
[18:39:00] @Get Mem Block Full Cnt
[18:39:00] #memFullCnt = 0
[18:39:00] detected 0 triggers of core0
[18:39:00] captured 0 memory blocks of core0
[18:39:00] @UnlockCable
[18:39:01] Running all active cores....
[18:39:01] @LockCable
[18:39:01] Polling trigger memory of core0....
[18:39:01] @ShiftIR,8,0,ER1
[18:39:01] @ShiftDR,21,0,data (select core0)
[18:39:01] @ShiftIR,8,0,ER2
[18:39:01] @Get Force Trigger bit
[18:39:01] #TM_CTL_0=3
[18:39:01] @Get Trig Detected Cnt
[18:39:01] #numDetectedTriggers = 0
[18:39:01] @Get Mem Block Full Cnt
[18:39:01] #memFullCnt = 0
[18:39:01] detected 0 triggers of core0
[18:39:01] captured 0 memory blocks of core0
[18:39:01] @UnlockCable
[18:39:02] Running all active cores....
[18:39:02] @LockCable
[18:39:02] Polling trigger memory of core0....
[18:39:02] @ShiftIR,8,0,ER1
[18:39:02] @ShiftDR,21,0,data (select core0)
[18:39:02] @ShiftIR,8,0,ER2
[18:39:02] @Get Force Trigger bit
[18:39:02] #TM_CTL_0=3
[18:39:02] @Get Trig Detected Cnt
[18:39:02] #numDetectedTriggers = 0
[18:39:02] @Get Mem Block Full Cnt
[18:39:02] #memFullCnt = 0
[18:39:02] detected 0 triggers of core0
[18:39:02] captured 0 memory blocks of core0
[18:39:02] @UnlockCable
[18:39:03] Running all active cores....
[18:39:03] @LockCable
[18:39:03] Polling trigger memory of core0....
[18:39:03] @ShiftIR,8,0,ER1
[18:39:03] @ShiftDR,21,0,data (select core0)
[18:39:03] @ShiftIR,8,0,ER2
[18:39:03] @Get Force Trigger bit
[18:39:03] #TM_CTL_0=3
[18:39:03] @Get Trig Detected Cnt
[18:39:03] #numDetectedTriggers = 0
[18:39:03] @Get Mem Block Full Cnt
[18:39:03] #memFullCnt = 0
[18:39:03] detected 0 triggers of core0
[18:39:03] captured 0 memory blocks of core0
[18:39:03] @UnlockCable
[18:39:04] Running all active cores....
[18:39:04] @LockCable
[18:39:04] Polling trigger memory of core0....
[18:39:04] @ShiftIR,8,0,ER1
[18:39:04] @ShiftDR,21,0,data (select core0)
[18:39:04] @ShiftIR,8,0,ER2
[18:39:04] @Get Force Trigger bit
[18:39:04] #TM_CTL_0=3
[18:39:04] @Get Trig Detected Cnt
[18:39:04] #numDetectedTriggers = 0
[18:39:04] @Get Mem Block Full Cnt
[18:39:04] #memFullCnt = 0
[18:39:04] detected 0 triggers of core0
[18:39:04] captured 0 memory blocks of core0
[18:39:04] @UnlockCable
[18:39:05] Running all active cores....
[18:39:05] @LockCable
[18:39:05] Polling trigger memory of core0....
[18:39:05] @ShiftIR,8,0,ER1
[18:39:05] @ShiftDR,21,0,data (select core0)
[18:39:05] @ShiftIR,8,0,ER2
[18:39:05] @Get Force Trigger bit
[18:39:05] #TM_CTL_0=3
[18:39:05] @Get Trig Detected Cnt
[18:39:05] #numDetectedTriggers = 0
[18:39:05] @Get Mem Block Full Cnt
[18:39:05] #memFullCnt = 0
[18:39:05] detected 0 triggers of core0
[18:39:05] captured 0 memory blocks of core0
[18:39:05] @UnlockCable
[18:39:06] Running all active cores....
[18:39:06] @LockCable
[18:39:06] Polling trigger memory of core0....
[18:39:06] @ShiftIR,8,0,ER1
[18:39:06] @ShiftDR,21,0,data (select core0)
[18:39:06] @ShiftIR,8,0,ER2
[18:39:06] @Get Force Trigger bit
[18:39:06] #TM_CTL_0=3
[18:39:06] @Get Trig Detected Cnt
[18:39:06] #numDetectedTriggers = 0
[18:39:06] @Get Mem Block Full Cnt
[18:39:06] #memFullCnt = 0
[18:39:06] detected 0 triggers of core0
[18:39:06] captured 0 memory blocks of core0
[18:39:06] @UnlockCable
[18:39:07] Running all active cores....
[18:39:07] @LockCable
[18:39:07] Polling trigger memory of core0....
[18:39:07] @ShiftIR,8,0,ER1
[18:39:07] @ShiftDR,21,0,data (select core0)
[18:39:07] @ShiftIR,8,0,ER2
[18:39:07] @Get Force Trigger bit
[18:39:07] #TM_CTL_0=3
[18:39:07] @Get Trig Detected Cnt
[18:39:07] #numDetectedTriggers = 0
[18:39:07] @Get Mem Block Full Cnt
[18:39:07] #memFullCnt = 0
[18:39:07] detected 0 triggers of core0
[18:39:07] captured 0 memory blocks of core0
[18:39:07] @UnlockCable
[18:39:08] Running all active cores....
[18:39:08] @LockCable
[18:39:08] Polling trigger memory of core0....
[18:39:08] @ShiftIR,8,0,ER1
[18:39:08] @ShiftDR,21,0,data (select core0)
[18:39:08] @ShiftIR,8,0,ER2
[18:39:08] @Get Force Trigger bit
[18:39:08] #TM_CTL_0=3
[18:39:08] @Get Trig Detected Cnt
[18:39:08] #numDetectedTriggers = 0
[18:39:08] @Get Mem Block Full Cnt
[18:39:08] #memFullCnt = 0
[18:39:08] detected 0 triggers of core0
[18:39:08] captured 0 memory blocks of core0
[18:39:08] @UnlockCable
[18:39:09] Running all active cores....
[18:39:09] @LockCable
[18:39:09] Polling trigger memory of core0....
[18:39:09] @ShiftIR,8,0,ER1
[18:39:09] @ShiftDR,21,0,data (select core0)
[18:39:09] @ShiftIR,8,0,ER2
[18:39:09] @Get Force Trigger bit
[18:39:09] #TM_CTL_0=3
[18:39:09] @Get Trig Detected Cnt
[18:39:09] #numDetectedTriggers = 0
[18:39:09] @Get Mem Block Full Cnt
[18:39:09] #memFullCnt = 0
[18:39:09] detected 0 triggers of core0
[18:39:09] captured 0 memory blocks of core0
[18:39:09] @UnlockCable
[18:39:10] Running all active cores....
[18:39:10] @LockCable
[18:39:10] Polling trigger memory of core0....
[18:39:10] @ShiftIR,8,0,ER1
[18:39:10] @ShiftDR,21,0,data (select core0)
[18:39:10] @ShiftIR,8,0,ER2
[18:39:10] @Get Force Trigger bit
[18:39:10] #TM_CTL_0=3
[18:39:10] @Get Trig Detected Cnt
[18:39:10] #numDetectedTriggers = 0
[18:39:10] @Get Mem Block Full Cnt
[18:39:10] #memFullCnt = 0
[18:39:10] detected 0 triggers of core0
[18:39:10] captured 0 memory blocks of core0
[18:39:10] @UnlockCable
[18:39:11] Running all active cores....
[18:39:11] @LockCable
[18:39:11] Polling trigger memory of core0....
[18:39:11] @ShiftIR,8,0,ER1
[18:39:11] @ShiftDR,21,0,data (select core0)
[18:39:11] @ShiftIR,8,0,ER2
[18:39:11] @Get Force Trigger bit
[18:39:11] #TM_CTL_0=3
[18:39:11] @Get Trig Detected Cnt
[18:39:11] #numDetectedTriggers = 0
[18:39:11] @Get Mem Block Full Cnt
[18:39:11] #memFullCnt = 0
[18:39:11] detected 0 triggers of core0
[18:39:11] captured 0 memory blocks of core0
[18:39:11] @UnlockCable
[18:39:12] Running all active cores....
[18:39:12] @LockCable
[18:39:12] Polling trigger memory of core0....
[18:39:12] @ShiftIR,8,0,ER1
[18:39:12] @ShiftDR,21,0,data (select core0)
[18:39:12] @ShiftIR,8,0,ER2
[18:39:12] @Get Force Trigger bit
[18:39:12] #TM_CTL_0=3
[18:39:12] @Get Trig Detected Cnt
[18:39:12] #numDetectedTriggers = 0
[18:39:12] @Get Mem Block Full Cnt
[18:39:12] #memFullCnt = 0
[18:39:12] detected 0 triggers of core0
[18:39:12] captured 0 memory blocks of core0
[18:39:12] @UnlockCable
[18:39:13] Running all active cores....
[18:39:13] @LockCable
[18:39:13] Polling trigger memory of core0....
[18:39:13] @ShiftIR,8,0,ER1
[18:39:13] @ShiftDR,21,0,data (select core0)
[18:39:13] @ShiftIR,8,0,ER2
[18:39:13] @Get Force Trigger bit
[18:39:13] #TM_CTL_0=3
[18:39:13] @Get Trig Detected Cnt
[18:39:13] #numDetectedTriggers = 0
[18:39:13] @Get Mem Block Full Cnt
[18:39:13] #memFullCnt = 0
[18:39:13] detected 0 triggers of core0
[18:39:13] captured 0 memory blocks of core0
[18:39:13] @UnlockCable
[18:39:14] Running all active cores....
[18:39:14] @LockCable
[18:39:14] Polling trigger memory of core0....
[18:39:14] @ShiftIR,8,0,ER1
[18:39:14] @ShiftDR,21,0,data (select core0)
[18:39:14] @ShiftIR,8,0,ER2
[18:39:14] @Get Force Trigger bit
[18:39:14] #TM_CTL_0=3
[18:39:14] @Get Trig Detected Cnt
[18:39:14] #numDetectedTriggers = 0
[18:39:14] @Get Mem Block Full Cnt
[18:39:14] #memFullCnt = 0
[18:39:14] detected 0 triggers of core0
[18:39:14] captured 0 memory blocks of core0
[18:39:14] @UnlockCable
[18:39:15] Running all active cores....
[18:39:15] @LockCable
[18:39:15] Polling trigger memory of core0....
[18:39:15] @ShiftIR,8,0,ER1
[18:39:15] @ShiftDR,21,0,data (select core0)
[18:39:15] @ShiftIR,8,0,ER2
[18:39:15] @Get Force Trigger bit
[18:39:15] #TM_CTL_0=3
[18:39:15] @Get Trig Detected Cnt
[18:39:15] #numDetectedTriggers = 0
[18:39:15] @Get Mem Block Full Cnt
[18:39:15] #memFullCnt = 0
[18:39:15] detected 0 triggers of core0
[18:39:15] captured 0 memory blocks of core0
[18:39:15] @UnlockCable
[18:39:16] Running all active cores....
[18:39:16] @LockCable
[18:39:16] Polling trigger memory of core0....
[18:39:16] @ShiftIR,8,0,ER1
[18:39:16] @ShiftDR,21,0,data (select core0)
[18:39:16] @ShiftIR,8,0,ER2
[18:39:16] @Get Force Trigger bit
[18:39:16] #TM_CTL_0=3
[18:39:16] @Get Trig Detected Cnt
[18:39:16] #numDetectedTriggers = 0
[18:39:16] @Get Mem Block Full Cnt
[18:39:16] #memFullCnt = 0
[18:39:16] detected 0 triggers of core0
[18:39:16] captured 0 memory blocks of core0
[18:39:16] @UnlockCable
[18:39:17] Running all active cores....
[18:39:17] @LockCable
[18:39:17] Polling trigger memory of core0....
[18:39:17] @ShiftIR,8,0,ER1
[18:39:17] @ShiftDR,21,0,data (select core0)
[18:39:17] @ShiftIR,8,0,ER2
[18:39:17] @Get Force Trigger bit
[18:39:17] #TM_CTL_0=3
[18:39:17] @Get Trig Detected Cnt
[18:39:17] #numDetectedTriggers = 0
[18:39:17] @Get Mem Block Full Cnt
[18:39:17] #memFullCnt = 0
[18:39:17] detected 0 triggers of core0
[18:39:17] captured 0 memory blocks of core0
[18:39:17] @UnlockCable
[18:39:18] Running all active cores....
[18:39:18] @LockCable
[18:39:18] Polling trigger memory of core0....
[18:39:18] @ShiftIR,8,0,ER1
[18:39:18] @ShiftDR,21,0,data (select core0)
[18:39:18] @ShiftIR,8,0,ER2
[18:39:18] @Get Force Trigger bit
[18:39:18] #TM_CTL_0=3
[18:39:18] @Get Trig Detected Cnt
[18:39:18] #numDetectedTriggers = 0
[18:39:18] @Get Mem Block Full Cnt
[18:39:18] #memFullCnt = 0
[18:39:18] detected 0 triggers of core0
[18:39:18] captured 0 memory blocks of core0
[18:39:18] @UnlockCable
[18:39:19] Running all active cores....
[18:39:19] @LockCable
[18:39:19] Polling trigger memory of core0....
[18:39:19] @ShiftIR,8,0,ER1
[18:39:19] @ShiftDR,21,0,data (select core0)
[18:39:19] @ShiftIR,8,0,ER2
[18:39:19] @Get Force Trigger bit
[18:39:19] #TM_CTL_0=3
[18:39:19] @Get Trig Detected Cnt
[18:39:19] #numDetectedTriggers = 0
[18:39:19] @Get Mem Block Full Cnt
[18:39:19] #memFullCnt = 0
[18:39:19] detected 0 triggers of core0
[18:39:19] captured 0 memory blocks of core0
[18:39:19] @UnlockCable
[18:39:20] Running all active cores....
[18:39:20] @LockCable
[18:39:20] Polling trigger memory of core0....
[18:39:20] @ShiftIR,8,0,ER1
[18:39:20] @ShiftDR,21,0,data (select core0)
[18:39:20] @ShiftIR,8,0,ER2
[18:39:20] @Get Force Trigger bit
[18:39:20] #TM_CTL_0=3
[18:39:20] @Get Trig Detected Cnt
[18:39:20] #numDetectedTriggers = 0
[18:39:20] @Get Mem Block Full Cnt
[18:39:20] #memFullCnt = 0
[18:39:20] detected 0 triggers of core0
[18:39:20] captured 0 memory blocks of core0
[18:39:20] @UnlockCable
[18:39:21] Running all active cores....
[18:39:21] @LockCable
[18:39:21] Polling trigger memory of core0....
[18:39:21] @ShiftIR,8,0,ER1
[18:39:21] @ShiftDR,21,0,data (select core0)
[18:39:21] @ShiftIR,8,0,ER2
[18:39:21] @Get Force Trigger bit
[18:39:21] #TM_CTL_0=3
[18:39:21] @Get Trig Detected Cnt
[18:39:21] #numDetectedTriggers = 0
[18:39:21] @Get Mem Block Full Cnt
[18:39:21] #memFullCnt = 0
[18:39:21] detected 0 triggers of core0
[18:39:21] captured 0 memory blocks of core0
[18:39:21] @UnlockCable
[18:39:23] Running all active cores....
[18:39:23] @LockCable
[18:39:23] Polling trigger memory of core0....
[18:39:23] @ShiftIR,8,0,ER1
[18:39:23] @ShiftDR,21,0,data (select core0)
[18:39:23] @ShiftIR,8,0,ER2
[18:39:23] @Get Force Trigger bit
[18:39:23] #TM_CTL_0=3
[18:39:23] @Get Trig Detected Cnt
[18:39:23] #numDetectedTriggers = 0
[18:39:23] @Get Mem Block Full Cnt
[18:39:23] #memFullCnt = 0
[18:39:23] detected 0 triggers of core0
[18:39:23] captured 0 memory blocks of core0
[18:39:23] @UnlockCable
[18:39:24] Running all active cores....
[18:39:24] @LockCable
[18:39:24] Polling trigger memory of core0....
[18:39:24] @ShiftIR,8,0,ER1
[18:39:24] @ShiftDR,21,0,data (select core0)
[18:39:24] @ShiftIR,8,0,ER2
[18:39:24] @Get Force Trigger bit
[18:39:24] #TM_CTL_0=3
[18:39:24] @Get Trig Detected Cnt
[18:39:24] #numDetectedTriggers = 0
[18:39:24] @Get Mem Block Full Cnt
[18:39:24] #memFullCnt = 0
[18:39:24] detected 0 triggers of core0
[18:39:24] captured 0 memory blocks of core0
[18:39:24] @UnlockCable
[18:39:25] Running all active cores....
[18:39:25] @LockCable
[18:39:25] Polling trigger memory of core0....
[18:39:25] @ShiftIR,8,0,ER1
[18:39:25] @ShiftDR,21,0,data (select core0)
[18:39:25] @ShiftIR,8,0,ER2
[18:39:25] @Get Force Trigger bit
[18:39:25] #TM_CTL_0=3
[18:39:25] @Get Trig Detected Cnt
[18:39:25] #numDetectedTriggers = 0
[18:39:25] @Get Mem Block Full Cnt
[18:39:25] #memFullCnt = 0
[18:39:25] detected 0 triggers of core0
[18:39:25] captured 0 memory blocks of core0
[18:39:25] @UnlockCable
[18:39:26] Running all active cores....
[18:39:26] @LockCable
[18:39:26] Polling trigger memory of core0....
[18:39:26] @ShiftIR,8,0,ER1
[18:39:26] @ShiftDR,21,0,data (select core0)
[18:39:26] @ShiftIR,8,0,ER2
[18:39:26] @Get Force Trigger bit
[18:39:26] #TM_CTL_0=3
[18:39:26] @Get Trig Detected Cnt
[18:39:26] #numDetectedTriggers = 0
[18:39:26] @Get Mem Block Full Cnt
[18:39:26] #memFullCnt = 0
[18:39:26] detected 0 triggers of core0
[18:39:26] captured 0 memory blocks of core0
[18:39:26] @UnlockCable
[18:39:27] Running all active cores....
[18:39:27] @LockCable
[18:39:27] Polling trigger memory of core0....
[18:39:27] @ShiftIR,8,0,ER1
[18:39:27] @ShiftDR,21,0,data (select core0)
[18:39:27] @ShiftIR,8,0,ER2
[18:39:27] @Get Force Trigger bit
[18:39:27] #TM_CTL_0=3
[18:39:27] @Get Trig Detected Cnt
[18:39:27] #numDetectedTriggers = 0
[18:39:27] @Get Mem Block Full Cnt
[18:39:27] #memFullCnt = 0
[18:39:27] detected 0 triggers of core0
[18:39:27] captured 0 memory blocks of core0
[18:39:27] @UnlockCable
[18:39:28] Running all active cores....
[18:39:28] @LockCable
[18:39:28] Polling trigger memory of core0....
[18:39:28] @ShiftIR,8,0,ER1
[18:39:28] @ShiftDR,21,0,data (select core0)
[18:39:28] @ShiftIR,8,0,ER2
[18:39:28] @Get Force Trigger bit
[18:39:28] #TM_CTL_0=3
[18:39:28] @Get Trig Detected Cnt
[18:39:28] #numDetectedTriggers = 0
[18:39:28] @Get Mem Block Full Cnt
[18:39:28] #memFullCnt = 0
[18:39:28] detected 0 triggers of core0
[18:39:28] captured 0 memory blocks of core0
[18:39:28] @UnlockCable
[18:39:29] Running all active cores....
[18:39:29] @LockCable
[18:39:29] Polling trigger memory of core0....
[18:39:29] @ShiftIR,8,0,ER1
[18:39:29] @ShiftDR,21,0,data (select core0)
[18:39:29] @ShiftIR,8,0,ER2
[18:39:29] @Get Force Trigger bit
[18:39:29] #TM_CTL_0=3
[18:39:29] @Get Trig Detected Cnt
[18:39:29] #numDetectedTriggers = 0
[18:39:29] @Get Mem Block Full Cnt
[18:39:29] #memFullCnt = 0
[18:39:29] detected 0 triggers of core0
[18:39:29] captured 0 memory blocks of core0
[18:39:29] @UnlockCable
[18:39:30] Running all active cores....
[18:39:30] @LockCable
[18:39:30] Polling trigger memory of core0....
[18:39:30] @ShiftIR,8,0,ER1
[18:39:30] @ShiftDR,21,0,data (select core0)
[18:39:30] @ShiftIR,8,0,ER2
[18:39:30] @Get Force Trigger bit
[18:39:30] #TM_CTL_0=3
[18:39:30] @Get Trig Detected Cnt
[18:39:30] #numDetectedTriggers = 0
[18:39:30] @Get Mem Block Full Cnt
[18:39:30] #memFullCnt = 0
[18:39:30] detected 0 triggers of core0
[18:39:30] captured 0 memory blocks of core0
[18:39:30] @UnlockCable
[18:39:31] Running all active cores....
[18:39:31] @LockCable
[18:39:31] Polling trigger memory of core0....
[18:39:31] @ShiftIR,8,0,ER1
[18:39:31] @ShiftDR,21,0,data (select core0)
[18:39:31] @ShiftIR,8,0,ER2
[18:39:31] @Get Force Trigger bit
[18:39:31] #TM_CTL_0=3
[18:39:31] @Get Trig Detected Cnt
[18:39:31] #numDetectedTriggers = 0
[18:39:31] @Get Mem Block Full Cnt
[18:39:31] #memFullCnt = 0
[18:39:31] detected 0 triggers of core0
[18:39:31] captured 0 memory blocks of core0
[18:39:31] @UnlockCable
[18:39:32] Running all active cores....
[18:39:32] @LockCable
[18:39:32] Polling trigger memory of core0....
[18:39:32] @ShiftIR,8,0,ER1
[18:39:32] @ShiftDR,21,0,data (select core0)
[18:39:32] @ShiftIR,8,0,ER2
[18:39:32] @Get Force Trigger bit
[18:39:32] #TM_CTL_0=3
[18:39:32] @Get Trig Detected Cnt
[18:39:32] #numDetectedTriggers = 0
[18:39:32] @Get Mem Block Full Cnt
[18:39:32] #memFullCnt = 0
[18:39:32] detected 0 triggers of core0
[18:39:32] captured 0 memory blocks of core0
[18:39:32] @UnlockCable
[18:39:33] Running all active cores....
[18:39:33] @LockCable
[18:39:33] Polling trigger memory of core0....
[18:39:33] @ShiftIR,8,0,ER1
[18:39:33] @ShiftDR,21,0,data (select core0)
[18:39:33] @ShiftIR,8,0,ER2
[18:39:33] @Get Force Trigger bit
[18:39:33] #TM_CTL_0=3
[18:39:33] @Get Trig Detected Cnt
[18:39:33] #numDetectedTriggers = 0
[18:39:33] @Get Mem Block Full Cnt
[18:39:33] #memFullCnt = 0
[18:39:33] detected 0 triggers of core0
[18:39:33] captured 0 memory blocks of core0
[18:39:33] @UnlockCable
[18:39:34] Running all active cores....
[18:39:34] @LockCable
[18:39:34] Polling trigger memory of core0....
[18:39:34] @ShiftIR,8,0,ER1
[18:39:34] @ShiftDR,21,0,data (select core0)
[18:39:34] @ShiftIR,8,0,ER2
[18:39:34] @Get Force Trigger bit
[18:39:34] #TM_CTL_0=3
[18:39:34] @Get Trig Detected Cnt
[18:39:34] #numDetectedTriggers = 0
[18:39:34] @Get Mem Block Full Cnt
[18:39:34] #memFullCnt = 0
[18:39:34] detected 0 triggers of core0
[18:39:34] captured 0 memory blocks of core0
[18:39:34] @UnlockCable
[18:39:35] Running all active cores....
[18:39:35] @LockCable
[18:39:35] Polling trigger memory of core0....
[18:39:35] @ShiftIR,8,0,ER1
[18:39:35] @ShiftDR,21,0,data (select core0)
[18:39:35] @ShiftIR,8,0,ER2
[18:39:35] @Get Force Trigger bit
[18:39:35] #TM_CTL_0=3
[18:39:35] @Get Trig Detected Cnt
[18:39:35] #numDetectedTriggers = 0
[18:39:35] @Get Mem Block Full Cnt
[18:39:35] #memFullCnt = 0
[18:39:35] detected 0 triggers of core0
[18:39:35] captured 0 memory blocks of core0
[18:39:35] @UnlockCable
[18:39:36] Running all active cores....
[18:39:36] @LockCable
[18:39:36] Polling trigger memory of core0....
[18:39:36] @ShiftIR,8,0,ER1
[18:39:36] @ShiftDR,21,0,data (select core0)
[18:39:36] @ShiftIR,8,0,ER2
[18:39:36] @Get Force Trigger bit
[18:39:36] #TM_CTL_0=3
[18:39:36] @Get Trig Detected Cnt
[18:39:36] #numDetectedTriggers = 0
[18:39:36] @Get Mem Block Full Cnt
[18:39:36] #memFullCnt = 0
[18:39:36] detected 0 triggers of core0
[18:39:36] captured 0 memory blocks of core0
[18:39:36] @UnlockCable
[18:39:37] Running all active cores....
[18:39:37] @LockCable
[18:39:37] Polling trigger memory of core0....
[18:39:37] @ShiftIR,8,0,ER1
[18:39:37] @ShiftDR,21,0,data (select core0)
[18:39:37] @ShiftIR,8,0,ER2
[18:39:37] @Get Force Trigger bit
[18:39:37] #TM_CTL_0=3
[18:39:37] @Get Trig Detected Cnt
[18:39:37] #numDetectedTriggers = 0
[18:39:37] @Get Mem Block Full Cnt
[18:39:37] #memFullCnt = 0
[18:39:37] detected 0 triggers of core0
[18:39:37] captured 0 memory blocks of core0
[18:39:37] @UnlockCable
[18:39:38] Running all active cores....
[18:39:38] @LockCable
[18:39:38] Polling trigger memory of core0....
[18:39:38] @ShiftIR,8,0,ER1
[18:39:38] @ShiftDR,21,0,data (select core0)
[18:39:38] @ShiftIR,8,0,ER2
[18:39:38] @Get Force Trigger bit
[18:39:38] #TM_CTL_0=3
[18:39:38] @Get Trig Detected Cnt
[18:39:38] #numDetectedTriggers = 0
[18:39:38] @Get Mem Block Full Cnt
[18:39:38] #memFullCnt = 0
[18:39:38] detected 0 triggers of core0
[18:39:38] captured 0 memory blocks of core0
[18:39:38] @UnlockCable
[18:39:39] Running all active cores....
[18:39:39] @LockCable
[18:39:39] Polling trigger memory of core0....
[18:39:39] @ShiftIR,8,0,ER1
[18:39:39] @ShiftDR,21,0,data (select core0)
[18:39:39] @ShiftIR,8,0,ER2
[18:39:39] @Get Force Trigger bit
[18:39:39] #TM_CTL_0=3
[18:39:39] @Get Trig Detected Cnt
[18:39:39] #numDetectedTriggers = 0
[18:39:39] @Get Mem Block Full Cnt
[18:39:39] #memFullCnt = 0
[18:39:39] detected 0 triggers of core0
[18:39:39] captured 0 memory blocks of core0
[18:39:39] @UnlockCable
[18:39:40] Running all active cores....
[18:39:40] @LockCable
[18:39:40] Polling trigger memory of core0....
[18:39:40] @ShiftIR,8,0,ER1
[18:39:40] @ShiftDR,21,0,data (select core0)
[18:39:40] @ShiftIR,8,0,ER2
[18:39:40] @Get Force Trigger bit
[18:39:40] #TM_CTL_0=3
[18:39:40] @Get Trig Detected Cnt
[18:39:40] #numDetectedTriggers = 0
[18:39:40] @Get Mem Block Full Cnt
[18:39:40] #memFullCnt = 0
[18:39:40] detected 0 triggers of core0
[18:39:40] captured 0 memory blocks of core0
[18:39:40] @UnlockCable
[18:39:41] Running all active cores....
[18:39:41] @LockCable
[18:39:41] Polling trigger memory of core0....
[18:39:41] @ShiftIR,8,0,ER1
[18:39:41] @ShiftDR,21,0,data (select core0)
[18:39:41] @ShiftIR,8,0,ER2
[18:39:41] @Get Force Trigger bit
[18:39:41] #TM_CTL_0=3
[18:39:41] @Get Trig Detected Cnt
[18:39:41] #numDetectedTriggers = 0
[18:39:41] @Get Mem Block Full Cnt
[18:39:41] #memFullCnt = 0
[18:39:41] detected 0 triggers of core0
[18:39:41] captured 0 memory blocks of core0
[18:39:41] @UnlockCable
[18:39:42] Running all active cores....
[18:39:42] @LockCable
[18:39:42] Polling trigger memory of core0....
[18:39:42] @ShiftIR,8,0,ER1
[18:39:42] @ShiftDR,21,0,data (select core0)
[18:39:42] @ShiftIR,8,0,ER2
[18:39:42] @Get Force Trigger bit
[18:39:42] #TM_CTL_0=3
[18:39:42] @Get Trig Detected Cnt
[18:39:42] #numDetectedTriggers = 0
[18:39:42] @Get Mem Block Full Cnt
[18:39:42] #memFullCnt = 0
[18:39:42] detected 0 triggers of core0
[18:39:42] captured 0 memory blocks of core0
[18:39:42] @UnlockCable
[18:39:43] Running all active cores....
[18:39:43] @LockCable
[18:39:43] Polling trigger memory of core0....
[18:39:43] @ShiftIR,8,0,ER1
[18:39:43] @ShiftDR,21,0,data (select core0)
[18:39:43] @ShiftIR,8,0,ER2
[18:39:43] @Get Force Trigger bit
[18:39:43] #TM_CTL_0=3
[18:39:43] @Get Trig Detected Cnt
[18:39:43] #numDetectedTriggers = 0
[18:39:43] @Get Mem Block Full Cnt
[18:39:43] #memFullCnt = 0
[18:39:43] detected 0 triggers of core0
[18:39:43] captured 0 memory blocks of core0
[18:39:43] @UnlockCable
[18:39:44] Running all active cores....
[18:39:44] @LockCable
[18:39:44] Polling trigger memory of core0....
[18:39:44] @ShiftIR,8,0,ER1
[18:39:44] @ShiftDR,21,0,data (select core0)
[18:39:44] @ShiftIR,8,0,ER2
[18:39:44] @Get Force Trigger bit
[18:39:44] #TM_CTL_0=3
[18:39:44] @Get Trig Detected Cnt
[18:39:44] #numDetectedTriggers = 0
[18:39:44] @Get Mem Block Full Cnt
[18:39:44] #memFullCnt = 0
[18:39:44] detected 0 triggers of core0
[18:39:44] captured 0 memory blocks of core0
[18:39:44] @UnlockCable
[18:39:45] Running all active cores....
[18:39:45] @LockCable
[18:39:45] Polling trigger memory of core0....
[18:39:45] @ShiftIR,8,0,ER1
[18:39:45] @ShiftDR,21,0,data (select core0)
[18:39:45] @ShiftIR,8,0,ER2
[18:39:45] @Get Force Trigger bit
[18:39:45] #TM_CTL_0=3
[18:39:45] @Get Trig Detected Cnt
[18:39:45] #numDetectedTriggers = 0
[18:39:45] @Get Mem Block Full Cnt
[18:39:45] #memFullCnt = 0
[18:39:45] detected 0 triggers of core0
[18:39:45] captured 0 memory blocks of core0
[18:39:45] @UnlockCable
[18:39:46] Running all active cores....
[18:39:46] @LockCable
[18:39:46] Polling trigger memory of core0....
[18:39:46] @ShiftIR,8,0,ER1
[18:39:46] @ShiftDR,21,0,data (select core0)
[18:39:46] @ShiftIR,8,0,ER2
[18:39:46] @Get Force Trigger bit
[18:39:46] #TM_CTL_0=3
[18:39:46] @Get Trig Detected Cnt
[18:39:46] #numDetectedTriggers = 0
[18:39:46] @Get Mem Block Full Cnt
[18:39:46] #memFullCnt = 0
[18:39:46] detected 0 triggers of core0
[18:39:46] captured 0 memory blocks of core0
[18:39:46] @UnlockCable
[18:39:47] Running all active cores....
[18:39:47] @LockCable
[18:39:47] Polling trigger memory of core0....
[18:39:47] @ShiftIR,8,0,ER1
[18:39:47] @ShiftDR,21,0,data (select core0)
[18:39:47] @ShiftIR,8,0,ER2
[18:39:47] @Get Force Trigger bit
[18:39:47] #TM_CTL_0=3
[18:39:47] @Get Trig Detected Cnt
[18:39:47] #numDetectedTriggers = 0
[18:39:47] @Get Mem Block Full Cnt
[18:39:47] #memFullCnt = 0
[18:39:47] detected 0 triggers of core0
[18:39:47] captured 0 memory blocks of core0
[18:39:47] @UnlockCable
[18:39:48] Running all active cores....
[18:39:48] @LockCable
[18:39:48] Polling trigger memory of core0....
[18:39:48] @ShiftIR,8,0,ER1
[18:39:48] @ShiftDR,21,0,data (select core0)
[18:39:48] @ShiftIR,8,0,ER2
[18:39:48] @Get Force Trigger bit
[18:39:48] #TM_CTL_0=3
[18:39:48] @Get Trig Detected Cnt
[18:39:48] #numDetectedTriggers = 0
[18:39:48] @Get Mem Block Full Cnt
[18:39:48] #memFullCnt = 0
[18:39:48] detected 0 triggers of core0
[18:39:48] captured 0 memory blocks of core0
[18:39:48] @UnlockCable
[18:39:49] Running all active cores....
[18:39:49] @LockCable
[18:39:49] Polling trigger memory of core0....
[18:39:49] @ShiftIR,8,0,ER1
[18:39:49] @ShiftDR,21,0,data (select core0)
[18:39:49] @ShiftIR,8,0,ER2
[18:39:49] @Get Force Trigger bit
[18:39:49] #TM_CTL_0=3
[18:39:49] @Get Trig Detected Cnt
[18:39:49] #numDetectedTriggers = 0
[18:39:49] @Get Mem Block Full Cnt
[18:39:49] #memFullCnt = 0
[18:39:49] detected 0 triggers of core0
[18:39:49] captured 0 memory blocks of core0
[18:39:49] @UnlockCable
[18:39:50] Running all active cores....
[18:39:50] @LockCable
[18:39:50] Polling trigger memory of core0....
[18:39:50] @ShiftIR,8,0,ER1
[18:39:50] @ShiftDR,21,0,data (select core0)
[18:39:50] @ShiftIR,8,0,ER2
[18:39:50] @Get Force Trigger bit
[18:39:50] #TM_CTL_0=3
[18:39:50] @Get Trig Detected Cnt
[18:39:50] #numDetectedTriggers = 0
[18:39:50] @Get Mem Block Full Cnt
[18:39:50] #memFullCnt = 0
[18:39:50] detected 0 triggers of core0
[18:39:50] captured 0 memory blocks of core0
[18:39:50] @UnlockCable
[18:39:51] Running all active cores....
[18:39:51] @LockCable
[18:39:51] Polling trigger memory of core0....
[18:39:51] @ShiftIR,8,0,ER1
[18:39:51] @ShiftDR,21,0,data (select core0)
[18:39:51] @ShiftIR,8,0,ER2
[18:39:51] @Get Force Trigger bit
[18:39:51] #TM_CTL_0=3
[18:39:51] @Get Trig Detected Cnt
[18:39:51] #numDetectedTriggers = 0
[18:39:51] @Get Mem Block Full Cnt
[18:39:51] #memFullCnt = 0
[18:39:51] detected 0 triggers of core0
[18:39:51] captured 0 memory blocks of core0
[18:39:51] @UnlockCable
[18:39:52] Running all active cores....
[18:39:52] @LockCable
[18:39:52] Polling trigger memory of core0....
[18:39:52] @ShiftIR,8,0,ER1
[18:39:52] @ShiftDR,21,0,data (select core0)
[18:39:52] @ShiftIR,8,0,ER2
[18:39:52] @Get Force Trigger bit
[18:39:52] #TM_CTL_0=3
[18:39:52] @Get Trig Detected Cnt
[18:39:52] #numDetectedTriggers = 0
[18:39:52] @Get Mem Block Full Cnt
[18:39:52] #memFullCnt = 0
[18:39:52] detected 0 triggers of core0
[18:39:52] captured 0 memory blocks of core0
[18:39:52] @UnlockCable
[18:39:53] Running all active cores....
[18:39:53] @LockCable
[18:39:53] Polling trigger memory of core0....
[18:39:53] @ShiftIR,8,0,ER1
[18:39:53] @ShiftDR,21,0,data (select core0)
[18:39:53] @ShiftIR,8,0,ER2
[18:39:53] @Get Force Trigger bit
[18:39:53] #TM_CTL_0=3
[18:39:53] @Get Trig Detected Cnt
[18:39:53] #numDetectedTriggers = 0
[18:39:53] @Get Mem Block Full Cnt
[18:39:53] #memFullCnt = 0
[18:39:53] detected 0 triggers of core0
[18:39:53] captured 0 memory blocks of core0
[18:39:53] @UnlockCable
[18:39:54] Running all active cores....
[18:39:54] @LockCable
[18:39:54] Polling trigger memory of core0....
[18:39:54] @ShiftIR,8,0,ER1
[18:39:54] @ShiftDR,21,0,data (select core0)
[18:39:54] @ShiftIR,8,0,ER2
[18:39:54] @Get Force Trigger bit
[18:39:54] #TM_CTL_0=3
[18:39:54] @Get Trig Detected Cnt
[18:39:54] #numDetectedTriggers = 0
[18:39:54] @Get Mem Block Full Cnt
[18:39:54] #memFullCnt = 0
[18:39:54] detected 0 triggers of core0
[18:39:54] captured 0 memory blocks of core0
[18:39:54] @UnlockCable
[18:39:55] Running all active cores....
[18:39:55] @LockCable
[18:39:55] Polling trigger memory of core0....
[18:39:55] @ShiftIR,8,0,ER1
[18:39:55] @ShiftDR,21,0,data (select core0)
[18:39:55] @ShiftIR,8,0,ER2
[18:39:55] @Get Force Trigger bit
[18:39:55] #TM_CTL_0=3
[18:39:55] @Get Trig Detected Cnt
[18:39:55] #numDetectedTriggers = 0
[18:39:55] @Get Mem Block Full Cnt
[18:39:55] #memFullCnt = 0
[18:39:55] detected 0 triggers of core0
[18:39:55] captured 0 memory blocks of core0
[18:39:55] @UnlockCable
[18:39:56] Running all active cores....
[18:39:56] @LockCable
[18:39:56] Polling trigger memory of core0....
[18:39:56] @ShiftIR,8,0,ER1
[18:39:56] @ShiftDR,21,0,data (select core0)
[18:39:56] @ShiftIR,8,0,ER2
[18:39:56] @Get Force Trigger bit
[18:39:56] #TM_CTL_0=3
[18:39:56] @Get Trig Detected Cnt
[18:39:56] #numDetectedTriggers = 0
[18:39:56] @Get Mem Block Full Cnt
[18:39:56] #memFullCnt = 0
[18:39:56] detected 0 triggers of core0
[18:39:56] captured 0 memory blocks of core0
[18:39:56] @UnlockCable
[18:39:57] Running all active cores....
[18:39:57] @LockCable
[18:39:57] Polling trigger memory of core0....
[18:39:57] @ShiftIR,8,0,ER1
[18:39:57] @ShiftDR,21,0,data (select core0)
[18:39:57] @ShiftIR,8,0,ER2
[18:39:57] @Get Force Trigger bit
[18:39:57] #TM_CTL_0=3
[18:39:57] @Get Trig Detected Cnt
[18:39:57] #numDetectedTriggers = 0
[18:39:57] @Get Mem Block Full Cnt
[18:39:57] #memFullCnt = 0
[18:39:57] detected 0 triggers of core0
[18:39:57] captured 0 memory blocks of core0
[18:39:57] @UnlockCable
[18:39:58] Running all active cores....
[18:39:58] @LockCable
[18:39:58] Polling trigger memory of core0....
[18:39:58] @ShiftIR,8,0,ER1
[18:39:58] @ShiftDR,21,0,data (select core0)
[18:39:58] @ShiftIR,8,0,ER2
[18:39:58] @Get Force Trigger bit
[18:39:58] #TM_CTL_0=3
[18:39:58] @Get Trig Detected Cnt
[18:39:58] #numDetectedTriggers = 0
[18:39:58] @Get Mem Block Full Cnt
[18:39:58] #memFullCnt = 0
[18:39:58] detected 0 triggers of core0
[18:39:58] captured 0 memory blocks of core0
[18:39:58] @UnlockCable
[18:39:59] Running all active cores....
[18:39:59] @LockCable
[18:39:59] Polling trigger memory of core0....
[18:39:59] @ShiftIR,8,0,ER1
[18:39:59] @ShiftDR,21,0,data (select core0)
[18:39:59] @ShiftIR,8,0,ER2
[18:39:59] @Get Force Trigger bit
[18:39:59] #TM_CTL_0=3
[18:39:59] @Get Trig Detected Cnt
[18:39:59] #numDetectedTriggers = 0
[18:39:59] @Get Mem Block Full Cnt
[18:39:59] #memFullCnt = 0
[18:39:59] detected 0 triggers of core0
[18:39:59] captured 0 memory blocks of core0
[18:39:59] @UnlockCable
[18:40:00] Running all active cores....
[18:40:00] @LockCable
[18:40:00] Polling trigger memory of core0....
[18:40:00] @ShiftIR,8,0,ER1
[18:40:00] @ShiftDR,21,0,data (select core0)
[18:40:00] @ShiftIR,8,0,ER2
[18:40:00] @Get Force Trigger bit
[18:40:00] #TM_CTL_0=3
[18:40:00] @Get Trig Detected Cnt
[18:40:00] #numDetectedTriggers = 0
[18:40:00] @Get Mem Block Full Cnt
[18:40:00] #memFullCnt = 0
[18:40:00] detected 0 triggers of core0
[18:40:00] captured 0 memory blocks of core0
[18:40:00] @UnlockCable
[18:40:01] Running all active cores....
[18:40:01] @LockCable
[18:40:01] Polling trigger memory of core0....
[18:40:01] @ShiftIR,8,0,ER1
[18:40:01] @ShiftDR,21,0,data (select core0)
[18:40:01] @ShiftIR,8,0,ER2
[18:40:01] @Get Force Trigger bit
[18:40:01] #TM_CTL_0=3
[18:40:01] @Get Trig Detected Cnt
[18:40:01] #numDetectedTriggers = 0
[18:40:01] @Get Mem Block Full Cnt
[18:40:01] #memFullCnt = 0
[18:40:01] detected 0 triggers of core0
[18:40:01] captured 0 memory blocks of core0
[18:40:01] @UnlockCable
[18:40:02] Running all active cores....
[18:40:02] @LockCable
[18:40:02] Polling trigger memory of core0....
[18:40:02] @ShiftIR,8,0,ER1
[18:40:02] @ShiftDR,21,0,data (select core0)
[18:40:02] @ShiftIR,8,0,ER2
[18:40:02] @Get Force Trigger bit
[18:40:02] #TM_CTL_0=3
[18:40:02] @Get Trig Detected Cnt
[18:40:02] #numDetectedTriggers = 0
[18:40:02] @Get Mem Block Full Cnt
[18:40:02] #memFullCnt = 0
[18:40:02] detected 0 triggers of core0
[18:40:02] captured 0 memory blocks of core0
[18:40:02] @UnlockCable
[18:40:03] Running all active cores....
[18:40:03] @LockCable
[18:40:03] Polling trigger memory of core0....
[18:40:03] @ShiftIR,8,0,ER1
[18:40:03] @ShiftDR,21,0,data (select core0)
[18:40:03] @ShiftIR,8,0,ER2
[18:40:03] @Get Force Trigger bit
[18:40:03] #TM_CTL_0=3
[18:40:03] @Get Trig Detected Cnt
[18:40:03] #numDetectedTriggers = 0
[18:40:03] @Get Mem Block Full Cnt
[18:40:03] #memFullCnt = 0
[18:40:03] detected 0 triggers of core0
[18:40:04] captured 0 memory blocks of core0
[18:40:04] @UnlockCable
[18:40:05] Running all active cores....
[18:40:05] @LockCable
[18:40:05] Polling trigger memory of core0....
[18:40:05] @ShiftIR,8,0,ER1
[18:40:05] @ShiftDR,21,0,data (select core0)
[18:40:05] @ShiftIR,8,0,ER2
[18:40:05] @Get Force Trigger bit
[18:40:05] #TM_CTL_0=3
[18:40:05] @Get Trig Detected Cnt
[18:40:05] #numDetectedTriggers = 0
[18:40:05] @Get Mem Block Full Cnt
[18:40:05] #memFullCnt = 0
[18:40:05] detected 0 triggers of core0
[18:40:05] captured 0 memory blocks of core0
[18:40:05] @UnlockCable
[18:40:06] Running all active cores....
[18:40:06] @LockCable
[18:40:06] Polling trigger memory of core0....
[18:40:06] @ShiftIR,8,0,ER1
[18:40:06] @ShiftDR,21,0,data (select core0)
[18:40:06] @ShiftIR,8,0,ER2
[18:40:06] @Get Force Trigger bit
[18:40:06] #TM_CTL_0=3
[18:40:06] @Get Trig Detected Cnt
[18:40:06] #numDetectedTriggers = 0
[18:40:06] @Get Mem Block Full Cnt
[18:40:06] #memFullCnt = 0
[18:40:06] detected 0 triggers of core0
[18:40:06] captured 0 memory blocks of core0
[18:40:06] @UnlockCable
[18:40:07] Running all active cores....
[18:40:07] @LockCable
[18:40:07] Polling trigger memory of core0....
[18:40:07] @ShiftIR,8,0,ER1
[18:40:07] @ShiftDR,21,0,data (select core0)
[18:40:07] @ShiftIR,8,0,ER2
[18:40:07] @Get Force Trigger bit
[18:40:07] #TM_CTL_0=3
[18:40:07] @Get Trig Detected Cnt
[18:40:07] #numDetectedTriggers = 0
[18:40:07] @Get Mem Block Full Cnt
[18:40:07] #memFullCnt = 0
[18:40:07] detected 0 triggers of core0
[18:40:07] captured 0 memory blocks of core0
[18:40:07] @UnlockCable
[18:40:08] Running all active cores....
[18:40:08] @LockCable
[18:40:08] Polling trigger memory of core0....
[18:40:08] @ShiftIR,8,0,ER1
[18:40:08] @ShiftDR,21,0,data (select core0)
[18:40:08] @ShiftIR,8,0,ER2
[18:40:08] @Get Force Trigger bit
[18:40:08] #TM_CTL_0=3
[18:40:08] @Get Trig Detected Cnt
[18:40:08] #numDetectedTriggers = 0
[18:40:08] @Get Mem Block Full Cnt
[18:40:08] #memFullCnt = 0
[18:40:08] detected 0 triggers of core0
[18:40:08] captured 0 memory blocks of core0
[18:40:08] @UnlockCable
[18:40:09] Running all active cores....
[18:40:09] @LockCable
[18:40:09] Polling trigger memory of core0....
[18:40:09] @ShiftIR,8,0,ER1
[18:40:09] @ShiftDR,21,0,data (select core0)
[18:40:09] @ShiftIR,8,0,ER2
[18:40:09] @Get Force Trigger bit
[18:40:09] #TM_CTL_0=3
[18:40:09] @Get Trig Detected Cnt
[18:40:09] #numDetectedTriggers = 0
[18:40:09] @Get Mem Block Full Cnt
[18:40:09] #memFullCnt = 0
[18:40:09] detected 0 triggers of core0
[18:40:09] captured 0 memory blocks of core0
[18:40:09] @UnlockCable
[18:40:10] Running all active cores....
[18:40:10] @LockCable
[18:40:10] Polling trigger memory of core0....
[18:40:10] @ShiftIR,8,0,ER1
[18:40:10] @ShiftDR,21,0,data (select core0)
[18:40:10] @ShiftIR,8,0,ER2
[18:40:10] @Get Force Trigger bit
[18:40:10] #TM_CTL_0=3
[18:40:10] @Get Trig Detected Cnt
[18:40:10] #numDetectedTriggers = 0
[18:40:10] @Get Mem Block Full Cnt
[18:40:10] #memFullCnt = 0
[18:40:10] detected 0 triggers of core0
[18:40:10] captured 0 memory blocks of core0
[18:40:10] @UnlockCable
[18:40:11] Running all active cores....
[18:40:11] @LockCable
[18:40:11] Polling trigger memory of core0....
[18:40:11] @ShiftIR,8,0,ER1
[18:40:11] @ShiftDR,21,0,data (select core0)
[18:40:11] @ShiftIR,8,0,ER2
[18:40:11] @Get Force Trigger bit
[18:40:11] #TM_CTL_0=3
[18:40:11] @Get Trig Detected Cnt
[18:40:11] #numDetectedTriggers = 0
[18:40:11] @Get Mem Block Full Cnt
[18:40:11] #memFullCnt = 0
[18:40:11] detected 0 triggers of core0
[18:40:11] captured 0 memory blocks of core0
[18:40:11] @UnlockCable
[18:40:12] Running all active cores....
[18:40:12] @LockCable
[18:40:12] Polling trigger memory of core0....
[18:40:12] @ShiftIR,8,0,ER1
[18:40:12] @ShiftDR,21,0,data (select core0)
[18:40:12] @ShiftIR,8,0,ER2
[18:40:12] @Get Force Trigger bit
[18:40:12] #TM_CTL_0=3
[18:40:12] @Get Trig Detected Cnt
[18:40:12] #numDetectedTriggers = 0
[18:40:12] @Get Mem Block Full Cnt
[18:40:12] #memFullCnt = 0
[18:40:12] detected 0 triggers of core0
[18:40:12] captured 0 memory blocks of core0
[18:40:12] @UnlockCable
[18:40:13] Running all active cores....
[18:40:13] @LockCable
[18:40:13] Polling trigger memory of core0....
[18:40:13] @ShiftIR,8,0,ER1
[18:40:13] @ShiftDR,21,0,data (select core0)
[18:40:13] @ShiftIR,8,0,ER2
[18:40:13] @Get Force Trigger bit
[18:40:13] #TM_CTL_0=3
[18:40:13] @Get Trig Detected Cnt
[18:40:13] #numDetectedTriggers = 0
[18:40:13] @Get Mem Block Full Cnt
[18:40:13] #memFullCnt = 0
[18:40:13] detected 0 triggers of core0
[18:40:13] captured 0 memory blocks of core0
[18:40:13] @UnlockCable
[18:40:14] Running all active cores....
[18:40:14] @LockCable
[18:40:14] Polling trigger memory of core0....
[18:40:14] @ShiftIR,8,0,ER1
[18:40:14] @ShiftDR,21,0,data (select core0)
[18:40:14] @ShiftIR,8,0,ER2
[18:40:14] @Get Force Trigger bit
[18:40:14] #TM_CTL_0=3
[18:40:14] @Get Trig Detected Cnt
[18:40:14] #numDetectedTriggers = 0
[18:40:14] @Get Mem Block Full Cnt
[18:40:14] #memFullCnt = 0
[18:40:14] detected 0 triggers of core0
[18:40:14] captured 0 memory blocks of core0
[18:40:14] @UnlockCable
[18:40:15] Running all active cores....
[18:40:15] @LockCable
[18:40:15] Polling trigger memory of core0....
[18:40:15] @ShiftIR,8,0,ER1
[18:40:15] @ShiftDR,21,0,data (select core0)
[18:40:15] @ShiftIR,8,0,ER2
[18:40:15] @Get Force Trigger bit
[18:40:15] #TM_CTL_0=3
[18:40:15] @Get Trig Detected Cnt
[18:40:15] #numDetectedTriggers = 0
[18:40:15] @Get Mem Block Full Cnt
[18:40:15] #memFullCnt = 0
[18:40:15] detected 0 triggers of core0
[18:40:15] captured 0 memory blocks of core0
[18:40:15] @UnlockCable
[18:40:16] Running all active cores....
[18:40:16] @LockCable
[18:40:16] Polling trigger memory of core0....
[18:40:16] @ShiftIR,8,0,ER1
[18:40:16] @ShiftDR,21,0,data (select core0)
[18:40:16] @ShiftIR,8,0,ER2
[18:40:16] @Get Force Trigger bit
[18:40:16] #TM_CTL_0=3
[18:40:16] @Get Trig Detected Cnt
[18:40:16] #numDetectedTriggers = 0
[18:40:16] @Get Mem Block Full Cnt
[18:40:16] #memFullCnt = 0
[18:40:16] detected 0 triggers of core0
[18:40:16] captured 0 memory blocks of core0
[18:40:16] @UnlockCable
[18:40:17] Running all active cores....
[18:40:17] @LockCable
[18:40:17] Polling trigger memory of core0....
[18:40:17] @ShiftIR,8,0,ER1
[18:40:17] @ShiftDR,21,0,data (select core0)
[18:40:17] @ShiftIR,8,0,ER2
[18:40:17] @Get Force Trigger bit
[18:40:17] #TM_CTL_0=3
[18:40:17] @Get Trig Detected Cnt
[18:40:17] #numDetectedTriggers = 0
[18:40:17] @Get Mem Block Full Cnt
[18:40:17] #memFullCnt = 0
[18:40:17] detected 0 triggers of core0
[18:40:17] captured 0 memory blocks of core0
[18:40:17] @UnlockCable
[18:40:18] Running all active cores....
[18:40:18] @LockCable
[18:40:18] Polling trigger memory of core0....
[18:40:18] @ShiftIR,8,0,ER1
[18:40:18] @ShiftDR,21,0,data (select core0)
[18:40:18] @ShiftIR,8,0,ER2
[18:40:18] @Get Force Trigger bit
[18:40:18] #TM_CTL_0=3
[18:40:18] @Get Trig Detected Cnt
[18:40:18] #numDetectedTriggers = 0
[18:40:18] @Get Mem Block Full Cnt
[18:40:18] #memFullCnt = 0
[18:40:18] detected 0 triggers of core0
[18:40:18] captured 0 memory blocks of core0
[18:40:18] @UnlockCable
[18:40:19] Running all active cores....
[18:40:19] @LockCable
[18:40:19] Polling trigger memory of core0....
[18:40:19] @ShiftIR,8,0,ER1
[18:40:19] @ShiftDR,21,0,data (select core0)
[18:40:19] @ShiftIR,8,0,ER2
[18:40:19] @Get Force Trigger bit
[18:40:19] #TM_CTL_0=3
[18:40:19] @Get Trig Detected Cnt
[18:40:19] #numDetectedTriggers = 0
[18:40:19] @Get Mem Block Full Cnt
[18:40:19] #memFullCnt = 0
[18:40:19] detected 0 triggers of core0
[18:40:19] captured 0 memory blocks of core0
[18:40:19] @UnlockCable
[18:40:20] Running all active cores....
[18:40:20] @LockCable
[18:40:20] Polling trigger memory of core0....
[18:40:20] @ShiftIR,8,0,ER1
[18:40:20] @ShiftDR,21,0,data (select core0)
[18:40:20] @ShiftIR,8,0,ER2
[18:40:20] @Get Force Trigger bit
[18:40:20] #TM_CTL_0=3
[18:40:20] @Get Trig Detected Cnt
[18:40:20] #numDetectedTriggers = 0
[18:40:20] @Get Mem Block Full Cnt
[18:40:20] #memFullCnt = 0
[18:40:20] detected 0 triggers of core0
[18:40:20] captured 0 memory blocks of core0
[18:40:20] @UnlockCable
[18:40:21] Running all active cores....
[18:40:21] @LockCable
[18:40:21] Polling trigger memory of core0....
[18:40:21] @ShiftIR,8,0,ER1
[18:40:21] @ShiftDR,21,0,data (select core0)
[18:40:21] @ShiftIR,8,0,ER2
[18:40:21] @Get Force Trigger bit
[18:40:21] #TM_CTL_0=3
[18:40:21] @Get Trig Detected Cnt
[18:40:21] #numDetectedTriggers = 0
[18:40:21] @Get Mem Block Full Cnt
[18:40:21] #memFullCnt = 0
[18:40:21] detected 0 triggers of core0
[18:40:21] captured 0 memory blocks of core0
[18:40:21] @UnlockCable
[18:40:22] Running all active cores....
[18:40:22] @LockCable
[18:40:22] Polling trigger memory of core0....
[18:40:22] @ShiftIR,8,0,ER1
[18:40:22] @ShiftDR,21,0,data (select core0)
[18:40:22] @ShiftIR,8,0,ER2
[18:40:22] @Get Force Trigger bit
[18:40:22] #TM_CTL_0=3
[18:40:22] @Get Trig Detected Cnt
[18:40:22] #numDetectedTriggers = 0
[18:40:22] @Get Mem Block Full Cnt
[18:40:22] #memFullCnt = 0
[18:40:22] detected 0 triggers of core0
[18:40:22] captured 0 memory blocks of core0
[18:40:22] @UnlockCable
[18:40:23] Running all active cores....
[18:40:23] @LockCable
[18:40:23] Polling trigger memory of core0....
[18:40:23] @ShiftIR,8,0,ER1
[18:40:23] @ShiftDR,21,0,data (select core0)
[18:40:23] @ShiftIR,8,0,ER2
[18:40:23] @Get Force Trigger bit
[18:40:23] #TM_CTL_0=3
[18:40:23] @Get Trig Detected Cnt
[18:40:23] #numDetectedTriggers = 0
[18:40:23] @Get Mem Block Full Cnt
[18:40:23] #memFullCnt = 0
[18:40:23] detected 0 triggers of core0
[18:40:23] captured 0 memory blocks of core0
[18:40:23] @UnlockCable
[18:40:24] Running all active cores....
[18:40:24] @LockCable
[18:40:24] Polling trigger memory of core0....
[18:40:24] @ShiftIR,8,0,ER1
[18:40:24] @ShiftDR,21,0,data (select core0)
[18:40:24] @ShiftIR,8,0,ER2
[18:40:24] @Get Force Trigger bit
[18:40:24] #TM_CTL_0=3
[18:40:24] @Get Trig Detected Cnt
[18:40:24] #numDetectedTriggers = 0
[18:40:24] @Get Mem Block Full Cnt
[18:40:24] #memFullCnt = 0
[18:40:24] detected 0 triggers of core0
[18:40:24] captured 0 memory blocks of core0
[18:40:24] @UnlockCable
[18:40:25] Running all active cores....
[18:40:25] @LockCable
[18:40:25] Polling trigger memory of core0....
[18:40:25] @ShiftIR,8,0,ER1
[18:40:25] @ShiftDR,21,0,data (select core0)
[18:40:25] @ShiftIR,8,0,ER2
[18:40:25] @Get Force Trigger bit
[18:40:25] #TM_CTL_0=5
[18:40:25] @Get Trig Detected Cnt
[18:40:25] #numDetectedTriggers = 1
[18:40:25] @Get Mem Block Full Cnt
[18:40:25] #memFullCnt = 1
[18:40:25] Downloading trigger memory of core0....
[18:40:25] @Is LA Armed
[18:40:25] @Set LA Start/Stop readback
[18:40:25] @Set LA Start/Stop 
[18:40:25] @Set LA Start/Stop readback
[18:40:25] @Set LA Start/Stop 
[18:40:25] @Get Trig Detected Cnt
[18:40:25] #numDetectedTriggers = 1
[18:40:25] @Get Mem Block Full Cnt
[18:40:25] #memFullCnt = 1
[18:40:25] @Get Last Addr Written
[18:40:25] #lastAddrWritten = 9
[18:40:25] @Get Multiple Trig Enbl
[18:40:25] #traceWidth=24, userSelectedTriggers=1, numTrigEnable=1
[18:40:25] @Get BurstRead CRC
[18:40:25] @Set Trace Mem Cnter Init
[18:40:25] Uploading in burst mode....
[18:40:25] @ShiftDR,6144,1,data (burst read)
[18:40:25] @GetTDO,data,6144
[18:40:25] @Get BurstRead CRC
[18:40:25] @Get BurstRead CRC
[18:40:25] @Get Pre-Trig Sample Num
[18:40:25] @Get Post-Trig Sample Num
[18:40:25] @Get Pre-Trig Samples Captured
[18:40:25] @Get Trig Ptr
[18:40:25] #trigPtr = 31
[18:40:25] #dataSize=3, numRead=256, trace_out=256
[18:40:25] #trig0={blockPosition:0,triggerPosition:16}
[18:40:25] finished download trigger memory of core0
[18:40:25] @UnlockCable
[18:40:25] @ReleaseCablePort
[18:40:25] @Disconnect
[18:40:25] All messages logged in file C:/work/S127M/PCBNo_10089/SP0565_rev00_00/SP0565/reveal_debug.log
[18:42:03] runProject on device [1. LFE5U-25F] using C:/work/S127M/PCBNo_10089/SP0565_rev00_00/Reveal/Linear.rva [linear.rvl]
[18:42:03] Connecting cableserver to run Reveal debugger....
[18:42:03] @Connect
[18:42:03] @SetSharableApplications,2,Reveal,Mico
[18:42:06] @SetCablePort,USB2,FTUSB-1,8,0,0,1,1,0,0,0,1
[18:42:06] @LockCable
[18:42:06] @GetServerStatus
[18:42:06] @Read
[18:42:06] @SetTargetDevice,0
[18:42:06] Connecting core0....
[18:42:06] @ShiftIR,8,0,ER1
[18:42:06] @ShiftDR,21,0,data (select core0)
[18:42:06] @ShiftIR,8,0,ER2
[18:42:06] Configuring core0....
[18:42:06] @JumpState,RUN_TEST_IDLE
[18:42:06] @JumpState,RUN_TEST_IDLE
[18:42:06] @JumpState,RUN_TEST_IDLE
[18:42:06] @ShiftIR,8,0,NOP
[18:42:06] @JumpState,RUN_TEST_IDLE
[18:42:06] @ShiftIR,8,0,ER2
[18:42:06] @Set Odd Parity readback
[18:42:06] @Set Odd Parity
[18:42:06] @Set LA Start/Stop readback
[18:42:06] @Set LA Start/Stop 
[18:42:06] #Reveal IP Version = 1_6_042617
[18:42:06] @Get Pattern
[18:42:06] #pattern readout = a5a5
[18:42:06] pattern readout passed!
[18:42:06] @Get Tracy Signature
[18:42:06] @Get Tracy Signature
[18:42:06] #signature from core0 = 689120772
[18:42:06] signature from core0 passed!
[18:42:06] @Set Opcode Value
[18:42:06] @Set Comp Value
[18:42:06] @Set Mask Value
[18:42:06] @Set Then Num
[18:42:06] @Set NEXT THEN
[18:42:06] @Set Cnt Cntg
[18:42:06] @Set Event Count
[18:42:06] @Get BurstWrite CRC
[18:42:06] @Set Truth Tbl Addr Cnter Init
[18:42:06] @Set Truth Table Prog
[18:42:06] Configuring in burst mode....
[18:42:06] @Get BurstWrite CRC
[18:42:06] @Enable TE Trig
[18:42:06] @Enable Trig Output OR All readback
[18:42:06] @Enable Trig Output OR All
[18:42:06] @Set Pre-Trig Sample
[18:42:06] @Set Post-Trig Sample
[18:42:06] finished configuration of core0
[18:42:06] Starting all active cores....
[18:42:06] @ShiftIR,8,0,ER1
[18:42:06] @ShiftDR,21,0,data (select active cores)
[18:42:06] @ShiftIR,8,0,ER2
[18:42:06] @Set LA Start cores
[18:42:06] @UnlockCable
[18:42:06] Running all active cores....
[18:42:06] @LockCable
[18:42:06] Polling trigger memory of core0....
[18:42:06] @ShiftIR,8,0,ER1
[18:42:06] @ShiftDR,21,0,data (select core0)
[18:42:06] @ShiftIR,8,0,ER2
[18:42:06] @Get Force Trigger bit
[18:42:06] #TM_CTL_0=3
[18:42:06] @Get Trig Detected Cnt
[18:42:06] #numDetectedTriggers = 0
[18:42:06] @Get Mem Block Full Cnt
[18:42:06] #memFullCnt = 0
[18:42:06] detected 0 triggers of core0
[18:42:06] captured 0 memory blocks of core0
[18:42:06] @UnlockCable
[18:42:07] Running all active cores....
[18:42:07] @LockCable
[18:42:07] Polling trigger memory of core0....
[18:42:07] @ShiftIR,8,0,ER1
[18:42:07] @ShiftDR,21,0,data (select core0)
[18:42:07] @ShiftIR,8,0,ER2
[18:42:07] @Get Force Trigger bit
[18:42:07] #TM_CTL_0=3
[18:42:07] @Get Trig Detected Cnt
[18:42:07] #numDetectedTriggers = 0
[18:42:07] @Get Mem Block Full Cnt
[18:42:07] #memFullCnt = 0
[18:42:07] detected 0 triggers of core0
[18:42:07] captured 0 memory blocks of core0
[18:42:07] @UnlockCable
[18:42:08] Running all active cores....
[18:42:08] @LockCable
[18:42:08] Polling trigger memory of core0....
[18:42:08] @ShiftIR,8,0,ER1
[18:42:08] @ShiftDR,21,0,data (select core0)
[18:42:08] @ShiftIR,8,0,ER2
[18:42:08] @Get Force Trigger bit
[18:42:08] #TM_CTL_0=3
[18:42:08] @Get Trig Detected Cnt
[18:42:08] #numDetectedTriggers = 0
[18:42:08] @Get Mem Block Full Cnt
[18:42:08] #memFullCnt = 0
[18:42:08] detected 0 triggers of core0
[18:42:08] captured 0 memory blocks of core0
[18:42:08] @UnlockCable
[18:42:09] Running all active cores....
[18:42:09] @LockCable
[18:42:09] Polling trigger memory of core0....
[18:42:09] @ShiftIR,8,0,ER1
[18:42:09] @ShiftDR,21,0,data (select core0)
[18:42:09] @ShiftIR,8,0,ER2
[18:42:09] @Get Force Trigger bit
[18:42:09] #TM_CTL_0=3
[18:42:09] @Get Trig Detected Cnt
[18:42:09] #numDetectedTriggers = 0
[18:42:09] @Get Mem Block Full Cnt
[18:42:09] #memFullCnt = 0
[18:42:09] detected 0 triggers of core0
[18:42:09] captured 0 memory blocks of core0
[18:42:09] @UnlockCable
[18:42:10] Running all active cores....
[18:42:10] @LockCable
[18:42:10] Polling trigger memory of core0....
[18:42:10] @ShiftIR,8,0,ER1
[18:42:10] @ShiftDR,21,0,data (select core0)
[18:42:10] @ShiftIR,8,0,ER2
[18:42:10] @Get Force Trigger bit
[18:42:10] #TM_CTL_0=3
[18:42:10] @Get Trig Detected Cnt
[18:42:10] #numDetectedTriggers = 0
[18:42:10] @Get Mem Block Full Cnt
[18:42:10] #memFullCnt = 0
[18:42:10] detected 0 triggers of core0
[18:42:10] captured 0 memory blocks of core0
[18:42:10] @UnlockCable
[18:42:11] Running all active cores....
[18:42:11] @LockCable
[18:42:11] Polling trigger memory of core0....
[18:42:11] @ShiftIR,8,0,ER1
[18:42:11] @ShiftDR,21,0,data (select core0)
[18:42:11] @ShiftIR,8,0,ER2
[18:42:11] @Get Force Trigger bit
[18:42:11] #TM_CTL_0=3
[18:42:11] @Get Trig Detected Cnt
[18:42:11] #numDetectedTriggers = 0
[18:42:11] @Get Mem Block Full Cnt
[18:42:11] #memFullCnt = 0
[18:42:11] detected 0 triggers of core0
[18:42:11] captured 0 memory blocks of core0
[18:42:11] @UnlockCable
[18:42:12] Running all active cores....
[18:42:12] @LockCable
[18:42:12] Polling trigger memory of core0....
[18:42:12] @ShiftIR,8,0,ER1
[18:42:12] @ShiftDR,21,0,data (select core0)
[18:42:12] @ShiftIR,8,0,ER2
[18:42:12] @Get Force Trigger bit
[18:42:12] #TM_CTL_0=3
[18:42:12] @Get Trig Detected Cnt
[18:42:12] #numDetectedTriggers = 0
[18:42:12] @Get Mem Block Full Cnt
[18:42:12] #memFullCnt = 0
[18:42:12] detected 0 triggers of core0
[18:42:12] captured 0 memory blocks of core0
[18:42:12] @UnlockCable
[18:42:13] Running all active cores....
[18:42:13] @LockCable
[18:42:13] Polling trigger memory of core0....
[18:42:13] @ShiftIR,8,0,ER1
[18:42:13] @ShiftDR,21,0,data (select core0)
[18:42:13] @ShiftIR,8,0,ER2
[18:42:13] @Get Force Trigger bit
[18:42:13] #TM_CTL_0=3
[18:42:13] @Get Trig Detected Cnt
[18:42:13] #numDetectedTriggers = 0
[18:42:13] @Get Mem Block Full Cnt
[18:42:13] #memFullCnt = 0
[18:42:13] detected 0 triggers of core0
[18:42:13] captured 0 memory blocks of core0
[18:42:13] @UnlockCable
[18:42:14] Running all active cores....
[18:42:14] @LockCable
[18:42:14] Polling trigger memory of core0....
[18:42:14] @ShiftIR,8,0,ER1
[18:42:14] @ShiftDR,21,0,data (select core0)
[18:42:14] @ShiftIR,8,0,ER2
[18:42:14] @Get Force Trigger bit
[18:42:14] #TM_CTL_0=3
[18:42:14] @Get Trig Detected Cnt
[18:42:14] #numDetectedTriggers = 0
[18:42:14] @Get Mem Block Full Cnt
[18:42:14] #memFullCnt = 0
[18:42:14] detected 0 triggers of core0
[18:42:14] captured 0 memory blocks of core0
[18:42:14] @UnlockCable
[18:42:15] Running all active cores....
[18:42:15] @LockCable
[18:42:15] Polling trigger memory of core0....
[18:42:15] @ShiftIR,8,0,ER1
[18:42:15] @ShiftDR,21,0,data (select core0)
[18:42:15] @ShiftIR,8,0,ER2
[18:42:15] @Get Force Trigger bit
[18:42:15] #TM_CTL_0=3
[18:42:15] @Get Trig Detected Cnt
[18:42:15] #numDetectedTriggers = 0
[18:42:15] @Get Mem Block Full Cnt
[18:42:15] #memFullCnt = 0
[18:42:15] detected 0 triggers of core0
[18:42:15] captured 0 memory blocks of core0
[18:42:15] @UnlockCable
[18:42:16] Running all active cores....
[18:42:16] @LockCable
[18:42:16] Polling trigger memory of core0....
[18:42:16] @ShiftIR,8,0,ER1
[18:42:16] @ShiftDR,21,0,data (select core0)
[18:42:16] @ShiftIR,8,0,ER2
[18:42:16] @Get Force Trigger bit
[18:42:16] #TM_CTL_0=3
[18:42:16] @Get Trig Detected Cnt
[18:42:16] #numDetectedTriggers = 0
[18:42:16] @Get Mem Block Full Cnt
[18:42:16] #memFullCnt = 0
[18:42:16] detected 0 triggers of core0
[18:42:16] captured 0 memory blocks of core0
[18:42:16] @UnlockCable
[18:42:17] Running all active cores....
[18:42:17] @LockCable
[18:42:17] Polling trigger memory of core0....
[18:42:17] @ShiftIR,8,0,ER1
[18:42:17] @ShiftDR,21,0,data (select core0)
[18:42:17] @ShiftIR,8,0,ER2
[18:42:17] @Get Force Trigger bit
[18:42:17] #TM_CTL_0=3
[18:42:17] @Get Trig Detected Cnt
[18:42:17] #numDetectedTriggers = 0
[18:42:17] @Get Mem Block Full Cnt
[18:42:17] #memFullCnt = 0
[18:42:17] detected 0 triggers of core0
[18:42:17] captured 0 memory blocks of core0
[18:42:17] @UnlockCable
[18:42:18] Running all active cores....
[18:42:18] @LockCable
[18:42:18] Polling trigger memory of core0....
[18:42:18] @ShiftIR,8,0,ER1
[18:42:18] @ShiftDR,21,0,data (select core0)
[18:42:18] @ShiftIR,8,0,ER2
[18:42:18] @Get Force Trigger bit
[18:42:18] #TM_CTL_0=3
[18:42:18] @Get Trig Detected Cnt
[18:42:18] #numDetectedTriggers = 0
[18:42:18] @Get Mem Block Full Cnt
[18:42:18] #memFullCnt = 0
[18:42:18] detected 0 triggers of core0
[18:42:18] captured 0 memory blocks of core0
[18:42:18] @UnlockCable
[18:42:19] Running all active cores....
[18:42:19] @LockCable
[18:42:19] Polling trigger memory of core0....
[18:42:19] @ShiftIR,8,0,ER1
[18:42:19] @ShiftDR,21,0,data (select core0)
[18:42:19] @ShiftIR,8,0,ER2
[18:42:19] @Get Force Trigger bit
[18:42:19] #TM_CTL_0=3
[18:42:19] @Get Trig Detected Cnt
[18:42:19] #numDetectedTriggers = 0
[18:42:19] @Get Mem Block Full Cnt
[18:42:19] #memFullCnt = 0
[18:42:19] detected 0 triggers of core0
[18:42:19] captured 0 memory blocks of core0
[18:42:19] @UnlockCable
[18:42:20] Running all active cores....
[18:42:20] @LockCable
[18:42:20] Polling trigger memory of core0....
[18:42:20] @ShiftIR,8,0,ER1
[18:42:20] @ShiftDR,21,0,data (select core0)
[18:42:20] @ShiftIR,8,0,ER2
[18:42:20] @Get Force Trigger bit
[18:42:20] #TM_CTL_0=3
[18:42:20] @Get Trig Detected Cnt
[18:42:20] #numDetectedTriggers = 0
[18:42:20] @Get Mem Block Full Cnt
[18:42:20] #memFullCnt = 0
[18:42:20] detected 0 triggers of core0
[18:42:20] captured 0 memory blocks of core0
[18:42:20] @UnlockCable
[18:42:22] Running all active cores....
[18:42:22] @LockCable
[18:42:22] Polling trigger memory of core0....
[18:42:22] @ShiftIR,8,0,ER1
[18:42:22] @ShiftDR,21,0,data (select core0)
[18:42:22] @ShiftIR,8,0,ER2
[18:42:22] @Get Force Trigger bit
[18:42:22] #TM_CTL_0=3
[18:42:22] @Get Trig Detected Cnt
[18:42:22] #numDetectedTriggers = 0
[18:42:22] @Get Mem Block Full Cnt
[18:42:22] #memFullCnt = 0
[18:42:22] detected 0 triggers of core0
[18:42:22] captured 0 memory blocks of core0
[18:42:22] @UnlockCable
[18:42:23] Running all active cores....
[18:42:23] @LockCable
[18:42:23] Polling trigger memory of core0....
[18:42:23] @ShiftIR,8,0,ER1
[18:42:23] @ShiftDR,21,0,data (select core0)
[18:42:23] @ShiftIR,8,0,ER2
[18:42:23] @Get Force Trigger bit
[18:42:23] #TM_CTL_0=3
[18:42:23] @Get Trig Detected Cnt
[18:42:23] #numDetectedTriggers = 0
[18:42:23] @Get Mem Block Full Cnt
[18:42:23] #memFullCnt = 0
[18:42:23] detected 0 triggers of core0
[18:42:23] captured 0 memory blocks of core0
[18:42:23] @UnlockCable
[18:42:24] Running all active cores....
[18:42:24] @LockCable
[18:42:24] Polling trigger memory of core0....
[18:42:24] @ShiftIR,8,0,ER1
[18:42:24] @ShiftDR,21,0,data (select core0)
[18:42:24] @ShiftIR,8,0,ER2
[18:42:24] @Get Force Trigger bit
[18:42:24] #TM_CTL_0=3
[18:42:24] @Get Trig Detected Cnt
[18:42:24] #numDetectedTriggers = 0
[18:42:24] @Get Mem Block Full Cnt
[18:42:24] #memFullCnt = 0
[18:42:24] detected 0 triggers of core0
[18:42:24] captured 0 memory blocks of core0
[18:42:24] @UnlockCable
[18:42:25] Running all active cores....
[18:42:25] @LockCable
[18:42:25] Polling trigger memory of core0....
[18:42:25] @ShiftIR,8,0,ER1
[18:42:25] @ShiftDR,21,0,data (select core0)
[18:42:25] @ShiftIR,8,0,ER2
[18:42:25] @Get Force Trigger bit
[18:42:25] #TM_CTL_0=3
[18:42:25] @Get Trig Detected Cnt
[18:42:25] #numDetectedTriggers = 0
[18:42:25] @Get Mem Block Full Cnt
[18:42:25] #memFullCnt = 0
[18:42:25] detected 0 triggers of core0
[18:42:25] captured 0 memory blocks of core0
[18:42:25] @UnlockCable
[18:42:26] Running all active cores....
[18:42:26] @LockCable
[18:42:26] Polling trigger memory of core0....
[18:42:26] @ShiftIR,8,0,ER1
[18:42:26] @ShiftDR,21,0,data (select core0)
[18:42:26] @ShiftIR,8,0,ER2
[18:42:26] @Get Force Trigger bit
[18:42:26] #TM_CTL_0=5
[18:42:26] @Get Trig Detected Cnt
[18:42:26] #numDetectedTriggers = 1
[18:42:26] @Get Mem Block Full Cnt
[18:42:26] #memFullCnt = 1
[18:42:26] Downloading trigger memory of core0....
[18:42:26] @Is LA Armed
[18:42:26] @Set LA Start/Stop readback
[18:42:26] @Set LA Start/Stop 
[18:42:26] @Set LA Start/Stop readback
[18:42:26] @Set LA Start/Stop 
[18:42:26] @Get Trig Detected Cnt
[18:42:26] #numDetectedTriggers = 1
[18:42:26] @Get Mem Block Full Cnt
[18:42:26] #memFullCnt = 1
[18:42:26] @Get Last Addr Written
[18:42:26] #lastAddrWritten = 13
[18:42:26] @Get Multiple Trig Enbl
[18:42:26] #traceWidth=24, userSelectedTriggers=1, numTrigEnable=1
[18:42:26] @Get BurstRead CRC
[18:42:26] @Set Trace Mem Cnter Init
[18:42:26] Uploading in burst mode....
[18:42:26] @ShiftDR,6144,1,data (burst read)
[18:42:26] @GetTDO,data,6144
[18:42:26] @Get BurstRead CRC
[18:42:26] @Get BurstRead CRC
[18:42:26] @Get Pre-Trig Sample Num
[18:42:26] @Get Post-Trig Sample Num
[18:42:26] @Get Pre-Trig Samples Captured
[18:42:26] @Get Trig Ptr
[18:42:26] #trigPtr = 35
[18:42:26] #dataSize=3, numRead=256, trace_out=256
[18:42:26] #trig0={blockPosition:0,triggerPosition:16}
[18:42:26] finished download trigger memory of core0
[18:42:26] @UnlockCable
[18:42:26] @ReleaseCablePort
[18:42:26] @Disconnect
[18:42:26] All messages logged in file C:/work/S127M/PCBNo_10089/SP0565_rev00_00/SP0565/reveal_debug.log
[18:45:18] runProject on device [1. LFE5U-25F] using C:/work/S127M/PCBNo_10089/SP0565_rev00_00/Reveal/Linear.rva [linear.rvl]
[18:45:18] Connecting cableserver to run Reveal debugger....
[18:45:25] @Connect
[18:45:25] @SetSharableApplications,2,Reveal,Mico
[18:45:29] @SetCablePort,USB2,FTUSB-1,8,0,0,1,1,0,0,0,1
[18:45:29] @LockCable
[18:45:29] @GetServerStatus
[18:45:29] @Read
[18:45:29] @SetTargetDevice,0
[18:45:29] Connecting core0....
[18:45:29] @ShiftIR,8,0,ER1
[18:45:29] @ShiftDR,21,0,data (select core0)
[18:45:29] @ShiftIR,8,0,ER2
[18:45:29] Configuring core0....
[18:45:29] @JumpState,RUN_TEST_IDLE
[18:45:29] @JumpState,RUN_TEST_IDLE
[18:45:29] @JumpState,RUN_TEST_IDLE
[18:45:29] @ShiftIR,8,0,NOP
[18:45:29] @JumpState,RUN_TEST_IDLE
[18:45:29] @ShiftIR,8,0,ER2
[18:45:29] @Set Odd Parity readback
[18:45:29] @Set Odd Parity
[18:45:29] @Set LA Start/Stop readback
[18:45:29] @Set LA Start/Stop 
[18:45:29] #Reveal IP Version = 1_6_042617
[18:45:29] @Get Pattern
[18:45:29] #pattern readout = a5a5
[18:45:29] pattern readout passed!
[18:45:29] @Get Tracy Signature
[18:45:29] @Get Tracy Signature
[18:45:29] #signature from core0 = 689120772
[18:45:29] signature from core0 passed!
[18:45:29] @Set Opcode Value
[18:45:29] @Set Comp Value
[18:45:29] @Set Mask Value
[18:45:29] @Set Then Num
[18:45:29] @Set NEXT THEN
[18:45:29] @Set Cnt Cntg
[18:45:29] @Set Event Count
[18:45:29] @Get BurstWrite CRC
[18:45:29] @Set Truth Tbl Addr Cnter Init
[18:45:29] @Set Truth Table Prog
[18:45:29] Configuring in burst mode....
[18:45:29] @Get BurstWrite CRC
[18:45:29] @Enable TE Trig
[18:45:29] @Enable Trig Output OR All readback
[18:45:29] @Enable Trig Output OR All
[18:45:29] @Set Pre-Trig Sample
[18:45:29] @Set Post-Trig Sample
[18:45:29] finished configuration of core0
[18:45:29] Starting all active cores....
[18:45:29] @ShiftIR,8,0,ER1
[18:45:29] @ShiftDR,21,0,data (select active cores)
[18:45:29] @ShiftIR,8,0,ER2
[18:45:29] @Set LA Start cores
[18:45:29] @UnlockCable
[18:45:29] Running all active cores....
[18:45:29] @LockCable
[18:45:29] Polling trigger memory of core0....
[18:45:29] @ShiftIR,8,0,ER1
[18:45:29] @ShiftDR,21,0,data (select core0)
[18:45:29] @ShiftIR,8,0,ER2
[18:45:29] @Get Force Trigger bit
[18:45:29] #TM_CTL_0=3
[18:45:29] @Get Trig Detected Cnt
[18:45:29] #numDetectedTriggers = 0
[18:45:29] @Get Mem Block Full Cnt
[18:45:29] #memFullCnt = 0
[18:45:29] detected 0 triggers of core0
[18:45:29] captured 0 memory blocks of core0
[18:45:29] @UnlockCable
[18:45:30] Running all active cores....
[18:45:30] @LockCable
[18:45:30] Polling trigger memory of core0....
[18:45:30] @ShiftIR,8,0,ER1
[18:45:30] @ShiftDR,21,0,data (select core0)
[18:45:30] @ShiftIR,8,0,ER2
[18:45:30] @Get Force Trigger bit
[18:45:30] #TM_CTL_0=3
[18:45:30] @Get Trig Detected Cnt
[18:45:30] #numDetectedTriggers = 0
[18:45:30] @Get Mem Block Full Cnt
[18:45:30] #memFullCnt = 0
[18:45:30] detected 0 triggers of core0
[18:45:30] captured 0 memory blocks of core0
[18:45:30] @UnlockCable
[18:45:31] Running all active cores....
[18:45:31] @LockCable
[18:45:31] Polling trigger memory of core0....
[18:45:31] @ShiftIR,8,0,ER1
[18:45:31] @ShiftDR,21,0,data (select core0)
[18:45:31] @ShiftIR,8,0,ER2
[18:45:31] @Get Force Trigger bit
[18:45:31] #TM_CTL_0=3
[18:45:31] @Get Trig Detected Cnt
[18:45:31] #numDetectedTriggers = 0
[18:45:31] @Get Mem Block Full Cnt
[18:45:31] #memFullCnt = 0
[18:45:31] detected 0 triggers of core0
[18:45:31] captured 0 memory blocks of core0
[18:45:31] @UnlockCable
[18:45:32] Running all active cores....
[18:45:32] @LockCable
[18:45:32] Polling trigger memory of core0....
[18:45:32] @ShiftIR,8,0,ER1
[18:45:32] @ShiftDR,21,0,data (select core0)
[18:45:32] @ShiftIR,8,0,ER2
[18:45:32] @Get Force Trigger bit
[18:45:32] #TM_CTL_0=3
[18:45:32] @Get Trig Detected Cnt
[18:45:32] #numDetectedTriggers = 0
[18:45:32] @Get Mem Block Full Cnt
[18:45:32] #memFullCnt = 0
[18:45:32] detected 0 triggers of core0
[18:45:32] captured 0 memory blocks of core0
[18:45:32] @UnlockCable
[18:45:33] Running all active cores....
[18:45:33] @LockCable
[18:45:33] Polling trigger memory of core0....
[18:45:33] @ShiftIR,8,0,ER1
[18:45:33] @ShiftDR,21,0,data (select core0)
[18:45:33] @ShiftIR,8,0,ER2
[18:45:33] @Get Force Trigger bit
[18:45:33] #TM_CTL_0=3
[18:45:33] @Get Trig Detected Cnt
[18:45:33] #numDetectedTriggers = 0
[18:45:33] @Get Mem Block Full Cnt
[18:45:33] #memFullCnt = 0
[18:45:33] detected 0 triggers of core0
[18:45:33] captured 0 memory blocks of core0
[18:45:33] @UnlockCable
[18:45:34] Running all active cores....
[18:45:34] @LockCable
[18:45:34] Polling trigger memory of core0....
[18:45:34] @ShiftIR,8,0,ER1
[18:45:34] @ShiftDR,21,0,data (select core0)
[18:45:34] @ShiftIR,8,0,ER2
[18:45:34] @Get Force Trigger bit
[18:45:34] #TM_CTL_0=3
[18:45:34] @Get Trig Detected Cnt
[18:45:34] #numDetectedTriggers = 0
[18:45:34] @Get Mem Block Full Cnt
[18:45:34] #memFullCnt = 0
[18:45:34] detected 0 triggers of core0
[18:45:34] captured 0 memory blocks of core0
[18:45:34] @UnlockCable
[18:45:35] Running all active cores....
[18:45:35] @LockCable
[18:45:35] Polling trigger memory of core0....
[18:45:35] @ShiftIR,8,0,ER1
[18:45:35] @ShiftDR,21,0,data (select core0)
[18:45:35] @ShiftIR,8,0,ER2
[18:45:35] @Get Force Trigger bit
[18:45:35] #TM_CTL_0=3
[18:45:35] @Get Trig Detected Cnt
[18:45:35] #numDetectedTriggers = 0
[18:45:35] @Get Mem Block Full Cnt
[18:45:35] #memFullCnt = 0
[18:45:35] detected 0 triggers of core0
[18:45:35] captured 0 memory blocks of core0
[18:45:35] @UnlockCable
[18:45:36] Running all active cores....
[18:45:36] @LockCable
[18:45:36] Polling trigger memory of core0....
[18:45:36] @ShiftIR,8,0,ER1
[18:45:36] @ShiftDR,21,0,data (select core0)
[18:45:36] @ShiftIR,8,0,ER2
[18:45:36] @Get Force Trigger bit
[18:45:36] #TM_CTL_0=3
[18:45:36] @Get Trig Detected Cnt
[18:45:36] #numDetectedTriggers = 0
[18:45:36] @Get Mem Block Full Cnt
[18:45:36] #memFullCnt = 0
[18:45:36] detected 0 triggers of core0
[18:45:36] captured 0 memory blocks of core0
[18:45:36] @UnlockCable
[18:45:37] Running all active cores....
[18:45:37] @LockCable
[18:45:37] Polling trigger memory of core0....
[18:45:37] @ShiftIR,8,0,ER1
[18:45:37] @ShiftDR,21,0,data (select core0)
[18:45:37] @ShiftIR,8,0,ER2
[18:45:37] @Get Force Trigger bit
[18:45:37] #TM_CTL_0=3
[18:45:37] @Get Trig Detected Cnt
[18:45:37] #numDetectedTriggers = 0
[18:45:37] @Get Mem Block Full Cnt
[18:45:37] #memFullCnt = 0
[18:45:37] detected 0 triggers of core0
[18:45:37] captured 0 memory blocks of core0
[18:45:37] @UnlockCable
[18:45:39] Running all active cores....
[18:45:39] @LockCable
[18:45:39] Polling trigger memory of core0....
[18:45:39] @ShiftIR,8,0,ER1
[18:45:39] @ShiftDR,21,0,data (select core0)
[18:45:39] @ShiftIR,8,0,ER2
[18:45:39] @Get Force Trigger bit
[18:45:39] #TM_CTL_0=3
[18:45:39] @Get Trig Detected Cnt
[18:45:39] #numDetectedTriggers = 0
[18:45:39] @Get Mem Block Full Cnt
[18:45:39] #memFullCnt = 0
[18:45:39] detected 0 triggers of core0
[18:45:39] captured 0 memory blocks of core0
[18:45:39] @UnlockCable
[18:45:40] Running all active cores....
[18:45:40] @LockCable
[18:45:40] Polling trigger memory of core0....
[18:45:40] @ShiftIR,8,0,ER1
[18:45:40] @ShiftDR,21,0,data (select core0)
[18:45:40] @ShiftIR,8,0,ER2
[18:45:40] @Get Force Trigger bit
[18:45:40] #TM_CTL_0=3
[18:45:40] @Get Trig Detected Cnt
[18:45:40] #numDetectedTriggers = 0
[18:45:40] @Get Mem Block Full Cnt
[18:45:40] #memFullCnt = 0
[18:45:40] detected 0 triggers of core0
[18:45:40] captured 0 memory blocks of core0
[18:45:40] @UnlockCable
[18:45:41] Running all active cores....
[18:45:41] @LockCable
[18:45:41] Polling trigger memory of core0....
[18:45:41] @ShiftIR,8,0,ER1
[18:45:41] @ShiftDR,21,0,data (select core0)
[18:45:41] @ShiftIR,8,0,ER2
[18:45:41] @Get Force Trigger bit
[18:45:41] #TM_CTL_0=3
[18:45:41] @Get Trig Detected Cnt
[18:45:41] #numDetectedTriggers = 0
[18:45:41] @Get Mem Block Full Cnt
[18:45:41] #memFullCnt = 0
[18:45:41] detected 0 triggers of core0
[18:45:41] captured 0 memory blocks of core0
[18:45:41] @UnlockCable
[18:45:42] Running all active cores....
[18:45:42] @LockCable
[18:45:42] Polling trigger memory of core0....
[18:45:42] @ShiftIR,8,0,ER1
[18:45:42] @ShiftDR,21,0,data (select core0)
[18:45:42] @ShiftIR,8,0,ER2
[18:45:42] @Get Force Trigger bit
[18:45:42] #TM_CTL_0=3
[18:45:42] @Get Trig Detected Cnt
[18:45:42] #numDetectedTriggers = 0
[18:45:42] @Get Mem Block Full Cnt
[18:45:42] #memFullCnt = 0
[18:45:42] detected 0 triggers of core0
[18:45:42] captured 0 memory blocks of core0
[18:45:42] @UnlockCable
[18:45:43] Running all active cores....
[18:45:43] @LockCable
[18:45:43] Polling trigger memory of core0....
[18:45:43] @ShiftIR,8,0,ER1
[18:45:43] @ShiftDR,21,0,data (select core0)
[18:45:43] @ShiftIR,8,0,ER2
[18:45:43] @Get Force Trigger bit
[18:45:43] #TM_CTL_0=3
[18:45:43] @Get Trig Detected Cnt
[18:45:43] #numDetectedTriggers = 0
[18:45:43] @Get Mem Block Full Cnt
[18:45:43] #memFullCnt = 0
[18:45:43] detected 0 triggers of core0
[18:45:43] captured 0 memory blocks of core0
[18:45:43] @UnlockCable
[18:45:44] Running all active cores....
[18:45:44] @LockCable
[18:45:44] Polling trigger memory of core0....
[18:45:44] @ShiftIR,8,0,ER1
[18:45:44] @ShiftDR,21,0,data (select core0)
[18:45:44] @ShiftIR,8,0,ER2
[18:45:44] @Get Force Trigger bit
[18:45:44] #TM_CTL_0=3
[18:45:44] @Get Trig Detected Cnt
[18:45:44] #numDetectedTriggers = 0
[18:45:44] @Get Mem Block Full Cnt
[18:45:44] #memFullCnt = 0
[18:45:44] detected 0 triggers of core0
[18:45:44] captured 0 memory blocks of core0
[18:45:44] @UnlockCable
[18:45:45] Running all active cores....
[18:45:45] @LockCable
[18:45:45] Polling trigger memory of core0....
[18:45:45] @ShiftIR,8,0,ER1
[18:45:45] @ShiftDR,21,0,data (select core0)
[18:45:45] @ShiftIR,8,0,ER2
[18:45:45] @Get Force Trigger bit
[18:45:45] #TM_CTL_0=3
[18:45:45] @Get Trig Detected Cnt
[18:45:45] #numDetectedTriggers = 0
[18:45:45] @Get Mem Block Full Cnt
[18:45:45] #memFullCnt = 0
[18:45:45] detected 0 triggers of core0
[18:45:45] captured 0 memory blocks of core0
[18:45:45] @UnlockCable
[18:45:46] Running all active cores....
[18:45:46] @LockCable
[18:45:46] Polling trigger memory of core0....
[18:45:46] @ShiftIR,8,0,ER1
[18:45:46] @ShiftDR,21,0,data (select core0)
[18:45:46] @ShiftIR,8,0,ER2
[18:45:46] @Get Force Trigger bit
[18:45:46] #TM_CTL_0=3
[18:45:46] @Get Trig Detected Cnt
[18:45:46] #numDetectedTriggers = 0
[18:45:46] @Get Mem Block Full Cnt
[18:45:46] #memFullCnt = 0
[18:45:46] detected 0 triggers of core0
[18:45:46] captured 0 memory blocks of core0
[18:45:46] @UnlockCable
[18:45:47] Running all active cores....
[18:45:47] @LockCable
[18:45:47] Polling trigger memory of core0....
[18:45:47] @ShiftIR,8,0,ER1
[18:45:47] @ShiftDR,21,0,data (select core0)
[18:45:47] @ShiftIR,8,0,ER2
[18:45:47] @Get Force Trigger bit
[18:45:47] #TM_CTL_0=3
[18:45:47] @Get Trig Detected Cnt
[18:45:47] #numDetectedTriggers = 0
[18:45:47] @Get Mem Block Full Cnt
[18:45:47] #memFullCnt = 0
[18:45:47] detected 0 triggers of core0
[18:45:47] captured 0 memory blocks of core0
[18:45:47] @UnlockCable
[18:45:48] Running all active cores....
[18:45:48] @LockCable
[18:45:48] Polling trigger memory of core0....
[18:45:48] @ShiftIR,8,0,ER1
[18:45:48] @ShiftDR,21,0,data (select core0)
[18:45:48] @ShiftIR,8,0,ER2
[18:45:48] @Get Force Trigger bit
[18:45:48] #TM_CTL_0=3
[18:45:48] @Get Trig Detected Cnt
[18:45:48] #numDetectedTriggers = 0
[18:45:48] @Get Mem Block Full Cnt
[18:45:48] #memFullCnt = 0
[18:45:48] detected 0 triggers of core0
[18:45:48] captured 0 memory blocks of core0
[18:45:48] @UnlockCable
[18:45:49] Running all active cores....
[18:45:49] @LockCable
[18:45:49] Polling trigger memory of core0....
[18:45:49] @ShiftIR,8,0,ER1
[18:45:49] @ShiftDR,21,0,data (select core0)
[18:45:49] @ShiftIR,8,0,ER2
[18:45:49] @Get Force Trigger bit
[18:45:49] #TM_CTL_0=3
[18:45:49] @Get Trig Detected Cnt
[18:45:49] #numDetectedTriggers = 0
[18:45:49] @Get Mem Block Full Cnt
[18:45:49] #memFullCnt = 0
[18:45:49] detected 0 triggers of core0
[18:45:49] captured 0 memory blocks of core0
[18:45:49] @UnlockCable
[18:45:50] Running all active cores....
[18:45:50] @LockCable
[18:45:50] Polling trigger memory of core0....
[18:45:50] @ShiftIR,8,0,ER1
[18:45:50] @ShiftDR,21,0,data (select core0)
[18:45:50] @ShiftIR,8,0,ER2
[18:45:50] @Get Force Trigger bit
[18:45:50] #TM_CTL_0=3
[18:45:50] @Get Trig Detected Cnt
[18:45:50] #numDetectedTriggers = 0
[18:45:50] @Get Mem Block Full Cnt
[18:45:50] #memFullCnt = 0
[18:45:50] detected 0 triggers of core0
[18:45:50] captured 0 memory blocks of core0
[18:45:50] @UnlockCable
[18:45:51] Running all active cores....
[18:45:51] @LockCable
[18:45:51] Polling trigger memory of core0....
[18:45:51] @ShiftIR,8,0,ER1
[18:45:51] @ShiftDR,21,0,data (select core0)
[18:45:51] @ShiftIR,8,0,ER2
[18:45:51] @Get Force Trigger bit
[18:45:51] #TM_CTL_0=3
[18:45:51] @Get Trig Detected Cnt
[18:45:51] #numDetectedTriggers = 0
[18:45:51] @Get Mem Block Full Cnt
[18:45:51] #memFullCnt = 0
[18:45:51] detected 0 triggers of core0
[18:45:51] captured 0 memory blocks of core0
[18:45:51] @UnlockCable
[18:45:52] Running all active cores....
[18:45:52] @LockCable
[18:45:52] Polling trigger memory of core0....
[18:45:52] @ShiftIR,8,0,ER1
[18:45:52] @ShiftDR,21,0,data (select core0)
[18:45:52] @ShiftIR,8,0,ER2
[18:45:52] @Get Force Trigger bit
[18:45:52] #TM_CTL_0=3
[18:45:52] @Get Trig Detected Cnt
[18:45:52] #numDetectedTriggers = 0
[18:45:52] @Get Mem Block Full Cnt
[18:45:52] #memFullCnt = 0
[18:45:52] detected 0 triggers of core0
[18:45:52] captured 0 memory blocks of core0
[18:45:52] @UnlockCable
[18:45:53] Running all active cores....
[18:45:53] @LockCable
[18:45:53] Polling trigger memory of core0....
[18:45:53] @ShiftIR,8,0,ER1
[18:45:53] @ShiftDR,21,0,data (select core0)
[18:45:53] @ShiftIR,8,0,ER2
[18:45:53] @Get Force Trigger bit
[18:45:53] #TM_CTL_0=3
[18:45:53] @Get Trig Detected Cnt
[18:45:53] #numDetectedTriggers = 0
[18:45:53] @Get Mem Block Full Cnt
[18:45:53] #memFullCnt = 0
[18:45:53] detected 0 triggers of core0
[18:45:53] captured 0 memory blocks of core0
[18:45:53] @UnlockCable
[18:45:54] Running all active cores....
[18:45:54] @LockCable
[18:45:54] Polling trigger memory of core0....
[18:45:54] @ShiftIR,8,0,ER1
[18:45:54] @ShiftDR,21,0,data (select core0)
[18:45:54] @ShiftIR,8,0,ER2
[18:45:54] @Get Force Trigger bit
[18:45:54] #TM_CTL_0=3
[18:45:54] @Get Trig Detected Cnt
[18:45:54] #numDetectedTriggers = 0
[18:45:54] @Get Mem Block Full Cnt
[18:45:54] #memFullCnt = 0
[18:45:54] detected 0 triggers of core0
[18:45:54] captured 0 memory blocks of core0
[18:45:54] @UnlockCable
[18:45:55] Running all active cores....
[18:45:55] @LockCable
[18:45:55] Polling trigger memory of core0....
[18:45:55] @ShiftIR,8,0,ER1
[18:45:55] @ShiftDR,21,0,data (select core0)
[18:45:55] @ShiftIR,8,0,ER2
[18:45:55] @Get Force Trigger bit
[18:45:55] #TM_CTL_0=3
[18:45:55] @Get Trig Detected Cnt
[18:45:55] #numDetectedTriggers = 0
[18:45:55] @Get Mem Block Full Cnt
[18:45:55] #memFullCnt = 0
[18:45:55] detected 0 triggers of core0
[18:45:55] captured 0 memory blocks of core0
[18:45:55] @UnlockCable
[18:45:56] Running all active cores....
[18:45:56] @LockCable
[18:45:56] Polling trigger memory of core0....
[18:45:56] @ShiftIR,8,0,ER1
[18:45:56] @ShiftDR,21,0,data (select core0)
[18:45:56] @ShiftIR,8,0,ER2
[18:45:56] @Get Force Trigger bit
[18:45:56] #TM_CTL_0=3
[18:45:56] @Get Trig Detected Cnt
[18:45:56] #numDetectedTriggers = 0
[18:45:56] @Get Mem Block Full Cnt
[18:45:56] #memFullCnt = 0
[18:45:56] detected 0 triggers of core0
[18:45:56] captured 0 memory blocks of core0
[18:45:56] @UnlockCable
[18:45:57] Running all active cores....
[18:45:57] @LockCable
[18:45:57] Polling trigger memory of core0....
[18:45:57] @ShiftIR,8,0,ER1
[18:45:57] @ShiftDR,21,0,data (select core0)
[18:45:57] @ShiftIR,8,0,ER2
[18:45:57] @Get Force Trigger bit
[18:45:57] #TM_CTL_0=3
[18:45:57] @Get Trig Detected Cnt
[18:45:57] #numDetectedTriggers = 0
[18:45:57] @Get Mem Block Full Cnt
[18:45:57] #memFullCnt = 0
[18:45:57] detected 0 triggers of core0
[18:45:57] captured 0 memory blocks of core0
[18:45:57] @UnlockCable
[18:45:58] Running all active cores....
[18:45:58] @LockCable
[18:45:58] Polling trigger memory of core0....
[18:45:58] @ShiftIR,8,0,ER1
[18:45:58] @ShiftDR,21,0,data (select core0)
[18:45:58] @ShiftIR,8,0,ER2
[18:45:58] @Get Force Trigger bit
[18:45:58] #TM_CTL_0=3
[18:45:58] @Get Trig Detected Cnt
[18:45:58] #numDetectedTriggers = 0
[18:45:58] @Get Mem Block Full Cnt
[18:45:58] #memFullCnt = 0
[18:45:58] detected 0 triggers of core0
[18:45:58] captured 0 memory blocks of core0
[18:45:58] @UnlockCable
[18:45:59] Running all active cores....
[18:45:59] @LockCable
[18:45:59] Polling trigger memory of core0....
[18:45:59] @ShiftIR,8,0,ER1
[18:45:59] @ShiftDR,21,0,data (select core0)
[18:45:59] @ShiftIR,8,0,ER2
[18:45:59] @Get Force Trigger bit
[18:45:59] #TM_CTL_0=3
[18:45:59] @Get Trig Detected Cnt
[18:45:59] #numDetectedTriggers = 0
[18:45:59] @Get Mem Block Full Cnt
[18:45:59] #memFullCnt = 0
[18:45:59] detected 0 triggers of core0
[18:45:59] captured 0 memory blocks of core0
[18:45:59] @UnlockCable
[18:46:00] Running all active cores....
[18:46:00] @LockCable
[18:46:00] Polling trigger memory of core0....
[18:46:00] @ShiftIR,8,0,ER1
[18:46:00] @ShiftDR,21,0,data (select core0)
[18:46:00] @ShiftIR,8,0,ER2
[18:46:00] @Get Force Trigger bit
[18:46:00] #TM_CTL_0=3
[18:46:00] @Get Trig Detected Cnt
[18:46:00] #numDetectedTriggers = 0
[18:46:00] @Get Mem Block Full Cnt
[18:46:00] #memFullCnt = 0
[18:46:00] detected 0 triggers of core0
[18:46:00] captured 0 memory blocks of core0
[18:46:00] @UnlockCable
[18:46:01] Running all active cores....
[18:46:01] @LockCable
[18:46:01] Polling trigger memory of core0....
[18:46:01] @ShiftIR,8,0,ER1
[18:46:01] @ShiftDR,21,0,data (select core0)
[18:46:01] @ShiftIR,8,0,ER2
[18:46:01] @Get Force Trigger bit
[18:46:01] #TM_CTL_0=3
[18:46:01] @Get Trig Detected Cnt
[18:46:01] #numDetectedTriggers = 0
[18:46:01] @Get Mem Block Full Cnt
[18:46:01] #memFullCnt = 0
[18:46:01] detected 0 triggers of core0
[18:46:01] captured 0 memory blocks of core0
[18:46:01] @UnlockCable
[18:46:02] Running all active cores....
[18:46:02] @LockCable
[18:46:02] Polling trigger memory of core0....
[18:46:02] @ShiftIR,8,0,ER1
[18:46:02] @ShiftDR,21,0,data (select core0)
[18:46:02] @ShiftIR,8,0,ER2
[18:46:02] @Get Force Trigger bit
[18:46:02] #TM_CTL_0=3
[18:46:02] @Get Trig Detected Cnt
[18:46:02] #numDetectedTriggers = 0
[18:46:02] @Get Mem Block Full Cnt
[18:46:02] #memFullCnt = 0
[18:46:02] detected 0 triggers of core0
[18:46:02] captured 0 memory blocks of core0
[18:46:02] @UnlockCable
[18:46:03] Running all active cores....
[18:46:03] @LockCable
[18:46:03] Polling trigger memory of core0....
[18:46:03] @ShiftIR,8,0,ER1
[18:46:03] @ShiftDR,21,0,data (select core0)
[18:46:03] @ShiftIR,8,0,ER2
[18:46:03] @Get Force Trigger bit
[18:46:03] #TM_CTL_0=3
[18:46:03] @Get Trig Detected Cnt
[18:46:03] #numDetectedTriggers = 0
[18:46:03] @Get Mem Block Full Cnt
[18:46:03] #memFullCnt = 0
[18:46:03] detected 0 triggers of core0
[18:46:03] captured 0 memory blocks of core0
[18:46:03] @UnlockCable
[18:46:04] Running all active cores....
[18:46:04] @LockCable
[18:46:04] Polling trigger memory of core0....
[18:46:04] @ShiftIR,8,0,ER1
[18:46:04] @ShiftDR,21,0,data (select core0)
[18:46:04] @ShiftIR,8,0,ER2
[18:46:04] @Get Force Trigger bit
[18:46:04] #TM_CTL_0=3
[18:46:04] @Get Trig Detected Cnt
[18:46:04] #numDetectedTriggers = 0
[18:46:04] @Get Mem Block Full Cnt
[18:46:04] #memFullCnt = 0
[18:46:04] detected 0 triggers of core0
[18:46:04] captured 0 memory blocks of core0
[18:46:04] @UnlockCable
[18:46:05] Running all active cores....
[18:46:05] @LockCable
[18:46:05] Polling trigger memory of core0....
[18:46:05] @ShiftIR,8,0,ER1
[18:46:05] @ShiftDR,21,0,data (select core0)
[18:46:05] @ShiftIR,8,0,ER2
[18:46:05] @Get Force Trigger bit
[18:46:05] #TM_CTL_0=3
[18:46:05] @Get Trig Detected Cnt
[18:46:05] #numDetectedTriggers = 0
[18:46:05] @Get Mem Block Full Cnt
[18:46:05] #memFullCnt = 0
[18:46:05] detected 0 triggers of core0
[18:46:05] captured 0 memory blocks of core0
[18:46:05] @UnlockCable
[18:46:06] Running all active cores....
[18:46:06] @LockCable
[18:46:06] Polling trigger memory of core0....
[18:46:06] @ShiftIR,8,0,ER1
[18:46:06] @ShiftDR,21,0,data (select core0)
[18:46:06] @ShiftIR,8,0,ER2
[18:46:06] @Get Force Trigger bit
[18:46:06] #TM_CTL_0=3
[18:46:06] @Get Trig Detected Cnt
[18:46:06] #numDetectedTriggers = 0
[18:46:06] @Get Mem Block Full Cnt
[18:46:06] #memFullCnt = 0
[18:46:06] detected 0 triggers of core0
[18:46:06] captured 0 memory blocks of core0
[18:46:06] @UnlockCable
[18:46:07] Running all active cores....
[18:46:07] @LockCable
[18:46:07] Polling trigger memory of core0....
[18:46:07] @ShiftIR,8,0,ER1
[18:46:07] @ShiftDR,21,0,data (select core0)
[18:46:07] @ShiftIR,8,0,ER2
[18:46:07] @Get Force Trigger bit
[18:46:07] #TM_CTL_0=3
[18:46:07] @Get Trig Detected Cnt
[18:46:07] #numDetectedTriggers = 0
[18:46:07] @Get Mem Block Full Cnt
[18:46:07] #memFullCnt = 0
[18:46:07] detected 0 triggers of core0
[18:46:07] captured 0 memory blocks of core0
[18:46:07] @UnlockCable
[18:46:08] Running all active cores....
[18:46:08] @LockCable
[18:46:08] Polling trigger memory of core0....
[18:46:08] @ShiftIR,8,0,ER1
[18:46:08] @ShiftDR,21,0,data (select core0)
[18:46:08] @ShiftIR,8,0,ER2
[18:46:08] @Get Force Trigger bit
[18:46:08] #TM_CTL_0=3
[18:46:08] @Get Trig Detected Cnt
[18:46:08] #numDetectedTriggers = 0
[18:46:08] @Get Mem Block Full Cnt
[18:46:08] #memFullCnt = 0
[18:46:08] detected 0 triggers of core0
[18:46:08] captured 0 memory blocks of core0
[18:46:08] @UnlockCable
[18:46:09] Running all active cores....
[18:46:09] @LockCable
[18:46:09] Polling trigger memory of core0....
[18:46:09] @ShiftIR,8,0,ER1
[18:46:09] @ShiftDR,21,0,data (select core0)
[18:46:09] @ShiftIR,8,0,ER2
[18:46:09] @Get Force Trigger bit
[18:46:09] #TM_CTL_0=3
[18:46:09] @Get Trig Detected Cnt
[18:46:09] #numDetectedTriggers = 0
[18:46:09] @Get Mem Block Full Cnt
[18:46:09] #memFullCnt = 0
[18:46:09] detected 0 triggers of core0
[18:46:09] captured 0 memory blocks of core0
[18:46:09] @UnlockCable
[18:46:10] Running all active cores....
[18:46:10] @LockCable
[18:46:10] Polling trigger memory of core0....
[18:46:10] @ShiftIR,8,0,ER1
[18:46:10] @ShiftDR,21,0,data (select core0)
[18:46:10] @ShiftIR,8,0,ER2
[18:46:10] @Get Force Trigger bit
[18:46:10] #TM_CTL_0=3
[18:46:10] @Get Trig Detected Cnt
[18:46:10] #numDetectedTriggers = 0
[18:46:10] @Get Mem Block Full Cnt
[18:46:10] #memFullCnt = 0
[18:46:10] detected 0 triggers of core0
[18:46:10] captured 0 memory blocks of core0
[18:46:10] @UnlockCable
[18:46:11] Running all active cores....
[18:46:11] @LockCable
[18:46:11] Polling trigger memory of core0....
[18:46:11] @ShiftIR,8,0,ER1
[18:46:11] @ShiftDR,21,0,data (select core0)
[18:46:11] @ShiftIR,8,0,ER2
[18:46:11] @Get Force Trigger bit
[18:46:11] #TM_CTL_0=3
[18:46:11] @Get Trig Detected Cnt
[18:46:11] #numDetectedTriggers = 0
[18:46:11] @Get Mem Block Full Cnt
[18:46:11] #memFullCnt = 0
[18:46:11] detected 0 triggers of core0
[18:46:11] captured 0 memory blocks of core0
[18:46:11] @UnlockCable
[18:46:12] Running all active cores....
[18:46:12] @LockCable
[18:46:12] Polling trigger memory of core0....
[18:46:12] @ShiftIR,8,0,ER1
[18:46:12] @ShiftDR,21,0,data (select core0)
[18:46:12] @ShiftIR,8,0,ER2
[18:46:12] @Get Force Trigger bit
[18:46:12] #TM_CTL_0=3
[18:46:12] @Get Trig Detected Cnt
[18:46:12] #numDetectedTriggers = 0
[18:46:12] @Get Mem Block Full Cnt
[18:46:12] #memFullCnt = 0
[18:46:12] detected 0 triggers of core0
[18:46:12] captured 0 memory blocks of core0
[18:46:12] @UnlockCable
[18:46:13] Running all active cores....
[18:46:13] @LockCable
[18:46:13] Polling trigger memory of core0....
[18:46:13] @ShiftIR,8,0,ER1
[18:46:13] @ShiftDR,21,0,data (select core0)
[18:46:13] @ShiftIR,8,0,ER2
[18:46:13] @Get Force Trigger bit
[18:46:13] #TM_CTL_0=3
[18:46:13] @Get Trig Detected Cnt
[18:46:13] #numDetectedTriggers = 0
[18:46:13] @Get Mem Block Full Cnt
[18:46:13] #memFullCnt = 0
[18:46:13] detected 0 triggers of core0
[18:46:13] captured 0 memory blocks of core0
[18:46:13] @UnlockCable
[18:46:14] Running all active cores....
[18:46:14] @LockCable
[18:46:14] Polling trigger memory of core0....
[18:46:14] @ShiftIR,8,0,ER1
[18:46:14] @ShiftDR,21,0,data (select core0)
[18:46:14] @ShiftIR,8,0,ER2
[18:46:14] @Get Force Trigger bit
[18:46:14] #TM_CTL_0=3
[18:46:14] @Get Trig Detected Cnt
[18:46:14] #numDetectedTriggers = 0
[18:46:14] @Get Mem Block Full Cnt
[18:46:14] #memFullCnt = 0
[18:46:14] detected 0 triggers of core0
[18:46:14] captured 0 memory blocks of core0
[18:46:14] @UnlockCable
[18:46:15] Running all active cores....
[18:46:15] @LockCable
[18:46:15] Polling trigger memory of core0....
[18:46:15] @ShiftIR,8,0,ER1
[18:46:15] @ShiftDR,21,0,data (select core0)
[18:46:15] @ShiftIR,8,0,ER2
[18:46:15] @Get Force Trigger bit
[18:46:15] #TM_CTL_0=3
[18:46:15] @Get Trig Detected Cnt
[18:46:15] #numDetectedTriggers = 0
[18:46:15] @Get Mem Block Full Cnt
[18:46:15] #memFullCnt = 0
[18:46:15] detected 0 triggers of core0
[18:46:15] captured 0 memory blocks of core0
[18:46:15] @UnlockCable
[18:46:16] Running all active cores....
[18:46:16] @LockCable
[18:46:16] Polling trigger memory of core0....
[18:46:16] @ShiftIR,8,0,ER1
[18:46:16] @ShiftDR,21,0,data (select core0)
[18:46:16] @ShiftIR,8,0,ER2
[18:46:16] @Get Force Trigger bit
[18:46:16] #TM_CTL_0=3
[18:46:16] @Get Trig Detected Cnt
[18:46:16] #numDetectedTriggers = 0
[18:46:16] @Get Mem Block Full Cnt
[18:46:16] #memFullCnt = 0
[18:46:16] detected 0 triggers of core0
[18:46:16] captured 0 memory blocks of core0
[18:46:16] @UnlockCable
[18:46:17] Running all active cores....
[18:46:17] @LockCable
[18:46:17] Polling trigger memory of core0....
[18:46:17] @ShiftIR,8,0,ER1
[18:46:17] @ShiftDR,21,0,data (select core0)
[18:46:17] @ShiftIR,8,0,ER2
[18:46:17] @Get Force Trigger bit
[18:46:17] #TM_CTL_0=3
[18:46:17] @Get Trig Detected Cnt
[18:46:17] #numDetectedTriggers = 0
[18:46:17] @Get Mem Block Full Cnt
[18:46:17] #memFullCnt = 0
[18:46:17] detected 0 triggers of core0
[18:46:17] captured 0 memory blocks of core0
[18:46:17] @UnlockCable
[18:46:18] Running all active cores....
[18:46:18] @LockCable
[18:46:18] Polling trigger memory of core0....
[18:46:18] @ShiftIR,8,0,ER1
[18:46:18] @ShiftDR,21,0,data (select core0)
[18:46:18] @ShiftIR,8,0,ER2
[18:46:18] @Get Force Trigger bit
[18:46:18] #TM_CTL_0=3
[18:46:18] @Get Trig Detected Cnt
[18:46:18] #numDetectedTriggers = 0
[18:46:18] @Get Mem Block Full Cnt
[18:46:18] #memFullCnt = 0
[18:46:18] detected 0 triggers of core0
[18:46:18] captured 0 memory blocks of core0
[18:46:18] @UnlockCable
[18:46:19] Running all active cores....
[18:46:19] @LockCable
[18:46:19] Polling trigger memory of core0....
[18:46:19] @ShiftIR,8,0,ER1
[18:46:19] @ShiftDR,21,0,data (select core0)
[18:46:19] @ShiftIR,8,0,ER2
[18:46:19] @Get Force Trigger bit
[18:46:19] #TM_CTL_0=3
[18:46:19] @Get Trig Detected Cnt
[18:46:19] #numDetectedTriggers = 0
[18:46:19] @Get Mem Block Full Cnt
[18:46:19] #memFullCnt = 0
[18:46:19] detected 0 triggers of core0
[18:46:19] captured 0 memory blocks of core0
[18:46:19] @UnlockCable
[18:46:20] Running all active cores....
[18:46:20] @LockCable
[18:46:20] Polling trigger memory of core0....
[18:46:20] @ShiftIR,8,0,ER1
[18:46:20] @ShiftDR,21,0,data (select core0)
[18:46:20] @ShiftIR,8,0,ER2
[18:46:20] @Get Force Trigger bit
[18:46:20] #TM_CTL_0=3
[18:46:20] @Get Trig Detected Cnt
[18:46:20] #numDetectedTriggers = 0
[18:46:20] @Get Mem Block Full Cnt
[18:46:20] #memFullCnt = 0
[18:46:20] detected 0 triggers of core0
[18:46:20] captured 0 memory blocks of core0
[18:46:20] @UnlockCable
[18:46:21] Running all active cores....
[18:46:21] @LockCable
[18:46:21] Polling trigger memory of core0....
[18:46:21] @ShiftIR,8,0,ER1
[18:46:21] @ShiftDR,21,0,data (select core0)
[18:46:21] @ShiftIR,8,0,ER2
[18:46:21] @Get Force Trigger bit
[18:46:21] #TM_CTL_0=3
[18:46:21] @Get Trig Detected Cnt
[18:46:21] #numDetectedTriggers = 0
[18:46:21] @Get Mem Block Full Cnt
[18:46:21] #memFullCnt = 0
[18:46:21] detected 0 triggers of core0
[18:46:21] captured 0 memory blocks of core0
[18:46:21] @UnlockCable
[18:46:22] Running all active cores....
[18:46:22] @LockCable
[18:46:22] Polling trigger memory of core0....
[18:46:22] @ShiftIR,8,0,ER1
[18:46:22] @ShiftDR,21,0,data (select core0)
[18:46:22] @ShiftIR,8,0,ER2
[18:46:22] @Get Force Trigger bit
[18:46:22] #TM_CTL_0=3
[18:46:22] @Get Trig Detected Cnt
[18:46:22] #numDetectedTriggers = 0
[18:46:22] @Get Mem Block Full Cnt
[18:46:22] #memFullCnt = 0
[18:46:22] detected 0 triggers of core0
[18:46:22] captured 0 memory blocks of core0
[18:46:22] @UnlockCable
[18:46:24] Running all active cores....
[18:46:24] @LockCable
[18:46:24] Polling trigger memory of core0....
[18:46:24] @ShiftIR,8,0,ER1
[18:46:24] @ShiftDR,21,0,data (select core0)
[18:46:24] @ShiftIR,8,0,ER2
[18:46:24] @Get Force Trigger bit
[18:46:24] #TM_CTL_0=3
[18:46:24] @Get Trig Detected Cnt
[18:46:24] #numDetectedTriggers = 0
[18:46:24] @Get Mem Block Full Cnt
[18:46:24] #memFullCnt = 0
[18:46:24] detected 0 triggers of core0
[18:46:24] captured 0 memory blocks of core0
[18:46:24] @UnlockCable
[18:46:25] Running all active cores....
[18:46:25] @LockCable
[18:46:25] Polling trigger memory of core0....
[18:46:25] @ShiftIR,8,0,ER1
[18:46:25] @ShiftDR,21,0,data (select core0)
[18:46:25] @ShiftIR,8,0,ER2
[18:46:25] @Get Force Trigger bit
[18:46:25] #TM_CTL_0=3
[18:46:25] @Get Trig Detected Cnt
[18:46:25] #numDetectedTriggers = 0
[18:46:25] @Get Mem Block Full Cnt
[18:46:25] #memFullCnt = 0
[18:46:25] detected 0 triggers of core0
[18:46:25] captured 0 memory blocks of core0
[18:46:25] @UnlockCable
[18:46:26] Running all active cores....
[18:46:26] @LockCable
[18:46:26] Polling trigger memory of core0....
[18:46:26] @ShiftIR,8,0,ER1
[18:46:26] @ShiftDR,21,0,data (select core0)
[18:46:26] @ShiftIR,8,0,ER2
[18:46:26] @Get Force Trigger bit
[18:46:26] #TM_CTL_0=3
[18:46:26] @Get Trig Detected Cnt
[18:46:26] #numDetectedTriggers = 0
[18:46:26] @Get Mem Block Full Cnt
[18:46:26] #memFullCnt = 0
[18:46:26] detected 0 triggers of core0
[18:46:26] captured 0 memory blocks of core0
[18:46:26] @UnlockCable
[18:46:27] Running all active cores....
[18:46:27] @LockCable
[18:46:27] Polling trigger memory of core0....
[18:46:27] @ShiftIR,8,0,ER1
[18:46:27] @ShiftDR,21,0,data (select core0)
[18:46:27] @ShiftIR,8,0,ER2
[18:46:27] @Get Force Trigger bit
[18:46:27] #TM_CTL_0=3
[18:46:27] @Get Trig Detected Cnt
[18:46:27] #numDetectedTriggers = 0
[18:46:27] @Get Mem Block Full Cnt
[18:46:27] #memFullCnt = 0
[18:46:27] detected 0 triggers of core0
[18:46:27] captured 0 memory blocks of core0
[18:46:27] @UnlockCable
[18:46:28] Running all active cores....
[18:46:28] @LockCable
[18:46:28] Polling trigger memory of core0....
[18:46:28] @ShiftIR,8,0,ER1
[18:46:28] @ShiftDR,21,0,data (select core0)
[18:46:28] @ShiftIR,8,0,ER2
[18:46:28] @Get Force Trigger bit
[18:46:28] #TM_CTL_0=3
[18:46:28] @Get Trig Detected Cnt
[18:46:28] #numDetectedTriggers = 0
[18:46:28] @Get Mem Block Full Cnt
[18:46:28] #memFullCnt = 0
[18:46:28] detected 0 triggers of core0
[18:46:28] captured 0 memory blocks of core0
[18:46:28] @UnlockCable
[18:46:29] Running all active cores....
[18:46:29] @LockCable
[18:46:29] Polling trigger memory of core0....
[18:46:29] @ShiftIR,8,0,ER1
[18:46:29] @ShiftDR,21,0,data (select core0)
[18:46:29] @ShiftIR,8,0,ER2
[18:46:29] @Get Force Trigger bit
[18:46:29] #TM_CTL_0=3
[18:46:29] @Get Trig Detected Cnt
[18:46:29] #numDetectedTriggers = 0
[18:46:29] @Get Mem Block Full Cnt
[18:46:29] #memFullCnt = 0
[18:46:29] detected 0 triggers of core0
[18:46:29] captured 0 memory blocks of core0
[18:46:29] @UnlockCable
[18:46:30] Running all active cores....
[18:46:30] @LockCable
[18:46:30] Polling trigger memory of core0....
[18:46:30] @ShiftIR,8,0,ER1
[18:46:30] @ShiftDR,21,0,data (select core0)
[18:46:30] @ShiftIR,8,0,ER2
[18:46:30] @Get Force Trigger bit
[18:46:30] #TM_CTL_0=3
[18:46:30] @Get Trig Detected Cnt
[18:46:30] #numDetectedTriggers = 0
[18:46:30] @Get Mem Block Full Cnt
[18:46:30] #memFullCnt = 0
[18:46:30] detected 0 triggers of core0
[18:46:30] captured 0 memory blocks of core0
[18:46:30] @UnlockCable
[18:46:31] Running all active cores....
[18:46:31] @LockCable
[18:46:31] Polling trigger memory of core0....
[18:46:31] @ShiftIR,8,0,ER1
[18:46:31] @ShiftDR,21,0,data (select core0)
[18:46:31] @ShiftIR,8,0,ER2
[18:46:31] @Get Force Trigger bit
[18:46:31] #TM_CTL_0=3
[18:46:31] @Get Trig Detected Cnt
[18:46:31] #numDetectedTriggers = 0
[18:46:31] @Get Mem Block Full Cnt
[18:46:31] #memFullCnt = 0
[18:46:31] detected 0 triggers of core0
[18:46:31] captured 0 memory blocks of core0
[18:46:31] @UnlockCable
[18:46:32] Running all active cores....
[18:46:32] @LockCable
[18:46:32] Polling trigger memory of core0....
[18:46:32] @ShiftIR,8,0,ER1
[18:46:32] @ShiftDR,21,0,data (select core0)
[18:46:32] @ShiftIR,8,0,ER2
[18:46:32] @Get Force Trigger bit
[18:46:32] #TM_CTL_0=3
[18:46:32] @Get Trig Detected Cnt
[18:46:32] #numDetectedTriggers = 0
[18:46:32] @Get Mem Block Full Cnt
[18:46:32] #memFullCnt = 0
[18:46:32] detected 0 triggers of core0
[18:46:32] captured 0 memory blocks of core0
[18:46:32] @UnlockCable
[18:46:33] Running all active cores....
[18:46:33] @LockCable
[18:46:33] Polling trigger memory of core0....
[18:46:33] @ShiftIR,8,0,ER1
[18:46:33] @ShiftDR,21,0,data (select core0)
[18:46:33] @ShiftIR,8,0,ER2
[18:46:33] @Get Force Trigger bit
[18:46:33] #TM_CTL_0=3
[18:46:33] @Get Trig Detected Cnt
[18:46:33] #numDetectedTriggers = 0
[18:46:33] @Get Mem Block Full Cnt
[18:46:33] #memFullCnt = 0
[18:46:33] detected 0 triggers of core0
[18:46:33] captured 0 memory blocks of core0
[18:46:33] @UnlockCable
[18:46:34] Running all active cores....
[18:46:34] @LockCable
[18:46:34] Polling trigger memory of core0....
[18:46:34] @ShiftIR,8,0,ER1
[18:46:34] @ShiftDR,21,0,data (select core0)
[18:46:34] @ShiftIR,8,0,ER2
[18:46:34] @Get Force Trigger bit
[18:46:34] #TM_CTL_0=3
[18:46:34] @Get Trig Detected Cnt
[18:46:34] #numDetectedTriggers = 0
[18:46:34] @Get Mem Block Full Cnt
[18:46:34] #memFullCnt = 0
[18:46:34] detected 0 triggers of core0
[18:46:34] captured 0 memory blocks of core0
[18:46:34] @UnlockCable
[18:46:35] Running all active cores....
[18:46:35] @LockCable
[18:46:35] Polling trigger memory of core0....
[18:46:35] @ShiftIR,8,0,ER1
[18:46:35] @ShiftDR,21,0,data (select core0)
[18:46:35] @ShiftIR,8,0,ER2
[18:46:35] @Get Force Trigger bit
[18:46:35] #TM_CTL_0=3
[18:46:35] @Get Trig Detected Cnt
[18:46:35] #numDetectedTriggers = 0
[18:46:35] @Get Mem Block Full Cnt
[18:46:35] #memFullCnt = 0
[18:46:35] detected 0 triggers of core0
[18:46:35] captured 0 memory blocks of core0
[18:46:35] @UnlockCable
[18:46:36] Running all active cores....
[18:46:36] @LockCable
[18:46:36] Polling trigger memory of core0....
[18:46:36] @ShiftIR,8,0,ER1
[18:46:36] @ShiftDR,21,0,data (select core0)
[18:46:36] @ShiftIR,8,0,ER2
[18:46:36] @Get Force Trigger bit
[18:46:36] #TM_CTL_0=5
[18:46:36] @Get Trig Detected Cnt
[18:46:36] #numDetectedTriggers = 1
[18:46:36] @Get Mem Block Full Cnt
[18:46:36] #memFullCnt = 1
[18:46:36] Downloading trigger memory of core0....
[18:46:36] @Is LA Armed
[18:46:36] @Set LA Start/Stop readback
[18:46:36] @Set LA Start/Stop 
[18:46:36] @Set LA Start/Stop readback
[18:46:36] @Set LA Start/Stop 
[18:46:36] @Get Trig Detected Cnt
[18:46:36] #numDetectedTriggers = 1
[18:46:36] @Get Mem Block Full Cnt
[18:46:36] #memFullCnt = 1
[18:46:36] @Get Last Addr Written
[18:46:36] #lastAddrWritten = 200
[18:46:36] @Get Multiple Trig Enbl
[18:46:36] #traceWidth=24, userSelectedTriggers=1, numTrigEnable=1
[18:46:36] @Get BurstRead CRC
[18:46:36] @Set Trace Mem Cnter Init
[18:46:36] Uploading in burst mode....
[18:46:36] @ShiftDR,6144,1,data (burst read)
[18:46:36] @GetTDO,data,6144
[18:46:36] @Get BurstRead CRC
[18:46:36] @Get BurstRead CRC
[18:46:36] @Get Pre-Trig Sample Num
[18:46:36] @Get Post-Trig Sample Num
[18:46:36] @Get Pre-Trig Samples Captured
[18:46:36] @Get Trig Ptr
[18:46:36] #trigPtr = 222
[18:46:36] #dataSize=3, numRead=256, trace_out=256
[18:46:36] #trig0={blockPosition:0,triggerPosition:16}
[18:46:36] finished download trigger memory of core0
[18:46:36] @UnlockCable
[18:46:36] @ReleaseCablePort
[18:46:36] @Disconnect
[18:46:36] All messages logged in file C:/work/S127M/PCBNo_10089/SP0565_rev00_00/SP0565/reveal_debug.log
Last closed: –Ø 4 9 18:54:43 2026
