-- all messages logged in file C:/work/S127M/PCBNo_10089/SP0565_rev00_00/SP0565/reveal_error.log
-- Analyzing VHDL file 'C:/lscc/diamond/3.13/ispfpga/vhdl_packages/vh2008/std/standard_2008.vhd' (VHDL-1481)
C:/lscc/diamond/3.13/ispfpga/vhdl_packages/vh2008/std/standard_2008.vhd(9): INFO: analyzing package 'standard' (VHDL-1014)
-- Analyzing VHDL file 'C:/lscc/diamond/3.13/ispfpga/vhdl_packages/vh2008/std/textio_2008.vhd' (VHDL-1481)
C:/lscc/diamond/3.13/ispfpga/vhdl_packages/vh2008/std/textio_2008.vhd(13): INFO: analyzing package 'textio' (VHDL-1014)
C:/lscc/diamond/3.13/ispfpga/vhdl_packages/vh2008/std/textio_2008.vhd(157): INFO: analyzing package body 'textio' (VHDL-1013)
-- Analyzing VHDL file 'C:/lscc/diamond/3.13/ispfpga/vhdl_packages/vh2008/std/env_2008.vhd' (VHDL-1481)
C:/lscc/diamond/3.13/ispfpga/vhdl_packages/vh2008/std/env_2008.vhd(8): INFO: analyzing package 'env' (VHDL-1014)
-- Analyzing VHDL file 'C:/lscc/diamond/3.13/ispfpga/vhdl_packages/vh2008/ieee/std_logic_1164_2008.vhd' (VHDL-1481)
C:/lscc/diamond/3.13/ispfpga/vhdl_packages/vh2008/ieee/std_logic_1164_2008.vhd(59): INFO: analyzing package 'std_logic_1164' (VHDL-1014)
C:/lscc/diamond/3.13/ispfpga/vhdl_packages/vh2008/ieee/std_logic_1164_2008.vhd(390): INFO: analyzing package body 'std_logic_1164' (VHDL-1013)
-- Analyzing VHDL file 'C:/lscc/diamond/3.13/ispfpga/vhdl_packages/vh2008/ieee/std_logic_textio.vhdl' (VHDL-1481)
C:/lscc/diamond/3.13/ispfpga/vhdl_packages/vh2008/ieee/std_logic_textio.vhdl(47): INFO: analyzing package 'std_logic_textio' (VHDL-1014)
-- Analyzing VHDL file 'C:/lscc/diamond/3.13/ispfpga/vhdl_packages/vh2008/ieee/numeric_std_2008.vhd' (VHDL-1481)
C:/lscc/diamond/3.13/ispfpga/vhdl_packages/vh2008/ieee/numeric_std_2008.vhd(72): INFO: analyzing package 'numeric_std' (VHDL-1014)
C:/lscc/diamond/3.13/ispfpga/vhdl_packages/vh2008/ieee/numeric_std_2008.vhd(1770): INFO: analyzing package body 'numeric_std' (VHDL-1013)
-- Analyzing VHDL file 'C:/lscc/diamond/3.13/ispfpga/vhdl_packages/vh2008/ieee/numeric_std_unsigned_2008.vhd' (VHDL-1481)
C:/lscc/diamond/3.13/ispfpga/vhdl_packages/vh2008/ieee/numeric_std_unsigned_2008.vhd(58): INFO: analyzing package 'numeric_std_unsigned' (VHDL-1014)
C:/lscc/diamond/3.13/ispfpga/vhdl_packages/vh2008/ieee/numeric_std_unsigned_2008.vhd(679): INFO: analyzing package body 'numeric_std_unsigned' (VHDL-1013)
-- Analyzing VHDL file 'C:/lscc/diamond/3.13/ispfpga/vhdl_packages/vh2008/ieee/numeric_bit.vhdl' (VHDL-1481)
C:/lscc/diamond/3.13/ispfpga/vhdl_packages/vh2008/ieee/numeric_bit.vhdl(62): INFO: analyzing package 'numeric_bit' (VHDL-1014)
-- Analyzing VHDL file 'C:/lscc/diamond/3.13/ispfpga/vhdl_packages/vh2008/ieee/numeric_bit-body.vhdl' (VHDL-1481)
C:/lscc/diamond/3.13/ispfpga/vhdl_packages/vh2008/ieee/numeric_bit-body.vhdl(60): INFO: analyzing package body 'numeric_bit' (VHDL-1013)
-- Analyzing VHDL file 'C:/lscc/diamond/3.13/ispfpga/vhdl_packages/vh2008/ieee/numeric_bit_unsigned.vhdl' (VHDL-1481)
C:/lscc/diamond/3.13/ispfpga/vhdl_packages/vh2008/ieee/numeric_bit_unsigned.vhdl(56): INFO: analyzing package 'numeric_bit_unsigned' (VHDL-1014)
-- Analyzing VHDL file 'C:/lscc/diamond/3.13/ispfpga/vhdl_packages/vh2008/ieee/numeric_bit_unsigned-body.vhdl' (VHDL-1481)
C:/lscc/diamond/3.13/ispfpga/vhdl_packages/vh2008/ieee/numeric_bit_unsigned-body.vhdl(59): INFO: analyzing package body 'numeric_bit_unsigned' (VHDL-1013)
-- Analyzing VHDL file 'C:/lscc/diamond/3.13/ispfpga/vhdl_packages/vh2008/ieee/math_real.vhdl' (VHDL-1481)
C:/lscc/diamond/3.13/ispfpga/vhdl_packages/vh2008/ieee/math_real.vhdl(54): INFO: analyzing package 'math_real' (VHDL-1014)
-- Analyzing VHDL file 'C:/lscc/diamond/3.13/ispfpga/vhdl_packages/vh2008/ieee/math_real-body.vhdl' (VHDL-1481)
C:/lscc/diamond/3.13/ispfpga/vhdl_packages/vh2008/ieee/math_real-body.vhdl(54): INFO: analyzing package body 'math_real' (VHDL-1013)
-- Analyzing VHDL file 'C:/lscc/diamond/3.13/ispfpga/vhdl_packages/vh2008/ieee/math_complex.vhdl' (VHDL-1481)
C:/lscc/diamond/3.13/ispfpga/vhdl_packages/vh2008/ieee/math_complex.vhdl(55): INFO: analyzing package 'math_complex' (VHDL-1014)
-- Analyzing VHDL file 'C:/lscc/diamond/3.13/ispfpga/vhdl_packages/vh2008/ieee/math_complex-body.vhdl' (VHDL-1481)
C:/lscc/diamond/3.13/ispfpga/vhdl_packages/vh2008/ieee/math_complex-body.vhdl(56): INFO: analyzing package body 'math_complex' (VHDL-1013)
-- Analyzing VHDL file 'C:/lscc/diamond/3.13/ispfpga/vhdl_packages/vh2008/ieee/fixed_float_types.vhdl' (VHDL-1481)
C:/lscc/diamond/3.13/ispfpga/vhdl_packages/vh2008/ieee/fixed_float_types.vhdl(46): INFO: analyzing package 'fixed_float_types' (VHDL-1014)
-- Analyzing VHDL file 'C:/lscc/diamond/3.13/ispfpga/vhdl_packages/vh2008/ieee/fixed_generic_pkg.vhdl' (VHDL-1481)
C:/lscc/diamond/3.13/ispfpga/vhdl_packages/vh2008/ieee/fixed_generic_pkg.vhdl(52): INFO: analyzing package 'fixed_generic_pkg' (VHDL-1014)
-- Analyzing VHDL file 'C:/lscc/diamond/3.13/ispfpga/vhdl_packages/vh2008/ieee/fixed_generic_pkg-body.vhdl' (VHDL-1481)
C:/lscc/diamond/3.13/ispfpga/vhdl_packages/vh2008/ieee/fixed_generic_pkg-body.vhdl(49): INFO: analyzing package body 'fixed_generic_pkg' (VHDL-1013)
-- Analyzing VHDL file 'C:/lscc/diamond/3.13/ispfpga/vhdl_packages/vh2008/ieee/float_generic_pkg.vhdl' (VHDL-1481)
C:/lscc/diamond/3.13/ispfpga/vhdl_packages/vh2008/ieee/float_generic_pkg.vhdl(52): INFO: analyzing package 'float_generic_pkg' (VHDL-1014)
-- Analyzing VHDL file 'C:/lscc/diamond/3.13/ispfpga/vhdl_packages/vh2008/ieee/float_generic_pkg-body.vhdl' (VHDL-1481)
C:/lscc/diamond/3.13/ispfpga/vhdl_packages/vh2008/ieee/float_generic_pkg-body.vhdl(46): INFO: analyzing package body 'float_generic_pkg' (VHDL-1013)
-- Analyzing VHDL file 'C:/lscc/diamond/3.13/ispfpga/vhdl_packages/vh2008/ieee/fixed_pkg.vhdl' (VHDL-1481)
-- Analyzing VHDL file 'C:/lscc/diamond/3.13/ispfpga/vhdl_packages/vh2008/ieee/float_pkg.vhdl' (VHDL-1481)
-- Analyzing VHDL file 'C:/lscc/diamond/3.13/ispfpga/vhdl_packages/vh2008/ieee/ieee_bit_context.vhd' (VHDL-1481)
-- Analyzing VHDL file 'C:/lscc/diamond/3.13/ispfpga/vhdl_packages/vh2008/ieee/ieee_std_context.vhd' (VHDL-1481)
-- Analyzing VHDL file 'C:/lscc/diamond/3.13/ispfpga/vhdl_packages/syn_attr.vhd' (VHDL-1481)
C:/lscc/diamond/3.13/ispfpga/vhdl_packages/syn_attr.vhd(39): INFO: analyzing package 'attributes' (VHDL-1014)
-- Analyzing VHDL file 'C:/lscc/diamond/3.13/ispfpga/vhdl_packages/vh2008/ieee/syn_misc_2008.vhd' (VHDL-1481)
C:/lscc/diamond/3.13/ispfpga/vhdl_packages/vh2008/ieee/syn_misc_2008.vhd(25): INFO: analyzing package 'std_logic_misc' (VHDL-1014)
C:/lscc/diamond/3.13/ispfpga/vhdl_packages/vh2008/ieee/syn_misc_2008.vhd(179): INFO: analyzing package body 'std_logic_misc' (VHDL-1013)
-- Analyzing VHDL file 'C:/lscc/diamond/3.13/ispfpga/vhdl_packages/vh2008/arithmetic/mgc_arit_2008.vhd' (VHDL-1481)
C:/lscc/diamond/3.13/ispfpga/vhdl_packages/vh2008/arithmetic/mgc_arit_2008.vhd(22): INFO: analyzing package 'std_logic_arith' (VHDL-1014)
C:/lscc/diamond/3.13/ispfpga/vhdl_packages/vh2008/arithmetic/mgc_arit_2008.vhd(276): INFO: analyzing package body 'std_logic_arith' (VHDL-1013)
-- Analyzing VHDL file 'C:/lscc/diamond/3.13/ispfpga/vhdl_packages/mixed_lang_vltype.vhd' (VHDL-1481)
C:/lscc/diamond/3.13/ispfpga/vhdl_packages/mixed_lang_vltype.vhd(9): INFO: analyzing package 'vl_types' (VHDL-1014)
C:/lscc/diamond/3.13/ispfpga/vhdl_packages/mixed_lang_vltype.vhd(88): INFO: analyzing package body 'vl_types' (VHDL-1013)
-- Analyzing VHDL file 'C:/lscc/diamond/3.13/ispfpga/vhdl_packages/syn_arit.vhd' (VHDL-1481)
C:/lscc/diamond/3.13/ispfpga/vhdl_packages/syn_arit.vhd(25): INFO: analyzing package 'std_logic_arith' (VHDL-1014)
C:/lscc/diamond/3.13/ispfpga/vhdl_packages/syn_arit.vhd(206): INFO: analyzing package body 'std_logic_arith' (VHDL-1013)
-- Analyzing VHDL file 'C:/lscc/diamond/3.13/ispfpga/vhdl_packages/syn_sign.vhd' (VHDL-1481)
C:/lscc/diamond/3.13/ispfpga/vhdl_packages/syn_sign.vhd(35): INFO: analyzing package 'std_logic_signed' (VHDL-1014)
C:/lscc/diamond/3.13/ispfpga/vhdl_packages/syn_sign.vhd(96): INFO: analyzing package body 'std_logic_signed' (VHDL-1013)
-- Analyzing VHDL file 'C:/lscc/diamond/3.13/ispfpga/vhdl_packages/syn_unsi.vhd' (VHDL-1481)
C:/lscc/diamond/3.13/ispfpga/vhdl_packages/syn_unsi.vhd(35): INFO: analyzing package 'std_logic_unsigned' (VHDL-1014)
C:/lscc/diamond/3.13/ispfpga/vhdl_packages/syn_unsi.vhd(94): INFO: analyzing package body 'std_logic_unsigned' (VHDL-1013)
-- Analyzing VHDL file 'C:/lscc/diamond/3.13/ispfpga/userware/NT/SYNTHESIS_HEADERS/ecp5u.vhd' (VHDL-1481)
C:/lscc/diamond/3.13/ispfpga/userware/NT/SYNTHESIS_HEADERS/ecp5u.vhd(27): INFO: analyzing package 'components' (VHDL-1014)
-- Analyzing VHDL file 'C:/lscc/diamond/3.13/ispfpga/vhdl_packages/orca4.vhd' (VHDL-1481)
C:/lscc/diamond/3.13/ispfpga/vhdl_packages/orca4.vhd(35): INFO: analyzing package 'orcacomp' (VHDL-1014)
-- Analyzing VHDL file 'C:/lscc/diamond/3.13/ispfpga/vhdl_packages/synattr.vhd' (VHDL-1481)
C:/lscc/diamond/3.13/ispfpga/vhdl_packages/synattr.vhd(50): INFO: analyzing package 'attributes' (VHDL-1014)
-- Analyzing VHDL file 'C:/work/S127M/PCBNo_10089/SP0565_rev00_00/SP0565/reveal_workspace/tmpreveal/SP0565_reveal_coretop.vhd' (VHDL-1481)
C:/work/S127M/PCBNo_10089/SP0565_rev00_00/SP0565/reveal_workspace/tmpreveal/SP0565_reveal_coretop.vhd(6): INFO: analyzing entity 'reveal_coretop' (VHDL-1012)
C:/work/S127M/PCBNo_10089/SP0565_rev00_00/SP0565/reveal_workspace/tmpreveal/SP0565_reveal_coretop.vhd(22): INFO: analyzing architecture 'one' (VHDL-1010)
-- Analyzing VHDL file 'C:/work/S127M/PCBNo_10089/SP0565_rev00_00/RTL/com/fc_dec.vhd' (VHDL-1481)
C:/work/S127M/PCBNo_10089/SP0565_rev00_00/RTL/com/fc_dec.vhd(20): INFO: analyzing entity 'fc_dec' (VHDL-1012)
C:/work/S127M/PCBNo_10089/SP0565_rev00_00/RTL/com/fc_dec.vhd(36): INFO: analyzing architecture 'rtl' (VHDL-1010)
-- Analyzing VHDL file 'C:/work/S127M/PCBNo_10089/SP0565_rev00_00/RTL/com/fc_sel.vhd' (VHDL-1481)
C:/work/S127M/PCBNo_10089/SP0565_rev00_00/RTL/com/fc_sel.vhd(20): INFO: analyzing entity 'fc_sel' (VHDL-1012)
C:/work/S127M/PCBNo_10089/SP0565_rev00_00/RTL/com/fc_sel.vhd(31): INFO: analyzing architecture 'rtl' (VHDL-1010)
-- Analyzing VHDL file 'C:/work/S127M/PCBNo_10089/SP0565_rev00_00/RTL/com/w_pack.vhd' (VHDL-1481)
C:/work/S127M/PCBNo_10089/SP0565_rev00_00/RTL/com/w_pack.vhd(23): INFO: analyzing package 'w_pack' (VHDL-1014)
C:/work/S127M/PCBNo_10089/SP0565_rev00_00/RTL/com/w_pack.vhd(71): INFO: analyzing package body 'w_pack' (VHDL-1013)
-- Analyzing VHDL file 'C:/work/S127M/PCBNo_10089/SP0565_rev00_00/RTL/IPcore/dcfifo_rx_b1/dcfifo_rx_b1.vhd' (VHDL-1481)
C:/work/S127M/PCBNo_10089/SP0565_rev00_00/RTL/IPcore/dcfifo_rx_b1/dcfifo_rx_b1.vhd(12): INFO: analyzing entity 'dcfifo_rx_b1' (VHDL-1012)
C:/work/S127M/PCBNo_10089/SP0565_rev00_00/RTL/IPcore/dcfifo_rx_b1/dcfifo_rx_b1.vhd(26): INFO: analyzing architecture 'structure' (VHDL-1010)
-- Analyzing VHDL file 'C:/work/S127M/PCBNo_10089/SP0565_rev00_00/RTL/IPcore/dcfifo_rx_b2/dcfifo_rx_b2.vhd' (VHDL-1481)
C:/work/S127M/PCBNo_10089/SP0565_rev00_00/RTL/IPcore/dcfifo_rx_b2/dcfifo_rx_b2.vhd(12): INFO: analyzing entity 'dcfifo_rx_b2' (VHDL-1012)
C:/work/S127M/PCBNo_10089/SP0565_rev00_00/RTL/IPcore/dcfifo_rx_b2/dcfifo_rx_b2.vhd(26): INFO: analyzing architecture 'structure' (VHDL-1010)
-- Analyzing VHDL file 'C:/work/S127M/PCBNo_10089/SP0565_rev00_00/RTL/IPcore/dcfifo_tx_b1/dcfifo_tx_b1.vhd' (VHDL-1481)
C:/work/S127M/PCBNo_10089/SP0565_rev00_00/RTL/IPcore/dcfifo_tx_b1/dcfifo_tx_b1.vhd(12): INFO: analyzing entity 'dcfifo_tx_b1' (VHDL-1012)
C:/work/S127M/PCBNo_10089/SP0565_rev00_00/RTL/IPcore/dcfifo_tx_b1/dcfifo_tx_b1.vhd(26): INFO: analyzing architecture 'structure' (VHDL-1010)
-- Analyzing VHDL file 'C:/work/S127M/PCBNo_10089/SP0565_rev00_00/RTL/IPcore/dcfifo_tx_b2/dcfifo_tx_b2.vhd' (VHDL-1481)
C:/work/S127M/PCBNo_10089/SP0565_rev00_00/RTL/IPcore/dcfifo_tx_b2/dcfifo_tx_b2.vhd(12): INFO: analyzing entity 'dcfifo_tx_b2' (VHDL-1012)
C:/work/S127M/PCBNo_10089/SP0565_rev00_00/RTL/IPcore/dcfifo_tx_b2/dcfifo_tx_b2.vhd(26): INFO: analyzing architecture 'structure' (VHDL-1010)
-- Analyzing VHDL file 'C:/work/S127M/PCBNo_10089/SP0565_rev00_00/RTL/IPcore/pll_gen/pll_gen.vhd' (VHDL-1481)
C:/work/S127M/PCBNo_10089/SP0565_rev00_00/RTL/IPcore/pll_gen/pll_gen.vhd(12): INFO: analyzing entity 'pll_gen' (VHDL-1012)
C:/work/S127M/PCBNo_10089/SP0565_rev00_00/RTL/IPcore/pll_gen/pll_gen.vhd(23): INFO: analyzing architecture 'structure' (VHDL-1010)
-- Analyzing VHDL file 'C:/work/S127M/PCBNo_10089/SP0565_rev00_00/RTL/IPcore/IPcore.vhd' (VHDL-1481)
C:/work/S127M/PCBNo_10089/SP0565_rev00_00/RTL/IPcore/IPcore.vhd(14): INFO: analyzing entity 'ipcore' (VHDL-1012)
C:/work/S127M/PCBNo_10089/SP0565_rev00_00/RTL/IPcore/IPcore.vhd(66): INFO: analyzing architecture 'ipcore' (VHDL-1010)
-- Analyzing VHDL file 'C:/work/S127M/PCBNo_10089/SP0565_rev00_00/RTL/SP0565.vhd' (VHDL-1481)
C:/work/S127M/PCBNo_10089/SP0565_rev00_00/RTL/SP0565.vhd(19): INFO: analyzing entity 'sp0565' (VHDL-1012)
C:/work/S127M/PCBNo_10089/SP0565_rev00_00/RTL/SP0565.vhd(82): INFO: analyzing architecture 'rtl' (VHDL-1010)
-- Analyzing VHDL file 'C:/work/S127M/PCBNo_10089/SP0565_rev00_00/RTL/SP05565/ad_ctrl/ad_ctrl.vhd' (VHDL-1481)
C:/work/S127M/PCBNo_10089/SP0565_rev00_00/RTL/SP05565/ad_ctrl/ad_ctrl.vhd(19): INFO: analyzing entity 'ad_ctrl' (VHDL-1012)
C:/work/S127M/PCBNo_10089/SP0565_rev00_00/RTL/SP05565/ad_ctrl/ad_ctrl.vhd(41): INFO: analyzing architecture 'rtl' (VHDL-1010)
-- Analyzing VHDL file 'C:/work/S127M/PCBNo_10089/SP0565_rev00_00/RTL/SP05565/ad_ctrl/adc_reg.vhd' (VHDL-1481)
C:/work/S127M/PCBNo_10089/SP0565_rev00_00/RTL/SP05565/ad_ctrl/adc_reg.vhd(22): INFO: analyzing entity 'adc_reg' (VHDL-1012)
C:/work/S127M/PCBNo_10089/SP0565_rev00_00/RTL/SP05565/ad_ctrl/adc_reg.vhd(43): INFO: analyzing architecture 'rtl' (VHDL-1010)
-- Analyzing VHDL file 'C:/work/S127M/PCBNo_10089/SP0565_rev00_00/RTL/SP05565/ad_ctrl/adclk_gen.vhd' (VHDL-1481)
C:/work/S127M/PCBNo_10089/SP0565_rev00_00/RTL/SP05565/ad_ctrl/adclk_gen.vhd(19): INFO: analyzing entity 'adclk_gen' (VHDL-1012)
C:/work/S127M/PCBNo_10089/SP0565_rev00_00/RTL/SP05565/ad_ctrl/adclk_gen.vhd(29): INFO: analyzing architecture 'rtl' (VHDL-1010)
-- Analyzing VHDL file 'C:/work/S127M/PCBNo_10089/SP0565_rev00_00/RTL/SP05565/ad_ctrl/adif_seq.vhd' (VHDL-1481)
C:/work/S127M/PCBNo_10089/SP0565_rev00_00/RTL/SP05565/ad_ctrl/adif_seq.vhd(19): INFO: analyzing entity 'adif_seq' (VHDL-1012)
C:/work/S127M/PCBNo_10089/SP0565_rev00_00/RTL/SP05565/ad_ctrl/adif_seq.vhd(32): INFO: analyzing architecture 'rtl' (VHDL-1010)
-- Analyzing VHDL file 'C:/work/S127M/PCBNo_10089/SP0565_rev00_00/RTL/SP05565/ad_ctrl/shiftreg12bit.vhd' (VHDL-1481)
C:/work/S127M/PCBNo_10089/SP0565_rev00_00/RTL/SP05565/ad_ctrl/shiftreg12bit.vhd(18): INFO: analyzing entity 'shiftreg12bit' (VHDL-1012)
C:/work/S127M/PCBNo_10089/SP0565_rev00_00/RTL/SP05565/ad_ctrl/shiftreg12bit.vhd(29): INFO: analyzing architecture 'rtl' (VHDL-1010)
-- Analyzing VHDL file 'C:/work/S127M/PCBNo_10089/SP0565_rev00_00/RTL/SP05565/AD5270/ad5270_5271_ctrl.vhd' (VHDL-1481)
C:/work/S127M/PCBNo_10089/SP0565_rev00_00/RTL/SP05565/AD5270/ad5270_5271_ctrl.vhd(31): INFO: analyzing entity 'ad5270_5271_ctrl' (VHDL-1012)
C:/work/S127M/PCBNo_10089/SP0565_rev00_00/RTL/SP05565/AD5270/ad5270_5271_ctrl.vhd(48): INFO: analyzing architecture 'rtl' (VHDL-1010)
-- Analyzing VHDL file 'C:/work/S127M/PCBNo_10089/SP0565_rev00_00/RTL/SP05565/compactppmc/ppmc_acc_tim_gen.vhd' (VHDL-1481)
C:/work/S127M/PCBNo_10089/SP0565_rev00_00/RTL/SP05565/compactppmc/ppmc_acc_tim_gen.vhd(20): INFO: analyzing entity 'ppmc_acc_tim_gen' (VHDL-1012)
C:/work/S127M/PCBNo_10089/SP0565_rev00_00/RTL/SP05565/compactppmc/ppmc_acc_tim_gen.vhd(30): INFO: analyzing architecture 'rtl' (VHDL-1010)
-- Analyzing VHDL file 'C:/work/S127M/PCBNo_10089/SP0565_rev00_00/RTL/SP05565/compactppmc/ppmc_cmdchk.vhd' (VHDL-1481)
C:/work/S127M/PCBNo_10089/SP0565_rev00_00/RTL/SP05565/compactppmc/ppmc_cmdchk.vhd(25): INFO: analyzing entity 'ppmc_cmdchk' (VHDL-1012)
C:/work/S127M/PCBNo_10089/SP0565_rev00_00/RTL/SP05565/compactppmc/ppmc_cmdchk.vhd(49): INFO: analyzing architecture 'rtl' (VHDL-1010)
-- Analyzing VHDL file 'C:/work/S127M/PCBNo_10089/SP0565_rev00_00/RTL/SP05565/compactppmc/ppmc_ctrl.vhd' (VHDL-1481)
C:/work/S127M/PCBNo_10089/SP0565_rev00_00/RTL/SP05565/compactppmc/ppmc_ctrl.vhd(36): INFO: analyzing entity 'ppmc_ctrl' (VHDL-1012)
C:/work/S127M/PCBNo_10089/SP0565_rev00_00/RTL/SP05565/compactppmc/ppmc_ctrl.vhd(92): INFO: analyzing architecture 'rtl' (VHDL-1010)
-- Analyzing VHDL file 'C:/work/S127M/PCBNo_10089/SP0565_rev00_00/RTL/SP05565/compactppmc/ppmc_dec.vhd' (VHDL-1481)
C:/work/S127M/PCBNo_10089/SP0565_rev00_00/RTL/SP05565/compactppmc/ppmc_dec.vhd(34): INFO: analyzing entity 'ppmc_dec' (VHDL-1012)
C:/work/S127M/PCBNo_10089/SP0565_rev00_00/RTL/SP05565/compactppmc/ppmc_dec.vhd(64): INFO: analyzing architecture 'rtl' (VHDL-1010)
-- Analyzing VHDL file 'C:/work/S127M/PCBNo_10089/SP0565_rev00_00/RTL/SP05565/compactppmc/ppmc_enblr_S118M.vhd' (VHDL-1481)
C:/work/S127M/PCBNo_10089/SP0565_rev00_00/RTL/SP05565/compactppmc/ppmc_enblr_S118M.vhd(49): INFO: analyzing entity 'ppmc_enblr_s118m' (VHDL-1012)
C:/work/S127M/PCBNo_10089/SP0565_rev00_00/RTL/SP05565/compactppmc/ppmc_enblr_S118M.vhd(63): INFO: analyzing architecture 'rtl' (VHDL-1010)
-- Analyzing VHDL file 'C:/work/S127M/PCBNo_10089/SP0565_rev00_00/RTL/SP05565/compactppmc/ppmc_id.vhd' (VHDL-1481)
C:/work/S127M/PCBNo_10089/SP0565_rev00_00/RTL/SP05565/compactppmc/ppmc_id.vhd(19): INFO: analyzing entity 'ppmc_id' (VHDL-1012)
C:/work/S127M/PCBNo_10089/SP0565_rev00_00/RTL/SP05565/compactppmc/ppmc_id.vhd(30): INFO: analyzing architecture 'rtl' (VHDL-1010)
-- Analyzing VHDL file 'C:/work/S127M/PCBNo_10089/SP0565_rev00_00/RTL/SP05565/compactppmc/ppmc_phgen.vhd' (VHDL-1481)
C:/work/S127M/PCBNo_10089/SP0565_rev00_00/RTL/SP05565/compactppmc/ppmc_phgen.vhd(27): INFO: analyzing entity 'ppmc_phgen' (VHDL-1012)
C:/work/S127M/PCBNo_10089/SP0565_rev00_00/RTL/SP05565/compactppmc/ppmc_phgen.vhd(44): INFO: analyzing architecture 'rtl' (VHDL-1010)
-- Analyzing VHDL file 'C:/work/S127M/PCBNo_10089/SP0565_rev00_00/RTL/SP05565/compactppmc/ppmc_pls_cnt.vhd' (VHDL-1481)
C:/work/S127M/PCBNo_10089/SP0565_rev00_00/RTL/SP05565/compactppmc/ppmc_pls_cnt.vhd(26): INFO: analyzing entity 'ppmc_pls_cnt' (VHDL-1012)
C:/work/S127M/PCBNo_10089/SP0565_rev00_00/RTL/SP05565/compactppmc/ppmc_pls_cnt.vhd(46): INFO: analyzing architecture 'rtl' (VHDL-1010)
-- Analyzing VHDL file 'C:/work/S127M/PCBNo_10089/SP0565_rev00_00/RTL/SP05565/compactppmc/ppmc_plsgen.vhd' (VHDL-1481)
C:/work/S127M/PCBNo_10089/SP0565_rev00_00/RTL/SP05565/compactppmc/ppmc_plsgen.vhd(19): INFO: analyzing entity 'ppmc_plsgen' (VHDL-1012)
C:/work/S127M/PCBNo_10089/SP0565_rev00_00/RTL/SP05565/compactppmc/ppmc_plsgen.vhd(46): INFO: analyzing architecture 'rtl' (VHDL-1010)
-- Analyzing VHDL file 'C:/work/S127M/PCBNo_10089/SP0565_rev00_00/RTL/SP05565/compactppmc/ppmc_reg_S118M.vhd' (VHDL-1481)
C:/work/S127M/PCBNo_10089/SP0565_rev00_00/RTL/SP05565/compactppmc/ppmc_reg_S118M.vhd(53): INFO: analyzing entity 'ppmc_reg_s118m' (VHDL-1012)
C:/work/S127M/PCBNo_10089/SP0565_rev00_00/RTL/SP05565/compactppmc/ppmc_reg_S118M.vhd(92): INFO: analyzing architecture 'rtl' (VHDL-1010)
-- Analyzing VHDL file 'C:/work/S127M/PCBNo_10089/SP0565_rev00_00/RTL/SP05565/compactppmc/ppmc_rgstr.vhd' (VHDL-1481)
C:/work/S127M/PCBNo_10089/SP0565_rev00_00/RTL/SP05565/compactppmc/ppmc_rgstr.vhd(34): INFO: analyzing entity 'ppmc_rgstr' (VHDL-1012)
C:/work/S127M/PCBNo_10089/SP0565_rev00_00/RTL/SP05565/compactppmc/ppmc_rgstr.vhd(94): INFO: analyzing architecture 'rtl' (VHDL-1010)
-- Analyzing VHDL file 'C:/work/S127M/PCBNo_10089/SP0565_rev00_00/RTL/SP05565/compactppmc/ppmc_speed_cnt.vhd' (VHDL-1481)
C:/work/S127M/PCBNo_10089/SP0565_rev00_00/RTL/SP05565/compactppmc/ppmc_speed_cnt.vhd(25): INFO: analyzing entity 'ppmc_speed_cnt' (VHDL-1012)
C:/work/S127M/PCBNo_10089/SP0565_rev00_00/RTL/SP05565/compactppmc/ppmc_speed_cnt.vhd(43): INFO: analyzing architecture 'rtl' (VHDL-1010)
-- Analyzing VHDL file 'C:/work/S127M/PCBNo_10089/SP0565_rev00_00/RTL/SP05565/compactppmc/ppmc_timer_cnt.vhd' (VHDL-1481)
C:/work/S127M/PCBNo_10089/SP0565_rev00_00/RTL/SP05565/compactppmc/ppmc_timer_cnt.vhd(20): INFO: analyzing entity 'ppmc_timer_cnt' (VHDL-1012)
C:/work/S127M/PCBNo_10089/SP0565_rev00_00/RTL/SP05565/compactppmc/ppmc_timer_cnt.vhd(34): INFO: analyzing architecture 'rtl' (VHDL-1010)
-- Analyzing VHDL file 'C:/work/S127M/PCBNo_10089/SP0565_rev00_00/RTL/SP05565/compactppmc/ppmc_top_S118M.vhd' (VHDL-1481)
C:/work/S127M/PCBNo_10089/SP0565_rev00_00/RTL/SP05565/compactppmc/ppmc_top_S118M.vhd(48): INFO: analyzing entity 'ppmc_top_s118m' (VHDL-1012)
C:/work/S127M/PCBNo_10089/SP0565_rev00_00/RTL/SP05565/compactppmc/ppmc_top_S118M.vhd(89): INFO: analyzing architecture 'rtl' (VHDL-1010)
-- Analyzing VHDL file 'C:/work/S127M/PCBNo_10089/SP0565_rev00_00/RTL/SP05565/compactppmc/ppmc_u_step_ext.vhd' (VHDL-1481)
C:/work/S127M/PCBNo_10089/SP0565_rev00_00/RTL/SP05565/compactppmc/ppmc_u_step_ext.vhd(27): INFO: analyzing entity 'ppmc_u_step_ext' (VHDL-1012)
C:/work/S127M/PCBNo_10089/SP0565_rev00_00/RTL/SP05565/compactppmc/ppmc_u_step_ext.vhd(40): INFO: analyzing architecture 'rtl' (VHDL-1010)
-- Analyzing VHDL file 'C:/work/S127M/PCBNo_10089/SP0565_rev00_00/RTL/SP05565/DAC081S101/DAC081S101_top.vhd' (VHDL-1481)
C:/work/S127M/PCBNo_10089/SP0565_rev00_00/RTL/SP05565/DAC081S101/DAC081S101_top.vhd(24): INFO: analyzing entity 'dac081s101_top' (VHDL-1012)
C:/work/S127M/PCBNo_10089/SP0565_rev00_00/RTL/SP05565/DAC081S101/DAC081S101_top.vhd(35): INFO: analyzing architecture 'rtl' (VHDL-1010)
-- Analyzing VHDL file 'C:/work/S127M/PCBNo_10089/SP0565_rev00_00/RTL/SP05565/DAC081S101/log_ca_DAC_ctrl.vhd' (VHDL-1481)
C:/work/S127M/PCBNo_10089/SP0565_rev00_00/RTL/SP05565/DAC081S101/log_ca_DAC_ctrl.vhd(19): INFO: analyzing entity 'log_ca_dac_ctrl' (VHDL-1012)
C:/work/S127M/PCBNo_10089/SP0565_rev00_00/RTL/SP05565/DAC081S101/log_ca_DAC_ctrl.vhd(31): INFO: analyzing architecture 'rtl' (VHDL-1010)
-- Analyzing VHDL file 'C:/work/S127M/PCBNo_10089/SP0565_rev00_00/RTL/SP05565/DAC081S101/log_ca_DACclk_gen.vhd' (VHDL-1481)
C:/work/S127M/PCBNo_10089/SP0565_rev00_00/RTL/SP05565/DAC081S101/log_ca_DACclk_gen.vhd(19): INFO: analyzing entity 'log_ca_dacclk_gen' (VHDL-1012)
C:/work/S127M/PCBNo_10089/SP0565_rev00_00/RTL/SP05565/DAC081S101/log_ca_DACclk_gen.vhd(28): INFO: analyzing architecture 'rtl' (VHDL-1010)
-- Analyzing VHDL file 'C:/work/S127M/PCBNo_10089/SP0565_rev00_00/RTL/SP05565/DAC081S101/log_ca_DACif_seq.vhd' (VHDL-1481)
C:/work/S127M/PCBNo_10089/SP0565_rev00_00/RTL/SP05565/DAC081S101/log_ca_DACif_seq.vhd(20): INFO: analyzing entity 'log_ca_dacif_seq' (VHDL-1012)
C:/work/S127M/PCBNo_10089/SP0565_rev00_00/RTL/SP05565/DAC081S101/log_ca_DACif_seq.vhd(33): INFO: analyzing architecture 'rtl' (VHDL-1010)
-- Analyzing VHDL file 'C:/work/S127M/PCBNo_10089/SP0565_rev00_00/RTL/SP05565/encoder/enc_func_top.vhd' (VHDL-1481)
C:/work/S127M/PCBNo_10089/SP0565_rev00_00/RTL/SP05565/encoder/enc_func_top.vhd(24): INFO: analyzing entity 'enc_func_top' (VHDL-1012)
C:/work/S127M/PCBNo_10089/SP0565_rev00_00/RTL/SP05565/encoder/enc_func_top.vhd(51): INFO: analyzing architecture 'rtl' (VHDL-1010)
-- Analyzing VHDL file 'C:/work/S127M/PCBNo_10089/SP0565_rev00_00/RTL/SP05565/encoder/enc_lmt.vhd' (VHDL-1481)
C:/work/S127M/PCBNo_10089/SP0565_rev00_00/RTL/SP05565/encoder/enc_lmt.vhd(25): INFO: analyzing entity 'enc_lmt' (VHDL-1012)
C:/work/S127M/PCBNo_10089/SP0565_rev00_00/RTL/SP05565/encoder/enc_lmt.vhd(44): INFO: analyzing architecture 'rtl' (VHDL-1010)
-- Analyzing VHDL file 'C:/work/S127M/PCBNo_10089/SP0565_rev00_00/RTL/SP05565/encoder/enc_top.vhd' (VHDL-1481)
C:/work/S127M/PCBNo_10089/SP0565_rev00_00/RTL/SP05565/encoder/enc_top.vhd(24): INFO: analyzing entity 'enc_top' (VHDL-1012)
C:/work/S127M/PCBNo_10089/SP0565_rev00_00/RTL/SP05565/encoder/enc_top.vhd(46): INFO: analyzing architecture 'rtl' (VHDL-1010)
-- Analyzing VHDL file 'C:/work/S127M/PCBNo_10089/SP0565_rev00_00/RTL/SP05565/encoder/encoder_2bit.vhd' (VHDL-1481)
C:/work/S127M/PCBNo_10089/SP0565_rev00_00/RTL/SP05565/encoder/encoder_2bit.vhd(26): INFO: analyzing entity 'encoder_2bit' (VHDL-1012)
C:/work/S127M/PCBNo_10089/SP0565_rev00_00/RTL/SP05565/encoder/encoder_2bit.vhd(39): INFO: analyzing architecture 'rtl' (VHDL-1010)
-- Analyzing VHDL file 'C:/work/S127M/PCBNo_10089/SP0565_rev00_00/RTL/SP05565/gpio/gpio_id.vhd' (VHDL-1481)
C:/work/S127M/PCBNo_10089/SP0565_rev00_00/RTL/SP05565/gpio/gpio_id.vhd(20): INFO: analyzing entity 'gpio_id' (VHDL-1012)
C:/work/S127M/PCBNo_10089/SP0565_rev00_00/RTL/SP05565/gpio/gpio_id.vhd(31): INFO: analyzing architecture 'rtl' (VHDL-1010)
-- Analyzing VHDL file 'C:/work/S127M/PCBNo_10089/SP0565_rev00_00/RTL/SP05565/gpio/gpio_ip_reg.vhd' (VHDL-1481)
C:/work/S127M/PCBNo_10089/SP0565_rev00_00/RTL/SP05565/gpio/gpio_ip_reg.vhd(20): INFO: analyzing entity 'gpio_ip_reg' (VHDL-1012)
C:/work/S127M/PCBNo_10089/SP0565_rev00_00/RTL/SP05565/gpio/gpio_ip_reg.vhd(32): INFO: analyzing architecture 'rtl' (VHDL-1010)
-- Analyzing VHDL file 'C:/work/S127M/PCBNo_10089/SP0565_rev00_00/RTL/SP05565/gpio/gpio_op_reg.vhd' (VHDL-1481)
C:/work/S127M/PCBNo_10089/SP0565_rev00_00/RTL/SP05565/gpio/gpio_op_reg.vhd(20): INFO: analyzing entity 'gpio_op_reg' (VHDL-1012)
C:/work/S127M/PCBNo_10089/SP0565_rev00_00/RTL/SP05565/gpio/gpio_op_reg.vhd(32): INFO: analyzing architecture 'rtl' (VHDL-1010)
-- Analyzing VHDL file 'C:/work/S127M/PCBNo_10089/SP0565_rev00_00/RTL/SP05565/gpio/gpio_reg.vhd' (VHDL-1481)
C:/work/S127M/PCBNo_10089/SP0565_rev00_00/RTL/SP05565/gpio/gpio_reg.vhd(20): INFO: analyzing entity 'gpio_reg' (VHDL-1012)
C:/work/S127M/PCBNo_10089/SP0565_rev00_00/RTL/SP05565/gpio/gpio_reg.vhd(101): INFO: analyzing architecture 'rtl' (VHDL-1010)
-- Analyzing VHDL file 'C:/work/S127M/PCBNo_10089/SP0565_rev00_00/RTL/SP05565/gpio/gpio_top.vhd' (VHDL-1481)
C:/work/S127M/PCBNo_10089/SP0565_rev00_00/RTL/SP05565/gpio/gpio_top.vhd(20): INFO: analyzing entity 'gpio_top' (VHDL-1012)
C:/work/S127M/PCBNo_10089/SP0565_rev00_00/RTL/SP05565/gpio/gpio_top.vhd(107): INFO: analyzing architecture 'rtl' (VHDL-1010)
-- Analyzing VHDL file 'C:/work/S127M/PCBNo_10089/SP0565_rev00_00/RTL/SP05565/linear_signal_ctrl/linear_signal_ctrl.vhd' (VHDL-1481)
C:/work/S127M/PCBNo_10089/SP0565_rev00_00/RTL/SP05565/linear_signal_ctrl/linear_signal_ctrl.vhd(36): INFO: analyzing entity 'linear_signal_ctrl' (VHDL-1012)
C:/work/S127M/PCBNo_10089/SP0565_rev00_00/RTL/SP05565/linear_signal_ctrl/linear_signal_ctrl.vhd(60): INFO: analyzing architecture 'rtl' (VHDL-1010)
-- Analyzing VHDL file 'C:/work/S127M/PCBNo_10089/SP0565_rev00_00/RTL/SP05565/slaveid_top/slaveid_id.vhd' (VHDL-1481)
C:/work/S127M/PCBNo_10089/SP0565_rev00_00/RTL/SP05565/slaveid_top/slaveid_id.vhd(20): INFO: analyzing entity 'slaveid_id' (VHDL-1012)
C:/work/S127M/PCBNo_10089/SP0565_rev00_00/RTL/SP05565/slaveid_top/slaveid_id.vhd(31): INFO: analyzing architecture 'rtl' (VHDL-1010)
-- Analyzing VHDL file 'C:/work/S127M/PCBNo_10089/SP0565_rev00_00/RTL/SP05565/slaveid_top/slaveid_top.vhd' (VHDL-1481)
C:/work/S127M/PCBNo_10089/SP0565_rev00_00/RTL/SP05565/slaveid_top/slaveid_top.vhd(20): INFO: analyzing entity 'slaveid_top' (VHDL-1012)
C:/work/S127M/PCBNo_10089/SP0565_rev00_00/RTL/SP05565/slaveid_top/slaveid_top.vhd(71): INFO: analyzing architecture 'rtl' (VHDL-1010)
-- Analyzing VHDL file 'C:/work/S127M/PCBNo_10089/SP0565_rev00_00/RTL/SP05565/slv_com/rx_com/crc_check.vhd' (VHDL-1481)
C:/work/S127M/PCBNo_10089/SP0565_rev00_00/RTL/SP05565/slv_com/rx_com/crc_check.vhd(19): INFO: analyzing entity 'crc_check' (VHDL-1012)
C:/work/S127M/PCBNo_10089/SP0565_rev00_00/RTL/SP05565/slv_com/rx_com/crc_check.vhd(33): INFO: analyzing architecture 'rtl' (VHDL-1010)
-- Analyzing VHDL file 'C:/work/S127M/PCBNo_10089/SP0565_rev00_00/RTL/SP05565/slv_com/rx_com/dec4b_3b.vhd' (VHDL-1481)
C:/work/S127M/PCBNo_10089/SP0565_rev00_00/RTL/SP05565/slv_com/rx_com/dec4b_3b.vhd(15): INFO: analyzing entity 'dec4b_3b' (VHDL-1012)
C:/work/S127M/PCBNo_10089/SP0565_rev00_00/RTL/SP05565/slv_com/rx_com/dec4b_3b.vhd(31): INFO: analyzing architecture 'rtl' (VHDL-1010)
-- Analyzing VHDL file 'C:/work/S127M/PCBNo_10089/SP0565_rev00_00/RTL/SP05565/slv_com/rx_com/dec6b_5b.vhd' (VHDL-1481)
C:/work/S127M/PCBNo_10089/SP0565_rev00_00/RTL/SP05565/slv_com/rx_com/dec6b_5b.vhd(15): INFO: analyzing entity 'dec6b_5b' (VHDL-1012)
C:/work/S127M/PCBNo_10089/SP0565_rev00_00/RTL/SP05565/slv_com/rx_com/dec6b_5b.vhd(31): INFO: analyzing architecture 'rtl' (VHDL-1010)
-- Analyzing VHDL file 'C:/work/S127M/PCBNo_10089/SP0565_rev00_00/RTL/SP05565/slv_com/rx_com/dec8b10b_new.vhd' (VHDL-1481)
C:/work/S127M/PCBNo_10089/SP0565_rev00_00/RTL/SP05565/slv_com/rx_com/dec8b10b_new.vhd(15): INFO: analyzing entity 'dec8b10b_new' (VHDL-1012)
C:/work/S127M/PCBNo_10089/SP0565_rev00_00/RTL/SP05565/slv_com/rx_com/dec8b10b_new.vhd(30): INFO: analyzing architecture 'rtl' (VHDL-1010)
-- Analyzing VHDL file 'C:/work/S127M/PCBNo_10089/SP0565_rev00_00/RTL/SP05565/slv_com/rx_com/dec8b10b_wrapper.vhd' (VHDL-1481)
C:/work/S127M/PCBNo_10089/SP0565_rev00_00/RTL/SP05565/slv_com/rx_com/dec8b10b_wrapper.vhd(5): INFO: analyzing entity 'dec8b10b_wrapper' (VHDL-1012)
C:/work/S127M/PCBNo_10089/SP0565_rev00_00/RTL/SP05565/slv_com/rx_com/dec8b10b_wrapper.vhd(19): INFO: analyzing architecture 'wrapper' (VHDL-1010)
-- Analyzing VHDL file 'C:/work/S127M/PCBNo_10089/SP0565_rev00_00/RTL/SP05565/slv_com/rx_com/rx_cont_b1.vhd' (VHDL-1481)
C:/work/S127M/PCBNo_10089/SP0565_rev00_00/RTL/SP05565/slv_com/rx_com/rx_cont_b1.vhd(21): INFO: analyzing entity 'rx_cont_b1' (VHDL-1012)
C:/work/S127M/PCBNo_10089/SP0565_rev00_00/RTL/SP05565/slv_com/rx_com/rx_cont_b1.vhd(35): INFO: analyzing architecture 'rtl' (VHDL-1010)
-- Analyzing VHDL file 'C:/work/S127M/PCBNo_10089/SP0565_rev00_00/RTL/SP05565/slv_com/rx_com/rx_cont_b2.vhd' (VHDL-1481)
C:/work/S127M/PCBNo_10089/SP0565_rev00_00/RTL/SP05565/slv_com/rx_com/rx_cont_b2.vhd(20): INFO: analyzing entity 'rx_cont_b2' (VHDL-1012)
C:/work/S127M/PCBNo_10089/SP0565_rev00_00/RTL/SP05565/slv_com/rx_com/rx_cont_b2.vhd(40): INFO: analyzing architecture 'rtl' (VHDL-1010)
-- Analyzing VHDL file 'C:/work/S127M/PCBNo_10089/SP0565_rev00_00/RTL/SP05565/slv_com/rx_com/rx_ctl_1st.vhd' (VHDL-1481)
C:/work/S127M/PCBNo_10089/SP0565_rev00_00/RTL/SP05565/slv_com/rx_com/rx_ctl_1st.vhd(20): INFO: analyzing entity 'rx_ctl_1st' (VHDL-1012)
C:/work/S127M/PCBNo_10089/SP0565_rev00_00/RTL/SP05565/slv_com/rx_com/rx_ctl_1st.vhd(31): INFO: analyzing architecture 'rtl' (VHDL-1010)
-- Analyzing VHDL file 'C:/work/S127M/PCBNo_10089/SP0565_rev00_00/RTL/SP05565/slv_com/rx_com/rx_ctl_3rd.vhd' (VHDL-1481)
C:/work/S127M/PCBNo_10089/SP0565_rev00_00/RTL/SP05565/slv_com/rx_com/rx_ctl_3rd.vhd(19): INFO: analyzing entity 'rx_ctl_3rd' (VHDL-1012)
C:/work/S127M/PCBNo_10089/SP0565_rev00_00/RTL/SP05565/slv_com/rx_com/rx_ctl_3rd.vhd(41): INFO: analyzing architecture 'rtl' (VHDL-1010)
-- Analyzing VHDL file 'C:/work/S127M/PCBNo_10089/SP0565_rev00_00/RTL/SP05565/slv_com/slv_ctrl/adr_sel.vhd' (VHDL-1481)
C:/work/S127M/PCBNo_10089/SP0565_rev00_00/RTL/SP05565/slv_com/slv_ctrl/adr_sel.vhd(20): INFO: analyzing entity 'adr_sel' (VHDL-1012)
C:/work/S127M/PCBNo_10089/SP0565_rev00_00/RTL/SP05565/slv_com/slv_ctrl/adr_sel.vhd(31): INFO: analyzing architecture 'rtl' (VHDL-1010)
-- Analyzing VHDL file 'C:/work/S127M/PCBNo_10089/SP0565_rev00_00/RTL/SP05565/slv_com/slv_ctrl/nd_sel.vhd' (VHDL-1481)
C:/work/S127M/PCBNo_10089/SP0565_rev00_00/RTL/SP05565/slv_com/slv_ctrl/nd_sel.vhd(20): INFO: analyzing entity 'nd_sel' (VHDL-1012)
C:/work/S127M/PCBNo_10089/SP0565_rev00_00/RTL/SP05565/slv_com/slv_ctrl/nd_sel.vhd(44): INFO: analyzing architecture 'rtl' (VHDL-1010)
-- Analyzing VHDL file 'C:/work/S127M/PCBNo_10089/SP0565_rev00_00/RTL/SP05565/slv_com/slv_ctrl/node_sel.vhd' (VHDL-1481)
C:/work/S127M/PCBNo_10089/SP0565_rev00_00/RTL/SP05565/slv_com/slv_ctrl/node_sel.vhd(20): INFO: analyzing entity 'node_sel' (VHDL-1012)
C:/work/S127M/PCBNo_10089/SP0565_rev00_00/RTL/SP05565/slv_com/slv_ctrl/node_sel.vhd(30): INFO: analyzing architecture 'rtl' (VHDL-1010)
-- Analyzing VHDL file 'C:/work/S127M/PCBNo_10089/SP0565_rev00_00/RTL/SP05565/slv_com/slv_ctrl/slv_rx_ctrl.vhd' (VHDL-1481)
C:/work/S127M/PCBNo_10089/SP0565_rev00_00/RTL/SP05565/slv_com/slv_ctrl/slv_rx_ctrl.vhd(26): INFO: analyzing entity 'slv_rx_ctrl' (VHDL-1012)
C:/work/S127M/PCBNo_10089/SP0565_rev00_00/RTL/SP05565/slv_com/slv_ctrl/slv_rx_ctrl.vhd(57): INFO: analyzing architecture 'rtl' (VHDL-1010)
-- Analyzing VHDL file 'C:/work/S127M/PCBNo_10089/SP0565_rev00_00/RTL/SP05565/slv_com/slv_ctrl/slv_tx_ctrl.vhd' (VHDL-1481)
C:/work/S127M/PCBNo_10089/SP0565_rev00_00/RTL/SP05565/slv_com/slv_ctrl/slv_tx_ctrl.vhd(25): INFO: analyzing entity 'slv_tx_ctrl' (VHDL-1012)
C:/work/S127M/PCBNo_10089/SP0565_rev00_00/RTL/SP05565/slv_com/slv_ctrl/slv_tx_ctrl.vhd(45): INFO: analyzing architecture 'rtl' (VHDL-1010)
-- Analyzing VHDL file 'C:/work/S127M/PCBNo_10089/SP0565_rev00_00/RTL/SP05565/slv_com/tx_com/crc_gen.vhd' (VHDL-1481)
C:/work/S127M/PCBNo_10089/SP0565_rev00_00/RTL/SP05565/slv_com/tx_com/crc_gen.vhd(20): INFO: analyzing entity 'crc_gen' (VHDL-1012)
C:/work/S127M/PCBNo_10089/SP0565_rev00_00/RTL/SP05565/slv_com/tx_com/crc_gen.vhd(35): INFO: analyzing architecture 'rtl' (VHDL-1010)
-- Analyzing VHDL file 'C:/work/S127M/PCBNo_10089/SP0565_rev00_00/RTL/SP05565/slv_com/tx_com/enc3b_4b.vhd' (VHDL-1481)
C:/work/S127M/PCBNo_10089/SP0565_rev00_00/RTL/SP05565/slv_com/tx_com/enc3b_4b.vhd(15): INFO: analyzing entity 'enc3b_4b' (VHDL-1012)
C:/work/S127M/PCBNo_10089/SP0565_rev00_00/RTL/SP05565/slv_com/tx_com/enc3b_4b.vhd(30): INFO: analyzing architecture 'rtl' (VHDL-1010)
-- Analyzing VHDL file 'C:/work/S127M/PCBNo_10089/SP0565_rev00_00/RTL/SP05565/slv_com/tx_com/enc5b_6b.vhd' (VHDL-1481)
C:/work/S127M/PCBNo_10089/SP0565_rev00_00/RTL/SP05565/slv_com/tx_com/enc5b_6b.vhd(15): INFO: analyzing entity 'enc5b_6b' (VHDL-1012)
C:/work/S127M/PCBNo_10089/SP0565_rev00_00/RTL/SP05565/slv_com/tx_com/enc5b_6b.vhd(29): INFO: analyzing architecture 'rtl' (VHDL-1010)
-- Analyzing VHDL file 'C:/work/S127M/PCBNo_10089/SP0565_rev00_00/RTL/SP05565/slv_com/tx_com/enc8b_10b.vhd' (VHDL-1481)
C:/work/S127M/PCBNo_10089/SP0565_rev00_00/RTL/SP05565/slv_com/tx_com/enc8b_10b.vhd(15): INFO: analyzing entity 'enc8b_10b' (VHDL-1012)
C:/work/S127M/PCBNo_10089/SP0565_rev00_00/RTL/SP05565/slv_com/tx_com/enc8b_10b.vhd(28): INFO: analyzing architecture 'rtl' (VHDL-1010)
-- Analyzing VHDL file 'C:/work/S127M/PCBNo_10089/SP0565_rev00_00/RTL/SP05565/slv_com/tx_com/enc8b10b_new.vhd' (VHDL-1481)
C:/work/S127M/PCBNo_10089/SP0565_rev00_00/RTL/SP05565/slv_com/tx_com/enc8b10b_new.vhd(15): INFO: analyzing entity 'enc8b10b_new' (VHDL-1012)
C:/work/S127M/PCBNo_10089/SP0565_rev00_00/RTL/SP05565/slv_com/tx_com/enc8b10b_new.vhd(28): INFO: analyzing architecture 'rtl' (VHDL-1010)
-- Analyzing VHDL file 'C:/work/S127M/PCBNo_10089/SP0565_rev00_00/RTL/SP05565/slv_com/tx_com/enc8b10b_wrapper.vhd' (VHDL-1481)
C:/work/S127M/PCBNo_10089/SP0565_rev00_00/RTL/SP05565/slv_com/tx_com/enc8b10b_wrapper.vhd(5): INFO: analyzing entity 'enc8b10b_wrapper' (VHDL-1012)
C:/work/S127M/PCBNo_10089/SP0565_rev00_00/RTL/SP05565/slv_com/tx_com/enc8b10b_wrapper.vhd(17): INFO: analyzing architecture 'wrapper' (VHDL-1010)
-- Analyzing VHDL file 'C:/work/S127M/PCBNo_10089/SP0565_rev00_00/RTL/SP05565/slv_com/tx_com/tx_cont_b1.vhd' (VHDL-1481)
C:/work/S127M/PCBNo_10089/SP0565_rev00_00/RTL/SP05565/slv_com/tx_com/tx_cont_b1.vhd(20): INFO: analyzing entity 'tx_cont_b1' (VHDL-1012)
C:/work/S127M/PCBNo_10089/SP0565_rev00_00/RTL/SP05565/slv_com/tx_com/tx_cont_b1.vhd(39): INFO: analyzing architecture 'rtl' (VHDL-1010)
-- Analyzing VHDL file 'C:/work/S127M/PCBNo_10089/SP0565_rev00_00/RTL/SP05565/slv_com/tx_com/tx_cont_b2.vhd' (VHDL-1481)
C:/work/S127M/PCBNo_10089/SP0565_rev00_00/RTL/SP05565/slv_com/tx_com/tx_cont_b2.vhd(20): INFO: analyzing entity 'tx_cont_b2' (VHDL-1012)
C:/work/S127M/PCBNo_10089/SP0565_rev00_00/RTL/SP05565/slv_com/tx_com/tx_cont_b2.vhd(31): INFO: analyzing architecture 'rtl' (VHDL-1010)
-- Analyzing VHDL file 'C:/work/S127M/PCBNo_10089/SP0565_rev00_00/RTL/SP05565/slv_com/tx_com/tx_ctl_1st.vhd' (VHDL-1481)
C:/work/S127M/PCBNo_10089/SP0565_rev00_00/RTL/SP05565/slv_com/tx_com/tx_ctl_1st.vhd(20): INFO: analyzing entity 'tx_ctl_1st' (VHDL-1012)
C:/work/S127M/PCBNo_10089/SP0565_rev00_00/RTL/SP05565/slv_com/tx_com/tx_ctl_1st.vhd(42): INFO: analyzing architecture 'rtl' (VHDL-1010)
-- Analyzing VHDL file 'C:/work/S127M/PCBNo_10089/SP0565_rev00_00/RTL/SP05565/slv_com/tx_com/tx_ctl_3rd.vhd' (VHDL-1481)
C:/work/S127M/PCBNo_10089/SP0565_rev00_00/RTL/SP05565/slv_com/tx_com/tx_ctl_3rd.vhd(20): INFO: analyzing entity 'tx_ctl_3rd' (VHDL-1012)
C:/work/S127M/PCBNo_10089/SP0565_rev00_00/RTL/SP05565/slv_com/tx_com/tx_ctl_3rd.vhd(32): INFO: analyzing architecture 'rtl' (VHDL-1010)
-- Analyzing VHDL file 'C:/work/S127M/PCBNo_10089/SP0565_rev00_00/RTL/SP05565/slv_com/cds.vhd' (VHDL-1481)
C:/work/S127M/PCBNo_10089/SP0565_rev00_00/RTL/SP05565/slv_com/cds.vhd(25): INFO: analyzing entity 'cds' (VHDL-1012)
C:/work/S127M/PCBNo_10089/SP0565_rev00_00/RTL/SP05565/slv_com/cds.vhd(48): INFO: analyzing architecture 'rtl' (VHDL-1010)
-- Analyzing VHDL file 'C:/work/S127M/PCBNo_10089/SP0565_rev00_00/RTL/SP05565/slv_com/CLK_gen_S124M.vhd' (VHDL-1481)
C:/work/S127M/PCBNo_10089/SP0565_rev00_00/RTL/SP05565/slv_com/CLK_gen_S124M.vhd(17): INFO: analyzing entity 'clk_gen_s124m' (VHDL-1012)
C:/work/S127M/PCBNo_10089/SP0565_rev00_00/RTL/SP05565/slv_com/CLK_gen_S124M.vhd(31): INFO: analyzing architecture 'rtl' (VHDL-1010)
-- Analyzing VHDL file 'C:/work/S127M/PCBNo_10089/SP0565_rev00_00/RTL/SP05565/slv_com/rst_cnt.vhd' (VHDL-1481)
C:/work/S127M/PCBNo_10089/SP0565_rev00_00/RTL/SP05565/slv_com/rst_cnt.vhd(20): INFO: analyzing entity 'rst_cnt' (VHDL-1012)
C:/work/S127M/PCBNo_10089/SP0565_rev00_00/RTL/SP05565/slv_com/rst_cnt.vhd(39): INFO: analyzing architecture 'rtl' (VHDL-1010)
-- Analyzing VHDL file 'C:/work/S127M/PCBNo_10089/SP0565_rev00_00/RTL/SP05565/slv_com/rx_com.vhd' (VHDL-1481)
C:/work/S127M/PCBNo_10089/SP0565_rev00_00/RTL/SP05565/slv_com/rx_com.vhd(24): INFO: analyzing entity 'rx_com' (VHDL-1012)
C:/work/S127M/PCBNo_10089/SP0565_rev00_00/RTL/SP05565/slv_com/rx_com.vhd(46): INFO: analyzing architecture 'rtl' (VHDL-1010)
-- Analyzing VHDL file 'C:/work/S127M/PCBNo_10089/SP0565_rev00_00/RTL/SP05565/slv_com/slv_com_top.vhd' (VHDL-1481)
C:/work/S127M/PCBNo_10089/SP0565_rev00_00/RTL/SP05565/slv_com/slv_com_top.vhd(30): INFO: analyzing entity 'slv_com_top' (VHDL-1012)
C:/work/S127M/PCBNo_10089/SP0565_rev00_00/RTL/SP05565/slv_com/slv_com_top.vhd(83): INFO: analyzing architecture 'rtl' (VHDL-1010)
-- Analyzing VHDL file 'C:/work/S127M/PCBNo_10089/SP0565_rev00_00/RTL/SP05565/slv_com/slv_ctrl_top.vhd' (VHDL-1481)
C:/work/S127M/PCBNo_10089/SP0565_rev00_00/RTL/SP05565/slv_com/slv_ctrl_top.vhd(20): INFO: analyzing entity 'slv_ctrl_top' (VHDL-1012)
C:/work/S127M/PCBNo_10089/SP0565_rev00_00/RTL/SP05565/slv_com/slv_ctrl_top.vhd(65): INFO: analyzing architecture 'rtl' (VHDL-1010)
-- Analyzing VHDL file 'C:/work/S127M/PCBNo_10089/SP0565_rev00_00/RTL/SP05565/slv_com/slvadr_cnv.vhd' (VHDL-1481)
C:/work/S127M/PCBNo_10089/SP0565_rev00_00/RTL/SP05565/slv_com/slvadr_cnv.vhd(19): INFO: analyzing entity 'slvadr_cnv' (VHDL-1012)
C:/work/S127M/PCBNo_10089/SP0565_rev00_00/RTL/SP05565/slv_com/slvadr_cnv.vhd(28): INFO: analyzing architecture 'rtl' (VHDL-1010)
-- Analyzing VHDL file 'C:/work/S127M/PCBNo_10089/SP0565_rev00_00/RTL/SP05565/slv_com/tx_com.vhd' (VHDL-1481)
C:/work/S127M/PCBNo_10089/SP0565_rev00_00/RTL/SP05565/slv_com/tx_com.vhd(25): INFO: analyzing entity 'tx_com' (VHDL-1012)
C:/work/S127M/PCBNo_10089/SP0565_rev00_00/RTL/SP05565/slv_com/tx_com.vhd(41): INFO: analyzing architecture 'rtl' (VHDL-1010)
-- Analyzing VHDL file 'C:/work/S127M/PCBNo_10089/SP0565_rev00_00/RTL/SP05565/tmpctrl_4ch/temp_ajst_reg.vhd' (VHDL-1481)
C:/work/S127M/PCBNo_10089/SP0565_rev00_00/RTL/SP05565/tmpctrl_4ch/temp_ajst_reg.vhd(18): INFO: analyzing entity 'temp_ajst_reg' (VHDL-1012)
C:/work/S127M/PCBNo_10089/SP0565_rev00_00/RTL/SP05565/tmpctrl_4ch/temp_ajst_reg.vhd(33): INFO: analyzing architecture 'rtl' (VHDL-1010)
-- Analyzing VHDL file 'C:/work/S127M/PCBNo_10089/SP0565_rev00_00/RTL/SP05565/tmpctrl_4ch/temp_ctrl.vhd' (VHDL-1481)
C:/work/S127M/PCBNo_10089/SP0565_rev00_00/RTL/SP05565/tmpctrl_4ch/temp_ctrl.vhd(21): INFO: analyzing entity 'temp_ctrl' (VHDL-1012)
C:/work/S127M/PCBNo_10089/SP0565_rev00_00/RTL/SP05565/tmpctrl_4ch/temp_ctrl.vhd(36): INFO: analyzing architecture 'rtl' (VHDL-1010)
-- Analyzing VHDL file 'C:/work/S127M/PCBNo_10089/SP0565_rev00_00/RTL/SP05565/tmpctrl_4ch/temp_ctst_reg.vhd' (VHDL-1481)
C:/work/S127M/PCBNo_10089/SP0565_rev00_00/RTL/SP05565/tmpctrl_4ch/temp_ctst_reg.vhd(23): INFO: analyzing entity 'temp_ctst_reg' (VHDL-1012)
C:/work/S127M/PCBNo_10089/SP0565_rev00_00/RTL/SP05565/tmpctrl_4ch/temp_ctst_reg.vhd(46): INFO: analyzing architecture 'rtl' (VHDL-1010)
-- Analyzing VHDL file 'C:/work/S127M/PCBNo_10089/SP0565_rev00_00/RTL/SP05565/tmpctrl_4ch/temp_cut_ref_reg.vhd' (VHDL-1481)
C:/work/S127M/PCBNo_10089/SP0565_rev00_00/RTL/SP05565/tmpctrl_4ch/temp_cut_ref_reg.vhd(23): INFO: analyzing entity 'temp_cut_ref_reg' (VHDL-1012)
C:/work/S127M/PCBNo_10089/SP0565_rev00_00/RTL/SP05565/tmpctrl_4ch/temp_cut_ref_reg.vhd(37): INFO: analyzing architecture 'rtl' (VHDL-1010)
-- Analyzing VHDL file 'C:/work/S127M/PCBNo_10089/SP0565_rev00_00/RTL/SP05565/tmpctrl_4ch/temp_dec.vhd' (VHDL-1481)
C:/work/S127M/PCBNo_10089/SP0565_rev00_00/RTL/SP05565/tmpctrl_4ch/temp_dec.vhd(18): INFO: analyzing entity 'temp_dec' (VHDL-1012)
C:/work/S127M/PCBNo_10089/SP0565_rev00_00/RTL/SP05565/tmpctrl_4ch/temp_dec.vhd(24): INFO: analyzing architecture 'rtl' (VHDL-1010)
-- Analyzing VHDL file 'C:/work/S127M/PCBNo_10089/SP0565_rev00_00/RTL/SP05565/tmpctrl_4ch/temp_dly_2term.vhd' (VHDL-1481)
C:/work/S127M/PCBNo_10089/SP0565_rev00_00/RTL/SP05565/tmpctrl_4ch/temp_dly_2term.vhd(18): INFO: analyzing entity 'temp_dly_2term' (VHDL-1012)
C:/work/S127M/PCBNo_10089/SP0565_rev00_00/RTL/SP05565/tmpctrl_4ch/temp_dly_2term.vhd(26): INFO: analyzing architecture 'rtl' (VHDL-1010)
-- Analyzing VHDL file 'C:/work/S127M/PCBNo_10089/SP0565_rev00_00/RTL/SP05565/tmpctrl_4ch/temp_dlysel.vhd' (VHDL-1481)
C:/work/S127M/PCBNo_10089/SP0565_rev00_00/RTL/SP05565/tmpctrl_4ch/temp_dlysel.vhd(18): INFO: analyzing entity 'temp_dlysel' (VHDL-1012)
C:/work/S127M/PCBNo_10089/SP0565_rev00_00/RTL/SP05565/tmpctrl_4ch/temp_dlysel.vhd(28): INFO: analyzing architecture 'rtl' (VHDL-1010)
-- Analyzing VHDL file 'C:/work/S127M/PCBNo_10089/SP0565_rev00_00/RTL/SP05565/tmpctrl_4ch/temp_edge_dtct.vhd' (VHDL-1481)
C:/work/S127M/PCBNo_10089/SP0565_rev00_00/RTL/SP05565/tmpctrl_4ch/temp_edge_dtct.vhd(19): INFO: analyzing entity 'temp_edge_dtct' (VHDL-1012)
C:/work/S127M/PCBNo_10089/SP0565_rev00_00/RTL/SP05565/tmpctrl_4ch/temp_edge_dtct.vhd(29): INFO: analyzing architecture 'rtl' (VHDL-1010)
-- Analyzing VHDL file 'C:/work/S127M/PCBNo_10089/SP0565_rev00_00/RTL/SP05565/tmpctrl_4ch/temp_idlm_reg.vhd' (VHDL-1481)
C:/work/S127M/PCBNo_10089/SP0565_rev00_00/RTL/SP05565/tmpctrl_4ch/temp_idlm_reg.vhd(23): INFO: analyzing entity 'temp_idlm_reg' (VHDL-1012)
C:/work/S127M/PCBNo_10089/SP0565_rev00_00/RTL/SP05565/tmpctrl_4ch/temp_idlm_reg.vhd(38): INFO: analyzing architecture 'rtl' (VHDL-1010)
-- Analyzing VHDL file 'C:/work/S127M/PCBNo_10089/SP0565_rev00_00/RTL/SP05565/tmpctrl_4ch/temp_meas_reg_S127M.vhd' (VHDL-1481)
C:/work/S127M/PCBNo_10089/SP0565_rev00_00/RTL/SP05565/tmpctrl_4ch/temp_meas_reg_S127M.vhd(18): INFO: analyzing entity 'temp_meas_reg_s127m' (VHDL-1012)
C:/work/S127M/PCBNo_10089/SP0565_rev00_00/RTL/SP05565/tmpctrl_4ch/temp_meas_reg_S127M.vhd(39): INFO: analyzing architecture 'rtl' (VHDL-1010)
-- Analyzing VHDL file 'C:/work/S127M/PCBNo_10089/SP0565_rev00_00/RTL/SP05565/tmpctrl_4ch/temp_plsdrv.vhd' (VHDL-1481)
C:/work/S127M/PCBNo_10089/SP0565_rev00_00/RTL/SP05565/tmpctrl_4ch/temp_plsdrv.vhd(23): INFO: analyzing entity 'temp_plsdrv' (VHDL-1012)
C:/work/S127M/PCBNo_10089/SP0565_rev00_00/RTL/SP05565/tmpctrl_4ch/temp_plsdrv.vhd(39): INFO: analyzing architecture 'rtl' (VHDL-1010)
-- Analyzing VHDL file 'C:/work/S127M/PCBNo_10089/SP0565_rev00_00/RTL/SP05565/tmpctrl_4ch/temp_plsgen.vhd' (VHDL-1481)
C:/work/S127M/PCBNo_10089/SP0565_rev00_00/RTL/SP05565/tmpctrl_4ch/temp_plsgen.vhd(20): INFO: analyzing entity 'temp_plsgen' (VHDL-1012)
C:/work/S127M/PCBNo_10089/SP0565_rev00_00/RTL/SP05565/tmpctrl_4ch/temp_plsgen.vhd(27): INFO: analyzing architecture 'rtl' (VHDL-1010)
-- Analyzing VHDL file 'C:/work/S127M/PCBNo_10089/SP0565_rev00_00/RTL/SP05565/tmpctrl_4ch/temp_plsmod.vhd' (VHDL-1481)
C:/work/S127M/PCBNo_10089/SP0565_rev00_00/RTL/SP05565/tmpctrl_4ch/temp_plsmod.vhd(28): INFO: analyzing entity 'temp_plsmod' (VHDL-1012)
C:/work/S127M/PCBNo_10089/SP0565_rev00_00/RTL/SP05565/tmpctrl_4ch/temp_plsmod.vhd(49): INFO: analyzing architecture 'rtl' (VHDL-1010)
-- Analyzing VHDL file 'C:/work/S127M/PCBNo_10089/SP0565_rev00_00/RTL/SP05565/tmpctrl_4ch/temp_plsnum_reg.vhd' (VHDL-1481)
C:/work/S127M/PCBNo_10089/SP0565_rev00_00/RTL/SP05565/tmpctrl_4ch/temp_plsnum_reg.vhd(18): INFO: analyzing entity 'temp_plsnum_reg' (VHDL-1012)
C:/work/S127M/PCBNo_10089/SP0565_rev00_00/RTL/SP05565/tmpctrl_4ch/temp_plsnum_reg.vhd(51): INFO: analyzing architecture 'rtl' (VHDL-1010)
-- Analyzing VHDL file 'C:/work/S127M/PCBNo_10089/SP0565_rev00_00/RTL/SP05565/tmpctrl_4ch/temp_plssel.vhd' (VHDL-1481)
C:/work/S127M/PCBNo_10089/SP0565_rev00_00/RTL/SP05565/tmpctrl_4ch/temp_plssel.vhd(25): INFO: analyzing entity 'temp_plssel' (VHDL-1012)
C:/work/S127M/PCBNo_10089/SP0565_rev00_00/RTL/SP05565/tmpctrl_4ch/temp_plssel.vhd(38): INFO: analyzing architecture 'rtl' (VHDL-1010)
-- Analyzing VHDL file 'C:/work/S127M/PCBNo_10089/SP0565_rev00_00/RTL/SP05565/tmpctrl_4ch/temp_prm_sel.vhd' (VHDL-1481)
C:/work/S127M/PCBNo_10089/SP0565_rev00_00/RTL/SP05565/tmpctrl_4ch/temp_prm_sel.vhd(19): INFO: analyzing entity 'temp_prm_sel' (VHDL-1012)
C:/work/S127M/PCBNo_10089/SP0565_rev00_00/RTL/SP05565/tmpctrl_4ch/temp_prm_sel.vhd(48): INFO: analyzing architecture 'rtl' (VHDL-1010)
-- Analyzing VHDL file 'C:/work/S127M/PCBNo_10089/SP0565_rev00_00/RTL/SP05565/tmpctrl_4ch/temp_ref_reg.vhd' (VHDL-1481)
C:/work/S127M/PCBNo_10089/SP0565_rev00_00/RTL/SP05565/tmpctrl_4ch/temp_ref_reg.vhd(18): INFO: analyzing entity 'temp_ref_reg' (VHDL-1012)
C:/work/S127M/PCBNo_10089/SP0565_rev00_00/RTL/SP05565/tmpctrl_4ch/temp_ref_reg.vhd(33): INFO: analyzing architecture 'rtl' (VHDL-1010)
-- Analyzing VHDL file 'C:/work/S127M/PCBNo_10089/SP0565_rev00_00/RTL/SP05565/tmpctrl_4ch/temp_rng_chk.vhd' (VHDL-1481)
C:/work/S127M/PCBNo_10089/SP0565_rev00_00/RTL/SP05565/tmpctrl_4ch/temp_rng_chk.vhd(29): INFO: analyzing entity 'temp_rng_chk' (VHDL-1012)
C:/work/S127M/PCBNo_10089/SP0565_rev00_00/RTL/SP05565/tmpctrl_4ch/temp_rng_chk.vhd(38): INFO: analyzing architecture 'rtl' (VHDL-1010)
-- Analyzing VHDL file 'C:/work/S127M/PCBNo_10089/SP0565_rev00_00/RTL/SP05565/tmpctrl_4ch/tmpctrl_4ch_id.vhd' (VHDL-1481)
C:/work/S127M/PCBNo_10089/SP0565_rev00_00/RTL/SP05565/tmpctrl_4ch/tmpctrl_4ch_id.vhd(19): INFO: analyzing entity 'tmpctrl_4ch_id' (VHDL-1012)
C:/work/S127M/PCBNo_10089/SP0565_rev00_00/RTL/SP05565/tmpctrl_4ch/tmpctrl_4ch_id.vhd(28): INFO: analyzing architecture 'rtl' (VHDL-1010)
-- Analyzing VHDL file 'C:/work/S127M/PCBNo_10089/SP0565_rev00_00/RTL/SP05565/tmpctrl_4ch/tmpctrl_4ch_reg_S127M.vhd' (VHDL-1481)
C:/work/S127M/PCBNo_10089/SP0565_rev00_00/RTL/SP05565/tmpctrl_4ch/tmpctrl_4ch_reg_S127M.vhd(63): INFO: analyzing entity 'tmpctrl_4ch_reg_s127m' (VHDL-1012)
C:/work/S127M/PCBNo_10089/SP0565_rev00_00/RTL/SP05565/tmpctrl_4ch/tmpctrl_4ch_reg_S127M.vhd(99): INFO: analyzing architecture 'rtl' (VHDL-1010)
-- Analyzing VHDL file 'C:/work/S127M/PCBNo_10089/SP0565_rev00_00/RTL/SP05565/tmpctrl_4ch/tmpctrl_4ch_top_S127M.vhd' (VHDL-1481)
C:/work/S127M/PCBNo_10089/SP0565_rev00_00/RTL/SP05565/tmpctrl_4ch/tmpctrl_4ch_top_S127M.vhd(59): INFO: analyzing entity 'tmpctrl_4ch_top_s127m' (VHDL-1012)
C:/work/S127M/PCBNo_10089/SP0565_rev00_00/RTL/SP05565/tmpctrl_4ch/tmpctrl_4ch_top_S127M.vhd(95): INFO: analyzing architecture 'rtl' (VHDL-1010)
-- Analyzing VHDL file 'C:/work/S127M/PCBNo_10089/SP0565_rev00_00/RTL/SP05565/slv_clk_gen.vhd' (VHDL-1481)
C:/work/S127M/PCBNo_10089/SP0565_rev00_00/RTL/SP05565/slv_clk_gen.vhd(19): INFO: analyzing entity 'slv_clk_gen' (VHDL-1012)
C:/work/S127M/PCBNo_10089/SP0565_rev00_00/RTL/SP05565/slv_clk_gen.vhd(32): INFO: analyzing architecture 'rtl' (VHDL-1010)
-- Analyzing VHDL file 'C:/work/S127M/PCBNo_10089/SP0565_rev00_00/RTL/SP05565/pls_sens/ring_counter.vhd' (VHDL-1481)
C:/work/S127M/PCBNo_10089/SP0565_rev00_00/RTL/SP05565/pls_sens/ring_counter.vhd(19): INFO: analyzing entity 'ring_counter' (VHDL-1012)
C:/work/S127M/PCBNo_10089/SP0565_rev00_00/RTL/SP05565/pls_sens/ring_counter.vhd(31): INFO: analyzing architecture 'rtl' (VHDL-1010)
-- Analyzing VHDL file 'C:/work/S127M/PCBNo_10089/SP0565_rev00_00/RTL/SP05565/pls_sens/pulse_sens.vhd' (VHDL-1481)
C:/work/S127M/PCBNo_10089/SP0565_rev00_00/RTL/SP05565/pls_sens/pulse_sens.vhd(28): INFO: analyzing entity 'pulse_sens' (VHDL-1012)
C:/work/S127M/PCBNo_10089/SP0565_rev00_00/RTL/SP05565/pls_sens/pulse_sens.vhd(44): INFO: analyzing architecture 'rtl' (VHDL-1010)
C:/work/S127M/PCBNo_10089/SP0565_rev00_00/RTL/SP0565.vhd(19): INFO: elaborating 'SP0565(RTL)' (VHDL-1067)
C:/work/S127M/PCBNo_10089/SP0565_rev00_00/RTL/SP05565/slv_com/slv_com_top.vhd(30): INFO: elaborating 'slv_com_top_uniq_0(RTL)' (VHDL-1067)
C:/work/S127M/PCBNo_10089/SP0565_rev00_00/RTL/SP05565/slv_com/rst_cnt.vhd(20): INFO: elaborating 'rst_cnt_uniq_0(RTL)' (VHDL-1067)
C:/work/S127M/PCBNo_10089/SP0565_rev00_00/RTL/SP05565/slv_com/slv_ctrl_top.vhd(20): INFO: elaborating 'slv_ctrl_top_uniq_0(RTL)' (VHDL-1067)
C:/work/S127M/PCBNo_10089/SP0565_rev00_00/RTL/SP05565/slv_com/slv_ctrl/slv_tx_ctrl.vhd(25): INFO: elaborating 'slv_tx_ctrl_uniq_0(RTL)' (VHDL-1067)
C:/work/S127M/PCBNo_10089/SP0565_rev00_00/RTL/SP05565/slv_com/slv_ctrl/slv_rx_ctrl.vhd(26): INFO: elaborating 'slv_rx_ctrl_uniq_0(RTL)' (VHDL-1067)
C:/work/S127M/PCBNo_10089/SP0565_rev00_00/RTL/SP05565/slv_com/slv_ctrl/node_sel.vhd(20): INFO: elaborating 'node_sel_uniq_0(RTL)' (VHDL-1067)
C:/work/S127M/PCBNo_10089/SP0565_rev00_00/RTL/SP05565/slv_com/slv_ctrl/adr_sel.vhd(20): INFO: elaborating 'adr_sel_uniq_0(RTL)' (VHDL-1067)
C:/work/S127M/PCBNo_10089/SP0565_rev00_00/RTL/SP05565/slv_com/slv_ctrl/nd_sel.vhd(20): INFO: elaborating 'nd_sel_uniq_0(RTL)' (VHDL-1067)
C:/work/S127M/PCBNo_10089/SP0565_rev00_00/RTL/SP05565/slv_com/slvadr_cnv.vhd(19): INFO: elaborating 'slvadr_cnv_uniq_0(RTL)' (VHDL-1067)
C:/work/S127M/PCBNo_10089/SP0565_rev00_00/RTL/SP05565/slv_com/CLK_gen_S124M.vhd(17): INFO: elaborating 'CLK_gen_S124M_uniq_0(RTL)' (VHDL-1067)
C:/work/S127M/PCBNo_10089/SP0565_rev00_00/RTL/IPcore/pll_gen/pll_gen.vhd(12): INFO: elaborating 'pll_gen_uniq_0(Structure)' (VHDL-1067)
C:/work/S127M/PCBNo_10089/SP0565_rev00_00/RTL/SP05565/slv_com/tx_com.vhd(25): INFO: elaborating 'tx_com_uniq_0(RTL)' (VHDL-1067)
C:/work/S127M/PCBNo_10089/SP0565_rev00_00/RTL/SP05565/slv_com/tx_com/enc8b10b_wrapper.vhd(5): INFO: elaborating 'enc8b10b_wrapper_uniq_0(wrapper)' (VHDL-1067)
C:/work/S127M/PCBNo_10089/SP0565_rev00_00/RTL/SP05565/slv_com/tx_com/enc8b10b_new.vhd(15): INFO: elaborating 'enc8b10b_new_uniq_0(RTL)' (VHDL-1067)
C:/work/S127M/PCBNo_10089/SP0565_rev00_00/RTL/SP05565/slv_com/tx_com/enc8b_10b.vhd(15): INFO: elaborating 'enc8b_10b_uniq_0(RTL)' (VHDL-1067)
C:/work/S127M/PCBNo_10089/SP0565_rev00_00/RTL/SP05565/slv_com/tx_com/enc5b_6b.vhd(15): INFO: elaborating 'enc5b_6b_uniq_0(RTL)' (VHDL-1067)
C:/work/S127M/PCBNo_10089/SP0565_rev00_00/RTL/SP05565/slv_com/tx_com/enc3b_4b.vhd(15): INFO: elaborating 'enc3b_4b_uniq_0(RTL)' (VHDL-1067)
C:/work/S127M/PCBNo_10089/SP0565_rev00_00/RTL/SP05565/slv_com/tx_com/tx_cont_b1.vhd(20): INFO: elaborating 'tx_cont_b1_uniq_0(RTL)' (VHDL-1067)
C:/work/S127M/PCBNo_10089/SP0565_rev00_00/RTL/IPcore/dcfifo_tx_b1/dcfifo_tx_b1.vhd(12): INFO: elaborating 'dcfifo_tx_b1_uniq_0(Structure)' (VHDL-1067)
C:/work/S127M/PCBNo_10089/SP0565_rev00_00/RTL/SP05565/slv_com/tx_com/crc_gen.vhd(20): INFO: elaborating 'crc_gen_uniq_0(RTL)' (VHDL-1067)
C:/work/S127M/PCBNo_10089/SP0565_rev00_00/RTL/SP05565/slv_com/tx_com/tx_ctl_1st.vhd(20): INFO: elaborating 'tx_ctl_1st_uniq_0(RTL)' (VHDL-1067)
C:/work/S127M/PCBNo_10089/SP0565_rev00_00/RTL/SP05565/slv_com/tx_com/tx_cont_b2.vhd(20): INFO: elaborating 'tx_cont_b2_uniq_0(RTL)' (VHDL-1067)
C:/work/S127M/PCBNo_10089/SP0565_rev00_00/RTL/IPcore/dcfifo_tx_b2/dcfifo_tx_b2.vhd(12): INFO: elaborating 'dcfifo_tx_b2_uniq_0(Structure)' (VHDL-1067)
C:/work/S127M/PCBNo_10089/SP0565_rev00_00/RTL/SP05565/slv_com/tx_com/tx_ctl_3rd.vhd(20): INFO: elaborating 'tx_ctl_3rd_uniq_0(RTL)' (VHDL-1067)
C:/work/S127M/PCBNo_10089/SP0565_rev00_00/RTL/SP05565/slv_com/rx_com.vhd(24): INFO: elaborating 'rx_com_uniq_0(RTL)' (VHDL-1067)
C:/work/S127M/PCBNo_10089/SP0565_rev00_00/RTL/SP05565/slv_com/rx_com/dec8b10b_wrapper.vhd(5): INFO: elaborating 'dec8b10b_wrapper_uniq_0(wrapper)' (VHDL-1067)
C:/work/S127M/PCBNo_10089/SP0565_rev00_00/RTL/SP05565/slv_com/rx_com/dec8b10b_new.vhd(15): INFO: elaborating 'dec8b10b_new_uniq_0(RTL)' (VHDL-1067)
C:/work/S127M/PCBNo_10089/SP0565_rev00_00/RTL/SP05565/slv_com/rx_com/dec6b_5b.vhd(15): INFO: elaborating 'dec6b_5b_uniq_0(RTL)' (VHDL-1067)
C:/work/S127M/PCBNo_10089/SP0565_rev00_00/RTL/SP05565/slv_com/rx_com/dec4b_3b.vhd(15): INFO: elaborating 'dec4b_3b_uniq_0(RTL)' (VHDL-1067)
C:/work/S127M/PCBNo_10089/SP0565_rev00_00/RTL/SP05565/slv_com/rx_com/rx_cont_b1.vhd(21): INFO: elaborating 'rx_cont_b1_uniq_0(RTL)' (VHDL-1067)
C:/work/S127M/PCBNo_10089/SP0565_rev00_00/RTL/IPcore/dcfifo_rx_b1/dcfifo_rx_b1.vhd(12): INFO: elaborating 'dcfifo_rx_b1_uniq_0(Structure)' (VHDL-1067)
C:/work/S127M/PCBNo_10089/SP0565_rev00_00/RTL/SP05565/slv_com/rx_com/rx_ctl_1st.vhd(20): INFO: elaborating 'rx_ctl_1st_uniq_0(RTL)' (VHDL-1067)
C:/work/S127M/PCBNo_10089/SP0565_rev00_00/RTL/SP05565/slv_com/rx_com/rx_cont_b2.vhd(20): INFO: elaborating 'rx_cont_b2_uniq_0(RTL)' (VHDL-1067)
C:/work/S127M/PCBNo_10089/SP0565_rev00_00/RTL/IPcore/dcfifo_rx_b2/dcfifo_rx_b2.vhd(12): INFO: elaborating 'dcfifo_rx_b2_uniq_0(Structure)' (VHDL-1067)
C:/work/S127M/PCBNo_10089/SP0565_rev00_00/RTL/SP05565/slv_com/rx_com/crc_check.vhd(19): INFO: elaborating 'crc_check_uniq_0(RTL)' (VHDL-1067)
C:/work/S127M/PCBNo_10089/SP0565_rev00_00/RTL/SP05565/slv_com/rx_com/rx_ctl_3rd.vhd(19): INFO: elaborating 'rx_ctl_3rd_uniq_0(RTL)' (VHDL-1067)
C:/work/S127M/PCBNo_10089/SP0565_rev00_00/RTL/SP05565/slv_com/cds.vhd(25): INFO: elaborating 'cds_uniq_0(RTL)' (VHDL-1067)
C:/work/S127M/PCBNo_10089/SP0565_rev00_00/RTL/SP05565/slv_clk_gen.vhd(19): INFO: elaborating 'slv_clk_gen_uniq_0(RTL)' (VHDL-1067)
C:/work/S127M/PCBNo_10089/SP0565_rev00_00/RTL/SP05565/DAC081S101/DAC081S101_top.vhd(24): INFO: elaborating 'DAC081S101_top_uniq_0(RTL)' (VHDL-1067)
C:/work/S127M/PCBNo_10089/SP0565_rev00_00/RTL/SP05565/DAC081S101/log_ca_DAC_ctrl.vhd(19): INFO: elaborating 'log_ca_DAC_ctrl_uniq_0(RTL)' (VHDL-1067)
C:/work/S127M/PCBNo_10089/SP0565_rev00_00/RTL/SP05565/DAC081S101/log_ca_DACclk_gen.vhd(19): INFO: elaborating 'log_ca_DACclk_gen_uniq_0(RTL)' (VHDL-1067)
C:/work/S127M/PCBNo_10089/SP0565_rev00_00/RTL/SP05565/DAC081S101/log_ca_DACif_seq.vhd(20): INFO: elaborating 'log_ca_DACif_seq_uniq_0(RTL)' (VHDL-1067)
C:/work/S127M/PCBNo_10089/SP0565_rev00_00/RTL/SP05565/ad_ctrl/ad_ctrl.vhd(19): INFO: elaborating 'ad_ctrl_uniq_0(RTL)' (VHDL-1067)
C:/work/S127M/PCBNo_10089/SP0565_rev00_00/RTL/SP05565/ad_ctrl/adclk_gen.vhd(19): INFO: elaborating 'adclk_gen_uniq_0(RTL)' (VHDL-1067)
C:/work/S127M/PCBNo_10089/SP0565_rev00_00/RTL/SP05565/ad_ctrl/adif_seq.vhd(19): INFO: elaborating 'adif_seq_uniq_0(RTL)' (VHDL-1067)
C:/work/S127M/PCBNo_10089/SP0565_rev00_00/RTL/SP05565/ad_ctrl/shiftreg12bit.vhd(18): INFO: elaborating 'shiftreg12bit_uniq_0(RTL)' (VHDL-1067)
C:/work/S127M/PCBNo_10089/SP0565_rev00_00/RTL/SP05565/ad_ctrl/adc_reg.vhd(22): INFO: elaborating 'adc_reg_uniq_0(RTL)' (VHDL-1067)
C:/work/S127M/PCBNo_10089/SP0565_rev00_00/RTL/SP05565/encoder/enc_func_top.vhd(24): INFO: elaborating 'enc_func_top_uniq_0(RTL)' (VHDL-1067)
C:/work/S127M/PCBNo_10089/SP0565_rev00_00/RTL/SP05565/encoder/enc_top.vhd(24): INFO: elaborating 'enc_top_uniq_0(RTL)' (VHDL-1067)
C:/work/S127M/PCBNo_10089/SP0565_rev00_00/RTL/SP05565/encoder/encoder_2bit.vhd(26): INFO: elaborating 'encoder_2bit_uniq_0(RTL)' (VHDL-1067)
C:/work/S127M/PCBNo_10089/SP0565_rev00_00/RTL/SP05565/encoder/enc_lmt.vhd(25): INFO: elaborating 'enc_lmt_uniq_0(RTL)' (VHDL-1067)
C:/work/S127M/PCBNo_10089/SP0565_rev00_00/RTL/SP05565/pls_sens/pulse_sens.vhd(28): INFO: elaborating 'pulse_sens_uniq_0(RTL)' (VHDL-1067)
C:/work/S127M/PCBNo_10089/SP0565_rev00_00/RTL/SP05565/pls_sens/ring_counter.vhd(19): INFO: elaborating 'ring_counter_uniq_0(RTL)' (VHDL-1067)
C:/work/S127M/PCBNo_10089/SP0565_rev00_00/RTL/SP05565/linear_signal_ctrl/linear_signal_ctrl.vhd(36): INFO: elaborating 'linear_signal_ctrl_uniq_0(RTL)' (VHDL-1067)
C:/work/S127M/PCBNo_10089/SP0565_rev00_00/RTL/SP05565/AD5270/ad5270_5271_ctrl.vhd(31): INFO: elaborating 'ad5270_5271_ctrl_uniq_0(RTL)' (VHDL-1067)
C:/work/S127M/PCBNo_10089/SP0565_rev00_00/RTL/SP05565/compactppmc/ppmc_top_S118M.vhd(48): INFO: elaborating 'ppmc_top_S118M_uniq_0(RTL)' (VHDL-1067)
C:/work/S127M/PCBNo_10089/SP0565_rev00_00/RTL/com/fc_dec.vhd(20): INFO: elaborating 'fc_dec_uniq_0(RTL)' (VHDL-1067)
C:/work/S127M/PCBNo_10089/SP0565_rev00_00/RTL/com/fc_sel.vhd(20): INFO: elaborating 'fc_sel_uniq_0(RTL)' (VHDL-1067)
C:/work/S127M/PCBNo_10089/SP0565_rev00_00/RTL/SP05565/compactppmc/ppmc_id.vhd(19): INFO: elaborating 'ppmc_id_uniq_0(RTL)' (VHDL-1067)
C:/work/S127M/PCBNo_10089/SP0565_rev00_00/RTL/SP05565/compactppmc/ppmc_reg_S118M.vhd(53): INFO: elaborating 'ppmc_reg_S118M_uniq_0(RTL)' (VHDL-1067)
C:/work/S127M/PCBNo_10089/SP0565_rev00_00/RTL/SP05565/compactppmc/ppmc_u_step_ext.vhd(27): INFO: elaborating 'ppmc_u_step_ext_uniq_0(RTL)' (VHDL-1067)
C:/work/S127M/PCBNo_10089/SP0565_rev00_00/RTL/SP05565/compactppmc/ppmc_plsgen.vhd(19): INFO: elaborating 'ppmc_plsgen_uniq_0(RTL)' (VHDL-1067)
C:/work/S127M/PCBNo_10089/SP0565_rev00_00/RTL/SP05565/compactppmc/ppmc_acc_tim_gen.vhd(20): INFO: elaborating 'ppmc_acc_tim_gen_uniq_0(RTL)' (VHDL-1067)
C:/work/S127M/PCBNo_10089/SP0565_rev00_00/RTL/SP05565/compactppmc/ppmc_speed_cnt.vhd(25): INFO: elaborating 'ppmc_speed_cnt_uniq_0(RTL)' (VHDL-1067)
C:/work/S127M/PCBNo_10089/SP0565_rev00_00/RTL/SP05565/compactppmc/ppmc_timer_cnt.vhd(20): INFO: elaborating 'ppmc_timer_cnt_uniq_0(RTL)' (VHDL-1067)
C:/work/S127M/PCBNo_10089/SP0565_rev00_00/RTL/SP05565/compactppmc/ppmc_pls_cnt.vhd(26): INFO: elaborating 'ppmc_pls_cnt_uniq_0(RTL)' (VHDL-1067)
C:/work/S127M/PCBNo_10089/SP0565_rev00_00/RTL/SP05565/compactppmc/ppmc_dec.vhd(34): INFO: elaborating 'ppmc_dec_uniq_0(RTL)' (VHDL-1067)
C:/work/S127M/PCBNo_10089/SP0565_rev00_00/RTL/SP05565/compactppmc/ppmc_rgstr.vhd(34): INFO: elaborating 'ppmc_rgstr_uniq_0(RTL)' (VHDL-1067)
C:/work/S127M/PCBNo_10089/SP0565_rev00_00/RTL/SP05565/compactppmc/ppmc_enblr_S118M.vhd(49): INFO: elaborating 'ppmc_enblr_S118M_uniq_0(RTL)' (VHDL-1067)
C:/work/S127M/PCBNo_10089/SP0565_rev00_00/RTL/SP05565/compactppmc/ppmc_phgen.vhd(27): INFO: elaborating 'ppmc_phgen_uniq_0(RTL)' (VHDL-1067)
C:/work/S127M/PCBNo_10089/SP0565_rev00_00/RTL/SP05565/compactppmc/ppmc_ctrl.vhd(36): INFO: elaborating 'ppmc_ctrl_uniq_0(RTL)' (VHDL-1067)
C:/work/S127M/PCBNo_10089/SP0565_rev00_00/RTL/SP05565/compactppmc/ppmc_cmdchk.vhd(25): INFO: elaborating 'ppmc_cmdchk_uniq_0(RTL)' (VHDL-1067)
C:/work/S127M/PCBNo_10089/SP0565_rev00_00/RTL/SP05565/gpio/gpio_top.vhd(20): INFO: elaborating 'gpio_top_uniq_0(RTL)' (VHDL-1067)
C:/work/S127M/PCBNo_10089/SP0565_rev00_00/RTL/com/fc_dec.vhd(20): INFO: elaborating 'fc_dec_uniq_1(RTL)' (VHDL-1067)
C:/work/S127M/PCBNo_10089/SP0565_rev00_00/RTL/com/fc_sel.vhd(20): INFO: elaborating 'fc_sel_uniq_1(RTL)' (VHDL-1067)
C:/work/S127M/PCBNo_10089/SP0565_rev00_00/RTL/SP05565/gpio/gpio_id.vhd(20): INFO: elaborating 'gpio_id_uniq_0(RTL)' (VHDL-1067)
C:/work/S127M/PCBNo_10089/SP0565_rev00_00/RTL/SP05565/gpio/gpio_reg.vhd(20): INFO: elaborating 'gpio_reg_uniq_0(RTL)' (VHDL-1067)
C:/work/S127M/PCBNo_10089/SP0565_rev00_00/RTL/SP05565/gpio/gpio_op_reg.vhd(20): INFO: elaborating 'gpio_op_reg_uniq_0(RTL)' (VHDL-1067)
C:/work/S127M/PCBNo_10089/SP0565_rev00_00/RTL/SP05565/gpio/gpio_ip_reg.vhd(20): INFO: elaborating 'gpio_ip_reg_uniq_0(RTL)' (VHDL-1067)
C:/work/S127M/PCBNo_10089/SP0565_rev00_00/RTL/SP05565/gpio/gpio_op_reg.vhd(20): INFO: elaborating 'gpio_op_reg_uniq_1(RTL)' (VHDL-1067)
C:/work/S127M/PCBNo_10089/SP0565_rev00_00/RTL/SP05565/gpio/gpio_ip_reg.vhd(20): INFO: elaborating 'gpio_ip_reg_uniq_1(RTL)' (VHDL-1067)
C:/work/S127M/PCBNo_10089/SP0565_rev00_00/RTL/SP05565/gpio/gpio_op_reg.vhd(20): INFO: elaborating 'gpio_op_reg_uniq_2(RTL)' (VHDL-1067)
C:/work/S127M/PCBNo_10089/SP0565_rev00_00/RTL/SP05565/gpio/gpio_ip_reg.vhd(20): INFO: elaborating 'gpio_ip_reg_uniq_2(RTL)' (VHDL-1067)
C:/work/S127M/PCBNo_10089/SP0565_rev00_00/RTL/SP05565/gpio/gpio_op_reg.vhd(20): INFO: elaborating 'gpio_op_reg_uniq_3(RTL)' (VHDL-1067)
C:/work/S127M/PCBNo_10089/SP0565_rev00_00/RTL/SP05565/gpio/gpio_ip_reg.vhd(20): INFO: elaborating 'gpio_ip_reg_uniq_3(RTL)' (VHDL-1067)
C:/work/S127M/PCBNo_10089/SP0565_rev00_00/RTL/SP05565/gpio/gpio_op_reg.vhd(20): INFO: elaborating 'gpio_op_reg_uniq_4(RTL)' (VHDL-1067)
C:/work/S127M/PCBNo_10089/SP0565_rev00_00/RTL/SP05565/gpio/gpio_ip_reg.vhd(20): INFO: elaborating 'gpio_ip_reg_uniq_4(RTL)' (VHDL-1067)
C:/work/S127M/PCBNo_10089/SP0565_rev00_00/RTL/SP05565/gpio/gpio_op_reg.vhd(20): INFO: elaborating 'gpio_op_reg_uniq_5(RTL)' (VHDL-1067)
C:/work/S127M/PCBNo_10089/SP0565_rev00_00/RTL/SP05565/gpio/gpio_ip_reg.vhd(20): INFO: elaborating 'gpio_ip_reg_uniq_5(RTL)' (VHDL-1067)
C:/work/S127M/PCBNo_10089/SP0565_rev00_00/RTL/SP05565/gpio/gpio_op_reg.vhd(20): INFO: elaborating 'gpio_op_reg_uniq_6(RTL)' (VHDL-1067)
C:/work/S127M/PCBNo_10089/SP0565_rev00_00/RTL/SP05565/gpio/gpio_ip_reg.vhd(20): INFO: elaborating 'gpio_ip_reg_uniq_6(RTL)' (VHDL-1067)
C:/work/S127M/PCBNo_10089/SP0565_rev00_00/RTL/SP05565/gpio/gpio_op_reg.vhd(20): INFO: elaborating 'gpio_op_reg_uniq_7(RTL)' (VHDL-1067)
C:/work/S127M/PCBNo_10089/SP0565_rev00_00/RTL/SP05565/gpio/gpio_ip_reg.vhd(20): INFO: elaborating 'gpio_ip_reg_uniq_7(RTL)' (VHDL-1067)
C:/work/S127M/PCBNo_10089/SP0565_rev00_00/RTL/SP05565/gpio/gpio_op_reg.vhd(20): INFO: elaborating 'gpio_op_reg_uniq_8(RTL)' (VHDL-1067)
C:/work/S127M/PCBNo_10089/SP0565_rev00_00/RTL/SP05565/gpio/gpio_ip_reg.vhd(20): INFO: elaborating 'gpio_ip_reg_uniq_8(RTL)' (VHDL-1067)
C:/work/S127M/PCBNo_10089/SP0565_rev00_00/RTL/SP05565/gpio/gpio_op_reg.vhd(20): INFO: elaborating 'gpio_op_reg_uniq_9(RTL)' (VHDL-1067)
C:/work/S127M/PCBNo_10089/SP0565_rev00_00/RTL/SP05565/gpio/gpio_ip_reg.vhd(20): INFO: elaborating 'gpio_ip_reg_uniq_9(RTL)' (VHDL-1067)
C:/work/S127M/PCBNo_10089/SP0565_rev00_00/RTL/SP05565/gpio/gpio_op_reg.vhd(20): INFO: elaborating 'gpio_op_reg_uniq_10(RTL)' (VHDL-1067)
C:/work/S127M/PCBNo_10089/SP0565_rev00_00/RTL/SP05565/gpio/gpio_ip_reg.vhd(20): INFO: elaborating 'gpio_ip_reg_uniq_10(RTL)' (VHDL-1067)
C:/work/S127M/PCBNo_10089/SP0565_rev00_00/RTL/SP05565/gpio/gpio_op_reg.vhd(20): INFO: elaborating 'gpio_op_reg_uniq_11(RTL)' (VHDL-1067)
C:/work/S127M/PCBNo_10089/SP0565_rev00_00/RTL/SP05565/gpio/gpio_ip_reg.vhd(20): INFO: elaborating 'gpio_ip_reg_uniq_11(RTL)' (VHDL-1067)
C:/work/S127M/PCBNo_10089/SP0565_rev00_00/RTL/SP05565/gpio/gpio_op_reg.vhd(20): INFO: elaborating 'gpio_op_reg_uniq_12(RTL)' (VHDL-1067)
C:/work/S127M/PCBNo_10089/SP0565_rev00_00/RTL/SP05565/gpio/gpio_ip_reg.vhd(20): INFO: elaborating 'gpio_ip_reg_uniq_12(RTL)' (VHDL-1067)
C:/work/S127M/PCBNo_10089/SP0565_rev00_00/RTL/SP05565/gpio/gpio_op_reg.vhd(20): INFO: elaborating 'gpio_op_reg_uniq_13(RTL)' (VHDL-1067)
C:/work/S127M/PCBNo_10089/SP0565_rev00_00/RTL/SP05565/gpio/gpio_ip_reg.vhd(20): INFO: elaborating 'gpio_ip_reg_uniq_13(RTL)' (VHDL-1067)
C:/work/S127M/PCBNo_10089/SP0565_rev00_00/RTL/SP05565/gpio/gpio_op_reg.vhd(20): INFO: elaborating 'gpio_op_reg_uniq_14(RTL)' (VHDL-1067)
C:/work/S127M/PCBNo_10089/SP0565_rev00_00/RTL/SP05565/gpio/gpio_ip_reg.vhd(20): INFO: elaborating 'gpio_ip_reg_uniq_14(RTL)' (VHDL-1067)
C:/work/S127M/PCBNo_10089/SP0565_rev00_00/RTL/SP05565/gpio/gpio_op_reg.vhd(20): INFO: elaborating 'gpio_op_reg_uniq_15(RTL)' (VHDL-1067)
C:/work/S127M/PCBNo_10089/SP0565_rev00_00/RTL/SP05565/gpio/gpio_ip_reg.vhd(20): INFO: elaborating 'gpio_ip_reg_uniq_15(RTL)' (VHDL-1067)
C:/work/S127M/PCBNo_10089/SP0565_rev00_00/RTL/SP05565/gpio/gpio_op_reg.vhd(20): INFO: elaborating 'gpio_op_reg_uniq_16(RTL)' (VHDL-1067)
C:/work/S127M/PCBNo_10089/SP0565_rev00_00/RTL/SP05565/gpio/gpio_ip_reg.vhd(20): INFO: elaborating 'gpio_ip_reg_uniq_16(RTL)' (VHDL-1067)
C:/work/S127M/PCBNo_10089/SP0565_rev00_00/RTL/SP05565/gpio/gpio_op_reg.vhd(20): INFO: elaborating 'gpio_op_reg_uniq_17(RTL)' (VHDL-1067)
C:/work/S127M/PCBNo_10089/SP0565_rev00_00/RTL/SP05565/gpio/gpio_ip_reg.vhd(20): INFO: elaborating 'gpio_ip_reg_uniq_17(RTL)' (VHDL-1067)
C:/work/S127M/PCBNo_10089/SP0565_rev00_00/RTL/SP05565/gpio/gpio_op_reg.vhd(20): INFO: elaborating 'gpio_op_reg_uniq_18(RTL)' (VHDL-1067)
C:/work/S127M/PCBNo_10089/SP0565_rev00_00/RTL/SP05565/gpio/gpio_ip_reg.vhd(20): INFO: elaborating 'gpio_ip_reg_uniq_18(RTL)' (VHDL-1067)
C:/work/S127M/PCBNo_10089/SP0565_rev00_00/RTL/SP05565/gpio/gpio_op_reg.vhd(20): INFO: elaborating 'gpio_op_reg_uniq_19(RTL)' (VHDL-1067)
C:/work/S127M/PCBNo_10089/SP0565_rev00_00/RTL/SP05565/gpio/gpio_ip_reg.vhd(20): INFO: elaborating 'gpio_ip_reg_uniq_19(RTL)' (VHDL-1067)
C:/work/S127M/PCBNo_10089/SP0565_rev00_00/RTL/SP05565/gpio/gpio_op_reg.vhd(20): INFO: elaborating 'gpio_op_reg_uniq_20(RTL)' (VHDL-1067)
C:/work/S127M/PCBNo_10089/SP0565_rev00_00/RTL/SP05565/gpio/gpio_ip_reg.vhd(20): INFO: elaborating 'gpio_ip_reg_uniq_20(RTL)' (VHDL-1067)
C:/work/S127M/PCBNo_10089/SP0565_rev00_00/RTL/SP05565/gpio/gpio_op_reg.vhd(20): INFO: elaborating 'gpio_op_reg_uniq_21(RTL)' (VHDL-1067)
C:/work/S127M/PCBNo_10089/SP0565_rev00_00/RTL/SP05565/gpio/gpio_ip_reg.vhd(20): INFO: elaborating 'gpio_ip_reg_uniq_21(RTL)' (VHDL-1067)
C:/work/S127M/PCBNo_10089/SP0565_rev00_00/RTL/SP05565/gpio/gpio_op_reg.vhd(20): INFO: elaborating 'gpio_op_reg_uniq_22(RTL)' (VHDL-1067)
C:/work/S127M/PCBNo_10089/SP0565_rev00_00/RTL/SP05565/gpio/gpio_ip_reg.vhd(20): INFO: elaborating 'gpio_ip_reg_uniq_22(RTL)' (VHDL-1067)
C:/work/S127M/PCBNo_10089/SP0565_rev00_00/RTL/SP05565/gpio/gpio_op_reg.vhd(20): INFO: elaborating 'gpio_op_reg_uniq_23(RTL)' (VHDL-1067)
C:/work/S127M/PCBNo_10089/SP0565_rev00_00/RTL/SP05565/gpio/gpio_ip_reg.vhd(20): INFO: elaborating 'gpio_ip_reg_uniq_23(RTL)' (VHDL-1067)
C:/work/S127M/PCBNo_10089/SP0565_rev00_00/RTL/SP05565/gpio/gpio_op_reg.vhd(20): INFO: elaborating 'gpio_op_reg_uniq_24(RTL)' (VHDL-1067)
C:/work/S127M/PCBNo_10089/SP0565_rev00_00/RTL/SP05565/gpio/gpio_ip_reg.vhd(20): INFO: elaborating 'gpio_ip_reg_uniq_24(RTL)' (VHDL-1067)
C:/work/S127M/PCBNo_10089/SP0565_rev00_00/RTL/SP05565/gpio/gpio_op_reg.vhd(20): INFO: elaborating 'gpio_op_reg_uniq_25(RTL)' (VHDL-1067)
C:/work/S127M/PCBNo_10089/SP0565_rev00_00/RTL/SP05565/gpio/gpio_ip_reg.vhd(20): INFO: elaborating 'gpio_ip_reg_uniq_25(RTL)' (VHDL-1067)
C:/work/S127M/PCBNo_10089/SP0565_rev00_00/RTL/SP05565/gpio/gpio_op_reg.vhd(20): INFO: elaborating 'gpio_op_reg_uniq_26(RTL)' (VHDL-1067)
C:/work/S127M/PCBNo_10089/SP0565_rev00_00/RTL/SP05565/gpio/gpio_ip_reg.vhd(20): INFO: elaborating 'gpio_ip_reg_uniq_26(RTL)' (VHDL-1067)
C:/work/S127M/PCBNo_10089/SP0565_rev00_00/RTL/SP05565/gpio/gpio_op_reg.vhd(20): INFO: elaborating 'gpio_op_reg_uniq_27(RTL)' (VHDL-1067)
C:/work/S127M/PCBNo_10089/SP0565_rev00_00/RTL/SP05565/gpio/gpio_ip_reg.vhd(20): INFO: elaborating 'gpio_ip_reg_uniq_27(RTL)' (VHDL-1067)
C:/work/S127M/PCBNo_10089/SP0565_rev00_00/RTL/SP05565/gpio/gpio_op_reg.vhd(20): INFO: elaborating 'gpio_op_reg_uniq_28(RTL)' (VHDL-1067)
C:/work/S127M/PCBNo_10089/SP0565_rev00_00/RTL/SP05565/gpio/gpio_ip_reg.vhd(20): INFO: elaborating 'gpio_ip_reg_uniq_28(RTL)' (VHDL-1067)
C:/work/S127M/PCBNo_10089/SP0565_rev00_00/RTL/SP05565/gpio/gpio_op_reg.vhd(20): INFO: elaborating 'gpio_op_reg_uniq_29(RTL)' (VHDL-1067)
C:/work/S127M/PCBNo_10089/SP0565_rev00_00/RTL/SP05565/gpio/gpio_ip_reg.vhd(20): INFO: elaborating 'gpio_ip_reg_uniq_29(RTL)' (VHDL-1067)
C:/work/S127M/PCBNo_10089/SP0565_rev00_00/RTL/SP05565/gpio/gpio_op_reg.vhd(20): INFO: elaborating 'gpio_op_reg_uniq_30(RTL)' (VHDL-1067)
C:/work/S127M/PCBNo_10089/SP0565_rev00_00/RTL/SP05565/gpio/gpio_ip_reg.vhd(20): INFO: elaborating 'gpio_ip_reg_uniq_30(RTL)' (VHDL-1067)
C:/work/S127M/PCBNo_10089/SP0565_rev00_00/RTL/SP05565/gpio/gpio_op_reg.vhd(20): INFO: elaborating 'gpio_op_reg_uniq_31(RTL)' (VHDL-1067)
C:/work/S127M/PCBNo_10089/SP0565_rev00_00/RTL/SP05565/gpio/gpio_ip_reg.vhd(20): INFO: elaborating 'gpio_ip_reg_uniq_31(RTL)' (VHDL-1067)
C:/work/S127M/PCBNo_10089/SP0565_rev00_00/RTL/SP05565/tmpctrl_4ch/tmpctrl_4ch_top_S127M.vhd(59): INFO: elaborating 'tmpctrl_4ch_top_S127M_uniq_0(RTL)' (VHDL-1067)
C:/work/S127M/PCBNo_10089/SP0565_rev00_00/RTL/com/fc_dec.vhd(20): INFO: elaborating 'fc_dec_uniq_2(RTL)' (VHDL-1067)
C:/work/S127M/PCBNo_10089/SP0565_rev00_00/RTL/com/fc_sel.vhd(20): INFO: elaborating 'fc_sel_uniq_2(RTL)' (VHDL-1067)
C:/work/S127M/PCBNo_10089/SP0565_rev00_00/RTL/SP05565/tmpctrl_4ch/tmpctrl_4ch_id.vhd(19): INFO: elaborating 'tmpctrl_4ch_id_uniq_0(RTL)' (VHDL-1067)
C:/work/S127M/PCBNo_10089/SP0565_rev00_00/RTL/SP05565/tmpctrl_4ch/tmpctrl_4ch_reg_S127M.vhd(63): INFO: elaborating 'tmpctrl_4ch_reg_S127M_uniq_0(RTL)' (VHDL-1067)
C:/work/S127M/PCBNo_10089/SP0565_rev00_00/RTL/SP05565/tmpctrl_4ch/temp_dec.vhd(18): INFO: elaborating 'temp_dec_uniq_0(RTL)' (VHDL-1067)
C:/work/S127M/PCBNo_10089/SP0565_rev00_00/RTL/SP05565/tmpctrl_4ch/temp_meas_reg_S127M.vhd(18): INFO: elaborating 'temp_meas_reg_S127M_uniq_0(RTL)' (VHDL-1067)
C:/work/S127M/PCBNo_10089/SP0565_rev00_00/RTL/SP05565/tmpctrl_4ch/temp_ref_reg.vhd(18): INFO: elaborating 'temp_ref_reg_uniq_0(RTL)' (VHDL-1067)
C:/work/S127M/PCBNo_10089/SP0565_rev00_00/RTL/SP05565/tmpctrl_4ch/temp_ajst_reg.vhd(18): INFO: elaborating 'temp_ajst_reg_uniq_0(RTL)' (VHDL-1067)
C:/work/S127M/PCBNo_10089/SP0565_rev00_00/RTL/SP05565/tmpctrl_4ch/temp_ctst_reg.vhd(23): INFO: elaborating 'temp_ctst_reg_uniq_0(RTL)' (VHDL-1067)
C:/work/S127M/PCBNo_10089/SP0565_rev00_00/RTL/SP05565/tmpctrl_4ch/temp_cut_ref_reg.vhd(23): INFO: elaborating 'temp_cut_ref_reg_uniq_0(RTL)' (VHDL-1067)
C:/work/S127M/PCBNo_10089/SP0565_rev00_00/RTL/SP05565/tmpctrl_4ch/temp_idlm_reg.vhd(23): INFO: elaborating 'temp_idlm_reg_uniq_0(RTL)' (VHDL-1067)
C:/work/S127M/PCBNo_10089/SP0565_rev00_00/RTL/SP05565/tmpctrl_4ch/temp_prm_sel.vhd(19): INFO: elaborating 'temp_prm_sel_uniq_0(RTL)' (VHDL-1067)
C:/work/S127M/PCBNo_10089/SP0565_rev00_00/RTL/SP05565/tmpctrl_4ch/temp_edge_dtct.vhd(19): INFO: elaborating 'temp_edge_dtct_uniq_0(RTL)' (VHDL-1067)
C:/work/S127M/PCBNo_10089/SP0565_rev00_00/RTL/SP05565/tmpctrl_4ch/temp_rng_chk.vhd(29): INFO: elaborating 'temp_rng_chk_uniq_0(RTL)' (VHDL-1067)
C:/work/S127M/PCBNo_10089/SP0565_rev00_00/RTL/SP05565/tmpctrl_4ch/temp_ctrl.vhd(21): INFO: elaborating 'temp_ctrl_uniq_0(RTL)' (VHDL-1067)
C:/work/S127M/PCBNo_10089/SP0565_rev00_00/RTL/SP05565/tmpctrl_4ch/temp_plsnum_reg.vhd(18): INFO: elaborating 'temp_plsnum_reg_uniq_0(RTL)' (VHDL-1067)
C:/work/S127M/PCBNo_10089/SP0565_rev00_00/RTL/SP05565/tmpctrl_4ch/temp_plsmod.vhd(28): INFO: elaborating 'temp_plsmod_uniq_0(RTL)' (VHDL-1067)
C:/work/S127M/PCBNo_10089/SP0565_rev00_00/RTL/SP05565/tmpctrl_4ch/temp_plssel.vhd(25): INFO: elaborating 'temp_plssel_uniq_0(RTL)' (VHDL-1067)
C:/work/S127M/PCBNo_10089/SP0565_rev00_00/RTL/SP05565/tmpctrl_4ch/temp_dly_2term.vhd(18): INFO: elaborating 'temp_dly_2term_uniq_0(RTL)' (VHDL-1067)
C:/work/S127M/PCBNo_10089/SP0565_rev00_00/RTL/SP05565/tmpctrl_4ch/temp_dly_2term.vhd(18): INFO: elaborating 'temp_dly_2term_uniq_1(RTL)' (VHDL-1067)
C:/work/S127M/PCBNo_10089/SP0565_rev00_00/RTL/SP05565/tmpctrl_4ch/temp_dly_2term.vhd(18): INFO: elaborating 'temp_dly_2term_uniq_2(RTL)' (VHDL-1067)
C:/work/S127M/PCBNo_10089/SP0565_rev00_00/RTL/SP05565/tmpctrl_4ch/temp_dlysel.vhd(18): INFO: elaborating 'temp_dlysel_uniq_0(RTL)' (VHDL-1067)
C:/work/S127M/PCBNo_10089/SP0565_rev00_00/RTL/SP05565/tmpctrl_4ch/temp_plsdrv.vhd(23): INFO: elaborating 'temp_plsdrv_uniq_0(RTL)' (VHDL-1067)
C:/work/S127M/PCBNo_10089/SP0565_rev00_00/RTL/SP05565/tmpctrl_4ch/temp_plsdrv.vhd(23): INFO: elaborating 'temp_plsdrv_uniq_1(RTL)' (VHDL-1067)
C:/work/S127M/PCBNo_10089/SP0565_rev00_00/RTL/SP05565/tmpctrl_4ch/temp_plsmod.vhd(28): INFO: elaborating 'temp_plsmod_uniq_1(RTL)' (VHDL-1067)
C:/work/S127M/PCBNo_10089/SP0565_rev00_00/RTL/SP05565/tmpctrl_4ch/temp_plssel.vhd(25): INFO: elaborating 'temp_plssel_uniq_1(RTL)' (VHDL-1067)
C:/work/S127M/PCBNo_10089/SP0565_rev00_00/RTL/SP05565/tmpctrl_4ch/temp_dly_2term.vhd(18): INFO: elaborating 'temp_dly_2term_uniq_3(RTL)' (VHDL-1067)
C:/work/S127M/PCBNo_10089/SP0565_rev00_00/RTL/SP05565/tmpctrl_4ch/temp_dly_2term.vhd(18): INFO: elaborating 'temp_dly_2term_uniq_4(RTL)' (VHDL-1067)
C:/work/S127M/PCBNo_10089/SP0565_rev00_00/RTL/SP05565/tmpctrl_4ch/temp_dly_2term.vhd(18): INFO: elaborating 'temp_dly_2term_uniq_5(RTL)' (VHDL-1067)
C:/work/S127M/PCBNo_10089/SP0565_rev00_00/RTL/SP05565/tmpctrl_4ch/temp_dlysel.vhd(18): INFO: elaborating 'temp_dlysel_uniq_1(RTL)' (VHDL-1067)
C:/work/S127M/PCBNo_10089/SP0565_rev00_00/RTL/SP05565/tmpctrl_4ch/temp_plsdrv.vhd(23): INFO: elaborating 'temp_plsdrv_uniq_2(RTL)' (VHDL-1067)
C:/work/S127M/PCBNo_10089/SP0565_rev00_00/RTL/SP05565/tmpctrl_4ch/temp_plsdrv.vhd(23): INFO: elaborating 'temp_plsdrv_uniq_3(RTL)' (VHDL-1067)
C:/work/S127M/PCBNo_10089/SP0565_rev00_00/RTL/SP05565/tmpctrl_4ch/temp_plsmod.vhd(28): INFO: elaborating 'temp_plsmod_uniq_2(RTL)' (VHDL-1067)
C:/work/S127M/PCBNo_10089/SP0565_rev00_00/RTL/SP05565/tmpctrl_4ch/temp_plssel.vhd(25): INFO: elaborating 'temp_plssel_uniq_2(RTL)' (VHDL-1067)
C:/work/S127M/PCBNo_10089/SP0565_rev00_00/RTL/SP05565/tmpctrl_4ch/temp_dly_2term.vhd(18): INFO: elaborating 'temp_dly_2term_uniq_6(RTL)' (VHDL-1067)
C:/work/S127M/PCBNo_10089/SP0565_rev00_00/RTL/SP05565/tmpctrl_4ch/temp_dly_2term.vhd(18): INFO: elaborating 'temp_dly_2term_uniq_7(RTL)' (VHDL-1067)
C:/work/S127M/PCBNo_10089/SP0565_rev00_00/RTL/SP05565/tmpctrl_4ch/temp_dly_2term.vhd(18): INFO: elaborating 'temp_dly_2term_uniq_8(RTL)' (VHDL-1067)
C:/work/S127M/PCBNo_10089/SP0565_rev00_00/RTL/SP05565/tmpctrl_4ch/temp_dlysel.vhd(18): INFO: elaborating 'temp_dlysel_uniq_2(RTL)' (VHDL-1067)
C:/work/S127M/PCBNo_10089/SP0565_rev00_00/RTL/SP05565/tmpctrl_4ch/temp_plsdrv.vhd(23): INFO: elaborating 'temp_plsdrv_uniq_4(RTL)' (VHDL-1067)
C:/work/S127M/PCBNo_10089/SP0565_rev00_00/RTL/SP05565/tmpctrl_4ch/temp_plsdrv.vhd(23): INFO: elaborating 'temp_plsdrv_uniq_5(RTL)' (VHDL-1067)
C:/work/S127M/PCBNo_10089/SP0565_rev00_00/RTL/SP05565/tmpctrl_4ch/temp_plsmod.vhd(28): INFO: elaborating 'temp_plsmod_uniq_3(RTL)' (VHDL-1067)
C:/work/S127M/PCBNo_10089/SP0565_rev00_00/RTL/SP05565/tmpctrl_4ch/temp_plssel.vhd(25): INFO: elaborating 'temp_plssel_uniq_3(RTL)' (VHDL-1067)
C:/work/S127M/PCBNo_10089/SP0565_rev00_00/RTL/SP05565/tmpctrl_4ch/temp_dly_2term.vhd(18): INFO: elaborating 'temp_dly_2term_uniq_9(RTL)' (VHDL-1067)
C:/work/S127M/PCBNo_10089/SP0565_rev00_00/RTL/SP05565/tmpctrl_4ch/temp_dly_2term.vhd(18): INFO: elaborating 'temp_dly_2term_uniq_10(RTL)' (VHDL-1067)
C:/work/S127M/PCBNo_10089/SP0565_rev00_00/RTL/SP05565/tmpctrl_4ch/temp_dly_2term.vhd(18): INFO: elaborating 'temp_dly_2term_uniq_11(RTL)' (VHDL-1067)
C:/work/S127M/PCBNo_10089/SP0565_rev00_00/RTL/SP05565/tmpctrl_4ch/temp_dlysel.vhd(18): INFO: elaborating 'temp_dlysel_uniq_3(RTL)' (VHDL-1067)
C:/work/S127M/PCBNo_10089/SP0565_rev00_00/RTL/SP05565/tmpctrl_4ch/temp_plsdrv.vhd(23): INFO: elaborating 'temp_plsdrv_uniq_6(RTL)' (VHDL-1067)
C:/work/S127M/PCBNo_10089/SP0565_rev00_00/RTL/SP05565/tmpctrl_4ch/temp_plsdrv.vhd(23): INFO: elaborating 'temp_plsdrv_uniq_7(RTL)' (VHDL-1067)
C:/work/S127M/PCBNo_10089/SP0565_rev00_00/RTL/SP05565/tmpctrl_4ch/temp_plsgen.vhd(20): INFO: elaborating 'temp_plsgen_uniq_0(RTL)' (VHDL-1067)
C:/work/S127M/PCBNo_10089/SP0565_rev00_00/RTL/SP05565/slaveid_top/slaveid_top.vhd(20): INFO: elaborating 'slaveid_top_uniq_0(RTL)' (VHDL-1067)
C:/work/S127M/PCBNo_10089/SP0565_rev00_00/RTL/com/fc_dec.vhd(20): INFO: elaborating 'fc_dec_uniq_3(RTL)' (VHDL-1067)
C:/work/S127M/PCBNo_10089/SP0565_rev00_00/RTL/com/fc_sel.vhd(20): INFO: elaborating 'fc_sel_uniq_3(RTL)' (VHDL-1067)
C:/work/S127M/PCBNo_10089/SP0565_rev00_00/RTL/SP05565/slaveid_top/slaveid_id.vhd(20): INFO: elaborating 'slaveid_id_uniq_0(RTL)' (VHDL-1067)
-- Pretty printing unit 'reveal_coretop' to file 'C:/work/S127M/PCBNo_10089/SP0565_rev00_00/SP0565/reveal_workspace/tmpreveal/reveal_coretop.vhd' (VHDL-1489)
-- Pretty printing unit 'w_pack' to file 'C:/work/S127M/PCBNo_10089/SP0565_rev00_00/SP0565/reveal_workspace/tmpreveal/w_pack.vhd' (VHDL-1489)
-- Pretty printing unit 'sp0565' to file 'C:/work/S127M/PCBNo_10089/SP0565_rev00_00/SP0565/reveal_workspace/tmpreveal/sp0565.vhd' (VHDL-1489)
-- Pretty printing unit 'slv_com_top_uniq_0' to file 'C:/work/S127M/PCBNo_10089/SP0565_rev00_00/SP0565/reveal_workspace/tmpreveal/slv_com_top_uniq_0.vhd' (VHDL-1489)
-- Pretty printing unit 'rst_cnt_uniq_0' to file 'C:/work/S127M/PCBNo_10089/SP0565_rev00_00/SP0565/reveal_workspace/tmpreveal/rst_cnt_uniq_0.vhd' (VHDL-1489)
-- Pretty printing unit 'slv_ctrl_top_uniq_0' to file 'C:/work/S127M/PCBNo_10089/SP0565_rev00_00/SP0565/reveal_workspace/tmpreveal/slv_ctrl_top_uniq_0.vhd' (VHDL-1489)
-- Pretty printing unit 'slv_tx_ctrl_uniq_0' to file 'C:/work/S127M/PCBNo_10089/SP0565_rev00_00/SP0565/reveal_workspace/tmpreveal/slv_tx_ctrl_uniq_0.vhd' (VHDL-1489)
-- Pretty printing unit 'slv_rx_ctrl_uniq_0' to file 'C:/work/S127M/PCBNo_10089/SP0565_rev00_00/SP0565/reveal_workspace/tmpreveal/slv_rx_ctrl_uniq_0.vhd' (VHDL-1489)
-- Pretty printing unit 'node_sel_uniq_0' to file 'C:/work/S127M/PCBNo_10089/SP0565_rev00_00/SP0565/reveal_workspace/tmpreveal/node_sel_uniq_0.vhd' (VHDL-1489)
-- Pretty printing unit 'adr_sel_uniq_0' to file 'C:/work/S127M/PCBNo_10089/SP0565_rev00_00/SP0565/reveal_workspace/tmpreveal/adr_sel_uniq_0.vhd' (VHDL-1489)
-- Pretty printing unit 'nd_sel_uniq_0' to file 'C:/work/S127M/PCBNo_10089/SP0565_rev00_00/SP0565/reveal_workspace/tmpreveal/nd_sel_uniq_0.vhd' (VHDL-1489)
-- Pretty printing unit 'slvadr_cnv_uniq_0' to file 'C:/work/S127M/PCBNo_10089/SP0565_rev00_00/SP0565/reveal_workspace/tmpreveal/slvadr_cnv_uniq_0.vhd' (VHDL-1489)
-- Pretty printing unit 'clk_gen_s124m_uniq_0' to file 'C:/work/S127M/PCBNo_10089/SP0565_rev00_00/SP0565/reveal_workspace/tmpreveal/clk_gen_s124m_uniq_0.vhd' (VHDL-1489)
-- Pretty printing unit 'pll_gen_uniq_0' to file 'C:/work/S127M/PCBNo_10089/SP0565_rev00_00/SP0565/reveal_workspace/tmpreveal/pll_gen_uniq_0.vhd' (VHDL-1489)
-- Pretty printing unit 'tx_com_uniq_0' to file 'C:/work/S127M/PCBNo_10089/SP0565_rev00_00/SP0565/reveal_workspace/tmpreveal/tx_com_uniq_0.vhd' (VHDL-1489)
-- Pretty printing unit 'enc8b10b_wrapper_uniq_0' to file 'C:/work/S127M/PCBNo_10089/SP0565_rev00_00/SP0565/reveal_workspace/tmpreveal/enc8b10b_wrapper_uniq_0.vhd' (VHDL-1489)
-- Pretty printing unit 'enc8b10b_new_uniq_0' to file 'C:/work/S127M/PCBNo_10089/SP0565_rev00_00/SP0565/reveal_workspace/tmpreveal/enc8b10b_new_uniq_0.vhd' (VHDL-1489)
-- Pretty printing unit 'enc8b_10b_uniq_0' to file 'C:/work/S127M/PCBNo_10089/SP0565_rev00_00/SP0565/reveal_workspace/tmpreveal/enc8b_10b_uniq_0.vhd' (VHDL-1489)
-- Pretty printing unit 'enc5b_6b_uniq_0' to file 'C:/work/S127M/PCBNo_10089/SP0565_rev00_00/SP0565/reveal_workspace/tmpreveal/enc5b_6b_uniq_0.vhd' (VHDL-1489)
-- Pretty printing unit 'enc3b_4b_uniq_0' to file 'C:/work/S127M/PCBNo_10089/SP0565_rev00_00/SP0565/reveal_workspace/tmpreveal/enc3b_4b_uniq_0.vhd' (VHDL-1489)
-- Pretty printing unit 'tx_cont_b1_uniq_0' to file 'C:/work/S127M/PCBNo_10089/SP0565_rev00_00/SP0565/reveal_workspace/tmpreveal/tx_cont_b1_uniq_0.vhd' (VHDL-1489)
-- Pretty printing unit 'dcfifo_tx_b1_uniq_0' to file 'C:/work/S127M/PCBNo_10089/SP0565_rev00_00/SP0565/reveal_workspace/tmpreveal/dcfifo_tx_b1_uniq_0.vhd' (VHDL-1489)
-- Pretty printing unit 'crc_gen_uniq_0' to file 'C:/work/S127M/PCBNo_10089/SP0565_rev00_00/SP0565/reveal_workspace/tmpreveal/crc_gen_uniq_0.vhd' (VHDL-1489)
-- Pretty printing unit 'tx_ctl_1st_uniq_0' to file 'C:/work/S127M/PCBNo_10089/SP0565_rev00_00/SP0565/reveal_workspace/tmpreveal/tx_ctl_1st_uniq_0.vhd' (VHDL-1489)
-- Pretty printing unit 'tx_cont_b2_uniq_0' to file 'C:/work/S127M/PCBNo_10089/SP0565_rev00_00/SP0565/reveal_workspace/tmpreveal/tx_cont_b2_uniq_0.vhd' (VHDL-1489)
-- Pretty printing unit 'dcfifo_tx_b2_uniq_0' to file 'C:/work/S127M/PCBNo_10089/SP0565_rev00_00/SP0565/reveal_workspace/tmpreveal/dcfifo_tx_b2_uniq_0.vhd' (VHDL-1489)
-- Pretty printing unit 'tx_ctl_3rd_uniq_0' to file 'C:/work/S127M/PCBNo_10089/SP0565_rev00_00/SP0565/reveal_workspace/tmpreveal/tx_ctl_3rd_uniq_0.vhd' (VHDL-1489)
-- Pretty printing unit 'rx_com_uniq_0' to file 'C:/work/S127M/PCBNo_10089/SP0565_rev00_00/SP0565/reveal_workspace/tmpreveal/rx_com_uniq_0.vhd' (VHDL-1489)
-- Pretty printing unit 'dec8b10b_wrapper_uniq_0' to file 'C:/work/S127M/PCBNo_10089/SP0565_rev00_00/SP0565/reveal_workspace/tmpreveal/dec8b10b_wrapper_uniq_0.vhd' (VHDL-1489)
-- Pretty printing unit 'dec8b10b_new_uniq_0' to file 'C:/work/S127M/PCBNo_10089/SP0565_rev00_00/SP0565/reveal_workspace/tmpreveal/dec8b10b_new_uniq_0.vhd' (VHDL-1489)
-- Pretty printing unit 'dec6b_5b_uniq_0' to file 'C:/work/S127M/PCBNo_10089/SP0565_rev00_00/SP0565/reveal_workspace/tmpreveal/dec6b_5b_uniq_0.vhd' (VHDL-1489)
-- Pretty printing unit 'dec4b_3b_uniq_0' to file 'C:/work/S127M/PCBNo_10089/SP0565_rev00_00/SP0565/reveal_workspace/tmpreveal/dec4b_3b_uniq_0.vhd' (VHDL-1489)
-- Pretty printing unit 'rx_cont_b1_uniq_0' to file 'C:/work/S127M/PCBNo_10089/SP0565_rev00_00/SP0565/reveal_workspace/tmpreveal/rx_cont_b1_uniq_0.vhd' (VHDL-1489)
-- Pretty printing unit 'dcfifo_rx_b1_uniq_0' to file 'C:/work/S127M/PCBNo_10089/SP0565_rev00_00/SP0565/reveal_workspace/tmpreveal/dcfifo_rx_b1_uniq_0.vhd' (VHDL-1489)
-- Pretty printing unit 'rx_ctl_1st_uniq_0' to file 'C:/work/S127M/PCBNo_10089/SP0565_rev00_00/SP0565/reveal_workspace/tmpreveal/rx_ctl_1st_uniq_0.vhd' (VHDL-1489)
-- Pretty printing unit 'rx_cont_b2_uniq_0' to file 'C:/work/S127M/PCBNo_10089/SP0565_rev00_00/SP0565/reveal_workspace/tmpreveal/rx_cont_b2_uniq_0.vhd' (VHDL-1489)
-- Pretty printing unit 'dcfifo_rx_b2_uniq_0' to file 'C:/work/S127M/PCBNo_10089/SP0565_rev00_00/SP0565/reveal_workspace/tmpreveal/dcfifo_rx_b2_uniq_0.vhd' (VHDL-1489)
-- Pretty printing unit 'crc_check_uniq_0' to file 'C:/work/S127M/PCBNo_10089/SP0565_rev00_00/SP0565/reveal_workspace/tmpreveal/crc_check_uniq_0.vhd' (VHDL-1489)
-- Pretty printing unit 'rx_ctl_3rd_uniq_0' to file 'C:/work/S127M/PCBNo_10089/SP0565_rev00_00/SP0565/reveal_workspace/tmpreveal/rx_ctl_3rd_uniq_0.vhd' (VHDL-1489)
-- Pretty printing unit 'cds_uniq_0' to file 'C:/work/S127M/PCBNo_10089/SP0565_rev00_00/SP0565/reveal_workspace/tmpreveal/cds_uniq_0.vhd' (VHDL-1489)
-- Pretty printing unit 'slv_clk_gen_uniq_0' to file 'C:/work/S127M/PCBNo_10089/SP0565_rev00_00/SP0565/reveal_workspace/tmpreveal/slv_clk_gen_uniq_0.vhd' (VHDL-1489)
-- Pretty printing unit 'dac081s101_top_uniq_0' to file 'C:/work/S127M/PCBNo_10089/SP0565_rev00_00/SP0565/reveal_workspace/tmpreveal/dac081s101_top_uniq_0.vhd' (VHDL-1489)
-- Pretty printing unit 'log_ca_dac_ctrl_uniq_0' to file 'C:/work/S127M/PCBNo_10089/SP0565_rev00_00/SP0565/reveal_workspace/tmpreveal/log_ca_dac_ctrl_uniq_0.vhd' (VHDL-1489)
-- Pretty printing unit 'log_ca_dacclk_gen_uniq_0' to file 'C:/work/S127M/PCBNo_10089/SP0565_rev00_00/SP0565/reveal_workspace/tmpreveal/log_ca_dacclk_gen_uniq_0.vhd' (VHDL-1489)
-- Pretty printing unit 'log_ca_dacif_seq_uniq_0' to file 'C:/work/S127M/PCBNo_10089/SP0565_rev00_00/SP0565/reveal_workspace/tmpreveal/log_ca_dacif_seq_uniq_0.vhd' (VHDL-1489)
-- Pretty printing unit 'ad_ctrl_uniq_0' to file 'C:/work/S127M/PCBNo_10089/SP0565_rev00_00/SP0565/reveal_workspace/tmpreveal/ad_ctrl_uniq_0.vhd' (VHDL-1489)
-- Pretty printing unit 'adclk_gen_uniq_0' to file 'C:/work/S127M/PCBNo_10089/SP0565_rev00_00/SP0565/reveal_workspace/tmpreveal/adclk_gen_uniq_0.vhd' (VHDL-1489)
-- Pretty printing unit 'adif_seq_uniq_0' to file 'C:/work/S127M/PCBNo_10089/SP0565_rev00_00/SP0565/reveal_workspace/tmpreveal/adif_seq_uniq_0.vhd' (VHDL-1489)
-- Pretty printing unit 'shiftreg12bit_uniq_0' to file 'C:/work/S127M/PCBNo_10089/SP0565_rev00_00/SP0565/reveal_workspace/tmpreveal/shiftreg12bit_uniq_0.vhd' (VHDL-1489)
-- Pretty printing unit 'adc_reg_uniq_0' to file 'C:/work/S127M/PCBNo_10089/SP0565_rev00_00/SP0565/reveal_workspace/tmpreveal/adc_reg_uniq_0.vhd' (VHDL-1489)
-- Pretty printing unit 'enc_func_top_uniq_0' to file 'C:/work/S127M/PCBNo_10089/SP0565_rev00_00/SP0565/reveal_workspace/tmpreveal/enc_func_top_uniq_0.vhd' (VHDL-1489)
-- Pretty printing unit 'enc_top_uniq_0' to file 'C:/work/S127M/PCBNo_10089/SP0565_rev00_00/SP0565/reveal_workspace/tmpreveal/enc_top_uniq_0.vhd' (VHDL-1489)
-- Pretty printing unit 'encoder_2bit_uniq_0' to file 'C:/work/S127M/PCBNo_10089/SP0565_rev00_00/SP0565/reveal_workspace/tmpreveal/encoder_2bit_uniq_0.vhd' (VHDL-1489)
-- Pretty printing unit 'enc_lmt_uniq_0' to file 'C:/work/S127M/PCBNo_10089/SP0565_rev00_00/SP0565/reveal_workspace/tmpreveal/enc_lmt_uniq_0.vhd' (VHDL-1489)
-- Pretty printing unit 'pulse_sens_uniq_0' to file 'C:/work/S127M/PCBNo_10089/SP0565_rev00_00/SP0565/reveal_workspace/tmpreveal/pulse_sens_uniq_0.vhd' (VHDL-1489)
-- Pretty printing unit 'ring_counter_uniq_0' to file 'C:/work/S127M/PCBNo_10089/SP0565_rev00_00/SP0565/reveal_workspace/tmpreveal/ring_counter_uniq_0.vhd' (VHDL-1489)
-- Pretty printing unit 'linear_signal_ctrl_uniq_0' to file 'C:/work/S127M/PCBNo_10089/SP0565_rev00_00/SP0565/reveal_workspace/tmpreveal/linear_signal_ctrl_uniq_0.vhd' (VHDL-1489)
-- Pretty printing unit 'ad5270_5271_ctrl_uniq_0' to file 'C:/work/S127M/PCBNo_10089/SP0565_rev00_00/SP0565/reveal_workspace/tmpreveal/ad5270_5271_ctrl_uniq_0.vhd' (VHDL-1489)
-- Pretty printing unit 'ppmc_top_s118m_uniq_0' to file 'C:/work/S127M/PCBNo_10089/SP0565_rev00_00/SP0565/reveal_workspace/tmpreveal/ppmc_top_s118m_uniq_0.vhd' (VHDL-1489)
-- Pretty printing unit 'fc_dec_uniq_0' to file 'C:/work/S127M/PCBNo_10089/SP0565_rev00_00/SP0565/reveal_workspace/tmpreveal/fc_dec_uniq_0.vhd' (VHDL-1489)
-- Pretty printing unit 'fc_sel_uniq_0' to file 'C:/work/S127M/PCBNo_10089/SP0565_rev00_00/SP0565/reveal_workspace/tmpreveal/fc_sel_uniq_0.vhd' (VHDL-1489)
-- Pretty printing unit 'ppmc_id_uniq_0' to file 'C:/work/S127M/PCBNo_10089/SP0565_rev00_00/SP0565/reveal_workspace/tmpreveal/ppmc_id_uniq_0.vhd' (VHDL-1489)
-- Pretty printing unit 'ppmc_reg_s118m_uniq_0' to file 'C:/work/S127M/PCBNo_10089/SP0565_rev00_00/SP0565/reveal_workspace/tmpreveal/ppmc_reg_s118m_uniq_0.vhd' (VHDL-1489)
-- Pretty printing unit 'ppmc_u_step_ext_uniq_0' to file 'C:/work/S127M/PCBNo_10089/SP0565_rev00_00/SP0565/reveal_workspace/tmpreveal/ppmc_u_step_ext_uniq_0.vhd' (VHDL-1489)
-- Pretty printing unit 'ppmc_plsgen_uniq_0' to file 'C:/work/S127M/PCBNo_10089/SP0565_rev00_00/SP0565/reveal_workspace/tmpreveal/ppmc_plsgen_uniq_0.vhd' (VHDL-1489)
-- Pretty printing unit 'ppmc_acc_tim_gen_uniq_0' to file 'C:/work/S127M/PCBNo_10089/SP0565_rev00_00/SP0565/reveal_workspace/tmpreveal/ppmc_acc_tim_gen_uniq_0.vhd' (VHDL-1489)
-- Pretty printing unit 'ppmc_speed_cnt_uniq_0' to file 'C:/work/S127M/PCBNo_10089/SP0565_rev00_00/SP0565/reveal_workspace/tmpreveal/ppmc_speed_cnt_uniq_0.vhd' (VHDL-1489)
-- Pretty printing unit 'ppmc_timer_cnt_uniq_0' to file 'C:/work/S127M/PCBNo_10089/SP0565_rev00_00/SP0565/reveal_workspace/tmpreveal/ppmc_timer_cnt_uniq_0.vhd' (VHDL-1489)
-- Pretty printing unit 'ppmc_pls_cnt_uniq_0' to file 'C:/work/S127M/PCBNo_10089/SP0565_rev00_00/SP0565/reveal_workspace/tmpreveal/ppmc_pls_cnt_uniq_0.vhd' (VHDL-1489)
-- Pretty printing unit 'ppmc_dec_uniq_0' to file 'C:/work/S127M/PCBNo_10089/SP0565_rev00_00/SP0565/reveal_workspace/tmpreveal/ppmc_dec_uniq_0.vhd' (VHDL-1489)
-- Pretty printing unit 'ppmc_rgstr_uniq_0' to file 'C:/work/S127M/PCBNo_10089/SP0565_rev00_00/SP0565/reveal_workspace/tmpreveal/ppmc_rgstr_uniq_0.vhd' (VHDL-1489)
-- Pretty printing unit 'ppmc_enblr_s118m_uniq_0' to file 'C:/work/S127M/PCBNo_10089/SP0565_rev00_00/SP0565/reveal_workspace/tmpreveal/ppmc_enblr_s118m_uniq_0.vhd' (VHDL-1489)
-- Pretty printing unit 'ppmc_phgen_uniq_0' to file 'C:/work/S127M/PCBNo_10089/SP0565_rev00_00/SP0565/reveal_workspace/tmpreveal/ppmc_phgen_uniq_0.vhd' (VHDL-1489)
-- Pretty printing unit 'ppmc_ctrl_uniq_0' to file 'C:/work/S127M/PCBNo_10089/SP0565_rev00_00/SP0565/reveal_workspace/tmpreveal/ppmc_ctrl_uniq_0.vhd' (VHDL-1489)
-- Pretty printing unit 'ppmc_cmdchk_uniq_0' to file 'C:/work/S127M/PCBNo_10089/SP0565_rev00_00/SP0565/reveal_workspace/tmpreveal/ppmc_cmdchk_uniq_0.vhd' (VHDL-1489)
-- Pretty printing unit 'gpio_top_uniq_0' to file 'C:/work/S127M/PCBNo_10089/SP0565_rev00_00/SP0565/reveal_workspace/tmpreveal/gpio_top_uniq_0.vhd' (VHDL-1489)
-- Pretty printing unit 'fc_dec_uniq_1' to file 'C:/work/S127M/PCBNo_10089/SP0565_rev00_00/SP0565/reveal_workspace/tmpreveal/fc_dec_uniq_1.vhd' (VHDL-1489)
-- Pretty printing unit 'fc_sel_uniq_1' to file 'C:/work/S127M/PCBNo_10089/SP0565_rev00_00/SP0565/reveal_workspace/tmpreveal/fc_sel_uniq_1.vhd' (VHDL-1489)
-- Pretty printing unit 'gpio_id_uniq_0' to file 'C:/work/S127M/PCBNo_10089/SP0565_rev00_00/SP0565/reveal_workspace/tmpreveal/gpio_id_uniq_0.vhd' (VHDL-1489)
-- Pretty printing unit 'gpio_reg_uniq_0' to file 'C:/work/S127M/PCBNo_10089/SP0565_rev00_00/SP0565/reveal_workspace/tmpreveal/gpio_reg_uniq_0.vhd' (VHDL-1489)
-- Pretty printing unit 'gpio_op_reg_uniq_0' to file 'C:/work/S127M/PCBNo_10089/SP0565_rev00_00/SP0565/reveal_workspace/tmpreveal/gpio_op_reg_uniq_0.vhd' (VHDL-1489)
-- Pretty printing unit 'gpio_ip_reg_uniq_0' to file 'C:/work/S127M/PCBNo_10089/SP0565_rev00_00/SP0565/reveal_workspace/tmpreveal/gpio_ip_reg_uniq_0.vhd' (VHDL-1489)
-- Pretty printing unit 'gpio_op_reg_uniq_1' to file 'C:/work/S127M/PCBNo_10089/SP0565_rev00_00/SP0565/reveal_workspace/tmpreveal/gpio_op_reg_uniq_1.vhd' (VHDL-1489)
-- Pretty printing unit 'gpio_ip_reg_uniq_1' to file 'C:/work/S127M/PCBNo_10089/SP0565_rev00_00/SP0565/reveal_workspace/tmpreveal/gpio_ip_reg_uniq_1.vhd' (VHDL-1489)
-- Pretty printing unit 'gpio_op_reg_uniq_2' to file 'C:/work/S127M/PCBNo_10089/SP0565_rev00_00/SP0565/reveal_workspace/tmpreveal/gpio_op_reg_uniq_2.vhd' (VHDL-1489)
-- Pretty printing unit 'gpio_ip_reg_uniq_2' to file 'C:/work/S127M/PCBNo_10089/SP0565_rev00_00/SP0565/reveal_workspace/tmpreveal/gpio_ip_reg_uniq_2.vhd' (VHDL-1489)
-- Pretty printing unit 'gpio_op_reg_uniq_3' to file 'C:/work/S127M/PCBNo_10089/SP0565_rev00_00/SP0565/reveal_workspace/tmpreveal/gpio_op_reg_uniq_3.vhd' (VHDL-1489)
-- Pretty printing unit 'gpio_ip_reg_uniq_3' to file 'C:/work/S127M/PCBNo_10089/SP0565_rev00_00/SP0565/reveal_workspace/tmpreveal/gpio_ip_reg_uniq_3.vhd' (VHDL-1489)
-- Pretty printing unit 'gpio_op_reg_uniq_4' to file 'C:/work/S127M/PCBNo_10089/SP0565_rev00_00/SP0565/reveal_workspace/tmpreveal/gpio_op_reg_uniq_4.vhd' (VHDL-1489)
-- Pretty printing unit 'gpio_ip_reg_uniq_4' to file 'C:/work/S127M/PCBNo_10089/SP0565_rev00_00/SP0565/reveal_workspace/tmpreveal/gpio_ip_reg_uniq_4.vhd' (VHDL-1489)
-- Pretty printing unit 'gpio_op_reg_uniq_5' to file 'C:/work/S127M/PCBNo_10089/SP0565_rev00_00/SP0565/reveal_workspace/tmpreveal/gpio_op_reg_uniq_5.vhd' (VHDL-1489)
-- Pretty printing unit 'gpio_ip_reg_uniq_5' to file 'C:/work/S127M/PCBNo_10089/SP0565_rev00_00/SP0565/reveal_workspace/tmpreveal/gpio_ip_reg_uniq_5.vhd' (VHDL-1489)
-- Pretty printing unit 'gpio_op_reg_uniq_6' to file 'C:/work/S127M/PCBNo_10089/SP0565_rev00_00/SP0565/reveal_workspace/tmpreveal/gpio_op_reg_uniq_6.vhd' (VHDL-1489)
-- Pretty printing unit 'gpio_ip_reg_uniq_6' to file 'C:/work/S127M/PCBNo_10089/SP0565_rev00_00/SP0565/reveal_workspace/tmpreveal/gpio_ip_reg_uniq_6.vhd' (VHDL-1489)
-- Pretty printing unit 'gpio_op_reg_uniq_7' to file 'C:/work/S127M/PCBNo_10089/SP0565_rev00_00/SP0565/reveal_workspace/tmpreveal/gpio_op_reg_uniq_7.vhd' (VHDL-1489)
-- Pretty printing unit 'gpio_ip_reg_uniq_7' to file 'C:/work/S127M/PCBNo_10089/SP0565_rev00_00/SP0565/reveal_workspace/tmpreveal/gpio_ip_reg_uniq_7.vhd' (VHDL-1489)
-- Pretty printing unit 'gpio_op_reg_uniq_8' to file 'C:/work/S127M/PCBNo_10089/SP0565_rev00_00/SP0565/reveal_workspace/tmpreveal/gpio_op_reg_uniq_8.vhd' (VHDL-1489)
-- Pretty printing unit 'gpio_ip_reg_uniq_8' to file 'C:/work/S127M/PCBNo_10089/SP0565_rev00_00/SP0565/reveal_workspace/tmpreveal/gpio_ip_reg_uniq_8.vhd' (VHDL-1489)
-- Pretty printing unit 'gpio_op_reg_uniq_9' to file 'C:/work/S127M/PCBNo_10089/SP0565_rev00_00/SP0565/reveal_workspace/tmpreveal/gpio_op_reg_uniq_9.vhd' (VHDL-1489)
-- Pretty printing unit 'gpio_ip_reg_uniq_9' to file 'C:/work/S127M/PCBNo_10089/SP0565_rev00_00/SP0565/reveal_workspace/tmpreveal/gpio_ip_reg_uniq_9.vhd' (VHDL-1489)
-- Pretty printing unit 'gpio_op_reg_uniq_10' to file 'C:/work/S127M/PCBNo_10089/SP0565_rev00_00/SP0565/reveal_workspace/tmpreveal/gpio_op_reg_uniq_10.vhd' (VHDL-1489)
-- Pretty printing unit 'gpio_ip_reg_uniq_10' to file 'C:/work/S127M/PCBNo_10089/SP0565_rev00_00/SP0565/reveal_workspace/tmpreveal/gpio_ip_reg_uniq_10.vhd' (VHDL-1489)
-- Pretty printing unit 'gpio_op_reg_uniq_11' to file 'C:/work/S127M/PCBNo_10089/SP0565_rev00_00/SP0565/reveal_workspace/tmpreveal/gpio_op_reg_uniq_11.vhd' (VHDL-1489)
-- Pretty printing unit 'gpio_ip_reg_uniq_11' to file 'C:/work/S127M/PCBNo_10089/SP0565_rev00_00/SP0565/reveal_workspace/tmpreveal/gpio_ip_reg_uniq_11.vhd' (VHDL-1489)
-- Pretty printing unit 'gpio_op_reg_uniq_12' to file 'C:/work/S127M/PCBNo_10089/SP0565_rev00_00/SP0565/reveal_workspace/tmpreveal/gpio_op_reg_uniq_12.vhd' (VHDL-1489)
-- Pretty printing unit 'gpio_ip_reg_uniq_12' to file 'C:/work/S127M/PCBNo_10089/SP0565_rev00_00/SP0565/reveal_workspace/tmpreveal/gpio_ip_reg_uniq_12.vhd' (VHDL-1489)
-- Pretty printing unit 'gpio_op_reg_uniq_13' to file 'C:/work/S127M/PCBNo_10089/SP0565_rev00_00/SP0565/reveal_workspace/tmpreveal/gpio_op_reg_uniq_13.vhd' (VHDL-1489)
-- Pretty printing unit 'gpio_ip_reg_uniq_13' to file 'C:/work/S127M/PCBNo_10089/SP0565_rev00_00/SP0565/reveal_workspace/tmpreveal/gpio_ip_reg_uniq_13.vhd' (VHDL-1489)
-- Pretty printing unit 'gpio_op_reg_uniq_14' to file 'C:/work/S127M/PCBNo_10089/SP0565_rev00_00/SP0565/reveal_workspace/tmpreveal/gpio_op_reg_uniq_14.vhd' (VHDL-1489)
-- Pretty printing unit 'gpio_ip_reg_uniq_14' to file 'C:/work/S127M/PCBNo_10089/SP0565_rev00_00/SP0565/reveal_workspace/tmpreveal/gpio_ip_reg_uniq_14.vhd' (VHDL-1489)
-- Pretty printing unit 'gpio_op_reg_uniq_15' to file 'C:/work/S127M/PCBNo_10089/SP0565_rev00_00/SP0565/reveal_workspace/tmpreveal/gpio_op_reg_uniq_15.vhd' (VHDL-1489)
-- Pretty printing unit 'gpio_ip_reg_uniq_15' to file 'C:/work/S127M/PCBNo_10089/SP0565_rev00_00/SP0565/reveal_workspace/tmpreveal/gpio_ip_reg_uniq_15.vhd' (VHDL-1489)
-- Pretty printing unit 'gpio_op_reg_uniq_16' to file 'C:/work/S127M/PCBNo_10089/SP0565_rev00_00/SP0565/reveal_workspace/tmpreveal/gpio_op_reg_uniq_16.vhd' (VHDL-1489)
-- Pretty printing unit 'gpio_ip_reg_uniq_16' to file 'C:/work/S127M/PCBNo_10089/SP0565_rev00_00/SP0565/reveal_workspace/tmpreveal/gpio_ip_reg_uniq_16.vhd' (VHDL-1489)
-- Pretty printing unit 'gpio_op_reg_uniq_17' to file 'C:/work/S127M/PCBNo_10089/SP0565_rev00_00/SP0565/reveal_workspace/tmpreveal/gpio_op_reg_uniq_17.vhd' (VHDL-1489)
-- Pretty printing unit 'gpio_ip_reg_uniq_17' to file 'C:/work/S127M/PCBNo_10089/SP0565_rev00_00/SP0565/reveal_workspace/tmpreveal/gpio_ip_reg_uniq_17.vhd' (VHDL-1489)
-- Pretty printing unit 'gpio_op_reg_uniq_18' to file 'C:/work/S127M/PCBNo_10089/SP0565_rev00_00/SP0565/reveal_workspace/tmpreveal/gpio_op_reg_uniq_18.vhd' (VHDL-1489)
-- Pretty printing unit 'gpio_ip_reg_uniq_18' to file 'C:/work/S127M/PCBNo_10089/SP0565_rev00_00/SP0565/reveal_workspace/tmpreveal/gpio_ip_reg_uniq_18.vhd' (VHDL-1489)
-- Pretty printing unit 'gpio_op_reg_uniq_19' to file 'C:/work/S127M/PCBNo_10089/SP0565_rev00_00/SP0565/reveal_workspace/tmpreveal/gpio_op_reg_uniq_19.vhd' (VHDL-1489)
-- Pretty printing unit 'gpio_ip_reg_uniq_19' to file 'C:/work/S127M/PCBNo_10089/SP0565_rev00_00/SP0565/reveal_workspace/tmpreveal/gpio_ip_reg_uniq_19.vhd' (VHDL-1489)
-- Pretty printing unit 'gpio_op_reg_uniq_20' to file 'C:/work/S127M/PCBNo_10089/SP0565_rev00_00/SP0565/reveal_workspace/tmpreveal/gpio_op_reg_uniq_20.vhd' (VHDL-1489)
-- Pretty printing unit 'gpio_ip_reg_uniq_20' to file 'C:/work/S127M/PCBNo_10089/SP0565_rev00_00/SP0565/reveal_workspace/tmpreveal/gpio_ip_reg_uniq_20.vhd' (VHDL-1489)
-- Pretty printing unit 'gpio_op_reg_uniq_21' to file 'C:/work/S127M/PCBNo_10089/SP0565_rev00_00/SP0565/reveal_workspace/tmpreveal/gpio_op_reg_uniq_21.vhd' (VHDL-1489)
-- Pretty printing unit 'gpio_ip_reg_uniq_21' to file 'C:/work/S127M/PCBNo_10089/SP0565_rev00_00/SP0565/reveal_workspace/tmpreveal/gpio_ip_reg_uniq_21.vhd' (VHDL-1489)
-- Pretty printing unit 'gpio_op_reg_uniq_22' to file 'C:/work/S127M/PCBNo_10089/SP0565_rev00_00/SP0565/reveal_workspace/tmpreveal/gpio_op_reg_uniq_22.vhd' (VHDL-1489)
-- Pretty printing unit 'gpio_ip_reg_uniq_22' to file 'C:/work/S127M/PCBNo_10089/SP0565_rev00_00/SP0565/reveal_workspace/tmpreveal/gpio_ip_reg_uniq_22.vhd' (VHDL-1489)
-- Pretty printing unit 'gpio_op_reg_uniq_23' to file 'C:/work/S127M/PCBNo_10089/SP0565_rev00_00/SP0565/reveal_workspace/tmpreveal/gpio_op_reg_uniq_23.vhd' (VHDL-1489)
-- Pretty printing unit 'gpio_ip_reg_uniq_23' to file 'C:/work/S127M/PCBNo_10089/SP0565_rev00_00/SP0565/reveal_workspace/tmpreveal/gpio_ip_reg_uniq_23.vhd' (VHDL-1489)
-- Pretty printing unit 'gpio_op_reg_uniq_24' to file 'C:/work/S127M/PCBNo_10089/SP0565_rev00_00/SP0565/reveal_workspace/tmpreveal/gpio_op_reg_uniq_24.vhd' (VHDL-1489)
-- Pretty printing unit 'gpio_ip_reg_uniq_24' to file 'C:/work/S127M/PCBNo_10089/SP0565_rev00_00/SP0565/reveal_workspace/tmpreveal/gpio_ip_reg_uniq_24.vhd' (VHDL-1489)
-- Pretty printing unit 'gpio_op_reg_uniq_25' to file 'C:/work/S127M/PCBNo_10089/SP0565_rev00_00/SP0565/reveal_workspace/tmpreveal/gpio_op_reg_uniq_25.vhd' (VHDL-1489)
-- Pretty printing unit 'gpio_ip_reg_uniq_25' to file 'C:/work/S127M/PCBNo_10089/SP0565_rev00_00/SP0565/reveal_workspace/tmpreveal/gpio_ip_reg_uniq_25.vhd' (VHDL-1489)
-- Pretty printing unit 'gpio_op_reg_uniq_26' to file 'C:/work/S127M/PCBNo_10089/SP0565_rev00_00/SP0565/reveal_workspace/tmpreveal/gpio_op_reg_uniq_26.vhd' (VHDL-1489)
-- Pretty printing unit 'gpio_ip_reg_uniq_26' to file 'C:/work/S127M/PCBNo_10089/SP0565_rev00_00/SP0565/reveal_workspace/tmpreveal/gpio_ip_reg_uniq_26.vhd' (VHDL-1489)
-- Pretty printing unit 'gpio_op_reg_uniq_27' to file 'C:/work/S127M/PCBNo_10089/SP0565_rev00_00/SP0565/reveal_workspace/tmpreveal/gpio_op_reg_uniq_27.vhd' (VHDL-1489)
-- Pretty printing unit 'gpio_ip_reg_uniq_27' to file 'C:/work/S127M/PCBNo_10089/SP0565_rev00_00/SP0565/reveal_workspace/tmpreveal/gpio_ip_reg_uniq_27.vhd' (VHDL-1489)
-- Pretty printing unit 'gpio_op_reg_uniq_28' to file 'C:/work/S127M/PCBNo_10089/SP0565_rev00_00/SP0565/reveal_workspace/tmpreveal/gpio_op_reg_uniq_28.vhd' (VHDL-1489)
-- Pretty printing unit 'gpio_ip_reg_uniq_28' to file 'C:/work/S127M/PCBNo_10089/SP0565_rev00_00/SP0565/reveal_workspace/tmpreveal/gpio_ip_reg_uniq_28.vhd' (VHDL-1489)
-- Pretty printing unit 'gpio_op_reg_uniq_29' to file 'C:/work/S127M/PCBNo_10089/SP0565_rev00_00/SP0565/reveal_workspace/tmpreveal/gpio_op_reg_uniq_29.vhd' (VHDL-1489)
-- Pretty printing unit 'gpio_ip_reg_uniq_29' to file 'C:/work/S127M/PCBNo_10089/SP0565_rev00_00/SP0565/reveal_workspace/tmpreveal/gpio_ip_reg_uniq_29.vhd' (VHDL-1489)
-- Pretty printing unit 'gpio_op_reg_uniq_30' to file 'C:/work/S127M/PCBNo_10089/SP0565_rev00_00/SP0565/reveal_workspace/tmpreveal/gpio_op_reg_uniq_30.vhd' (VHDL-1489)
-- Pretty printing unit 'gpio_ip_reg_uniq_30' to file 'C:/work/S127M/PCBNo_10089/SP0565_rev00_00/SP0565/reveal_workspace/tmpreveal/gpio_ip_reg_uniq_30.vhd' (VHDL-1489)
-- Pretty printing unit 'gpio_op_reg_uniq_31' to file 'C:/work/S127M/PCBNo_10089/SP0565_rev00_00/SP0565/reveal_workspace/tmpreveal/gpio_op_reg_uniq_31.vhd' (VHDL-1489)
-- Pretty printing unit 'gpio_ip_reg_uniq_31' to file 'C:/work/S127M/PCBNo_10089/SP0565_rev00_00/SP0565/reveal_workspace/tmpreveal/gpio_ip_reg_uniq_31.vhd' (VHDL-1489)
-- Pretty printing unit 'tmpctrl_4ch_top_s127m_uniq_0' to file 'C:/work/S127M/PCBNo_10089/SP0565_rev00_00/SP0565/reveal_workspace/tmpreveal/tmpctrl_4ch_top_s127m_uniq_0.vhd' (VHDL-1489)
-- Pretty printing unit 'fc_dec_uniq_2' to file 'C:/work/S127M/PCBNo_10089/SP0565_rev00_00/SP0565/reveal_workspace/tmpreveal/fc_dec_uniq_2.vhd' (VHDL-1489)
-- Pretty printing unit 'fc_sel_uniq_2' to file 'C:/work/S127M/PCBNo_10089/SP0565_rev00_00/SP0565/reveal_workspace/tmpreveal/fc_sel_uniq_2.vhd' (VHDL-1489)
-- Pretty printing unit 'tmpctrl_4ch_id_uniq_0' to file 'C:/work/S127M/PCBNo_10089/SP0565_rev00_00/SP0565/reveal_workspace/tmpreveal/tmpctrl_4ch_id_uniq_0.vhd' (VHDL-1489)
-- Pretty printing unit 'tmpctrl_4ch_reg_s127m_uniq_0' to file 'C:/work/S127M/PCBNo_10089/SP0565_rev00_00/SP0565/reveal_workspace/tmpreveal/tmpctrl_4ch_reg_s127m_uniq_0.vhd' (VHDL-1489)
-- Pretty printing unit 'temp_dec_uniq_0' to file 'C:/work/S127M/PCBNo_10089/SP0565_rev00_00/SP0565/reveal_workspace/tmpreveal/temp_dec_uniq_0.vhd' (VHDL-1489)
-- Pretty printing unit 'temp_meas_reg_s127m_uniq_0' to file 'C:/work/S127M/PCBNo_10089/SP0565_rev00_00/SP0565/reveal_workspace/tmpreveal/temp_meas_reg_s127m_uniq_0.vhd' (VHDL-1489)
-- Pretty printing unit 'temp_ref_reg_uniq_0' to file 'C:/work/S127M/PCBNo_10089/SP0565_rev00_00/SP0565/reveal_workspace/tmpreveal/temp_ref_reg_uniq_0.vhd' (VHDL-1489)
-- Pretty printing unit 'temp_ajst_reg_uniq_0' to file 'C:/work/S127M/PCBNo_10089/SP0565_rev00_00/SP0565/reveal_workspace/tmpreveal/temp_ajst_reg_uniq_0.vhd' (VHDL-1489)
-- Pretty printing unit 'temp_ctst_reg_uniq_0' to file 'C:/work/S127M/PCBNo_10089/SP0565_rev00_00/SP0565/reveal_workspace/tmpreveal/temp_ctst_reg_uniq_0.vhd' (VHDL-1489)
-- Pretty printing unit 'temp_cut_ref_reg_uniq_0' to file 'C:/work/S127M/PCBNo_10089/SP0565_rev00_00/SP0565/reveal_workspace/tmpreveal/temp_cut_ref_reg_uniq_0.vhd' (VHDL-1489)
-- Pretty printing unit 'temp_idlm_reg_uniq_0' to file 'C:/work/S127M/PCBNo_10089/SP0565_rev00_00/SP0565/reveal_workspace/tmpreveal/temp_idlm_reg_uniq_0.vhd' (VHDL-1489)
-- Pretty printing unit 'temp_prm_sel_uniq_0' to file 'C:/work/S127M/PCBNo_10089/SP0565_rev00_00/SP0565/reveal_workspace/tmpreveal/temp_prm_sel_uniq_0.vhd' (VHDL-1489)
-- Pretty printing unit 'temp_edge_dtct_uniq_0' to file 'C:/work/S127M/PCBNo_10089/SP0565_rev00_00/SP0565/reveal_workspace/tmpreveal/temp_edge_dtct_uniq_0.vhd' (VHDL-1489)
-- Pretty printing unit 'temp_rng_chk_uniq_0' to file 'C:/work/S127M/PCBNo_10089/SP0565_rev00_00/SP0565/reveal_workspace/tmpreveal/temp_rng_chk_uniq_0.vhd' (VHDL-1489)
-- Pretty printing unit 'temp_ctrl_uniq_0' to file 'C:/work/S127M/PCBNo_10089/SP0565_rev00_00/SP0565/reveal_workspace/tmpreveal/temp_ctrl_uniq_0.vhd' (VHDL-1489)
-- Pretty printing unit 'temp_plsnum_reg_uniq_0' to file 'C:/work/S127M/PCBNo_10089/SP0565_rev00_00/SP0565/reveal_workspace/tmpreveal/temp_plsnum_reg_uniq_0.vhd' (VHDL-1489)
-- Pretty printing unit 'temp_plsmod_uniq_0' to file 'C:/work/S127M/PCBNo_10089/SP0565_rev00_00/SP0565/reveal_workspace/tmpreveal/temp_plsmod_uniq_0.vhd' (VHDL-1489)
-- Pretty printing unit 'temp_plssel_uniq_0' to file 'C:/work/S127M/PCBNo_10089/SP0565_rev00_00/SP0565/reveal_workspace/tmpreveal/temp_plssel_uniq_0.vhd' (VHDL-1489)
-- Pretty printing unit 'temp_dly_2term_uniq_0' to file 'C:/work/S127M/PCBNo_10089/SP0565_rev00_00/SP0565/reveal_workspace/tmpreveal/temp_dly_2term_uniq_0.vhd' (VHDL-1489)
-- Pretty printing unit 'temp_dly_2term_uniq_1' to file 'C:/work/S127M/PCBNo_10089/SP0565_rev00_00/SP0565/reveal_workspace/tmpreveal/temp_dly_2term_uniq_1.vhd' (VHDL-1489)
-- Pretty printing unit 'temp_dly_2term_uniq_2' to file 'C:/work/S127M/PCBNo_10089/SP0565_rev00_00/SP0565/reveal_workspace/tmpreveal/temp_dly_2term_uniq_2.vhd' (VHDL-1489)
-- Pretty printing unit 'temp_dlysel_uniq_0' to file 'C:/work/S127M/PCBNo_10089/SP0565_rev00_00/SP0565/reveal_workspace/tmpreveal/temp_dlysel_uniq_0.vhd' (VHDL-1489)
-- Pretty printing unit 'temp_plsdrv_uniq_0' to file 'C:/work/S127M/PCBNo_10089/SP0565_rev00_00/SP0565/reveal_workspace/tmpreveal/temp_plsdrv_uniq_0.vhd' (VHDL-1489)
-- Pretty printing unit 'temp_plsdrv_uniq_1' to file 'C:/work/S127M/PCBNo_10089/SP0565_rev00_00/SP0565/reveal_workspace/tmpreveal/temp_plsdrv_uniq_1.vhd' (VHDL-1489)
-- Pretty printing unit 'temp_plsmod_uniq_1' to file 'C:/work/S127M/PCBNo_10089/SP0565_rev00_00/SP0565/reveal_workspace/tmpreveal/temp_plsmod_uniq_1.vhd' (VHDL-1489)
-- Pretty printing unit 'temp_plssel_uniq_1' to file 'C:/work/S127M/PCBNo_10089/SP0565_rev00_00/SP0565/reveal_workspace/tmpreveal/temp_plssel_uniq_1.vhd' (VHDL-1489)
-- Pretty printing unit 'temp_dly_2term_uniq_3' to file 'C:/work/S127M/PCBNo_10089/SP0565_rev00_00/SP0565/reveal_workspace/tmpreveal/temp_dly_2term_uniq_3.vhd' (VHDL-1489)
-- Pretty printing unit 'temp_dly_2term_uniq_4' to file 'C:/work/S127M/PCBNo_10089/SP0565_rev00_00/SP0565/reveal_workspace/tmpreveal/temp_dly_2term_uniq_4.vhd' (VHDL-1489)
-- Pretty printing unit 'temp_dly_2term_uniq_5' to file 'C:/work/S127M/PCBNo_10089/SP0565_rev00_00/SP0565/reveal_workspace/tmpreveal/temp_dly_2term_uniq_5.vhd' (VHDL-1489)
-- Pretty printing unit 'temp_dlysel_uniq_1' to file 'C:/work/S127M/PCBNo_10089/SP0565_rev00_00/SP0565/reveal_workspace/tmpreveal/temp_dlysel_uniq_1.vhd' (VHDL-1489)
-- Pretty printing unit 'temp_plsdrv_uniq_2' to file 'C:/work/S127M/PCBNo_10089/SP0565_rev00_00/SP0565/reveal_workspace/tmpreveal/temp_plsdrv_uniq_2.vhd' (VHDL-1489)
-- Pretty printing unit 'temp_plsdrv_uniq_3' to file 'C:/work/S127M/PCBNo_10089/SP0565_rev00_00/SP0565/reveal_workspace/tmpreveal/temp_plsdrv_uniq_3.vhd' (VHDL-1489)
-- Pretty printing unit 'temp_plsmod_uniq_2' to file 'C:/work/S127M/PCBNo_10089/SP0565_rev00_00/SP0565/reveal_workspace/tmpreveal/temp_plsmod_uniq_2.vhd' (VHDL-1489)
-- Pretty printing unit 'temp_plssel_uniq_2' to file 'C:/work/S127M/PCBNo_10089/SP0565_rev00_00/SP0565/reveal_workspace/tmpreveal/temp_plssel_uniq_2.vhd' (VHDL-1489)
-- Pretty printing unit 'temp_dly_2term_uniq_6' to file 'C:/work/S127M/PCBNo_10089/SP0565_rev00_00/SP0565/reveal_workspace/tmpreveal/temp_dly_2term_uniq_6.vhd' (VHDL-1489)
-- Pretty printing unit 'temp_dly_2term_uniq_7' to file 'C:/work/S127M/PCBNo_10089/SP0565_rev00_00/SP0565/reveal_workspace/tmpreveal/temp_dly_2term_uniq_7.vhd' (VHDL-1489)
-- Pretty printing unit 'temp_dly_2term_uniq_8' to file 'C:/work/S127M/PCBNo_10089/SP0565_rev00_00/SP0565/reveal_workspace/tmpreveal/temp_dly_2term_uniq_8.vhd' (VHDL-1489)
-- Pretty printing unit 'temp_dlysel_uniq_2' to file 'C:/work/S127M/PCBNo_10089/SP0565_rev00_00/SP0565/reveal_workspace/tmpreveal/temp_dlysel_uniq_2.vhd' (VHDL-1489)
-- Pretty printing unit 'temp_plsdrv_uniq_4' to file 'C:/work/S127M/PCBNo_10089/SP0565_rev00_00/SP0565/reveal_workspace/tmpreveal/temp_plsdrv_uniq_4.vhd' (VHDL-1489)
-- Pretty printing unit 'temp_plsdrv_uniq_5' to file 'C:/work/S127M/PCBNo_10089/SP0565_rev00_00/SP0565/reveal_workspace/tmpreveal/temp_plsdrv_uniq_5.vhd' (VHDL-1489)
-- Pretty printing unit 'temp_plsmod_uniq_3' to file 'C:/work/S127M/PCBNo_10089/SP0565_rev00_00/SP0565/reveal_workspace/tmpreveal/temp_plsmod_uniq_3.vhd' (VHDL-1489)
-- Pretty printing unit 'temp_plssel_uniq_3' to file 'C:/work/S127M/PCBNo_10089/SP0565_rev00_00/SP0565/reveal_workspace/tmpreveal/temp_plssel_uniq_3.vhd' (VHDL-1489)
-- Pretty printing unit 'temp_dly_2term_uniq_9' to file 'C:/work/S127M/PCBNo_10089/SP0565_rev00_00/SP0565/reveal_workspace/tmpreveal/temp_dly_2term_uniq_9.vhd' (VHDL-1489)
-- Pretty printing unit 'temp_dly_2term_uniq_10' to file 'C:/work/S127M/PCBNo_10089/SP0565_rev00_00/SP0565/reveal_workspace/tmpreveal/temp_dly_2term_uniq_10.vhd' (VHDL-1489)
-- Pretty printing unit 'temp_dly_2term_uniq_11' to file 'C:/work/S127M/PCBNo_10089/SP0565_rev00_00/SP0565/reveal_workspace/tmpreveal/temp_dly_2term_uniq_11.vhd' (VHDL-1489)
-- Pretty printing unit 'temp_dlysel_uniq_3' to file 'C:/work/S127M/PCBNo_10089/SP0565_rev00_00/SP0565/reveal_workspace/tmpreveal/temp_dlysel_uniq_3.vhd' (VHDL-1489)
-- Pretty printing unit 'temp_plsdrv_uniq_6' to file 'C:/work/S127M/PCBNo_10089/SP0565_rev00_00/SP0565/reveal_workspace/tmpreveal/temp_plsdrv_uniq_6.vhd' (VHDL-1489)
-- Pretty printing unit 'temp_plsdrv_uniq_7' to file 'C:/work/S127M/PCBNo_10089/SP0565_rev00_00/SP0565/reveal_workspace/tmpreveal/temp_plsdrv_uniq_7.vhd' (VHDL-1489)
-- Pretty printing unit 'temp_plsgen_uniq_0' to file 'C:/work/S127M/PCBNo_10089/SP0565_rev00_00/SP0565/reveal_workspace/tmpreveal/temp_plsgen_uniq_0.vhd' (VHDL-1489)
-- Pretty printing unit 'slaveid_top_uniq_0' to file 'C:/work/S127M/PCBNo_10089/SP0565_rev00_00/SP0565/reveal_workspace/tmpreveal/slaveid_top_uniq_0.vhd' (VHDL-1489)
-- Pretty printing unit 'fc_dec_uniq_3' to file 'C:/work/S127M/PCBNo_10089/SP0565_rev00_00/SP0565/reveal_workspace/tmpreveal/fc_dec_uniq_3.vhd' (VHDL-1489)
-- Pretty printing unit 'fc_sel_uniq_3' to file 'C:/work/S127M/PCBNo_10089/SP0565_rev00_00/SP0565/reveal_workspace/tmpreveal/fc_sel_uniq_3.vhd' (VHDL-1489)
-- Pretty printing unit 'slaveid_id_uniq_0' to file 'C:/work/S127M/PCBNo_10089/SP0565_rev00_00/SP0565/reveal_workspace/tmpreveal/slaveid_id_uniq_0.vhd' (VHDL-1489)
