
Loading design for application trce from file sp0565_sp0565.ncd.
Design name: SP0565
NCD version: 3.3
Vendor:      LATTICE
Device:      LFE5U-25F
Package:     CABGA256
Performance: 6
Loading device for application trce from file 'sa5p25.nph' in environment: C:/lscc/diamond/3.13/ispfpga.
Package Status:                     Final          Version 1.44.
Performance Hardware Data Status:   Final          Version 55.1.
Setup and Hold Report

--------------------------------------------------------------------------------
Lattice TRACE Report - Setup, Version Diamond (64-bit) 3.13.0.56.2
Thu Apr 09 18:28:09 2026

Copyright (c) 1991-1994 by NeoCAD Inc. All rights reserved.
Copyright (c) 1995 AT&T Corp.   All rights reserved.
Copyright (c) 1995-2001 Lucent Technologies Inc.  All rights reserved.
Copyright (c) 2001 Agere Systems   All rights reserved.
Copyright (c) 2002-2023 Lattice Semiconductor Corporation,  All rights reserved.

Report Information
------------------
Command line:    trce -v 10 -gt -sethld -sp 6 -sphld m -o SP0565_SP0565.twr -gui -msgset C:/work/S127M/PCBNo_10089/SP0565_rev00_00/promote.xml SP0565_SP0565.ncd SP0565_SP0565.prf 
Design file:     sp0565_sp0565.ncd
Preference file: sp0565_sp0565.prf
Device,speed:    LFE5U-25F,6
Report level:    verbose report, limited to 10 items per preference
--------------------------------------------------------------------------------

12 potential circuit loops found in timing analysis.
BLOCK ASYNCPATHS
BLOCK RESETPATHS
BLOCK JTAG PATHS
--------------------------------------------------------------------------------



================================================================================
Preference: FREQUENCY NET "slv_com.CLK1" 10.000000 MHz ;
            4096 items scored, 0 timing errors detected.
--------------------------------------------------------------------------------


Passed: The following path meets requirements by 6.027ns (weighted slack = 60.270ns)

 Logical Details:  Cell type  Pin type       Cell/ASIC name  (clock net +/-)

   Source:         FF         Q              slv_com/rx_com_inst/rx_cont_b2_inst/crc_check_inst/crc_error  (from slv_com.CLKCOM_OUT +)
   Destination:    FF         Data in        slv_com/slv_ctrl_top_inst/slv_rx_ctrl_inst/wren_d[23]  (to slv_com.CLK1 +)

   Delay:               4.136ns  (18.4% logic, 81.6% route), 2 logic levels.

 Constraint Details:

      4.136ns physical path delay slv_com/rx_com_inst/rx_cont_b2_inst/crc_check_inst/SLICE_912 to slv_com/slv_ctrl_top_inst/slv_rx_ctrl_inst/SLICE_1149 meets
     10.000ns delay constraint less
      0.000ns skew and
      0.000ns feedback compensation and
     -0.163ns M_SET requirement (totaling 10.163ns) by 6.027ns

 Physical Path Details:

      Data path slv_com/rx_com_inst/rx_cont_b2_inst/crc_check_inst/SLICE_912 to slv_com/slv_ctrl_top_inst/slv_rx_ctrl_inst/SLICE_1149:

   Name    Fanout   Delay (ns)          Site               Resource
REG_DEL     ---     0.525    R15C62B.CLK to     R15C62B.Q0 slv_com/rx_com_inst/rx_cont_b2_inst/crc_check_inst/SLICE_912 (from slv_com.CLKCOM_OUT)
ROUTE        13     1.693     R15C62B.Q0 to     R12C51C.A1 slv_com/CRC_ERR
CTOF_DEL    ---     0.236     R12C51C.A1 to     R12C51C.F1 slv_com/slv_ctrl_top_inst/slv_rx_ctrl_inst/SLICE_1141
ROUTE         4     1.682     R12C51C.F1 to     R11C51B.M1 slv_com/slv_ctrl_top_inst/slv_rx_ctrl_inst/wren_d_5[15] (to slv_com.CLK1)
                  --------
                    4.136   (18.4% logic, 81.6% route), 2 logic levels.

 Clock Skew Details: 

      Source Clock Path UP_CLK to slv_com/rx_com_inst/rx_cont_b2_inst/crc_check_inst/SLICE_912:

   Name    Fanout   Delay (ns)          Site               Resource
PADI_DEL    ---     1.140        M16.PAD to      M16.PADDI UP_CLK
ROUTE         1     0.383      M16.PADDI to   PLL_BR0.CLKI UP_CLK_c
CLKI2OP_DE  ---     0.000   PLL_BR0.CLKI to  PLL_BR0.CLKOP slv_com/clk_gen_inst2/PLL_inst/PLLInst_0
ROUTE       163     2.137  PLL_BR0.CLKOP to    R15C62B.CLK slv_com.CLKCOM_OUT
                  --------
                    3.660   (31.1% logic, 68.9% route), 2 logic levels.

      Source Clock f/b:

   Name    Fanout   Delay (ns)          Site               Resource
CLKFB2OP_D  ---     0.000  PLL_BR0.CLKFB to  PLL_BR0.CLKOP slv_com/clk_gen_inst2/PLL_inst/PLLInst_0
ROUTE       163     2.237  PLL_BR0.CLKOP to  PLL_BR0.CLKFB slv_com.CLKCOM_OUT
                  --------
                    2.237   (0.0% logic, 100.0% route), 1 logic levels.

      Destination Clock Path UP_CLK to slv_com/slv_ctrl_top_inst/slv_rx_ctrl_inst/SLICE_1149:

   Name    Fanout   Delay (ns)          Site               Resource
PADI_DEL    ---     1.140        M16.PAD to      M16.PADDI UP_CLK
ROUTE         1     0.383      M16.PADDI to   PLL_BR0.CLKI UP_CLK_c
CLKI2OS3_D  ---     0.000   PLL_BR0.CLKI to PLL_BR0.CLKOS3 slv_com/clk_gen_inst2/PLL_inst/PLLInst_0
ROUTE       329     2.137 PLL_BR0.CLKOS3 to    R11C51B.CLK slv_com.CLK1
                  --------
                    3.660   (31.1% logic, 68.9% route), 2 logic levels.

      Destination Clock f/b:

   Name    Fanout   Delay (ns)          Site               Resource
CLKFB2OP_D  ---     0.000  PLL_BR0.CLKFB to  PLL_BR0.CLKOP slv_com/clk_gen_inst2/PLL_inst/PLLInst_0
ROUTE       163     2.237  PLL_BR0.CLKOP to  PLL_BR0.CLKFB slv_com.CLKCOM_OUT
                  --------
                    2.237   (0.0% logic, 100.0% route), 1 logic levels.


Passed: The following path meets requirements by 6.093ns (weighted slack = 60.930ns)

 Logical Details:  Cell type  Pin type       Cell/ASIC name  (clock net +/-)

   Source:         FF         Q              slv_com/rx_com_inst/rx_cont_b2_inst/crc_check_inst/crc_error  (from slv_com.CLKCOM_OUT +)
   Destination:    FF         Data in        slv_com/slv_ctrl_top_inst/slv_rx_ctrl_inst/wren_d[18]  (to slv_com.CLK1 +)

   Delay:               4.069ns  (18.7% logic, 81.3% route), 2 logic levels.

 Constraint Details:

      4.069ns physical path delay slv_com/rx_com_inst/rx_cont_b2_inst/crc_check_inst/SLICE_912 to slv_com/slv_ctrl_top_inst/slv_rx_ctrl_inst/SLICE_1147 meets
     10.000ns delay constraint less
      0.000ns skew and
      0.000ns feedback compensation and
     -0.162ns M_SET requirement (totaling 10.162ns) by 6.093ns

 Physical Path Details:

      Data path slv_com/rx_com_inst/rx_cont_b2_inst/crc_check_inst/SLICE_912 to slv_com/slv_ctrl_top_inst/slv_rx_ctrl_inst/SLICE_1147:

   Name    Fanout   Delay (ns)          Site               Resource
REG_DEL     ---     0.525    R15C62B.CLK to     R15C62B.Q0 slv_com/rx_com_inst/rx_cont_b2_inst/crc_check_inst/SLICE_912 (from slv_com.CLKCOM_OUT)
ROUTE        13     1.937     R15C62B.Q0 to     R12C50C.A0 slv_com/CRC_ERR
CTOF_DEL    ---     0.236     R12C50C.A0 to     R12C50C.F0 slv_com/slv_ctrl_top_inst/slv_rx_ctrl_inst/SLICE_1139
ROUTE         4     1.371     R12C50C.F0 to     R10C51A.M0 slv_com/slv_ctrl_top_inst/slv_rx_ctrl_inst/wren_d_5[10] (to slv_com.CLK1)
                  --------
                    4.069   (18.7% logic, 81.3% route), 2 logic levels.

 Clock Skew Details: 

      Source Clock Path UP_CLK to slv_com/rx_com_inst/rx_cont_b2_inst/crc_check_inst/SLICE_912:

   Name    Fanout   Delay (ns)          Site               Resource
PADI_DEL    ---     1.140        M16.PAD to      M16.PADDI UP_CLK
ROUTE         1     0.383      M16.PADDI to   PLL_BR0.CLKI UP_CLK_c
CLKI2OP_DE  ---     0.000   PLL_BR0.CLKI to  PLL_BR0.CLKOP slv_com/clk_gen_inst2/PLL_inst/PLLInst_0
ROUTE       163     2.137  PLL_BR0.CLKOP to    R15C62B.CLK slv_com.CLKCOM_OUT
                  --------
                    3.660   (31.1% logic, 68.9% route), 2 logic levels.

      Source Clock f/b:

   Name    Fanout   Delay (ns)          Site               Resource
CLKFB2OP_D  ---     0.000  PLL_BR0.CLKFB to  PLL_BR0.CLKOP slv_com/clk_gen_inst2/PLL_inst/PLLInst_0
ROUTE       163     2.237  PLL_BR0.CLKOP to  PLL_BR0.CLKFB slv_com.CLKCOM_OUT
                  --------
                    2.237   (0.0% logic, 100.0% route), 1 logic levels.

      Destination Clock Path UP_CLK to slv_com/slv_ctrl_top_inst/slv_rx_ctrl_inst/SLICE_1147:

   Name    Fanout   Delay (ns)          Site               Resource
PADI_DEL    ---     1.140        M16.PAD to      M16.PADDI UP_CLK
ROUTE         1     0.383      M16.PADDI to   PLL_BR0.CLKI UP_CLK_c
CLKI2OS3_D  ---     0.000   PLL_BR0.CLKI to PLL_BR0.CLKOS3 slv_com/clk_gen_inst2/PLL_inst/PLLInst_0
ROUTE       329     2.137 PLL_BR0.CLKOS3 to    R10C51A.CLK slv_com.CLK1
                  --------
                    3.660   (31.1% logic, 68.9% route), 2 logic levels.

      Destination Clock f/b:

   Name    Fanout   Delay (ns)          Site               Resource
CLKFB2OP_D  ---     0.000  PLL_BR0.CLKFB to  PLL_BR0.CLKOP slv_com/clk_gen_inst2/PLL_inst/PLLInst_0
ROUTE       163     2.237  PLL_BR0.CLKOP to  PLL_BR0.CLKFB slv_com.CLKCOM_OUT
                  --------
                    2.237   (0.0% logic, 100.0% route), 1 logic levels.


Passed: The following path meets requirements by 6.533ns (weighted slack = 65.330ns)

 Logical Details:  Cell type  Pin type       Cell/ASIC name  (clock net +/-)

   Source:         FF         Q              slv_com/rx_com_inst/rx_cont_b2_inst/crc_check_inst/crc_error  (from slv_com.CLKCOM_OUT +)
   Destination:    FF         Data in        slv_com/slv_ctrl_top_inst/slv_rx_ctrl_inst/wren_d[27]  (to slv_com.CLK1 +)

   Delay:               3.630ns  (21.0% logic, 79.0% route), 2 logic levels.

 Constraint Details:

      3.630ns physical path delay slv_com/rx_com_inst/rx_cont_b2_inst/crc_check_inst/SLICE_912 to slv_com/slv_ctrl_top_inst/slv_rx_ctrl_inst/SLICE_1151 meets
     10.000ns delay constraint less
      0.000ns skew and
      0.000ns feedback compensation and
     -0.163ns M_SET requirement (totaling 10.163ns) by 6.533ns

 Physical Path Details:

      Data path slv_com/rx_com_inst/rx_cont_b2_inst/crc_check_inst/SLICE_912 to slv_com/slv_ctrl_top_inst/slv_rx_ctrl_inst/SLICE_1151:

   Name    Fanout   Delay (ns)          Site               Resource
REG_DEL     ---     0.525    R15C62B.CLK to     R15C62B.Q0 slv_com/rx_com_inst/rx_cont_b2_inst/crc_check_inst/SLICE_912 (from slv_com.CLKCOM_OUT)
ROUTE        13     1.937     R15C62B.Q0 to     R12C50C.A1 slv_com/CRC_ERR
CTOF_DEL    ---     0.236     R12C50C.A1 to     R12C50C.F1 slv_com/slv_ctrl_top_inst/slv_rx_ctrl_inst/SLICE_1139
ROUTE         4     0.932     R12C50C.F1 to     R11C51A.M1 slv_com/slv_ctrl_top_inst/slv_rx_ctrl_inst/wren_d_5[11] (to slv_com.CLK1)
                  --------
                    3.630   (21.0% logic, 79.0% route), 2 logic levels.

 Clock Skew Details: 

      Source Clock Path UP_CLK to slv_com/rx_com_inst/rx_cont_b2_inst/crc_check_inst/SLICE_912:

   Name    Fanout   Delay (ns)          Site               Resource
PADI_DEL    ---     1.140        M16.PAD to      M16.PADDI UP_CLK
ROUTE         1     0.383      M16.PADDI to   PLL_BR0.CLKI UP_CLK_c
CLKI2OP_DE  ---     0.000   PLL_BR0.CLKI to  PLL_BR0.CLKOP slv_com/clk_gen_inst2/PLL_inst/PLLInst_0
ROUTE       163     2.137  PLL_BR0.CLKOP to    R15C62B.CLK slv_com.CLKCOM_OUT
                  --------
                    3.660   (31.1% logic, 68.9% route), 2 logic levels.

      Source Clock f/b:

   Name    Fanout   Delay (ns)          Site               Resource
CLKFB2OP_D  ---     0.000  PLL_BR0.CLKFB to  PLL_BR0.CLKOP slv_com/clk_gen_inst2/PLL_inst/PLLInst_0
ROUTE       163     2.237  PLL_BR0.CLKOP to  PLL_BR0.CLKFB slv_com.CLKCOM_OUT
                  --------
                    2.237   (0.0% logic, 100.0% route), 1 logic levels.

      Destination Clock Path UP_CLK to slv_com/slv_ctrl_top_inst/slv_rx_ctrl_inst/SLICE_1151:

   Name    Fanout   Delay (ns)          Site               Resource
PADI_DEL    ---     1.140        M16.PAD to      M16.PADDI UP_CLK
ROUTE         1     0.383      M16.PADDI to   PLL_BR0.CLKI UP_CLK_c
CLKI2OS3_D  ---     0.000   PLL_BR0.CLKI to PLL_BR0.CLKOS3 slv_com/clk_gen_inst2/PLL_inst/PLLInst_0
ROUTE       329     2.137 PLL_BR0.CLKOS3 to    R11C51A.CLK slv_com.CLK1
                  --------
                    3.660   (31.1% logic, 68.9% route), 2 logic levels.

      Destination Clock f/b:

   Name    Fanout   Delay (ns)          Site               Resource
CLKFB2OP_D  ---     0.000  PLL_BR0.CLKFB to  PLL_BR0.CLKOP slv_com/clk_gen_inst2/PLL_inst/PLLInst_0
ROUTE       163     2.237  PLL_BR0.CLKOP to  PLL_BR0.CLKFB slv_com.CLKCOM_OUT
                  --------
                    2.237   (0.0% logic, 100.0% route), 1 logic levels.


Passed: The following path meets requirements by 6.533ns (weighted slack = 65.330ns)

 Logical Details:  Cell type  Pin type       Cell/ASIC name  (clock net +/-)

   Source:         FF         Q              slv_com/rx_com_inst/rx_cont_b2_inst/crc_check_inst/crc_error  (from slv_com.CLKCOM_OUT +)
   Destination:    FF         Data in        slv_com/slv_ctrl_top_inst/slv_rx_ctrl_inst/wren_d[19]  (to slv_com.CLK1 +)

   Delay:               3.630ns  (21.0% logic, 79.0% route), 2 logic levels.

 Constraint Details:

      3.630ns physical path delay slv_com/rx_com_inst/rx_cont_b2_inst/crc_check_inst/SLICE_912 to slv_com/slv_ctrl_top_inst/slv_rx_ctrl_inst/SLICE_1147 meets
     10.000ns delay constraint less
      0.000ns skew and
      0.000ns feedback compensation and
     -0.163ns M_SET requirement (totaling 10.163ns) by 6.533ns

 Physical Path Details:

      Data path slv_com/rx_com_inst/rx_cont_b2_inst/crc_check_inst/SLICE_912 to slv_com/slv_ctrl_top_inst/slv_rx_ctrl_inst/SLICE_1147:

   Name    Fanout   Delay (ns)          Site               Resource
REG_DEL     ---     0.525    R15C62B.CLK to     R15C62B.Q0 slv_com/rx_com_inst/rx_cont_b2_inst/crc_check_inst/SLICE_912 (from slv_com.CLKCOM_OUT)
ROUTE        13     1.937     R15C62B.Q0 to     R12C50C.A1 slv_com/CRC_ERR
CTOF_DEL    ---     0.236     R12C50C.A1 to     R12C50C.F1 slv_com/slv_ctrl_top_inst/slv_rx_ctrl_inst/SLICE_1139
ROUTE         4     0.932     R12C50C.F1 to     R10C51A.M1 slv_com/slv_ctrl_top_inst/slv_rx_ctrl_inst/wren_d_5[11] (to slv_com.CLK1)
                  --------
                    3.630   (21.0% logic, 79.0% route), 2 logic levels.

 Clock Skew Details: 

      Source Clock Path UP_CLK to slv_com/rx_com_inst/rx_cont_b2_inst/crc_check_inst/SLICE_912:

   Name    Fanout   Delay (ns)          Site               Resource
PADI_DEL    ---     1.140        M16.PAD to      M16.PADDI UP_CLK
ROUTE         1     0.383      M16.PADDI to   PLL_BR0.CLKI UP_CLK_c
CLKI2OP_DE  ---     0.000   PLL_BR0.CLKI to  PLL_BR0.CLKOP slv_com/clk_gen_inst2/PLL_inst/PLLInst_0
ROUTE       163     2.137  PLL_BR0.CLKOP to    R15C62B.CLK slv_com.CLKCOM_OUT
                  --------
                    3.660   (31.1% logic, 68.9% route), 2 logic levels.

      Source Clock f/b:

   Name    Fanout   Delay (ns)          Site               Resource
CLKFB2OP_D  ---     0.000  PLL_BR0.CLKFB to  PLL_BR0.CLKOP slv_com/clk_gen_inst2/PLL_inst/PLLInst_0
ROUTE       163     2.237  PLL_BR0.CLKOP to  PLL_BR0.CLKFB slv_com.CLKCOM_OUT
                  --------
                    2.237   (0.0% logic, 100.0% route), 1 logic levels.

      Destination Clock Path UP_CLK to slv_com/slv_ctrl_top_inst/slv_rx_ctrl_inst/SLICE_1147:

   Name    Fanout   Delay (ns)          Site               Resource
PADI_DEL    ---     1.140        M16.PAD to      M16.PADDI UP_CLK
ROUTE         1     0.383      M16.PADDI to   PLL_BR0.CLKI UP_CLK_c
CLKI2OS3_D  ---     0.000   PLL_BR0.CLKI to PLL_BR0.CLKOS3 slv_com/clk_gen_inst2/PLL_inst/PLLInst_0
ROUTE       329     2.137 PLL_BR0.CLKOS3 to    R10C51A.CLK slv_com.CLK1
                  --------
                    3.660   (31.1% logic, 68.9% route), 2 logic levels.

      Destination Clock f/b:

   Name    Fanout   Delay (ns)          Site               Resource
CLKFB2OP_D  ---     0.000  PLL_BR0.CLKFB to  PLL_BR0.CLKOP slv_com/clk_gen_inst2/PLL_inst/PLLInst_0
ROUTE       163     2.237  PLL_BR0.CLKOP to  PLL_BR0.CLKFB slv_com.CLKCOM_OUT
                  --------
                    2.237   (0.0% logic, 100.0% route), 1 logic levels.


Passed: The following path meets requirements by 6.535ns (weighted slack = 65.350ns)

 Logical Details:  Cell type  Pin type       Cell/ASIC name  (clock net +/-)

   Source:         FF         Q              slv_com/rx_com_inst/rx_cont_b2_inst/crc_check_inst/crc_error  (from slv_com.CLKCOM_OUT +)
   Destination:    FF         Data in        slv_com/slv_ctrl_top_inst/slv_rx_ctrl_inst/wren_d[26]  (to slv_com.CLK1 +)

   Delay:               3.627ns  (21.0% logic, 79.0% route), 2 logic levels.

 Constraint Details:

      3.627ns physical path delay slv_com/rx_com_inst/rx_cont_b2_inst/crc_check_inst/SLICE_912 to slv_com/slv_ctrl_top_inst/slv_rx_ctrl_inst/SLICE_1151 meets
     10.000ns delay constraint less
      0.000ns skew and
      0.000ns feedback compensation and
     -0.162ns M_SET requirement (totaling 10.162ns) by 6.535ns

 Physical Path Details:

      Data path slv_com/rx_com_inst/rx_cont_b2_inst/crc_check_inst/SLICE_912 to slv_com/slv_ctrl_top_inst/slv_rx_ctrl_inst/SLICE_1151:

   Name    Fanout   Delay (ns)          Site               Resource
REG_DEL     ---     0.525    R15C62B.CLK to     R15C62B.Q0 slv_com/rx_com_inst/rx_cont_b2_inst/crc_check_inst/SLICE_912 (from slv_com.CLKCOM_OUT)
ROUTE        13     1.937     R15C62B.Q0 to     R12C50C.A0 slv_com/CRC_ERR
CTOF_DEL    ---     0.236     R12C50C.A0 to     R12C50C.F0 slv_com/slv_ctrl_top_inst/slv_rx_ctrl_inst/SLICE_1139
ROUTE         4     0.929     R12C50C.F0 to     R11C51A.M0 slv_com/slv_ctrl_top_inst/slv_rx_ctrl_inst/wren_d_5[10] (to slv_com.CLK1)
                  --------
                    3.627   (21.0% logic, 79.0% route), 2 logic levels.

 Clock Skew Details: 

      Source Clock Path UP_CLK to slv_com/rx_com_inst/rx_cont_b2_inst/crc_check_inst/SLICE_912:

   Name    Fanout   Delay (ns)          Site               Resource
PADI_DEL    ---     1.140        M16.PAD to      M16.PADDI UP_CLK
ROUTE         1     0.383      M16.PADDI to   PLL_BR0.CLKI UP_CLK_c
CLKI2OP_DE  ---     0.000   PLL_BR0.CLKI to  PLL_BR0.CLKOP slv_com/clk_gen_inst2/PLL_inst/PLLInst_0
ROUTE       163     2.137  PLL_BR0.CLKOP to    R15C62B.CLK slv_com.CLKCOM_OUT
                  --------
                    3.660   (31.1% logic, 68.9% route), 2 logic levels.

      Source Clock f/b:

   Name    Fanout   Delay (ns)          Site               Resource
CLKFB2OP_D  ---     0.000  PLL_BR0.CLKFB to  PLL_BR0.CLKOP slv_com/clk_gen_inst2/PLL_inst/PLLInst_0
ROUTE       163     2.237  PLL_BR0.CLKOP to  PLL_BR0.CLKFB slv_com.CLKCOM_OUT
                  --------
                    2.237   (0.0% logic, 100.0% route), 1 logic levels.

      Destination Clock Path UP_CLK to slv_com/slv_ctrl_top_inst/slv_rx_ctrl_inst/SLICE_1151:

   Name    Fanout   Delay (ns)          Site               Resource
PADI_DEL    ---     1.140        M16.PAD to      M16.PADDI UP_CLK
ROUTE         1     0.383      M16.PADDI to   PLL_BR0.CLKI UP_CLK_c
CLKI2OS3_D  ---     0.000   PLL_BR0.CLKI to PLL_BR0.CLKOS3 slv_com/clk_gen_inst2/PLL_inst/PLLInst_0
ROUTE       329     2.137 PLL_BR0.CLKOS3 to    R11C51A.CLK slv_com.CLK1
                  --------
                    3.660   (31.1% logic, 68.9% route), 2 logic levels.

      Destination Clock f/b:

   Name    Fanout   Delay (ns)          Site               Resource
CLKFB2OP_D  ---     0.000  PLL_BR0.CLKFB to  PLL_BR0.CLKOP slv_com/clk_gen_inst2/PLL_inst/PLLInst_0
ROUTE       163     2.237  PLL_BR0.CLKOP to  PLL_BR0.CLKFB slv_com.CLKCOM_OUT
                  --------
                    2.237   (0.0% logic, 100.0% route), 1 logic levels.


Passed: The following path meets requirements by 6.542ns (weighted slack = 65.420ns)

 Logical Details:  Cell type  Pin type       Cell/ASIC name  (clock net +/-)

   Source:         FF         Q              slv_com/rx_com_inst/rx_cont_b2_inst/crc_check_inst/crc_error  (from slv_com.CLKCOM_OUT +)
   Destination:    FF         Data in        slv_com/slv_ctrl_top_inst/slv_rx_ctrl_inst/wren_d[15]  (to slv_com.CLK1 +)

   Delay:               3.621ns  (21.0% logic, 79.0% route), 2 logic levels.

 Constraint Details:

      3.621ns physical path delay slv_com/rx_com_inst/rx_cont_b2_inst/crc_check_inst/SLICE_912 to slv_com/slv_ctrl_top_inst/slv_rx_ctrl_inst/SLICE_1145 meets
     10.000ns delay constraint less
      0.000ns skew and
      0.000ns feedback compensation and
     -0.163ns M_SET requirement (totaling 10.163ns) by 6.542ns

 Physical Path Details:

      Data path slv_com/rx_com_inst/rx_cont_b2_inst/crc_check_inst/SLICE_912 to slv_com/slv_ctrl_top_inst/slv_rx_ctrl_inst/SLICE_1145:

   Name    Fanout   Delay (ns)          Site               Resource
REG_DEL     ---     0.525    R15C62B.CLK to     R15C62B.Q0 slv_com/rx_com_inst/rx_cont_b2_inst/crc_check_inst/SLICE_912 (from slv_com.CLKCOM_OUT)
ROUTE        13     1.693     R15C62B.Q0 to     R12C51C.A1 slv_com/CRC_ERR
CTOF_DEL    ---     0.236     R12C51C.A1 to     R12C51C.F1 slv_com/slv_ctrl_top_inst/slv_rx_ctrl_inst/SLICE_1141
ROUTE         4     1.167     R12C51C.F1 to     R10C52A.M1 slv_com/slv_ctrl_top_inst/slv_rx_ctrl_inst/wren_d_5[15] (to slv_com.CLK1)
                  --------
                    3.621   (21.0% logic, 79.0% route), 2 logic levels.

 Clock Skew Details: 

      Source Clock Path UP_CLK to slv_com/rx_com_inst/rx_cont_b2_inst/crc_check_inst/SLICE_912:

   Name    Fanout   Delay (ns)          Site               Resource
PADI_DEL    ---     1.140        M16.PAD to      M16.PADDI UP_CLK
ROUTE         1     0.383      M16.PADDI to   PLL_BR0.CLKI UP_CLK_c
CLKI2OP_DE  ---     0.000   PLL_BR0.CLKI to  PLL_BR0.CLKOP slv_com/clk_gen_inst2/PLL_inst/PLLInst_0
ROUTE       163     2.137  PLL_BR0.CLKOP to    R15C62B.CLK slv_com.CLKCOM_OUT
                  --------
                    3.660   (31.1% logic, 68.9% route), 2 logic levels.

      Source Clock f/b:

   Name    Fanout   Delay (ns)          Site               Resource
CLKFB2OP_D  ---     0.000  PLL_BR0.CLKFB to  PLL_BR0.CLKOP slv_com/clk_gen_inst2/PLL_inst/PLLInst_0
ROUTE       163     2.237  PLL_BR0.CLKOP to  PLL_BR0.CLKFB slv_com.CLKCOM_OUT
                  --------
                    2.237   (0.0% logic, 100.0% route), 1 logic levels.

      Destination Clock Path UP_CLK to slv_com/slv_ctrl_top_inst/slv_rx_ctrl_inst/SLICE_1145:

   Name    Fanout   Delay (ns)          Site               Resource
PADI_DEL    ---     1.140        M16.PAD to      M16.PADDI UP_CLK
ROUTE         1     0.383      M16.PADDI to   PLL_BR0.CLKI UP_CLK_c
CLKI2OS3_D  ---     0.000   PLL_BR0.CLKI to PLL_BR0.CLKOS3 slv_com/clk_gen_inst2/PLL_inst/PLLInst_0
ROUTE       329     2.137 PLL_BR0.CLKOS3 to    R10C52A.CLK slv_com.CLK1
                  --------
                    3.660   (31.1% logic, 68.9% route), 2 logic levels.

      Destination Clock f/b:

   Name    Fanout   Delay (ns)          Site               Resource
CLKFB2OP_D  ---     0.000  PLL_BR0.CLKFB to  PLL_BR0.CLKOP slv_com/clk_gen_inst2/PLL_inst/PLLInst_0
ROUTE       163     2.237  PLL_BR0.CLKOP to  PLL_BR0.CLKFB slv_com.CLKCOM_OUT
                  --------
                    2.237   (0.0% logic, 100.0% route), 1 logic levels.


Passed: The following path meets requirements by 6.546ns (weighted slack = 65.460ns)

 Logical Details:  Cell type  Pin type       Cell/ASIC name  (clock net +/-)

   Source:         FF         Q              slv_com/rx_com_inst/rx_cont_b2_inst/crc_check_inst/crc_error  (from slv_com.CLKCOM_OUT +)
   Destination:    FF         Data in        slv_com/slv_ctrl_top_inst/slv_rx_ctrl_inst/wren_d[13]  (to slv_com.CLK1 +)

   Delay:               3.617ns  (21.0% logic, 79.0% route), 2 logic levels.

 Constraint Details:

      3.617ns physical path delay slv_com/rx_com_inst/rx_cont_b2_inst/crc_check_inst/SLICE_912 to slv_com/slv_ctrl_top_inst/slv_rx_ctrl_inst/SLICE_1144 meets
     10.000ns delay constraint less
      0.000ns skew and
      0.000ns feedback compensation and
     -0.163ns M_SET requirement (totaling 10.163ns) by 6.546ns

 Physical Path Details:

      Data path slv_com/rx_com_inst/rx_cont_b2_inst/crc_check_inst/SLICE_912 to slv_com/slv_ctrl_top_inst/slv_rx_ctrl_inst/SLICE_1144:

   Name    Fanout   Delay (ns)          Site               Resource
REG_DEL     ---     0.525    R15C62B.CLK to     R15C62B.Q0 slv_com/rx_com_inst/rx_cont_b2_inst/crc_check_inst/SLICE_912 (from slv_com.CLKCOM_OUT)
ROUTE        13     1.693     R15C62B.Q0 to     R12C51A.A1 slv_com/CRC_ERR
CTOF_DEL    ---     0.236     R12C51A.A1 to     R12C51A.F1 slv_com/slv_ctrl_top_inst/slv_rx_ctrl_inst/SLICE_1140
ROUTE         4     1.163     R12C51A.F1 to     R10C52B.M1 slv_com/slv_ctrl_top_inst/slv_rx_ctrl_inst/wren_d_5[13] (to slv_com.CLK1)
                  --------
                    3.617   (21.0% logic, 79.0% route), 2 logic levels.

 Clock Skew Details: 

      Source Clock Path UP_CLK to slv_com/rx_com_inst/rx_cont_b2_inst/crc_check_inst/SLICE_912:

   Name    Fanout   Delay (ns)          Site               Resource
PADI_DEL    ---     1.140        M16.PAD to      M16.PADDI UP_CLK
ROUTE         1     0.383      M16.PADDI to   PLL_BR0.CLKI UP_CLK_c
CLKI2OP_DE  ---     0.000   PLL_BR0.CLKI to  PLL_BR0.CLKOP slv_com/clk_gen_inst2/PLL_inst/PLLInst_0
ROUTE       163     2.137  PLL_BR0.CLKOP to    R15C62B.CLK slv_com.CLKCOM_OUT
                  --------
                    3.660   (31.1% logic, 68.9% route), 2 logic levels.

      Source Clock f/b:

   Name    Fanout   Delay (ns)          Site               Resource
CLKFB2OP_D  ---     0.000  PLL_BR0.CLKFB to  PLL_BR0.CLKOP slv_com/clk_gen_inst2/PLL_inst/PLLInst_0
ROUTE       163     2.237  PLL_BR0.CLKOP to  PLL_BR0.CLKFB slv_com.CLKCOM_OUT
                  --------
                    2.237   (0.0% logic, 100.0% route), 1 logic levels.

      Destination Clock Path UP_CLK to slv_com/slv_ctrl_top_inst/slv_rx_ctrl_inst/SLICE_1144:

   Name    Fanout   Delay (ns)          Site               Resource
PADI_DEL    ---     1.140        M16.PAD to      M16.PADDI UP_CLK
ROUTE         1     0.383      M16.PADDI to   PLL_BR0.CLKI UP_CLK_c
CLKI2OS3_D  ---     0.000   PLL_BR0.CLKI to PLL_BR0.CLKOS3 slv_com/clk_gen_inst2/PLL_inst/PLLInst_0
ROUTE       329     2.137 PLL_BR0.CLKOS3 to    R10C52B.CLK slv_com.CLK1
                  --------
                    3.660   (31.1% logic, 68.9% route), 2 logic levels.

      Destination Clock f/b:

   Name    Fanout   Delay (ns)          Site               Resource
CLKFB2OP_D  ---     0.000  PLL_BR0.CLKFB to  PLL_BR0.CLKOP slv_com/clk_gen_inst2/PLL_inst/PLLInst_0
ROUTE       163     2.237  PLL_BR0.CLKOP to  PLL_BR0.CLKFB slv_com.CLKCOM_OUT
                  --------
                    2.237   (0.0% logic, 100.0% route), 1 logic levels.


Passed: The following path meets requirements by 6.602ns (weighted slack = 66.020ns)

 Logical Details:  Cell type  Pin type       Cell/ASIC name  (clock net +/-)

   Source:         FF         Q              slv_com/rx_com_inst/rx_cont_b2_inst/crc_check_inst/crc_error  (from slv_com.CLKCOM_OUT +)
   Destination:    FF         Data in        slv_com/slv_ctrl_top_inst/slv_rx_ctrl_inst/rst_flg  (to slv_com.CLK1 +)

   Delay:               3.525ns  (21.6% logic, 78.4% route), 2 logic levels.

 Constraint Details:

      3.525ns physical path delay slv_com/rx_com_inst/rx_cont_b2_inst/crc_check_inst/SLICE_912 to slv_com/slv_ctrl_top_inst/slv_rx_ctrl_inst/SLICE_1135 meets
     10.000ns delay constraint less
      0.000ns skew and
      0.000ns feedback compensation and
     -0.127ns CE_SET requirement (totaling 10.127ns) by 6.602ns

 Physical Path Details:

      Data path slv_com/rx_com_inst/rx_cont_b2_inst/crc_check_inst/SLICE_912 to slv_com/slv_ctrl_top_inst/slv_rx_ctrl_inst/SLICE_1135:

   Name    Fanout   Delay (ns)          Site               Resource
REG_DEL     ---     0.525    R15C62B.CLK to     R15C62B.Q0 slv_com/rx_com_inst/rx_cont_b2_inst/crc_check_inst/SLICE_912 (from slv_com.CLKCOM_OUT)
ROUTE        13     2.170     R15C62B.Q0 to     R14C50B.A0 slv_com/CRC_ERR
CTOF_DEL    ---     0.236     R14C50B.A0 to     R14C50B.F0 slv_com/slv_ctrl_top_inst/slv_rx_ctrl_inst/SLICE_3044
ROUTE         1     0.594     R14C50B.F0 to     R14C49B.CE slv_com/slv_ctrl_top_inst/slv_rx_ctrl_inst/un1_rx_empty_2_i[0] (to slv_com.CLK1)
                  --------
                    3.525   (21.6% logic, 78.4% route), 2 logic levels.

 Clock Skew Details: 

      Source Clock Path UP_CLK to slv_com/rx_com_inst/rx_cont_b2_inst/crc_check_inst/SLICE_912:

   Name    Fanout   Delay (ns)          Site               Resource
PADI_DEL    ---     1.140        M16.PAD to      M16.PADDI UP_CLK
ROUTE         1     0.383      M16.PADDI to   PLL_BR0.CLKI UP_CLK_c
CLKI2OP_DE  ---     0.000   PLL_BR0.CLKI to  PLL_BR0.CLKOP slv_com/clk_gen_inst2/PLL_inst/PLLInst_0
ROUTE       163     2.137  PLL_BR0.CLKOP to    R15C62B.CLK slv_com.CLKCOM_OUT
                  --------
                    3.660   (31.1% logic, 68.9% route), 2 logic levels.

      Source Clock f/b:

   Name    Fanout   Delay (ns)          Site               Resource
CLKFB2OP_D  ---     0.000  PLL_BR0.CLKFB to  PLL_BR0.CLKOP slv_com/clk_gen_inst2/PLL_inst/PLLInst_0
ROUTE       163     2.237  PLL_BR0.CLKOP to  PLL_BR0.CLKFB slv_com.CLKCOM_OUT
                  --------
                    2.237   (0.0% logic, 100.0% route), 1 logic levels.

      Destination Clock Path UP_CLK to slv_com/slv_ctrl_top_inst/slv_rx_ctrl_inst/SLICE_1135:

   Name    Fanout   Delay (ns)          Site               Resource
PADI_DEL    ---     1.140        M16.PAD to      M16.PADDI UP_CLK
ROUTE         1     0.383      M16.PADDI to   PLL_BR0.CLKI UP_CLK_c
CLKI2OS3_D  ---     0.000   PLL_BR0.CLKI to PLL_BR0.CLKOS3 slv_com/clk_gen_inst2/PLL_inst/PLLInst_0
ROUTE       329     2.137 PLL_BR0.CLKOS3 to    R14C49B.CLK slv_com.CLK1
                  --------
                    3.660   (31.1% logic, 68.9% route), 2 logic levels.

      Destination Clock f/b:

   Name    Fanout   Delay (ns)          Site               Resource
CLKFB2OP_D  ---     0.000  PLL_BR0.CLKFB to  PLL_BR0.CLKOP slv_com/clk_gen_inst2/PLL_inst/PLLInst_0
ROUTE       163     2.237  PLL_BR0.CLKOP to  PLL_BR0.CLKFB slv_com.CLKCOM_OUT
                  --------
                    2.237   (0.0% logic, 100.0% route), 1 logic levels.


Passed: The following path meets requirements by 6.723ns (weighted slack = 67.230ns)

 Logical Details:  Cell type  Pin type       Cell/ASIC name  (clock net +/-)

   Source:         FF         Q              slv_com/rx_com_inst/rx_cont_b2_inst/crc_check_inst/crc_error  (from slv_com.CLKCOM_OUT +)
   Destination:    FF         Data in        slv_com/slv_ctrl_top_inst/slv_rx_ctrl_inst/wren_d[17]  (to slv_com.CLK1 +)

   Delay:               3.440ns  (22.1% logic, 77.9% route), 2 logic levels.

 Constraint Details:

      3.440ns physical path delay slv_com/rx_com_inst/rx_cont_b2_inst/crc_check_inst/SLICE_912 to slv_com/slv_ctrl_top_inst/slv_rx_ctrl_inst/SLICE_1146 meets
     10.000ns delay constraint less
      0.000ns skew and
      0.000ns feedback compensation and
     -0.163ns M_SET requirement (totaling 10.163ns) by 6.723ns

 Physical Path Details:

      Data path slv_com/rx_com_inst/rx_cont_b2_inst/crc_check_inst/SLICE_912 to slv_com/slv_ctrl_top_inst/slv_rx_ctrl_inst/SLICE_1146:

   Name    Fanout   Delay (ns)          Site               Resource
REG_DEL     ---     0.525    R15C62B.CLK to     R15C62B.Q0 slv_com/rx_com_inst/rx_cont_b2_inst/crc_check_inst/SLICE_912 (from slv_com.CLKCOM_OUT)
ROUTE        13     1.693     R15C62B.Q0 to     R12C52C.A1 slv_com/CRC_ERR
CTOF_DEL    ---     0.236     R12C52C.A1 to     R12C52C.F1 slv_com/slv_ctrl_top_inst/slv_rx_ctrl_inst/SLICE_1138
ROUTE         4     0.986     R12C52C.F1 to     R10C51B.M1 slv_com/slv_ctrl_top_inst/slv_rx_ctrl_inst/wren_d_5[9] (to slv_com.CLK1)
                  --------
                    3.440   (22.1% logic, 77.9% route), 2 logic levels.

 Clock Skew Details: 

      Source Clock Path UP_CLK to slv_com/rx_com_inst/rx_cont_b2_inst/crc_check_inst/SLICE_912:

   Name    Fanout   Delay (ns)          Site               Resource
PADI_DEL    ---     1.140        M16.PAD to      M16.PADDI UP_CLK
ROUTE         1     0.383      M16.PADDI to   PLL_BR0.CLKI UP_CLK_c
CLKI2OP_DE  ---     0.000   PLL_BR0.CLKI to  PLL_BR0.CLKOP slv_com/clk_gen_inst2/PLL_inst/PLLInst_0
ROUTE       163     2.137  PLL_BR0.CLKOP to    R15C62B.CLK slv_com.CLKCOM_OUT
                  --------
                    3.660   (31.1% logic, 68.9% route), 2 logic levels.

      Source Clock f/b:

   Name    Fanout   Delay (ns)          Site               Resource
CLKFB2OP_D  ---     0.000  PLL_BR0.CLKFB to  PLL_BR0.CLKOP slv_com/clk_gen_inst2/PLL_inst/PLLInst_0
ROUTE       163     2.237  PLL_BR0.CLKOP to  PLL_BR0.CLKFB slv_com.CLKCOM_OUT
                  --------
                    2.237   (0.0% logic, 100.0% route), 1 logic levels.

      Destination Clock Path UP_CLK to slv_com/slv_ctrl_top_inst/slv_rx_ctrl_inst/SLICE_1146:

   Name    Fanout   Delay (ns)          Site               Resource
PADI_DEL    ---     1.140        M16.PAD to      M16.PADDI UP_CLK
ROUTE         1     0.383      M16.PADDI to   PLL_BR0.CLKI UP_CLK_c
CLKI2OS3_D  ---     0.000   PLL_BR0.CLKI to PLL_BR0.CLKOS3 slv_com/clk_gen_inst2/PLL_inst/PLLInst_0
ROUTE       329     2.137 PLL_BR0.CLKOS3 to    R10C51B.CLK slv_com.CLK1
                  --------
                    3.660   (31.1% logic, 68.9% route), 2 logic levels.

      Destination Clock f/b:

   Name    Fanout   Delay (ns)          Site               Resource
CLKFB2OP_D  ---     0.000  PLL_BR0.CLKFB to  PLL_BR0.CLKOP slv_com/clk_gen_inst2/PLL_inst/PLLInst_0
ROUTE       163     2.237  PLL_BR0.CLKOP to  PLL_BR0.CLKFB slv_com.CLKCOM_OUT
                  --------
                    2.237   (0.0% logic, 100.0% route), 1 logic levels.


Passed: The following path meets requirements by 6.723ns (weighted slack = 67.230ns)

 Logical Details:  Cell type  Pin type       Cell/ASIC name  (clock net +/-)

   Source:         FF         Q              slv_com/rx_com_inst/rx_cont_b2_inst/crc_check_inst/crc_error  (from slv_com.CLKCOM_OUT +)
   Destination:    FF         Data in        slv_com/slv_ctrl_top_inst/slv_rx_ctrl_inst/wren_d[9]  (to slv_com.CLK1 +)

   Delay:               3.440ns  (22.1% logic, 77.9% route), 2 logic levels.

 Constraint Details:

      3.440ns physical path delay slv_com/rx_com_inst/rx_cont_b2_inst/crc_check_inst/SLICE_912 to slv_com/slv_ctrl_top_inst/slv_rx_ctrl_inst/SLICE_1142 meets
     10.000ns delay constraint less
      0.000ns skew and
      0.000ns feedback compensation and
     -0.163ns M_SET requirement (totaling 10.163ns) by 6.723ns

 Physical Path Details:

      Data path slv_com/rx_com_inst/rx_cont_b2_inst/crc_check_inst/SLICE_912 to slv_com/slv_ctrl_top_inst/slv_rx_ctrl_inst/SLICE_1142:

   Name    Fanout   Delay (ns)          Site               Resource
REG_DEL     ---     0.525    R15C62B.CLK to     R15C62B.Q0 slv_com/rx_com_inst/rx_cont_b2_inst/crc_check_inst/SLICE_912 (from slv_com.CLKCOM_OUT)
ROUTE        13     1.693     R15C62B.Q0 to     R12C52C.A1 slv_com/CRC_ERR
CTOF_DEL    ---     0.236     R12C52C.A1 to     R12C52C.F1 slv_com/slv_ctrl_top_inst/slv_rx_ctrl_inst/SLICE_1138
ROUTE         4     0.986     R12C52C.F1 to     R10C50B.M1 slv_com/slv_ctrl_top_inst/slv_rx_ctrl_inst/wren_d_5[9] (to slv_com.CLK1)
                  --------
                    3.440   (22.1% logic, 77.9% route), 2 logic levels.

 Clock Skew Details: 

      Source Clock Path UP_CLK to slv_com/rx_com_inst/rx_cont_b2_inst/crc_check_inst/SLICE_912:

   Name    Fanout   Delay (ns)          Site               Resource
PADI_DEL    ---     1.140        M16.PAD to      M16.PADDI UP_CLK
ROUTE         1     0.383      M16.PADDI to   PLL_BR0.CLKI UP_CLK_c
CLKI2OP_DE  ---     0.000   PLL_BR0.CLKI to  PLL_BR0.CLKOP slv_com/clk_gen_inst2/PLL_inst/PLLInst_0
ROUTE       163     2.137  PLL_BR0.CLKOP to    R15C62B.CLK slv_com.CLKCOM_OUT
                  --------
                    3.660   (31.1% logic, 68.9% route), 2 logic levels.

      Source Clock f/b:

   Name    Fanout   Delay (ns)          Site               Resource
CLKFB2OP_D  ---     0.000  PLL_BR0.CLKFB to  PLL_BR0.CLKOP slv_com/clk_gen_inst2/PLL_inst/PLLInst_0
ROUTE       163     2.237  PLL_BR0.CLKOP to  PLL_BR0.CLKFB slv_com.CLKCOM_OUT
                  --------
                    2.237   (0.0% logic, 100.0% route), 1 logic levels.

      Destination Clock Path UP_CLK to slv_com/slv_ctrl_top_inst/slv_rx_ctrl_inst/SLICE_1142:

   Name    Fanout   Delay (ns)          Site               Resource
PADI_DEL    ---     1.140        M16.PAD to      M16.PADDI UP_CLK
ROUTE         1     0.383      M16.PADDI to   PLL_BR0.CLKI UP_CLK_c
CLKI2OS3_D  ---     0.000   PLL_BR0.CLKI to PLL_BR0.CLKOS3 slv_com/clk_gen_inst2/PLL_inst/PLLInst_0
ROUTE       329     2.137 PLL_BR0.CLKOS3 to    R10C50B.CLK slv_com.CLK1
                  --------
                    3.660   (31.1% logic, 68.9% route), 2 logic levels.

      Destination Clock f/b:

   Name    Fanout   Delay (ns)          Site               Resource
CLKFB2OP_D  ---     0.000  PLL_BR0.CLKFB to  PLL_BR0.CLKOP slv_com/clk_gen_inst2/PLL_inst/PLLInst_0
ROUTE       163     2.237  PLL_BR0.CLKOP to  PLL_BR0.CLKFB slv_com.CLKCOM_OUT
                  --------
                    2.237   (0.0% logic, 100.0% route), 1 logic levels.

Report:   25.170MHz is the maximum frequency for this preference.


================================================================================
Preference: FREQUENCY NET "s_PLL_CLK20M" 20.000000 MHz ;
            4096 items scored, 0 timing errors detected.
--------------------------------------------------------------------------------


Passed: The following path meets requirements by 36.524ns

 Logical Details:  Cell type  Pin type       Cell/ASIC name  (clock net +/-)

   Source:         FF         Q              slv_com/slv_ctrl_top_inst/slv_rx_ctrl_inst/LRSTb  (from slv_com.CLK1 +)
   Destination:    FF         Data in        ENC_inst/\enc_func(1).enc_top_inst\/U_enc_lmt/s_encerr[12]  (to s_PLL_CLK20M +)

   Delay:              13.736ns  (29.4% logic, 70.6% route), 15 logic levels.

 Constraint Details:

     13.736ns physical path delay slv_com/slv_ctrl_top_inst/slv_rx_ctrl_inst/SLICE_833 to ENC_inst/\enc_func(1).enc_top_inst\/U_enc_lmt/SLICE_507 meets
     50.000ns delay constraint less
      0.000ns skew and
      0.000ns feedback compensation and
     -0.260ns DIN_SET requirement (totaling 50.260ns) by 36.524ns

 Physical Path Details:

      Data path slv_com/slv_ctrl_top_inst/slv_rx_ctrl_inst/SLICE_833 to ENC_inst/\enc_func(1).enc_top_inst\/U_enc_lmt/SLICE_507:

   Name    Fanout   Delay (ns)          Site               Resource
REG_DEL     ---     0.525    R14C50A.CLK to     R14C50A.Q0 slv_com/slv_ctrl_top_inst/slv_rx_ctrl_inst/SLICE_833 (from slv_com.CLK1)
ROUTE        43     2.482     R14C50A.Q0 to     R33C40B.B0 s_LRSTb
CTOF_DEL    ---     0.236     R33C40B.B0 to     R33C40B.F0 ENC_inst/\enc_func(1).enc_top_inst\/encoder_inst/SLICE_1994
ROUTE         5     1.052     R33C40B.F0 to     R32C40C.C0 ENC_inst/\enc_func(1).enc_top_inst\/encoder_inst/un1_lrstb_1
CTOF_DEL    ---     0.236     R32C40C.C0 to     R32C40C.F0 ENC_inst/\enc_func(1).enc_top_inst\/encoder_inst/SLICE_1997
ROUTE         2     0.388     R32C40C.F0 to     R32C40C.C1 ENC_inst/\enc_func(1).enc_top_inst\/encoder_inst/ctrl_3
CTOF_DEL    ---     0.236     R32C40C.C1 to     R32C40C.F1 ENC_inst/\enc_func(1).enc_top_inst\/encoder_inst/SLICE_1997
ROUTE         4     1.031     R32C40C.F1 to     R31C39D.B1 ENC_inst/\enc_func(1).enc_top_inst\/encoder_inst/s_ph_a_fast
CTOF_DEL    ---     0.236     R31C39D.B1 to     R31C39D.F1 ENC_inst/\enc_func(1).enc_top_inst\/encoder_inst/SLICE_2365
ROUTE        20     1.429     R31C39D.F1 to     R31C38A.C0 ENC_inst/\enc_func(1).enc_top_inst\/CNT_UP_0
CTOF_DEL    ---     0.236     R31C38A.C0 to     R31C38A.F0 ENC_inst/\enc_func(1).enc_top_inst\/encoder_inst/SLICE_2371
ROUTE        16     1.519     R31C38A.F0 to     R28C36A.A1 ENC_inst/\enc_func(1).enc_top_inst\/N_9764
C1TOFCO_DE  ---     0.447     R28C36A.A1 to    R28C36A.FCO ENC_inst/\enc_func(1).enc_top_inst\/U_enc_lmt/SLICE_200
ROUTE         1     0.000    R28C36A.FCO to    R28C36B.FCI ENC_inst/\enc_func(1).enc_top_inst\/U_enc_lmt/un1_s_encerr_1_0_4_cry_0
FCITOFCO_D  ---     0.071    R28C36B.FCI to    R28C36B.FCO ENC_inst/\enc_func(1).enc_top_inst\/U_enc_lmt/SLICE_201
ROUTE         1     0.000    R28C36B.FCO to    R28C36C.FCI ENC_inst/\enc_func(1).enc_top_inst\/U_enc_lmt/un1_s_encerr_1_0_4_cry_2
FCITOFCO_D  ---     0.071    R28C36C.FCI to    R28C36C.FCO ENC_inst/\enc_func(1).enc_top_inst\/U_enc_lmt/SLICE_202
ROUTE         1     0.000    R28C36C.FCO to    R28C36D.FCI ENC_inst/\enc_func(1).enc_top_inst\/U_enc_lmt/un1_s_encerr_1_0_4_cry_4
FCITOF0_DE  ---     0.443    R28C36D.FCI to     R28C36D.F0 ENC_inst/\enc_func(1).enc_top_inst\/U_enc_lmt/SLICE_203
ROUTE         1     1.021     R28C36D.F0 to     R29C36D.A0 ENC_inst/\enc_func(1).enc_top_inst\/U_enc_lmt/un1_s_encerr_1_0_4[5]
C0TOFCO_DE  ---     0.447     R29C36D.A0 to    R29C36D.FCO ENC_inst/\enc_func(1).enc_top_inst\/U_enc_lmt/SLICE_187
ROUTE         1     0.000    R29C36D.FCO to    R29C37A.FCI ENC_inst/\enc_func(1).enc_top_inst\/U_enc_lmt/un1_s_encerr_1_0_cry_6
FCITOFCO_D  ---     0.071    R29C37A.FCI to    R29C37A.FCO ENC_inst/\enc_func(1).enc_top_inst\/U_enc_lmt/SLICE_188
ROUTE         1     0.000    R29C37A.FCO to    R29C37B.FCI ENC_inst/\enc_func(1).enc_top_inst\/U_enc_lmt/un1_s_encerr_1_0_cry_8
FCITOFCO_D  ---     0.071    R29C37B.FCI to    R29C37B.FCO ENC_inst/\enc_func(1).enc_top_inst\/U_enc_lmt/SLICE_189
ROUTE         1     0.000    R29C37B.FCO to    R29C37C.FCI ENC_inst/\enc_func(1).enc_top_inst\/U_enc_lmt/un1_s_encerr_1_0_cry_10
FCITOF1_DE  ---     0.474    R29C37C.FCI to     R29C37C.F1 ENC_inst/\enc_func(1).enc_top_inst\/U_enc_lmt/SLICE_190
ROUTE         1     0.778     R29C37C.F1 to     R31C37D.B0 ENC_inst/\enc_func(1).enc_top_inst\/U_enc_lmt/un1_s_encerr_1_0_cry_11_0_S1
CTOF_DEL    ---     0.236     R31C37D.B0 to     R31C37D.F0 ENC_inst/\enc_func(1).enc_top_inst\/U_enc_lmt/SLICE_507
ROUTE         1     0.000     R31C37D.F0 to    R31C37D.DI0 ENC_inst/\enc_func(1).enc_top_inst\/U_enc_lmt/s_encerr_5[12] (to s_PLL_CLK20M)
                  --------
                   13.736   (29.4% logic, 70.6% route), 15 logic levels.

 Clock Skew Details: 

      Source Clock Path UP_CLK to slv_com/slv_ctrl_top_inst/slv_rx_ctrl_inst/SLICE_833:

   Name    Fanout   Delay (ns)          Site               Resource
PADI_DEL    ---     1.140        M16.PAD to      M16.PADDI UP_CLK
ROUTE         1     0.383      M16.PADDI to   PLL_BR0.CLKI UP_CLK_c
CLKI2OS3_D  ---     0.000   PLL_BR0.CLKI to PLL_BR0.CLKOS3 slv_com/clk_gen_inst2/PLL_inst/PLLInst_0
ROUTE       329     2.137 PLL_BR0.CLKOS3 to    R14C50A.CLK slv_com.CLK1
                  --------
                    3.660   (31.1% logic, 68.9% route), 2 logic levels.

      Source Clock f/b:

   Name    Fanout   Delay (ns)          Site               Resource
CLKFB2OP_D  ---     0.000  PLL_BR0.CLKFB to  PLL_BR0.CLKOP slv_com/clk_gen_inst2/PLL_inst/PLLInst_0
ROUTE       163     2.237  PLL_BR0.CLKOP to  PLL_BR0.CLKFB slv_com.CLKCOM_OUT
                  --------
                    2.237   (0.0% logic, 100.0% route), 1 logic levels.

      Destination Clock Path UP_CLK to ENC_inst/\enc_func(1).enc_top_inst\/U_enc_lmt/SLICE_507:

   Name    Fanout   Delay (ns)          Site               Resource
PADI_DEL    ---     1.140        M16.PAD to      M16.PADDI UP_CLK
ROUTE         1     0.383      M16.PADDI to   PLL_BR0.CLKI UP_CLK_c
CLKI2OS2_D  ---     0.000   PLL_BR0.CLKI to PLL_BR0.CLKOS2 slv_com/clk_gen_inst2/PLL_inst/PLLInst_0
ROUTE       922     2.137 PLL_BR0.CLKOS2 to    R31C37D.CLK s_PLL_CLK20M
                  --------
                    3.660   (31.1% logic, 68.9% route), 2 logic levels.

      Destination Clock f/b:

   Name    Fanout   Delay (ns)          Site               Resource
CLKFB2OP_D  ---     0.000  PLL_BR0.CLKFB to  PLL_BR0.CLKOP slv_com/clk_gen_inst2/PLL_inst/PLLInst_0
ROUTE       163     2.237  PLL_BR0.CLKOP to  PLL_BR0.CLKFB slv_com.CLKCOM_OUT
                  --------
                    2.237   (0.0% logic, 100.0% route), 1 logic levels.


Passed: The following path meets requirements by 36.576ns

 Logical Details:  Cell type  Pin type       Cell/ASIC name  (clock net +/-)

   Source:         FF         Q              slv_com/slv_ctrl_top_inst/slv_rx_ctrl_inst/LRSTb  (from slv_com.CLK1 +)
   Destination:    FF         Data in        ENC_inst/\enc_func(1).enc_top_inst\/U_enc_lmt/s_encerr[12]  (to s_PLL_CLK20M +)

   Delay:              13.684ns  (29.5% logic, 70.5% route), 15 logic levels.

 Constraint Details:

     13.684ns physical path delay slv_com/slv_ctrl_top_inst/slv_rx_ctrl_inst/SLICE_833 to ENC_inst/\enc_func(1).enc_top_inst\/U_enc_lmt/SLICE_507 meets
     50.000ns delay constraint less
      0.000ns skew and
      0.000ns feedback compensation and
     -0.260ns DIN_SET requirement (totaling 50.260ns) by 36.576ns

 Physical Path Details:

      Data path slv_com/slv_ctrl_top_inst/slv_rx_ctrl_inst/SLICE_833 to ENC_inst/\enc_func(1).enc_top_inst\/U_enc_lmt/SLICE_507:

   Name    Fanout   Delay (ns)          Site               Resource
REG_DEL     ---     0.525    R14C50A.CLK to     R14C50A.Q0 slv_com/slv_ctrl_top_inst/slv_rx_ctrl_inst/SLICE_833 (from slv_com.CLK1)
ROUTE        43     2.482     R14C50A.Q0 to     R33C40B.B0 s_LRSTb
CTOF_DEL    ---     0.236     R33C40B.B0 to     R33C40B.F0 ENC_inst/\enc_func(1).enc_top_inst\/encoder_inst/SLICE_1994
ROUTE         5     1.052     R33C40B.F0 to     R32C40C.C0 ENC_inst/\enc_func(1).enc_top_inst\/encoder_inst/un1_lrstb_1
CTOF_DEL    ---     0.236     R32C40C.C0 to     R32C40C.F0 ENC_inst/\enc_func(1).enc_top_inst\/encoder_inst/SLICE_1997
ROUTE         2     0.388     R32C40C.F0 to     R32C40C.C1 ENC_inst/\enc_func(1).enc_top_inst\/encoder_inst/ctrl_3
CTOF_DEL    ---     0.236     R32C40C.C1 to     R32C40C.F1 ENC_inst/\enc_func(1).enc_top_inst\/encoder_inst/SLICE_1997
ROUTE         4     1.031     R32C40C.F1 to     R31C39D.B1 ENC_inst/\enc_func(1).enc_top_inst\/encoder_inst/s_ph_a_fast
CTOF_DEL    ---     0.236     R31C39D.B1 to     R31C39D.F1 ENC_inst/\enc_func(1).enc_top_inst\/encoder_inst/SLICE_2365
ROUTE        20     1.429     R31C39D.F1 to     R31C38A.C0 ENC_inst/\enc_func(1).enc_top_inst\/CNT_UP_0
CTOF_DEL    ---     0.236     R31C38A.C0 to     R31C38A.F0 ENC_inst/\enc_func(1).enc_top_inst\/encoder_inst/SLICE_2371
ROUTE        16     1.519     R31C38A.F0 to     R28C36A.A1 ENC_inst/\enc_func(1).enc_top_inst\/N_9764
C1TOFCO_DE  ---     0.447     R28C36A.A1 to    R28C36A.FCO ENC_inst/\enc_func(1).enc_top_inst\/U_enc_lmt/SLICE_200
ROUTE         1     0.000    R28C36A.FCO to    R28C36B.FCI ENC_inst/\enc_func(1).enc_top_inst\/U_enc_lmt/un1_s_encerr_1_0_4_cry_0
FCITOF0_DE  ---     0.443    R28C36B.FCI to     R28C36B.F0 ENC_inst/\enc_func(1).enc_top_inst\/U_enc_lmt/SLICE_201
ROUTE         1     0.969     R28C36B.F0 to     R29C36B.A0 ENC_inst/\enc_func(1).enc_top_inst\/U_enc_lmt/un1_s_encerr_1_0_4[1]
C0TOFCO_DE  ---     0.447     R29C36B.A0 to    R29C36B.FCO ENC_inst/\enc_func(1).enc_top_inst\/U_enc_lmt/SLICE_185
ROUTE         1     0.000    R29C36B.FCO to    R29C36C.FCI ENC_inst/\enc_func(1).enc_top_inst\/U_enc_lmt/un1_s_encerr_1_0_cry_2
FCITOFCO_D  ---     0.071    R29C36C.FCI to    R29C36C.FCO ENC_inst/\enc_func(1).enc_top_inst\/U_enc_lmt/SLICE_186
ROUTE         1     0.000    R29C36C.FCO to    R29C36D.FCI ENC_inst/\enc_func(1).enc_top_inst\/U_enc_lmt/un1_s_encerr_1_0_cry_4
FCITOFCO_D  ---     0.071    R29C36D.FCI to    R29C36D.FCO ENC_inst/\enc_func(1).enc_top_inst\/U_enc_lmt/SLICE_187
ROUTE         1     0.000    R29C36D.FCO to    R29C37A.FCI ENC_inst/\enc_func(1).enc_top_inst\/U_enc_lmt/un1_s_encerr_1_0_cry_6
FCITOFCO_D  ---     0.071    R29C37A.FCI to    R29C37A.FCO ENC_inst/\enc_func(1).enc_top_inst\/U_enc_lmt/SLICE_188
ROUTE         1     0.000    R29C37A.FCO to    R29C37B.FCI ENC_inst/\enc_func(1).enc_top_inst\/U_enc_lmt/un1_s_encerr_1_0_cry_8
FCITOFCO_D  ---     0.071    R29C37B.FCI to    R29C37B.FCO ENC_inst/\enc_func(1).enc_top_inst\/U_enc_lmt/SLICE_189
ROUTE         1     0.000    R29C37B.FCO to    R29C37C.FCI ENC_inst/\enc_func(1).enc_top_inst\/U_enc_lmt/un1_s_encerr_1_0_cry_10
FCITOF1_DE  ---     0.474    R29C37C.FCI to     R29C37C.F1 ENC_inst/\enc_func(1).enc_top_inst\/U_enc_lmt/SLICE_190
ROUTE         1     0.778     R29C37C.F1 to     R31C37D.B0 ENC_inst/\enc_func(1).enc_top_inst\/U_enc_lmt/un1_s_encerr_1_0_cry_11_0_S1
CTOF_DEL    ---     0.236     R31C37D.B0 to     R31C37D.F0 ENC_inst/\enc_func(1).enc_top_inst\/U_enc_lmt/SLICE_507
ROUTE         1     0.000     R31C37D.F0 to    R31C37D.DI0 ENC_inst/\enc_func(1).enc_top_inst\/U_enc_lmt/s_encerr_5[12] (to s_PLL_CLK20M)
                  --------
                   13.684   (29.5% logic, 70.5% route), 15 logic levels.

 Clock Skew Details: 

      Source Clock Path UP_CLK to slv_com/slv_ctrl_top_inst/slv_rx_ctrl_inst/SLICE_833:

   Name    Fanout   Delay (ns)          Site               Resource
PADI_DEL    ---     1.140        M16.PAD to      M16.PADDI UP_CLK
ROUTE         1     0.383      M16.PADDI to   PLL_BR0.CLKI UP_CLK_c
CLKI2OS3_D  ---     0.000   PLL_BR0.CLKI to PLL_BR0.CLKOS3 slv_com/clk_gen_inst2/PLL_inst/PLLInst_0
ROUTE       329     2.137 PLL_BR0.CLKOS3 to    R14C50A.CLK slv_com.CLK1
                  --------
                    3.660   (31.1% logic, 68.9% route), 2 logic levels.

      Source Clock f/b:

   Name    Fanout   Delay (ns)          Site               Resource
CLKFB2OP_D  ---     0.000  PLL_BR0.CLKFB to  PLL_BR0.CLKOP slv_com/clk_gen_inst2/PLL_inst/PLLInst_0
ROUTE       163     2.237  PLL_BR0.CLKOP to  PLL_BR0.CLKFB slv_com.CLKCOM_OUT
                  --------
                    2.237   (0.0% logic, 100.0% route), 1 logic levels.

      Destination Clock Path UP_CLK to ENC_inst/\enc_func(1).enc_top_inst\/U_enc_lmt/SLICE_507:

   Name    Fanout   Delay (ns)          Site               Resource
PADI_DEL    ---     1.140        M16.PAD to      M16.PADDI UP_CLK
ROUTE         1     0.383      M16.PADDI to   PLL_BR0.CLKI UP_CLK_c
CLKI2OS2_D  ---     0.000   PLL_BR0.CLKI to PLL_BR0.CLKOS2 slv_com/clk_gen_inst2/PLL_inst/PLLInst_0
ROUTE       922     2.137 PLL_BR0.CLKOS2 to    R31C37D.CLK s_PLL_CLK20M
                  --------
                    3.660   (31.1% logic, 68.9% route), 2 logic levels.

      Destination Clock f/b:

   Name    Fanout   Delay (ns)          Site               Resource
CLKFB2OP_D  ---     0.000  PLL_BR0.CLKFB to  PLL_BR0.CLKOP slv_com/clk_gen_inst2/PLL_inst/PLLInst_0
ROUTE       163     2.237  PLL_BR0.CLKOP to  PLL_BR0.CLKFB slv_com.CLKCOM_OUT
                  --------
                    2.237   (0.0% logic, 100.0% route), 1 logic levels.


Passed: The following path meets requirements by 36.576ns

 Logical Details:  Cell type  Pin type       Cell/ASIC name  (clock net +/-)

   Source:         FF         Q              slv_com/slv_ctrl_top_inst/slv_rx_ctrl_inst/LRSTb  (from slv_com.CLK1 +)
   Destination:    FF         Data in        ENC_inst/\enc_func(1).enc_top_inst\/U_enc_lmt/s_encerr[12]  (to s_PLL_CLK20M +)

   Delay:              13.684ns  (29.5% logic, 70.5% route), 15 logic levels.

 Constraint Details:

     13.684ns physical path delay slv_com/slv_ctrl_top_inst/slv_rx_ctrl_inst/SLICE_833 to ENC_inst/\enc_func(1).enc_top_inst\/U_enc_lmt/SLICE_507 meets
     50.000ns delay constraint less
      0.000ns skew and
      0.000ns feedback compensation and
     -0.260ns DIN_SET requirement (totaling 50.260ns) by 36.576ns

 Physical Path Details:

      Data path slv_com/slv_ctrl_top_inst/slv_rx_ctrl_inst/SLICE_833 to ENC_inst/\enc_func(1).enc_top_inst\/U_enc_lmt/SLICE_507:

   Name    Fanout   Delay (ns)          Site               Resource
REG_DEL     ---     0.525    R14C50A.CLK to     R14C50A.Q0 slv_com/slv_ctrl_top_inst/slv_rx_ctrl_inst/SLICE_833 (from slv_com.CLK1)
ROUTE        43     2.482     R14C50A.Q0 to     R33C40B.B0 s_LRSTb
CTOF_DEL    ---     0.236     R33C40B.B0 to     R33C40B.F0 ENC_inst/\enc_func(1).enc_top_inst\/encoder_inst/SLICE_1994
ROUTE         5     1.052     R33C40B.F0 to     R32C40C.C0 ENC_inst/\enc_func(1).enc_top_inst\/encoder_inst/un1_lrstb_1
CTOF_DEL    ---     0.236     R32C40C.C0 to     R32C40C.F0 ENC_inst/\enc_func(1).enc_top_inst\/encoder_inst/SLICE_1997
ROUTE         2     0.388     R32C40C.F0 to     R32C40C.C1 ENC_inst/\enc_func(1).enc_top_inst\/encoder_inst/ctrl_3
CTOF_DEL    ---     0.236     R32C40C.C1 to     R32C40C.F1 ENC_inst/\enc_func(1).enc_top_inst\/encoder_inst/SLICE_1997
ROUTE         4     1.031     R32C40C.F1 to     R31C39D.B1 ENC_inst/\enc_func(1).enc_top_inst\/encoder_inst/s_ph_a_fast
CTOF_DEL    ---     0.236     R31C39D.B1 to     R31C39D.F1 ENC_inst/\enc_func(1).enc_top_inst\/encoder_inst/SLICE_2365
ROUTE        20     1.429     R31C39D.F1 to     R31C38A.C0 ENC_inst/\enc_func(1).enc_top_inst\/CNT_UP_0
CTOF_DEL    ---     0.236     R31C38A.C0 to     R31C38A.F0 ENC_inst/\enc_func(1).enc_top_inst\/encoder_inst/SLICE_2371
ROUTE        16     1.519     R31C38A.F0 to     R28C36A.A1 ENC_inst/\enc_func(1).enc_top_inst\/N_9764
C1TOFCO_DE  ---     0.447     R28C36A.A1 to    R28C36A.FCO ENC_inst/\enc_func(1).enc_top_inst\/U_enc_lmt/SLICE_200
ROUTE         1     0.000    R28C36A.FCO to    R28C36B.FCI ENC_inst/\enc_func(1).enc_top_inst\/U_enc_lmt/un1_s_encerr_1_0_4_cry_0
FCITOFCO_D  ---     0.071    R28C36B.FCI to    R28C36B.FCO ENC_inst/\enc_func(1).enc_top_inst\/U_enc_lmt/SLICE_201
ROUTE         1     0.000    R28C36B.FCO to    R28C36C.FCI ENC_inst/\enc_func(1).enc_top_inst\/U_enc_lmt/un1_s_encerr_1_0_4_cry_2
FCITOFCO_D  ---     0.071    R28C36C.FCI to    R28C36C.FCO ENC_inst/\enc_func(1).enc_top_inst\/U_enc_lmt/SLICE_202
ROUTE         1     0.000    R28C36C.FCO to    R28C36D.FCI ENC_inst/\enc_func(1).enc_top_inst\/U_enc_lmt/un1_s_encerr_1_0_4_cry_4
FCITOFCO_D  ---     0.071    R28C36D.FCI to    R28C36D.FCO ENC_inst/\enc_func(1).enc_top_inst\/U_enc_lmt/SLICE_203
ROUTE         1     0.000    R28C36D.FCO to    R28C37A.FCI ENC_inst/\enc_func(1).enc_top_inst\/U_enc_lmt/un1_s_encerr_1_0_4_cry_6
FCITOFCO_D  ---     0.071    R28C37A.FCI to    R28C37A.FCO ENC_inst/\enc_func(1).enc_top_inst\/U_enc_lmt/SLICE_204
ROUTE         1     0.000    R28C37A.FCO to    R28C37B.FCI ENC_inst/\enc_func(1).enc_top_inst\/U_enc_lmt/un1_s_encerr_1_0_4_cry_8
FCITOF0_DE  ---     0.443    R28C37B.FCI to     R28C37B.F0 ENC_inst/\enc_func(1).enc_top_inst\/U_enc_lmt/SLICE_205
ROUTE         1     0.969     R28C37B.F0 to     R29C37B.A0 ENC_inst/\enc_func(1).enc_top_inst\/U_enc_lmt/un1_s_encerr_1_0_4[9]
C0TOFCO_DE  ---     0.447     R29C37B.A0 to    R29C37B.FCO ENC_inst/\enc_func(1).enc_top_inst\/U_enc_lmt/SLICE_189
ROUTE         1     0.000    R29C37B.FCO to    R29C37C.FCI ENC_inst/\enc_func(1).enc_top_inst\/U_enc_lmt/un1_s_encerr_1_0_cry_10
FCITOF1_DE  ---     0.474    R29C37C.FCI to     R29C37C.F1 ENC_inst/\enc_func(1).enc_top_inst\/U_enc_lmt/SLICE_190
ROUTE         1     0.778     R29C37C.F1 to     R31C37D.B0 ENC_inst/\enc_func(1).enc_top_inst\/U_enc_lmt/un1_s_encerr_1_0_cry_11_0_S1
CTOF_DEL    ---     0.236     R31C37D.B0 to     R31C37D.F0 ENC_inst/\enc_func(1).enc_top_inst\/U_enc_lmt/SLICE_507
ROUTE         1     0.000     R31C37D.F0 to    R31C37D.DI0 ENC_inst/\enc_func(1).enc_top_inst\/U_enc_lmt/s_encerr_5[12] (to s_PLL_CLK20M)
                  --------
                   13.684   (29.5% logic, 70.5% route), 15 logic levels.

 Clock Skew Details: 

      Source Clock Path UP_CLK to slv_com/slv_ctrl_top_inst/slv_rx_ctrl_inst/SLICE_833:

   Name    Fanout   Delay (ns)          Site               Resource
PADI_DEL    ---     1.140        M16.PAD to      M16.PADDI UP_CLK
ROUTE         1     0.383      M16.PADDI to   PLL_BR0.CLKI UP_CLK_c
CLKI2OS3_D  ---     0.000   PLL_BR0.CLKI to PLL_BR0.CLKOS3 slv_com/clk_gen_inst2/PLL_inst/PLLInst_0
ROUTE       329     2.137 PLL_BR0.CLKOS3 to    R14C50A.CLK slv_com.CLK1
                  --------
                    3.660   (31.1% logic, 68.9% route), 2 logic levels.

      Source Clock f/b:

   Name    Fanout   Delay (ns)          Site               Resource
CLKFB2OP_D  ---     0.000  PLL_BR0.CLKFB to  PLL_BR0.CLKOP slv_com/clk_gen_inst2/PLL_inst/PLLInst_0
ROUTE       163     2.237  PLL_BR0.CLKOP to  PLL_BR0.CLKFB slv_com.CLKCOM_OUT
                  --------
                    2.237   (0.0% logic, 100.0% route), 1 logic levels.

      Destination Clock Path UP_CLK to ENC_inst/\enc_func(1).enc_top_inst\/U_enc_lmt/SLICE_507:

   Name    Fanout   Delay (ns)          Site               Resource
PADI_DEL    ---     1.140        M16.PAD to      M16.PADDI UP_CLK
ROUTE         1     0.383      M16.PADDI to   PLL_BR0.CLKI UP_CLK_c
CLKI2OS2_D  ---     0.000   PLL_BR0.CLKI to PLL_BR0.CLKOS2 slv_com/clk_gen_inst2/PLL_inst/PLLInst_0
ROUTE       922     2.137 PLL_BR0.CLKOS2 to    R31C37D.CLK s_PLL_CLK20M
                  --------
                    3.660   (31.1% logic, 68.9% route), 2 logic levels.

      Destination Clock f/b:

   Name    Fanout   Delay (ns)          Site               Resource
CLKFB2OP_D  ---     0.000  PLL_BR0.CLKFB to  PLL_BR0.CLKOP slv_com/clk_gen_inst2/PLL_inst/PLLInst_0
ROUTE       163     2.237  PLL_BR0.CLKOP to  PLL_BR0.CLKFB slv_com.CLKCOM_OUT
                  --------
                    2.237   (0.0% logic, 100.0% route), 1 logic levels.


Passed: The following path meets requirements by 36.576ns

 Logical Details:  Cell type  Pin type       Cell/ASIC name  (clock net +/-)

   Source:         FF         Q              slv_com/slv_ctrl_top_inst/slv_rx_ctrl_inst/LRSTb  (from slv_com.CLK1 +)
   Destination:    FF         Data in        ENC_inst/\enc_func(1).enc_top_inst\/U_enc_lmt/s_encerr[12]  (to s_PLL_CLK20M +)

   Delay:              13.684ns  (29.5% logic, 70.5% route), 15 logic levels.

 Constraint Details:

     13.684ns physical path delay slv_com/slv_ctrl_top_inst/slv_rx_ctrl_inst/SLICE_833 to ENC_inst/\enc_func(1).enc_top_inst\/U_enc_lmt/SLICE_507 meets
     50.000ns delay constraint less
      0.000ns skew and
      0.000ns feedback compensation and
     -0.260ns DIN_SET requirement (totaling 50.260ns) by 36.576ns

 Physical Path Details:

      Data path slv_com/slv_ctrl_top_inst/slv_rx_ctrl_inst/SLICE_833 to ENC_inst/\enc_func(1).enc_top_inst\/U_enc_lmt/SLICE_507:

   Name    Fanout   Delay (ns)          Site               Resource
REG_DEL     ---     0.525    R14C50A.CLK to     R14C50A.Q0 slv_com/slv_ctrl_top_inst/slv_rx_ctrl_inst/SLICE_833 (from slv_com.CLK1)
ROUTE        43     2.482     R14C50A.Q0 to     R33C40B.B0 s_LRSTb
CTOF_DEL    ---     0.236     R33C40B.B0 to     R33C40B.F0 ENC_inst/\enc_func(1).enc_top_inst\/encoder_inst/SLICE_1994
ROUTE         5     1.052     R33C40B.F0 to     R32C40C.C0 ENC_inst/\enc_func(1).enc_top_inst\/encoder_inst/un1_lrstb_1
CTOF_DEL    ---     0.236     R32C40C.C0 to     R32C40C.F0 ENC_inst/\enc_func(1).enc_top_inst\/encoder_inst/SLICE_1997
ROUTE         2     0.388     R32C40C.F0 to     R32C40C.C1 ENC_inst/\enc_func(1).enc_top_inst\/encoder_inst/ctrl_3
CTOF_DEL    ---     0.236     R32C40C.C1 to     R32C40C.F1 ENC_inst/\enc_func(1).enc_top_inst\/encoder_inst/SLICE_1997
ROUTE         4     1.031     R32C40C.F1 to     R31C39D.B1 ENC_inst/\enc_func(1).enc_top_inst\/encoder_inst/s_ph_a_fast
CTOF_DEL    ---     0.236     R31C39D.B1 to     R31C39D.F1 ENC_inst/\enc_func(1).enc_top_inst\/encoder_inst/SLICE_2365
ROUTE        20     1.429     R31C39D.F1 to     R31C38A.C0 ENC_inst/\enc_func(1).enc_top_inst\/CNT_UP_0
CTOF_DEL    ---     0.236     R31C38A.C0 to     R31C38A.F0 ENC_inst/\enc_func(1).enc_top_inst\/encoder_inst/SLICE_2371
ROUTE        16     1.519     R31C38A.F0 to     R28C36A.A1 ENC_inst/\enc_func(1).enc_top_inst\/N_9764
C1TOFCO_DE  ---     0.447     R28C36A.A1 to    R28C36A.FCO ENC_inst/\enc_func(1).enc_top_inst\/U_enc_lmt/SLICE_200
ROUTE         1     0.000    R28C36A.FCO to    R28C36B.FCI ENC_inst/\enc_func(1).enc_top_inst\/U_enc_lmt/un1_s_encerr_1_0_4_cry_0
FCITOFCO_D  ---     0.071    R28C36B.FCI to    R28C36B.FCO ENC_inst/\enc_func(1).enc_top_inst\/U_enc_lmt/SLICE_201
ROUTE         1     0.000    R28C36B.FCO to    R28C36C.FCI ENC_inst/\enc_func(1).enc_top_inst\/U_enc_lmt/un1_s_encerr_1_0_4_cry_2
FCITOFCO_D  ---     0.071    R28C36C.FCI to    R28C36C.FCO ENC_inst/\enc_func(1).enc_top_inst\/U_enc_lmt/SLICE_202
ROUTE         1     0.000    R28C36C.FCO to    R28C36D.FCI ENC_inst/\enc_func(1).enc_top_inst\/U_enc_lmt/un1_s_encerr_1_0_4_cry_4
FCITOFCO_D  ---     0.071    R28C36D.FCI to    R28C36D.FCO ENC_inst/\enc_func(1).enc_top_inst\/U_enc_lmt/SLICE_203
ROUTE         1     0.000    R28C36D.FCO to    R28C37A.FCI ENC_inst/\enc_func(1).enc_top_inst\/U_enc_lmt/un1_s_encerr_1_0_4_cry_6
FCITOF0_DE  ---     0.443    R28C37A.FCI to     R28C37A.F0 ENC_inst/\enc_func(1).enc_top_inst\/U_enc_lmt/SLICE_204
ROUTE         1     0.969     R28C37A.F0 to     R29C37A.A0 ENC_inst/\enc_func(1).enc_top_inst\/U_enc_lmt/un1_s_encerr_1_0_4[7]
C0TOFCO_DE  ---     0.447     R29C37A.A0 to    R29C37A.FCO ENC_inst/\enc_func(1).enc_top_inst\/U_enc_lmt/SLICE_188
ROUTE         1     0.000    R29C37A.FCO to    R29C37B.FCI ENC_inst/\enc_func(1).enc_top_inst\/U_enc_lmt/un1_s_encerr_1_0_cry_8
FCITOFCO_D  ---     0.071    R29C37B.FCI to    R29C37B.FCO ENC_inst/\enc_func(1).enc_top_inst\/U_enc_lmt/SLICE_189
ROUTE         1     0.000    R29C37B.FCO to    R29C37C.FCI ENC_inst/\enc_func(1).enc_top_inst\/U_enc_lmt/un1_s_encerr_1_0_cry_10
FCITOF1_DE  ---     0.474    R29C37C.FCI to     R29C37C.F1 ENC_inst/\enc_func(1).enc_top_inst\/U_enc_lmt/SLICE_190
ROUTE         1     0.778     R29C37C.F1 to     R31C37D.B0 ENC_inst/\enc_func(1).enc_top_inst\/U_enc_lmt/un1_s_encerr_1_0_cry_11_0_S1
CTOF_DEL    ---     0.236     R31C37D.B0 to     R31C37D.F0 ENC_inst/\enc_func(1).enc_top_inst\/U_enc_lmt/SLICE_507
ROUTE         1     0.000     R31C37D.F0 to    R31C37D.DI0 ENC_inst/\enc_func(1).enc_top_inst\/U_enc_lmt/s_encerr_5[12] (to s_PLL_CLK20M)
                  --------
                   13.684   (29.5% logic, 70.5% route), 15 logic levels.

 Clock Skew Details: 

      Source Clock Path UP_CLK to slv_com/slv_ctrl_top_inst/slv_rx_ctrl_inst/SLICE_833:

   Name    Fanout   Delay (ns)          Site               Resource
PADI_DEL    ---     1.140        M16.PAD to      M16.PADDI UP_CLK
ROUTE         1     0.383      M16.PADDI to   PLL_BR0.CLKI UP_CLK_c
CLKI2OS3_D  ---     0.000   PLL_BR0.CLKI to PLL_BR0.CLKOS3 slv_com/clk_gen_inst2/PLL_inst/PLLInst_0
ROUTE       329     2.137 PLL_BR0.CLKOS3 to    R14C50A.CLK slv_com.CLK1
                  --------
                    3.660   (31.1% logic, 68.9% route), 2 logic levels.

      Source Clock f/b:

   Name    Fanout   Delay (ns)          Site               Resource
CLKFB2OP_D  ---     0.000  PLL_BR0.CLKFB to  PLL_BR0.CLKOP slv_com/clk_gen_inst2/PLL_inst/PLLInst_0
ROUTE       163     2.237  PLL_BR0.CLKOP to  PLL_BR0.CLKFB slv_com.CLKCOM_OUT
                  --------
                    2.237   (0.0% logic, 100.0% route), 1 logic levels.

      Destination Clock Path UP_CLK to ENC_inst/\enc_func(1).enc_top_inst\/U_enc_lmt/SLICE_507:

   Name    Fanout   Delay (ns)          Site               Resource
PADI_DEL    ---     1.140        M16.PAD to      M16.PADDI UP_CLK
ROUTE         1     0.383      M16.PADDI to   PLL_BR0.CLKI UP_CLK_c
CLKI2OS2_D  ---     0.000   PLL_BR0.CLKI to PLL_BR0.CLKOS2 slv_com/clk_gen_inst2/PLL_inst/PLLInst_0
ROUTE       922     2.137 PLL_BR0.CLKOS2 to    R31C37D.CLK s_PLL_CLK20M
                  --------
                    3.660   (31.1% logic, 68.9% route), 2 logic levels.

      Destination Clock f/b:

   Name    Fanout   Delay (ns)          Site               Resource
CLKFB2OP_D  ---     0.000  PLL_BR0.CLKFB to  PLL_BR0.CLKOP slv_com/clk_gen_inst2/PLL_inst/PLLInst_0
ROUTE       163     2.237  PLL_BR0.CLKOP to  PLL_BR0.CLKFB slv_com.CLKCOM_OUT
                  --------
                    2.237   (0.0% logic, 100.0% route), 1 logic levels.


Passed: The following path meets requirements by 36.595ns

 Logical Details:  Cell type  Pin type       Cell/ASIC name  (clock net +/-)

   Source:         FF         Q              slv_com/slv_ctrl_top_inst/slv_rx_ctrl_inst/LRSTb  (from slv_com.CLK1 +)
   Destination:    FF         Data in        ENC_inst/\enc_func(1).enc_top_inst\/U_enc_lmt/s_encerr[10]  (to s_PLL_CLK20M +)

   Delay:              13.665ns  (29.0% logic, 71.0% route), 14 logic levels.

 Constraint Details:

     13.665ns physical path delay slv_com/slv_ctrl_top_inst/slv_rx_ctrl_inst/SLICE_833 to ENC_inst/\enc_func(1).enc_top_inst\/U_enc_lmt/SLICE_506 meets
     50.000ns delay constraint less
      0.000ns skew and
      0.000ns feedback compensation and
     -0.260ns DIN_SET requirement (totaling 50.260ns) by 36.595ns

 Physical Path Details:

      Data path slv_com/slv_ctrl_top_inst/slv_rx_ctrl_inst/SLICE_833 to ENC_inst/\enc_func(1).enc_top_inst\/U_enc_lmt/SLICE_506:

   Name    Fanout   Delay (ns)          Site               Resource
REG_DEL     ---     0.525    R14C50A.CLK to     R14C50A.Q0 slv_com/slv_ctrl_top_inst/slv_rx_ctrl_inst/SLICE_833 (from slv_com.CLK1)
ROUTE        43     2.482     R14C50A.Q0 to     R33C40B.B0 s_LRSTb
CTOF_DEL    ---     0.236     R33C40B.B0 to     R33C40B.F0 ENC_inst/\enc_func(1).enc_top_inst\/encoder_inst/SLICE_1994
ROUTE         5     1.052     R33C40B.F0 to     R32C40C.C0 ENC_inst/\enc_func(1).enc_top_inst\/encoder_inst/un1_lrstb_1
CTOF_DEL    ---     0.236     R32C40C.C0 to     R32C40C.F0 ENC_inst/\enc_func(1).enc_top_inst\/encoder_inst/SLICE_1997
ROUTE         2     0.388     R32C40C.F0 to     R32C40C.C1 ENC_inst/\enc_func(1).enc_top_inst\/encoder_inst/ctrl_3
CTOF_DEL    ---     0.236     R32C40C.C1 to     R32C40C.F1 ENC_inst/\enc_func(1).enc_top_inst\/encoder_inst/SLICE_1997
ROUTE         4     1.031     R32C40C.F1 to     R31C39D.B1 ENC_inst/\enc_func(1).enc_top_inst\/encoder_inst/s_ph_a_fast
CTOF_DEL    ---     0.236     R31C39D.B1 to     R31C39D.F1 ENC_inst/\enc_func(1).enc_top_inst\/encoder_inst/SLICE_2365
ROUTE        20     1.429     R31C39D.F1 to     R31C38A.C0 ENC_inst/\enc_func(1).enc_top_inst\/CNT_UP_0
CTOF_DEL    ---     0.236     R31C38A.C0 to     R31C38A.F0 ENC_inst/\enc_func(1).enc_top_inst\/encoder_inst/SLICE_2371
ROUTE        16     1.519     R31C38A.F0 to     R28C36A.A1 ENC_inst/\enc_func(1).enc_top_inst\/N_9764
C1TOFCO_DE  ---     0.447     R28C36A.A1 to    R28C36A.FCO ENC_inst/\enc_func(1).enc_top_inst\/U_enc_lmt/SLICE_200
ROUTE         1     0.000    R28C36A.FCO to    R28C36B.FCI ENC_inst/\enc_func(1).enc_top_inst\/U_enc_lmt/un1_s_encerr_1_0_4_cry_0
FCITOFCO_D  ---     0.071    R28C36B.FCI to    R28C36B.FCO ENC_inst/\enc_func(1).enc_top_inst\/U_enc_lmt/SLICE_201
ROUTE         1     0.000    R28C36B.FCO to    R28C36C.FCI ENC_inst/\enc_func(1).enc_top_inst\/U_enc_lmt/un1_s_encerr_1_0_4_cry_2
FCITOFCO_D  ---     0.071    R28C36C.FCI to    R28C36C.FCO ENC_inst/\enc_func(1).enc_top_inst\/U_enc_lmt/SLICE_202
ROUTE         1     0.000    R28C36C.FCO to    R28C36D.FCI ENC_inst/\enc_func(1).enc_top_inst\/U_enc_lmt/un1_s_encerr_1_0_4_cry_4
FCITOF0_DE  ---     0.443    R28C36D.FCI to     R28C36D.F0 ENC_inst/\enc_func(1).enc_top_inst\/U_enc_lmt/SLICE_203
ROUTE         1     1.021     R28C36D.F0 to     R29C36D.A0 ENC_inst/\enc_func(1).enc_top_inst\/U_enc_lmt/un1_s_encerr_1_0_4[5]
C0TOFCO_DE  ---     0.447     R29C36D.A0 to    R29C36D.FCO ENC_inst/\enc_func(1).enc_top_inst\/U_enc_lmt/SLICE_187
ROUTE         1     0.000    R29C36D.FCO to    R29C37A.FCI ENC_inst/\enc_func(1).enc_top_inst\/U_enc_lmt/un1_s_encerr_1_0_cry_6
FCITOFCO_D  ---     0.071    R29C37A.FCI to    R29C37A.FCO ENC_inst/\enc_func(1).enc_top_inst\/U_enc_lmt/SLICE_188
ROUTE         1     0.000    R29C37A.FCO to    R29C37B.FCI ENC_inst/\enc_func(1).enc_top_inst\/U_enc_lmt/un1_s_encerr_1_0_cry_8
FCITOF1_DE  ---     0.474    R29C37B.FCI to     R29C37B.F1 ENC_inst/\enc_func(1).enc_top_inst\/U_enc_lmt/SLICE_189
ROUTE         1     0.778     R29C37B.F1 to     R31C37A.B0 ENC_inst/\enc_func(1).enc_top_inst\/U_enc_lmt/un1_s_encerr_1_0_cry_9_0_S1
CTOF_DEL    ---     0.236     R31C37A.B0 to     R31C37A.F0 ENC_inst/\enc_func(1).enc_top_inst\/U_enc_lmt/SLICE_506
ROUTE         1     0.000     R31C37A.F0 to    R31C37A.DI0 ENC_inst/\enc_func(1).enc_top_inst\/U_enc_lmt/s_encerr_5[10] (to s_PLL_CLK20M)
                  --------
                   13.665   (29.0% logic, 71.0% route), 14 logic levels.

 Clock Skew Details: 

      Source Clock Path UP_CLK to slv_com/slv_ctrl_top_inst/slv_rx_ctrl_inst/SLICE_833:

   Name    Fanout   Delay (ns)          Site               Resource
PADI_DEL    ---     1.140        M16.PAD to      M16.PADDI UP_CLK
ROUTE         1     0.383      M16.PADDI to   PLL_BR0.CLKI UP_CLK_c
CLKI2OS3_D  ---     0.000   PLL_BR0.CLKI to PLL_BR0.CLKOS3 slv_com/clk_gen_inst2/PLL_inst/PLLInst_0
ROUTE       329     2.137 PLL_BR0.CLKOS3 to    R14C50A.CLK slv_com.CLK1
                  --------
                    3.660   (31.1% logic, 68.9% route), 2 logic levels.

      Source Clock f/b:

   Name    Fanout   Delay (ns)          Site               Resource
CLKFB2OP_D  ---     0.000  PLL_BR0.CLKFB to  PLL_BR0.CLKOP slv_com/clk_gen_inst2/PLL_inst/PLLInst_0
ROUTE       163     2.237  PLL_BR0.CLKOP to  PLL_BR0.CLKFB slv_com.CLKCOM_OUT
                  --------
                    2.237   (0.0% logic, 100.0% route), 1 logic levels.

      Destination Clock Path UP_CLK to ENC_inst/\enc_func(1).enc_top_inst\/U_enc_lmt/SLICE_506:

   Name    Fanout   Delay (ns)          Site               Resource
PADI_DEL    ---     1.140        M16.PAD to      M16.PADDI UP_CLK
ROUTE         1     0.383      M16.PADDI to   PLL_BR0.CLKI UP_CLK_c
CLKI2OS2_D  ---     0.000   PLL_BR0.CLKI to PLL_BR0.CLKOS2 slv_com/clk_gen_inst2/PLL_inst/PLLInst_0
ROUTE       922     2.137 PLL_BR0.CLKOS2 to    R31C37A.CLK s_PLL_CLK20M
                  --------
                    3.660   (31.1% logic, 68.9% route), 2 logic levels.

      Destination Clock f/b:

   Name    Fanout   Delay (ns)          Site               Resource
CLKFB2OP_D  ---     0.000  PLL_BR0.CLKFB to  PLL_BR0.CLKOP slv_com/clk_gen_inst2/PLL_inst/PLLInst_0
ROUTE       163     2.237  PLL_BR0.CLKOP to  PLL_BR0.CLKFB slv_com.CLKCOM_OUT
                  --------
                    2.237   (0.0% logic, 100.0% route), 1 logic levels.


Passed: The following path meets requirements by 36.603ns

 Logical Details:  Cell type  Pin type       Cell/ASIC name  (clock net +/-)

   Source:         FF         Q              slv_com/slv_ctrl_top_inst/slv_rx_ctrl_inst/LRSTb  (from slv_com.CLK1 +)
   Destination:    FF         Data in        ENC_inst/\enc_func(1).enc_top_inst\/U_enc_lmt/s_encerr[12]  (to s_PLL_CLK20M +)

   Delay:              13.657ns  (29.0% logic, 71.0% route), 14 logic levels.

 Constraint Details:

     13.657ns physical path delay slv_com/slv_ctrl_top_inst/slv_rx_ctrl_inst/SLICE_833 to ENC_inst/\enc_func(1).enc_top_inst\/U_enc_lmt/SLICE_507 meets
     50.000ns delay constraint less
      0.000ns skew and
      0.000ns feedback compensation and
     -0.260ns DIN_SET requirement (totaling 50.260ns) by 36.603ns

 Physical Path Details:

      Data path slv_com/slv_ctrl_top_inst/slv_rx_ctrl_inst/SLICE_833 to ENC_inst/\enc_func(1).enc_top_inst\/U_enc_lmt/SLICE_507:

   Name    Fanout   Delay (ns)          Site               Resource
REG_DEL     ---     0.525    R14C50A.CLK to     R14C50A.Q0 slv_com/slv_ctrl_top_inst/slv_rx_ctrl_inst/SLICE_833 (from slv_com.CLK1)
ROUTE        43     2.482     R14C50A.Q0 to     R33C40B.B0 s_LRSTb
CTOF_DEL    ---     0.236     R33C40B.B0 to     R33C40B.F0 ENC_inst/\enc_func(1).enc_top_inst\/encoder_inst/SLICE_1994
ROUTE         5     1.052     R33C40B.F0 to     R32C40C.C0 ENC_inst/\enc_func(1).enc_top_inst\/encoder_inst/un1_lrstb_1
CTOF_DEL    ---     0.236     R32C40C.C0 to     R32C40C.F0 ENC_inst/\enc_func(1).enc_top_inst\/encoder_inst/SLICE_1997
ROUTE         2     0.388     R32C40C.F0 to     R32C40C.C1 ENC_inst/\enc_func(1).enc_top_inst\/encoder_inst/ctrl_3
CTOF_DEL    ---     0.236     R32C40C.C1 to     R32C40C.F1 ENC_inst/\enc_func(1).enc_top_inst\/encoder_inst/SLICE_1997
ROUTE         4     1.031     R32C40C.F1 to     R31C39D.B1 ENC_inst/\enc_func(1).enc_top_inst\/encoder_inst/s_ph_a_fast
CTOF_DEL    ---     0.236     R31C39D.B1 to     R31C39D.F1 ENC_inst/\enc_func(1).enc_top_inst\/encoder_inst/SLICE_2365
ROUTE        20     1.429     R31C39D.F1 to     R31C38A.C0 ENC_inst/\enc_func(1).enc_top_inst\/CNT_UP_0
CTOF_DEL    ---     0.236     R31C38A.C0 to     R31C38A.F0 ENC_inst/\enc_func(1).enc_top_inst\/encoder_inst/SLICE_2371
ROUTE        16     1.511     R31C38A.F0 to     R28C36B.B1 ENC_inst/\enc_func(1).enc_top_inst\/N_9764
C1TOFCO_DE  ---     0.447     R28C36B.B1 to    R28C36B.FCO ENC_inst/\enc_func(1).enc_top_inst\/U_enc_lmt/SLICE_201
ROUTE         1     0.000    R28C36B.FCO to    R28C36C.FCI ENC_inst/\enc_func(1).enc_top_inst\/U_enc_lmt/un1_s_encerr_1_0_4_cry_2
FCITOFCO_D  ---     0.071    R28C36C.FCI to    R28C36C.FCO ENC_inst/\enc_func(1).enc_top_inst\/U_enc_lmt/SLICE_202
ROUTE         1     0.000    R28C36C.FCO to    R28C36D.FCI ENC_inst/\enc_func(1).enc_top_inst\/U_enc_lmt/un1_s_encerr_1_0_4_cry_4
FCITOF0_DE  ---     0.443    R28C36D.FCI to     R28C36D.F0 ENC_inst/\enc_func(1).enc_top_inst\/U_enc_lmt/SLICE_203
ROUTE         1     1.021     R28C36D.F0 to     R29C36D.A0 ENC_inst/\enc_func(1).enc_top_inst\/U_enc_lmt/un1_s_encerr_1_0_4[5]
C0TOFCO_DE  ---     0.447     R29C36D.A0 to    R29C36D.FCO ENC_inst/\enc_func(1).enc_top_inst\/U_enc_lmt/SLICE_187
ROUTE         1     0.000    R29C36D.FCO to    R29C37A.FCI ENC_inst/\enc_func(1).enc_top_inst\/U_enc_lmt/un1_s_encerr_1_0_cry_6
FCITOFCO_D  ---     0.071    R29C37A.FCI to    R29C37A.FCO ENC_inst/\enc_func(1).enc_top_inst\/U_enc_lmt/SLICE_188
ROUTE         1     0.000    R29C37A.FCO to    R29C37B.FCI ENC_inst/\enc_func(1).enc_top_inst\/U_enc_lmt/un1_s_encerr_1_0_cry_8
FCITOFCO_D  ---     0.071    R29C37B.FCI to    R29C37B.FCO ENC_inst/\enc_func(1).enc_top_inst\/U_enc_lmt/SLICE_189
ROUTE         1     0.000    R29C37B.FCO to    R29C37C.FCI ENC_inst/\enc_func(1).enc_top_inst\/U_enc_lmt/un1_s_encerr_1_0_cry_10
FCITOF1_DE  ---     0.474    R29C37C.FCI to     R29C37C.F1 ENC_inst/\enc_func(1).enc_top_inst\/U_enc_lmt/SLICE_190
ROUTE         1     0.778     R29C37C.F1 to     R31C37D.B0 ENC_inst/\enc_func(1).enc_top_inst\/U_enc_lmt/un1_s_encerr_1_0_cry_11_0_S1
CTOF_DEL    ---     0.236     R31C37D.B0 to     R31C37D.F0 ENC_inst/\enc_func(1).enc_top_inst\/U_enc_lmt/SLICE_507
ROUTE         1     0.000     R31C37D.F0 to    R31C37D.DI0 ENC_inst/\enc_func(1).enc_top_inst\/U_enc_lmt/s_encerr_5[12] (to s_PLL_CLK20M)
                  --------
                   13.657   (29.0% logic, 71.0% route), 14 logic levels.

 Clock Skew Details: 

      Source Clock Path UP_CLK to slv_com/slv_ctrl_top_inst/slv_rx_ctrl_inst/SLICE_833:

   Name    Fanout   Delay (ns)          Site               Resource
PADI_DEL    ---     1.140        M16.PAD to      M16.PADDI UP_CLK
ROUTE         1     0.383      M16.PADDI to   PLL_BR0.CLKI UP_CLK_c
CLKI2OS3_D  ---     0.000   PLL_BR0.CLKI to PLL_BR0.CLKOS3 slv_com/clk_gen_inst2/PLL_inst/PLLInst_0
ROUTE       329     2.137 PLL_BR0.CLKOS3 to    R14C50A.CLK slv_com.CLK1
                  --------
                    3.660   (31.1% logic, 68.9% route), 2 logic levels.

      Source Clock f/b:

   Name    Fanout   Delay (ns)          Site               Resource
CLKFB2OP_D  ---     0.000  PLL_BR0.CLKFB to  PLL_BR0.CLKOP slv_com/clk_gen_inst2/PLL_inst/PLLInst_0
ROUTE       163     2.237  PLL_BR0.CLKOP to  PLL_BR0.CLKFB slv_com.CLKCOM_OUT
                  --------
                    2.237   (0.0% logic, 100.0% route), 1 logic levels.

      Destination Clock Path UP_CLK to ENC_inst/\enc_func(1).enc_top_inst\/U_enc_lmt/SLICE_507:

   Name    Fanout   Delay (ns)          Site               Resource
PADI_DEL    ---     1.140        M16.PAD to      M16.PADDI UP_CLK
ROUTE         1     0.383      M16.PADDI to   PLL_BR0.CLKI UP_CLK_c
CLKI2OS2_D  ---     0.000   PLL_BR0.CLKI to PLL_BR0.CLKOS2 slv_com/clk_gen_inst2/PLL_inst/PLLInst_0
ROUTE       922     2.137 PLL_BR0.CLKOS2 to    R31C37D.CLK s_PLL_CLK20M
                  --------
                    3.660   (31.1% logic, 68.9% route), 2 logic levels.

      Destination Clock f/b:

   Name    Fanout   Delay (ns)          Site               Resource
CLKFB2OP_D  ---     0.000  PLL_BR0.CLKFB to  PLL_BR0.CLKOP slv_com/clk_gen_inst2/PLL_inst/PLLInst_0
ROUTE       163     2.237  PLL_BR0.CLKOP to  PLL_BR0.CLKFB slv_com.CLKCOM_OUT
                  --------
                    2.237   (0.0% logic, 100.0% route), 1 logic levels.


Passed: The following path meets requirements by 36.603ns

 Logical Details:  Cell type  Pin type       Cell/ASIC name  (clock net +/-)

   Source:         FF         Q              slv_com/slv_ctrl_top_inst/slv_rx_ctrl_inst/LRSTb  (from slv_com.CLK1 +)
   Destination:    FF         Data in        ENC_inst/\enc_func(1).enc_top_inst\/U_enc_lmt/s_encerr[12]  (to s_PLL_CLK20M +)

   Delay:              13.657ns  (29.0% logic, 71.0% route), 14 logic levels.

 Constraint Details:

     13.657ns physical path delay slv_com/slv_ctrl_top_inst/slv_rx_ctrl_inst/SLICE_833 to ENC_inst/\enc_func(1).enc_top_inst\/U_enc_lmt/SLICE_507 meets
     50.000ns delay constraint less
      0.000ns skew and
      0.000ns feedback compensation and
     -0.260ns DIN_SET requirement (totaling 50.260ns) by 36.603ns

 Physical Path Details:

      Data path slv_com/slv_ctrl_top_inst/slv_rx_ctrl_inst/SLICE_833 to ENC_inst/\enc_func(1).enc_top_inst\/U_enc_lmt/SLICE_507:

   Name    Fanout   Delay (ns)          Site               Resource
REG_DEL     ---     0.525    R14C50A.CLK to     R14C50A.Q0 slv_com/slv_ctrl_top_inst/slv_rx_ctrl_inst/SLICE_833 (from slv_com.CLK1)
ROUTE        43     2.482     R14C50A.Q0 to     R33C40B.B0 s_LRSTb
CTOF_DEL    ---     0.236     R33C40B.B0 to     R33C40B.F0 ENC_inst/\enc_func(1).enc_top_inst\/encoder_inst/SLICE_1994
ROUTE         5     1.052     R33C40B.F0 to     R32C40C.C0 ENC_inst/\enc_func(1).enc_top_inst\/encoder_inst/un1_lrstb_1
CTOF_DEL    ---     0.236     R32C40C.C0 to     R32C40C.F0 ENC_inst/\enc_func(1).enc_top_inst\/encoder_inst/SLICE_1997
ROUTE         2     0.388     R32C40C.F0 to     R32C40C.C1 ENC_inst/\enc_func(1).enc_top_inst\/encoder_inst/ctrl_3
CTOF_DEL    ---     0.236     R32C40C.C1 to     R32C40C.F1 ENC_inst/\enc_func(1).enc_top_inst\/encoder_inst/SLICE_1997
ROUTE         4     1.031     R32C40C.F1 to     R31C39D.B1 ENC_inst/\enc_func(1).enc_top_inst\/encoder_inst/s_ph_a_fast
CTOF_DEL    ---     0.236     R31C39D.B1 to     R31C39D.F1 ENC_inst/\enc_func(1).enc_top_inst\/encoder_inst/SLICE_2365
ROUTE        20     1.429     R31C39D.F1 to     R31C38A.C0 ENC_inst/\enc_func(1).enc_top_inst\/CNT_UP_0
CTOF_DEL    ---     0.236     R31C38A.C0 to     R31C38A.F0 ENC_inst/\enc_func(1).enc_top_inst\/encoder_inst/SLICE_2371
ROUTE        16     1.511     R31C38A.F0 to     R28C36B.B0 ENC_inst/\enc_func(1).enc_top_inst\/N_9764
C0TOFCO_DE  ---     0.447     R28C36B.B0 to    R28C36B.FCO ENC_inst/\enc_func(1).enc_top_inst\/U_enc_lmt/SLICE_201
ROUTE         1     0.000    R28C36B.FCO to    R28C36C.FCI ENC_inst/\enc_func(1).enc_top_inst\/U_enc_lmt/un1_s_encerr_1_0_4_cry_2
FCITOFCO_D  ---     0.071    R28C36C.FCI to    R28C36C.FCO ENC_inst/\enc_func(1).enc_top_inst\/U_enc_lmt/SLICE_202
ROUTE         1     0.000    R28C36C.FCO to    R28C36D.FCI ENC_inst/\enc_func(1).enc_top_inst\/U_enc_lmt/un1_s_encerr_1_0_4_cry_4
FCITOF0_DE  ---     0.443    R28C36D.FCI to     R28C36D.F0 ENC_inst/\enc_func(1).enc_top_inst\/U_enc_lmt/SLICE_203
ROUTE         1     1.021     R28C36D.F0 to     R29C36D.A0 ENC_inst/\enc_func(1).enc_top_inst\/U_enc_lmt/un1_s_encerr_1_0_4[5]
C0TOFCO_DE  ---     0.447     R29C36D.A0 to    R29C36D.FCO ENC_inst/\enc_func(1).enc_top_inst\/U_enc_lmt/SLICE_187
ROUTE         1     0.000    R29C36D.FCO to    R29C37A.FCI ENC_inst/\enc_func(1).enc_top_inst\/U_enc_lmt/un1_s_encerr_1_0_cry_6
FCITOFCO_D  ---     0.071    R29C37A.FCI to    R29C37A.FCO ENC_inst/\enc_func(1).enc_top_inst\/U_enc_lmt/SLICE_188
ROUTE         1     0.000    R29C37A.FCO to    R29C37B.FCI ENC_inst/\enc_func(1).enc_top_inst\/U_enc_lmt/un1_s_encerr_1_0_cry_8
FCITOFCO_D  ---     0.071    R29C37B.FCI to    R29C37B.FCO ENC_inst/\enc_func(1).enc_top_inst\/U_enc_lmt/SLICE_189
ROUTE         1     0.000    R29C37B.FCO to    R29C37C.FCI ENC_inst/\enc_func(1).enc_top_inst\/U_enc_lmt/un1_s_encerr_1_0_cry_10
FCITOF1_DE  ---     0.474    R29C37C.FCI to     R29C37C.F1 ENC_inst/\enc_func(1).enc_top_inst\/U_enc_lmt/SLICE_190
ROUTE         1     0.778     R29C37C.F1 to     R31C37D.B0 ENC_inst/\enc_func(1).enc_top_inst\/U_enc_lmt/un1_s_encerr_1_0_cry_11_0_S1
CTOF_DEL    ---     0.236     R31C37D.B0 to     R31C37D.F0 ENC_inst/\enc_func(1).enc_top_inst\/U_enc_lmt/SLICE_507
ROUTE         1     0.000     R31C37D.F0 to    R31C37D.DI0 ENC_inst/\enc_func(1).enc_top_inst\/U_enc_lmt/s_encerr_5[12] (to s_PLL_CLK20M)
                  --------
                   13.657   (29.0% logic, 71.0% route), 14 logic levels.

 Clock Skew Details: 

      Source Clock Path UP_CLK to slv_com/slv_ctrl_top_inst/slv_rx_ctrl_inst/SLICE_833:

   Name    Fanout   Delay (ns)          Site               Resource
PADI_DEL    ---     1.140        M16.PAD to      M16.PADDI UP_CLK
ROUTE         1     0.383      M16.PADDI to   PLL_BR0.CLKI UP_CLK_c
CLKI2OS3_D  ---     0.000   PLL_BR0.CLKI to PLL_BR0.CLKOS3 slv_com/clk_gen_inst2/PLL_inst/PLLInst_0
ROUTE       329     2.137 PLL_BR0.CLKOS3 to    R14C50A.CLK slv_com.CLK1
                  --------
                    3.660   (31.1% logic, 68.9% route), 2 logic levels.

      Source Clock f/b:

   Name    Fanout   Delay (ns)          Site               Resource
CLKFB2OP_D  ---     0.000  PLL_BR0.CLKFB to  PLL_BR0.CLKOP slv_com/clk_gen_inst2/PLL_inst/PLLInst_0
ROUTE       163     2.237  PLL_BR0.CLKOP to  PLL_BR0.CLKFB slv_com.CLKCOM_OUT
                  --------
                    2.237   (0.0% logic, 100.0% route), 1 logic levels.

      Destination Clock Path UP_CLK to ENC_inst/\enc_func(1).enc_top_inst\/U_enc_lmt/SLICE_507:

   Name    Fanout   Delay (ns)          Site               Resource
PADI_DEL    ---     1.140        M16.PAD to      M16.PADDI UP_CLK
ROUTE         1     0.383      M16.PADDI to   PLL_BR0.CLKI UP_CLK_c
CLKI2OS2_D  ---     0.000   PLL_BR0.CLKI to PLL_BR0.CLKOS2 slv_com/clk_gen_inst2/PLL_inst/PLLInst_0
ROUTE       922     2.137 PLL_BR0.CLKOS2 to    R31C37D.CLK s_PLL_CLK20M
                  --------
                    3.660   (31.1% logic, 68.9% route), 2 logic levels.

      Destination Clock f/b:

   Name    Fanout   Delay (ns)          Site               Resource
CLKFB2OP_D  ---     0.000  PLL_BR0.CLKFB to  PLL_BR0.CLKOP slv_com/clk_gen_inst2/PLL_inst/PLLInst_0
ROUTE       163     2.237  PLL_BR0.CLKOP to  PLL_BR0.CLKFB slv_com.CLKCOM_OUT
                  --------
                    2.237   (0.0% logic, 100.0% route), 1 logic levels.


Passed: The following path meets requirements by 36.647ns

 Logical Details:  Cell type  Pin type       Cell/ASIC name  (clock net +/-)

   Source:         FF         Q              slv_com/slv_ctrl_top_inst/slv_rx_ctrl_inst/LRSTb  (from slv_com.CLK1 +)
   Destination:    FF         Data in        ENC_inst/\enc_func(1).enc_top_inst\/U_enc_lmt/s_encerr[10]  (to s_PLL_CLK20M +)

   Delay:              13.613ns  (29.1% logic, 70.9% route), 14 logic levels.

 Constraint Details:

     13.613ns physical path delay slv_com/slv_ctrl_top_inst/slv_rx_ctrl_inst/SLICE_833 to ENC_inst/\enc_func(1).enc_top_inst\/U_enc_lmt/SLICE_506 meets
     50.000ns delay constraint less
      0.000ns skew and
      0.000ns feedback compensation and
     -0.260ns DIN_SET requirement (totaling 50.260ns) by 36.647ns

 Physical Path Details:

      Data path slv_com/slv_ctrl_top_inst/slv_rx_ctrl_inst/SLICE_833 to ENC_inst/\enc_func(1).enc_top_inst\/U_enc_lmt/SLICE_506:

   Name    Fanout   Delay (ns)          Site               Resource
REG_DEL     ---     0.525    R14C50A.CLK to     R14C50A.Q0 slv_com/slv_ctrl_top_inst/slv_rx_ctrl_inst/SLICE_833 (from slv_com.CLK1)
ROUTE        43     2.482     R14C50A.Q0 to     R33C40B.B0 s_LRSTb
CTOF_DEL    ---     0.236     R33C40B.B0 to     R33C40B.F0 ENC_inst/\enc_func(1).enc_top_inst\/encoder_inst/SLICE_1994
ROUTE         5     1.052     R33C40B.F0 to     R32C40C.C0 ENC_inst/\enc_func(1).enc_top_inst\/encoder_inst/un1_lrstb_1
CTOF_DEL    ---     0.236     R32C40C.C0 to     R32C40C.F0 ENC_inst/\enc_func(1).enc_top_inst\/encoder_inst/SLICE_1997
ROUTE         2     0.388     R32C40C.F0 to     R32C40C.C1 ENC_inst/\enc_func(1).enc_top_inst\/encoder_inst/ctrl_3
CTOF_DEL    ---     0.236     R32C40C.C1 to     R32C40C.F1 ENC_inst/\enc_func(1).enc_top_inst\/encoder_inst/SLICE_1997
ROUTE         4     1.031     R32C40C.F1 to     R31C39D.B1 ENC_inst/\enc_func(1).enc_top_inst\/encoder_inst/s_ph_a_fast
CTOF_DEL    ---     0.236     R31C39D.B1 to     R31C39D.F1 ENC_inst/\enc_func(1).enc_top_inst\/encoder_inst/SLICE_2365
ROUTE        20     1.429     R31C39D.F1 to     R31C38A.C0 ENC_inst/\enc_func(1).enc_top_inst\/CNT_UP_0
CTOF_DEL    ---     0.236     R31C38A.C0 to     R31C38A.F0 ENC_inst/\enc_func(1).enc_top_inst\/encoder_inst/SLICE_2371
ROUTE        16     1.519     R31C38A.F0 to     R28C36A.A1 ENC_inst/\enc_func(1).enc_top_inst\/N_9764
C1TOFCO_DE  ---     0.447     R28C36A.A1 to    R28C36A.FCO ENC_inst/\enc_func(1).enc_top_inst\/U_enc_lmt/SLICE_200
ROUTE         1     0.000    R28C36A.FCO to    R28C36B.FCI ENC_inst/\enc_func(1).enc_top_inst\/U_enc_lmt/un1_s_encerr_1_0_4_cry_0
FCITOF0_DE  ---     0.443    R28C36B.FCI to     R28C36B.F0 ENC_inst/\enc_func(1).enc_top_inst\/U_enc_lmt/SLICE_201
ROUTE         1     0.969     R28C36B.F0 to     R29C36B.A0 ENC_inst/\enc_func(1).enc_top_inst\/U_enc_lmt/un1_s_encerr_1_0_4[1]
C0TOFCO_DE  ---     0.447     R29C36B.A0 to    R29C36B.FCO ENC_inst/\enc_func(1).enc_top_inst\/U_enc_lmt/SLICE_185
ROUTE         1     0.000    R29C36B.FCO to    R29C36C.FCI ENC_inst/\enc_func(1).enc_top_inst\/U_enc_lmt/un1_s_encerr_1_0_cry_2
FCITOFCO_D  ---     0.071    R29C36C.FCI to    R29C36C.FCO ENC_inst/\enc_func(1).enc_top_inst\/U_enc_lmt/SLICE_186
ROUTE         1     0.000    R29C36C.FCO to    R29C36D.FCI ENC_inst/\enc_func(1).enc_top_inst\/U_enc_lmt/un1_s_encerr_1_0_cry_4
FCITOFCO_D  ---     0.071    R29C36D.FCI to    R29C36D.FCO ENC_inst/\enc_func(1).enc_top_inst\/U_enc_lmt/SLICE_187
ROUTE         1     0.000    R29C36D.FCO to    R29C37A.FCI ENC_inst/\enc_func(1).enc_top_inst\/U_enc_lmt/un1_s_encerr_1_0_cry_6
FCITOFCO_D  ---     0.071    R29C37A.FCI to    R29C37A.FCO ENC_inst/\enc_func(1).enc_top_inst\/U_enc_lmt/SLICE_188
ROUTE         1     0.000    R29C37A.FCO to    R29C37B.FCI ENC_inst/\enc_func(1).enc_top_inst\/U_enc_lmt/un1_s_encerr_1_0_cry_8
FCITOF1_DE  ---     0.474    R29C37B.FCI to     R29C37B.F1 ENC_inst/\enc_func(1).enc_top_inst\/U_enc_lmt/SLICE_189
ROUTE         1     0.778     R29C37B.F1 to     R31C37A.B0 ENC_inst/\enc_func(1).enc_top_inst\/U_enc_lmt/un1_s_encerr_1_0_cry_9_0_S1
CTOF_DEL    ---     0.236     R31C37A.B0 to     R31C37A.F0 ENC_inst/\enc_func(1).enc_top_inst\/U_enc_lmt/SLICE_506
ROUTE         1     0.000     R31C37A.F0 to    R31C37A.DI0 ENC_inst/\enc_func(1).enc_top_inst\/U_enc_lmt/s_encerr_5[10] (to s_PLL_CLK20M)
                  --------
                   13.613   (29.1% logic, 70.9% route), 14 logic levels.

 Clock Skew Details: 

      Source Clock Path UP_CLK to slv_com/slv_ctrl_top_inst/slv_rx_ctrl_inst/SLICE_833:

   Name    Fanout   Delay (ns)          Site               Resource
PADI_DEL    ---     1.140        M16.PAD to      M16.PADDI UP_CLK
ROUTE         1     0.383      M16.PADDI to   PLL_BR0.CLKI UP_CLK_c
CLKI2OS3_D  ---     0.000   PLL_BR0.CLKI to PLL_BR0.CLKOS3 slv_com/clk_gen_inst2/PLL_inst/PLLInst_0
ROUTE       329     2.137 PLL_BR0.CLKOS3 to    R14C50A.CLK slv_com.CLK1
                  --------
                    3.660   (31.1% logic, 68.9% route), 2 logic levels.

      Source Clock f/b:

   Name    Fanout   Delay (ns)          Site               Resource
CLKFB2OP_D  ---     0.000  PLL_BR0.CLKFB to  PLL_BR0.CLKOP slv_com/clk_gen_inst2/PLL_inst/PLLInst_0
ROUTE       163     2.237  PLL_BR0.CLKOP to  PLL_BR0.CLKFB slv_com.CLKCOM_OUT
                  --------
                    2.237   (0.0% logic, 100.0% route), 1 logic levels.

      Destination Clock Path UP_CLK to ENC_inst/\enc_func(1).enc_top_inst\/U_enc_lmt/SLICE_506:

   Name    Fanout   Delay (ns)          Site               Resource
PADI_DEL    ---     1.140        M16.PAD to      M16.PADDI UP_CLK
ROUTE         1     0.383      M16.PADDI to   PLL_BR0.CLKI UP_CLK_c
CLKI2OS2_D  ---     0.000   PLL_BR0.CLKI to PLL_BR0.CLKOS2 slv_com/clk_gen_inst2/PLL_inst/PLLInst_0
ROUTE       922     2.137 PLL_BR0.CLKOS2 to    R31C37A.CLK s_PLL_CLK20M
                  --------
                    3.660   (31.1% logic, 68.9% route), 2 logic levels.

      Destination Clock f/b:

   Name    Fanout   Delay (ns)          Site               Resource
CLKFB2OP_D  ---     0.000  PLL_BR0.CLKFB to  PLL_BR0.CLKOP slv_com/clk_gen_inst2/PLL_inst/PLLInst_0
ROUTE       163     2.237  PLL_BR0.CLKOP to  PLL_BR0.CLKFB slv_com.CLKCOM_OUT
                  --------
                    2.237   (0.0% logic, 100.0% route), 1 logic levels.


Passed: The following path meets requirements by 36.647ns

 Logical Details:  Cell type  Pin type       Cell/ASIC name  (clock net +/-)

   Source:         FF         Q              slv_com/slv_ctrl_top_inst/slv_rx_ctrl_inst/LRSTb  (from slv_com.CLK1 +)
   Destination:    FF         Data in        ENC_inst/\enc_func(1).enc_top_inst\/U_enc_lmt/s_encerr[10]  (to s_PLL_CLK20M +)

   Delay:              13.613ns  (29.1% logic, 70.9% route), 14 logic levels.

 Constraint Details:

     13.613ns physical path delay slv_com/slv_ctrl_top_inst/slv_rx_ctrl_inst/SLICE_833 to ENC_inst/\enc_func(1).enc_top_inst\/U_enc_lmt/SLICE_506 meets
     50.000ns delay constraint less
      0.000ns skew and
      0.000ns feedback compensation and
     -0.260ns DIN_SET requirement (totaling 50.260ns) by 36.647ns

 Physical Path Details:

      Data path slv_com/slv_ctrl_top_inst/slv_rx_ctrl_inst/SLICE_833 to ENC_inst/\enc_func(1).enc_top_inst\/U_enc_lmt/SLICE_506:

   Name    Fanout   Delay (ns)          Site               Resource
REG_DEL     ---     0.525    R14C50A.CLK to     R14C50A.Q0 slv_com/slv_ctrl_top_inst/slv_rx_ctrl_inst/SLICE_833 (from slv_com.CLK1)
ROUTE        43     2.482     R14C50A.Q0 to     R33C40B.B0 s_LRSTb
CTOF_DEL    ---     0.236     R33C40B.B0 to     R33C40B.F0 ENC_inst/\enc_func(1).enc_top_inst\/encoder_inst/SLICE_1994
ROUTE         5     1.052     R33C40B.F0 to     R32C40C.C0 ENC_inst/\enc_func(1).enc_top_inst\/encoder_inst/un1_lrstb_1
CTOF_DEL    ---     0.236     R32C40C.C0 to     R32C40C.F0 ENC_inst/\enc_func(1).enc_top_inst\/encoder_inst/SLICE_1997
ROUTE         2     0.388     R32C40C.F0 to     R32C40C.C1 ENC_inst/\enc_func(1).enc_top_inst\/encoder_inst/ctrl_3
CTOF_DEL    ---     0.236     R32C40C.C1 to     R32C40C.F1 ENC_inst/\enc_func(1).enc_top_inst\/encoder_inst/SLICE_1997
ROUTE         4     1.031     R32C40C.F1 to     R31C39D.B1 ENC_inst/\enc_func(1).enc_top_inst\/encoder_inst/s_ph_a_fast
CTOF_DEL    ---     0.236     R31C39D.B1 to     R31C39D.F1 ENC_inst/\enc_func(1).enc_top_inst\/encoder_inst/SLICE_2365
ROUTE        20     1.429     R31C39D.F1 to     R31C38A.C0 ENC_inst/\enc_func(1).enc_top_inst\/CNT_UP_0
CTOF_DEL    ---     0.236     R31C38A.C0 to     R31C38A.F0 ENC_inst/\enc_func(1).enc_top_inst\/encoder_inst/SLICE_2371
ROUTE        16     1.519     R31C38A.F0 to     R28C36A.A1 ENC_inst/\enc_func(1).enc_top_inst\/N_9764
C1TOFCO_DE  ---     0.447     R28C36A.A1 to    R28C36A.FCO ENC_inst/\enc_func(1).enc_top_inst\/U_enc_lmt/SLICE_200
ROUTE         1     0.000    R28C36A.FCO to    R28C36B.FCI ENC_inst/\enc_func(1).enc_top_inst\/U_enc_lmt/un1_s_encerr_1_0_4_cry_0
FCITOFCO_D  ---     0.071    R28C36B.FCI to    R28C36B.FCO ENC_inst/\enc_func(1).enc_top_inst\/U_enc_lmt/SLICE_201
ROUTE         1     0.000    R28C36B.FCO to    R28C36C.FCI ENC_inst/\enc_func(1).enc_top_inst\/U_enc_lmt/un1_s_encerr_1_0_4_cry_2
FCITOFCO_D  ---     0.071    R28C36C.FCI to    R28C36C.FCO ENC_inst/\enc_func(1).enc_top_inst\/U_enc_lmt/SLICE_202
ROUTE         1     0.000    R28C36C.FCO to    R28C36D.FCI ENC_inst/\enc_func(1).enc_top_inst\/U_enc_lmt/un1_s_encerr_1_0_4_cry_4
FCITOFCO_D  ---     0.071    R28C36D.FCI to    R28C36D.FCO ENC_inst/\enc_func(1).enc_top_inst\/U_enc_lmt/SLICE_203
ROUTE         1     0.000    R28C36D.FCO to    R28C37A.FCI ENC_inst/\enc_func(1).enc_top_inst\/U_enc_lmt/un1_s_encerr_1_0_4_cry_6
FCITOF0_DE  ---     0.443    R28C37A.FCI to     R28C37A.F0 ENC_inst/\enc_func(1).enc_top_inst\/U_enc_lmt/SLICE_204
ROUTE         1     0.969     R28C37A.F0 to     R29C37A.A0 ENC_inst/\enc_func(1).enc_top_inst\/U_enc_lmt/un1_s_encerr_1_0_4[7]
C0TOFCO_DE  ---     0.447     R29C37A.A0 to    R29C37A.FCO ENC_inst/\enc_func(1).enc_top_inst\/U_enc_lmt/SLICE_188
ROUTE         1     0.000    R29C37A.FCO to    R29C37B.FCI ENC_inst/\enc_func(1).enc_top_inst\/U_enc_lmt/un1_s_encerr_1_0_cry_8
FCITOF1_DE  ---     0.474    R29C37B.FCI to     R29C37B.F1 ENC_inst/\enc_func(1).enc_top_inst\/U_enc_lmt/SLICE_189
ROUTE         1     0.778     R29C37B.F1 to     R31C37A.B0 ENC_inst/\enc_func(1).enc_top_inst\/U_enc_lmt/un1_s_encerr_1_0_cry_9_0_S1
CTOF_DEL    ---     0.236     R31C37A.B0 to     R31C37A.F0 ENC_inst/\enc_func(1).enc_top_inst\/U_enc_lmt/SLICE_506
ROUTE         1     0.000     R31C37A.F0 to    R31C37A.DI0 ENC_inst/\enc_func(1).enc_top_inst\/U_enc_lmt/s_encerr_5[10] (to s_PLL_CLK20M)
                  --------
                   13.613   (29.1% logic, 70.9% route), 14 logic levels.

 Clock Skew Details: 

      Source Clock Path UP_CLK to slv_com/slv_ctrl_top_inst/slv_rx_ctrl_inst/SLICE_833:

   Name    Fanout   Delay (ns)          Site               Resource
PADI_DEL    ---     1.140        M16.PAD to      M16.PADDI UP_CLK
ROUTE         1     0.383      M16.PADDI to   PLL_BR0.CLKI UP_CLK_c
CLKI2OS3_D  ---     0.000   PLL_BR0.CLKI to PLL_BR0.CLKOS3 slv_com/clk_gen_inst2/PLL_inst/PLLInst_0
ROUTE       329     2.137 PLL_BR0.CLKOS3 to    R14C50A.CLK slv_com.CLK1
                  --------
                    3.660   (31.1% logic, 68.9% route), 2 logic levels.

      Source Clock f/b:

   Name    Fanout   Delay (ns)          Site               Resource
CLKFB2OP_D  ---     0.000  PLL_BR0.CLKFB to  PLL_BR0.CLKOP slv_com/clk_gen_inst2/PLL_inst/PLLInst_0
ROUTE       163     2.237  PLL_BR0.CLKOP to  PLL_BR0.CLKFB slv_com.CLKCOM_OUT
                  --------
                    2.237   (0.0% logic, 100.0% route), 1 logic levels.

      Destination Clock Path UP_CLK to ENC_inst/\enc_func(1).enc_top_inst\/U_enc_lmt/SLICE_506:

   Name    Fanout   Delay (ns)          Site               Resource
PADI_DEL    ---     1.140        M16.PAD to      M16.PADDI UP_CLK
ROUTE         1     0.383      M16.PADDI to   PLL_BR0.CLKI UP_CLK_c
CLKI2OS2_D  ---     0.000   PLL_BR0.CLKI to PLL_BR0.CLKOS2 slv_com/clk_gen_inst2/PLL_inst/PLLInst_0
ROUTE       922     2.137 PLL_BR0.CLKOS2 to    R31C37A.CLK s_PLL_CLK20M
                  --------
                    3.660   (31.1% logic, 68.9% route), 2 logic levels.

      Destination Clock f/b:

   Name    Fanout   Delay (ns)          Site               Resource
CLKFB2OP_D  ---     0.000  PLL_BR0.CLKFB to  PLL_BR0.CLKOP slv_com/clk_gen_inst2/PLL_inst/PLLInst_0
ROUTE       163     2.237  PLL_BR0.CLKOP to  PLL_BR0.CLKFB slv_com.CLKCOM_OUT
                  --------
                    2.237   (0.0% logic, 100.0% route), 1 logic levels.


Passed: The following path meets requirements by 36.655ns

 Logical Details:  Cell type  Pin type       Cell/ASIC name  (clock net +/-)

   Source:         FF         Q              slv_com/slv_ctrl_top_inst/slv_rx_ctrl_inst/LRSTb  (from slv_com.CLK1 +)
   Destination:    FF         Data in        ENC_inst/\enc_func(1).enc_top_inst\/U_enc_lmt/s_encerr[12]  (to s_PLL_CLK20M +)

   Delay:              13.605ns  (29.1% logic, 70.9% route), 14 logic levels.

 Constraint Details:

     13.605ns physical path delay slv_com/slv_ctrl_top_inst/slv_rx_ctrl_inst/SLICE_833 to ENC_inst/\enc_func(1).enc_top_inst\/U_enc_lmt/SLICE_507 meets
     50.000ns delay constraint less
      0.000ns skew and
      0.000ns feedback compensation and
     -0.260ns DIN_SET requirement (totaling 50.260ns) by 36.655ns

 Physical Path Details:

      Data path slv_com/slv_ctrl_top_inst/slv_rx_ctrl_inst/SLICE_833 to ENC_inst/\enc_func(1).enc_top_inst\/U_enc_lmt/SLICE_507:

   Name    Fanout   Delay (ns)          Site               Resource
REG_DEL     ---     0.525    R14C50A.CLK to     R14C50A.Q0 slv_com/slv_ctrl_top_inst/slv_rx_ctrl_inst/SLICE_833 (from slv_com.CLK1)
ROUTE        43     2.482     R14C50A.Q0 to     R33C40B.B0 s_LRSTb
CTOF_DEL    ---     0.236     R33C40B.B0 to     R33C40B.F0 ENC_inst/\enc_func(1).enc_top_inst\/encoder_inst/SLICE_1994
ROUTE         5     1.052     R33C40B.F0 to     R32C40C.C0 ENC_inst/\enc_func(1).enc_top_inst\/encoder_inst/un1_lrstb_1
CTOF_DEL    ---     0.236     R32C40C.C0 to     R32C40C.F0 ENC_inst/\enc_func(1).enc_top_inst\/encoder_inst/SLICE_1997
ROUTE         2     0.388     R32C40C.F0 to     R32C40C.C1 ENC_inst/\enc_func(1).enc_top_inst\/encoder_inst/ctrl_3
CTOF_DEL    ---     0.236     R32C40C.C1 to     R32C40C.F1 ENC_inst/\enc_func(1).enc_top_inst\/encoder_inst/SLICE_1997
ROUTE         4     1.031     R32C40C.F1 to     R31C39D.B1 ENC_inst/\enc_func(1).enc_top_inst\/encoder_inst/s_ph_a_fast
CTOF_DEL    ---     0.236     R31C39D.B1 to     R31C39D.F1 ENC_inst/\enc_func(1).enc_top_inst\/encoder_inst/SLICE_2365
ROUTE        20     1.429     R31C39D.F1 to     R31C38A.C0 ENC_inst/\enc_func(1).enc_top_inst\/CNT_UP_0
CTOF_DEL    ---     0.236     R31C38A.C0 to     R31C38A.F0 ENC_inst/\enc_func(1).enc_top_inst\/encoder_inst/SLICE_2371
ROUTE        16     1.511     R31C38A.F0 to     R28C36B.B1 ENC_inst/\enc_func(1).enc_top_inst\/N_9764
C1TOFCO_DE  ---     0.447     R28C36B.B1 to    R28C36B.FCO ENC_inst/\enc_func(1).enc_top_inst\/U_enc_lmt/SLICE_201
ROUTE         1     0.000    R28C36B.FCO to    R28C36C.FCI ENC_inst/\enc_func(1).enc_top_inst\/U_enc_lmt/un1_s_encerr_1_0_4_cry_2
FCITOFCO_D  ---     0.071    R28C36C.FCI to    R28C36C.FCO ENC_inst/\enc_func(1).enc_top_inst\/U_enc_lmt/SLICE_202
ROUTE         1     0.000    R28C36C.FCO to    R28C36D.FCI ENC_inst/\enc_func(1).enc_top_inst\/U_enc_lmt/un1_s_encerr_1_0_4_cry_4
FCITOFCO_D  ---     0.071    R28C36D.FCI to    R28C36D.FCO ENC_inst/\enc_func(1).enc_top_inst\/U_enc_lmt/SLICE_203
ROUTE         1     0.000    R28C36D.FCO to    R28C37A.FCI ENC_inst/\enc_func(1).enc_top_inst\/U_enc_lmt/un1_s_encerr_1_0_4_cry_6
FCITOFCO_D  ---     0.071    R28C37A.FCI to    R28C37A.FCO ENC_inst/\enc_func(1).enc_top_inst\/U_enc_lmt/SLICE_204
ROUTE         1     0.000    R28C37A.FCO to    R28C37B.FCI ENC_inst/\enc_func(1).enc_top_inst\/U_enc_lmt/un1_s_encerr_1_0_4_cry_8
FCITOF0_DE  ---     0.443    R28C37B.FCI to     R28C37B.F0 ENC_inst/\enc_func(1).enc_top_inst\/U_enc_lmt/SLICE_205
ROUTE         1     0.969     R28C37B.F0 to     R29C37B.A0 ENC_inst/\enc_func(1).enc_top_inst\/U_enc_lmt/un1_s_encerr_1_0_4[9]
C0TOFCO_DE  ---     0.447     R29C37B.A0 to    R29C37B.FCO ENC_inst/\enc_func(1).enc_top_inst\/U_enc_lmt/SLICE_189
ROUTE         1     0.000    R29C37B.FCO to    R29C37C.FCI ENC_inst/\enc_func(1).enc_top_inst\/U_enc_lmt/un1_s_encerr_1_0_cry_10
FCITOF1_DE  ---     0.474    R29C37C.FCI to     R29C37C.F1 ENC_inst/\enc_func(1).enc_top_inst\/U_enc_lmt/SLICE_190
ROUTE         1     0.778     R29C37C.F1 to     R31C37D.B0 ENC_inst/\enc_func(1).enc_top_inst\/U_enc_lmt/un1_s_encerr_1_0_cry_11_0_S1
CTOF_DEL    ---     0.236     R31C37D.B0 to     R31C37D.F0 ENC_inst/\enc_func(1).enc_top_inst\/U_enc_lmt/SLICE_507
ROUTE         1     0.000     R31C37D.F0 to    R31C37D.DI0 ENC_inst/\enc_func(1).enc_top_inst\/U_enc_lmt/s_encerr_5[12] (to s_PLL_CLK20M)
                  --------
                   13.605   (29.1% logic, 70.9% route), 14 logic levels.

 Clock Skew Details: 

      Source Clock Path UP_CLK to slv_com/slv_ctrl_top_inst/slv_rx_ctrl_inst/SLICE_833:

   Name    Fanout   Delay (ns)          Site               Resource
PADI_DEL    ---     1.140        M16.PAD to      M16.PADDI UP_CLK
ROUTE         1     0.383      M16.PADDI to   PLL_BR0.CLKI UP_CLK_c
CLKI2OS3_D  ---     0.000   PLL_BR0.CLKI to PLL_BR0.CLKOS3 slv_com/clk_gen_inst2/PLL_inst/PLLInst_0
ROUTE       329     2.137 PLL_BR0.CLKOS3 to    R14C50A.CLK slv_com.CLK1
                  --------
                    3.660   (31.1% logic, 68.9% route), 2 logic levels.

      Source Clock f/b:

   Name    Fanout   Delay (ns)          Site               Resource
CLKFB2OP_D  ---     0.000  PLL_BR0.CLKFB to  PLL_BR0.CLKOP slv_com/clk_gen_inst2/PLL_inst/PLLInst_0
ROUTE       163     2.237  PLL_BR0.CLKOP to  PLL_BR0.CLKFB slv_com.CLKCOM_OUT
                  --------
                    2.237   (0.0% logic, 100.0% route), 1 logic levels.

      Destination Clock Path UP_CLK to ENC_inst/\enc_func(1).enc_top_inst\/U_enc_lmt/SLICE_507:

   Name    Fanout   Delay (ns)          Site               Resource
PADI_DEL    ---     1.140        M16.PAD to      M16.PADDI UP_CLK
ROUTE         1     0.383      M16.PADDI to   PLL_BR0.CLKI UP_CLK_c
CLKI2OS2_D  ---     0.000   PLL_BR0.CLKI to PLL_BR0.CLKOS2 slv_com/clk_gen_inst2/PLL_inst/PLLInst_0
ROUTE       922     2.137 PLL_BR0.CLKOS2 to    R31C37D.CLK s_PLL_CLK20M
                  --------
                    3.660   (31.1% logic, 68.9% route), 2 logic levels.

      Destination Clock f/b:

   Name    Fanout   Delay (ns)          Site               Resource
CLKFB2OP_D  ---     0.000  PLL_BR0.CLKFB to  PLL_BR0.CLKOP slv_com/clk_gen_inst2/PLL_inst/PLLInst_0
ROUTE       163     2.237  PLL_BR0.CLKOP to  PLL_BR0.CLKFB slv_com.CLKCOM_OUT
                  --------
                    2.237   (0.0% logic, 100.0% route), 1 logic levels.

Report:   74.206MHz is the maximum frequency for this preference.


================================================================================
Preference: FREQUENCY NET "slv_com/CLK2A" 100.000000 MHz ;
            108 items scored, 0 timing errors detected.
--------------------------------------------------------------------------------


Passed: The following path meets requirements by 4.800ns

 Logical Details:  Cell type  Pin type       Cell/ASIC name  (clock net +/-)

   Source:         FF         Q              slv_com/rst_cnt_inst/clk2Ap_cntr[8]  (from slv_com/CLK2A +)
   Destination:    FF         Data in        slv_com/cds_inst/cz[1]  (to slv_com/CLK2A +)

   Delay:               4.400ns  (17.3% logic, 82.7% route), 2 logic levels.

 Constraint Details:

      4.400ns physical path delay slv_com/rst_cnt_inst/SLICE_956 to slv_com/cds_inst/SLICE_940 meets
     10.000ns delay constraint less
      0.000ns skew and
      0.800ns LSRREC_SET requirement (totaling 9.200ns) by 4.800ns

 Physical Path Details:

      Data path slv_com/rst_cnt_inst/SLICE_956 to slv_com/cds_inst/SLICE_940:

   Name    Fanout   Delay (ns)          Site               Resource
REG_DEL     ---     0.525    R12C33C.CLK to     R12C33C.Q0 slv_com/rst_cnt_inst/SLICE_956 (from slv_com/CLK2A)
ROUTE         8     1.992     R12C33C.Q0 to     R34C34A.D0 slv_com/rst_cnt_inst/clk2Ap_cntr[8]
CTOF_DEL    ---     0.236     R34C34A.D0 to     R34C34A.F0 slv_com/rst_cnt_inst/SLICE_2985
ROUTE         3     1.647     R34C34A.F0 to    R40C34D.LSR slv_com/s_RSTb3_2Ap_i (to slv_com/CLK2A)
                  --------
                    4.400   (17.3% logic, 82.7% route), 2 logic levels.

 Clock Skew Details: 

      Source Clock Path slv_com/clk_gen_inst2/PLL_inst/PLLInst_0 to slv_com/rst_cnt_inst/SLICE_956:

   Name    Fanout   Delay (ns)          Site               Resource
ROUTE        16     2.137  PLL_BR0.CLKOS to    R12C33C.CLK slv_com/CLK2A
                  --------
                    2.137   (0.0% logic, 100.0% route), 0 logic levels.

      Destination Clock Path slv_com/clk_gen_inst2/PLL_inst/PLLInst_0 to slv_com/cds_inst/SLICE_940:

   Name    Fanout   Delay (ns)          Site               Resource
ROUTE        16     2.137  PLL_BR0.CLKOS to    R40C34D.CLK slv_com/CLK2A
                  --------
                    2.137   (0.0% logic, 100.0% route), 0 logic levels.


Passed: The following path meets requirements by 5.242ns

 Logical Details:  Cell type  Pin type       Cell/ASIC name  (clock net +/-)

   Source:         FF         Q              slv_com/rst_cnt_inst/clk2Ap_cntr[8]  (from slv_com/CLK2A +)
   Destination:    FF         Data in        slv_com/cds_inst/bz[0]  (to slv_com/CLK2A +)

   Delay:               3.958ns  (19.2% logic, 80.8% route), 2 logic levels.

 Constraint Details:

      3.958ns physical path delay slv_com/rst_cnt_inst/SLICE_956 to slv_com/cds_inst/SLICE_934 meets
     10.000ns delay constraint less
      0.000ns skew and
      0.800ns LSRREC_SET requirement (totaling 9.200ns) by 5.242ns

 Physical Path Details:

      Data path slv_com/rst_cnt_inst/SLICE_956 to slv_com/cds_inst/SLICE_934:

   Name    Fanout   Delay (ns)          Site               Resource
REG_DEL     ---     0.525    R12C33C.CLK to     R12C33C.Q0 slv_com/rst_cnt_inst/SLICE_956 (from slv_com/CLK2A)
ROUTE         8     1.992     R12C33C.Q0 to     R34C34A.D0 slv_com/rst_cnt_inst/clk2Ap_cntr[8]
CTOF_DEL    ---     0.236     R34C34A.D0 to     R34C34A.F0 slv_com/rst_cnt_inst/SLICE_2985
ROUTE         3     1.205     R34C34A.F0 to    R39C35B.LSR slv_com/s_RSTb3_2Ap_i (to slv_com/CLK2A)
                  --------
                    3.958   (19.2% logic, 80.8% route), 2 logic levels.

 Clock Skew Details: 

      Source Clock Path slv_com/clk_gen_inst2/PLL_inst/PLLInst_0 to slv_com/rst_cnt_inst/SLICE_956:

   Name    Fanout   Delay (ns)          Site               Resource
ROUTE        16     2.137  PLL_BR0.CLKOS to    R12C33C.CLK slv_com/CLK2A
                  --------
                    2.137   (0.0% logic, 100.0% route), 0 logic levels.

      Destination Clock Path slv_com/clk_gen_inst2/PLL_inst/PLLInst_0 to slv_com/cds_inst/SLICE_934:

   Name    Fanout   Delay (ns)          Site               Resource
ROUTE        16     2.137  PLL_BR0.CLKOS to    R39C35B.CLK slv_com/CLK2A
                  --------
                    2.137   (0.0% logic, 100.0% route), 0 logic levels.


Passed: The following path meets requirements by 5.242ns

 Logical Details:  Cell type  Pin type       Cell/ASIC name  (clock net +/-)

   Source:         FF         Q              slv_com/rst_cnt_inst/clk2Ap_cntr[8]  (from slv_com/CLK2A +)
   Destination:    FF         Data in        slv_com/cds_inst/dz[2]  (to slv_com/CLK2A +)

   Delay:               3.958ns  (19.2% logic, 80.8% route), 2 logic levels.

 Constraint Details:

      3.958ns physical path delay slv_com/rst_cnt_inst/SLICE_956 to slv_com/cds_inst/SLICE_948 meets
     10.000ns delay constraint less
      0.000ns skew and
      0.800ns LSRREC_SET requirement (totaling 9.200ns) by 5.242ns

 Physical Path Details:

      Data path slv_com/rst_cnt_inst/SLICE_956 to slv_com/cds_inst/SLICE_948:

   Name    Fanout   Delay (ns)          Site               Resource
REG_DEL     ---     0.525    R12C33C.CLK to     R12C33C.Q0 slv_com/rst_cnt_inst/SLICE_956 (from slv_com/CLK2A)
ROUTE         8     1.992     R12C33C.Q0 to     R34C34A.D0 slv_com/rst_cnt_inst/clk2Ap_cntr[8]
CTOF_DEL    ---     0.236     R34C34A.D0 to     R34C34A.F0 slv_com/rst_cnt_inst/SLICE_2985
ROUTE         3     1.205     R34C34A.F0 to    R38C35C.LSR slv_com/s_RSTb3_2Ap_i (to slv_com/CLK2A)
                  --------
                    3.958   (19.2% logic, 80.8% route), 2 logic levels.

 Clock Skew Details: 

      Source Clock Path slv_com/clk_gen_inst2/PLL_inst/PLLInst_0 to slv_com/rst_cnt_inst/SLICE_956:

   Name    Fanout   Delay (ns)          Site               Resource
ROUTE        16     2.137  PLL_BR0.CLKOS to    R12C33C.CLK slv_com/CLK2A
                  --------
                    2.137   (0.0% logic, 100.0% route), 0 logic levels.

      Destination Clock Path slv_com/clk_gen_inst2/PLL_inst/PLLInst_0 to slv_com/cds_inst/SLICE_948:

   Name    Fanout   Delay (ns)          Site               Resource
ROUTE        16     2.137  PLL_BR0.CLKOS to    R38C35C.CLK slv_com/CLK2A
                  --------
                    2.137   (0.0% logic, 100.0% route), 0 logic levels.


Passed: The following path meets requirements by 7.010ns

 Logical Details:  Cell type  Pin type       Cell/ASIC name  (clock net +/-)

   Source:         FF         Q              slv_com/rst_cnt_inst/clk2An_cntr[8]  (from slv_com/CLK2A -)
   Destination:    FF         Data in        slv_com/cds_inst/dz[0]  (to slv_com/CLK2A -)

   Delay:               2.158ns  (33.7% logic, 66.3% route), 2 logic levels.

 Constraint Details:

      2.158ns physical path delay slv_com/rst_cnt_inst/SLICE_953 to slv_com/cds_inst/SLICE_946 meets
     10.000ns delay constraint less
      0.000ns skew and
      0.832ns LSRREC_SET requirement (totaling 9.168ns) by 7.010ns

 Physical Path Details:

      Data path slv_com/rst_cnt_inst/SLICE_953 to slv_com/cds_inst/SLICE_946:

   Name    Fanout   Delay (ns)          Site               Resource
REG_DEL     ---     0.491    R44C35C.CLK to     R44C35C.Q0 slv_com/rst_cnt_inst/SLICE_953 (from slv_com/CLK2A)
ROUTE         8     1.059     R44C35C.Q0 to     R40C35C.B0 slv_com/clk2An_cntr[8]
CTOF_DEL    ---     0.236     R40C35C.B0 to     R40C35C.F0 slv_com/cds_inst/SLICE_2909
ROUTE         1     0.372     R40C35C.F0 to    R40C35B.LSR slv_com/cds_inst/s_RSTb3_2An_i (to slv_com/CLK2A)
                  --------
                    2.158   (33.7% logic, 66.3% route), 2 logic levels.

 Clock Skew Details: 

      Source Clock Path slv_com/clk_gen_inst2/PLL_inst/PLLInst_0 to slv_com/rst_cnt_inst/SLICE_953:

   Name    Fanout   Delay (ns)          Site               Resource
ROUTE        16     2.137  PLL_BR0.CLKOS to    R44C35C.CLK slv_com/CLK2A
                  --------
                    2.137   (0.0% logic, 100.0% route), 0 logic levels.

      Destination Clock Path slv_com/clk_gen_inst2/PLL_inst/PLLInst_0 to slv_com/cds_inst/SLICE_946:

   Name    Fanout   Delay (ns)          Site               Resource
ROUTE        16     2.137  PLL_BR0.CLKOS to    R40C35B.CLK slv_com/CLK2A
                  --------
                    2.137   (0.0% logic, 100.0% route), 0 logic levels.


Passed: The following path meets requirements by 7.139ns

 Logical Details:  Cell type  Pin type       Cell/ASIC name  (clock net +/-)

   Source:         FF         Q              slv_com/rst_cnt_inst/clk2Ap_cntr[1]  (from slv_com/CLK2A +)
   Destination:    FF         Data in        slv_com/rst_cnt_inst/clk2Ap_cntr[8]  (to slv_com/CLK2A +)

   Delay:               3.121ns  (58.4% logic, 41.6% route), 6 logic levels.

 Constraint Details:

      3.121ns physical path delay slv_com/rst_cnt_inst/SLICE_377 to slv_com/rst_cnt_inst/SLICE_956 meets
     10.000ns delay constraint less
      0.000ns skew and
     -0.260ns DIN_SET requirement (totaling 10.260ns) by 7.139ns

 Physical Path Details:

      Data path slv_com/rst_cnt_inst/SLICE_377 to slv_com/rst_cnt_inst/SLICE_956:

   Name    Fanout   Delay (ns)          Site               Resource
REG_DEL     ---     0.525    R12C32B.CLK to     R12C32B.Q0 slv_com/rst_cnt_inst/SLICE_377 (from slv_com/CLK2A)
ROUTE         1     0.739     R12C32B.Q0 to     R12C32B.B0 slv_com/rst_cnt_inst/clk2Ap_cntr[1]
C0TOFCO_DE  ---     0.447     R12C32B.B0 to    R12C32B.FCO slv_com/rst_cnt_inst/SLICE_377
ROUTE         1     0.000    R12C32B.FCO to    R12C32C.FCI slv_com/rst_cnt_inst/clk2Ap_cntr_cry[2]
FCITOFCO_D  ---     0.071    R12C32C.FCI to    R12C32C.FCO slv_com/rst_cnt_inst/SLICE_378
ROUTE         1     0.000    R12C32C.FCO to    R12C32D.FCI slv_com/rst_cnt_inst/clk2Ap_cntr_cry[4]
FCITOFCO_D  ---     0.071    R12C32D.FCI to    R12C32D.FCO slv_com/rst_cnt_inst/SLICE_379
ROUTE         1     0.000    R12C32D.FCO to    R12C33A.FCI slv_com/rst_cnt_inst/clk2Ap_cntr_cry[6]
FCITOF1_DE  ---     0.474    R12C33A.FCI to     R12C33A.F1 slv_com/rst_cnt_inst/SLICE_380
ROUTE         1     0.558     R12C33A.F1 to     R12C33C.B0 slv_com/rst_cnt_inst/clk2Ap_cntr_s[8]
CTOF_DEL    ---     0.236     R12C33C.B0 to     R12C33C.F0 slv_com/rst_cnt_inst/SLICE_956
ROUTE         1     0.000     R12C33C.F0 to    R12C33C.DI0 slv_com/rst_cnt_inst/N_17423_0 (to slv_com/CLK2A)
                  --------
                    3.121   (58.4% logic, 41.6% route), 6 logic levels.

 Clock Skew Details: 

      Source Clock Path slv_com/clk_gen_inst2/PLL_inst/PLLInst_0 to slv_com/rst_cnt_inst/SLICE_377:

   Name    Fanout   Delay (ns)          Site               Resource
ROUTE        16     2.137  PLL_BR0.CLKOS to    R12C32B.CLK slv_com/CLK2A
                  --------
                    2.137   (0.0% logic, 100.0% route), 0 logic levels.

      Destination Clock Path slv_com/clk_gen_inst2/PLL_inst/PLLInst_0 to slv_com/rst_cnt_inst/SLICE_956:

   Name    Fanout   Delay (ns)          Site               Resource
ROUTE        16     2.137  PLL_BR0.CLKOS to    R12C33C.CLK slv_com/CLK2A
                  --------
                    2.137   (0.0% logic, 100.0% route), 0 logic levels.


Passed: The following path meets requirements by 7.147ns

 Logical Details:  Cell type  Pin type       Cell/ASIC name  (clock net +/-)

   Source:         FF         Q              slv_com/rst_cnt_inst/clk2An_cntr[1]  (from slv_com/CLK2A -)
   Destination:    FF         Data in        slv_com/rst_cnt_inst/clk2An_cntr[8]  (to slv_com/CLK2A -)

   Delay:               3.087ns  (58.0% logic, 42.0% route), 6 logic levels.

 Constraint Details:

      3.087ns physical path delay slv_com/rst_cnt_inst/SLICE_382 to slv_com/rst_cnt_inst/SLICE_953 meets
     10.000ns delay constraint less
      0.000ns skew and
     -0.234ns DIN_SET requirement (totaling 10.234ns) by 7.147ns

 Physical Path Details:

      Data path slv_com/rst_cnt_inst/SLICE_382 to slv_com/rst_cnt_inst/SLICE_953:

   Name    Fanout   Delay (ns)          Site               Resource
REG_DEL     ---     0.491    R44C34B.CLK to     R44C34B.Q0 slv_com/rst_cnt_inst/SLICE_382 (from slv_com/CLK2A)
ROUTE         1     0.739     R44C34B.Q0 to     R44C34B.B0 slv_com/rst_cnt_inst/clk2An_cntr[1]
C0TOFCO_DE  ---     0.447     R44C34B.B0 to    R44C34B.FCO slv_com/rst_cnt_inst/SLICE_382
ROUTE         1     0.000    R44C34B.FCO to    R44C34C.FCI slv_com/rst_cnt_inst/clk2An_cntr_cry[2]
FCITOFCO_D  ---     0.071    R44C34C.FCI to    R44C34C.FCO slv_com/rst_cnt_inst/SLICE_383
ROUTE         1     0.000    R44C34C.FCO to    R44C34D.FCI slv_com/rst_cnt_inst/clk2An_cntr_cry[4]
FCITOFCO_D  ---     0.071    R44C34D.FCI to    R44C34D.FCO slv_com/rst_cnt_inst/SLICE_384
ROUTE         1     0.000    R44C34D.FCO to    R44C35A.FCI slv_com/rst_cnt_inst/clk2An_cntr_cry[6]
FCITOF1_DE  ---     0.474    R44C35A.FCI to     R44C35A.F1 slv_com/rst_cnt_inst/SLICE_385
ROUTE         1     0.558     R44C35A.F1 to     R44C35C.B0 slv_com/rst_cnt_inst/clk2An_cntr_s[8]
CTOF_DEL    ---     0.236     R44C35C.B0 to     R44C35C.F0 slv_com/rst_cnt_inst/SLICE_953
ROUTE         1     0.000     R44C35C.F0 to    R44C35C.DI0 slv_com/rst_cnt_inst/N_17414_0 (to slv_com/CLK2A)
                  --------
                    3.087   (58.0% logic, 42.0% route), 6 logic levels.

 Clock Skew Details: 

      Source Clock Path slv_com/clk_gen_inst2/PLL_inst/PLLInst_0 to slv_com/rst_cnt_inst/SLICE_382:

   Name    Fanout   Delay (ns)          Site               Resource
ROUTE        16     2.137  PLL_BR0.CLKOS to    R44C34B.CLK slv_com/CLK2A
                  --------
                    2.137   (0.0% logic, 100.0% route), 0 logic levels.

      Destination Clock Path slv_com/clk_gen_inst2/PLL_inst/PLLInst_0 to slv_com/rst_cnt_inst/SLICE_953:

   Name    Fanout   Delay (ns)          Site               Resource
ROUTE        16     2.137  PLL_BR0.CLKOS to    R44C35C.CLK slv_com/CLK2A
                  --------
                    2.137   (0.0% logic, 100.0% route), 0 logic levels.


Passed: The following path meets requirements by 7.202ns

 Logical Details:  Cell type  Pin type       Cell/ASIC name  (clock net +/-)

   Source:         FF         Q              slv_com/rst_cnt_inst/clk2Ap_cntr[3]  (from slv_com/CLK2A +)
   Destination:    FF         Data in        slv_com/rst_cnt_inst/clk2Ap_cntr[8]  (to slv_com/CLK2A +)

   Delay:               3.058ns  (57.3% logic, 42.7% route), 5 logic levels.

 Constraint Details:

      3.058ns physical path delay slv_com/rst_cnt_inst/SLICE_378 to slv_com/rst_cnt_inst/SLICE_956 meets
     10.000ns delay constraint less
      0.000ns skew and
     -0.260ns DIN_SET requirement (totaling 10.260ns) by 7.202ns

 Physical Path Details:

      Data path slv_com/rst_cnt_inst/SLICE_378 to slv_com/rst_cnt_inst/SLICE_956:

   Name    Fanout   Delay (ns)          Site               Resource
REG_DEL     ---     0.525    R12C32C.CLK to     R12C32C.Q0 slv_com/rst_cnt_inst/SLICE_378 (from slv_com/CLK2A)
ROUTE         1     0.747     R12C32C.Q0 to     R12C32C.A0 slv_com/rst_cnt_inst/clk2Ap_cntr[3]
C0TOFCO_DE  ---     0.447     R12C32C.A0 to    R12C32C.FCO slv_com/rst_cnt_inst/SLICE_378
ROUTE         1     0.000    R12C32C.FCO to    R12C32D.FCI slv_com/rst_cnt_inst/clk2Ap_cntr_cry[4]
FCITOFCO_D  ---     0.071    R12C32D.FCI to    R12C32D.FCO slv_com/rst_cnt_inst/SLICE_379
ROUTE         1     0.000    R12C32D.FCO to    R12C33A.FCI slv_com/rst_cnt_inst/clk2Ap_cntr_cry[6]
FCITOF1_DE  ---     0.474    R12C33A.FCI to     R12C33A.F1 slv_com/rst_cnt_inst/SLICE_380
ROUTE         1     0.558     R12C33A.F1 to     R12C33C.B0 slv_com/rst_cnt_inst/clk2Ap_cntr_s[8]
CTOF_DEL    ---     0.236     R12C33C.B0 to     R12C33C.F0 slv_com/rst_cnt_inst/SLICE_956
ROUTE         1     0.000     R12C33C.F0 to    R12C33C.DI0 slv_com/rst_cnt_inst/N_17423_0 (to slv_com/CLK2A)
                  --------
                    3.058   (57.3% logic, 42.7% route), 5 logic levels.

 Clock Skew Details: 

      Source Clock Path slv_com/clk_gen_inst2/PLL_inst/PLLInst_0 to slv_com/rst_cnt_inst/SLICE_378:

   Name    Fanout   Delay (ns)          Site               Resource
ROUTE        16     2.137  PLL_BR0.CLKOS to    R12C32C.CLK slv_com/CLK2A
                  --------
                    2.137   (0.0% logic, 100.0% route), 0 logic levels.

      Destination Clock Path slv_com/clk_gen_inst2/PLL_inst/PLLInst_0 to slv_com/rst_cnt_inst/SLICE_956:

   Name    Fanout   Delay (ns)          Site               Resource
ROUTE        16     2.137  PLL_BR0.CLKOS to    R12C33C.CLK slv_com/CLK2A
                  --------
                    2.137   (0.0% logic, 100.0% route), 0 logic levels.


Passed: The following path meets requirements by 7.210ns

 Logical Details:  Cell type  Pin type       Cell/ASIC name  (clock net +/-)

   Source:         FF         Q              slv_com/rst_cnt_inst/clk2An_cntr[3]  (from slv_com/CLK2A -)
   Destination:    FF         Data in        slv_com/rst_cnt_inst/clk2An_cntr[8]  (to slv_com/CLK2A -)

   Delay:               3.024ns  (56.8% logic, 43.2% route), 5 logic levels.

 Constraint Details:

      3.024ns physical path delay slv_com/rst_cnt_inst/SLICE_383 to slv_com/rst_cnt_inst/SLICE_953 meets
     10.000ns delay constraint less
      0.000ns skew and
     -0.234ns DIN_SET requirement (totaling 10.234ns) by 7.210ns

 Physical Path Details:

      Data path slv_com/rst_cnt_inst/SLICE_383 to slv_com/rst_cnt_inst/SLICE_953:

   Name    Fanout   Delay (ns)          Site               Resource
REG_DEL     ---     0.491    R44C34C.CLK to     R44C34C.Q0 slv_com/rst_cnt_inst/SLICE_383 (from slv_com/CLK2A)
ROUTE         1     0.747     R44C34C.Q0 to     R44C34C.A0 slv_com/rst_cnt_inst/clk2An_cntr[3]
C0TOFCO_DE  ---     0.447     R44C34C.A0 to    R44C34C.FCO slv_com/rst_cnt_inst/SLICE_383
ROUTE         1     0.000    R44C34C.FCO to    R44C34D.FCI slv_com/rst_cnt_inst/clk2An_cntr_cry[4]
FCITOFCO_D  ---     0.071    R44C34D.FCI to    R44C34D.FCO slv_com/rst_cnt_inst/SLICE_384
ROUTE         1     0.000    R44C34D.FCO to    R44C35A.FCI slv_com/rst_cnt_inst/clk2An_cntr_cry[6]
FCITOF1_DE  ---     0.474    R44C35A.FCI to     R44C35A.F1 slv_com/rst_cnt_inst/SLICE_385
ROUTE         1     0.558     R44C35A.F1 to     R44C35C.B0 slv_com/rst_cnt_inst/clk2An_cntr_s[8]
CTOF_DEL    ---     0.236     R44C35C.B0 to     R44C35C.F0 slv_com/rst_cnt_inst/SLICE_953
ROUTE         1     0.000     R44C35C.F0 to    R44C35C.DI0 slv_com/rst_cnt_inst/N_17414_0 (to slv_com/CLK2A)
                  --------
                    3.024   (56.8% logic, 43.2% route), 5 logic levels.

 Clock Skew Details: 

      Source Clock Path slv_com/clk_gen_inst2/PLL_inst/PLLInst_0 to slv_com/rst_cnt_inst/SLICE_383:

   Name    Fanout   Delay (ns)          Site               Resource
ROUTE        16     2.137  PLL_BR0.CLKOS to    R44C34C.CLK slv_com/CLK2A
                  --------
                    2.137   (0.0% logic, 100.0% route), 0 logic levels.

      Destination Clock Path slv_com/clk_gen_inst2/PLL_inst/PLLInst_0 to slv_com/rst_cnt_inst/SLICE_953:

   Name    Fanout   Delay (ns)          Site               Resource
ROUTE        16     2.137  PLL_BR0.CLKOS to    R44C35C.CLK slv_com/CLK2A
                  --------
                    2.137   (0.0% logic, 100.0% route), 0 logic levels.


Passed: The following path meets requirements by 7.229ns

 Logical Details:  Cell type  Pin type       Cell/ASIC name  (clock net +/-)

   Source:         FF         Q              slv_com/rst_cnt_inst/clk2Ap_cntr[5]  (from slv_com/CLK2A +)
   Destination:    FF         Data in        slv_com/rst_cnt_inst/clk2Ap_cntr[8]  (to slv_com/CLK2A +)

   Delay:               3.031ns  (55.5% logic, 44.5% route), 4 logic levels.

 Constraint Details:

      3.031ns physical path delay slv_com/rst_cnt_inst/SLICE_379 to slv_com/rst_cnt_inst/SLICE_956 meets
     10.000ns delay constraint less
      0.000ns skew and
     -0.260ns DIN_SET requirement (totaling 10.260ns) by 7.229ns

 Physical Path Details:

      Data path slv_com/rst_cnt_inst/SLICE_379 to slv_com/rst_cnt_inst/SLICE_956:

   Name    Fanout   Delay (ns)          Site               Resource
REG_DEL     ---     0.525    R12C32D.CLK to     R12C32D.Q0 slv_com/rst_cnt_inst/SLICE_379 (from slv_com/CLK2A)
ROUTE         1     0.791     R12C32D.Q0 to     R12C32D.B0 slv_com/rst_cnt_inst/clk2Ap_cntr[5]
C0TOFCO_DE  ---     0.447     R12C32D.B0 to    R12C32D.FCO slv_com/rst_cnt_inst/SLICE_379
ROUTE         1     0.000    R12C32D.FCO to    R12C33A.FCI slv_com/rst_cnt_inst/clk2Ap_cntr_cry[6]
FCITOF1_DE  ---     0.474    R12C33A.FCI to     R12C33A.F1 slv_com/rst_cnt_inst/SLICE_380
ROUTE         1     0.558     R12C33A.F1 to     R12C33C.B0 slv_com/rst_cnt_inst/clk2Ap_cntr_s[8]
CTOF_DEL    ---     0.236     R12C33C.B0 to     R12C33C.F0 slv_com/rst_cnt_inst/SLICE_956
ROUTE         1     0.000     R12C33C.F0 to    R12C33C.DI0 slv_com/rst_cnt_inst/N_17423_0 (to slv_com/CLK2A)
                  --------
                    3.031   (55.5% logic, 44.5% route), 4 logic levels.

 Clock Skew Details: 

      Source Clock Path slv_com/clk_gen_inst2/PLL_inst/PLLInst_0 to slv_com/rst_cnt_inst/SLICE_379:

   Name    Fanout   Delay (ns)          Site               Resource
ROUTE        16     2.137  PLL_BR0.CLKOS to    R12C32D.CLK slv_com/CLK2A
                  --------
                    2.137   (0.0% logic, 100.0% route), 0 logic levels.

      Destination Clock Path slv_com/clk_gen_inst2/PLL_inst/PLLInst_0 to slv_com/rst_cnt_inst/SLICE_956:

   Name    Fanout   Delay (ns)          Site               Resource
ROUTE        16     2.137  PLL_BR0.CLKOS to    R12C33C.CLK slv_com/CLK2A
                  --------
                    2.137   (0.0% logic, 100.0% route), 0 logic levels.


Passed: The following path meets requirements by 7.237ns

 Logical Details:  Cell type  Pin type       Cell/ASIC name  (clock net +/-)

   Source:         FF         Q              slv_com/rst_cnt_inst/clk2An_cntr[5]  (from slv_com/CLK2A -)
   Destination:    FF         Data in        slv_com/rst_cnt_inst/clk2An_cntr[8]  (to slv_com/CLK2A -)

   Delay:               2.997ns  (55.0% logic, 45.0% route), 4 logic levels.

 Constraint Details:

      2.997ns physical path delay slv_com/rst_cnt_inst/SLICE_384 to slv_com/rst_cnt_inst/SLICE_953 meets
     10.000ns delay constraint less
      0.000ns skew and
     -0.234ns DIN_SET requirement (totaling 10.234ns) by 7.237ns

 Physical Path Details:

      Data path slv_com/rst_cnt_inst/SLICE_384 to slv_com/rst_cnt_inst/SLICE_953:

   Name    Fanout   Delay (ns)          Site               Resource
REG_DEL     ---     0.491    R44C34D.CLK to     R44C34D.Q0 slv_com/rst_cnt_inst/SLICE_384 (from slv_com/CLK2A)
ROUTE         1     0.791     R44C34D.Q0 to     R44C34D.B0 slv_com/rst_cnt_inst/clk2An_cntr[5]
C0TOFCO_DE  ---     0.447     R44C34D.B0 to    R44C34D.FCO slv_com/rst_cnt_inst/SLICE_384
ROUTE         1     0.000    R44C34D.FCO to    R44C35A.FCI slv_com/rst_cnt_inst/clk2An_cntr_cry[6]
FCITOF1_DE  ---     0.474    R44C35A.FCI to     R44C35A.F1 slv_com/rst_cnt_inst/SLICE_385
ROUTE         1     0.558     R44C35A.F1 to     R44C35C.B0 slv_com/rst_cnt_inst/clk2An_cntr_s[8]
CTOF_DEL    ---     0.236     R44C35C.B0 to     R44C35C.F0 slv_com/rst_cnt_inst/SLICE_953
ROUTE         1     0.000     R44C35C.F0 to    R44C35C.DI0 slv_com/rst_cnt_inst/N_17414_0 (to slv_com/CLK2A)
                  --------
                    2.997   (55.0% logic, 45.0% route), 4 logic levels.

 Clock Skew Details: 

      Source Clock Path slv_com/clk_gen_inst2/PLL_inst/PLLInst_0 to slv_com/rst_cnt_inst/SLICE_384:

   Name    Fanout   Delay (ns)          Site               Resource
ROUTE        16     2.137  PLL_BR0.CLKOS to    R44C34D.CLK slv_com/CLK2A
                  --------
                    2.137   (0.0% logic, 100.0% route), 0 logic levels.

      Destination Clock Path slv_com/clk_gen_inst2/PLL_inst/PLLInst_0 to slv_com/rst_cnt_inst/SLICE_953:

   Name    Fanout   Delay (ns)          Site               Resource
ROUTE        16     2.137  PLL_BR0.CLKOS to    R44C35C.CLK slv_com/CLK2A
                  --------
                    2.137   (0.0% logic, 100.0% route), 0 logic levels.

Report:  192.308MHz is the maximum frequency for this preference.


================================================================================
Preference: FREQUENCY NET "slv_com.CLKCOM_OUT" 100.000000 MHz ;
            1427 items scored, 0 timing errors detected.
--------------------------------------------------------------------------------


Passed: The following path meets requirements by 0.861ns

 Logical Details:  Cell type  Pin type       Cell/ASIC name  (clock net +/-)

   Source:         DP16KD     Port           slv_com/tx_com_inst/tx_cont_b2_inst/tx_ck_dcfifo1_48_inst/pdp_ram_0_0_0(ASIC)  (from slv_com.CLKCOM_OUT +)
   Destination:    FF         Data in        slv_com_tx_com_inst_tx_cont_b2_inst_tx_ctl_3rd_inst_ps_dtio[0]  (to slv_com.CLKCOM_OUT +)

   Delay:               8.991ns  (67.5% logic, 32.5% route), 2 logic levels.

 Constraint Details:

      8.991ns physical path delay slv_com/tx_com_inst/tx_cont_b2_inst/tx_ck_dcfifo1_48_inst/pdp_ram_0_0_0 to UP_TXD_MGIOL meets
     10.000ns delay constraint less
      0.000ns skew and
      0.148ns DO_SET requirement (totaling 9.852ns) by 0.861ns

 Physical Path Details:

      Data path slv_com/tx_com_inst/tx_cont_b2_inst/tx_ck_dcfifo1_48_inst/pdp_ram_0_0_0 to UP_TXD_MGIOL:

   Name    Fanout   Delay (ns)          Site               Resource
C2Q_DEL     ---     5.830 *R_R25C39.CLKB to *R_R25C39.DOB0 slv_com/tx_com_inst/tx_cont_b2_inst/tx_ck_dcfifo1_48_inst/pdp_ram_0_0_0 (from slv_com.CLKCOM_OUT)
ROUTE         1     1.137 *R_R25C39.DOB0 to     R34C41B.D0 slv_com/tx_com_inst/tx_cont_b2_inst/TXEN_B[0]
CTOF_DEL    ---     0.236     R34C41B.D0 to     R34C41B.F0 slv_com/tx_com_inst/tx_cont_b2_inst/tx_ctl_3rd_inst/SLICE_2927
ROUTE         1     1.788     R34C41B.F0 to *_R35A.TXDATA0 slv_com.tx_com_inst.tx_cont_b2_inst.tx_ctl_3rd_inst.ps_dt_13[0] (to slv_com.CLKCOM_OUT)
                  --------
                    8.991   (67.5% logic, 32.5% route), 2 logic levels.

 Clock Skew Details: 

      Source Clock Path slv_com/clk_gen_inst2/PLL_inst/PLLInst_0 to slv_com/tx_com_inst/tx_cont_b2_inst/tx_ck_dcfifo1_48_inst/pdp_ram_0_0_0:

   Name    Fanout   Delay (ns)          Site               Resource
ROUTE       163     2.237  PLL_BR0.CLKOP to *R_R25C39.CLKB slv_com.CLKCOM_OUT
                  --------
                    2.237   (0.0% logic, 100.0% route), 0 logic levels.

      Destination Clock Path slv_com/clk_gen_inst2/PLL_inst/PLLInst_0 to UP_TXD_MGIOL:

   Name    Fanout   Delay (ns)          Site               Resource
ROUTE       163     2.237  PLL_BR0.CLKOP to   IOL_R35A.CLK slv_com.CLKCOM_OUT
                  --------
                    2.237   (0.0% logic, 100.0% route), 0 logic levels.


Passed: The following path meets requirements by 2.418ns

 Logical Details:  Cell type  Pin type       Cell/ASIC name  (clock net +/-)

   Source:         DP16KD     Port           slv_com/tx_com_inst/tx_cont_b1_inst/tx_dcfifo1_48_inst/pdp_ram_0_0_0(ASIC)  (from slv_com.CLK1 +)
   Destination:    FF         Data in        slv_com/tx_com_inst/tx_cont_b1_inst/crc_gen_inst/ps_dt[6]  (to slv_com.CLKCOM_OUT +)

   Delay:               7.742ns  (78.4% logic, 21.6% route), 2 logic levels.

 Constraint Details:

      7.742ns physical path delay slv_com/tx_com_inst/tx_cont_b1_inst/tx_dcfifo1_48_inst/pdp_ram_0_0_0 to slv_com/tx_com_inst/tx_cont_b1_inst/SLICE_1226 meets
     10.000ns delay constraint less
      0.100ns skew and
      0.000ns feedback compensation and
     -0.260ns DIN_SET requirement (totaling 10.160ns) by 2.418ns

 Physical Path Details:

      Data path slv_com/tx_com_inst/tx_cont_b1_inst/tx_dcfifo1_48_inst/pdp_ram_0_0_0 to slv_com/tx_com_inst/tx_cont_b1_inst/SLICE_1226:

   Name    Fanout   Delay (ns)          Site               Resource
C2Q_DEL     ---     5.830 *R_R25C28.CLKB to *R_R25C28.DOB6 slv_com/tx_com_inst/tx_cont_b1_inst/tx_dcfifo1_48_inst/pdp_ram_0_0_0 (from slv_com.CLK1)
ROUTE         4     1.676 *R_R25C28.DOB6 to     R24C14A.A0 slv_com/tx_com_inst/tx_cont_b1_inst/TXD_Q[6]
CTOF_DEL    ---     0.236     R24C14A.A0 to     R24C14A.F0 slv_com/tx_com_inst/tx_cont_b1_inst/SLICE_1226
ROUTE         1     0.000     R24C14A.F0 to    R24C14A.DI0 slv_com/tx_com_inst/tx_cont_b1_inst/crc_gen_inst/ps_dt_11[6] (to slv_com.CLKCOM_OUT)
                  --------
                    7.742   (78.4% logic, 21.6% route), 2 logic levels.

 Clock Skew Details: 

      Source Clock Path UP_CLK to slv_com/tx_com_inst/tx_cont_b1_inst/tx_dcfifo1_48_inst/pdp_ram_0_0_0:

   Name    Fanout   Delay (ns)          Site               Resource
PADI_DEL    ---     1.140        M16.PAD to      M16.PADDI UP_CLK
ROUTE         1     0.383      M16.PADDI to   PLL_BR0.CLKI UP_CLK_c
CLKI2OS3_D  ---     0.000   PLL_BR0.CLKI to PLL_BR0.CLKOS3 slv_com/clk_gen_inst2/PLL_inst/PLLInst_0
ROUTE       329     2.237 PLL_BR0.CLKOS3 to *R_R25C28.CLKB slv_com.CLK1
                  --------
                    3.760   (30.3% logic, 69.7% route), 2 logic levels.

      Source Clock f/b:

   Name    Fanout   Delay (ns)          Site               Resource
CLKFB2OP_D  ---     0.000  PLL_BR0.CLKFB to  PLL_BR0.CLKOP slv_com/clk_gen_inst2/PLL_inst/PLLInst_0
ROUTE       163     2.237  PLL_BR0.CLKOP to  PLL_BR0.CLKFB slv_com.CLKCOM_OUT
                  --------
                    2.237   (0.0% logic, 100.0% route), 1 logic levels.

      Destination Clock Path UP_CLK to slv_com/tx_com_inst/tx_cont_b1_inst/SLICE_1226:

   Name    Fanout   Delay (ns)          Site               Resource
PADI_DEL    ---     1.140        M16.PAD to      M16.PADDI UP_CLK
ROUTE         1     0.383      M16.PADDI to   PLL_BR0.CLKI UP_CLK_c
CLKI2OP_DE  ---     0.000   PLL_BR0.CLKI to  PLL_BR0.CLKOP slv_com/clk_gen_inst2/PLL_inst/PLLInst_0
ROUTE       163     2.137  PLL_BR0.CLKOP to    R24C14A.CLK slv_com.CLKCOM_OUT
                  --------
                    3.660   (31.1% logic, 68.9% route), 2 logic levels.

      Destination Clock f/b:

   Name    Fanout   Delay (ns)          Site               Resource
CLKFB2OP_D  ---     0.000  PLL_BR0.CLKFB to  PLL_BR0.CLKOP slv_com/clk_gen_inst2/PLL_inst/PLLInst_0
ROUTE       163     2.237  PLL_BR0.CLKOP to  PLL_BR0.CLKFB slv_com.CLKCOM_OUT
                  --------
                    2.237   (0.0% logic, 100.0% route), 1 logic levels.


Passed: The following path meets requirements by 2.428ns

 Logical Details:  Cell type  Pin type       Cell/ASIC name  (clock net +/-)

   Source:         DP16KD     Port           slv_com/tx_com_inst/tx_cont_b1_inst/tx_dcfifo1_48_inst/pdp_ram_0_0_0(ASIC)  (from slv_com.CLK1 +)
   Destination:    FF         Data in        slv_com/tx_com_inst/tx_cont_b1_inst/crc_gen_inst/ps_dt[0]  (to slv_com.CLKCOM_OUT +)

   Delay:               7.732ns  (78.5% logic, 21.5% route), 2 logic levels.

 Constraint Details:

      7.732ns physical path delay slv_com/tx_com_inst/tx_cont_b1_inst/tx_dcfifo1_48_inst/pdp_ram_0_0_0 to slv_com/tx_com_inst/tx_cont_b1_inst/crc_gen_inst/SLICE_1223 meets
     10.000ns delay constraint less
      0.100ns skew and
      0.000ns feedback compensation and
     -0.260ns DIN_SET requirement (totaling 10.160ns) by 2.428ns

 Physical Path Details:

      Data path slv_com/tx_com_inst/tx_cont_b1_inst/tx_dcfifo1_48_inst/pdp_ram_0_0_0 to slv_com/tx_com_inst/tx_cont_b1_inst/crc_gen_inst/SLICE_1223:

   Name    Fanout   Delay (ns)          Site               Resource
C2Q_DEL     ---     5.830 *R_R25C28.CLKB to *R_R25C28.DOB0 slv_com/tx_com_inst/tx_cont_b1_inst/tx_dcfifo1_48_inst/pdp_ram_0_0_0 (from slv_com.CLK1)
ROUTE         5     1.666 *R_R25C28.DOB0 to     R24C14C.A0 slv_com/tx_com_inst/tx_cont_b1_inst/TXD_Q[0]
CTOF_DEL    ---     0.236     R24C14C.A0 to     R24C14C.F0 slv_com/tx_com_inst/tx_cont_b1_inst/crc_gen_inst/SLICE_1223
ROUTE         1     0.000     R24C14C.F0 to    R24C14C.DI0 slv_com/tx_com_inst/tx_cont_b1_inst/crc_gen_inst/ps_dt_11[0] (to slv_com.CLKCOM_OUT)
                  --------
                    7.732   (78.5% logic, 21.5% route), 2 logic levels.

 Clock Skew Details: 

      Source Clock Path UP_CLK to slv_com/tx_com_inst/tx_cont_b1_inst/tx_dcfifo1_48_inst/pdp_ram_0_0_0:

   Name    Fanout   Delay (ns)          Site               Resource
PADI_DEL    ---     1.140        M16.PAD to      M16.PADDI UP_CLK
ROUTE         1     0.383      M16.PADDI to   PLL_BR0.CLKI UP_CLK_c
CLKI2OS3_D  ---     0.000   PLL_BR0.CLKI to PLL_BR0.CLKOS3 slv_com/clk_gen_inst2/PLL_inst/PLLInst_0
ROUTE       329     2.237 PLL_BR0.CLKOS3 to *R_R25C28.CLKB slv_com.CLK1
                  --------
                    3.760   (30.3% logic, 69.7% route), 2 logic levels.

      Source Clock f/b:

   Name    Fanout   Delay (ns)          Site               Resource
CLKFB2OP_D  ---     0.000  PLL_BR0.CLKFB to  PLL_BR0.CLKOP slv_com/clk_gen_inst2/PLL_inst/PLLInst_0
ROUTE       163     2.237  PLL_BR0.CLKOP to  PLL_BR0.CLKFB slv_com.CLKCOM_OUT
                  --------
                    2.237   (0.0% logic, 100.0% route), 1 logic levels.

      Destination Clock Path UP_CLK to slv_com/tx_com_inst/tx_cont_b1_inst/crc_gen_inst/SLICE_1223:

   Name    Fanout   Delay (ns)          Site               Resource
PADI_DEL    ---     1.140        M16.PAD to      M16.PADDI UP_CLK
ROUTE         1     0.383      M16.PADDI to   PLL_BR0.CLKI UP_CLK_c
CLKI2OP_DE  ---     0.000   PLL_BR0.CLKI to  PLL_BR0.CLKOP slv_com/clk_gen_inst2/PLL_inst/PLLInst_0
ROUTE       163     2.137  PLL_BR0.CLKOP to    R24C14C.CLK slv_com.CLKCOM_OUT
                  --------
                    3.660   (31.1% logic, 68.9% route), 2 logic levels.

      Destination Clock f/b:

   Name    Fanout   Delay (ns)          Site               Resource
CLKFB2OP_D  ---     0.000  PLL_BR0.CLKFB to  PLL_BR0.CLKOP slv_com/clk_gen_inst2/PLL_inst/PLLInst_0
ROUTE       163     2.237  PLL_BR0.CLKOP to  PLL_BR0.CLKFB slv_com.CLKCOM_OUT
                  --------
                    2.237   (0.0% logic, 100.0% route), 1 logic levels.


Passed: The following path meets requirements by 2.459ns

 Logical Details:  Cell type  Pin type       Cell/ASIC name  (clock net +/-)

   Source:         DP16KD     Port           slv_com/tx_com_inst/tx_cont_b1_inst/tx_dcfifo1_48_inst/pdp_ram_0_0_0(ASIC)  (from slv_com.CLK1 +)
   Destination:    FF         Data in        slv_com/tx_com_inst/tx_cont_b1_inst/crc_gen_inst/ps_dt[1]  (to slv_com.CLKCOM_OUT +)

   Delay:               7.707ns  (78.7% logic, 21.3% route), 2 logic levels.

 Constraint Details:

      7.707ns physical path delay slv_com/tx_com_inst/tx_cont_b1_inst/tx_dcfifo1_48_inst/pdp_ram_0_0_0 to slv_com/tx_com_inst/tx_cont_b1_inst/crc_gen_inst/SLICE_1223 meets
     10.000ns delay constraint less
      0.100ns skew and
      0.000ns feedback compensation and
     -0.266ns DIN_SET requirement (totaling 10.166ns) by 2.459ns

 Physical Path Details:

      Data path slv_com/tx_com_inst/tx_cont_b1_inst/tx_dcfifo1_48_inst/pdp_ram_0_0_0 to slv_com/tx_com_inst/tx_cont_b1_inst/crc_gen_inst/SLICE_1223:

   Name    Fanout   Delay (ns)          Site               Resource
C2Q_DEL     ---     5.830 *R_R25C28.CLKB to *R_R25C28.DOB1 slv_com/tx_com_inst/tx_cont_b1_inst/tx_dcfifo1_48_inst/pdp_ram_0_0_0 (from slv_com.CLK1)
ROUTE         4     1.641 *R_R25C28.DOB1 to     R24C14C.A1 slv_com/tx_com_inst/tx_cont_b1_inst/TXD_Q[1]
CTOF_DEL    ---     0.236     R24C14C.A1 to     R24C14C.F1 slv_com/tx_com_inst/tx_cont_b1_inst/crc_gen_inst/SLICE_1223
ROUTE         1     0.000     R24C14C.F1 to    R24C14C.DI1 slv_com/tx_com_inst/tx_cont_b1_inst/crc_gen_inst/ps_dt_11[1] (to slv_com.CLKCOM_OUT)
                  --------
                    7.707   (78.7% logic, 21.3% route), 2 logic levels.

 Clock Skew Details: 

      Source Clock Path UP_CLK to slv_com/tx_com_inst/tx_cont_b1_inst/tx_dcfifo1_48_inst/pdp_ram_0_0_0:

   Name    Fanout   Delay (ns)          Site               Resource
PADI_DEL    ---     1.140        M16.PAD to      M16.PADDI UP_CLK
ROUTE         1     0.383      M16.PADDI to   PLL_BR0.CLKI UP_CLK_c
CLKI2OS3_D  ---     0.000   PLL_BR0.CLKI to PLL_BR0.CLKOS3 slv_com/clk_gen_inst2/PLL_inst/PLLInst_0
ROUTE       329     2.237 PLL_BR0.CLKOS3 to *R_R25C28.CLKB slv_com.CLK1
                  --------
                    3.760   (30.3% logic, 69.7% route), 2 logic levels.

      Source Clock f/b:

   Name    Fanout   Delay (ns)          Site               Resource
CLKFB2OP_D  ---     0.000  PLL_BR0.CLKFB to  PLL_BR0.CLKOP slv_com/clk_gen_inst2/PLL_inst/PLLInst_0
ROUTE       163     2.237  PLL_BR0.CLKOP to  PLL_BR0.CLKFB slv_com.CLKCOM_OUT
                  --------
                    2.237   (0.0% logic, 100.0% route), 1 logic levels.

      Destination Clock Path UP_CLK to slv_com/tx_com_inst/tx_cont_b1_inst/crc_gen_inst/SLICE_1223:

   Name    Fanout   Delay (ns)          Site               Resource
PADI_DEL    ---     1.140        M16.PAD to      M16.PADDI UP_CLK
ROUTE         1     0.383      M16.PADDI to   PLL_BR0.CLKI UP_CLK_c
CLKI2OP_DE  ---     0.000   PLL_BR0.CLKI to  PLL_BR0.CLKOP slv_com/clk_gen_inst2/PLL_inst/PLLInst_0
ROUTE       163     2.137  PLL_BR0.CLKOP to    R24C14C.CLK slv_com.CLKCOM_OUT
                  --------
                    3.660   (31.1% logic, 68.9% route), 2 logic levels.

      Destination Clock f/b:

   Name    Fanout   Delay (ns)          Site               Resource
CLKFB2OP_D  ---     0.000  PLL_BR0.CLKFB to  PLL_BR0.CLKOP slv_com/clk_gen_inst2/PLL_inst/PLLInst_0
ROUTE       163     2.237  PLL_BR0.CLKOP to  PLL_BR0.CLKFB slv_com.CLKCOM_OUT
                  --------
                    2.237   (0.0% logic, 100.0% route), 1 logic levels.


Passed: The following path meets requirements by 2.585ns

 Logical Details:  Cell type  Pin type       Cell/ASIC name  (clock net +/-)

   Source:         DP16KD     Port           slv_com/tx_com_inst/tx_cont_b1_inst/tx_dcfifo1_48_inst/pdp_ram_0_0_0(ASIC)  (from slv_com.CLK1 +)
   Destination:    FF         Data in        slv_com/tx_com_inst/tx_cont_b1_inst/crc_gen_inst/ps_dt[5]  (to slv_com.CLKCOM_OUT +)

   Delay:               7.581ns  (80.0% logic, 20.0% route), 2 logic levels.

 Constraint Details:

      7.581ns physical path delay slv_com/tx_com_inst/tx_cont_b1_inst/tx_dcfifo1_48_inst/pdp_ram_0_0_0 to slv_com/tx_com_inst/tx_cont_b1_inst/crc_gen_inst/SLICE_1225 meets
     10.000ns delay constraint less
      0.100ns skew and
      0.000ns feedback compensation and
     -0.266ns DIN_SET requirement (totaling 10.166ns) by 2.585ns

 Physical Path Details:

      Data path slv_com/tx_com_inst/tx_cont_b1_inst/tx_dcfifo1_48_inst/pdp_ram_0_0_0 to slv_com/tx_com_inst/tx_cont_b1_inst/crc_gen_inst/SLICE_1225:

   Name    Fanout   Delay (ns)          Site               Resource
C2Q_DEL     ---     5.830 *R_R25C28.CLKB to *R_R25C28.DOB5 slv_com/tx_com_inst/tx_cont_b1_inst/tx_dcfifo1_48_inst/pdp_ram_0_0_0 (from slv_com.CLK1)
ROUTE         4     1.515 *R_R25C28.DOB5 to     R24C14B.D1 slv_com/tx_com_inst/tx_cont_b1_inst/TXD_Q[5]
CTOF_DEL    ---     0.236     R24C14B.D1 to     R24C14B.F1 slv_com/tx_com_inst/tx_cont_b1_inst/crc_gen_inst/SLICE_1225
ROUTE         1     0.000     R24C14B.F1 to    R24C14B.DI1 slv_com/tx_com_inst/tx_cont_b1_inst/crc_gen_inst/ps_dt_11[5] (to slv_com.CLKCOM_OUT)
                  --------
                    7.581   (80.0% logic, 20.0% route), 2 logic levels.

 Clock Skew Details: 

      Source Clock Path UP_CLK to slv_com/tx_com_inst/tx_cont_b1_inst/tx_dcfifo1_48_inst/pdp_ram_0_0_0:

   Name    Fanout   Delay (ns)          Site               Resource
PADI_DEL    ---     1.140        M16.PAD to      M16.PADDI UP_CLK
ROUTE         1     0.383      M16.PADDI to   PLL_BR0.CLKI UP_CLK_c
CLKI2OS3_D  ---     0.000   PLL_BR0.CLKI to PLL_BR0.CLKOS3 slv_com/clk_gen_inst2/PLL_inst/PLLInst_0
ROUTE       329     2.237 PLL_BR0.CLKOS3 to *R_R25C28.CLKB slv_com.CLK1
                  --------
                    3.760   (30.3% logic, 69.7% route), 2 logic levels.

      Source Clock f/b:

   Name    Fanout   Delay (ns)          Site               Resource
CLKFB2OP_D  ---     0.000  PLL_BR0.CLKFB to  PLL_BR0.CLKOP slv_com/clk_gen_inst2/PLL_inst/PLLInst_0
ROUTE       163     2.237  PLL_BR0.CLKOP to  PLL_BR0.CLKFB slv_com.CLKCOM_OUT
                  --------
                    2.237   (0.0% logic, 100.0% route), 1 logic levels.

      Destination Clock Path UP_CLK to slv_com/tx_com_inst/tx_cont_b1_inst/crc_gen_inst/SLICE_1225:

   Name    Fanout   Delay (ns)          Site               Resource
PADI_DEL    ---     1.140        M16.PAD to      M16.PADDI UP_CLK
ROUTE         1     0.383      M16.PADDI to   PLL_BR0.CLKI UP_CLK_c
CLKI2OP_DE  ---     0.000   PLL_BR0.CLKI to  PLL_BR0.CLKOP slv_com/clk_gen_inst2/PLL_inst/PLLInst_0
ROUTE       163     2.137  PLL_BR0.CLKOP to    R24C14B.CLK slv_com.CLKCOM_OUT
                  --------
                    3.660   (31.1% logic, 68.9% route), 2 logic levels.

      Destination Clock f/b:

   Name    Fanout   Delay (ns)          Site               Resource
CLKFB2OP_D  ---     0.000  PLL_BR0.CLKFB to  PLL_BR0.CLKOP slv_com/clk_gen_inst2/PLL_inst/PLLInst_0
ROUTE       163     2.237  PLL_BR0.CLKOP to  PLL_BR0.CLKFB slv_com.CLKCOM_OUT
                  --------
                    2.237   (0.0% logic, 100.0% route), 1 logic levels.


Passed: The following path meets requirements by 2.586ns

 Logical Details:  Cell type  Pin type       Cell/ASIC name  (clock net +/-)

   Source:         DP16KD     Port           slv_com/tx_com_inst/tx_cont_b1_inst/tx_dcfifo1_48_inst/pdp_ram_0_0_0(ASIC)  (from slv_com.CLK1 +)
   Destination:    FF         Data in        slv_com/tx_com_inst/tx_cont_b1_inst/crc_gen_inst/ps_dt[3]  (to slv_com.CLKCOM_OUT +)

   Delay:               7.580ns  (80.0% logic, 20.0% route), 2 logic levels.

 Constraint Details:

      7.580ns physical path delay slv_com/tx_com_inst/tx_cont_b1_inst/tx_dcfifo1_48_inst/pdp_ram_0_0_0 to slv_com/tx_com_inst/tx_cont_b1_inst/crc_gen_inst/SLICE_1224 meets
     10.000ns delay constraint less
      0.100ns skew and
      0.000ns feedback compensation and
     -0.266ns DIN_SET requirement (totaling 10.166ns) by 2.586ns

 Physical Path Details:

      Data path slv_com/tx_com_inst/tx_cont_b1_inst/tx_dcfifo1_48_inst/pdp_ram_0_0_0 to slv_com/tx_com_inst/tx_cont_b1_inst/crc_gen_inst/SLICE_1224:

   Name    Fanout   Delay (ns)          Site               Resource
C2Q_DEL     ---     5.830 *R_R25C28.CLKB to *R_R25C28.DOB3 slv_com/tx_com_inst/tx_cont_b1_inst/tx_dcfifo1_48_inst/pdp_ram_0_0_0 (from slv_com.CLK1)
ROUTE         4     1.514 *R_R25C28.DOB3 to     R24C14D.D1 slv_com/tx_com_inst/tx_cont_b1_inst/TXD_Q[3]
CTOF_DEL    ---     0.236     R24C14D.D1 to     R24C14D.F1 slv_com/tx_com_inst/tx_cont_b1_inst/crc_gen_inst/SLICE_1224
ROUTE         1     0.000     R24C14D.F1 to    R24C14D.DI1 slv_com/tx_com_inst/tx_cont_b1_inst/crc_gen_inst/ps_dt_11[3] (to slv_com.CLKCOM_OUT)
                  --------
                    7.580   (80.0% logic, 20.0% route), 2 logic levels.

 Clock Skew Details: 

      Source Clock Path UP_CLK to slv_com/tx_com_inst/tx_cont_b1_inst/tx_dcfifo1_48_inst/pdp_ram_0_0_0:

   Name    Fanout   Delay (ns)          Site               Resource
PADI_DEL    ---     1.140        M16.PAD to      M16.PADDI UP_CLK
ROUTE         1     0.383      M16.PADDI to   PLL_BR0.CLKI UP_CLK_c
CLKI2OS3_D  ---     0.000   PLL_BR0.CLKI to PLL_BR0.CLKOS3 slv_com/clk_gen_inst2/PLL_inst/PLLInst_0
ROUTE       329     2.237 PLL_BR0.CLKOS3 to *R_R25C28.CLKB slv_com.CLK1
                  --------
                    3.760   (30.3% logic, 69.7% route), 2 logic levels.

      Source Clock f/b:

   Name    Fanout   Delay (ns)          Site               Resource
CLKFB2OP_D  ---     0.000  PLL_BR0.CLKFB to  PLL_BR0.CLKOP slv_com/clk_gen_inst2/PLL_inst/PLLInst_0
ROUTE       163     2.237  PLL_BR0.CLKOP to  PLL_BR0.CLKFB slv_com.CLKCOM_OUT
                  --------
                    2.237   (0.0% logic, 100.0% route), 1 logic levels.

      Destination Clock Path UP_CLK to slv_com/tx_com_inst/tx_cont_b1_inst/crc_gen_inst/SLICE_1224:

   Name    Fanout   Delay (ns)          Site               Resource
PADI_DEL    ---     1.140        M16.PAD to      M16.PADDI UP_CLK
ROUTE         1     0.383      M16.PADDI to   PLL_BR0.CLKI UP_CLK_c
CLKI2OP_DE  ---     0.000   PLL_BR0.CLKI to  PLL_BR0.CLKOP slv_com/clk_gen_inst2/PLL_inst/PLLInst_0
ROUTE       163     2.137  PLL_BR0.CLKOP to    R24C14D.CLK slv_com.CLKCOM_OUT
                  --------
                    3.660   (31.1% logic, 68.9% route), 2 logic levels.

      Destination Clock f/b:

   Name    Fanout   Delay (ns)          Site               Resource
CLKFB2OP_D  ---     0.000  PLL_BR0.CLKFB to  PLL_BR0.CLKOP slv_com/clk_gen_inst2/PLL_inst/PLLInst_0
ROUTE       163     2.237  PLL_BR0.CLKOP to  PLL_BR0.CLKFB slv_com.CLKCOM_OUT
                  --------
                    2.237   (0.0% logic, 100.0% route), 1 logic levels.


Passed: The following path meets requirements by 2.602ns

 Logical Details:  Cell type  Pin type       Cell/ASIC name  (clock net +/-)

   Source:         DP16KD     Port           slv_com/tx_com_inst/tx_cont_b1_inst/tx_dcfifo1_48_inst/pdp_ram_0_0_0(ASIC)  (from slv_com.CLK1 +)
   Destination:    FF         Data in        slv_com/tx_com_inst/tx_cont_b1_inst/crc_gen_inst/ps_dt[2]  (to slv_com.CLKCOM_OUT +)

   Delay:               7.558ns  (80.3% logic, 19.7% route), 2 logic levels.

 Constraint Details:

      7.558ns physical path delay slv_com/tx_com_inst/tx_cont_b1_inst/tx_dcfifo1_48_inst/pdp_ram_0_0_0 to slv_com/tx_com_inst/tx_cont_b1_inst/crc_gen_inst/SLICE_1224 meets
     10.000ns delay constraint less
      0.100ns skew and
      0.000ns feedback compensation and
     -0.260ns DIN_SET requirement (totaling 10.160ns) by 2.602ns

 Physical Path Details:

      Data path slv_com/tx_com_inst/tx_cont_b1_inst/tx_dcfifo1_48_inst/pdp_ram_0_0_0 to slv_com/tx_com_inst/tx_cont_b1_inst/crc_gen_inst/SLICE_1224:

   Name    Fanout   Delay (ns)          Site               Resource
C2Q_DEL     ---     5.830 *R_R25C28.CLKB to *R_R25C28.DOB2 slv_com/tx_com_inst/tx_cont_b1_inst/tx_dcfifo1_48_inst/pdp_ram_0_0_0 (from slv_com.CLK1)
ROUTE         4     1.492 *R_R25C28.DOB2 to     R24C14D.C0 slv_com/tx_com_inst/tx_cont_b1_inst/TXD_Q[2]
CTOF_DEL    ---     0.236     R24C14D.C0 to     R24C14D.F0 slv_com/tx_com_inst/tx_cont_b1_inst/crc_gen_inst/SLICE_1224
ROUTE         1     0.000     R24C14D.F0 to    R24C14D.DI0 slv_com/tx_com_inst/tx_cont_b1_inst/crc_gen_inst/ps_dt_11[2] (to slv_com.CLKCOM_OUT)
                  --------
                    7.558   (80.3% logic, 19.7% route), 2 logic levels.

 Clock Skew Details: 

      Source Clock Path UP_CLK to slv_com/tx_com_inst/tx_cont_b1_inst/tx_dcfifo1_48_inst/pdp_ram_0_0_0:

   Name    Fanout   Delay (ns)          Site               Resource
PADI_DEL    ---     1.140        M16.PAD to      M16.PADDI UP_CLK
ROUTE         1     0.383      M16.PADDI to   PLL_BR0.CLKI UP_CLK_c
CLKI2OS3_D  ---     0.000   PLL_BR0.CLKI to PLL_BR0.CLKOS3 slv_com/clk_gen_inst2/PLL_inst/PLLInst_0
ROUTE       329     2.237 PLL_BR0.CLKOS3 to *R_R25C28.CLKB slv_com.CLK1
                  --------
                    3.760   (30.3% logic, 69.7% route), 2 logic levels.

      Source Clock f/b:

   Name    Fanout   Delay (ns)          Site               Resource
CLKFB2OP_D  ---     0.000  PLL_BR0.CLKFB to  PLL_BR0.CLKOP slv_com/clk_gen_inst2/PLL_inst/PLLInst_0
ROUTE       163     2.237  PLL_BR0.CLKOP to  PLL_BR0.CLKFB slv_com.CLKCOM_OUT
                  --------
                    2.237   (0.0% logic, 100.0% route), 1 logic levels.

      Destination Clock Path UP_CLK to slv_com/tx_com_inst/tx_cont_b1_inst/crc_gen_inst/SLICE_1224:

   Name    Fanout   Delay (ns)          Site               Resource
PADI_DEL    ---     1.140        M16.PAD to      M16.PADDI UP_CLK
ROUTE         1     0.383      M16.PADDI to   PLL_BR0.CLKI UP_CLK_c
CLKI2OP_DE  ---     0.000   PLL_BR0.CLKI to  PLL_BR0.CLKOP slv_com/clk_gen_inst2/PLL_inst/PLLInst_0
ROUTE       163     2.137  PLL_BR0.CLKOP to    R24C14D.CLK slv_com.CLKCOM_OUT
                  --------
                    3.660   (31.1% logic, 68.9% route), 2 logic levels.

      Destination Clock f/b:

   Name    Fanout   Delay (ns)          Site               Resource
CLKFB2OP_D  ---     0.000  PLL_BR0.CLKFB to  PLL_BR0.CLKOP slv_com/clk_gen_inst2/PLL_inst/PLLInst_0
ROUTE       163     2.237  PLL_BR0.CLKOP to  PLL_BR0.CLKFB slv_com.CLKCOM_OUT
                  --------
                    2.237   (0.0% logic, 100.0% route), 1 logic levels.


Passed: The following path meets requirements by 2.602ns

 Logical Details:  Cell type  Pin type       Cell/ASIC name  (clock net +/-)

   Source:         DP16KD     Port           slv_com/tx_com_inst/tx_cont_b1_inst/tx_dcfifo1_48_inst/pdp_ram_0_0_0(ASIC)  (from slv_com.CLK1 +)
   Destination:    FF         Data in        slv_com/tx_com_inst/tx_cont_b1_inst/crc_gen_inst/ps_dt[4]  (to slv_com.CLKCOM_OUT +)

   Delay:               7.558ns  (80.3% logic, 19.7% route), 2 logic levels.

 Constraint Details:

      7.558ns physical path delay slv_com/tx_com_inst/tx_cont_b1_inst/tx_dcfifo1_48_inst/pdp_ram_0_0_0 to slv_com/tx_com_inst/tx_cont_b1_inst/crc_gen_inst/SLICE_1225 meets
     10.000ns delay constraint less
      0.100ns skew and
      0.000ns feedback compensation and
     -0.260ns DIN_SET requirement (totaling 10.160ns) by 2.602ns

 Physical Path Details:

      Data path slv_com/tx_com_inst/tx_cont_b1_inst/tx_dcfifo1_48_inst/pdp_ram_0_0_0 to slv_com/tx_com_inst/tx_cont_b1_inst/crc_gen_inst/SLICE_1225:

   Name    Fanout   Delay (ns)          Site               Resource
C2Q_DEL     ---     5.830 *R_R25C28.CLKB to *R_R25C28.DOB4 slv_com/tx_com_inst/tx_cont_b1_inst/tx_dcfifo1_48_inst/pdp_ram_0_0_0 (from slv_com.CLK1)
ROUTE         4     1.492 *R_R25C28.DOB4 to     R24C14B.C0 slv_com/tx_com_inst/tx_cont_b1_inst/TXD_Q[4]
CTOF_DEL    ---     0.236     R24C14B.C0 to     R24C14B.F0 slv_com/tx_com_inst/tx_cont_b1_inst/crc_gen_inst/SLICE_1225
ROUTE         1     0.000     R24C14B.F0 to    R24C14B.DI0 slv_com/tx_com_inst/tx_cont_b1_inst/crc_gen_inst/ps_dt_11[4] (to slv_com.CLKCOM_OUT)
                  --------
                    7.558   (80.3% logic, 19.7% route), 2 logic levels.

 Clock Skew Details: 

      Source Clock Path UP_CLK to slv_com/tx_com_inst/tx_cont_b1_inst/tx_dcfifo1_48_inst/pdp_ram_0_0_0:

   Name    Fanout   Delay (ns)          Site               Resource
PADI_DEL    ---     1.140        M16.PAD to      M16.PADDI UP_CLK
ROUTE         1     0.383      M16.PADDI to   PLL_BR0.CLKI UP_CLK_c
CLKI2OS3_D  ---     0.000   PLL_BR0.CLKI to PLL_BR0.CLKOS3 slv_com/clk_gen_inst2/PLL_inst/PLLInst_0
ROUTE       329     2.237 PLL_BR0.CLKOS3 to *R_R25C28.CLKB slv_com.CLK1
                  --------
                    3.760   (30.3% logic, 69.7% route), 2 logic levels.

      Source Clock f/b:

   Name    Fanout   Delay (ns)          Site               Resource
CLKFB2OP_D  ---     0.000  PLL_BR0.CLKFB to  PLL_BR0.CLKOP slv_com/clk_gen_inst2/PLL_inst/PLLInst_0
ROUTE       163     2.237  PLL_BR0.CLKOP to  PLL_BR0.CLKFB slv_com.CLKCOM_OUT
                  --------
                    2.237   (0.0% logic, 100.0% route), 1 logic levels.

      Destination Clock Path UP_CLK to slv_com/tx_com_inst/tx_cont_b1_inst/crc_gen_inst/SLICE_1225:

   Name    Fanout   Delay (ns)          Site               Resource
PADI_DEL    ---     1.140        M16.PAD to      M16.PADDI UP_CLK
ROUTE         1     0.383      M16.PADDI to   PLL_BR0.CLKI UP_CLK_c
CLKI2OP_DE  ---     0.000   PLL_BR0.CLKI to  PLL_BR0.CLKOP slv_com/clk_gen_inst2/PLL_inst/PLLInst_0
ROUTE       163     2.137  PLL_BR0.CLKOP to    R24C14B.CLK slv_com.CLKCOM_OUT
                  --------
                    3.660   (31.1% logic, 68.9% route), 2 logic levels.

      Destination Clock f/b:

   Name    Fanout   Delay (ns)          Site               Resource
CLKFB2OP_D  ---     0.000  PLL_BR0.CLKFB to  PLL_BR0.CLKOP slv_com/clk_gen_inst2/PLL_inst/PLLInst_0
ROUTE       163     2.237  PLL_BR0.CLKOP to  PLL_BR0.CLKFB slv_com.CLKCOM_OUT
                  --------
                    2.237   (0.0% logic, 100.0% route), 1 logic levels.


Passed: The following path meets requirements by 2.768ns

 Logical Details:  Cell type  Pin type       Cell/ASIC name  (clock net +/-)

   Source:         DP16KD     Port           slv_com/tx_com_inst/tx_cont_b1_inst/tx_dcfifo1_48_inst/pdp_ram_0_0_0(ASIC)  (from slv_com.CLK1 +)
   Destination:    FF         Data in        slv_com/tx_com_inst/tx_cont_b1_inst/crc_gen_inst/ps_dt[7]  (to slv_com.CLKCOM_OUT +)

   Delay:               7.294ns  (79.9% logic, 20.1% route), 1 logic levels.

 Constraint Details:

      7.294ns physical path delay slv_com/tx_com_inst/tx_cont_b1_inst/tx_dcfifo1_48_inst/pdp_ram_0_0_0 to slv_com/tx_com_inst/tx_cont_b1_inst/crc_gen_inst/SLICE_1227 meets
     10.000ns delay constraint less
      0.100ns skew and
      0.000ns feedback compensation and
     -0.162ns M_SET requirement (totaling 10.062ns) by 2.768ns

 Physical Path Details:

      Data path slv_com/tx_com_inst/tx_cont_b1_inst/tx_dcfifo1_48_inst/pdp_ram_0_0_0 to slv_com/tx_com_inst/tx_cont_b1_inst/crc_gen_inst/SLICE_1227:

   Name    Fanout   Delay (ns)          Site               Resource
C2Q_DEL     ---     5.830 *R_R25C28.CLKB to *R_R25C28.DOB7 slv_com/tx_com_inst/tx_cont_b1_inst/tx_dcfifo1_48_inst/pdp_ram_0_0_0 (from slv_com.CLK1)
ROUTE         4     1.464 *R_R25C28.DOB7 to     R24C15A.M0 slv_com/tx_com_inst/tx_cont_b1_inst/TXD_Q[7] (to slv_com.CLKCOM_OUT)
                  --------
                    7.294   (79.9% logic, 20.1% route), 1 logic levels.

 Clock Skew Details: 

      Source Clock Path UP_CLK to slv_com/tx_com_inst/tx_cont_b1_inst/tx_dcfifo1_48_inst/pdp_ram_0_0_0:

   Name    Fanout   Delay (ns)          Site               Resource
PADI_DEL    ---     1.140        M16.PAD to      M16.PADDI UP_CLK
ROUTE         1     0.383      M16.PADDI to   PLL_BR0.CLKI UP_CLK_c
CLKI2OS3_D  ---     0.000   PLL_BR0.CLKI to PLL_BR0.CLKOS3 slv_com/clk_gen_inst2/PLL_inst/PLLInst_0
ROUTE       329     2.237 PLL_BR0.CLKOS3 to *R_R25C28.CLKB slv_com.CLK1
                  --------
                    3.760   (30.3% logic, 69.7% route), 2 logic levels.

      Source Clock f/b:

   Name    Fanout   Delay (ns)          Site               Resource
CLKFB2OP_D  ---     0.000  PLL_BR0.CLKFB to  PLL_BR0.CLKOP slv_com/clk_gen_inst2/PLL_inst/PLLInst_0
ROUTE       163     2.237  PLL_BR0.CLKOP to  PLL_BR0.CLKFB slv_com.CLKCOM_OUT
                  --------
                    2.237   (0.0% logic, 100.0% route), 1 logic levels.

      Destination Clock Path UP_CLK to slv_com/tx_com_inst/tx_cont_b1_inst/crc_gen_inst/SLICE_1227:

   Name    Fanout   Delay (ns)          Site               Resource
PADI_DEL    ---     1.140        M16.PAD to      M16.PADDI UP_CLK
ROUTE         1     0.383      M16.PADDI to   PLL_BR0.CLKI UP_CLK_c
CLKI2OP_DE  ---     0.000   PLL_BR0.CLKI to  PLL_BR0.CLKOP slv_com/clk_gen_inst2/PLL_inst/PLLInst_0
ROUTE       163     2.137  PLL_BR0.CLKOP to    R24C15A.CLK slv_com.CLKCOM_OUT
                  --------
                    3.660   (31.1% logic, 68.9% route), 2 logic levels.

      Destination Clock f/b:

   Name    Fanout   Delay (ns)          Site               Resource
CLKFB2OP_D  ---     0.000  PLL_BR0.CLKFB to  PLL_BR0.CLKOP slv_com/clk_gen_inst2/PLL_inst/PLLInst_0
ROUTE       163     2.237  PLL_BR0.CLKOP to  PLL_BR0.CLKFB slv_com.CLKCOM_OUT
                  --------
                    2.237   (0.0% logic, 100.0% route), 1 logic levels.


Passed: The following path meets requirements by 2.831ns

 Logical Details:  Cell type  Pin type       Cell/ASIC name  (clock net +/-)

   Source:         DP16KD     Port           slv_com/tx_com_inst/tx_cont_b2_inst/tx_ck_dcfifo1_48_inst/pdp_ram_0_0_0(ASIC)  (from slv_com.CLKCOM_OUT +)
   Destination:    FF         Data in        slv_com/tx_com_inst/tx_cont_b2_inst/tx_ctl_3rd_inst/ps_dt[1]  (to slv_com.CLKCOM_OUT +)

   Delay:               7.329ns  (82.8% logic, 17.2% route), 2 logic levels.

 Constraint Details:

      7.329ns physical path delay slv_com/tx_com_inst/tx_cont_b2_inst/tx_ck_dcfifo1_48_inst/pdp_ram_0_0_0 to slv_com/tx_com_inst/tx_cont_b2_inst/tx_ctl_3rd_inst/SLICE_1311 meets
     10.000ns delay constraint less
      0.100ns skew and
     -0.260ns DIN_SET requirement (totaling 10.160ns) by 2.831ns

 Physical Path Details:

      Data path slv_com/tx_com_inst/tx_cont_b2_inst/tx_ck_dcfifo1_48_inst/pdp_ram_0_0_0 to slv_com/tx_com_inst/tx_cont_b2_inst/tx_ctl_3rd_inst/SLICE_1311:

   Name    Fanout   Delay (ns)          Site               Resource
C2Q_DEL     ---     5.830 *R_R25C39.CLKB to *R_R25C39.DOB1 slv_com/tx_com_inst/tx_cont_b2_inst/tx_ck_dcfifo1_48_inst/pdp_ram_0_0_0 (from slv_com.CLKCOM_OUT)
ROUTE         1     1.263 *R_R25C39.DOB1 to     R26C42A.A0 slv_com/tx_com_inst/tx_cont_b2_inst/TXEN_B[1]
CTOF_DEL    ---     0.236     R26C42A.A0 to     R26C42A.F0 slv_com/tx_com_inst/tx_cont_b2_inst/tx_ctl_3rd_inst/SLICE_1311
ROUTE         1     0.000     R26C42A.F0 to    R26C42A.DI0 slv_com/tx_com_inst/tx_cont_b2_inst/tx_ctl_3rd_inst/ps_dt_13[1] (to slv_com.CLKCOM_OUT)
                  --------
                    7.329   (82.8% logic, 17.2% route), 2 logic levels.

 Clock Skew Details: 

      Source Clock Path slv_com/clk_gen_inst2/PLL_inst/PLLInst_0 to slv_com/tx_com_inst/tx_cont_b2_inst/tx_ck_dcfifo1_48_inst/pdp_ram_0_0_0:

   Name    Fanout   Delay (ns)          Site               Resource
ROUTE       163     2.237  PLL_BR0.CLKOP to *R_R25C39.CLKB slv_com.CLKCOM_OUT
                  --------
                    2.237   (0.0% logic, 100.0% route), 0 logic levels.

      Destination Clock Path slv_com/clk_gen_inst2/PLL_inst/PLLInst_0 to slv_com/tx_com_inst/tx_cont_b2_inst/tx_ctl_3rd_inst/SLICE_1311:

   Name    Fanout   Delay (ns)          Site               Resource
ROUTE       163     2.137  PLL_BR0.CLKOP to    R26C42A.CLK slv_com.CLKCOM_OUT
                  --------
                    2.137   (0.0% logic, 100.0% route), 0 logic levels.

Report:  109.421MHz is the maximum frequency for this preference.


================================================================================
Preference: FREQUENCY NET "UP_CLK_c" 20.000000 MHz ;
            0 items scored, 0 timing errors detected.
--------------------------------------------------------------------------------

Report Summary
--------------
----------------------------------------------------------------------------
Preference                              |   Constraint|       Actual|Levels
----------------------------------------------------------------------------
                                        |             |             |
FREQUENCY NET "slv_com.CLK1" 10.000000  |             |             |
MHz ;                                   |   10.000 MHz|   25.170 MHz|   2  
                                        |             |             |
FREQUENCY NET "s_PLL_CLK20M" 20.000000  |             |             |
MHz ;                                   |   20.000 MHz|   74.206 MHz|  15  
                                        |             |             |
FREQUENCY NET "slv_com/CLK2A"           |             |             |
100.000000 MHz ;                        |  100.000 MHz|  192.308 MHz|   2  
                                        |             |             |
FREQUENCY NET "slv_com.CLKCOM_OUT"      |             |             |
100.000000 MHz ;                        |  100.000 MHz|  109.421 MHz|   2  
                                        |             |             |
FREQUENCY NET "UP_CLK_c" 20.000000 MHz  |             |             |
;                                       |            -|            -|   0  
                                        |             |             |
----------------------------------------------------------------------------


All preferences were met.


Clock Domains Analysis
------------------------

Found 7 clocks:

Clock Domain: slv_com/CLK2A   Source: slv_com/clk_gen_inst2/PLL_inst/PLLInst_0.CLKOS   Loads: 16
   Covered under: FREQUENCY NET "slv_com/CLK2A" 100.000000 MHz ;

   Data transfers from:
   Clock Domain: slv_com.CLKCOM_OUT   Source: slv_com/clk_gen_inst2/PLL_inst/PLLInst_0.CLKOP
      Covered under: FREQUENCY NET "slv_com/CLK2A" 100.000000 MHz ;   Transfers: 2

   Clock Domain: jtaghub16_jtck   Source: sa5phub/genblk8.jtagg_u.JTCK

Clock Domain: slv_com.CLKCOM_OUT   Source: slv_com/clk_gen_inst2/PLL_inst/PLLInst_0.CLKOP   Loads: 163
   Covered under: FREQUENCY NET "slv_com.CLKCOM_OUT" 100.000000 MHz ;

   Data transfers from:
   Clock Domain: slv_com/CLK2A   Source: slv_com/clk_gen_inst2/PLL_inst/PLLInst_0.CLKOS
      Covered under: FREQUENCY NET "slv_com.CLKCOM_OUT" 100.000000 MHz ;   Transfers: 4

   Clock Domain: slv_com.CLK1   Source: slv_com/clk_gen_inst2/PLL_inst/PLLInst_0.CLKOS3
      Covered under: FREQUENCY NET "slv_com.CLKCOM_OUT" 100.000000 MHz ;   Transfers: 59

   Clock Domain: jtaghub16_jtck   Source: sa5phub/genblk8.jtagg_u.JTCK

   Clock Domain: CLK20M_c   Source: CLK20M.PAD
      Not reported because source and destination domains are unrelated.

Clock Domain: slv_com.CLK1   Source: slv_com/clk_gen_inst2/PLL_inst/PLLInst_0.CLKOS3   Loads: 329
   Covered under: FREQUENCY NET "slv_com.CLK1" 10.000000 MHz ;

   Data transfers from:
   Clock Domain: slv_com.CLKCOM_OUT   Source: slv_com/clk_gen_inst2/PLL_inst/PLLInst_0.CLKOP
      Covered under: FREQUENCY NET "slv_com.CLK1" 10.000000 MHz ;   Transfers: 23

   Clock Domain: s_PLL_CLK20M   Source: slv_com/clk_gen_inst2/PLL_inst/PLLInst_0.CLKOS2
      Covered under: FREQUENCY NET "slv_com.CLK1" 10.000000 MHz ;   Transfers: 480

   Clock Domain: jtaghub16_jtck   Source: sa5phub/genblk8.jtagg_u.JTCK

   Clock Domain: CLK20M_c   Source: CLK20M.PAD
      Not reported because source and destination domains are unrelated.

Clock Domain: s_PLL_CLK20M   Source: slv_com/clk_gen_inst2/PLL_inst/PLLInst_0.CLKOS2   Loads: 922
   Covered under: FREQUENCY NET "s_PLL_CLK20M" 20.000000 MHz ;

   Data transfers from:
   Clock Domain: slv_com.CLK1   Source: slv_com/clk_gen_inst2/PLL_inst/PLLInst_0.CLKOS3
      Covered under: FREQUENCY NET "s_PLL_CLK20M" 20.000000 MHz ;   Transfers: 79

   Clock Domain: jtaghub16_jtck   Source: sa5phub/genblk8.jtagg_u.JTCK

Clock Domain: jtaghub16_jtck   Source: sa5phub/genblk8.jtagg_u.JTCK   Loads: 138
   No transfer within this clock domain is found

Clock Domain: UP_CLK_c   Source: UP_CLK.PAD   Loads: 1
   No transfer within this clock domain is found

Clock Domain: CLK20M_c   Source: CLK20M.PAD   Loads: 118
   No transfer within this clock domain is found


Timing summary (Setup):
---------------

Timing errors: 0  Score: 0
Cumulative negative slack: 0

Constraints cover 111281 paths, 72 nets, and 16804 connections (92.54% coverage)

--------------------------------------------------------------------------------
Lattice TRACE Report - Hold, Version Diamond (64-bit) 3.13.0.56.2
Thu Apr 09 18:28:10 2026

Copyright (c) 1991-1994 by NeoCAD Inc. All rights reserved.
Copyright (c) 1995 AT&T Corp.   All rights reserved.
Copyright (c) 1995-2001 Lucent Technologies Inc.  All rights reserved.
Copyright (c) 2001 Agere Systems   All rights reserved.
Copyright (c) 2002-2023 Lattice Semiconductor Corporation,  All rights reserved.

Report Information
------------------
Command line:    trce -v 10 -gt -sethld -sp 6 -sphld m -o SP0565_SP0565.twr -gui -msgset C:/work/S127M/PCBNo_10089/SP0565_rev00_00/promote.xml SP0565_SP0565.ncd SP0565_SP0565.prf 
Design file:     sp0565_sp0565.ncd
Preference file: sp0565_sp0565.prf
Device,speed:    LFE5U-25F,m
Report level:    verbose report, limited to 10 items per preference
--------------------------------------------------------------------------------

12 potential circuit loops found in timing analysis.
BLOCK ASYNCPATHS
BLOCK RESETPATHS
BLOCK JTAG PATHS
--------------------------------------------------------------------------------



================================================================================
Preference: FREQUENCY NET "slv_com.CLK1" 10.000000 MHz ;
            4096 items scored, 0 timing errors detected.
--------------------------------------------------------------------------------


Passed: The following path meets requirements by 0.174ns

 Logical Details:  Cell type  Pin type       Cell/ASIC name  (clock net +/-)

   Source:         FF         Q              slv_com/tx_com_inst/enc8b10b_wrapper_inst/enc8b10b_new_inst/DATAOUT[7]  (from slv_com.CLK1 +)
   Destination:    FF         Data in        slv_com/tx_com_inst/enc8b10b_wrapper_inst/dataout[7]  (to slv_com.CLK1 +)

   Delay:               0.292ns  (55.8% logic, 44.2% route), 1 logic levels.

 Constraint Details:

      0.292ns physical path delay slv_com/tx_com_inst/enc8b10b_wrapper_inst/enc8b10b_new_inst/SLICE_1179 to slv_com/tx_com_inst/enc8b10b_wrapper_inst/SLICE_1169 meets
      0.118ns M_HLD and
      0.000ns delay constraint less
      0.000ns skew requirement (totaling 0.118ns) by 0.174ns

 Physical Path Details:

      Data path slv_com/tx_com_inst/enc8b10b_wrapper_inst/enc8b10b_new_inst/SLICE_1179 to slv_com/tx_com_inst/enc8b10b_wrapper_inst/SLICE_1169:

   Name    Fanout   Delay (ns)          Site               Resource
REG_DEL     ---     0.163    R26C35D.CLK to     R26C35D.Q1 slv_com/tx_com_inst/enc8b10b_wrapper_inst/enc8b10b_new_inst/SLICE_1179 (from slv_com.CLK1)
ROUTE         1     0.129     R26C35D.Q1 to     R26C35A.M1 slv_com/tx_com_inst/enc8b10b_wrapper_inst/dataout_pre[7] (to slv_com.CLK1)
                  --------
                    0.292   (55.8% logic, 44.2% route), 1 logic levels.

 Clock Skew Details: 

      Source Clock Path slv_com/clk_gen_inst2/PLL_inst/PLLInst_0 to slv_com/tx_com_inst/enc8b10b_wrapper_inst/enc8b10b_new_inst/SLICE_1179:

   Name    Fanout   Delay (ns)          Site               Resource
ROUTE       329     0.653 PLL_BR0.CLKOS3 to    R26C35D.CLK slv_com.CLK1
                  --------
                    0.653   (0.0% logic, 100.0% route), 0 logic levels.

      Destination Clock Path slv_com/clk_gen_inst2/PLL_inst/PLLInst_0 to slv_com/tx_com_inst/enc8b10b_wrapper_inst/SLICE_1169:

   Name    Fanout   Delay (ns)          Site               Resource
ROUTE       329     0.653 PLL_BR0.CLKOS3 to    R26C35A.CLK slv_com.CLK1
                  --------
                    0.653   (0.0% logic, 100.0% route), 0 logic levels.


Passed: The following path meets requirements by 0.174ns

 Logical Details:  Cell type  Pin type       Cell/ASIC name  (clock net +/-)

   Source:         FF         Q              slv_com/rx_com_inst/dec8b10b_wrapper_inst/dec8b10b_new_inst/DATAOUT[7]  (from slv_com.CLK1 +)
   Destination:    FF         Data in        slv_com/rx_com_inst/dec8b10b_wrapper_inst/dataout[7]  (to slv_com.CLK1 +)

   Delay:               0.292ns  (55.8% logic, 44.2% route), 1 logic levels.

 Constraint Details:

      0.292ns physical path delay slv_com/rx_com_inst/dec8b10b_wrapper_inst/dec8b10b_new_inst/SLICE_972 to slv_com/rx_com_inst/dec8b10b_wrapper_inst/SLICE_963 meets
      0.118ns M_HLD and
      0.000ns delay constraint less
      0.000ns skew requirement (totaling 0.118ns) by 0.174ns

 Physical Path Details:

      Data path slv_com/rx_com_inst/dec8b10b_wrapper_inst/dec8b10b_new_inst/SLICE_972 to slv_com/rx_com_inst/dec8b10b_wrapper_inst/SLICE_963:

   Name    Fanout   Delay (ns)          Site               Resource
REG_DEL     ---     0.163    R18C58D.CLK to     R18C58D.Q1 slv_com/rx_com_inst/dec8b10b_wrapper_inst/dec8b10b_new_inst/SLICE_972 (from slv_com.CLK1)
ROUTE         1     0.129     R18C58D.Q1 to     R18C58B.M1 slv_com/rx_com_inst/dec8b10b_wrapper_inst/dataout_pre[7] (to slv_com.CLK1)
                  --------
                    0.292   (55.8% logic, 44.2% route), 1 logic levels.

 Clock Skew Details: 

      Source Clock Path slv_com/clk_gen_inst2/PLL_inst/PLLInst_0 to slv_com/rx_com_inst/dec8b10b_wrapper_inst/dec8b10b_new_inst/SLICE_972:

   Name    Fanout   Delay (ns)          Site               Resource
ROUTE       329     0.653 PLL_BR0.CLKOS3 to    R18C58D.CLK slv_com.CLK1
                  --------
                    0.653   (0.0% logic, 100.0% route), 0 logic levels.

      Destination Clock Path slv_com/clk_gen_inst2/PLL_inst/PLLInst_0 to slv_com/rx_com_inst/dec8b10b_wrapper_inst/SLICE_963:

   Name    Fanout   Delay (ns)          Site               Resource
ROUTE       329     0.653 PLL_BR0.CLKOS3 to    R18C58B.CLK slv_com.CLK1
                  --------
                    0.653   (0.0% logic, 100.0% route), 0 logic levels.


Passed: The following path meets requirements by 0.174ns

 Logical Details:  Cell type  Pin type       Cell/ASIC name  (clock net +/-)

   Source:         FF         Q              slv_com/tx_com_inst/tx_cont_b2_inst/tx_ck_dcfifo1_48_inst/FF_19  (from slv_com.CLK1 +)
   Destination:    FF         Data in        slv_com/tx_com_inst/tx_cont_b2_inst/tx_ck_dcfifo1_48_inst/FF_5  (to slv_com.CLK1 +)

   Delay:               0.292ns  (55.8% logic, 44.2% route), 1 logic levels.

 Constraint Details:

      0.292ns physical path delay slv_com/tx_com_inst/tx_cont_b2_inst/tx_ck_dcfifo1_48_inst/SLICE_1283 to slv_com/tx_com_inst/tx_cont_b2_inst/tx_ck_dcfifo1_48_inst/SLICE_1287 meets
      0.118ns M_HLD and
      0.000ns delay constraint less
      0.000ns skew requirement (totaling 0.118ns) by 0.174ns

 Physical Path Details:

      Data path slv_com/tx_com_inst/tx_cont_b2_inst/tx_ck_dcfifo1_48_inst/SLICE_1283 to slv_com/tx_com_inst/tx_cont_b2_inst/tx_ck_dcfifo1_48_inst/SLICE_1287:

   Name    Fanout   Delay (ns)          Site               Resource
REG_DEL     ---     0.163    R41C40C.CLK to     R41C40C.Q1 slv_com/tx_com_inst/tx_cont_b2_inst/tx_ck_dcfifo1_48_inst/SLICE_1283 (from slv_com.CLK1)
ROUTE         1     0.129     R41C40C.Q1 to     R41C40A.M0 slv_com/tx_com_inst/tx_cont_b2_inst/tx_ck_dcfifo1_48_inst/r_gcount_w3 (to slv_com.CLK1)
                  --------
                    0.292   (55.8% logic, 44.2% route), 1 logic levels.

 Clock Skew Details: 

      Source Clock Path slv_com/clk_gen_inst2/PLL_inst/PLLInst_0 to slv_com/tx_com_inst/tx_cont_b2_inst/tx_ck_dcfifo1_48_inst/SLICE_1283:

   Name    Fanout   Delay (ns)          Site               Resource
ROUTE       329     0.653 PLL_BR0.CLKOS3 to    R41C40C.CLK slv_com.CLK1
                  --------
                    0.653   (0.0% logic, 100.0% route), 0 logic levels.

      Destination Clock Path slv_com/clk_gen_inst2/PLL_inst/PLLInst_0 to slv_com/tx_com_inst/tx_cont_b2_inst/tx_ck_dcfifo1_48_inst/SLICE_1287:

   Name    Fanout   Delay (ns)          Site               Resource
ROUTE       329     0.653 PLL_BR0.CLKOS3 to    R41C40A.CLK slv_com.CLK1
                  --------
                    0.653   (0.0% logic, 100.0% route), 0 logic levels.


Passed: The following path meets requirements by 0.174ns

 Logical Details:  Cell type  Pin type       Cell/ASIC name  (clock net +/-)

   Source:         FF         Q              slv_com/rx_com_inst/rx_cont_b2_inst/rx_dcfifo1_48_inst/FF_42  (from slv_com.CLK1 +)
   Destination:    FF         Data in        slv_com/rx_com_inst/rx_cont_b2_inst/rx_dcfifo1_48_inst/FF_21  (to slv_com.CLK1 +)

   Delay:               0.292ns  (55.8% logic, 44.2% route), 1 logic levels.

 Constraint Details:

      0.292ns physical path delay slv_com/rx_com_inst/rx_cont_b2_inst/rx_dcfifo1_48_inst/SLICE_1078 to slv_com/rx_com_inst/rx_cont_b2_inst/rx_dcfifo1_48_inst/SLICE_1082 meets
      0.118ns M_HLD and
      0.000ns delay constraint less
      0.000ns skew requirement (totaling 0.118ns) by 0.174ns

 Physical Path Details:

      Data path slv_com/rx_com_inst/rx_cont_b2_inst/rx_dcfifo1_48_inst/SLICE_1078 to slv_com/rx_com_inst/rx_cont_b2_inst/rx_dcfifo1_48_inst/SLICE_1082:

   Name    Fanout   Delay (ns)          Site               Resource
REG_DEL     ---     0.163    R33C31B.CLK to     R33C31B.Q1 slv_com/rx_com_inst/rx_cont_b2_inst/rx_dcfifo1_48_inst/SLICE_1078 (from slv_com.CLK1)
ROUTE         1     0.129     R33C31B.Q1 to     R33C31A.M1 slv_com/rx_com_inst/rx_cont_b2_inst/rx_dcfifo1_48_inst/r_gcount_1 (to slv_com.CLK1)
                  --------
                    0.292   (55.8% logic, 44.2% route), 1 logic levels.

 Clock Skew Details: 

      Source Clock Path slv_com/clk_gen_inst2/PLL_inst/PLLInst_0 to slv_com/rx_com_inst/rx_cont_b2_inst/rx_dcfifo1_48_inst/SLICE_1078:

   Name    Fanout   Delay (ns)          Site               Resource
ROUTE       329     0.653 PLL_BR0.CLKOS3 to    R33C31B.CLK slv_com.CLK1
                  --------
                    0.653   (0.0% logic, 100.0% route), 0 logic levels.

      Destination Clock Path slv_com/clk_gen_inst2/PLL_inst/PLLInst_0 to slv_com/rx_com_inst/rx_cont_b2_inst/rx_dcfifo1_48_inst/SLICE_1082:

   Name    Fanout   Delay (ns)          Site               Resource
ROUTE       329     0.653 PLL_BR0.CLKOS3 to    R33C31A.CLK slv_com.CLK1
                  --------
                    0.653   (0.0% logic, 100.0% route), 0 logic levels.


Passed: The following path meets requirements by 0.174ns

 Logical Details:  Cell type  Pin type       Cell/ASIC name  (clock net +/-)

   Source:         FF         Q              slv_com/rx_com_inst/dec8b10b_wrapper_inst/dec8b10b_new_inst/DATAOUT[1]  (from slv_com.CLK1 +)
   Destination:    FF         Data in        slv_com/rx_com_inst/dec8b10b_wrapper_inst/dataout[1]  (to slv_com.CLK1 +)

   Delay:               0.292ns  (55.8% logic, 44.2% route), 1 logic levels.

 Constraint Details:

      0.292ns physical path delay slv_com/rx_com_inst/dec8b10b_wrapper_inst/dec8b10b_new_inst/SLICE_969 to slv_com/rx_com_inst/dec8b10b_wrapper_inst/SLICE_960 meets
      0.118ns M_HLD and
      0.000ns delay constraint less
      0.000ns skew requirement (totaling 0.118ns) by 0.174ns

 Physical Path Details:

      Data path slv_com/rx_com_inst/dec8b10b_wrapper_inst/dec8b10b_new_inst/SLICE_969 to slv_com/rx_com_inst/dec8b10b_wrapper_inst/SLICE_960:

   Name    Fanout   Delay (ns)          Site               Resource
REG_DEL     ---     0.163    R17C53A.CLK to     R17C53A.Q1 slv_com/rx_com_inst/dec8b10b_wrapper_inst/dec8b10b_new_inst/SLICE_969 (from slv_com.CLK1)
ROUTE         1     0.129     R17C53A.Q1 to     R17C53D.M1 slv_com/rx_com_inst/dec8b10b_wrapper_inst/dataout_pre[1] (to slv_com.CLK1)
                  --------
                    0.292   (55.8% logic, 44.2% route), 1 logic levels.

 Clock Skew Details: 

      Source Clock Path slv_com/clk_gen_inst2/PLL_inst/PLLInst_0 to slv_com/rx_com_inst/dec8b10b_wrapper_inst/dec8b10b_new_inst/SLICE_969:

   Name    Fanout   Delay (ns)          Site               Resource
ROUTE       329     0.653 PLL_BR0.CLKOS3 to    R17C53A.CLK slv_com.CLK1
                  --------
                    0.653   (0.0% logic, 100.0% route), 0 logic levels.

      Destination Clock Path slv_com/clk_gen_inst2/PLL_inst/PLLInst_0 to slv_com/rx_com_inst/dec8b10b_wrapper_inst/SLICE_960:

   Name    Fanout   Delay (ns)          Site               Resource
ROUTE       329     0.653 PLL_BR0.CLKOS3 to    R17C53D.CLK slv_com.CLK1
                  --------
                    0.653   (0.0% logic, 100.0% route), 0 logic levels.


Passed: The following path meets requirements by 0.174ns

 Logical Details:  Cell type  Pin type       Cell/ASIC name  (clock net +/-)

   Source:         FF         Q              slv_com/tx_com_inst/tx_cont_b2_inst/tx_ck_dcfifo1_48_inst/FF_38  (from slv_com.CLKCOM_OUT +)
   Destination:    FF         Data in        slv_com/tx_com_inst/tx_cont_b2_inst/tx_ck_dcfifo1_48_inst/FF_17  (to slv_com.CLK1 +)

   Delay:               0.292ns  (55.8% logic, 44.2% route), 1 logic levels.

 Constraint Details:

      0.292ns physical path delay slv_com/tx_com_inst/tx_cont_b2_inst/tx_ck_dcfifo1_48_inst/SLICE_1280 to slv_com/tx_com_inst/tx_cont_b2_inst/tx_ck_dcfifo1_48_inst/SLICE_1284 meets
      0.118ns M_HLD and
      0.000ns delay constraint less
      0.000ns skew less
      0.000ns feedback compensation requirement (totaling 0.118ns) by 0.174ns

 Physical Path Details:

      Data path slv_com/tx_com_inst/tx_cont_b2_inst/tx_ck_dcfifo1_48_inst/SLICE_1280 to slv_com/tx_com_inst/tx_cont_b2_inst/tx_ck_dcfifo1_48_inst/SLICE_1284:

   Name    Fanout   Delay (ns)          Site               Resource
REG_DEL     ---     0.163    R42C42A.CLK to     R42C42A.Q1 slv_com/tx_com_inst/tx_cont_b2_inst/tx_ck_dcfifo1_48_inst/SLICE_1280 (from slv_com.CLKCOM_OUT)
ROUTE         1     0.129     R42C42A.Q1 to     R42C42B.M1 slv_com/tx_com_inst/tx_cont_b2_inst/tx_ck_dcfifo1_48_inst/r_gcount_5 (to slv_com.CLK1)
                  --------
                    0.292   (55.8% logic, 44.2% route), 1 logic levels.

 Clock Skew Details: 

      Source Clock Path UP_CLK to slv_com/tx_com_inst/tx_cont_b2_inst/tx_ck_dcfifo1_48_inst/SLICE_1280:

   Name    Fanout   Delay (ns)          Site               Resource
PADI_DEL    ---     0.740        M16.PAD to      M16.PADDI UP_CLK
ROUTE         1     0.156      M16.PADDI to   PLL_BR0.CLKI UP_CLK_c
CLKI2OP_DE  ---     0.000   PLL_BR0.CLKI to  PLL_BR0.CLKOP slv_com/clk_gen_inst2/PLL_inst/PLLInst_0
ROUTE       163     0.653  PLL_BR0.CLKOP to    R42C42A.CLK slv_com.CLKCOM_OUT
                  --------
                    1.549   (47.8% logic, 52.2% route), 2 logic levels.

      Source Clock f/b:

   Name    Fanout   Delay (ns)          Site               Resource
CLKFB2OP_D  ---     0.000  PLL_BR0.CLKFB to  PLL_BR0.CLKOP slv_com/clk_gen_inst2/PLL_inst/PLLInst_0
ROUTE       163     0.696  PLL_BR0.CLKOP to  PLL_BR0.CLKFB slv_com.CLKCOM_OUT
                  --------
                    0.696   (0.0% logic, 100.0% route), 1 logic levels.

      Destination Clock Path UP_CLK to slv_com/tx_com_inst/tx_cont_b2_inst/tx_ck_dcfifo1_48_inst/SLICE_1284:

   Name    Fanout   Delay (ns)          Site               Resource
PADI_DEL    ---     0.740        M16.PAD to      M16.PADDI UP_CLK
ROUTE         1     0.156      M16.PADDI to   PLL_BR0.CLKI UP_CLK_c
CLKI2OS3_D  ---     0.000   PLL_BR0.CLKI to PLL_BR0.CLKOS3 slv_com/clk_gen_inst2/PLL_inst/PLLInst_0
ROUTE       329     0.653 PLL_BR0.CLKOS3 to    R42C42B.CLK slv_com.CLK1
                  --------
                    1.549   (47.8% logic, 52.2% route), 2 logic levels.

      Destination Clock f/b:

   Name    Fanout   Delay (ns)          Site               Resource
CLKFB2OP_D  ---     0.000  PLL_BR0.CLKFB to  PLL_BR0.CLKOP slv_com/clk_gen_inst2/PLL_inst/PLLInst_0
ROUTE       163     0.696  PLL_BR0.CLKOP to  PLL_BR0.CLKFB slv_com.CLKCOM_OUT
                  --------
                    0.696   (0.0% logic, 100.0% route), 1 logic levels.


Passed: The following path meets requirements by 0.174ns

 Logical Details:  Cell type  Pin type       Cell/ASIC name  (clock net +/-)

   Source:         FF         Q              slv_com/rx_com_inst/dec8b10b_wrapper_inst/datain_reg[7]  (from slv_com.CLK1 +)
   Destination:    FF         Data in        slv_com/rx_com_inst/dec8b10b_wrapper_inst/dec8b10b_new_inst/DATAIN_BUF[7]  (to slv_com.CLK1 +)

   Delay:               0.292ns  (55.8% logic, 44.2% route), 1 logic levels.

 Constraint Details:

      0.292ns physical path delay slv_com/rx_com_inst/dec8b10b_wrapper_inst/SLICE_967 to slv_com/rx_com_inst/dec8b10b_wrapper_inst/dec8b10b_new_inst/SLICE_982 meets
      0.118ns M_HLD and
      0.000ns delay constraint less
      0.000ns skew requirement (totaling 0.118ns) by 0.174ns

 Physical Path Details:

      Data path slv_com/rx_com_inst/dec8b10b_wrapper_inst/SLICE_967 to slv_com/rx_com_inst/dec8b10b_wrapper_inst/dec8b10b_new_inst/SLICE_982:

   Name    Fanout   Delay (ns)          Site               Resource
REG_DEL     ---     0.163    R20C57B.CLK to     R20C57B.Q1 slv_com/rx_com_inst/dec8b10b_wrapper_inst/SLICE_967 (from slv_com.CLK1)
ROUTE         1     0.129     R20C57B.Q1 to     R20C57A.M1 slv_com/rx_com_inst/dec8b10b_wrapper_inst/datain_reg[7] (to slv_com.CLK1)
                  --------
                    0.292   (55.8% logic, 44.2% route), 1 logic levels.

 Clock Skew Details: 

      Source Clock Path slv_com/clk_gen_inst2/PLL_inst/PLLInst_0 to slv_com/rx_com_inst/dec8b10b_wrapper_inst/SLICE_967:

   Name    Fanout   Delay (ns)          Site               Resource
ROUTE       329     0.653 PLL_BR0.CLKOS3 to    R20C57B.CLK slv_com.CLK1
                  --------
                    0.653   (0.0% logic, 100.0% route), 0 logic levels.

      Destination Clock Path slv_com/clk_gen_inst2/PLL_inst/PLLInst_0 to slv_com/rx_com_inst/dec8b10b_wrapper_inst/dec8b10b_new_inst/SLICE_982:

   Name    Fanout   Delay (ns)          Site               Resource
ROUTE       329     0.653 PLL_BR0.CLKOS3 to    R20C57A.CLK slv_com.CLK1
                  --------
                    0.653   (0.0% logic, 100.0% route), 0 logic levels.


Passed: The following path meets requirements by 0.174ns

 Logical Details:  Cell type  Pin type       Cell/ASIC name  (clock net +/-)

   Source:         FF         Q              slv_com/rx_com_inst/rx_cont_b1_inst/rx_ck_dcfifo1_48_inst/FF_61  (from slv_com.CLKCOM_OUT +)
   Destination:    FF         Data in        slv_com/rx_com_inst/rx_cont_b1_inst/rx_ck_dcfifo1_48_inst/FF_26  (to slv_com.CLK1 +)

   Delay:               0.292ns  (55.8% logic, 44.2% route), 1 logic levels.

 Constraint Details:

      0.292ns physical path delay slv_com/rx_com_inst/rx_cont_b1_inst/rx_ck_dcfifo1_48_inst/SLICE_1025 to slv_com/rx_com_inst/rx_cont_b1_inst/rx_ck_dcfifo1_48_inst/SLICE_1029 meets
      0.118ns M_HLD and
      0.000ns delay constraint less
      0.000ns skew less
      0.000ns feedback compensation requirement (totaling 0.118ns) by 0.174ns

 Physical Path Details:

      Data path slv_com/rx_com_inst/rx_cont_b1_inst/rx_ck_dcfifo1_48_inst/SLICE_1025 to slv_com/rx_com_inst/rx_cont_b1_inst/rx_ck_dcfifo1_48_inst/SLICE_1029:

   Name    Fanout   Delay (ns)          Site               Resource
REG_DEL     ---     0.163    R40C55B.CLK to     R40C55B.Q1 slv_com/rx_com_inst/rx_cont_b1_inst/rx_ck_dcfifo1_48_inst/SLICE_1025 (from slv_com.CLKCOM_OUT)
ROUTE         1     0.129     R40C55B.Q1 to     R40C55A.M1 slv_com/rx_com_inst/rx_cont_b1_inst/rx_ck_dcfifo1_48_inst/w_gcount_3 (to slv_com.CLK1)
                  --------
                    0.292   (55.8% logic, 44.2% route), 1 logic levels.

 Clock Skew Details: 

      Source Clock Path UP_CLK to slv_com/rx_com_inst/rx_cont_b1_inst/rx_ck_dcfifo1_48_inst/SLICE_1025:

   Name    Fanout   Delay (ns)          Site               Resource
PADI_DEL    ---     0.740        M16.PAD to      M16.PADDI UP_CLK
ROUTE         1     0.156      M16.PADDI to   PLL_BR0.CLKI UP_CLK_c
CLKI2OP_DE  ---     0.000   PLL_BR0.CLKI to  PLL_BR0.CLKOP slv_com/clk_gen_inst2/PLL_inst/PLLInst_0
ROUTE       163     0.653  PLL_BR0.CLKOP to    R40C55B.CLK slv_com.CLKCOM_OUT
                  --------
                    1.549   (47.8% logic, 52.2% route), 2 logic levels.

      Source Clock f/b:

   Name    Fanout   Delay (ns)          Site               Resource
CLKFB2OP_D  ---     0.000  PLL_BR0.CLKFB to  PLL_BR0.CLKOP slv_com/clk_gen_inst2/PLL_inst/PLLInst_0
ROUTE       163     0.696  PLL_BR0.CLKOP to  PLL_BR0.CLKFB slv_com.CLKCOM_OUT
                  --------
                    0.696   (0.0% logic, 100.0% route), 1 logic levels.

      Destination Clock Path UP_CLK to slv_com/rx_com_inst/rx_cont_b1_inst/rx_ck_dcfifo1_48_inst/SLICE_1029:

   Name    Fanout   Delay (ns)          Site               Resource
PADI_DEL    ---     0.740        M16.PAD to      M16.PADDI UP_CLK
ROUTE         1     0.156      M16.PADDI to   PLL_BR0.CLKI UP_CLK_c
CLKI2OS3_D  ---     0.000   PLL_BR0.CLKI to PLL_BR0.CLKOS3 slv_com/clk_gen_inst2/PLL_inst/PLLInst_0
ROUTE       329     0.653 PLL_BR0.CLKOS3 to    R40C55A.CLK slv_com.CLK1
                  --------
                    1.549   (47.8% logic, 52.2% route), 2 logic levels.

      Destination Clock f/b:

   Name    Fanout   Delay (ns)          Site               Resource
CLKFB2OP_D  ---     0.000  PLL_BR0.CLKFB to  PLL_BR0.CLKOP slv_com/clk_gen_inst2/PLL_inst/PLLInst_0
ROUTE       163     0.696  PLL_BR0.CLKOP to  PLL_BR0.CLKFB slv_com.CLKCOM_OUT
                  --------
                    0.696   (0.0% logic, 100.0% route), 1 logic levels.


Passed: The following path meets requirements by 0.174ns

 Logical Details:  Cell type  Pin type       Cell/ASIC name  (clock net +/-)

   Source:         FF         Q              slv_com/rx_com_inst/dec8b10b_wrapper_inst/dec8b10b_new_inst/DATAOUT[5]  (from slv_com.CLK1 +)
   Destination:    FF         Data in        slv_com/rx_com_inst/dec8b10b_wrapper_inst/dataout[5]  (to slv_com.CLK1 +)

   Delay:               0.292ns  (55.8% logic, 44.2% route), 1 logic levels.

 Constraint Details:

      0.292ns physical path delay slv_com/rx_com_inst/dec8b10b_wrapper_inst/dec8b10b_new_inst/SLICE_971 to slv_com/rx_com_inst/dec8b10b_wrapper_inst/SLICE_962 meets
      0.118ns M_HLD and
      0.000ns delay constraint less
      0.000ns skew requirement (totaling 0.118ns) by 0.174ns

 Physical Path Details:

      Data path slv_com/rx_com_inst/dec8b10b_wrapper_inst/dec8b10b_new_inst/SLICE_971 to slv_com/rx_com_inst/dec8b10b_wrapper_inst/SLICE_962:

   Name    Fanout   Delay (ns)          Site               Resource
REG_DEL     ---     0.163    R18C54C.CLK to     R18C54C.Q1 slv_com/rx_com_inst/dec8b10b_wrapper_inst/dec8b10b_new_inst/SLICE_971 (from slv_com.CLK1)
ROUTE         1     0.129     R18C54C.Q1 to     R18C54D.M1 slv_com/rx_com_inst/dec8b10b_wrapper_inst/dataout_pre[5] (to slv_com.CLK1)
                  --------
                    0.292   (55.8% logic, 44.2% route), 1 logic levels.

 Clock Skew Details: 

      Source Clock Path slv_com/clk_gen_inst2/PLL_inst/PLLInst_0 to slv_com/rx_com_inst/dec8b10b_wrapper_inst/dec8b10b_new_inst/SLICE_971:

   Name    Fanout   Delay (ns)          Site               Resource
ROUTE       329     0.653 PLL_BR0.CLKOS3 to    R18C54C.CLK slv_com.CLK1
                  --------
                    0.653   (0.0% logic, 100.0% route), 0 logic levels.

      Destination Clock Path slv_com/clk_gen_inst2/PLL_inst/PLLInst_0 to slv_com/rx_com_inst/dec8b10b_wrapper_inst/SLICE_962:

   Name    Fanout   Delay (ns)          Site               Resource
ROUTE       329     0.653 PLL_BR0.CLKOS3 to    R18C54D.CLK slv_com.CLK1
                  --------
                    0.653   (0.0% logic, 100.0% route), 0 logic levels.


Passed: The following path meets requirements by 0.174ns

 Logical Details:  Cell type  Pin type       Cell/ASIC name  (clock net +/-)

   Source:         FF         Q              slv_com/rx_com_inst/rx_cont_b2_inst/rx_dcfifo1_48_inst/FF_28  (from slv_com.CLK1 +)
   Destination:    FF         Data in        slv_com/rx_com_inst/rx_cont_b2_inst/rx_dcfifo1_48_inst/FF_14  (to slv_com.CLK1 +)

   Delay:               0.292ns  (55.8% logic, 44.2% route), 1 logic levels.

 Constraint Details:

      0.292ns physical path delay slv_com/rx_com_inst/rx_cont_b2_inst/rx_dcfifo1_48_inst/SLICE_1097 to slv_com/rx_com_inst/rx_cont_b2_inst/rx_dcfifo1_48_inst/SLICE_1101 meets
      0.118ns M_HLD and
      0.000ns delay constraint less
      0.000ns skew requirement (totaling 0.118ns) by 0.174ns

 Physical Path Details:

      Data path slv_com/rx_com_inst/rx_cont_b2_inst/rx_dcfifo1_48_inst/SLICE_1097 to slv_com/rx_com_inst/rx_cont_b2_inst/rx_dcfifo1_48_inst/SLICE_1101:

   Name    Fanout   Delay (ns)          Site               Resource
REG_DEL     ---     0.163    R33C33A.CLK to     R33C33A.Q1 slv_com/rx_com_inst/rx_cont_b2_inst/rx_dcfifo1_48_inst/SLICE_1097 (from slv_com.CLK1)
ROUTE         1     0.129     R33C33A.Q1 to     R33C33D.M0 slv_com/rx_com_inst/rx_cont_b2_inst/rx_dcfifo1_48_inst/w_gcount_r1 (to slv_com.CLK1)
                  --------
                    0.292   (55.8% logic, 44.2% route), 1 logic levels.

 Clock Skew Details: 

      Source Clock Path slv_com/clk_gen_inst2/PLL_inst/PLLInst_0 to slv_com/rx_com_inst/rx_cont_b2_inst/rx_dcfifo1_48_inst/SLICE_1097:

   Name    Fanout   Delay (ns)          Site               Resource
ROUTE       329     0.653 PLL_BR0.CLKOS3 to    R33C33A.CLK slv_com.CLK1
                  --------
                    0.653   (0.0% logic, 100.0% route), 0 logic levels.

      Destination Clock Path slv_com/clk_gen_inst2/PLL_inst/PLLInst_0 to slv_com/rx_com_inst/rx_cont_b2_inst/rx_dcfifo1_48_inst/SLICE_1101:

   Name    Fanout   Delay (ns)          Site               Resource
ROUTE       329     0.653 PLL_BR0.CLKOS3 to    R33C33D.CLK slv_com.CLK1
                  --------
                    0.653   (0.0% logic, 100.0% route), 0 logic levels.


================================================================================
Preference: FREQUENCY NET "s_PLL_CLK20M" 20.000000 MHz ;
            4096 items scored, 0 timing errors detected.
--------------------------------------------------------------------------------


Passed: The following path meets requirements by 0.174ns

 Logical Details:  Cell type  Pin type       Cell/ASIC name  (clock net +/-)

   Source:         FF         Q              gpio01/gpio_reg_inst/gpio_op_reg_inst25/REG[5]  (from s_PLL_CLK20M +)
   Destination:    FF         Data in        gpio01/gpio_reg_inst/gpio_op_reg_inst25/GPO[5]  (to s_PLL_CLK20M +)

   Delay:               0.292ns  (55.8% logic, 44.2% route), 1 logic levels.

 Constraint Details:

      0.292ns physical path delay gpio01/gpio_reg_inst/gpio_op_reg_inst25/SLICE_751 to gpio01/gpio_reg_inst/gpio_op_reg_inst25/SLICE_753 meets
      0.118ns M_HLD and
      0.000ns delay constraint less
      0.000ns skew requirement (totaling 0.118ns) by 0.174ns

 Physical Path Details:

      Data path gpio01/gpio_reg_inst/gpio_op_reg_inst25/SLICE_751 to gpio01/gpio_reg_inst/gpio_op_reg_inst25/SLICE_753:

   Name    Fanout   Delay (ns)          Site               Resource
REG_DEL     ---     0.163    R21C41A.CLK to     R21C41A.Q1 gpio01/gpio_reg_inst/gpio_op_reg_inst25/SLICE_751 (from s_PLL_CLK20M)
ROUTE         1     0.129     R21C41A.Q1 to     R21C41D.M0 gpio01/gpio_reg_inst/gpio_op_reg_inst25/REG[5] (to s_PLL_CLK20M)
                  --------
                    0.292   (55.8% logic, 44.2% route), 1 logic levels.

 Clock Skew Details: 

      Source Clock Path slv_com/clk_gen_inst2/PLL_inst/PLLInst_0 to gpio01/gpio_reg_inst/gpio_op_reg_inst25/SLICE_751:

   Name    Fanout   Delay (ns)          Site               Resource
ROUTE       922     0.653 PLL_BR0.CLKOS2 to    R21C41A.CLK s_PLL_CLK20M
                  --------
                    0.653   (0.0% logic, 100.0% route), 0 logic levels.

      Destination Clock Path slv_com/clk_gen_inst2/PLL_inst/PLLInst_0 to gpio01/gpio_reg_inst/gpio_op_reg_inst25/SLICE_753:

   Name    Fanout   Delay (ns)          Site               Resource
ROUTE       922     0.653 PLL_BR0.CLKOS2 to    R21C41D.CLK s_PLL_CLK20M
                  --------
                    0.653   (0.0% logic, 100.0% route), 0 logic levels.


Passed: The following path meets requirements by 0.174ns

 Logical Details:  Cell type  Pin type       Cell/ASIC name  (clock net +/-)

   Source:         FF         Q              gpio01/gpio_reg_inst/gpio_op_reg_inst16/REG[7]  (from s_PLL_CLK20M +)
   Destination:    FF         Data in        gpio01/gpio_reg_inst/gpio_op_reg_inst16/GPO[7]  (to s_PLL_CLK20M +)

   Delay:               0.292ns  (55.8% logic, 44.2% route), 1 logic levels.

 Constraint Details:

      0.292ns physical path delay gpio01/gpio_reg_inst/gpio_op_reg_inst16/SLICE_716 to gpio01/gpio_reg_inst/gpio_op_reg_inst16/SLICE_530 meets
      0.118ns M_HLD and
      0.000ns delay constraint less
      0.000ns skew requirement (totaling 0.118ns) by 0.174ns

 Physical Path Details:

      Data path gpio01/gpio_reg_inst/gpio_op_reg_inst16/SLICE_716 to gpio01/gpio_reg_inst/gpio_op_reg_inst16/SLICE_530:

   Name    Fanout   Delay (ns)          Site               Resource
REG_DEL     ---     0.163    R30C28B.CLK to     R30C28B.Q1 gpio01/gpio_reg_inst/gpio_op_reg_inst16/SLICE_716 (from s_PLL_CLK20M)
ROUTE         1     0.129     R30C28B.Q1 to     R30C28A.M1 gpio01/gpio_reg_inst/gpio_op_reg_inst16/REG[7] (to s_PLL_CLK20M)
                  --------
                    0.292   (55.8% logic, 44.2% route), 1 logic levels.

 Clock Skew Details: 

      Source Clock Path slv_com/clk_gen_inst2/PLL_inst/PLLInst_0 to gpio01/gpio_reg_inst/gpio_op_reg_inst16/SLICE_716:

   Name    Fanout   Delay (ns)          Site               Resource
ROUTE       922     0.653 PLL_BR0.CLKOS2 to    R30C28B.CLK s_PLL_CLK20M
                  --------
                    0.653   (0.0% logic, 100.0% route), 0 logic levels.

      Destination Clock Path slv_com/clk_gen_inst2/PLL_inst/PLLInst_0 to gpio01/gpio_reg_inst/gpio_op_reg_inst16/SLICE_530:

   Name    Fanout   Delay (ns)          Site               Resource
ROUTE       922     0.653 PLL_BR0.CLKOS2 to    R30C28A.CLK s_PLL_CLK20M
                  --------
                    0.653   (0.0% logic, 100.0% route), 0 logic levels.


Passed: The following path meets requirements by 0.174ns

 Logical Details:  Cell type  Pin type       Cell/ASIC name  (clock net +/-)

   Source:         FF         Q              gpio01/gpio_reg_inst/gpio_op_reg_inst16/REG[1]  (from s_PLL_CLK20M +)
   Destination:    FF         Data in        gpio01/gpio_reg_inst/gpio_op_reg_inst16/GPO[1]  (to s_PLL_CLK20M +)

   Delay:               0.292ns  (55.8% logic, 44.2% route), 1 logic levels.

 Constraint Details:

      0.292ns physical path delay gpio01/gpio_reg_inst/gpio_op_reg_inst16/SLICE_713 to gpio01/gpio_reg_inst/gpio_op_reg_inst16/SLICE_430 meets
      0.118ns M_HLD and
      0.000ns delay constraint less
      0.000ns skew requirement (totaling 0.118ns) by 0.174ns

 Physical Path Details:

      Data path gpio01/gpio_reg_inst/gpio_op_reg_inst16/SLICE_713 to gpio01/gpio_reg_inst/gpio_op_reg_inst16/SLICE_430:

   Name    Fanout   Delay (ns)          Site               Resource
REG_DEL     ---     0.163    R29C27D.CLK to     R29C27D.Q1 gpio01/gpio_reg_inst/gpio_op_reg_inst16/SLICE_713 (from s_PLL_CLK20M)
ROUTE         1     0.129     R29C27D.Q1 to     R29C27A.M1 gpio01/gpio_reg_inst/gpio_op_reg_inst16/REG[1] (to s_PLL_CLK20M)
                  --------
                    0.292   (55.8% logic, 44.2% route), 1 logic levels.

 Clock Skew Details: 

      Source Clock Path slv_com/clk_gen_inst2/PLL_inst/PLLInst_0 to gpio01/gpio_reg_inst/gpio_op_reg_inst16/SLICE_713:

   Name    Fanout   Delay (ns)          Site               Resource
ROUTE       922     0.653 PLL_BR0.CLKOS2 to    R29C27D.CLK s_PLL_CLK20M
                  --------
                    0.653   (0.0% logic, 100.0% route), 0 logic levels.

      Destination Clock Path slv_com/clk_gen_inst2/PLL_inst/PLLInst_0 to gpio01/gpio_reg_inst/gpio_op_reg_inst16/SLICE_430:

   Name    Fanout   Delay (ns)          Site               Resource
ROUTE       922     0.653 PLL_BR0.CLKOS2 to    R29C27A.CLK s_PLL_CLK20M
                  --------
                    0.653   (0.0% logic, 100.0% route), 0 logic levels.


Passed: The following path meets requirements by 0.174ns

 Logical Details:  Cell type  Pin type       Cell/ASIC name  (clock net +/-)

   Source:         FF         Q              gpio01/gpio_reg_inst/gpio_op_reg_inst19/REG[7]  (from s_PLL_CLK20M +)
   Destination:    FF         Data in        gpio01/gpio_reg_inst/gpio_op_reg_inst19/GPO[7]  (to s_PLL_CLK20M +)

   Delay:               0.292ns  (55.8% logic, 44.2% route), 1 logic levels.

 Constraint Details:

      0.292ns physical path delay gpio01/gpio_reg_inst/gpio_op_reg_inst19/SLICE_728 to gpio01/gpio_reg_inst/gpio_op_reg_inst19/SLICE_762 meets
      0.118ns M_HLD and
      0.000ns delay constraint less
      0.000ns skew requirement (totaling 0.118ns) by 0.174ns

 Physical Path Details:

      Data path gpio01/gpio_reg_inst/gpio_op_reg_inst19/SLICE_728 to gpio01/gpio_reg_inst/gpio_op_reg_inst19/SLICE_762:

   Name    Fanout   Delay (ns)          Site               Resource
REG_DEL     ---     0.163    R22C38C.CLK to     R22C38C.Q1 gpio01/gpio_reg_inst/gpio_op_reg_inst19/SLICE_728 (from s_PLL_CLK20M)
ROUTE         1     0.129     R22C38C.Q1 to     R22C38A.M0 gpio01/gpio_reg_inst/gpio_op_reg_inst19/REG[7] (to s_PLL_CLK20M)
                  --------
                    0.292   (55.8% logic, 44.2% route), 1 logic levels.

 Clock Skew Details: 

      Source Clock Path slv_com/clk_gen_inst2/PLL_inst/PLLInst_0 to gpio01/gpio_reg_inst/gpio_op_reg_inst19/SLICE_728:

   Name    Fanout   Delay (ns)          Site               Resource
ROUTE       922     0.653 PLL_BR0.CLKOS2 to    R22C38C.CLK s_PLL_CLK20M
                  --------
                    0.653   (0.0% logic, 100.0% route), 0 logic levels.

      Destination Clock Path slv_com/clk_gen_inst2/PLL_inst/PLLInst_0 to gpio01/gpio_reg_inst/gpio_op_reg_inst19/SLICE_762:

   Name    Fanout   Delay (ns)          Site               Resource
ROUTE       922     0.653 PLL_BR0.CLKOS2 to    R22C38A.CLK s_PLL_CLK20M
                  --------
                    0.653   (0.0% logic, 100.0% route), 0 logic levels.


Passed: The following path meets requirements by 0.174ns

 Logical Details:  Cell type  Pin type       Cell/ASIC name  (clock net +/-)

   Source:         FF         Q              gpio01/gpio_reg_inst/gpio_op_reg_inst16/REG[3]  (from s_PLL_CLK20M +)
   Destination:    FF         Data in        gpio01/gpio_reg_inst/gpio_op_reg_inst16/GPO[3]  (to s_PLL_CLK20M +)

   Delay:               0.292ns  (55.8% logic, 44.2% route), 1 logic levels.

 Constraint Details:

      0.292ns physical path delay gpio01/gpio_reg_inst/gpio_op_reg_inst16/SLICE_714 to gpio01/gpio_reg_inst/gpio_op_reg_inst16/SLICE_431 meets
      0.118ns M_HLD and
      0.000ns delay constraint less
      0.000ns skew requirement (totaling 0.118ns) by 0.174ns

 Physical Path Details:

      Data path gpio01/gpio_reg_inst/gpio_op_reg_inst16/SLICE_714 to gpio01/gpio_reg_inst/gpio_op_reg_inst16/SLICE_431:

   Name    Fanout   Delay (ns)          Site               Resource
REG_DEL     ---     0.163    R30C28C.CLK to     R30C28C.Q1 gpio01/gpio_reg_inst/gpio_op_reg_inst16/SLICE_714 (from s_PLL_CLK20M)
ROUTE         1     0.129     R30C28C.Q1 to     R30C28D.M1 gpio01/gpio_reg_inst/gpio_op_reg_inst16/REG[3] (to s_PLL_CLK20M)
                  --------
                    0.292   (55.8% logic, 44.2% route), 1 logic levels.

 Clock Skew Details: 

      Source Clock Path slv_com/clk_gen_inst2/PLL_inst/PLLInst_0 to gpio01/gpio_reg_inst/gpio_op_reg_inst16/SLICE_714:

   Name    Fanout   Delay (ns)          Site               Resource
ROUTE       922     0.653 PLL_BR0.CLKOS2 to    R30C28C.CLK s_PLL_CLK20M
                  --------
                    0.653   (0.0% logic, 100.0% route), 0 logic levels.

      Destination Clock Path slv_com/clk_gen_inst2/PLL_inst/PLLInst_0 to gpio01/gpio_reg_inst/gpio_op_reg_inst16/SLICE_431:

   Name    Fanout   Delay (ns)          Site               Resource
ROUTE       922     0.653 PLL_BR0.CLKOS2 to    R30C28D.CLK s_PLL_CLK20M
                  --------
                    0.653   (0.0% logic, 100.0% route), 0 logic levels.


Passed: The following path meets requirements by 0.174ns

 Logical Details:  Cell type  Pin type       Cell/ASIC name  (clock net +/-)

   Source:         FF         Q              gpio01/gpio_reg_inst/gpio_op_reg_inst25/REG[3]  (from s_PLL_CLK20M +)
   Destination:    FF         Data in        gpio01/gpio_reg_inst/gpio_op_reg_inst25/GPO[3]  (to s_PLL_CLK20M +)

   Delay:               0.292ns  (55.8% logic, 44.2% route), 1 logic levels.

 Constraint Details:

      0.292ns physical path delay gpio01/gpio_reg_inst/gpio_op_reg_inst25/SLICE_750 to gpio01/gpio_reg_inst/gpio_op_reg_inst25/SLICE_531 meets
      0.118ns M_HLD and
      0.000ns delay constraint less
      0.000ns skew requirement (totaling 0.118ns) by 0.174ns

 Physical Path Details:

      Data path gpio01/gpio_reg_inst/gpio_op_reg_inst25/SLICE_750 to gpio01/gpio_reg_inst/gpio_op_reg_inst25/SLICE_531:

   Name    Fanout   Delay (ns)          Site               Resource
REG_DEL     ---     0.163    R26C43D.CLK to     R26C43D.Q1 gpio01/gpio_reg_inst/gpio_op_reg_inst25/SLICE_750 (from s_PLL_CLK20M)
ROUTE         1     0.129     R26C43D.Q1 to     R26C43A.M0 gpio01/gpio_reg_inst/gpio_op_reg_inst25/REG[3] (to s_PLL_CLK20M)
                  --------
                    0.292   (55.8% logic, 44.2% route), 1 logic levels.

 Clock Skew Details: 

      Source Clock Path slv_com/clk_gen_inst2/PLL_inst/PLLInst_0 to gpio01/gpio_reg_inst/gpio_op_reg_inst25/SLICE_750:

   Name    Fanout   Delay (ns)          Site               Resource
ROUTE       922     0.653 PLL_BR0.CLKOS2 to    R26C43D.CLK s_PLL_CLK20M
                  --------
                    0.653   (0.0% logic, 100.0% route), 0 logic levels.

      Destination Clock Path slv_com/clk_gen_inst2/PLL_inst/PLLInst_0 to gpio01/gpio_reg_inst/gpio_op_reg_inst25/SLICE_531:

   Name    Fanout   Delay (ns)          Site               Resource
ROUTE       922     0.653 PLL_BR0.CLKOS2 to    R26C43A.CLK s_PLL_CLK20M
                  --------
                    0.653   (0.0% logic, 100.0% route), 0 logic levels.


Passed: The following path meets requirements by 0.174ns

 Logical Details:  Cell type  Pin type       Cell/ASIC name  (clock net +/-)

   Source:         FF         Q              gpio01/gpio_reg_inst/gpio_ip_reg_inst1/REG1[1]  (from s_PLL_CLK20M +)
   Destination:    FF         Data in        gpio01/gpio_reg_inst/gpio_ip_reg_inst1/REG2[1]  (to s_PLL_CLK20M +)

   Delay:               0.292ns  (55.8% logic, 44.2% route), 1 logic levels.

 Constraint Details:

      0.292ns physical path delay gpio01/gpio_reg_inst/gpio_ip_reg_inst1/SLICE_651 to gpio01/gpio_reg_inst/SLICE_630 meets
      0.118ns M_HLD and
      0.000ns delay constraint less
      0.000ns skew requirement (totaling 0.118ns) by 0.174ns

 Physical Path Details:

      Data path gpio01/gpio_reg_inst/gpio_ip_reg_inst1/SLICE_651 to gpio01/gpio_reg_inst/SLICE_630:

   Name    Fanout   Delay (ns)          Site               Resource
REG_DEL     ---     0.163    R24C40D.CLK to     R24C40D.Q1 gpio01/gpio_reg_inst/gpio_ip_reg_inst1/SLICE_651 (from s_PLL_CLK20M)
ROUTE         1     0.129     R24C40D.Q1 to     R24C40A.M1 gpio01/gpio_reg_inst/gpio_ip_reg_inst1/REG1[1] (to s_PLL_CLK20M)
                  --------
                    0.292   (55.8% logic, 44.2% route), 1 logic levels.

 Clock Skew Details: 

      Source Clock Path slv_com/clk_gen_inst2/PLL_inst/PLLInst_0 to gpio01/gpio_reg_inst/gpio_ip_reg_inst1/SLICE_651:

   Name    Fanout   Delay (ns)          Site               Resource
ROUTE       922     0.653 PLL_BR0.CLKOS2 to    R24C40D.CLK s_PLL_CLK20M
                  --------
                    0.653   (0.0% logic, 100.0% route), 0 logic levels.

      Destination Clock Path slv_com/clk_gen_inst2/PLL_inst/PLLInst_0 to gpio01/gpio_reg_inst/SLICE_630:

   Name    Fanout   Delay (ns)          Site               Resource
ROUTE       922     0.653 PLL_BR0.CLKOS2 to    R24C40A.CLK s_PLL_CLK20M
                  --------
                    0.653   (0.0% logic, 100.0% route), 0 logic levels.


Passed: The following path meets requirements by 0.174ns

 Logical Details:  Cell type  Pin type       Cell/ASIC name  (clock net +/-)

   Source:         FF         Q              gpio01/gpio_reg_inst/gpio_ip_reg_inst17/REG1[1]  (from s_PLL_CLK20M +)
   Destination:    FF         Data in        gpio01/gpio_reg_inst/gpio_ip_reg_inst17/REG2[1]  (to s_PLL_CLK20M +)

   Delay:               0.292ns  (55.8% logic, 44.2% route), 1 logic levels.

 Constraint Details:

      0.292ns physical path delay gpio01/gpio_reg_inst/gpio_ip_reg_inst17/SLICE_661 to gpio01/gpio_reg_inst/SLICE_645 meets
      0.118ns M_HLD and
      0.000ns delay constraint less
      0.000ns skew requirement (totaling 0.118ns) by 0.174ns

 Physical Path Details:

      Data path gpio01/gpio_reg_inst/gpio_ip_reg_inst17/SLICE_661 to gpio01/gpio_reg_inst/SLICE_645:

   Name    Fanout   Delay (ns)          Site               Resource
REG_DEL     ---     0.163    R21C40B.CLK to     R21C40B.Q1 gpio01/gpio_reg_inst/gpio_ip_reg_inst17/SLICE_661 (from s_PLL_CLK20M)
ROUTE         1     0.129     R21C40B.Q1 to     R21C40D.M1 gpio01/gpio_reg_inst/gpio_ip_reg_inst17/REG1[1] (to s_PLL_CLK20M)
                  --------
                    0.292   (55.8% logic, 44.2% route), 1 logic levels.

 Clock Skew Details: 

      Source Clock Path slv_com/clk_gen_inst2/PLL_inst/PLLInst_0 to gpio01/gpio_reg_inst/gpio_ip_reg_inst17/SLICE_661:

   Name    Fanout   Delay (ns)          Site               Resource
ROUTE       922     0.653 PLL_BR0.CLKOS2 to    R21C40B.CLK s_PLL_CLK20M
                  --------
                    0.653   (0.0% logic, 100.0% route), 0 logic levels.

      Destination Clock Path slv_com/clk_gen_inst2/PLL_inst/PLLInst_0 to gpio01/gpio_reg_inst/SLICE_645:

   Name    Fanout   Delay (ns)          Site               Resource
ROUTE       922     0.653 PLL_BR0.CLKOS2 to    R21C40D.CLK s_PLL_CLK20M
                  --------
                    0.653   (0.0% logic, 100.0% route), 0 logic levels.


Passed: The following path meets requirements by 0.174ns

 Logical Details:  Cell type  Pin type       Cell/ASIC name  (clock net +/-)

   Source:         FF         Q              gpio01/gpio_reg_inst/gpio_ip_reg_inst25/REG1[1]  (from s_PLL_CLK20M +)
   Destination:    FF         Data in        gpio01/gpio_reg_inst/gpio_ip_reg_inst25/REG2[1]  (to s_PLL_CLK20M +)

   Delay:               0.292ns  (55.8% logic, 44.2% route), 1 logic levels.

 Constraint Details:

      0.292ns physical path delay gpio01/gpio_reg_inst/gpio_ip_reg_inst25/SLICE_693 to gpio01/gpio_reg_inst/gpio_ip_reg_inst25/SLICE_593 meets
      0.118ns M_HLD and
      0.000ns delay constraint less
      0.000ns skew requirement (totaling 0.118ns) by 0.174ns

 Physical Path Details:

      Data path gpio01/gpio_reg_inst/gpio_ip_reg_inst25/SLICE_693 to gpio01/gpio_reg_inst/gpio_ip_reg_inst25/SLICE_593:

   Name    Fanout   Delay (ns)          Site               Resource
REG_DEL     ---     0.163    R23C43C.CLK to     R23C43C.Q1 gpio01/gpio_reg_inst/gpio_ip_reg_inst25/SLICE_693 (from s_PLL_CLK20M)
ROUTE         1     0.129     R23C43C.Q1 to     R23C43A.M1 gpio01/gpio_reg_inst/gpio_ip_reg_inst25/REG1[1] (to s_PLL_CLK20M)
                  --------
                    0.292   (55.8% logic, 44.2% route), 1 logic levels.

 Clock Skew Details: 

      Source Clock Path slv_com/clk_gen_inst2/PLL_inst/PLLInst_0 to gpio01/gpio_reg_inst/gpio_ip_reg_inst25/SLICE_693:

   Name    Fanout   Delay (ns)          Site               Resource
ROUTE       922     0.653 PLL_BR0.CLKOS2 to    R23C43C.CLK s_PLL_CLK20M
                  --------
                    0.653   (0.0% logic, 100.0% route), 0 logic levels.

      Destination Clock Path slv_com/clk_gen_inst2/PLL_inst/PLLInst_0 to gpio01/gpio_reg_inst/gpio_ip_reg_inst25/SLICE_593:

   Name    Fanout   Delay (ns)          Site               Resource
ROUTE       922     0.653 PLL_BR0.CLKOS2 to    R23C43A.CLK s_PLL_CLK20M
                  --------
                    0.653   (0.0% logic, 100.0% route), 0 logic levels.


Passed: The following path meets requirements by 0.174ns

 Logical Details:  Cell type  Pin type       Cell/ASIC name  (clock net +/-)

   Source:         FF         Q              gpio01/gpio_reg_inst/gpio_ip_reg_inst18/REG1[5]  (from s_PLL_CLK20M +)
   Destination:    FF         Data in        gpio01/gpio_reg_inst/gpio_ip_reg_inst18/REG2[5]  (to s_PLL_CLK20M +)

   Delay:               0.292ns  (55.8% logic, 44.2% route), 1 logic levels.

 Constraint Details:

      0.292ns physical path delay gpio01/gpio_reg_inst/gpio_ip_reg_inst18/SLICE_667 to gpio01/gpio_reg_inst/SLICE_624 meets
      0.118ns M_HLD and
      0.000ns delay constraint less
      0.000ns skew requirement (totaling 0.118ns) by 0.174ns

 Physical Path Details:

      Data path gpio01/gpio_reg_inst/gpio_ip_reg_inst18/SLICE_667 to gpio01/gpio_reg_inst/SLICE_624:

   Name    Fanout   Delay (ns)          Site               Resource
REG_DEL     ---     0.163    R15C40B.CLK to     R15C40B.Q1 gpio01/gpio_reg_inst/gpio_ip_reg_inst18/SLICE_667 (from s_PLL_CLK20M)
ROUTE         1     0.129     R15C40B.Q1 to     R15C40C.M1 gpio01/gpio_reg_inst/gpio_ip_reg_inst18/REG1[5] (to s_PLL_CLK20M)
                  --------
                    0.292   (55.8% logic, 44.2% route), 1 logic levels.

 Clock Skew Details: 

      Source Clock Path slv_com/clk_gen_inst2/PLL_inst/PLLInst_0 to gpio01/gpio_reg_inst/gpio_ip_reg_inst18/SLICE_667:

   Name    Fanout   Delay (ns)          Site               Resource
ROUTE       922     0.653 PLL_BR0.CLKOS2 to    R15C40B.CLK s_PLL_CLK20M
                  --------
                    0.653   (0.0% logic, 100.0% route), 0 logic levels.

      Destination Clock Path slv_com/clk_gen_inst2/PLL_inst/PLLInst_0 to gpio01/gpio_reg_inst/SLICE_624:

   Name    Fanout   Delay (ns)          Site               Resource
ROUTE       922     0.653 PLL_BR0.CLKOS2 to    R15C40C.CLK s_PLL_CLK20M
                  --------
                    0.653   (0.0% logic, 100.0% route), 0 logic levels.


================================================================================
Preference: FREQUENCY NET "slv_com/CLK2A" 100.000000 MHz ;
            108 items scored, 0 timing errors detected.
--------------------------------------------------------------------------------


Passed: The following path meets requirements by 0.185ns

 Logical Details:  Cell type  Pin type       Cell/ASIC name  (clock net +/-)

   Source:         FF         Q              slv_com/rst_cnt_inst/clk2An_cntr[8]  (from slv_com/CLK2A -)
   Destination:    FF         Data in        slv_com/rst_cnt_inst/clk2An_cntr[8]  (to slv_com/CLK2A -)

   Delay:               0.303ns  (75.9% logic, 24.1% route), 2 logic levels.

 Constraint Details:

      0.303ns physical path delay slv_com/rst_cnt_inst/SLICE_953 to slv_com/rst_cnt_inst/SLICE_953 meets
      0.118ns DIN_HLD and
      0.000ns delay constraint less
      0.000ns skew requirement (totaling 0.118ns) by 0.185ns

 Physical Path Details:

      Data path slv_com/rst_cnt_inst/SLICE_953 to slv_com/rst_cnt_inst/SLICE_953:

   Name    Fanout   Delay (ns)          Site               Resource
REG_DEL     ---     0.154    R44C35C.CLK to     R44C35C.Q0 slv_com/rst_cnt_inst/SLICE_953 (from slv_com/CLK2A)
ROUTE         8     0.073     R44C35C.Q0 to     R44C35C.C0 slv_com/clk2An_cntr[8]
CTOF_DEL    ---     0.076     R44C35C.C0 to     R44C35C.F0 slv_com/rst_cnt_inst/SLICE_953
ROUTE         1     0.000     R44C35C.F0 to    R44C35C.DI0 slv_com/rst_cnt_inst/N_17414_0 (to slv_com/CLK2A)
                  --------
                    0.303   (75.9% logic, 24.1% route), 2 logic levels.

 Clock Skew Details: 

      Source Clock Path slv_com/clk_gen_inst2/PLL_inst/PLLInst_0 to slv_com/rst_cnt_inst/SLICE_953:

   Name    Fanout   Delay (ns)          Site               Resource
ROUTE        16     0.653  PLL_BR0.CLKOS to    R44C35C.CLK slv_com/CLK2A
                  --------
                    0.653   (0.0% logic, 100.0% route), 0 logic levels.

      Destination Clock Path slv_com/clk_gen_inst2/PLL_inst/PLLInst_0 to slv_com/rst_cnt_inst/SLICE_953:

   Name    Fanout   Delay (ns)          Site               Resource
ROUTE        16     0.653  PLL_BR0.CLKOS to    R44C35C.CLK slv_com/CLK2A
                  --------
                    0.653   (0.0% logic, 100.0% route), 0 logic levels.


Passed: The following path meets requirements by 0.194ns

 Logical Details:  Cell type  Pin type       Cell/ASIC name  (clock net +/-)

   Source:         FF         Q              slv_com/rst_cnt_inst/clk2Ap_cntr[8]  (from slv_com/CLK2A +)
   Destination:    FF         Data in        slv_com/rst_cnt_inst/clk2Ap_cntr[8]  (to slv_com/CLK2A +)

   Delay:               0.313ns  (76.7% logic, 23.3% route), 2 logic levels.

 Constraint Details:

      0.313ns physical path delay slv_com/rst_cnt_inst/SLICE_956 to slv_com/rst_cnt_inst/SLICE_956 meets
      0.119ns DIN_HLD and
      0.000ns delay constraint less
      0.000ns skew requirement (totaling 0.119ns) by 0.194ns

 Physical Path Details:

      Data path slv_com/rst_cnt_inst/SLICE_956 to slv_com/rst_cnt_inst/SLICE_956:

   Name    Fanout   Delay (ns)          Site               Resource
REG_DEL     ---     0.164    R12C33C.CLK to     R12C33C.Q0 slv_com/rst_cnt_inst/SLICE_956 (from slv_com/CLK2A)
ROUTE         8     0.073     R12C33C.Q0 to     R12C33C.C0 slv_com/rst_cnt_inst/clk2Ap_cntr[8]
CTOF_DEL    ---     0.076     R12C33C.C0 to     R12C33C.F0 slv_com/rst_cnt_inst/SLICE_956
ROUTE         1     0.000     R12C33C.F0 to    R12C33C.DI0 slv_com/rst_cnt_inst/N_17423_0 (to slv_com/CLK2A)
                  --------
                    0.313   (76.7% logic, 23.3% route), 2 logic levels.

 Clock Skew Details: 

      Source Clock Path slv_com/clk_gen_inst2/PLL_inst/PLLInst_0 to slv_com/rst_cnt_inst/SLICE_956:

   Name    Fanout   Delay (ns)          Site               Resource
ROUTE        16     0.653  PLL_BR0.CLKOS to    R12C33C.CLK slv_com/CLK2A
                  --------
                    0.653   (0.0% logic, 100.0% route), 0 logic levels.

      Destination Clock Path slv_com/clk_gen_inst2/PLL_inst/PLLInst_0 to slv_com/rst_cnt_inst/SLICE_956:

   Name    Fanout   Delay (ns)          Site               Resource
ROUTE        16     0.653  PLL_BR0.CLKOS to    R12C33C.CLK slv_com/CLK2A
                  --------
                    0.653   (0.0% logic, 100.0% route), 0 logic levels.


Passed: The following path meets requirements by 0.238ns

 Logical Details:  Cell type  Pin type       Cell/ASIC name  (clock net +/-)

   Source:         FF         Q              slv_com/rst_cnt_inst/clk2An_cntr[8]  (from slv_com/CLK2A -)
   Destination:    FF         Data in        slv_com/rst_cnt_inst/clk2An_cntr[7]  (to slv_com/CLK2A -)

   Delay:               0.288ns  (53.5% logic, 46.5% route), 1 logic levels.

 Constraint Details:

      0.288ns physical path delay slv_com/rst_cnt_inst/SLICE_953 to slv_com/rst_cnt_inst/SLICE_385 meets
      0.050ns CE_HLD and
      0.000ns delay constraint less
      0.000ns skew requirement (totaling 0.050ns) by 0.238ns

 Physical Path Details:

      Data path slv_com/rst_cnt_inst/SLICE_953 to slv_com/rst_cnt_inst/SLICE_385:

   Name    Fanout   Delay (ns)          Site               Resource
REG_DEL     ---     0.154    R44C35C.CLK to     R44C35C.Q0 slv_com/rst_cnt_inst/SLICE_953 (from slv_com/CLK2A)
ROUTE         8     0.134     R44C35C.Q0 to     R44C35A.CE slv_com/clk2An_cntr[8] (to slv_com/CLK2A)
                  --------
                    0.288   (53.5% logic, 46.5% route), 1 logic levels.

 Clock Skew Details: 

      Source Clock Path slv_com/clk_gen_inst2/PLL_inst/PLLInst_0 to slv_com/rst_cnt_inst/SLICE_953:

   Name    Fanout   Delay (ns)          Site               Resource
ROUTE        16     0.653  PLL_BR0.CLKOS to    R44C35C.CLK slv_com/CLK2A
                  --------
                    0.653   (0.0% logic, 100.0% route), 0 logic levels.

      Destination Clock Path slv_com/clk_gen_inst2/PLL_inst/PLLInst_0 to slv_com/rst_cnt_inst/SLICE_385:

   Name    Fanout   Delay (ns)          Site               Resource
ROUTE        16     0.653  PLL_BR0.CLKOS to    R44C35A.CLK slv_com/CLK2A
                  --------
                    0.653   (0.0% logic, 100.0% route), 0 logic levels.


Passed: The following path meets requirements by 0.238ns

 Logical Details:  Cell type  Pin type       Cell/ASIC name  (clock net +/-)

   Source:         FF         Q              slv_com/rst_cnt_inst/clk2Ap_cntr[8]  (from slv_com/CLK2A +)
   Destination:    FF         Data in        slv_com/rst_cnt_inst/clk2Ap_cntr[7]  (to slv_com/CLK2A +)

   Delay:               0.298ns  (55.0% logic, 45.0% route), 1 logic levels.

 Constraint Details:

      0.298ns physical path delay slv_com/rst_cnt_inst/SLICE_956 to slv_com/rst_cnt_inst/SLICE_380 meets
      0.060ns CE_HLD and
      0.000ns delay constraint less
      0.000ns skew requirement (totaling 0.060ns) by 0.238ns

 Physical Path Details:

      Data path slv_com/rst_cnt_inst/SLICE_956 to slv_com/rst_cnt_inst/SLICE_380:

   Name    Fanout   Delay (ns)          Site               Resource
REG_DEL     ---     0.164    R12C33C.CLK to     R12C33C.Q0 slv_com/rst_cnt_inst/SLICE_956 (from slv_com/CLK2A)
ROUTE         8     0.134     R12C33C.Q0 to     R12C33A.CE slv_com/rst_cnt_inst/clk2Ap_cntr[8] (to slv_com/CLK2A)
                  --------
                    0.298   (55.0% logic, 45.0% route), 1 logic levels.

 Clock Skew Details: 

      Source Clock Path slv_com/clk_gen_inst2/PLL_inst/PLLInst_0 to slv_com/rst_cnt_inst/SLICE_956:

   Name    Fanout   Delay (ns)          Site               Resource
ROUTE        16     0.653  PLL_BR0.CLKOS to    R12C33C.CLK slv_com/CLK2A
                  --------
                    0.653   (0.0% logic, 100.0% route), 0 logic levels.

      Destination Clock Path slv_com/clk_gen_inst2/PLL_inst/PLLInst_0 to slv_com/rst_cnt_inst/SLICE_380:

   Name    Fanout   Delay (ns)          Site               Resource
ROUTE        16     0.653  PLL_BR0.CLKOS to    R12C33A.CLK slv_com/CLK2A
                  --------
                    0.653   (0.0% logic, 100.0% route), 0 logic levels.


Passed: The following path meets requirements by 0.265ns

 Logical Details:  Cell type  Pin type       Cell/ASIC name  (clock net +/-)

   Source:         FF         Q              slv_com/rst_cnt_inst/clk2An_cntr[4]  (from slv_com/CLK2A -)
   Destination:    FF         Data in        slv_com/rst_cnt_inst/clk2An_cntr[4]  (to slv_com/CLK2A -)

   Delay:               0.383ns  (59.8% logic, 40.2% route), 2 logic levels.

 Constraint Details:

      0.383ns physical path delay slv_com/rst_cnt_inst/SLICE_383 to slv_com/rst_cnt_inst/SLICE_383 meets
      0.118ns DIN_HLD and
      0.000ns delay constraint less
      0.000ns skew requirement (totaling 0.118ns) by 0.265ns

 Physical Path Details:

      Data path slv_com/rst_cnt_inst/SLICE_383 to slv_com/rst_cnt_inst/SLICE_383:

   Name    Fanout   Delay (ns)          Site               Resource
REG_DEL     ---     0.153    R44C34C.CLK to     R44C34C.Q1 slv_com/rst_cnt_inst/SLICE_383 (from slv_com/CLK2A)
ROUTE         1     0.154     R44C34C.Q1 to     R44C34C.A1 slv_com/rst_cnt_inst/clk2An_cntr[4]
CTOF_DEL    ---     0.076     R44C34C.A1 to     R44C34C.F1 slv_com/rst_cnt_inst/SLICE_383
ROUTE         1     0.000     R44C34C.F1 to    R44C34C.DI1 slv_com/rst_cnt_inst/clk2An_cntr_s[4] (to slv_com/CLK2A)
                  --------
                    0.383   (59.8% logic, 40.2% route), 2 logic levels.

 Clock Skew Details: 

      Source Clock Path slv_com/clk_gen_inst2/PLL_inst/PLLInst_0 to slv_com/rst_cnt_inst/SLICE_383:

   Name    Fanout   Delay (ns)          Site               Resource
ROUTE        16     0.653  PLL_BR0.CLKOS to    R44C34C.CLK slv_com/CLK2A
                  --------
                    0.653   (0.0% logic, 100.0% route), 0 logic levels.

      Destination Clock Path slv_com/clk_gen_inst2/PLL_inst/PLLInst_0 to slv_com/rst_cnt_inst/SLICE_383:

   Name    Fanout   Delay (ns)          Site               Resource
ROUTE        16     0.653  PLL_BR0.CLKOS to    R44C34C.CLK slv_com/CLK2A
                  --------
                    0.653   (0.0% logic, 100.0% route), 0 logic levels.


Passed: The following path meets requirements by 0.265ns

 Logical Details:  Cell type  Pin type       Cell/ASIC name  (clock net +/-)

   Source:         FF         Q              slv_com/rst_cnt_inst/clk2An_cntr[6]  (from slv_com/CLK2A -)
   Destination:    FF         Data in        slv_com/rst_cnt_inst/clk2An_cntr[6]  (to slv_com/CLK2A -)

   Delay:               0.383ns  (59.8% logic, 40.2% route), 2 logic levels.

 Constraint Details:

      0.383ns physical path delay slv_com/rst_cnt_inst/SLICE_384 to slv_com/rst_cnt_inst/SLICE_384 meets
      0.118ns DIN_HLD and
      0.000ns delay constraint less
      0.000ns skew requirement (totaling 0.118ns) by 0.265ns

 Physical Path Details:

      Data path slv_com/rst_cnt_inst/SLICE_384 to slv_com/rst_cnt_inst/SLICE_384:

   Name    Fanout   Delay (ns)          Site               Resource
REG_DEL     ---     0.153    R44C34D.CLK to     R44C34D.Q1 slv_com/rst_cnt_inst/SLICE_384 (from slv_com/CLK2A)
ROUTE         1     0.154     R44C34D.Q1 to     R44C34D.A1 slv_com/rst_cnt_inst/clk2An_cntr[6]
CTOF_DEL    ---     0.076     R44C34D.A1 to     R44C34D.F1 slv_com/rst_cnt_inst/SLICE_384
ROUTE         1     0.000     R44C34D.F1 to    R44C34D.DI1 slv_com/rst_cnt_inst/clk2An_cntr_s[6] (to slv_com/CLK2A)
                  --------
                    0.383   (59.8% logic, 40.2% route), 2 logic levels.

 Clock Skew Details: 

      Source Clock Path slv_com/clk_gen_inst2/PLL_inst/PLLInst_0 to slv_com/rst_cnt_inst/SLICE_384:

   Name    Fanout   Delay (ns)          Site               Resource
ROUTE        16     0.653  PLL_BR0.CLKOS to    R44C34D.CLK slv_com/CLK2A
                  --------
                    0.653   (0.0% logic, 100.0% route), 0 logic levels.

      Destination Clock Path slv_com/clk_gen_inst2/PLL_inst/PLLInst_0 to slv_com/rst_cnt_inst/SLICE_384:

   Name    Fanout   Delay (ns)          Site               Resource
ROUTE        16     0.653  PLL_BR0.CLKOS to    R44C34D.CLK slv_com/CLK2A
                  --------
                    0.653   (0.0% logic, 100.0% route), 0 logic levels.


Passed: The following path meets requirements by 0.271ns

 Logical Details:  Cell type  Pin type       Cell/ASIC name  (clock net +/-)

   Source:         FF         Q              slv_com/rst_cnt_inst/clk2An_cntr[2]  (from slv_com/CLK2A -)
   Destination:    FF         Data in        slv_com/rst_cnt_inst/clk2An_cntr[2]  (to slv_com/CLK2A -)

   Delay:               0.389ns  (58.9% logic, 41.1% route), 2 logic levels.

 Constraint Details:

      0.389ns physical path delay slv_com/rst_cnt_inst/SLICE_382 to slv_com/rst_cnt_inst/SLICE_382 meets
      0.118ns DIN_HLD and
      0.000ns delay constraint less
      0.000ns skew requirement (totaling 0.118ns) by 0.271ns

 Physical Path Details:

      Data path slv_com/rst_cnt_inst/SLICE_382 to slv_com/rst_cnt_inst/SLICE_382:

   Name    Fanout   Delay (ns)          Site               Resource
REG_DEL     ---     0.153    R44C34B.CLK to     R44C34B.Q1 slv_com/rst_cnt_inst/SLICE_382 (from slv_com/CLK2A)
ROUTE         1     0.160     R44C34B.Q1 to     R44C34B.B1 slv_com/rst_cnt_inst/clk2An_cntr[2]
CTOF_DEL    ---     0.076     R44C34B.B1 to     R44C34B.F1 slv_com/rst_cnt_inst/SLICE_382
ROUTE         1     0.000     R44C34B.F1 to    R44C34B.DI1 slv_com/rst_cnt_inst/clk2An_cntr_s[2] (to slv_com/CLK2A)
                  --------
                    0.389   (58.9% logic, 41.1% route), 2 logic levels.

 Clock Skew Details: 

      Source Clock Path slv_com/clk_gen_inst2/PLL_inst/PLLInst_0 to slv_com/rst_cnt_inst/SLICE_382:

   Name    Fanout   Delay (ns)          Site               Resource
ROUTE        16     0.653  PLL_BR0.CLKOS to    R44C34B.CLK slv_com/CLK2A
                  --------
                    0.653   (0.0% logic, 100.0% route), 0 logic levels.

      Destination Clock Path slv_com/clk_gen_inst2/PLL_inst/PLLInst_0 to slv_com/rst_cnt_inst/SLICE_382:

   Name    Fanout   Delay (ns)          Site               Resource
ROUTE        16     0.653  PLL_BR0.CLKOS to    R44C34B.CLK slv_com/CLK2A
                  --------
                    0.653   (0.0% logic, 100.0% route), 0 logic levels.


Passed: The following path meets requirements by 0.274ns

 Logical Details:  Cell type  Pin type       Cell/ASIC name  (clock net +/-)

   Source:         FF         Q              slv_com/rst_cnt_inst/clk2Ap_cntr[6]  (from slv_com/CLK2A +)
   Destination:    FF         Data in        slv_com/rst_cnt_inst/clk2Ap_cntr[6]  (to slv_com/CLK2A +)

   Delay:               0.393ns  (60.8% logic, 39.2% route), 2 logic levels.

 Constraint Details:

      0.393ns physical path delay slv_com/rst_cnt_inst/SLICE_379 to slv_com/rst_cnt_inst/SLICE_379 meets
      0.119ns DIN_HLD and
      0.000ns delay constraint less
      0.000ns skew requirement (totaling 0.119ns) by 0.274ns

 Physical Path Details:

      Data path slv_com/rst_cnt_inst/SLICE_379 to slv_com/rst_cnt_inst/SLICE_379:

   Name    Fanout   Delay (ns)          Site               Resource
REG_DEL     ---     0.163    R12C32D.CLK to     R12C32D.Q1 slv_com/rst_cnt_inst/SLICE_379 (from slv_com/CLK2A)
ROUTE         1     0.154     R12C32D.Q1 to     R12C32D.A1 slv_com/rst_cnt_inst/clk2Ap_cntr[6]
CTOF_DEL    ---     0.076     R12C32D.A1 to     R12C32D.F1 slv_com/rst_cnt_inst/SLICE_379
ROUTE         1     0.000     R12C32D.F1 to    R12C32D.DI1 slv_com/rst_cnt_inst/clk2Ap_cntr_s[6] (to slv_com/CLK2A)
                  --------
                    0.393   (60.8% logic, 39.2% route), 2 logic levels.

 Clock Skew Details: 

      Source Clock Path slv_com/clk_gen_inst2/PLL_inst/PLLInst_0 to slv_com/rst_cnt_inst/SLICE_379:

   Name    Fanout   Delay (ns)          Site               Resource
ROUTE        16     0.653  PLL_BR0.CLKOS to    R12C32D.CLK slv_com/CLK2A
                  --------
                    0.653   (0.0% logic, 100.0% route), 0 logic levels.

      Destination Clock Path slv_com/clk_gen_inst2/PLL_inst/PLLInst_0 to slv_com/rst_cnt_inst/SLICE_379:

   Name    Fanout   Delay (ns)          Site               Resource
ROUTE        16     0.653  PLL_BR0.CLKOS to    R12C32D.CLK slv_com/CLK2A
                  --------
                    0.653   (0.0% logic, 100.0% route), 0 logic levels.


Passed: The following path meets requirements by 0.274ns

 Logical Details:  Cell type  Pin type       Cell/ASIC name  (clock net +/-)

   Source:         FF         Q              slv_com/rst_cnt_inst/clk2Ap_cntr[4]  (from slv_com/CLK2A +)
   Destination:    FF         Data in        slv_com/rst_cnt_inst/clk2Ap_cntr[4]  (to slv_com/CLK2A +)

   Delay:               0.393ns  (60.8% logic, 39.2% route), 2 logic levels.

 Constraint Details:

      0.393ns physical path delay slv_com/rst_cnt_inst/SLICE_378 to slv_com/rst_cnt_inst/SLICE_378 meets
      0.119ns DIN_HLD and
      0.000ns delay constraint less
      0.000ns skew requirement (totaling 0.119ns) by 0.274ns

 Physical Path Details:

      Data path slv_com/rst_cnt_inst/SLICE_378 to slv_com/rst_cnt_inst/SLICE_378:

   Name    Fanout   Delay (ns)          Site               Resource
REG_DEL     ---     0.163    R12C32C.CLK to     R12C32C.Q1 slv_com/rst_cnt_inst/SLICE_378 (from slv_com/CLK2A)
ROUTE         1     0.154     R12C32C.Q1 to     R12C32C.A1 slv_com/rst_cnt_inst/clk2Ap_cntr[4]
CTOF_DEL    ---     0.076     R12C32C.A1 to     R12C32C.F1 slv_com/rst_cnt_inst/SLICE_378
ROUTE         1     0.000     R12C32C.F1 to    R12C32C.DI1 slv_com/rst_cnt_inst/clk2Ap_cntr_s[4] (to slv_com/CLK2A)
                  --------
                    0.393   (60.8% logic, 39.2% route), 2 logic levels.

 Clock Skew Details: 

      Source Clock Path slv_com/clk_gen_inst2/PLL_inst/PLLInst_0 to slv_com/rst_cnt_inst/SLICE_378:

   Name    Fanout   Delay (ns)          Site               Resource
ROUTE        16     0.653  PLL_BR0.CLKOS to    R12C32C.CLK slv_com/CLK2A
                  --------
                    0.653   (0.0% logic, 100.0% route), 0 logic levels.

      Destination Clock Path slv_com/clk_gen_inst2/PLL_inst/PLLInst_0 to slv_com/rst_cnt_inst/SLICE_378:

   Name    Fanout   Delay (ns)          Site               Resource
ROUTE        16     0.653  PLL_BR0.CLKOS to    R12C32C.CLK slv_com/CLK2A
                  --------
                    0.653   (0.0% logic, 100.0% route), 0 logic levels.


Passed: The following path meets requirements by 0.280ns

 Logical Details:  Cell type  Pin type       Cell/ASIC name  (clock net +/-)

   Source:         FF         Q              slv_com/rst_cnt_inst/clk2Ap_cntr[0]  (from slv_com/CLK2A +)
   Destination:    FF         Data in        slv_com/rst_cnt_inst/clk2Ap_cntr[0]  (to slv_com/CLK2A +)

   Delay:               0.399ns  (59.9% logic, 40.1% route), 2 logic levels.

 Constraint Details:

      0.399ns physical path delay slv_com/rst_cnt_inst/SLICE_376 to slv_com/rst_cnt_inst/SLICE_376 meets
      0.119ns DIN_HLD and
      0.000ns delay constraint less
      0.000ns skew requirement (totaling 0.119ns) by 0.280ns

 Physical Path Details:

      Data path slv_com/rst_cnt_inst/SLICE_376 to slv_com/rst_cnt_inst/SLICE_376:

   Name    Fanout   Delay (ns)          Site               Resource
REG_DEL     ---     0.163    R12C32A.CLK to     R12C32A.Q1 slv_com/rst_cnt_inst/SLICE_376 (from slv_com/CLK2A)
ROUTE         1     0.160     R12C32A.Q1 to     R12C32A.B1 slv_com/rst_cnt_inst/clk2Ap_cntr[0]
CTOF_DEL    ---     0.076     R12C32A.B1 to     R12C32A.F1 slv_com/rst_cnt_inst/SLICE_376
ROUTE         1     0.000     R12C32A.F1 to    R12C32A.DI1 slv_com/rst_cnt_inst/clk2Ap_cntr_s[0] (to slv_com/CLK2A)
                  --------
                    0.399   (59.9% logic, 40.1% route), 2 logic levels.

 Clock Skew Details: 

      Source Clock Path slv_com/clk_gen_inst2/PLL_inst/PLLInst_0 to slv_com/rst_cnt_inst/SLICE_376:

   Name    Fanout   Delay (ns)          Site               Resource
ROUTE        16     0.653  PLL_BR0.CLKOS to    R12C32A.CLK slv_com/CLK2A
                  --------
                    0.653   (0.0% logic, 100.0% route), 0 logic levels.

      Destination Clock Path slv_com/clk_gen_inst2/PLL_inst/PLLInst_0 to slv_com/rst_cnt_inst/SLICE_376:

   Name    Fanout   Delay (ns)          Site               Resource
ROUTE        16     0.653  PLL_BR0.CLKOS to    R12C32A.CLK slv_com/CLK2A
                  --------
                    0.653   (0.0% logic, 100.0% route), 0 logic levels.


================================================================================
Preference: FREQUENCY NET "slv_com.CLKCOM_OUT" 100.000000 MHz ;
            1427 items scored, 0 timing errors detected.
--------------------------------------------------------------------------------


Passed: The following path meets requirements by 0.174ns

 Logical Details:  Cell type  Pin type       Cell/ASIC name  (clock net +/-)

   Source:         FF         Q              slv_com/tx_com_inst/tx_cont_b2_inst/tx_ck_dcfifo1_48_inst/FF_24  (from slv_com.CLKCOM_OUT +)
   Destination:    FF         Data in        slv_com/tx_com_inst/tx_cont_b2_inst/tx_ck_dcfifo1_48_inst/FF_10  (to slv_com.CLKCOM_OUT +)

   Delay:               0.292ns  (55.8% logic, 44.2% route), 1 logic levels.

 Constraint Details:

      0.292ns physical path delay slv_com/tx_com_inst/tx_cont_b2_inst/tx_ck_dcfifo1_48_inst/SLICE_1299 to slv_com/tx_com_inst/tx_cont_b2_inst/tx_ck_dcfifo1_48_inst/SLICE_1303 meets
      0.118ns M_HLD and
      0.000ns delay constraint less
      0.000ns skew requirement (totaling 0.118ns) by 0.174ns

 Physical Path Details:

      Data path slv_com/tx_com_inst/tx_cont_b2_inst/tx_ck_dcfifo1_48_inst/SLICE_1299 to slv_com/tx_com_inst/tx_cont_b2_inst/tx_ck_dcfifo1_48_inst/SLICE_1303:

   Name    Fanout   Delay (ns)          Site               Resource
REG_DEL     ---     0.163    R43C41D.CLK to     R43C41D.Q1 slv_com/tx_com_inst/tx_cont_b2_inst/tx_ck_dcfifo1_48_inst/SLICE_1299 (from slv_com.CLKCOM_OUT)
ROUTE         1     0.129     R43C41D.Q1 to     R43C41A.M0 slv_com/tx_com_inst/tx_cont_b2_inst/tx_ck_dcfifo1_48_inst/w_gcount_r5 (to slv_com.CLKCOM_OUT)
                  --------
                    0.292   (55.8% logic, 44.2% route), 1 logic levels.

 Clock Skew Details: 

      Source Clock Path slv_com/clk_gen_inst2/PLL_inst/PLLInst_0 to slv_com/tx_com_inst/tx_cont_b2_inst/tx_ck_dcfifo1_48_inst/SLICE_1299:

   Name    Fanout   Delay (ns)          Site               Resource
ROUTE       163     0.653  PLL_BR0.CLKOP to    R43C41D.CLK slv_com.CLKCOM_OUT
                  --------
                    0.653   (0.0% logic, 100.0% route), 0 logic levels.

      Destination Clock Path slv_com/clk_gen_inst2/PLL_inst/PLLInst_0 to slv_com/tx_com_inst/tx_cont_b2_inst/tx_ck_dcfifo1_48_inst/SLICE_1303:

   Name    Fanout   Delay (ns)          Site               Resource
ROUTE       163     0.653  PLL_BR0.CLKOP to    R43C41A.CLK slv_com.CLKCOM_OUT
                  --------
                    0.653   (0.0% logic, 100.0% route), 0 logic levels.


Passed: The following path meets requirements by 0.174ns

 Logical Details:  Cell type  Pin type       Cell/ASIC name  (clock net +/-)

   Source:         FF         Q              slv_com/tx_com_inst/tx_cont_b2_inst/tx_ck_dcfifo1_48_inst/FF_63  (from slv_com.CLK1 +)
   Destination:    FF         Data in        slv_com/tx_com_inst/tx_cont_b2_inst/tx_ck_dcfifo1_48_inst/FF_28  (to slv_com.CLKCOM_OUT +)

   Delay:               0.292ns  (55.8% logic, 44.2% route), 1 logic levels.

 Constraint Details:

      0.292ns physical path delay slv_com/tx_com_inst/tx_cont_b2_inst/tx_ck_dcfifo1_48_inst/SLICE_1293 to slv_com/tx_com_inst/tx_cont_b2_inst/tx_ck_dcfifo1_48_inst/SLICE_1297 meets
      0.118ns M_HLD and
      0.000ns delay constraint less
      0.000ns skew less
      0.000ns feedback compensation requirement (totaling 0.118ns) by 0.174ns

 Physical Path Details:

      Data path slv_com/tx_com_inst/tx_cont_b2_inst/tx_ck_dcfifo1_48_inst/SLICE_1293 to slv_com/tx_com_inst/tx_cont_b2_inst/tx_ck_dcfifo1_48_inst/SLICE_1297:

   Name    Fanout   Delay (ns)          Site               Resource
REG_DEL     ---     0.163    R43C40A.CLK to     R43C40A.Q1 slv_com/tx_com_inst/tx_cont_b2_inst/tx_ck_dcfifo1_48_inst/SLICE_1293 (from slv_com.CLK1)
ROUTE         1     0.129     R43C40A.Q1 to     R43C40C.M1 slv_com/tx_com_inst/tx_cont_b2_inst/tx_ck_dcfifo1_48_inst/w_gcount_1 (to slv_com.CLKCOM_OUT)
                  --------
                    0.292   (55.8% logic, 44.2% route), 1 logic levels.

 Clock Skew Details: 

      Source Clock Path UP_CLK to slv_com/tx_com_inst/tx_cont_b2_inst/tx_ck_dcfifo1_48_inst/SLICE_1293:

   Name    Fanout   Delay (ns)          Site               Resource
PADI_DEL    ---     0.740        M16.PAD to      M16.PADDI UP_CLK
ROUTE         1     0.156      M16.PADDI to   PLL_BR0.CLKI UP_CLK_c
CLKI2OS3_D  ---     0.000   PLL_BR0.CLKI to PLL_BR0.CLKOS3 slv_com/clk_gen_inst2/PLL_inst/PLLInst_0
ROUTE       329     0.653 PLL_BR0.CLKOS3 to    R43C40A.CLK slv_com.CLK1
                  --------
                    1.549   (47.8% logic, 52.2% route), 2 logic levels.

      Source Clock f/b:

   Name    Fanout   Delay (ns)          Site               Resource
CLKFB2OP_D  ---     0.000  PLL_BR0.CLKFB to  PLL_BR0.CLKOP slv_com/clk_gen_inst2/PLL_inst/PLLInst_0
ROUTE       163     0.696  PLL_BR0.CLKOP to  PLL_BR0.CLKFB slv_com.CLKCOM_OUT
                  --------
                    0.696   (0.0% logic, 100.0% route), 1 logic levels.

      Destination Clock Path UP_CLK to slv_com/tx_com_inst/tx_cont_b2_inst/tx_ck_dcfifo1_48_inst/SLICE_1297:

   Name    Fanout   Delay (ns)          Site               Resource
PADI_DEL    ---     0.740        M16.PAD to      M16.PADDI UP_CLK
ROUTE         1     0.156      M16.PADDI to   PLL_BR0.CLKI UP_CLK_c
CLKI2OP_DE  ---     0.000   PLL_BR0.CLKI to  PLL_BR0.CLKOP slv_com/clk_gen_inst2/PLL_inst/PLLInst_0
ROUTE       163     0.653  PLL_BR0.CLKOP to    R43C40C.CLK slv_com.CLKCOM_OUT
                  --------
                    1.549   (47.8% logic, 52.2% route), 2 logic levels.

      Destination Clock f/b:

   Name    Fanout   Delay (ns)          Site               Resource
CLKFB2OP_D  ---     0.000  PLL_BR0.CLKFB to  PLL_BR0.CLKOP slv_com/clk_gen_inst2/PLL_inst/PLLInst_0
ROUTE       163     0.696  PLL_BR0.CLKOP to  PLL_BR0.CLKFB slv_com.CLKCOM_OUT
                  --------
                    0.696   (0.0% logic, 100.0% route), 1 logic levels.


Passed: The following path meets requirements by 0.174ns

 Logical Details:  Cell type  Pin type       Cell/ASIC name  (clock net +/-)

   Source:         FF         Q              slv_com/rx_com_inst/rx_cont_b1_inst/rx_ck_dcfifo1_48_inst/FF_38  (from slv_com.CLK1 +)
   Destination:    FF         Data in        slv_com/rx_com_inst/rx_cont_b1_inst/rx_ck_dcfifo1_48_inst/FF_17  (to slv_com.CLKCOM_OUT +)

   Delay:               0.292ns  (55.8% logic, 44.2% route), 1 logic levels.

 Constraint Details:

      0.292ns physical path delay slv_com/rx_com_inst/rx_cont_b1_inst/rx_ck_dcfifo1_48_inst/SLICE_1011 to slv_com/rx_com_inst/rx_cont_b1_inst/rx_ck_dcfifo1_48_inst/SLICE_1015 meets
      0.118ns M_HLD and
      0.000ns delay constraint less
      0.000ns skew less
      0.000ns feedback compensation requirement (totaling 0.118ns) by 0.174ns

 Physical Path Details:

      Data path slv_com/rx_com_inst/rx_cont_b1_inst/rx_ck_dcfifo1_48_inst/SLICE_1011 to slv_com/rx_com_inst/rx_cont_b1_inst/rx_ck_dcfifo1_48_inst/SLICE_1015:

   Name    Fanout   Delay (ns)          Site               Resource
REG_DEL     ---     0.163    R40C54A.CLK to     R40C54A.Q1 slv_com/rx_com_inst/rx_cont_b1_inst/rx_ck_dcfifo1_48_inst/SLICE_1011 (from slv_com.CLK1)
ROUTE         1     0.129     R40C54A.Q1 to     R40C54B.M1 slv_com/rx_com_inst/rx_cont_b1_inst/rx_ck_dcfifo1_48_inst/r_gcount_5 (to slv_com.CLKCOM_OUT)
                  --------
                    0.292   (55.8% logic, 44.2% route), 1 logic levels.

 Clock Skew Details: 

      Source Clock Path UP_CLK to slv_com/rx_com_inst/rx_cont_b1_inst/rx_ck_dcfifo1_48_inst/SLICE_1011:

   Name    Fanout   Delay (ns)          Site               Resource
PADI_DEL    ---     0.740        M16.PAD to      M16.PADDI UP_CLK
ROUTE         1     0.156      M16.PADDI to   PLL_BR0.CLKI UP_CLK_c
CLKI2OS3_D  ---     0.000   PLL_BR0.CLKI to PLL_BR0.CLKOS3 slv_com/clk_gen_inst2/PLL_inst/PLLInst_0
ROUTE       329     0.653 PLL_BR0.CLKOS3 to    R40C54A.CLK slv_com.CLK1
                  --------
                    1.549   (47.8% logic, 52.2% route), 2 logic levels.

      Source Clock f/b:

   Name    Fanout   Delay (ns)          Site               Resource
CLKFB2OP_D  ---     0.000  PLL_BR0.CLKFB to  PLL_BR0.CLKOP slv_com/clk_gen_inst2/PLL_inst/PLLInst_0
ROUTE       163     0.696  PLL_BR0.CLKOP to  PLL_BR0.CLKFB slv_com.CLKCOM_OUT
                  --------
                    0.696   (0.0% logic, 100.0% route), 1 logic levels.

      Destination Clock Path UP_CLK to slv_com/rx_com_inst/rx_cont_b1_inst/rx_ck_dcfifo1_48_inst/SLICE_1015:

   Name    Fanout   Delay (ns)          Site               Resource
PADI_DEL    ---     0.740        M16.PAD to      M16.PADDI UP_CLK
ROUTE         1     0.156      M16.PADDI to   PLL_BR0.CLKI UP_CLK_c
CLKI2OP_DE  ---     0.000   PLL_BR0.CLKI to  PLL_BR0.CLKOP slv_com/clk_gen_inst2/PLL_inst/PLLInst_0
ROUTE       163     0.653  PLL_BR0.CLKOP to    R40C54B.CLK slv_com.CLKCOM_OUT
                  --------
                    1.549   (47.8% logic, 52.2% route), 2 logic levels.

      Destination Clock f/b:

   Name    Fanout   Delay (ns)          Site               Resource
CLKFB2OP_D  ---     0.000  PLL_BR0.CLKFB to  PLL_BR0.CLKOP slv_com/clk_gen_inst2/PLL_inst/PLLInst_0
ROUTE       163     0.696  PLL_BR0.CLKOP to  PLL_BR0.CLKFB slv_com.CLKCOM_OUT
                  --------
                    0.696   (0.0% logic, 100.0% route), 1 logic levels.


Passed: The following path meets requirements by 0.174ns

 Logical Details:  Cell type  Pin type       Cell/ASIC name  (clock net +/-)

   Source:         FF         Q              slv_com/rx_com_inst/rx_cont_b1_inst/rx_ck_dcfifo1_48_inst/FF_40  (from slv_com.CLK1 +)
   Destination:    FF         Data in        slv_com/rx_com_inst/rx_cont_b1_inst/rx_ck_dcfifo1_48_inst/FF_19  (to slv_com.CLKCOM_OUT +)

   Delay:               0.292ns  (55.8% logic, 44.2% route), 1 logic levels.

 Constraint Details:

      0.292ns physical path delay slv_com/rx_com_inst/rx_cont_b1_inst/rx_ck_dcfifo1_48_inst/SLICE_1010 to slv_com/rx_com_inst/rx_cont_b1_inst/rx_ck_dcfifo1_48_inst/SLICE_1014 meets
      0.118ns M_HLD and
      0.000ns delay constraint less
      0.000ns skew less
      0.000ns feedback compensation requirement (totaling 0.118ns) by 0.174ns

 Physical Path Details:

      Data path slv_com/rx_com_inst/rx_cont_b1_inst/rx_ck_dcfifo1_48_inst/SLICE_1010 to slv_com/rx_com_inst/rx_cont_b1_inst/rx_ck_dcfifo1_48_inst/SLICE_1014:

   Name    Fanout   Delay (ns)          Site               Resource
REG_DEL     ---     0.163    R40C53A.CLK to     R40C53A.Q1 slv_com/rx_com_inst/rx_cont_b1_inst/rx_ck_dcfifo1_48_inst/SLICE_1010 (from slv_com.CLK1)
ROUTE         1     0.129     R40C53A.Q1 to     R40C53D.M1 slv_com/rx_com_inst/rx_cont_b1_inst/rx_ck_dcfifo1_48_inst/r_gcount_3 (to slv_com.CLKCOM_OUT)
                  --------
                    0.292   (55.8% logic, 44.2% route), 1 logic levels.

 Clock Skew Details: 

      Source Clock Path UP_CLK to slv_com/rx_com_inst/rx_cont_b1_inst/rx_ck_dcfifo1_48_inst/SLICE_1010:

   Name    Fanout   Delay (ns)          Site               Resource
PADI_DEL    ---     0.740        M16.PAD to      M16.PADDI UP_CLK
ROUTE         1     0.156      M16.PADDI to   PLL_BR0.CLKI UP_CLK_c
CLKI2OS3_D  ---     0.000   PLL_BR0.CLKI to PLL_BR0.CLKOS3 slv_com/clk_gen_inst2/PLL_inst/PLLInst_0
ROUTE       329     0.653 PLL_BR0.CLKOS3 to    R40C53A.CLK slv_com.CLK1
                  --------
                    1.549   (47.8% logic, 52.2% route), 2 logic levels.

      Source Clock f/b:

   Name    Fanout   Delay (ns)          Site               Resource
CLKFB2OP_D  ---     0.000  PLL_BR0.CLKFB to  PLL_BR0.CLKOP slv_com/clk_gen_inst2/PLL_inst/PLLInst_0
ROUTE       163     0.696  PLL_BR0.CLKOP to  PLL_BR0.CLKFB slv_com.CLKCOM_OUT
                  --------
                    0.696   (0.0% logic, 100.0% route), 1 logic levels.

      Destination Clock Path UP_CLK to slv_com/rx_com_inst/rx_cont_b1_inst/rx_ck_dcfifo1_48_inst/SLICE_1014:

   Name    Fanout   Delay (ns)          Site               Resource
PADI_DEL    ---     0.740        M16.PAD to      M16.PADDI UP_CLK
ROUTE         1     0.156      M16.PADDI to   PLL_BR0.CLKI UP_CLK_c
CLKI2OP_DE  ---     0.000   PLL_BR0.CLKI to  PLL_BR0.CLKOP slv_com/clk_gen_inst2/PLL_inst/PLLInst_0
ROUTE       163     0.653  PLL_BR0.CLKOP to    R40C53D.CLK slv_com.CLKCOM_OUT
                  --------
                    1.549   (47.8% logic, 52.2% route), 2 logic levels.

      Destination Clock f/b:

   Name    Fanout   Delay (ns)          Site               Resource
CLKFB2OP_D  ---     0.000  PLL_BR0.CLKFB to  PLL_BR0.CLKOP slv_com/clk_gen_inst2/PLL_inst/PLLInst_0
ROUTE       163     0.696  PLL_BR0.CLKOP to  PLL_BR0.CLKFB slv_com.CLKCOM_OUT
                  --------
                    0.696   (0.0% logic, 100.0% route), 1 logic levels.


Passed: The following path meets requirements by 0.175ns

 Logical Details:  Cell type  Pin type       Cell/ASIC name  (clock net +/-)

   Source:         FF         Q              slv_com/rx_com_inst/rx_cont_b1_inst/rx_ck_dcfifo1_48_inst/FF_20  (from slv_com.CLKCOM_OUT +)
   Destination:    FF         Data in        slv_com/rx_com_inst/rx_cont_b1_inst/rx_ck_dcfifo1_48_inst/FF_6  (to slv_com.CLKCOM_OUT +)

   Delay:               0.293ns  (56.0% logic, 44.0% route), 1 logic levels.

 Constraint Details:

      0.293ns physical path delay slv_com/rx_com_inst/rx_cont_b1_inst/rx_ck_dcfifo1_48_inst/SLICE_1014 to slv_com/rx_com_inst/rx_cont_b1_inst/rx_ck_dcfifo1_48_inst/SLICE_1017 meets
      0.118ns M_HLD and
      0.000ns delay constraint less
      0.000ns skew requirement (totaling 0.118ns) by 0.175ns

 Physical Path Details:

      Data path slv_com/rx_com_inst/rx_cont_b1_inst/rx_ck_dcfifo1_48_inst/SLICE_1014 to slv_com/rx_com_inst/rx_cont_b1_inst/rx_ck_dcfifo1_48_inst/SLICE_1017:

   Name    Fanout   Delay (ns)          Site               Resource
REG_DEL     ---     0.164    R40C53D.CLK to     R40C53D.Q0 slv_com/rx_com_inst/rx_cont_b1_inst/rx_ck_dcfifo1_48_inst/SLICE_1014 (from slv_com.CLKCOM_OUT)
ROUTE         1     0.129     R40C53D.Q0 to     R40C53B.M1 slv_com/rx_com_inst/rx_cont_b1_inst/rx_ck_dcfifo1_48_inst/r_gcount_w2 (to slv_com.CLKCOM_OUT)
                  --------
                    0.293   (56.0% logic, 44.0% route), 1 logic levels.

 Clock Skew Details: 

      Source Clock Path slv_com/clk_gen_inst2/PLL_inst/PLLInst_0 to slv_com/rx_com_inst/rx_cont_b1_inst/rx_ck_dcfifo1_48_inst/SLICE_1014:

   Name    Fanout   Delay (ns)          Site               Resource
ROUTE       163     0.653  PLL_BR0.CLKOP to    R40C53D.CLK slv_com.CLKCOM_OUT
                  --------
                    0.653   (0.0% logic, 100.0% route), 0 logic levels.

      Destination Clock Path slv_com/clk_gen_inst2/PLL_inst/PLLInst_0 to slv_com/rx_com_inst/rx_cont_b1_inst/rx_ck_dcfifo1_48_inst/SLICE_1017:

   Name    Fanout   Delay (ns)          Site               Resource
ROUTE       163     0.653  PLL_BR0.CLKOP to    R40C53B.CLK slv_com.CLKCOM_OUT
                  --------
                    0.653   (0.0% logic, 100.0% route), 0 logic levels.


Passed: The following path meets requirements by 0.175ns

 Logical Details:  Cell type  Pin type       Cell/ASIC name  (clock net +/-)

   Source:         FF         Q              slv_com/rx_com_inst/rx_cont_b1_inst/rx_ck_dcfifo1_48_inst/FF_39  (from slv_com.CLK1 +)
   Destination:    FF         Data in        slv_com/rx_com_inst/rx_cont_b1_inst/rx_ck_dcfifo1_48_inst/FF_18  (to slv_com.CLKCOM_OUT +)

   Delay:               0.293ns  (56.0% logic, 44.0% route), 1 logic levels.

 Constraint Details:

      0.293ns physical path delay slv_com/rx_com_inst/rx_cont_b1_inst/rx_ck_dcfifo1_48_inst/SLICE_1011 to slv_com/rx_com_inst/rx_cont_b1_inst/rx_ck_dcfifo1_48_inst/SLICE_1015 meets
      0.118ns M_HLD and
      0.000ns delay constraint less
      0.000ns skew less
      0.000ns feedback compensation requirement (totaling 0.118ns) by 0.175ns

 Physical Path Details:

      Data path slv_com/rx_com_inst/rx_cont_b1_inst/rx_ck_dcfifo1_48_inst/SLICE_1011 to slv_com/rx_com_inst/rx_cont_b1_inst/rx_ck_dcfifo1_48_inst/SLICE_1015:

   Name    Fanout   Delay (ns)          Site               Resource
REG_DEL     ---     0.164    R40C54A.CLK to     R40C54A.Q0 slv_com/rx_com_inst/rx_cont_b1_inst/rx_ck_dcfifo1_48_inst/SLICE_1011 (from slv_com.CLK1)
ROUTE         1     0.129     R40C54A.Q0 to     R40C54B.M0 slv_com/rx_com_inst/rx_cont_b1_inst/rx_ck_dcfifo1_48_inst/r_gcount_4 (to slv_com.CLKCOM_OUT)
                  --------
                    0.293   (56.0% logic, 44.0% route), 1 logic levels.

 Clock Skew Details: 

      Source Clock Path UP_CLK to slv_com/rx_com_inst/rx_cont_b1_inst/rx_ck_dcfifo1_48_inst/SLICE_1011:

   Name    Fanout   Delay (ns)          Site               Resource
PADI_DEL    ---     0.740        M16.PAD to      M16.PADDI UP_CLK
ROUTE         1     0.156      M16.PADDI to   PLL_BR0.CLKI UP_CLK_c
CLKI2OS3_D  ---     0.000   PLL_BR0.CLKI to PLL_BR0.CLKOS3 slv_com/clk_gen_inst2/PLL_inst/PLLInst_0
ROUTE       329     0.653 PLL_BR0.CLKOS3 to    R40C54A.CLK slv_com.CLK1
                  --------
                    1.549   (47.8% logic, 52.2% route), 2 logic levels.

      Source Clock f/b:

   Name    Fanout   Delay (ns)          Site               Resource
CLKFB2OP_D  ---     0.000  PLL_BR0.CLKFB to  PLL_BR0.CLKOP slv_com/clk_gen_inst2/PLL_inst/PLLInst_0
ROUTE       163     0.696  PLL_BR0.CLKOP to  PLL_BR0.CLKFB slv_com.CLKCOM_OUT
                  --------
                    0.696   (0.0% logic, 100.0% route), 1 logic levels.

      Destination Clock Path UP_CLK to slv_com/rx_com_inst/rx_cont_b1_inst/rx_ck_dcfifo1_48_inst/SLICE_1015:

   Name    Fanout   Delay (ns)          Site               Resource
PADI_DEL    ---     0.740        M16.PAD to      M16.PADDI UP_CLK
ROUTE         1     0.156      M16.PADDI to   PLL_BR0.CLKI UP_CLK_c
CLKI2OP_DE  ---     0.000   PLL_BR0.CLKI to  PLL_BR0.CLKOP slv_com/clk_gen_inst2/PLL_inst/PLLInst_0
ROUTE       163     0.653  PLL_BR0.CLKOP to    R40C54B.CLK slv_com.CLKCOM_OUT
                  --------
                    1.549   (47.8% logic, 52.2% route), 2 logic levels.

      Destination Clock f/b:

   Name    Fanout   Delay (ns)          Site               Resource
CLKFB2OP_D  ---     0.000  PLL_BR0.CLKFB to  PLL_BR0.CLKOP slv_com/clk_gen_inst2/PLL_inst/PLLInst_0
ROUTE       163     0.696  PLL_BR0.CLKOP to  PLL_BR0.CLKFB slv_com.CLKCOM_OUT
                  --------
                    0.696   (0.0% logic, 100.0% route), 1 logic levels.


Passed: The following path meets requirements by 0.175ns

 Logical Details:  Cell type  Pin type       Cell/ASIC name  (clock net +/-)

   Source:         FF         Q              slv_com/tx_com_inst/tx_cont_b2_inst/tx_ck_dcfifo1_48_inst/FF_27  (from slv_com.CLKCOM_OUT +)
   Destination:    FF         Data in        slv_com/tx_com_inst/tx_cont_b2_inst/tx_ck_dcfifo1_48_inst/FF_13  (to slv_com.CLKCOM_OUT +)

   Delay:               0.293ns  (56.0% logic, 44.0% route), 1 logic levels.

 Constraint Details:

      0.293ns physical path delay slv_com/tx_com_inst/tx_cont_b2_inst/tx_ck_dcfifo1_48_inst/SLICE_1298 to slv_com/tx_com_inst/tx_cont_b2_inst/tx_ck_dcfifo1_48_inst/SLICE_1301 meets
      0.118ns M_HLD and
      0.000ns delay constraint less
      0.000ns skew requirement (totaling 0.118ns) by 0.175ns

 Physical Path Details:

      Data path slv_com/tx_com_inst/tx_cont_b2_inst/tx_ck_dcfifo1_48_inst/SLICE_1298 to slv_com/tx_com_inst/tx_cont_b2_inst/tx_ck_dcfifo1_48_inst/SLICE_1301:

   Name    Fanout   Delay (ns)          Site               Resource
REG_DEL     ---     0.164    R44C40B.CLK to     R44C40B.Q0 slv_com/tx_com_inst/tx_cont_b2_inst/tx_ck_dcfifo1_48_inst/SLICE_1298 (from slv_com.CLKCOM_OUT)
ROUTE         1     0.129     R44C40B.Q0 to     R44C40C.M1 slv_com/tx_com_inst/tx_cont_b2_inst/tx_ck_dcfifo1_48_inst/w_gcount_r2 (to slv_com.CLKCOM_OUT)
                  --------
                    0.293   (56.0% logic, 44.0% route), 1 logic levels.

 Clock Skew Details: 

      Source Clock Path slv_com/clk_gen_inst2/PLL_inst/PLLInst_0 to slv_com/tx_com_inst/tx_cont_b2_inst/tx_ck_dcfifo1_48_inst/SLICE_1298:

   Name    Fanout   Delay (ns)          Site               Resource
ROUTE       163     0.653  PLL_BR0.CLKOP to    R44C40B.CLK slv_com.CLKCOM_OUT
                  --------
                    0.653   (0.0% logic, 100.0% route), 0 logic levels.

      Destination Clock Path slv_com/clk_gen_inst2/PLL_inst/PLLInst_0 to slv_com/tx_com_inst/tx_cont_b2_inst/tx_ck_dcfifo1_48_inst/SLICE_1301:

   Name    Fanout   Delay (ns)          Site               Resource
ROUTE       163     0.653  PLL_BR0.CLKOP to    R44C40C.CLK slv_com.CLKCOM_OUT
                  --------
                    0.653   (0.0% logic, 100.0% route), 0 logic levels.


Passed: The following path meets requirements by 0.175ns

 Logical Details:  Cell type  Pin type       Cell/ASIC name  (clock net +/-)

   Source:         FF         Q              slv_com/cds_inst/cz[2]  (from slv_com.CLKCOM_OUT +)
   Destination:    FF         Data in        slv_com/cds_inst/cz[3]  (to slv_com.CLKCOM_OUT +)

   Delay:               0.293ns  (56.0% logic, 44.0% route), 1 logic levels.

 Constraint Details:

      0.293ns physical path delay slv_com/cds_inst/SLICE_941 to slv_com/cds_inst/SLICE_941 meets
      0.118ns M_HLD and
      0.000ns delay constraint less
      0.000ns skew requirement (totaling 0.118ns) by 0.175ns

 Physical Path Details:

      Data path slv_com/cds_inst/SLICE_941 to slv_com/cds_inst/SLICE_941:

   Name    Fanout   Delay (ns)          Site               Resource
REG_DEL     ---     0.164    R40C34C.CLK to     R40C34C.Q0 slv_com/cds_inst/SLICE_941 (from slv_com.CLKCOM_OUT)
ROUTE         1     0.129     R40C34C.Q0 to     R40C34C.M1 slv_com/cds_inst/cz[2] (to slv_com.CLKCOM_OUT)
                  --------
                    0.293   (56.0% logic, 44.0% route), 1 logic levels.

 Clock Skew Details: 

      Source Clock Path slv_com/clk_gen_inst2/PLL_inst/PLLInst_0 to slv_com/cds_inst/SLICE_941:

   Name    Fanout   Delay (ns)          Site               Resource
ROUTE       163     0.653  PLL_BR0.CLKOP to    R40C34C.CLK slv_com.CLKCOM_OUT
                  --------
                    0.653   (0.0% logic, 100.0% route), 0 logic levels.

      Destination Clock Path slv_com/clk_gen_inst2/PLL_inst/PLLInst_0 to slv_com/cds_inst/SLICE_941:

   Name    Fanout   Delay (ns)          Site               Resource
ROUTE       163     0.653  PLL_BR0.CLKOP to    R40C34C.CLK slv_com.CLKCOM_OUT
                  --------
                    0.653   (0.0% logic, 100.0% route), 0 logic levels.


Passed: The following path meets requirements by 0.175ns

 Logical Details:  Cell type  Pin type       Cell/ASIC name  (clock net +/-)

   Source:         FF         Q              slv_com/cds_inst/bz[1]  (from slv_com.CLKCOM_OUT +)
   Destination:    FF         Data in        slv_com/cds_inst/bz[2]  (to slv_com.CLKCOM_OUT +)

   Delay:               0.293ns  (56.0% logic, 44.0% route), 1 logic levels.

 Constraint Details:

      0.293ns physical path delay slv_com/cds_inst/SLICE_935 to slv_com/cds_inst/SLICE_935 meets
      0.118ns M_HLD and
      0.000ns delay constraint less
      0.000ns skew requirement (totaling 0.118ns) by 0.175ns

 Physical Path Details:

      Data path slv_com/cds_inst/SLICE_935 to slv_com/cds_inst/SLICE_935:

   Name    Fanout   Delay (ns)          Site               Resource
REG_DEL     ---     0.164    R39C35C.CLK to     R39C35C.Q0 slv_com/cds_inst/SLICE_935 (from slv_com.CLKCOM_OUT)
ROUTE         1     0.129     R39C35C.Q0 to     R39C35C.M1 slv_com/cds_inst/bz[1] (to slv_com.CLKCOM_OUT)
                  --------
                    0.293   (56.0% logic, 44.0% route), 1 logic levels.

 Clock Skew Details: 

      Source Clock Path slv_com/clk_gen_inst2/PLL_inst/PLLInst_0 to slv_com/cds_inst/SLICE_935:

   Name    Fanout   Delay (ns)          Site               Resource
ROUTE       163     0.653  PLL_BR0.CLKOP to    R39C35C.CLK slv_com.CLKCOM_OUT
                  --------
                    0.653   (0.0% logic, 100.0% route), 0 logic levels.

      Destination Clock Path slv_com/clk_gen_inst2/PLL_inst/PLLInst_0 to slv_com/cds_inst/SLICE_935:

   Name    Fanout   Delay (ns)          Site               Resource
ROUTE       163     0.653  PLL_BR0.CLKOP to    R39C35C.CLK slv_com.CLKCOM_OUT
                  --------
                    0.653   (0.0% logic, 100.0% route), 0 logic levels.


Passed: The following path meets requirements by 0.175ns

 Logical Details:  Cell type  Pin type       Cell/ASIC name  (clock net +/-)

   Source:         FF         Q              slv_com/rx_com_inst/rx_cont_b1_inst/rx_ck_dcfifo1_48_inst/FF_41  (from slv_com.CLK1 +)
   Destination:    FF         Data in        slv_com/rx_com_inst/rx_cont_b1_inst/rx_ck_dcfifo1_48_inst/FF_20  (to slv_com.CLKCOM_OUT +)

   Delay:               0.293ns  (56.0% logic, 44.0% route), 1 logic levels.

 Constraint Details:

      0.293ns physical path delay slv_com/rx_com_inst/rx_cont_b1_inst/rx_ck_dcfifo1_48_inst/SLICE_1010 to slv_com/rx_com_inst/rx_cont_b1_inst/rx_ck_dcfifo1_48_inst/SLICE_1014 meets
      0.118ns M_HLD and
      0.000ns delay constraint less
      0.000ns skew less
      0.000ns feedback compensation requirement (totaling 0.118ns) by 0.175ns

 Physical Path Details:

      Data path slv_com/rx_com_inst/rx_cont_b1_inst/rx_ck_dcfifo1_48_inst/SLICE_1010 to slv_com/rx_com_inst/rx_cont_b1_inst/rx_ck_dcfifo1_48_inst/SLICE_1014:

   Name    Fanout   Delay (ns)          Site               Resource
REG_DEL     ---     0.164    R40C53A.CLK to     R40C53A.Q0 slv_com/rx_com_inst/rx_cont_b1_inst/rx_ck_dcfifo1_48_inst/SLICE_1010 (from slv_com.CLK1)
ROUTE         1     0.129     R40C53A.Q0 to     R40C53D.M0 slv_com/rx_com_inst/rx_cont_b1_inst/rx_ck_dcfifo1_48_inst/r_gcount_2 (to slv_com.CLKCOM_OUT)
                  --------
                    0.293   (56.0% logic, 44.0% route), 1 logic levels.

 Clock Skew Details: 

      Source Clock Path UP_CLK to slv_com/rx_com_inst/rx_cont_b1_inst/rx_ck_dcfifo1_48_inst/SLICE_1010:

   Name    Fanout   Delay (ns)          Site               Resource
PADI_DEL    ---     0.740        M16.PAD to      M16.PADDI UP_CLK
ROUTE         1     0.156      M16.PADDI to   PLL_BR0.CLKI UP_CLK_c
CLKI2OS3_D  ---     0.000   PLL_BR0.CLKI to PLL_BR0.CLKOS3 slv_com/clk_gen_inst2/PLL_inst/PLLInst_0
ROUTE       329     0.653 PLL_BR0.CLKOS3 to    R40C53A.CLK slv_com.CLK1
                  --------
                    1.549   (47.8% logic, 52.2% route), 2 logic levels.

      Source Clock f/b:

   Name    Fanout   Delay (ns)          Site               Resource
CLKFB2OP_D  ---     0.000  PLL_BR0.CLKFB to  PLL_BR0.CLKOP slv_com/clk_gen_inst2/PLL_inst/PLLInst_0
ROUTE       163     0.696  PLL_BR0.CLKOP to  PLL_BR0.CLKFB slv_com.CLKCOM_OUT
                  --------
                    0.696   (0.0% logic, 100.0% route), 1 logic levels.

      Destination Clock Path UP_CLK to slv_com/rx_com_inst/rx_cont_b1_inst/rx_ck_dcfifo1_48_inst/SLICE_1014:

   Name    Fanout   Delay (ns)          Site               Resource
PADI_DEL    ---     0.740        M16.PAD to      M16.PADDI UP_CLK
ROUTE         1     0.156      M16.PADDI to   PLL_BR0.CLKI UP_CLK_c
CLKI2OP_DE  ---     0.000   PLL_BR0.CLKI to  PLL_BR0.CLKOP slv_com/clk_gen_inst2/PLL_inst/PLLInst_0
ROUTE       163     0.653  PLL_BR0.CLKOP to    R40C53D.CLK slv_com.CLKCOM_OUT
                  --------
                    1.549   (47.8% logic, 52.2% route), 2 logic levels.

      Destination Clock f/b:

   Name    Fanout   Delay (ns)          Site               Resource
CLKFB2OP_D  ---     0.000  PLL_BR0.CLKFB to  PLL_BR0.CLKOP slv_com/clk_gen_inst2/PLL_inst/PLLInst_0
ROUTE       163     0.696  PLL_BR0.CLKOP to  PLL_BR0.CLKFB slv_com.CLKCOM_OUT
                  --------
                    0.696   (0.0% logic, 100.0% route), 1 logic levels.


================================================================================
Preference: FREQUENCY NET "UP_CLK_c" 20.000000 MHz ;
            0 items scored, 0 timing errors detected.
--------------------------------------------------------------------------------

Report Summary
--------------
----------------------------------------------------------------------------
Preference(MIN Delays)                  |   Constraint|       Actual|Levels
----------------------------------------------------------------------------
                                        |             |             |
FREQUENCY NET "slv_com.CLK1" 10.000000  |             |             |
MHz ;                                   |     0.000 ns|     0.174 ns|   1  
                                        |             |             |
FREQUENCY NET "s_PLL_CLK20M" 20.000000  |             |             |
MHz ;                                   |     0.000 ns|     0.174 ns|   1  
                                        |             |             |
FREQUENCY NET "slv_com/CLK2A"           |             |             |
100.000000 MHz ;                        |     0.000 ns|     0.185 ns|   2  
                                        |             |             |
FREQUENCY NET "slv_com.CLKCOM_OUT"      |             |             |
100.000000 MHz ;                        |     0.000 ns|     0.174 ns|   1  
                                        |             |             |
FREQUENCY NET "UP_CLK_c" 20.000000 MHz  |             |             |
;                                       |            -|            -|   0  
                                        |             |             |
----------------------------------------------------------------------------


All preferences were met.


Clock Domains Analysis
------------------------

Found 7 clocks:

Clock Domain: slv_com/CLK2A   Source: slv_com/clk_gen_inst2/PLL_inst/PLLInst_0.CLKOS   Loads: 16
   Covered under: FREQUENCY NET "slv_com/CLK2A" 100.000000 MHz ;

   Data transfers from:
   Clock Domain: slv_com.CLKCOM_OUT   Source: slv_com/clk_gen_inst2/PLL_inst/PLLInst_0.CLKOP
      Covered under: FREQUENCY NET "slv_com/CLK2A" 100.000000 MHz ;   Transfers: 2

   Clock Domain: jtaghub16_jtck   Source: sa5phub/genblk8.jtagg_u.JTCK

Clock Domain: slv_com.CLKCOM_OUT   Source: slv_com/clk_gen_inst2/PLL_inst/PLLInst_0.CLKOP   Loads: 163
   Covered under: FREQUENCY NET "slv_com.CLKCOM_OUT" 100.000000 MHz ;

   Data transfers from:
   Clock Domain: slv_com/CLK2A   Source: slv_com/clk_gen_inst2/PLL_inst/PLLInst_0.CLKOS
      Covered under: FREQUENCY NET "slv_com.CLKCOM_OUT" 100.000000 MHz ;   Transfers: 4

   Clock Domain: slv_com.CLK1   Source: slv_com/clk_gen_inst2/PLL_inst/PLLInst_0.CLKOS3
      Covered under: FREQUENCY NET "slv_com.CLKCOM_OUT" 100.000000 MHz ;   Transfers: 59

   Clock Domain: jtaghub16_jtck   Source: sa5phub/genblk8.jtagg_u.JTCK

   Clock Domain: CLK20M_c   Source: CLK20M.PAD
      Not reported because source and destination domains are unrelated.

Clock Domain: slv_com.CLK1   Source: slv_com/clk_gen_inst2/PLL_inst/PLLInst_0.CLKOS3   Loads: 329
   Covered under: FREQUENCY NET "slv_com.CLK1" 10.000000 MHz ;

   Data transfers from:
   Clock Domain: slv_com.CLKCOM_OUT   Source: slv_com/clk_gen_inst2/PLL_inst/PLLInst_0.CLKOP
      Covered under: FREQUENCY NET "slv_com.CLK1" 10.000000 MHz ;   Transfers: 23

   Clock Domain: s_PLL_CLK20M   Source: slv_com/clk_gen_inst2/PLL_inst/PLLInst_0.CLKOS2
      Covered under: FREQUENCY NET "slv_com.CLK1" 10.000000 MHz ;   Transfers: 480

   Clock Domain: jtaghub16_jtck   Source: sa5phub/genblk8.jtagg_u.JTCK

   Clock Domain: CLK20M_c   Source: CLK20M.PAD
      Not reported because source and destination domains are unrelated.

Clock Domain: s_PLL_CLK20M   Source: slv_com/clk_gen_inst2/PLL_inst/PLLInst_0.CLKOS2   Loads: 922
   Covered under: FREQUENCY NET "s_PLL_CLK20M" 20.000000 MHz ;

   Data transfers from:
   Clock Domain: slv_com.CLK1   Source: slv_com/clk_gen_inst2/PLL_inst/PLLInst_0.CLKOS3
      Covered under: FREQUENCY NET "s_PLL_CLK20M" 20.000000 MHz ;   Transfers: 79

   Clock Domain: jtaghub16_jtck   Source: sa5phub/genblk8.jtagg_u.JTCK

Clock Domain: jtaghub16_jtck   Source: sa5phub/genblk8.jtagg_u.JTCK   Loads: 138
   No transfer within this clock domain is found

Clock Domain: UP_CLK_c   Source: UP_CLK.PAD   Loads: 1
   No transfer within this clock domain is found

Clock Domain: CLK20M_c   Source: CLK20M.PAD   Loads: 118
   No transfer within this clock domain is found


Timing summary (Hold):
---------------

Timing errors: 0  Score: 0
Cumulative negative slack: 0

Constraints cover 111281 paths, 72 nets, and 16804 connections (92.54% coverage)



Timing summary (Setup and Hold):
---------------

Timing errors: 0 (setup), 0 (hold)
Score: 0 (setup), 0 (hold)
Cumulative negative slack: 0 (0+0)
--------------------------------------------------------------------------------

--------------------------------------------------------------------------------

