
synpwrap -msg -prj "SP0557_SP0557_synplify.tcl" -log "SP0557_SP0557.srf"
Copyright (C) 1992-2023 Lattice Semiconductor Corporation. All rights reserved.
Lattice Diamond Version 3.13.0.56.2
    <postMsg mid="2011000" type="Info"    dynamic="0" navigation="0"  />

==contents of SP0557_SP0557.srf
#Build: Synplify Pro (R) U-2023.03L-SP1, Build 153R, Aug 10 2023
#install: C:\lscc\diamond\3.13\synpbase
#OS: Windows 10 or later
#Hostname: SCPP006598

# Tue Feb 24 10:29:40 2026

#Implementation: SP0557


Copyright (C) 1994-2023 Synopsys, Inc.
This Synopsys software and all associated documentation are proprietary to Synopsys, Inc.
and may only be used pursuant to the terms and conditions of a written license agreement
with Synopsys, Inc. All other use, reproduction, modification, or distribution of the
Synopsys software or the associated documentation is strictly prohibited.
Tool: Synplify Pro (R)
Build: U-2023.03L-SP1
Install: C:\lscc\diamond\3.13\synpbase
OS: Windows 10 or later
Hostname: SCPP006598

Implementation : SP0557
Synopsys HDL Compiler, Version comp202303synp1, Build 155R, Built Aug 10 2023 09:42:17, @

@N|Running in 64-bit mode
###########################################################[

Copyright (C) 1994-2023 Synopsys, Inc.
This Synopsys software and all associated documentation are proprietary to Synopsys, Inc.
and may only be used pursuant to the terms and conditions of a written license agreement
with Synopsys, Inc. All other use, reproduction, modification, or distribution of the
Synopsys software or the associated documentation is strictly prohibited.
Tool: Synplify Pro (R)
Build: U-2023.03L-SP1
Install: C:\lscc\diamond\3.13\synpbase
OS: Windows 10 or later
Hostname: SCPP006598

Implementation : SP0557
Synopsys VHDL Compiler, Version comp202303synp1, Build 173R, Built Aug 31 2023 03:59:48, @

@N|Running in 64-bit mode
Location map warning "C:\lscc\diamond\3.13\synpbase\lib\vhd2008\location.map":55 - Attempted redefinition of package mach.components
@N:"C:\work\S127M\PCBNo_10081\SP0557_rev02_00_AI\RTL\SP0557.vhd":19:7:19:12|Top entity is set to SP0557.
Options changed - recompiling
@N: CD140 :	| Using the VHDL 2008 Standard for file 'C:\lscc\diamond\3.13\cae_library\synthesis\vhdl\ecp5u.vhd'.
@N: CD140 :	| Using the VHDL 2008 Standard for file 'C:\work\S127M\PCBNo_10081\SP0557_rev02_00_AI\RTL\com\fc_dec.vhd'.
@N: CD140 :	| Using the VHDL 2008 Standard for file 'C:\work\S127M\PCBNo_10081\SP0557_rev02_00_AI\RTL\com\fc_sel.vhd'.
@N: CD140 :	| Using the VHDL 2008 Standard for file 'C:\work\S127M\PCBNo_10081\SP0557_rev02_00_AI\RTL\com\w_pack.vhd'.
@N: CD140 :	| Using the VHDL 2008 Standard for file 'C:\work\S127M\PCBNo_10081\SP0557_rev02_00_AI\RTL\SP0557\slv_clk_gen.vhd'.
@N: CD140 :	| Using the VHDL 2008 Standard for file 'C:\work\S127M\PCBNo_10081\SP0557_rev02_00_AI\RTL\SP0557\ad_ctrl\adc_reg.vhd'.
@N: CD140 :	| Using the VHDL 2008 Standard for file 'C:\work\S127M\PCBNo_10081\SP0557_rev02_00_AI\RTL\SP0557\ad_ctrl\adclk_gen.vhd'.
@N: CD140 :	| Using the VHDL 2008 Standard for file 'C:\work\S127M\PCBNo_10081\SP0557_rev02_00_AI\RTL\SP0557\ad_ctrl\adif_seq.vhd'.
@N: CD140 :	| Using the VHDL 2008 Standard for file 'C:\work\S127M\PCBNo_10081\SP0557_rev02_00_AI\RTL\SP0557\ad_ctrl\shiftreg12bit.vhd'.
@N: CD140 :	| Using the VHDL 2008 Standard for file 'C:\work\S127M\PCBNo_10081\SP0557_rev02_00_AI\RTL\SP0557\compactppmc\ppmc_acc_tim_gen.vhd'.
@N: CD140 :	| Using the VHDL 2008 Standard for file 'C:\work\S127M\PCBNo_10081\SP0557_rev02_00_AI\RTL\SP0557\compactppmc\ppmc_cmdchk.vhd'.
@N: CD140 :	| Using the VHDL 2008 Standard for file 'C:\work\S127M\PCBNo_10081\SP0557_rev02_00_AI\RTL\SP0557\compactppmc\ppmc_ctrl.vhd'.
@N: CD140 :	| Using the VHDL 2008 Standard for file 'C:\work\S127M\PCBNo_10081\SP0557_rev02_00_AI\RTL\SP0557\compactppmc\ppmc_dec.vhd'.
@N: CD140 :	| Using the VHDL 2008 Standard for file 'C:\work\S127M\PCBNo_10081\SP0557_rev02_00_AI\RTL\SP0557\compactppmc\ppmc_enblr_S118M.vhd'.
@N: CD140 :	| Using the VHDL 2008 Standard for file 'C:\work\S127M\PCBNo_10081\SP0557_rev02_00_AI\RTL\SP0557\compactppmc\ppmc_id.vhd'.
@N: CD140 :	| Using the VHDL 2008 Standard for file 'C:\work\S127M\PCBNo_10081\SP0557_rev02_00_AI\RTL\SP0557\compactppmc\ppmc_phgen.vhd'.
@N: CD140 :	| Using the VHDL 2008 Standard for file 'C:\work\S127M\PCBNo_10081\SP0557_rev02_00_AI\RTL\SP0557\compactppmc\ppmc_pls_cnt.vhd'.
@N: CD140 :	| Using the VHDL 2008 Standard for file 'C:\work\S127M\PCBNo_10081\SP0557_rev02_00_AI\RTL\SP0557\compactppmc\ppmc_rgstr.vhd'.
@N: CD140 :	| Using the VHDL 2008 Standard for file 'C:\work\S127M\PCBNo_10081\SP0557_rev02_00_AI\RTL\SP0557\compactppmc\ppmc_speed_cnt.vhd'.
@N: CD140 :	| Using the VHDL 2008 Standard for file 'C:\work\S127M\PCBNo_10081\SP0557_rev02_00_AI\RTL\SP0557\compactppmc\ppmc_timer_cnt.vhd'.
@N: CD140 :	| Using the VHDL 2008 Standard for file 'C:\work\S127M\PCBNo_10081\SP0557_rev02_00_AI\RTL\SP0557\compactppmc\ppmc_u_step_ext.vhd'.
@N: CD140 :	| Using the VHDL 2008 Standard for file 'C:\work\S127M\PCBNo_10081\SP0557_rev02_00_AI\RTL\SP0557\DAC43608\CTRL_32CH.vhd'.
@N: CD140 :	| Using the VHDL 2008 Standard for file 'C:\work\S127M\PCBNo_10081\SP0557_rev02_00_AI\RTL\SP0557\DAC43608\DAC_CTRL_1CH.vhd'.
@N: CD140 :	| Using the VHDL 2008 Standard for file 'C:\work\S127M\PCBNo_10081\SP0557_rev02_00_AI\RTL\SP0557\DAC43608\i2c_master_bit_ctrl.vhd'.
@N: CD140 :	| Using the VHDL 2008 Standard for file 'C:\work\S127M\PCBNo_10081\SP0557_rev02_00_AI\RTL\SP0557\DAC43608\i2c_master_byte_ctrl.vhd'.
@N: CD140 :	| Using the VHDL 2008 Standard for file 'C:\work\S127M\PCBNo_10081\SP0557_rev02_00_AI\RTL\SP0557\DAC43608\i2c_master_registers.vhd'.
@N: CD140 :	| Using the VHDL 2008 Standard for file 'C:\work\S127M\PCBNo_10081\SP0557_rev02_00_AI\RTL\SP0557\EFUSE_CTRL\EFUSE_CTRL.vhd'.
@N: CD140 :	| Using the VHDL 2008 Standard for file 'C:\work\S127M\PCBNo_10081\SP0557_rev02_00_AI\RTL\SP0557\encoder\enc_lmt.vhd'.
@N: CD140 :	| Using the VHDL 2008 Standard for file 'C:\work\S127M\PCBNo_10081\SP0557_rev02_00_AI\RTL\SP0557\encoder\encoder_2bit.vhd'.
@N: CD140 :	| Using the VHDL 2008 Standard for file 'C:\work\S127M\PCBNo_10081\SP0557_rev02_00_AI\RTL\SP0557\gpio\gpio_id.vhd'.
@N: CD140 :	| Using the VHDL 2008 Standard for file 'C:\work\S127M\PCBNo_10081\SP0557_rev02_00_AI\RTL\SP0557\gpio\gpio_ip_reg.vhd'.
@N: CD140 :	| Using the VHDL 2008 Standard for file 'C:\work\S127M\PCBNo_10081\SP0557_rev02_00_AI\RTL\SP0557\gpio\gpio_op_reg.vhd'.
@N: CD140 :	| Using the VHDL 2008 Standard for file 'C:\work\S127M\PCBNo_10081\SP0557_rev02_00_AI\RTL\SP0557\LEDLT\TLC5916_CTRL.vhd'.
@N: CD140 :	| Using the VHDL 2008 Standard for file 'C:\work\S127M\PCBNo_10081\SP0557_rev02_00_AI\RTL\SP0557\LEDLT\AD8402_CTRL\ad8402.vhd'.
@N: CD140 :	| Using the VHDL 2008 Standard for file 'C:\work\S127M\PCBNo_10081\SP0557_rev02_00_AI\RTL\SP0557\pls_sens\pls_sens.vhd'.
@N: CD140 :	| Using the VHDL 2008 Standard for file 'C:\work\S127M\PCBNo_10081\SP0557_rev02_00_AI\RTL\SP0557\slaveid_top\slaveid_id.vhd'.
@N: CD140 :	| Using the VHDL 2008 Standard for file 'C:\work\S127M\PCBNo_10081\SP0557_rev02_00_AI\RTL\SP0557\slv_com\rx_com\crc_check.vhd'.
@N: CD140 :	| Using the VHDL 2008 Standard for file 'C:\work\S127M\PCBNo_10081\SP0557_rev02_00_AI\RTL\SP0557\slv_com\rx_com\dec4b_3b.vhd'.
@N: CD140 :	| Using the VHDL 2008 Standard for file 'C:\work\S127M\PCBNo_10081\SP0557_rev02_00_AI\RTL\SP0557\slv_com\rx_com\dec6b_5b.vhd'.
@N: CD140 :	| Using the VHDL 2008 Standard for file 'C:\work\S127M\PCBNo_10081\SP0557_rev02_00_AI\RTL\SP0557\slv_com\rx_com\rx_ctl_1st.vhd'.
@N: CD140 :	| Using the VHDL 2008 Standard for file 'C:\work\S127M\PCBNo_10081\SP0557_rev02_00_AI\RTL\SP0557\slv_com\rx_com\rx_ctl_3rd.vhd'.
@N: CD140 :	| Using the VHDL 2008 Standard for file 'C:\work\S127M\PCBNo_10081\SP0557_rev02_00_AI\RTL\SP0557\slv_com\slv_ctrl\adr_sel.vhd'.
@N: CD140 :	| Using the VHDL 2008 Standard for file 'C:\work\S127M\PCBNo_10081\SP0557_rev02_00_AI\RTL\SP0557\slv_com\slv_ctrl\nd_sel.vhd'.
@N: CD140 :	| Using the VHDL 2008 Standard for file 'C:\work\S127M\PCBNo_10081\SP0557_rev02_00_AI\RTL\SP0557\slv_com\slv_ctrl\node_sel.vhd'.
@N: CD140 :	| Using the VHDL 2008 Standard for file 'C:\work\S127M\PCBNo_10081\SP0557_rev02_00_AI\RTL\SP0557\slv_com\slv_ctrl\slv_rx_ctrl.vhd'.
@N: CD140 :	| Using the VHDL 2008 Standard for file 'C:\work\S127M\PCBNo_10081\SP0557_rev02_00_AI\RTL\SP0557\slv_com\slv_ctrl\slv_tx_ctrl.vhd'.
@N: CD140 :	| Using the VHDL 2008 Standard for file 'C:\work\S127M\PCBNo_10081\SP0557_rev02_00_AI\RTL\SP0557\slv_com\tx_com\crc_gen.vhd'.
@N: CD140 :	| Using the VHDL 2008 Standard for file 'C:\work\S127M\PCBNo_10081\SP0557_rev02_00_AI\RTL\SP0557\slv_com\tx_com\enc3b_4b.vhd'.
@N: CD140 :	| Using the VHDL 2008 Standard for file 'C:\work\S127M\PCBNo_10081\SP0557_rev02_00_AI\RTL\SP0557\slv_com\tx_com\enc5b_6b.vhd'.
@N: CD140 :	| Using the VHDL 2008 Standard for file 'C:\work\S127M\PCBNo_10081\SP0557_rev02_00_AI\RTL\SP0557\slv_com\tx_com\tx_ctl_1st.vhd'.
@N: CD140 :	| Using the VHDL 2008 Standard for file 'C:\work\S127M\PCBNo_10081\SP0557_rev02_00_AI\RTL\SP0557\slv_com\tx_com\tx_ctl_3rd.vhd'.
@N: CD140 :	| Using the VHDL 2008 Standard for file 'C:\work\S127M\PCBNo_10081\SP0557_rev02_00_AI\RTL\SP0557\slv_com\cds.vhd'.
@N: CD140 :	| Using the VHDL 2008 Standard for file 'C:\work\S127M\PCBNo_10081\SP0557_rev02_00_AI\RTL\SP0557\slv_com\rst_cnt.vhd'.
@N: CD140 :	| Using the VHDL 2008 Standard for file 'C:\work\S127M\PCBNo_10081\SP0557_rev02_00_AI\RTL\SP0557\slv_com\slvadr_cnv.vhd'.
@N: CD140 :	| Using the VHDL 2008 Standard for file 'C:\work\S127M\PCBNo_10081\SP0557_rev02_00_AI\RTL\SP0557\sp_conv\SPI_master2.vhd'.
@N: CD140 :	| Using the VHDL 2008 Standard for file 'C:\work\S127M\PCBNo_10081\SP0557_rev02_00_AI\RTL\IPcore\dcfifo_rx_b1\dcfifo_rx_b1.vhd'.
@N: CD140 :	| Using the VHDL 2008 Standard for file 'C:\work\S127M\PCBNo_10081\SP0557_rev02_00_AI\RTL\IPcore\dcfifo_rx_b2\dcfifo_rx_b2.vhd'.
@N: CD140 :	| Using the VHDL 2008 Standard for file 'C:\work\S127M\PCBNo_10081\SP0557_rev02_00_AI\RTL\IPcore\dcfifo_tx_b1\dcfifo_tx_b1.vhd'.
@N: CD140 :	| Using the VHDL 2008 Standard for file 'C:\work\S127M\PCBNo_10081\SP0557_rev02_00_AI\RTL\IPcore\dcfifo_tx_b2\dcfifo_tx_b2.vhd'.
@N: CD140 :	| Using the VHDL 2008 Standard for file 'C:\work\S127M\PCBNo_10081\SP0557_rev02_00_AI\RTL\IPcore\pll_gen\pll_gen.vhd'.
@N: CD140 :	| Using the VHDL 2008 Standard for file 'C:\work\S127M\PCBNo_10081\SP0557_rev02_00_AI\RTL\SP0557\ad_ctrl\ad_ctrl.vhd'.
@N: CD140 :	| Using the VHDL 2008 Standard for file 'C:\work\S127M\PCBNo_10081\SP0557_rev02_00_AI\RTL\SP0557\compactppmc\ppmc_plsgen.vhd'.
@N: CD140 :	| Using the VHDL 2008 Standard for file 'C:\work\S127M\PCBNo_10081\SP0557_rev02_00_AI\RTL\SP0557\compactppmc\ppmc_reg_S118M.vhd'.
@N: CD140 :	| Using the VHDL 2008 Standard for file 'C:\work\S127M\PCBNo_10081\SP0557_rev02_00_AI\RTL\SP0557\compactppmc\ppmc_top_S118M.vhd'.
@N: CD140 :	| Using the VHDL 2008 Standard for file 'C:\work\S127M\PCBNo_10081\SP0557_rev02_00_AI\RTL\SP0557\DAC43608\i2c_master_wb_top.vhd'.
@N: CD140 :	| Using the VHDL 2008 Standard for file 'C:\work\S127M\PCBNo_10081\SP0557_rev02_00_AI\RTL\SP0557\DAC43608\DAC43608_top.vhd'.
@N: CD140 :	| Using the VHDL 2008 Standard for file 'C:\work\S127M\PCBNo_10081\SP0557_rev02_00_AI\RTL\SP0557\encoder\enc_top.vhd'.
@N: CD140 :	| Using the VHDL 2008 Standard for file 'C:\work\S127M\PCBNo_10081\SP0557_rev02_00_AI\RTL\SP0557\encoder\enc_func_top.vhd'.
@N: CD140 :	| Using the VHDL 2008 Standard for file 'C:\work\S127M\PCBNo_10081\SP0557_rev02_00_AI\RTL\SP0557\gpio\gpio_reg.vhd'.
@N: CD140 :	| Using the VHDL 2008 Standard for file 'C:\work\S127M\PCBNo_10081\SP0557_rev02_00_AI\RTL\SP0557\gpio\gpio_top.vhd'.
@N: CD140 :	| Using the VHDL 2008 Standard for file 'C:\work\S127M\PCBNo_10081\SP0557_rev02_00_AI\RTL\SP0557\LEDLT\AD8402_CTRL\AD8402_CTRL.vhd'.
@N: CD140 :	| Using the VHDL 2008 Standard for file 'C:\work\S127M\PCBNo_10081\SP0557_rev02_00_AI\RTL\SP0557\LEDLT\LEDLT_TOP.vhd'.
@N: CD140 :	| Using the VHDL 2008 Standard for file 'C:\work\S127M\PCBNo_10081\SP0557_rev02_00_AI\RTL\SP0557\slv_com\rx_com\dec8b10b_new.vhd'.
@N: CD140 :	| Using the VHDL 2008 Standard for file 'C:\work\S127M\PCBNo_10081\SP0557_rev02_00_AI\RTL\SP0557\slv_com\rx_com\dec8b10b_wrapper.vhd'.
@N: CD140 :	| Using the VHDL 2008 Standard for file 'C:\work\S127M\PCBNo_10081\SP0557_rev02_00_AI\RTL\SP0557\slv_com\rx_com\rx_cont_b1.vhd'.
@N: CD140 :	| Using the VHDL 2008 Standard for file 'C:\work\S127M\PCBNo_10081\SP0557_rev02_00_AI\RTL\SP0557\slv_com\rx_com\rx_cont_b2.vhd'.
@N: CD140 :	| Using the VHDL 2008 Standard for file 'C:\work\S127M\PCBNo_10081\SP0557_rev02_00_AI\RTL\SP0557\slv_com\tx_com\enc8b_10b.vhd'.
@N: CD140 :	| Using the VHDL 2008 Standard for file 'C:\work\S127M\PCBNo_10081\SP0557_rev02_00_AI\RTL\SP0557\slv_com\tx_com\enc8b10b_new.vhd'.
@N: CD140 :	| Using the VHDL 2008 Standard for file 'C:\work\S127M\PCBNo_10081\SP0557_rev02_00_AI\RTL\SP0557\slv_com\tx_com\enc8b10b_wrapper.vhd'.
@N: CD140 :	| Using the VHDL 2008 Standard for file 'C:\work\S127M\PCBNo_10081\SP0557_rev02_00_AI\RTL\SP0557\slv_com\tx_com\tx_cont_b1.vhd'.
@N: CD140 :	| Using the VHDL 2008 Standard for file 'C:\work\S127M\PCBNo_10081\SP0557_rev02_00_AI\RTL\SP0557\slv_com\tx_com\tx_cont_b2.vhd'.
@N: CD140 :	| Using the VHDL 2008 Standard for file 'C:\work\S127M\PCBNo_10081\SP0557_rev02_00_AI\RTL\SP0557\slv_com\CLK_gen_S124M.vhd'.
@N: CD140 :	| Using the VHDL 2008 Standard for file 'C:\work\S127M\PCBNo_10081\SP0557_rev02_00_AI\RTL\SP0557\slv_com\rx_com.vhd'.
@N: CD140 :	| Using the VHDL 2008 Standard for file 'C:\work\S127M\PCBNo_10081\SP0557_rev02_00_AI\RTL\SP0557\slv_com\slv_ctrl_top.vhd'.
@N: CD140 :	| Using the VHDL 2008 Standard for file 'C:\work\S127M\PCBNo_10081\SP0557_rev02_00_AI\RTL\SP0557\slv_com\tx_com.vhd'.
@N: CD140 :	| Using the VHDL 2008 Standard for file 'C:\work\S127M\PCBNo_10081\SP0557_rev02_00_AI\RTL\SP0557\slv_com\slv_com_top.vhd'.
@N: CD140 :	| Using the VHDL 2008 Standard for file 'C:\work\S127M\PCBNo_10081\SP0557_rev02_00_AI\RTL\SP0557\sp_conv\SIO_ctrl2.vhd'.
@N: CD140 :	| Using the VHDL 2008 Standard for file 'C:\work\S127M\PCBNo_10081\SP0557_rev02_00_AI\RTL\SP0557\sp_conv\sp_conv.vhd'.
@N: CD140 :	| Using the VHDL 2008 Standard for file 'C:\work\S127M\PCBNo_10081\SP0557_rev02_00_AI\RTL\SP0557.vhd'.
@N: CD140 :	| Using the VHDL 2008 Standard for file 'C:\work\S127M\PCBNo_10081\SP0557_rev02_00_AI\RTL\IPcore\IPcore.vhd'.
@N: CD140 :	| Using the VHDL 2008 Standard for file 'C:\work\S127M\PCBNo_10081\SP0557_rev02_00_AI\RTL\SP0557\slaveid_top\slaveid_top.vhd'.
VHDL syntax check successful!
Options changed - recompiling
@N: CD231 :"C:\lscc\diamond\3.13\synpbase\lib\vhd2008\std1164.vhd":889:16:889:17|Using onehot encoding for type mvl9plus. For example, enumeration 'U' is mapped to "1000000000".
@N: CD630 :"C:\work\S127M\PCBNo_10081\SP0557_rev02_00_AI\RTL\SP0557.vhd":19:7:19:12|Synthesizing work.sp0557.rtl.
@W: CD638 :"C:\work\S127M\PCBNo_10081\SP0557_rev02_00_AI\RTL\SP0557.vhd":86:8:86:12|Signal sa_ND_15 is undriven. Either assign the signal a value or remove the signal declaration.
@N: CD630 :"C:\work\S127M\PCBNo_10081\SP0557_rev02_00_AI\RTL\SP0557\gpio\gpio_top.vhd":20:7:20:14|Synthesizing work.gpio_top.rtl.
@N: CD630 :"C:\work\S127M\PCBNo_10081\SP0557_rev02_00_AI\RTL\SP0557\gpio\gpio_reg.vhd":20:7:20:14|Synthesizing work.gpio_reg.rtl.
@N: CD630 :"C:\work\S127M\PCBNo_10081\SP0557_rev02_00_AI\RTL\SP0557\gpio\gpio_ip_reg.vhd":20:7:20:17|Synthesizing work.gpio_ip_reg.rtl.
Post processing for work.gpio_ip_reg.rtl
Running optimization stage 1 on gpio_ip_reg .......
Finished optimization stage 1 on gpio_ip_reg (CPU Time 0h:00m:00s, Memory Used current: 111MB peak: 111MB)
@N: CD630 :"C:\work\S127M\PCBNo_10081\SP0557_rev02_00_AI\RTL\SP0557\gpio\gpio_op_reg.vhd":20:7:20:17|Synthesizing work.gpio_op_reg.rtl.
Post processing for work.gpio_op_reg.rtl
Running optimization stage 1 on gpio_op_reg .......
Finished optimization stage 1 on gpio_op_reg (CPU Time 0h:00m:00s, Memory Used current: 111MB peak: 111MB)
Post processing for work.gpio_reg.rtl
Running optimization stage 1 on gpio_reg .......
Finished optimization stage 1 on gpio_reg (CPU Time 0h:00m:00s, Memory Used current: 111MB peak: 111MB)
@N: CD630 :"C:\work\S127M\PCBNo_10081\SP0557_rev02_00_AI\RTL\SP0557\gpio\gpio_id.vhd":20:7:20:13|Synthesizing work.gpio_id.rtl.
Post processing for work.gpio_id.rtl
Running optimization stage 1 on gpio_id .......
Finished optimization stage 1 on gpio_id (CPU Time 0h:00m:00s, Memory Used current: 111MB peak: 112MB)
@N: CD630 :"C:\work\S127M\PCBNo_10081\SP0557_rev02_00_AI\RTL\com\fc_sel.vhd":20:7:20:12|Synthesizing work.fc_sel.rtl.
Post processing for work.fc_sel.rtl
Running optimization stage 1 on fc_sel .......
Finished optimization stage 1 on fc_sel (CPU Time 0h:00m:00s, Memory Used current: 111MB peak: 112MB)
@N: CD630 :"C:\work\S127M\PCBNo_10081\SP0557_rev02_00_AI\RTL\com\fc_dec.vhd":20:7:20:12|Synthesizing work.fc_dec.rtl.
Post processing for work.fc_dec.rtl
Running optimization stage 1 on fc_dec .......
Finished optimization stage 1 on fc_dec (CPU Time 0h:00m:00s, Memory Used current: 111MB peak: 112MB)
Post processing for work.gpio_top.rtl
Running optimization stage 1 on gpio_top .......
Finished optimization stage 1 on gpio_top (CPU Time 0h:00m:00s, Memory Used current: 111MB peak: 112MB)
@N: CD630 :"C:\work\S127M\PCBNo_10081\SP0557_rev02_00_AI\RTL\SP0557\compactppmc\ppmc_top_S118M.vhd":48:7:48:20|Synthesizing work.ppmc_top_s118m.rtl.
@N: CD630 :"C:\work\S127M\PCBNo_10081\SP0557_rev02_00_AI\RTL\SP0557\compactppmc\ppmc_reg_S118M.vhd":53:7:53:20|Synthesizing work.ppmc_reg_s118m.rtl.
@N: CD630 :"C:\work\S127M\PCBNo_10081\SP0557_rev02_00_AI\RTL\SP0557\compactppmc\ppmc_cmdchk.vhd":25:7:25:17|Synthesizing work.ppmc_cmdchk.rtl.
@N: CD364 :"C:\work\S127M\PCBNo_10081\SP0557_rev02_00_AI\RTL\SP0557\compactppmc\ppmc_cmdchk.vhd":152:16:152:25|Removing redundant assignment.
Post processing for work.ppmc_cmdchk.rtl
Running optimization stage 1 on ppmc_cmdchk .......
Finished optimization stage 1 on ppmc_cmdchk (CPU Time 0h:00m:00s, Memory Used current: 112MB peak: 113MB)
@N: CD630 :"C:\work\S127M\PCBNo_10081\SP0557_rev02_00_AI\RTL\SP0557\compactppmc\ppmc_ctrl.vhd":36:7:36:15|Synthesizing work.ppmc_ctrl.rtl.
@N: CD364 :"C:\work\S127M\PCBNo_10081\SP0557_rev02_00_AI\RTL\SP0557\compactppmc\ppmc_ctrl.vhd":167:16:167:22|Removing redundant assignment.
@N: CD364 :"C:\work\S127M\PCBNo_10081\SP0557_rev02_00_AI\RTL\SP0557\compactppmc\ppmc_ctrl.vhd":217:20:217:27|Removing redundant assignment.
@N: CD364 :"C:\work\S127M\PCBNo_10081\SP0557_rev02_00_AI\RTL\SP0557\compactppmc\ppmc_ctrl.vhd":346:24:346:32|Removing redundant assignment.
@N: CD364 :"C:\work\S127M\PCBNo_10081\SP0557_rev02_00_AI\RTL\SP0557\compactppmc\ppmc_ctrl.vhd":353:20:353:24|Removing redundant assignment.
@N: CD364 :"C:\work\S127M\PCBNo_10081\SP0557_rev02_00_AI\RTL\SP0557\compactppmc\ppmc_ctrl.vhd":387:20:387:24|Removing redundant assignment.
@N: CD364 :"C:\work\S127M\PCBNo_10081\SP0557_rev02_00_AI\RTL\SP0557\compactppmc\ppmc_ctrl.vhd":406:20:406:24|Removing redundant assignment.
@N: CD364 :"C:\work\S127M\PCBNo_10081\SP0557_rev02_00_AI\RTL\SP0557\compactppmc\ppmc_ctrl.vhd":420:24:420:28|Removing redundant assignment.
@N: CD364 :"C:\work\S127M\PCBNo_10081\SP0557_rev02_00_AI\RTL\SP0557\compactppmc\ppmc_ctrl.vhd":423:24:423:31|Removing redundant assignment.
Post processing for work.ppmc_ctrl.rtl
Running optimization stage 1 on ppmc_ctrl .......
Finished optimization stage 1 on ppmc_ctrl (CPU Time 0h:00m:00s, Memory Used current: 113MB peak: 114MB)
@N: CD630 :"C:\work\S127M\PCBNo_10081\SP0557_rev02_00_AI\RTL\SP0557\compactppmc\ppmc_enblr_S118M.vhd":49:7:49:22|Synthesizing work.ppmc_enblr_s118m.rtl.
Post processing for work.ppmc_enblr_s118m.rtl
Running optimization stage 1 on ppmc_enblr_S118M .......
Finished optimization stage 1 on ppmc_enblr_S118M (CPU Time 0h:00m:00s, Memory Used current: 114MB peak: 114MB)
@N: CD630 :"C:\work\S127M\PCBNo_10081\SP0557_rev02_00_AI\RTL\SP0557\compactppmc\ppmc_rgstr.vhd":34:7:34:16|Synthesizing work.ppmc_rgstr.rtl.
@N: CD364 :"C:\work\S127M\PCBNo_10081\SP0557_rev02_00_AI\RTL\SP0557\compactppmc\ppmc_rgstr.vhd":336:16:336:34|Removing redundant assignment.
@N: CD364 :"C:\work\S127M\PCBNo_10081\SP0557_rev02_00_AI\RTL\SP0557\compactppmc\ppmc_rgstr.vhd":422:16:422:22|Removing redundant assignment.
@N: CD364 :"C:\work\S127M\PCBNo_10081\SP0557_rev02_00_AI\RTL\SP0557\compactppmc\ppmc_rgstr.vhd":447:16:447:22|Removing redundant assignment.
@N: CD364 :"C:\work\S127M\PCBNo_10081\SP0557_rev02_00_AI\RTL\SP0557\compactppmc\ppmc_rgstr.vhd":474:16:474:20|Removing redundant assignment.
Post processing for work.ppmc_rgstr.rtl
Running optimization stage 1 on ppmc_rgstr .......
@W: CL111 :"C:\work\S127M\PCBNo_10081\SP0557_rev02_00_AI\RTL\SP0557\compactppmc\ppmc_rgstr.vhd":318:8:318:9|All reachable assignments to LIMIT_IN_A(0) are '0'; removing register. To preserve a constant register, use the syn_preserve attribute.
@W: CL111 :"C:\work\S127M\PCBNo_10081\SP0557_rev02_00_AI\RTL\SP0557\compactppmc\ppmc_rgstr.vhd":318:8:318:9|All reachable assignments to LIMIT_IN_A(3) are '0'; removing register. To preserve a constant register, use the syn_preserve attribute.
@W: CL111 :"C:\work\S127M\PCBNo_10081\SP0557_rev02_00_AI\RTL\SP0557\compactppmc\ppmc_rgstr.vhd":318:8:318:9|All reachable assignments to LIMIT_IN_A(4) are '0'; removing register. To preserve a constant register, use the syn_preserve attribute.
@W: CL111 :"C:\work\S127M\PCBNo_10081\SP0557_rev02_00_AI\RTL\SP0557\compactppmc\ppmc_rgstr.vhd":318:8:318:9|All reachable assignments to LIMIT_IN_A(5) are '0'; removing register. To preserve a constant register, use the syn_preserve attribute.
@W: CL111 :"C:\work\S127M\PCBNo_10081\SP0557_rev02_00_AI\RTL\SP0557\compactppmc\ppmc_rgstr.vhd":318:8:318:9|All reachable assignments to LIMIT_IN_A(6) are '0'; removing register. To preserve a constant register, use the syn_preserve attribute.
@W: CL111 :"C:\work\S127M\PCBNo_10081\SP0557_rev02_00_AI\RTL\SP0557\compactppmc\ppmc_rgstr.vhd":318:8:318:9|All reachable assignments to LIMIT_IN_A(7) are '0'; removing register. To preserve a constant register, use the syn_preserve attribute.
@W: CL190 :"C:\work\S127M\PCBNo_10081\SP0557_rev02_00_AI\RTL\SP0557\compactppmc\ppmc_rgstr.vhd":330:8:330:9|Optimizing register bit LIMIT_MONITOR_REG_O(0) to a constant 0. To keep the instance, apply constraint syn_preserve=1 on the instance.
@W: CL190 :"C:\work\S127M\PCBNo_10081\SP0557_rev02_00_AI\RTL\SP0557\compactppmc\ppmc_rgstr.vhd":330:8:330:9|Optimizing register bit LIMIT_MONITOR_REG_O(3) to a constant 0. To keep the instance, apply constraint syn_preserve=1 on the instance.
@W: CL190 :"C:\work\S127M\PCBNo_10081\SP0557_rev02_00_AI\RTL\SP0557\compactppmc\ppmc_rgstr.vhd":330:8:330:9|Optimizing register bit LIMIT_MONITOR_REG_O(4) to a constant 0. To keep the instance, apply constraint syn_preserve=1 on the instance.
@W: CL190 :"C:\work\S127M\PCBNo_10081\SP0557_rev02_00_AI\RTL\SP0557\compactppmc\ppmc_rgstr.vhd":330:8:330:9|Optimizing register bit LIMIT_MONITOR_REG_O(5) to a constant 0. To keep the instance, apply constraint syn_preserve=1 on the instance.
@W: CL190 :"C:\work\S127M\PCBNo_10081\SP0557_rev02_00_AI\RTL\SP0557\compactppmc\ppmc_rgstr.vhd":330:8:330:9|Optimizing register bit LIMIT_MONITOR_REG_O(6) to a constant 0. To keep the instance, apply constraint syn_preserve=1 on the instance.
@W: CL190 :"C:\work\S127M\PCBNo_10081\SP0557_rev02_00_AI\RTL\SP0557\compactppmc\ppmc_rgstr.vhd":330:8:330:9|Optimizing register bit LIMIT_MONITOR_REG_O(7) to a constant 0. To keep the instance, apply constraint syn_preserve=1 on the instance.
@W: CL279 :"C:\work\S127M\PCBNo_10081\SP0557_rev02_00_AI\RTL\SP0557\compactppmc\ppmc_rgstr.vhd":330:8:330:9|Pruning register bits 7 to 3 of LIMIT_MONITOR_REG_O(7 downto 0). If this is not the intended behavior, drive the inputs with valid values, or inputs from the top level.
@W: CL260 :"C:\work\S127M\PCBNo_10081\SP0557_rev02_00_AI\RTL\SP0557\compactppmc\ppmc_rgstr.vhd":330:8:330:9|Pruning register bit 0 of LIMIT_MONITOR_REG_O(7 downto 0). If this is not the intended behavior, drive the input with valid values, or an input from the top level.
Finished optimization stage 1 on ppmc_rgstr (CPU Time 0h:00m:00s, Memory Used current: 115MB peak: 115MB)
@N: CD630 :"C:\work\S127M\PCBNo_10081\SP0557_rev02_00_AI\RTL\SP0557\compactppmc\ppmc_dec.vhd":34:7:34:14|Synthesizing work.ppmc_dec.rtl.
Post processing for work.ppmc_dec.rtl
Running optimization stage 1 on ppmc_dec .......
Finished optimization stage 1 on ppmc_dec (CPU Time 0h:00m:00s, Memory Used current: 115MB peak: 115MB)
@N: CD630 :"C:\work\S127M\PCBNo_10081\SP0557_rev02_00_AI\RTL\SP0557\compactppmc\ppmc_plsgen.vhd":19:7:19:17|Synthesizing work.ppmc_plsgen.rtl.
@N: CD630 :"C:\work\S127M\PCBNo_10081\SP0557_rev02_00_AI\RTL\SP0557\compactppmc\ppmc_pls_cnt.vhd":26:7:26:18|Synthesizing work.ppmc_pls_cnt.rtl.
@N: CD364 :"C:\work\S127M\PCBNo_10081\SP0557_rev02_00_AI\RTL\SP0557\compactppmc\ppmc_pls_cnt.vhd":74:10:74:15|Removing redundant assignment.
@N: CD364 :"C:\work\S127M\PCBNo_10081\SP0557_rev02_00_AI\RTL\SP0557\compactppmc\ppmc_pls_cnt.vhd":76:10:76:12|Removing redundant assignment.
@N: CD364 :"C:\work\S127M\PCBNo_10081\SP0557_rev02_00_AI\RTL\SP0557\compactppmc\ppmc_pls_cnt.vhd":77:10:77:15|Removing redundant assignment.
@N: CD364 :"C:\work\S127M\PCBNo_10081\SP0557_rev02_00_AI\RTL\SP0557\compactppmc\ppmc_pls_cnt.vhd":97:20:97:28|Removing redundant assignment.
@N: CD364 :"C:\work\S127M\PCBNo_10081\SP0557_rev02_00_AI\RTL\SP0557\compactppmc\ppmc_pls_cnt.vhd":100:16:100:24|Removing redundant assignment.
Post processing for work.ppmc_pls_cnt.rtl
Running optimization stage 1 on ppmc_pls_cnt .......
Finished optimization stage 1 on ppmc_pls_cnt (CPU Time 0h:00m:00s, Memory Used current: 116MB peak: 117MB)
@N: CD630 :"C:\work\S127M\PCBNo_10081\SP0557_rev02_00_AI\RTL\SP0557\compactppmc\ppmc_timer_cnt.vhd":20:7:20:20|Synthesizing work.ppmc_timer_cnt.rtl.
Post processing for work.ppmc_timer_cnt.rtl
Running optimization stage 1 on ppmc_timer_cnt .......
Finished optimization stage 1 on ppmc_timer_cnt (CPU Time 0h:00m:00s, Memory Used current: 116MB peak: 117MB)
@N: CD630 :"C:\work\S127M\PCBNo_10081\SP0557_rev02_00_AI\RTL\SP0557\compactppmc\ppmc_speed_cnt.vhd":25:7:25:20|Synthesizing work.ppmc_speed_cnt.rtl.
@N: CD231 :"C:\work\S127M\PCBNo_10081\SP0557_rev02_00_AI\RTL\SP0557\compactppmc\ppmc_speed_cnt.vhd":47:31:47:32|Using onehot encoding for type visual_stop_st_states. For example, enumeration stop_st is mapped to "10000".
@N: CD604 :"C:\work\S127M\PCBNo_10081\SP0557_rev02_00_AI\RTL\SP0557\compactppmc\ppmc_speed_cnt.vhd":125:16:125:29|OTHERS clause is not synthesized.
Post processing for work.ppmc_speed_cnt.rtl
Running optimization stage 1 on ppmc_speed_cnt .......
Finished optimization stage 1 on ppmc_speed_cnt (CPU Time 0h:00m:00s, Memory Used current: 116MB peak: 117MB)
@N: CD630 :"C:\work\S127M\PCBNo_10081\SP0557_rev02_00_AI\RTL\SP0557\compactppmc\ppmc_acc_tim_gen.vhd":20:7:20:22|Synthesizing work.ppmc_acc_tim_gen.rtl.
Post processing for work.ppmc_acc_tim_gen.rtl
Running optimization stage 1 on ppmc_acc_tim_gen .......
Finished optimization stage 1 on ppmc_acc_tim_gen (CPU Time 0h:00m:00s, Memory Used current: 116MB peak: 117MB)
Post processing for work.ppmc_plsgen.rtl
Running optimization stage 1 on ppmc_plsgen .......
Finished optimization stage 1 on ppmc_plsgen (CPU Time 0h:00m:00s, Memory Used current: 116MB peak: 117MB)
@N: CD630 :"C:\work\S127M\PCBNo_10081\SP0557_rev02_00_AI\RTL\SP0557\compactppmc\ppmc_u_step_ext.vhd":27:7:27:21|Synthesizing work.ppmc_u_step_ext.rtl.
Post processing for work.ppmc_u_step_ext.rtl
Running optimization stage 1 on ppmc_u_step_ext .......
Finished optimization stage 1 on ppmc_u_step_ext (CPU Time 0h:00m:00s, Memory Used current: 116MB peak: 117MB)
Post processing for work.ppmc_reg_s118m.rtl
Running optimization stage 1 on ppmc_reg_S118M .......
Finished optimization stage 1 on ppmc_reg_S118M (CPU Time 0h:00m:00s, Memory Used current: 116MB peak: 117MB)
@N: CD630 :"C:\work\S127M\PCBNo_10081\SP0557_rev02_00_AI\RTL\SP0557\compactppmc\ppmc_id.vhd":19:7:19:13|Synthesizing work.ppmc_id.rtl.
Post processing for work.ppmc_id.rtl
Running optimization stage 1 on ppmc_id .......
Finished optimization stage 1 on ppmc_id (CPU Time 0h:00m:00s, Memory Used current: 116MB peak: 117MB)
Post processing for work.ppmc_top_s118m.rtl
Running optimization stage 1 on ppmc_top_S118M .......
Finished optimization stage 1 on ppmc_top_S118M (CPU Time 0h:00m:00s, Memory Used current: 116MB peak: 117MB)
@N: CD630 :"C:\work\S127M\PCBNo_10081\SP0557_rev02_00_AI\RTL\SP0557\pls_sens\pls_sens.vhd":21:7:21:14|Synthesizing work.pls_sens.rtl.
@N: CD364 :"C:\work\S127M\PCBNo_10081\SP0557_rev02_00_AI\RTL\SP0557\pls_sens\pls_sens.vhd":80:4:80:12|Removing redundant assignment.
@N: CD364 :"C:\work\S127M\PCBNo_10081\SP0557_rev02_00_AI\RTL\SP0557\pls_sens\pls_sens.vhd":96:6:96:14|Removing redundant assignment.
@N: CD364 :"C:\work\S127M\PCBNo_10081\SP0557_rev02_00_AI\RTL\SP0557\pls_sens\pls_sens.vhd":100:4:100:12|Removing redundant assignment.
Post processing for work.pls_sens.rtl
Running optimization stage 1 on pls_sens .......
Finished optimization stage 1 on pls_sens (CPU Time 0h:00m:00s, Memory Used current: 116MB peak: 117MB)
@N: CD630 :"C:\work\S127M\PCBNo_10081\SP0557_rev02_00_AI\RTL\SP0557\encoder\enc_func_top.vhd":24:7:24:18|Synthesizing work.enc_func_top.rtl.
@N: CD630 :"C:\work\S127M\PCBNo_10081\SP0557_rev02_00_AI\RTL\SP0557\encoder\enc_top.vhd":24:7:24:13|Synthesizing work.enc_top.rtl.
@N: CD630 :"C:\work\S127M\PCBNo_10081\SP0557_rev02_00_AI\RTL\SP0557\encoder\enc_lmt.vhd":25:8:25:14|Synthesizing work.enc_lmt.rtl.
Post processing for work.enc_lmt.rtl
Running optimization stage 1 on enc_lmt .......
Finished optimization stage 1 on enc_lmt (CPU Time 0h:00m:00s, Memory Used current: 118MB peak: 119MB)
@N: CD630 :"C:\work\S127M\PCBNo_10081\SP0557_rev02_00_AI\RTL\SP0557\encoder\encoder_2bit.vhd":26:8:26:19|Synthesizing work.encoder_2bit.rtl.
@N: CD364 :"C:\work\S127M\PCBNo_10081\SP0557_rev02_00_AI\RTL\SP0557\encoder\encoder_2bit.vhd":77:4:77:9|Removing redundant assignment.
@N: CD364 :"C:\work\S127M\PCBNo_10081\SP0557_rev02_00_AI\RTL\SP0557\encoder\encoder_2bit.vhd":80:4:80:9|Removing redundant assignment.
@N: CD364 :"C:\work\S127M\PCBNo_10081\SP0557_rev02_00_AI\RTL\SP0557\encoder\encoder_2bit.vhd":82:4:82:13|Removing redundant assignment.
@N: CD364 :"C:\work\S127M\PCBNo_10081\SP0557_rev02_00_AI\RTL\SP0557\encoder\encoder_2bit.vhd":111:4:111:9|Removing redundant assignment.
@N: CD364 :"C:\work\S127M\PCBNo_10081\SP0557_rev02_00_AI\RTL\SP0557\encoder\encoder_2bit.vhd":114:4:114:9|Removing redundant assignment.
@N: CD364 :"C:\work\S127M\PCBNo_10081\SP0557_rev02_00_AI\RTL\SP0557\encoder\encoder_2bit.vhd":116:4:116:13|Removing redundant assignment.
Post processing for work.encoder_2bit.rtl
Running optimization stage 1 on encoder_2bit .......
Finished optimization stage 1 on encoder_2bit (CPU Time 0h:00m:00s, Memory Used current: 118MB peak: 119MB)
Post processing for work.enc_top.rtl
Running optimization stage 1 on enc_top .......
Finished optimization stage 1 on enc_top (CPU Time 0h:00m:00s, Memory Used current: 118MB peak: 119MB)
Post processing for work.enc_func_top.rtl
Running optimization stage 1 on enc_func_top .......
Finished optimization stage 1 on enc_func_top (CPU Time 0h:00m:00s, Memory Used current: 118MB peak: 119MB)
@N: CD630 :"C:\work\S127M\PCBNo_10081\SP0557_rev02_00_AI\RTL\SP0557\LEDLT\LEDLT_TOP.vhd":16:7:16:15|Synthesizing work.ledlt_top.rtl.
@N: CD364 :"C:\work\S127M\PCBNo_10081\SP0557_rev02_00_AI\RTL\SP0557\LEDLT\LEDLT_TOP.vhd":124:6:124:23|Removing redundant assignment.
@N: CD364 :"C:\work\S127M\PCBNo_10081\SP0557_rev02_00_AI\RTL\SP0557\LEDLT\LEDLT_TOP.vhd":144:4:144:18|Removing redundant assignment.
@N: CD364 :"C:\work\S127M\PCBNo_10081\SP0557_rev02_00_AI\RTL\SP0557\LEDLT\LEDLT_TOP.vhd":174:6:174:22|Removing redundant assignment.
@N: CD364 :"C:\work\S127M\PCBNo_10081\SP0557_rev02_00_AI\RTL\SP0557\LEDLT\LEDLT_TOP.vhd":194:4:194:17|Removing redundant assignment.
@N: CD630 :"C:\work\S127M\PCBNo_10081\SP0557_rev02_00_AI\RTL\SP0557\LEDLT\AD8402_CTRL\AD8402_CTRL.vhd":26:7:26:17|Synthesizing work.ad8402_ctrl.rtl.
@N: CD233 :"C:\work\S127M\PCBNo_10081\SP0557_rev02_00_AI\RTL\SP0557\LEDLT\AD8402_CTRL\AD8402_CTRL.vhd":62:13:62:14|Using sequential encoding for type ty_sta.
@N: CD604 :"C:\work\S127M\PCBNo_10081\SP0557_rev02_00_AI\RTL\SP0557\LEDLT\AD8402_CTRL\AD8402_CTRL.vhd":208:4:208:17|OTHERS clause is not synthesized.
@N: CD630 :"C:\work\S127M\PCBNo_10081\SP0557_rev02_00_AI\RTL\SP0557\LEDLT\AD8402_CTRL\ad8402.vhd":28:7:28:12|Synthesizing work.ad8402.rtl.
Post processing for work.ad8402.rtl
Running optimization stage 1 on ad8402 .......
Finished optimization stage 1 on ad8402 (CPU Time 0h:00m:00s, Memory Used current: 119MB peak: 120MB)
Post processing for work.ad8402_ctrl.rtl
Running optimization stage 1 on AD8402_CTRL .......
Finished optimization stage 1 on AD8402_CTRL (CPU Time 0h:00m:00s, Memory Used current: 119MB peak: 120MB)
@N: CD630 :"C:\work\S127M\PCBNo_10081\SP0557_rev02_00_AI\RTL\SP0557\LEDLT\TLC5916_CTRL.vhd":16:7:16:18|Synthesizing work.tlc5916_ctrl.rtl.
@N: CD233 :"C:\work\S127M\PCBNo_10081\SP0557_rev02_00_AI\RTL\SP0557\LEDLT\TLC5916_CTRL.vhd":40:15:40:16|Using sequential encoding for type ty_state.
@N: CD364 :"C:\work\S127M\PCBNo_10081\SP0557_rev02_00_AI\RTL\SP0557\LEDLT\TLC5916_CTRL.vhd":95:7:95:11|Removing redundant assignment.
@N: CD604 :"C:\work\S127M\PCBNo_10081\SP0557_rev02_00_AI\RTL\SP0557\LEDLT\TLC5916_CTRL.vhd":110:5:110:18|OTHERS clause is not synthesized.
Post processing for work.tlc5916_ctrl.rtl
Running optimization stage 1 on TLC5916_CTRL .......
Finished optimization stage 1 on TLC5916_CTRL (CPU Time 0h:00m:00s, Memory Used current: 119MB peak: 120MB)
Post processing for work.ledlt_top.rtl
Running optimization stage 1 on LEDLT_TOP .......
@W: CL190 :"C:\work\S127M\PCBNo_10081\SP0557_rev02_00_AI\RTL\SP0557\LEDLT\LEDLT_TOP.vhd":100:2:100:3|Optimizing register bit s_LEDPTN(5) to a constant 0. To keep the instance, apply constraint syn_preserve=1 on the instance.
@W: CL190 :"C:\work\S127M\PCBNo_10081\SP0557_rev02_00_AI\RTL\SP0557\LEDLT\LEDLT_TOP.vhd":100:2:100:3|Optimizing register bit s_LEDPTN(6) to a constant 0. To keep the instance, apply constraint syn_preserve=1 on the instance.
@W: CL190 :"C:\work\S127M\PCBNo_10081\SP0557_rev02_00_AI\RTL\SP0557\LEDLT\LEDLT_TOP.vhd":100:2:100:3|Optimizing register bit s_LEDPTN(7) to a constant 0. To keep the instance, apply constraint syn_preserve=1 on the instance.
@W: CL190 :"C:\work\S127M\PCBNo_10081\SP0557_rev02_00_AI\RTL\SP0557\LEDLT\LEDLT_TOP.vhd":100:2:100:3|Optimizing register bit s_LEDPTN(13) to a constant 0. To keep the instance, apply constraint syn_preserve=1 on the instance.
@W: CL190 :"C:\work\S127M\PCBNo_10081\SP0557_rev02_00_AI\RTL\SP0557\LEDLT\LEDLT_TOP.vhd":100:2:100:3|Optimizing register bit s_LEDPTN(14) to a constant 0. To keep the instance, apply constraint syn_preserve=1 on the instance.
@W: CL190 :"C:\work\S127M\PCBNo_10081\SP0557_rev02_00_AI\RTL\SP0557\LEDLT\LEDLT_TOP.vhd":100:2:100:3|Optimizing register bit s_LEDPTN(15) to a constant 0. To keep the instance, apply constraint syn_preserve=1 on the instance.
@W: CL279 :"C:\work\S127M\PCBNo_10081\SP0557_rev02_00_AI\RTL\SP0557\LEDLT\LEDLT_TOP.vhd":100:2:100:3|Pruning register bits 15 to 13 of s_LEDPTN(15 downto 0). If this is not the intended behavior, drive the inputs with valid values, or inputs from the top level.
@W: CL279 :"C:\work\S127M\PCBNo_10081\SP0557_rev02_00_AI\RTL\SP0557\LEDLT\LEDLT_TOP.vhd":100:2:100:3|Pruning register bits 7 to 5 of s_LEDPTN(15 downto 0). If this is not the intended behavior, drive the inputs with valid values, or inputs from the top level.
Finished optimization stage 1 on LEDLT_TOP (CPU Time 0h:00m:00s, Memory Used current: 119MB peak: 120MB)
@N: CD630 :"C:\work\S127M\PCBNo_10081\SP0557_rev02_00_AI\RTL\SP0557\ad_ctrl\ad_ctrl.vhd":19:7:19:13|Synthesizing work.ad_ctrl.rtl.
@N: CD630 :"C:\work\S127M\PCBNo_10081\SP0557_rev02_00_AI\RTL\SP0557\ad_ctrl\adc_reg.vhd":26:7:26:13|Synthesizing work.adc_reg.rtl.
Post processing for work.adc_reg.rtl
Running optimization stage 1 on adc_reg .......
Finished optimization stage 1 on adc_reg (CPU Time 0h:00m:00s, Memory Used current: 119MB peak: 120MB)
@N: CD630 :"C:\work\S127M\PCBNo_10081\SP0557_rev02_00_AI\RTL\SP0557\ad_ctrl\shiftreg12bit.vhd":18:7:18:19|Synthesizing work.shiftreg12bit.rtl.
Post processing for work.shiftreg12bit.rtl
Running optimization stage 1 on shiftreg12bit .......
Finished optimization stage 1 on shiftreg12bit (CPU Time 0h:00m:00s, Memory Used current: 119MB peak: 120MB)
@N: CD630 :"C:\work\S127M\PCBNo_10081\SP0557_rev02_00_AI\RTL\SP0557\ad_ctrl\adif_seq.vhd":19:7:19:14|Synthesizing work.adif_seq.rtl.
@N: CD364 :"C:\work\S127M\PCBNo_10081\SP0557_rev02_00_AI\RTL\SP0557\ad_ctrl\adif_seq.vhd":79:6:79:9|Removing redundant assignment.
@N: CD364 :"C:\work\S127M\PCBNo_10081\SP0557_rev02_00_AI\RTL\SP0557\ad_ctrl\adif_seq.vhd":86:6:86:9|Removing redundant assignment.
@N: CD364 :"C:\work\S127M\PCBNo_10081\SP0557_rev02_00_AI\RTL\SP0557\ad_ctrl\adif_seq.vhd":93:6:93:9|Removing redundant assignment.
@N: CD364 :"C:\work\S127M\PCBNo_10081\SP0557_rev02_00_AI\RTL\SP0557\ad_ctrl\adif_seq.vhd":100:6:100:9|Removing redundant assignment.
@N: CD364 :"C:\work\S127M\PCBNo_10081\SP0557_rev02_00_AI\RTL\SP0557\ad_ctrl\adif_seq.vhd":107:6:107:9|Removing redundant assignment.
@N: CD364 :"C:\work\S127M\PCBNo_10081\SP0557_rev02_00_AI\RTL\SP0557\ad_ctrl\adif_seq.vhd":114:6:114:9|Removing redundant assignment.
@N: CD364 :"C:\work\S127M\PCBNo_10081\SP0557_rev02_00_AI\RTL\SP0557\ad_ctrl\adif_seq.vhd":121:6:121:9|Removing redundant assignment.
@N: CD364 :"C:\work\S127M\PCBNo_10081\SP0557_rev02_00_AI\RTL\SP0557\ad_ctrl\adif_seq.vhd":128:6:128:9|Removing redundant assignment.
@N: CD364 :"C:\work\S127M\PCBNo_10081\SP0557_rev02_00_AI\RTL\SP0557\ad_ctrl\adif_seq.vhd":135:6:135:9|Removing redundant assignment.
@N: CD364 :"C:\work\S127M\PCBNo_10081\SP0557_rev02_00_AI\RTL\SP0557\ad_ctrl\adif_seq.vhd":142:6:142:9|Removing redundant assignment.
@N: CD364 :"C:\work\S127M\PCBNo_10081\SP0557_rev02_00_AI\RTL\SP0557\ad_ctrl\adif_seq.vhd":149:6:149:9|Removing redundant assignment.
@N: CD364 :"C:\work\S127M\PCBNo_10081\SP0557_rev02_00_AI\RTL\SP0557\ad_ctrl\adif_seq.vhd":156:6:156:9|Removing redundant assignment.
@N: CD364 :"C:\work\S127M\PCBNo_10081\SP0557_rev02_00_AI\RTL\SP0557\ad_ctrl\adif_seq.vhd":163:6:163:9|Removing redundant assignment.
@N: CD364 :"C:\work\S127M\PCBNo_10081\SP0557_rev02_00_AI\RTL\SP0557\ad_ctrl\adif_seq.vhd":170:6:170:9|Removing redundant assignment.
@N: CD364 :"C:\work\S127M\PCBNo_10081\SP0557_rev02_00_AI\RTL\SP0557\ad_ctrl\adif_seq.vhd":177:6:177:9|Removing redundant assignment.
@N: CD364 :"C:\work\S127M\PCBNo_10081\SP0557_rev02_00_AI\RTL\SP0557\ad_ctrl\adif_seq.vhd":184:6:184:9|Removing redundant assignment.
@N: CD364 :"C:\work\S127M\PCBNo_10081\SP0557_rev02_00_AI\RTL\SP0557\ad_ctrl\adif_seq.vhd":191:6:191:9|Removing redundant assignment.
@N: CD364 :"C:\work\S127M\PCBNo_10081\SP0557_rev02_00_AI\RTL\SP0557\ad_ctrl\adif_seq.vhd":198:6:198:9|Removing redundant assignment.
@N: CD364 :"C:\work\S127M\PCBNo_10081\SP0557_rev02_00_AI\RTL\SP0557\ad_ctrl\adif_seq.vhd":205:6:205:9|Removing redundant assignment.
Post processing for work.adif_seq.rtl
Running optimization stage 1 on adif_seq .......
Finished optimization stage 1 on adif_seq (CPU Time 0h:00m:00s, Memory Used current: 119MB peak: 120MB)
@N: CD630 :"C:\work\S127M\PCBNo_10081\SP0557_rev02_00_AI\RTL\SP0557\ad_ctrl\adclk_gen.vhd":19:7:19:15|Synthesizing work.adclk_gen.rtl.
Post processing for work.adclk_gen.rtl
Running optimization stage 1 on adclk_gen .......
Finished optimization stage 1 on adclk_gen (CPU Time 0h:00m:00s, Memory Used current: 119MB peak: 120MB)
Post processing for work.ad_ctrl.rtl
Running optimization stage 1 on ad_ctrl .......
Finished optimization stage 1 on ad_ctrl (CPU Time 0h:00m:00s, Memory Used current: 119MB peak: 120MB)
@N: CD630 :"C:\work\S127M\PCBNo_10081\SP0557_rev02_00_AI\RTL\SP0557\DAC43608\DAC43608_top.vhd":23:7:23:18|Synthesizing work.dac43608_top.rtl.
@N: CD630 :"C:\work\S127M\PCBNo_10081\SP0557_rev02_00_AI\RTL\SP0557\DAC43608\CTRL_32CH.vhd":21:7:21:15|Synthesizing work.ctrl_32ch.rtl.
@N: CD233 :"C:\work\S127M\PCBNo_10081\SP0557_rev02_00_AI\RTL\SP0557\DAC43608\CTRL_32CH.vhd":75:11:75:12|Using sequential encoding for type state.
@N: CD364 :"C:\work\S127M\PCBNo_10081\SP0557_rev02_00_AI\RTL\SP0557\DAC43608\CTRL_32CH.vhd":176:4:176:20|Removing redundant assignment.
@N: CD364 :"C:\work\S127M\PCBNo_10081\SP0557_rev02_00_AI\RTL\SP0557\DAC43608\CTRL_32CH.vhd":182:4:182:20|Removing redundant assignment.
@N: CD364 :"C:\work\S127M\PCBNo_10081\SP0557_rev02_00_AI\RTL\SP0557\DAC43608\CTRL_32CH.vhd":188:4:188:20|Removing redundant assignment.
@N: CD364 :"C:\work\S127M\PCBNo_10081\SP0557_rev02_00_AI\RTL\SP0557\DAC43608\CTRL_32CH.vhd":194:4:194:20|Removing redundant assignment.
@N: CD364 :"C:\work\S127M\PCBNo_10081\SP0557_rev02_00_AI\RTL\SP0557\DAC43608\CTRL_32CH.vhd":200:4:200:20|Removing redundant assignment.
@N: CD364 :"C:\work\S127M\PCBNo_10081\SP0557_rev02_00_AI\RTL\SP0557\DAC43608\CTRL_32CH.vhd":206:4:206:20|Removing redundant assignment.
@N: CD364 :"C:\work\S127M\PCBNo_10081\SP0557_rev02_00_AI\RTL\SP0557\DAC43608\CTRL_32CH.vhd":212:4:212:20|Removing redundant assignment.
@N: CD364 :"C:\work\S127M\PCBNo_10081\SP0557_rev02_00_AI\RTL\SP0557\DAC43608\CTRL_32CH.vhd":218:4:218:20|Removing redundant assignment.
@N: CD364 :"C:\work\S127M\PCBNo_10081\SP0557_rev02_00_AI\RTL\SP0557\DAC43608\CTRL_32CH.vhd":224:4:224:20|Removing redundant assignment.
@N: CD364 :"C:\work\S127M\PCBNo_10081\SP0557_rev02_00_AI\RTL\SP0557\DAC43608\CTRL_32CH.vhd":230:4:230:21|Removing redundant assignment.
@N: CD364 :"C:\work\S127M\PCBNo_10081\SP0557_rev02_00_AI\RTL\SP0557\DAC43608\CTRL_32CH.vhd":236:4:236:21|Removing redundant assignment.
@N: CD364 :"C:\work\S127M\PCBNo_10081\SP0557_rev02_00_AI\RTL\SP0557\DAC43608\CTRL_32CH.vhd":242:4:242:21|Removing redundant assignment.
@N: CD364 :"C:\work\S127M\PCBNo_10081\SP0557_rev02_00_AI\RTL\SP0557\DAC43608\CTRL_32CH.vhd":248:4:248:21|Removing redundant assignment.
@N: CD364 :"C:\work\S127M\PCBNo_10081\SP0557_rev02_00_AI\RTL\SP0557\DAC43608\CTRL_32CH.vhd":254:4:254:21|Removing redundant assignment.
@N: CD364 :"C:\work\S127M\PCBNo_10081\SP0557_rev02_00_AI\RTL\SP0557\DAC43608\CTRL_32CH.vhd":260:4:260:21|Removing redundant assignment.
@N: CD364 :"C:\work\S127M\PCBNo_10081\SP0557_rev02_00_AI\RTL\SP0557\DAC43608\CTRL_32CH.vhd":266:4:266:21|Removing redundant assignment.
@N: CD364 :"C:\work\S127M\PCBNo_10081\SP0557_rev02_00_AI\RTL\SP0557\DAC43608\CTRL_32CH.vhd":272:4:272:21|Removing redundant assignment.
@N: CD364 :"C:\work\S127M\PCBNo_10081\SP0557_rev02_00_AI\RTL\SP0557\DAC43608\CTRL_32CH.vhd":278:4:278:21|Removing redundant assignment.
@N: CD364 :"C:\work\S127M\PCBNo_10081\SP0557_rev02_00_AI\RTL\SP0557\DAC43608\CTRL_32CH.vhd":284:4:284:21|Removing redundant assignment.
@N: CD364 :"C:\work\S127M\PCBNo_10081\SP0557_rev02_00_AI\RTL\SP0557\DAC43608\CTRL_32CH.vhd":290:4:290:21|Removing redundant assignment.
@N: CD364 :"C:\work\S127M\PCBNo_10081\SP0557_rev02_00_AI\RTL\SP0557\DAC43608\CTRL_32CH.vhd":296:4:296:21|Removing redundant assignment.
@N: CD364 :"C:\work\S127M\PCBNo_10081\SP0557_rev02_00_AI\RTL\SP0557\DAC43608\CTRL_32CH.vhd":302:4:302:21|Removing redundant assignment.
@N: CD364 :"C:\work\S127M\PCBNo_10081\SP0557_rev02_00_AI\RTL\SP0557\DAC43608\CTRL_32CH.vhd":308:4:308:21|Removing redundant assignment.
@N: CD364 :"C:\work\S127M\PCBNo_10081\SP0557_rev02_00_AI\RTL\SP0557\DAC43608\CTRL_32CH.vhd":314:4:314:21|Removing redundant assignment.
@N: CD364 :"C:\work\S127M\PCBNo_10081\SP0557_rev02_00_AI\RTL\SP0557\DAC43608\CTRL_32CH.vhd":320:4:320:21|Removing redundant assignment.
@N: CD364 :"C:\work\S127M\PCBNo_10081\SP0557_rev02_00_AI\RTL\SP0557\DAC43608\CTRL_32CH.vhd":326:4:326:21|Removing redundant assignment.
@N: CD364 :"C:\work\S127M\PCBNo_10081\SP0557_rev02_00_AI\RTL\SP0557\DAC43608\CTRL_32CH.vhd":332:4:332:21|Removing redundant assignment.
@N: CD364 :"C:\work\S127M\PCBNo_10081\SP0557_rev02_00_AI\RTL\SP0557\DAC43608\CTRL_32CH.vhd":338:4:338:21|Removing redundant assignment.
@N: CD364 :"C:\work\S127M\PCBNo_10081\SP0557_rev02_00_AI\RTL\SP0557\DAC43608\CTRL_32CH.vhd":344:4:344:21|Removing redundant assignment.
@N: CD364 :"C:\work\S127M\PCBNo_10081\SP0557_rev02_00_AI\RTL\SP0557\DAC43608\CTRL_32CH.vhd":350:4:350:21|Removing redundant assignment.
@N: CD364 :"C:\work\S127M\PCBNo_10081\SP0557_rev02_00_AI\RTL\SP0557\DAC43608\CTRL_32CH.vhd":356:4:356:21|Removing redundant assignment.
@N: CD364 :"C:\work\S127M\PCBNo_10081\SP0557_rev02_00_AI\RTL\SP0557\DAC43608\CTRL_32CH.vhd":362:4:362:21|Removing redundant assignment.
@N: CD604 :"C:\work\S127M\PCBNo_10081\SP0557_rev02_00_AI\RTL\SP0557\DAC43608\CTRL_32CH.vhd":538:5:538:19|OTHERS clause is not synthesized.
@N: CD364 :"C:\work\S127M\PCBNo_10081\SP0557_rev02_00_AI\RTL\SP0557\DAC43608\CTRL_32CH.vhd":803:6:803:15|Removing redundant assignment.
@N: CD364 :"C:\work\S127M\PCBNo_10081\SP0557_rev02_00_AI\RTL\SP0557\DAC43608\CTRL_32CH.vhd":804:6:804:11|Removing redundant assignment.
@N: CD604 :"C:\work\S127M\PCBNo_10081\SP0557_rev02_00_AI\RTL\SP0557\DAC43608\CTRL_32CH.vhd":816:4:816:18|OTHERS clause is not synthesized.
Post processing for work.ctrl_32ch.rtl
Running optimization stage 1 on CTRL_32CH .......
Finished optimization stage 1 on CTRL_32CH (CPU Time 0h:00m:00s, Memory Used current: 122MB peak: 127MB)
@N: CD630 :"C:\work\S127M\PCBNo_10081\SP0557_rev02_00_AI\RTL\SP0557\DAC43608\DAC_CTRL_1CH.vhd":19:7:19:18|Synthesizing work.dac_ctrl_1ch.rtl.
@N: CD232 :"C:\work\S127M\PCBNo_10081\SP0557_rev02_00_AI\RTL\SP0557\DAC43608\DAC_CTRL_1CH.vhd":51:11:51:12|Using gray code encoding for type state.
@N: CD364 :"C:\work\S127M\PCBNo_10081\SP0557_rev02_00_AI\RTL\SP0557\DAC43608\DAC_CTRL_1CH.vhd":133:6:133:10|Removing redundant assignment.
@N: CD364 :"C:\work\S127M\PCBNo_10081\SP0557_rev02_00_AI\RTL\SP0557\DAC43608\DAC_CTRL_1CH.vhd":150:5:150:14|Removing redundant assignment.
@N: CD364 :"C:\work\S127M\PCBNo_10081\SP0557_rev02_00_AI\RTL\SP0557\DAC43608\DAC_CTRL_1CH.vhd":151:5:151:14|Removing redundant assignment.
@N: CD364 :"C:\work\S127M\PCBNo_10081\SP0557_rev02_00_AI\RTL\SP0557\DAC43608\DAC_CTRL_1CH.vhd":152:5:152:13|Removing redundant assignment.
@N: CD364 :"C:\work\S127M\PCBNo_10081\SP0557_rev02_00_AI\RTL\SP0557\DAC43608\DAC_CTRL_1CH.vhd":157:5:157:14|Removing redundant assignment.
@N: CD364 :"C:\work\S127M\PCBNo_10081\SP0557_rev02_00_AI\RTL\SP0557\DAC43608\DAC_CTRL_1CH.vhd":158:5:158:14|Removing redundant assignment.
@N: CD364 :"C:\work\S127M\PCBNo_10081\SP0557_rev02_00_AI\RTL\SP0557\DAC43608\DAC_CTRL_1CH.vhd":165:6:165:14|Removing redundant assignment.
@N: CD364 :"C:\work\S127M\PCBNo_10081\SP0557_rev02_00_AI\RTL\SP0557\DAC43608\DAC_CTRL_1CH.vhd":166:6:166:15|Removing redundant assignment.
@N: CD364 :"C:\work\S127M\PCBNo_10081\SP0557_rev02_00_AI\RTL\SP0557\DAC43608\DAC_CTRL_1CH.vhd":178:5:178:14|Removing redundant assignment.
@N: CD364 :"C:\work\S127M\PCBNo_10081\SP0557_rev02_00_AI\RTL\SP0557\DAC43608\DAC_CTRL_1CH.vhd":179:5:179:14|Removing redundant assignment.
@N: CD364 :"C:\work\S127M\PCBNo_10081\SP0557_rev02_00_AI\RTL\SP0557\DAC43608\DAC_CTRL_1CH.vhd":180:5:180:13|Removing redundant assignment.
@N: CD364 :"C:\work\S127M\PCBNo_10081\SP0557_rev02_00_AI\RTL\SP0557\DAC43608\DAC_CTRL_1CH.vhd":186:5:186:14|Removing redundant assignment.
@N: CD364 :"C:\work\S127M\PCBNo_10081\SP0557_rev02_00_AI\RTL\SP0557\DAC43608\DAC_CTRL_1CH.vhd":187:5:187:14|Removing redundant assignment.
@N: CD364 :"C:\work\S127M\PCBNo_10081\SP0557_rev02_00_AI\RTL\SP0557\DAC43608\DAC_CTRL_1CH.vhd":194:6:194:14|Removing redundant assignment.
@N: CD364 :"C:\work\S127M\PCBNo_10081\SP0557_rev02_00_AI\RTL\SP0557\DAC43608\DAC_CTRL_1CH.vhd":195:6:195:15|Removing redundant assignment.

Only the first 100 messages of id 'CD364' are reported. To see all messages use 'report_messages -log C:\work\S127M\PCBNo_10081\SP0557_rev02_00_AI\SP0557\synlog\SP0557_SP0557_compiler.srr -id CD364' in the Tcl shell. To see all messages in future runs, use the command 'message_override -limit {CD364} -count unlimited' in the Tcl shell.
Post processing for work.dac_ctrl_1ch.rtl
Running optimization stage 1 on DAC_CTRL_1CH .......
Finished optimization stage 1 on DAC_CTRL_1CH (CPU Time 0h:00m:00s, Memory Used current: 122MB peak: 127MB)
@N: CD630 :"C:\work\S127M\PCBNo_10081\SP0557_rev02_00_AI\RTL\SP0557\DAC43608\i2c_master_wb_top.vhd":81:7:81:23|Synthesizing work.i2c_master_wb_top.arch.
@N: CD630 :"C:\work\S127M\PCBNo_10081\SP0557_rev02_00_AI\RTL\SP0557\DAC43608\i2c_master_registers.vhd":81:7:81:26|Synthesizing work.i2c_master_registers.arch.
Post processing for work.i2c_master_registers.arch
Running optimization stage 1 on i2c_master_registers .......
Finished optimization stage 1 on i2c_master_registers (CPU Time 0h:00m:00s, Memory Used current: 122MB peak: 127MB)
@N: CD630 :"C:\work\S127M\PCBNo_10081\SP0557_rev02_00_AI\RTL\SP0557\DAC43608\i2c_master_bit_ctrl.vhd":122:7:122:25|Synthesizing work.i2c_master_bit_ctrl.arch.
Post processing for work.i2c_master_bit_ctrl.arch
Running optimization stage 1 on i2c_master_bit_ctrl .......
Finished optimization stage 1 on i2c_master_bit_ctrl (CPU Time 0h:00m:00s, Memory Used current: 122MB peak: 127MB)
@N: CD630 :"C:\work\S127M\PCBNo_10081\SP0557_rev02_00_AI\RTL\SP0557\DAC43608\i2c_master_byte_ctrl.vhd":80:7:80:26|Synthesizing work.i2c_master_byte_ctrl.arch.
Post processing for work.i2c_master_byte_ctrl.arch
Running optimization stage 1 on i2c_master_byte_ctrl .......
Finished optimization stage 1 on i2c_master_byte_ctrl (CPU Time 0h:00m:00s, Memory Used current: 122MB peak: 127MB)
Post processing for work.i2c_master_wb_top.arch
Running optimization stage 1 on i2c_master_wb_top .......
Finished optimization stage 1 on i2c_master_wb_top (CPU Time 0h:00m:00s, Memory Used current: 122MB peak: 127MB)
Post processing for work.dac43608_top.rtl
Running optimization stage 1 on DAC43608_top .......
Finished optimization stage 1 on DAC43608_top (CPU Time 0h:00m:00s, Memory Used current: 122MB peak: 127MB)
@N: CD630 :"C:\work\S127M\PCBNo_10081\SP0557_rev02_00_AI\RTL\SP0557\EFUSE_CTRL\EFUSE_CTRL.vhd":16:7:16:16|Synthesizing work.efuse_ctrl.rtl.
Post processing for work.efuse_ctrl.rtl
Running optimization stage 1 on EFUSE_CTRL .......
@W: CL190 :"C:\work\S127M\PCBNo_10081\SP0557_rev02_00_AI\RTL\SP0557\EFUSE_CTRL\EFUSE_CTRL.vhd":78:2:78:3|Optimizing register bit s_MODE(1) to a constant 0. To keep the instance, apply constraint syn_preserve=1 on the instance.
@W: CL190 :"C:\work\S127M\PCBNo_10081\SP0557_rev02_00_AI\RTL\SP0557\EFUSE_CTRL\EFUSE_CTRL.vhd":78:2:78:3|Optimizing register bit s_MODE(2) to a constant 0. To keep the instance, apply constraint syn_preserve=1 on the instance.
@W: CL190 :"C:\work\S127M\PCBNo_10081\SP0557_rev02_00_AI\RTL\SP0557\EFUSE_CTRL\EFUSE_CTRL.vhd":78:2:78:3|Optimizing register bit s_MODE(3) to a constant 0. To keep the instance, apply constraint syn_preserve=1 on the instance.
@W: CL279 :"C:\work\S127M\PCBNo_10081\SP0557_rev02_00_AI\RTL\SP0557\EFUSE_CTRL\EFUSE_CTRL.vhd":78:2:78:3|Pruning register bits 3 to 1 of s_MODE(3 downto 0). If this is not the intended behavior, drive the inputs with valid values, or inputs from the top level.
Finished optimization stage 1 on EFUSE_CTRL (CPU Time 0h:00m:00s, Memory Used current: 122MB peak: 127MB)
@N: CD630 :"C:\work\S127M\PCBNo_10081\SP0557_rev02_00_AI\RTL\SP0557\sp_conv\sp_conv.vhd":24:7:24:13|Synthesizing work.sp_conv.rtl.
@N: CD630 :"C:\work\S127M\PCBNo_10081\SP0557_rev02_00_AI\RTL\SP0557\sp_conv\SIO_ctrl2.vhd":35:7:35:15|Synthesizing work.sio_ctrl2.rtl.
@N: CD233 :"C:\work\S127M\PCBNo_10081\SP0557_rev02_00_AI\RTL\SP0557\sp_conv\SIO_ctrl2.vhd":120:16:120:17|Using sequential encoding for type ty_state.
@N: CD604 :"C:\work\S127M\PCBNo_10081\SP0557_rev02_00_AI\RTL\SP0557\sp_conv\SIO_ctrl2.vhd":188:3:188:16|OTHERS clause is not synthesized.
@N: CD630 :"C:\work\S127M\PCBNo_10081\SP0557_rev02_00_AI\RTL\SP0557\sp_conv\SPI_master2.vhd":35:7:35:17|Synthesizing work.spi_master2.rtl.
@N: CD231 :"C:\work\S127M\PCBNo_10081\SP0557_rev02_00_AI\RTL\SP0557\sp_conv\SPI_master2.vhd":65:13:65:14|Using onehot encoding for type ty_sta. For example, enumeration st_idle is mapped to "10000".
@N: CD604 :"C:\work\S127M\PCBNo_10081\SP0557_rev02_00_AI\RTL\SP0557\sp_conv\SPI_master2.vhd":344:5:344:18|OTHERS clause is not synthesized.
Post processing for work.spi_master2.rtl
Running optimization stage 1 on SPI_master2 .......
Finished optimization stage 1 on SPI_master2 (CPU Time 0h:00m:00s, Memory Used current: 123MB peak: 127MB)
Post processing for work.sio_ctrl2.rtl
Running optimization stage 1 on SIO_ctrl2 .......
Finished optimization stage 1 on SIO_ctrl2 (CPU Time 0h:00m:00s, Memory Used current: 123MB peak: 127MB)
Post processing for work.sp_conv.rtl
Running optimization stage 1 on sp_conv .......
Finished optimization stage 1 on sp_conv (CPU Time 0h:00m:00s, Memory Used current: 123MB peak: 127MB)
@N: CD630 :"C:\work\S127M\PCBNo_10081\SP0557_rev02_00_AI\RTL\SP0557\slv_clk_gen.vhd":19:7:19:17|Synthesizing work.slv_clk_gen.rtl.
Post processing for work.slv_clk_gen.rtl
Running optimization stage 1 on slv_clk_gen .......
Finished optimization stage 1 on slv_clk_gen (CPU Time 0h:00m:00s, Memory Used current: 123MB peak: 127MB)
@N: CD630 :"C:\work\S127M\PCBNo_10081\SP0557_rev02_00_AI\RTL\SP0557\slv_com\slv_com_top.vhd":30:7:30:17|Synthesizing work.slv_com_top.rtl.
@N: CD604 :"C:\work\S127M\PCBNo_10081\SP0557_rev02_00_AI\RTL\SP0557\slv_com\slv_com_top.vhd":315:4:315:17|OTHERS clause is not synthesized.
@N: CD630 :"C:\work\S127M\PCBNo_10081\SP0557_rev02_00_AI\RTL\SP0557\slv_com\cds.vhd":25:7:25:9|Synthesizing work.cds.rtl.
Post processing for work.cds.rtl
Running optimization stage 1 on cds .......
Finished optimization stage 1 on cds (CPU Time 0h:00m:00s, Memory Used current: 123MB peak: 127MB)
@N: CD630 :"C:\work\S127M\PCBNo_10081\SP0557_rev02_00_AI\RTL\SP0557\slv_com\rx_com.vhd":24:7:24:12|Synthesizing work.rx_com.rtl.
@N: CD630 :"C:\work\S127M\PCBNo_10081\SP0557_rev02_00_AI\RTL\SP0557\slv_com\rx_com\rx_cont_b2.vhd":20:7:20:16|Synthesizing work.rx_cont_b2.rtl.
@N: CD630 :"C:\work\S127M\PCBNo_10081\SP0557_rev02_00_AI\RTL\SP0557\slv_com\rx_com\rx_ctl_3rd.vhd":19:7:19:16|Synthesizing work.rx_ctl_3rd.rtl.
Post processing for work.rx_ctl_3rd.rtl
Running optimization stage 1 on rx_ctl_3rd .......
Finished optimization stage 1 on rx_ctl_3rd (CPU Time 0h:00m:00s, Memory Used current: 124MB peak: 127MB)
@N: CD630 :"C:\work\S127M\PCBNo_10081\SP0557_rev02_00_AI\RTL\SP0557\slv_com\rx_com\crc_check.vhd":19:7:19:15|Synthesizing work.crc_check.rtl.
Post processing for work.crc_check.rtl
Running optimization stage 1 on crc_check .......
Finished optimization stage 1 on crc_check (CPU Time 0h:00m:00s, Memory Used current: 124MB peak: 127MB)
@N: CD630 :"C:\work\S127M\PCBNo_10081\SP0557_rev02_00_AI\RTL\IPcore\dcfifo_rx_b2\dcfifo_rx_b2.vhd":12:7:12:18|Synthesizing work.dcfifo_rx_b2.structure.
@N: CD630 :"C:\lscc\diamond\3.13\cae_library\synthesis\vhdl\ecp5u.vhd":768:10:768:17|Synthesizing work.rom16x1a.syn_black_box.
Post processing for work.rom16x1a.syn_black_box
@N: CD630 :"C:\lscc\diamond\3.13\cae_library\synthesis\vhdl\ecp5u.vhd":1128:10:1128:15|Synthesizing work.dp16kd.syn_black_box.
Post processing for work.dp16kd.syn_black_box
@N: CD630 :"C:\lscc\diamond\3.13\cae_library\synthesis\vhdl\ecp5u.vhd":118:10:118:16|Synthesizing work.fd1p3bx.syn_black_box.
Post processing for work.fd1p3bx.syn_black_box
@N: CD630 :"C:\lscc\diamond\3.13\cae_library\synthesis\vhdl\ecp5u.vhd":130:10:130:16|Synthesizing work.fd1p3dx.syn_black_box.
Post processing for work.fd1p3dx.syn_black_box
@N: CD630 :"C:\lscc\diamond\3.13\cae_library\synthesis\vhdl\ecp5u.vhd":197:10:197:16|Synthesizing work.fd1s3dx.syn_black_box.
Post processing for work.fd1s3dx.syn_black_box
@N: CD630 :"C:\lscc\diamond\3.13\cae_library\synthesis\vhdl\ecp5u.vhd":186:10:186:16|Synthesizing work.fd1s3bx.syn_black_box.
Post processing for work.fd1s3bx.syn_black_box
@N: CD630 :"C:\lscc\diamond\3.13\cae_library\synthesis\vhdl\ecp5u.vhd":34:10:34:14|Synthesizing work.ccu2c.syn_black_box.
Post processing for work.ccu2c.syn_black_box
@N: CD630 :"C:\lscc\diamond\3.13\cae_library\synthesis\vhdl\ecp5u.vhd":830:10:830:12|Synthesizing work.vlo.syn_black_box.
Post processing for work.vlo.syn_black_box
@N: CD630 :"C:\lscc\diamond\3.13\cae_library\synthesis\vhdl\ecp5u.vhd":823:10:823:12|Synthesizing work.vhi.syn_black_box.
Post processing for work.vhi.syn_black_box
@N: CD630 :"C:\lscc\diamond\3.13\cae_library\synthesis\vhdl\ecp5u.vhd":837:10:837:13|Synthesizing work.xor2.syn_black_box.
Post processing for work.xor2.syn_black_box
@N: CD630 :"C:\lscc\diamond\3.13\cae_library\synthesis\vhdl\ecp5u.vhd":716:10:716:12|Synthesizing work.or2.syn_black_box.
Post processing for work.or2.syn_black_box
@N: CD630 :"C:\lscc\diamond\3.13\cae_library\synthesis\vhdl\ecp5u.vhd":362:10:362:12|Synthesizing work.inv.syn_black_box.
Post processing for work.inv.syn_black_box
@N: CD630 :"C:\lscc\diamond\3.13\cae_library\synthesis\vhdl\ecp5u.vhd":54:10:54:13|Synthesizing work.and2.syn_black_box.
Post processing for work.and2.syn_black_box
Post processing for work.dcfifo_rx_b2.structure
Running optimization stage 1 on dcfifo_rx_b2 .......
@W: CL167 :"C:\work\S127M\PCBNo_10081\SP0557_rev02_00_AI\RTL\IPcore\dcfifo_rx_b2\dcfifo_rx_b2.vhd":815:4:815:16|Input cin of instance full_cmp_ci_a is floating
@W: CL167 :"C:\work\S127M\PCBNo_10081\SP0557_rev02_00_AI\RTL\IPcore\dcfifo_rx_b2\dcfifo_rx_b2.vhd":770:4:770:17|Input cin of instance empty_cmp_ci_a is floating
@W: CL167 :"C:\work\S127M\PCBNo_10081\SP0557_rev02_00_AI\RTL\IPcore\dcfifo_rx_b2\dcfifo_rx_b2.vhd":731:4:731:13|Input cin of instance r_gctr_cia is floating
@W: CL167 :"C:\work\S127M\PCBNo_10081\SP0557_rev02_00_AI\RTL\IPcore\dcfifo_rx_b2\dcfifo_rx_b2.vhd":693:4:693:13|Input cin of instance w_gctr_cia is floating
Finished optimization stage 1 on dcfifo_rx_b2 (CPU Time 0h:00m:00s, Memory Used current: 128MB peak: 128MB)
Post processing for work.rx_cont_b2.rtl
Running optimization stage 1 on rx_cont_b2 .......
Finished optimization stage 1 on rx_cont_b2 (CPU Time 0h:00m:00s, Memory Used current: 128MB peak: 128MB)
@N: CD630 :"C:\work\S127M\PCBNo_10081\SP0557_rev02_00_AI\RTL\SP0557\slv_com\rx_com\rx_cont_b1.vhd":21:7:21:16|Synthesizing work.rx_cont_b1.rtl.
@N: CD630 :"C:\work\S127M\PCBNo_10081\SP0557_rev02_00_AI\RTL\SP0557\slv_com\rx_com\rx_ctl_1st.vhd":20:7:20:16|Synthesizing work.rx_ctl_1st.rtl.
Post processing for work.rx_ctl_1st.rtl
Running optimization stage 1 on rx_ctl_1st .......
Finished optimization stage 1 on rx_ctl_1st (CPU Time 0h:00m:00s, Memory Used current: 128MB peak: 129MB)
@N: CD630 :"C:\work\S127M\PCBNo_10081\SP0557_rev02_00_AI\RTL\IPcore\dcfifo_rx_b1\dcfifo_rx_b1.vhd":12:7:12:18|Synthesizing work.dcfifo_rx_b1.structure.
Post processing for work.dcfifo_rx_b1.structure
Running optimization stage 1 on dcfifo_rx_b1 .......
@W: CL167 :"C:\work\S127M\PCBNo_10081\SP0557_rev02_00_AI\RTL\IPcore\dcfifo_rx_b1\dcfifo_rx_b1.vhd":816:4:816:16|Input cin of instance full_cmp_ci_a is floating
@W: CL167 :"C:\work\S127M\PCBNo_10081\SP0557_rev02_00_AI\RTL\IPcore\dcfifo_rx_b1\dcfifo_rx_b1.vhd":771:4:771:17|Input cin of instance empty_cmp_ci_a is floating
@W: CL167 :"C:\work\S127M\PCBNo_10081\SP0557_rev02_00_AI\RTL\IPcore\dcfifo_rx_b1\dcfifo_rx_b1.vhd":732:4:732:13|Input cin of instance r_gctr_cia is floating
@W: CL167 :"C:\work\S127M\PCBNo_10081\SP0557_rev02_00_AI\RTL\IPcore\dcfifo_rx_b1\dcfifo_rx_b1.vhd":694:4:694:13|Input cin of instance w_gctr_cia is floating
Finished optimization stage 1 on dcfifo_rx_b1 (CPU Time 0h:00m:00s, Memory Used current: 128MB peak: 129MB)
Post processing for work.rx_cont_b1.rtl
Running optimization stage 1 on rx_cont_b1 .......
Finished optimization stage 1 on rx_cont_b1 (CPU Time 0h:00m:00s, Memory Used current: 129MB peak: 129MB)
@N: CD630 :"C:\work\S127M\PCBNo_10081\SP0557_rev02_00_AI\RTL\SP0557\slv_com\rx_com\dec8b10b_wrapper.vhd":5:7:5:22|Synthesizing work.dec8b10b_wrapper.wrapper.
@N: CD630 :"C:\work\S127M\PCBNo_10081\SP0557_rev02_00_AI\RTL\SP0557\slv_com\rx_com\dec8b10b_new.vhd":15:7:15:18|Synthesizing work.dec8b10b_new.rtl.
@N: CD630 :"C:\work\S127M\PCBNo_10081\SP0557_rev02_00_AI\RTL\SP0557\slv_com\rx_com\dec4b_3b.vhd":15:7:15:14|Synthesizing work.dec4b_3b.rtl.
Post processing for work.dec4b_3b.rtl
Running optimization stage 1 on dec4b_3b .......
Finished optimization stage 1 on dec4b_3b (CPU Time 0h:00m:00s, Memory Used current: 129MB peak: 130MB)
@N: CD630 :"C:\work\S127M\PCBNo_10081\SP0557_rev02_00_AI\RTL\SP0557\slv_com\rx_com\dec6b_5b.vhd":15:7:15:14|Synthesizing work.dec6b_5b.rtl.
Post processing for work.dec6b_5b.rtl
Running optimization stage 1 on dec6b_5b .......
Finished optimization stage 1 on dec6b_5b (CPU Time 0h:00m:00s, Memory Used current: 129MB peak: 130MB)
Post processing for work.dec8b10b_new.rtl
Running optimization stage 1 on dec8b10b_new .......
Finished optimization stage 1 on dec8b10b_new (CPU Time 0h:00m:00s, Memory Used current: 129MB peak: 130MB)
Post processing for work.dec8b10b_wrapper.wrapper
Running optimization stage 1 on dec8b10b_wrapper .......
Finished optimization stage 1 on dec8b10b_wrapper (CPU Time 0h:00m:00s, Memory Used current: 129MB peak: 130MB)
Post processing for work.rx_com.rtl
Running optimization stage 1 on rx_com .......
Finished optimization stage 1 on rx_com (CPU Time 0h:00m:00s, Memory Used current: 129MB peak: 130MB)
@N: CD630 :"C:\work\S127M\PCBNo_10081\SP0557_rev02_00_AI\RTL\SP0557\slv_com\tx_com.vhd":25:7:25:12|Synthesizing work.tx_com.rtl.
@N: CD630 :"C:\work\S127M\PCBNo_10081\SP0557_rev02_00_AI\RTL\SP0557\slv_com\tx_com\tx_cont_b2.vhd":20:7:20:16|Synthesizing work.tx_cont_b2.rtl.
@N: CD630 :"C:\work\S127M\PCBNo_10081\SP0557_rev02_00_AI\RTL\SP0557\slv_com\tx_com\tx_ctl_3rd.vhd":20:7:20:16|Synthesizing work.tx_ctl_3rd.rtl.
Post processing for work.tx_ctl_3rd.rtl
Running optimization stage 1 on tx_ctl_3rd .......
Finished optimization stage 1 on tx_ctl_3rd (CPU Time 0h:00m:00s, Memory Used current: 130MB peak: 130MB)
@N: CD630 :"C:\work\S127M\PCBNo_10081\SP0557_rev02_00_AI\RTL\IPcore\dcfifo_tx_b2\dcfifo_tx_b2.vhd":12:7:12:18|Synthesizing work.dcfifo_tx_b2.structure.
Post processing for work.dcfifo_tx_b2.structure
Running optimization stage 1 on dcfifo_tx_b2 .......
@W: CL167 :"C:\work\S127M\PCBNo_10081\SP0557_rev02_00_AI\RTL\IPcore\dcfifo_tx_b2\dcfifo_tx_b2.vhd":816:4:816:16|Input cin of instance full_cmp_ci_a is floating
@W: CL167 :"C:\work\S127M\PCBNo_10081\SP0557_rev02_00_AI\RTL\IPcore\dcfifo_tx_b2\dcfifo_tx_b2.vhd":771:4:771:17|Input cin of instance empty_cmp_ci_a is floating
@W: CL167 :"C:\work\S127M\PCBNo_10081\SP0557_rev02_00_AI\RTL\IPcore\dcfifo_tx_b2\dcfifo_tx_b2.vhd":732:4:732:13|Input cin of instance r_gctr_cia is floating
@W: CL167 :"C:\work\S127M\PCBNo_10081\SP0557_rev02_00_AI\RTL\IPcore\dcfifo_tx_b2\dcfifo_tx_b2.vhd":694:4:694:13|Input cin of instance w_gctr_cia is floating
Finished optimization stage 1 on dcfifo_tx_b2 (CPU Time 0h:00m:00s, Memory Used current: 130MB peak: 131MB)
Post processing for work.tx_cont_b2.rtl
Running optimization stage 1 on tx_cont_b2 .......
Finished optimization stage 1 on tx_cont_b2 (CPU Time 0h:00m:00s, Memory Used current: 130MB peak: 131MB)
@N: CD630 :"C:\work\S127M\PCBNo_10081\SP0557_rev02_00_AI\RTL\SP0557\slv_com\tx_com\tx_cont_b1.vhd":20:7:20:16|Synthesizing work.tx_cont_b1.rtl.
@N: CD630 :"C:\work\S127M\PCBNo_10081\SP0557_rev02_00_AI\RTL\SP0557\slv_com\tx_com\tx_ctl_1st.vhd":20:7:20:16|Synthesizing work.tx_ctl_1st.rtl.
Post processing for work.tx_ctl_1st.rtl
Running optimization stage 1 on tx_ctl_1st .......
Finished optimization stage 1 on tx_ctl_1st (CPU Time 0h:00m:00s, Memory Used current: 131MB peak: 131MB)
@N: CD630 :"C:\work\S127M\PCBNo_10081\SP0557_rev02_00_AI\RTL\SP0557\slv_com\tx_com\crc_gen.vhd":20:7:20:13|Synthesizing work.crc_gen.rtl.
Post processing for work.crc_gen.rtl
Running optimization stage 1 on crc_gen .......
Finished optimization stage 1 on crc_gen (CPU Time 0h:00m:00s, Memory Used current: 131MB peak: 131MB)
@N: CD630 :"C:\work\S127M\PCBNo_10081\SP0557_rev02_00_AI\RTL\IPcore\dcfifo_tx_b1\dcfifo_tx_b1.vhd":12:7:12:18|Synthesizing work.dcfifo_tx_b1.structure.
Post processing for work.dcfifo_tx_b1.structure
Running optimization stage 1 on dcfifo_tx_b1 .......
@W: CL167 :"C:\work\S127M\PCBNo_10081\SP0557_rev02_00_AI\RTL\IPcore\dcfifo_tx_b1\dcfifo_tx_b1.vhd":815:4:815:16|Input cin of instance full_cmp_ci_a is floating
@W: CL167 :"C:\work\S127M\PCBNo_10081\SP0557_rev02_00_AI\RTL\IPcore\dcfifo_tx_b1\dcfifo_tx_b1.vhd":770:4:770:17|Input cin of instance empty_cmp_ci_a is floating
@W: CL167 :"C:\work\S127M\PCBNo_10081\SP0557_rev02_00_AI\RTL\IPcore\dcfifo_tx_b1\dcfifo_tx_b1.vhd":731:4:731:13|Input cin of instance r_gctr_cia is floating
@W: CL167 :"C:\work\S127M\PCBNo_10081\SP0557_rev02_00_AI\RTL\IPcore\dcfifo_tx_b1\dcfifo_tx_b1.vhd":693:4:693:13|Input cin of instance w_gctr_cia is floating
Finished optimization stage 1 on dcfifo_tx_b1 (CPU Time 0h:00m:00s, Memory Used current: 131MB peak: 132MB)
Post processing for work.tx_cont_b1.rtl
Running optimization stage 1 on tx_cont_b1 .......
Finished optimization stage 1 on tx_cont_b1 (CPU Time 0h:00m:00s, Memory Used current: 131MB peak: 132MB)
@N: CD630 :"C:\work\S127M\PCBNo_10081\SP0557_rev02_00_AI\RTL\SP0557\slv_com\tx_com\enc8b10b_wrapper.vhd":5:7:5:22|Synthesizing work.enc8b10b_wrapper.wrapper.
@N: CD630 :"C:\work\S127M\PCBNo_10081\SP0557_rev02_00_AI\RTL\SP0557\slv_com\tx_com\enc8b10b_new.vhd":15:7:15:18|Synthesizing work.enc8b10b_new.rtl.
@N: CD630 :"C:\work\S127M\PCBNo_10081\SP0557_rev02_00_AI\RTL\SP0557\slv_com\tx_com\enc8b_10b.vhd":15:7:15:15|Synthesizing work.enc8b_10b.rtl.
@N: CD630 :"C:\work\S127M\PCBNo_10081\SP0557_rev02_00_AI\RTL\SP0557\slv_com\tx_com\enc3b_4b.vhd":15:7:15:14|Synthesizing work.enc3b_4b.rtl.
@N: CD604 :"C:\work\S127M\PCBNo_10081\SP0557_rev02_00_AI\RTL\SP0557\slv_com\tx_com\enc3b_4b.vhd":99:20:99:33|OTHERS clause is not synthesized.
Post processing for work.enc3b_4b.rtl
Running optimization stage 1 on enc3b_4b .......
Finished optimization stage 1 on enc3b_4b (CPU Time 0h:00m:00s, Memory Used current: 132MB peak: 132MB)
@N: CD630 :"C:\work\S127M\PCBNo_10081\SP0557_rev02_00_AI\RTL\SP0557\slv_com\tx_com\enc5b_6b.vhd":15:7:15:14|Synthesizing work.enc5b_6b.rtl.
@N: CD604 :"C:\work\S127M\PCBNo_10081\SP0557_rev02_00_AI\RTL\SP0557\slv_com\tx_com\enc5b_6b.vhd":226:20:226:33|OTHERS clause is not synthesized.
Post processing for work.enc5b_6b.rtl
Running optimization stage 1 on enc5b_6b .......
Finished optimization stage 1 on enc5b_6b (CPU Time 0h:00m:00s, Memory Used current: 132MB peak: 132MB)
Post processing for work.enc8b_10b.rtl
Running optimization stage 1 on enc8b_10b .......
Finished optimization stage 1 on enc8b_10b (CPU Time 0h:00m:00s, Memory Used current: 132MB peak: 132MB)
Post processing for work.enc8b10b_new.rtl
Running optimization stage 1 on enc8b10b_new .......
Finished optimization stage 1 on enc8b10b_new (CPU Time 0h:00m:00s, Memory Used current: 132MB peak: 132MB)
Post processing for work.enc8b10b_wrapper.wrapper
Running optimization stage 1 on enc8b10b_wrapper .......
Finished optimization stage 1 on enc8b10b_wrapper (CPU Time 0h:00m:00s, Memory Used current: 132MB peak: 132MB)
Post processing for work.tx_com.rtl
Running optimization stage 1 on tx_com .......
Finished optimization stage 1 on tx_com (CPU Time 0h:00m:00s, Memory Used current: 132MB peak: 132MB)
@N: CD630 :"C:\work\S127M\PCBNo_10081\SP0557_rev02_00_AI\RTL\SP0557\slv_com\CLK_gen_S124M.vhd":17:7:17:19|Synthesizing work.clk_gen_s124m.rtl.
@N: CD630 :"C:\work\S127M\PCBNo_10081\SP0557_rev02_00_AI\RTL\IPcore\pll_gen\pll_gen.vhd":12:7:12:13|Synthesizing work.pll_gen.structure.
@N: CD630 :"C:\lscc\diamond\3.13\cae_library\synthesis\vhdl\ecp5u.vhd":2081:10:2081:16|Synthesizing work.ehxplll.syn_black_box.
Post processing for work.ehxplll.syn_black_box
Post processing for work.pll_gen.structure
Running optimization stage 1 on pll_gen .......
@W: CL168 :"C:\work\S127M\PCBNo_10081\SP0557_rev02_00_AI\RTL\IPcore\pll_gen\pll_gen.vhd":54:4:54:17|Removing instance scuba_vhi_inst because it does not drive other instances. To preserve this instance, use the syn_noprune synthesis directive.
Finished optimization stage 1 on pll_gen (CPU Time 0h:00m:00s, Memory Used current: 132MB peak: 132MB)
Post processing for work.clk_gen_s124m.rtl
Running optimization stage 1 on CLK_gen_S124M .......
Finished optimization stage 1 on CLK_gen_S124M (CPU Time 0h:00m:00s, Memory Used current: 132MB peak: 132MB)
@N: CD630 :"C:\work\S127M\PCBNo_10081\SP0557_rev02_00_AI\RTL\SP0557\slv_com\slvadr_cnv.vhd":19:7:19:16|Synthesizing work.slvadr_cnv.rtl.
Post processing for work.slvadr_cnv.rtl
Running optimization stage 1 on slvadr_cnv .......
Finished optimization stage 1 on slvadr_cnv (CPU Time 0h:00m:00s, Memory Used current: 132MB peak: 133MB)
@N: CD630 :"C:\work\S127M\PCBNo_10081\SP0557_rev02_00_AI\RTL\SP0557\slv_com\slv_ctrl_top.vhd":20:7:20:18|Synthesizing work.slv_ctrl_top.rtl.
@N: CD630 :"C:\work\S127M\PCBNo_10081\SP0557_rev02_00_AI\RTL\SP0557\slv_com\slv_ctrl\nd_sel.vhd":20:7:20:12|Synthesizing work.nd_sel.rtl.
Post processing for work.nd_sel.rtl
Running optimization stage 1 on nd_sel .......
Finished optimization stage 1 on nd_sel (CPU Time 0h:00m:00s, Memory Used current: 133MB peak: 133MB)
@N: CD630 :"C:\work\S127M\PCBNo_10081\SP0557_rev02_00_AI\RTL\SP0557\slv_com\slv_ctrl\adr_sel.vhd":20:7:20:13|Synthesizing work.adr_sel.rtl.
Post processing for work.adr_sel.rtl
Running optimization stage 1 on adr_sel .......
Finished optimization stage 1 on adr_sel (CPU Time 0h:00m:00s, Memory Used current: 133MB peak: 133MB)
@N: CD630 :"C:\work\S127M\PCBNo_10081\SP0557_rev02_00_AI\RTL\SP0557\slv_com\slv_ctrl\node_sel.vhd":20:7:20:14|Synthesizing work.node_sel.rtl.
Post processing for work.node_sel.rtl
Running optimization stage 1 on node_sel .......
Finished optimization stage 1 on node_sel (CPU Time 0h:00m:00s, Memory Used current: 133MB peak: 133MB)
@N: CD630 :"C:\work\S127M\PCBNo_10081\SP0557_rev02_00_AI\RTL\SP0557\slv_com\slv_ctrl\slv_rx_ctrl.vhd":26:7:26:17|Synthesizing work.slv_rx_ctrl.rtl.
@N: CD604 :"C:\work\S127M\PCBNo_10081\SP0557_rev02_00_AI\RTL\SP0557\slv_com\slv_ctrl\slv_rx_ctrl.vhd":432:3:432:16|OTHERS clause is not synthesized.
Post processing for work.slv_rx_ctrl.rtl
Running optimization stage 1 on slv_rx_ctrl .......
@A: CL282 :"C:\work\S127M\PCBNo_10081\SP0557_rev02_00_AI\RTL\SP0557\slv_com\slv_ctrl\slv_rx_ctrl.vhd":108:2:108:3|Feedback mux created for signal LD[7:0]. It is possible a set/reset assignment for this is signal missing. To improve timing and area, specify a set/reset value.
@A: CL282 :"C:\work\S127M\PCBNo_10081\SP0557_rev02_00_AI\RTL\SP0557\slv_com\slv_ctrl\slv_rx_ctrl.vhd":108:2:108:3|Feedback mux created for signal prpty_data[7:0]. It is possible a set/reset assignment for this is signal missing. To improve timing and area, specify a set/reset value.
Finished optimization stage 1 on slv_rx_ctrl (CPU Time 0h:00m:00s, Memory Used current: 134MB peak: 135MB)
@N: CD630 :"C:\work\S127M\PCBNo_10081\SP0557_rev02_00_AI\RTL\SP0557\slv_com\slv_ctrl\slv_tx_ctrl.vhd":25:7:25:17|Synthesizing work.slv_tx_ctrl.rtl.
Post processing for work.slv_tx_ctrl.rtl
Running optimization stage 1 on slv_tx_ctrl .......
Finished optimization stage 1 on slv_tx_ctrl (CPU Time 0h:00m:00s, Memory Used current: 134MB peak: 135MB)
Post processing for work.slv_ctrl_top.rtl
Running optimization stage 1 on slv_ctrl_top .......
@W: CL190 :"C:\work\S127M\PCBNo_10081\SP0557_rev02_00_AI\RTL\SP0557\slv_com\slv_ctrl_top.vhd":189:2:189:3|Optimizing register bit s_prpty(1) to a constant 0. To keep the instance, apply constraint syn_preserve=1 on the instance.
@W: CL190 :"C:\work\S127M\PCBNo_10081\SP0557_rev02_00_AI\RTL\SP0557\slv_com\slv_ctrl_top.vhd":189:2:189:3|Optimizing register bit s_prpty(2) to a constant 0. To keep the instance, apply constraint syn_preserve=1 on the instance.
@W: CL190 :"C:\work\S127M\PCBNo_10081\SP0557_rev02_00_AI\RTL\SP0557\slv_com\slv_ctrl_top.vhd":189:2:189:3|Optimizing register bit s_prpty(4) to a constant 0. To keep the instance, apply constraint syn_preserve=1 on the instance.
@W: CL190 :"C:\work\S127M\PCBNo_10081\SP0557_rev02_00_AI\RTL\SP0557\slv_com\slv_ctrl_top.vhd":189:2:189:3|Optimizing register bit s_prpty(5) to a constant 0. To keep the instance, apply constraint syn_preserve=1 on the instance.
@W: CL190 :"C:\work\S127M\PCBNo_10081\SP0557_rev02_00_AI\RTL\SP0557\slv_com\slv_ctrl_top.vhd":189:2:189:3|Optimizing register bit s_prpty(6) to a constant 0. To keep the instance, apply constraint syn_preserve=1 on the instance.
@W: CL190 :"C:\work\S127M\PCBNo_10081\SP0557_rev02_00_AI\RTL\SP0557\slv_com\slv_ctrl_top.vhd":189:2:189:3|Optimizing register bit s_prpty(7) to a constant 0. To keep the instance, apply constraint syn_preserve=1 on the instance.
@W: CL279 :"C:\work\S127M\PCBNo_10081\SP0557_rev02_00_AI\RTL\SP0557\slv_com\slv_ctrl_top.vhd":189:2:189:3|Pruning register bits 7 to 4 of s_prpty(7 downto 0). If this is not the intended behavior, drive the inputs with valid values, or inputs from the top level.
@W: CL279 :"C:\work\S127M\PCBNo_10081\SP0557_rev02_00_AI\RTL\SP0557\slv_com\slv_ctrl_top.vhd":189:2:189:3|Pruning register bits 2 to 1 of s_prpty(7 downto 0). If this is not the intended behavior, drive the inputs with valid values, or inputs from the top level.
Finished optimization stage 1 on slv_ctrl_top (CPU Time 0h:00m:00s, Memory Used current: 134MB peak: 135MB)
@N: CD630 :"C:\work\S127M\PCBNo_10081\SP0557_rev02_00_AI\RTL\SP0557\slv_com\rst_cnt.vhd":20:7:20:13|Synthesizing work.rst_cnt.rtl.
Post processing for work.rst_cnt.rtl
Running optimization stage 1 on rst_cnt .......
Finished optimization stage 1 on rst_cnt (CPU Time 0h:00m:00s, Memory Used current: 134MB peak: 135MB)
Post processing for work.slv_com_top.rtl
Running optimization stage 1 on slv_com_top .......
Finished optimization stage 1 on slv_com_top (CPU Time 0h:00m:00s, Memory Used current: 134MB peak: 135MB)
Post processing for work.sp0557.rtl
Running optimization stage 1 on SP0557 .......
@W: CL240 :"C:\work\S127M\PCBNo_10081\SP0557_rev02_00_AI\RTL\SP0557.vhd":52:2:52:11|Signal LEDSH_MOSI is floating; a simulation mismatch is possible.
@W: CL240 :"C:\work\S127M\PCBNo_10081\SP0557_rev02_00_AI\RTL\SP0557.vhd":51:2:51:10|Signal LEDSH_nCS is floating; a simulation mismatch is possible.
@W: CL240 :"C:\work\S127M\PCBNo_10081\SP0557_rev02_00_AI\RTL\SP0557.vhd":50:2:50:10|Signal LEDSH_SCK is floating; a simulation mismatch is possible.
@W: CL240 :"C:\work\S127M\PCBNo_10081\SP0557_rev02_00_AI\RTL\SP0557.vhd":49:2:49:13|Signal LEDSH_RESETb is floating; a simulation mismatch is possible.
Finished optimization stage 1 on SP0557 (CPU Time 0h:00m:00s, Memory Used current: 134MB peak: 135MB)
Running optimization stage 2 on rst_cnt .......
Finished optimization stage 2 on rst_cnt (CPU Time 0h:00m:00s, Memory Used current: 134MB peak: 135MB)
Running optimization stage 2 on slv_tx_ctrl .......
@N: CL201 :"C:\work\S127M\PCBNo_10081\SP0557_rev02_00_AI\RTL\SP0557\slv_com\slv_ctrl\slv_tx_ctrl.vhd":78:8:78:9|Trying to extract state machine for register STATE.
Extracted state machine for register STATE
State machine has 10 reachable states with original encodings of:
   0000000001
   0000000010
   0000000100
   0000001000
   0000010000
   0000100000
   0001000000
   0010000000
   0100000000
   1000000000
Finished optimization stage 2 on slv_tx_ctrl (CPU Time 0h:00m:00s, Memory Used current: 135MB peak: 135MB)
Running optimization stage 2 on slv_rx_ctrl .......
@W: CL190 :"C:\work\S127M\PCBNo_10081\SP0557_rev02_00_AI\RTL\SP0557\slv_com\slv_ctrl\slv_rx_ctrl.vhd":108:2:108:3|Optimizing register bit byte_cnt(2) to a constant 0. To keep the instance, apply constraint syn_preserve=1 on the instance.
@W: CL260 :"C:\work\S127M\PCBNo_10081\SP0557_rev02_00_AI\RTL\SP0557\slv_com\slv_ctrl\slv_rx_ctrl.vhd":108:2:108:3|Pruning register bit 2 of byte_cnt(2 downto 0). If this is not the intended behavior, drive the input with valid values, or an input from the top level.
@N: CL201 :"C:\work\S127M\PCBNo_10081\SP0557_rev02_00_AI\RTL\SP0557\slv_com\slv_ctrl\slv_rx_ctrl.vhd":108:2:108:3|Trying to extract state machine for register STATE.
Extracted state machine for register STATE
State machine has 15 reachable states with original encodings of:
   00000000000001
   00000000000010
   00000000000011
   00000000000100
   00000000000110
   00000000001000
   00000000001100
   00000000010000
   00000000011000
   00000000100000
   00000000110000
   00000001000000
   00000001100000
   00000010000000
   00000011000000
Finished optimization stage 2 on slv_rx_ctrl (CPU Time 0h:00m:00s, Memory Used current: 137MB peak: 138MB)
Running optimization stage 2 on node_sel .......
Finished optimization stage 2 on node_sel (CPU Time 0h:00m:00s, Memory Used current: 137MB peak: 138MB)
Running optimization stage 2 on adr_sel .......
Finished optimization stage 2 on adr_sel (CPU Time 0h:00m:00s, Memory Used current: 137MB peak: 138MB)
Running optimization stage 2 on nd_sel .......
Finished optimization stage 2 on nd_sel (CPU Time 0h:00m:00s, Memory Used current: 135MB peak: 138MB)
Running optimization stage 2 on slv_ctrl_top .......
Finished optimization stage 2 on slv_ctrl_top (CPU Time 0h:00m:00s, Memory Used current: 135MB peak: 138MB)
Running optimization stage 2 on slvadr_cnv .......
@W: CL279 :"C:\work\S127M\PCBNo_10081\SP0557_rev02_00_AI\RTL\SP0557\slv_com\slvadr_cnv.vhd":50:4:50:5|Pruning register bits 7 to 6 of s_HEX_OUT(7 downto 0). If this is not the intended behavior, drive the inputs with valid values, or inputs from the top level.
Finished optimization stage 2 on slvadr_cnv (CPU Time 0h:00m:00s, Memory Used current: 135MB peak: 138MB)
Running optimization stage 2 on pll_gen .......
Finished optimization stage 2 on pll_gen (CPU Time 0h:00m:00s, Memory Used current: 135MB peak: 138MB)
Running optimization stage 2 on CLK_gen_S124M .......
Finished optimization stage 2 on CLK_gen_S124M (CPU Time 0h:00m:00s, Memory Used current: 135MB peak: 138MB)
Running optimization stage 2 on enc5b_6b .......
Finished optimization stage 2 on enc5b_6b (CPU Time 0h:00m:00s, Memory Used current: 135MB peak: 138MB)
Running optimization stage 2 on enc3b_4b .......
Finished optimization stage 2 on enc3b_4b (CPU Time 0h:00m:00s, Memory Used current: 135MB peak: 138MB)
Running optimization stage 2 on enc8b_10b .......
Finished optimization stage 2 on enc8b_10b (CPU Time 0h:00m:00s, Memory Used current: 135MB peak: 138MB)
Running optimization stage 2 on enc8b10b_new .......
Finished optimization stage 2 on enc8b10b_new (CPU Time 0h:00m:00s, Memory Used current: 135MB peak: 138MB)
Running optimization stage 2 on enc8b10b_wrapper .......
Finished optimization stage 2 on enc8b10b_wrapper (CPU Time 0h:00m:00s, Memory Used current: 135MB peak: 138MB)
Running optimization stage 2 on dcfifo_tx_b1 .......
Finished optimization stage 2 on dcfifo_tx_b1 (CPU Time 0h:00m:00s, Memory Used current: 135MB peak: 138MB)
Running optimization stage 2 on crc_gen .......
Finished optimization stage 2 on crc_gen (CPU Time 0h:00m:00s, Memory Used current: 135MB peak: 138MB)
Running optimization stage 2 on tx_ctl_1st .......
Finished optimization stage 2 on tx_ctl_1st (CPU Time 0h:00m:00s, Memory Used current: 135MB peak: 138MB)
Running optimization stage 2 on tx_cont_b1 .......
Finished optimization stage 2 on tx_cont_b1 (CPU Time 0h:00m:00s, Memory Used current: 135MB peak: 138MB)
Running optimization stage 2 on dcfifo_tx_b2 .......
Finished optimization stage 2 on dcfifo_tx_b2 (CPU Time 0h:00m:00s, Memory Used current: 135MB peak: 138MB)
Running optimization stage 2 on tx_ctl_3rd .......
Finished optimization stage 2 on tx_ctl_3rd (CPU Time 0h:00m:00s, Memory Used current: 135MB peak: 138MB)
Running optimization stage 2 on tx_cont_b2 .......
Finished optimization stage 2 on tx_cont_b2 (CPU Time 0h:00m:00s, Memory Used current: 135MB peak: 138MB)
Running optimization stage 2 on tx_com .......
Finished optimization stage 2 on tx_com (CPU Time 0h:00m:00s, Memory Used current: 135MB peak: 138MB)
Running optimization stage 2 on dec6b_5b .......
Finished optimization stage 2 on dec6b_5b (CPU Time 0h:00m:00s, Memory Used current: 135MB peak: 138MB)
Running optimization stage 2 on dec4b_3b .......
@W: CL246 :"C:\work\S127M\PCBNo_10081\SP0557_rev02_00_AI\RTL\SP0557\slv_com\rx_com\dec4b_3b.vhd":22:8:22:13|Input port bits 1 to 0 of datain(9 downto 0) are unused. Assign logic for all port bits or change the input port size.
Finished optimization stage 2 on dec4b_3b (CPU Time 0h:00m:00s, Memory Used current: 135MB peak: 138MB)
Running optimization stage 2 on dec8b10b_new .......
Finished optimization stage 2 on dec8b10b_new (CPU Time 0h:00m:00s, Memory Used current: 135MB peak: 138MB)
Running optimization stage 2 on dec8b10b_wrapper .......
Finished optimization stage 2 on dec8b10b_wrapper (CPU Time 0h:00m:00s, Memory Used current: 135MB peak: 138MB)
Running optimization stage 2 on dcfifo_rx_b1 .......
Finished optimization stage 2 on dcfifo_rx_b1 (CPU Time 0h:00m:00s, Memory Used current: 135MB peak: 138MB)
Running optimization stage 2 on rx_ctl_1st .......
@W: CL177 :"C:\work\S127M\PCBNo_10081\SP0557_rev02_00_AI\RTL\SP0557\slv_com\rx_com\rx_ctl_1st.vhd":49:2:49:3|Sharing sequential element sp_dt and merging sp_dt_1q. Add a syn_preserve attribute to the element to prevent sharing.
@W: CL279 :"C:\work\S127M\PCBNo_10081\SP0557_rev02_00_AI\RTL\SP0557\slv_com\rx_com\rx_ctl_1st.vhd":49:2:49:3|Pruning register bits 8 to 0 of sp_dt(9 downto 0). If this is not the intended behavior, drive the inputs with valid values, or inputs from the top level.
@N: CL201 :"C:\work\S127M\PCBNo_10081\SP0557_rev02_00_AI\RTL\SP0557\slv_com\rx_com\rx_ctl_1st.vhd":126:2:126:3|Trying to extract state machine for register state_count.
Extracted state machine for register state_count
State machine has 6 reachable states with original encodings of:
   000
   001
   010
   011
   100
   101
@W: CL279 :"C:\work\S127M\PCBNo_10081\SP0557_rev02_00_AI\RTL\SP0557\slv_com\rx_com\rx_ctl_1st.vhd":76:2:76:3|Pruning register bits 9 to 1 of sp_dt_2q(9 downto 0). If this is not the intended behavior, drive the inputs with valid values, or inputs from the top level.
Finished optimization stage 2 on rx_ctl_1st (CPU Time 0h:00m:00s, Memory Used current: 135MB peak: 138MB)
Running optimization stage 2 on rx_cont_b1 .......
Finished optimization stage 2 on rx_cont_b1 (CPU Time 0h:00m:00s, Memory Used current: 135MB peak: 138MB)
Running optimization stage 2 on dcfifo_rx_b2 .......
Finished optimization stage 2 on dcfifo_rx_b2 (CPU Time 0h:00m:00s, Memory Used current: 135MB peak: 138MB)
Running optimization stage 2 on crc_check .......
Finished optimization stage 2 on crc_check (CPU Time 0h:00m:00s, Memory Used current: 135MB peak: 138MB)
Running optimization stage 2 on rx_ctl_3rd .......
@N: CL159 :"C:\work\S127M\PCBNo_10081\SP0557_rev02_00_AI\RTL\SP0557\slv_com\rx_com\rx_ctl_3rd.vhd":25:2:25:9|Input RX_EMPTY is unused.
Finished optimization stage 2 on rx_ctl_3rd (CPU Time 0h:00m:00s, Memory Used current: 135MB peak: 138MB)
Running optimization stage 2 on rx_cont_b2 .......
Finished optimization stage 2 on rx_cont_b2 (CPU Time 0h:00m:00s, Memory Used current: 135MB peak: 138MB)
Running optimization stage 2 on rx_com .......
@N: CL159 :"C:\work\S127M\PCBNo_10081\SP0557_rev02_00_AI\RTL\SP0557\slv_com\rx_com.vhd":28:8:28:12|Input CLK2A is unused.
Finished optimization stage 2 on rx_com (CPU Time 0h:00m:00s, Memory Used current: 135MB peak: 138MB)
Running optimization stage 2 on cds .......
Finished optimization stage 2 on cds (CPU Time 0h:00m:00s, Memory Used current: 135MB peak: 138MB)
Running optimization stage 2 on slv_com_top .......
@N: CL201 :"C:\work\S127M\PCBNo_10081\SP0557_rev02_00_AI\RTL\SP0557\slv_com\slv_com_top.vhd":286:2:286:3|Trying to extract state machine for register ck_state.
Extracted state machine for register ck_state
State machine has 4 reachable states with original encodings of:
   00
   01
   10
   11
@N: CL159 :"C:\work\S127M\PCBNo_10081\SP0557_rev02_00_AI\RTL\SP0557\slv_com\slv_com_top.vhd":41:2:41:9|Input LVCLK_Ip is unused.
Finished optimization stage 2 on slv_com_top (CPU Time 0h:00m:00s, Memory Used current: 135MB peak: 138MB)
Running optimization stage 2 on slv_clk_gen .......
Finished optimization stage 2 on slv_clk_gen (CPU Time 0h:00m:00s, Memory Used current: 135MB peak: 138MB)
Running optimization stage 2 on SPI_master2 .......
@N: CL201 :"C:\work\S127M\PCBNo_10081\SP0557_rev02_00_AI\RTL\SP0557\sp_conv\SPI_master2.vhd":289:2:289:3|Trying to extract state machine for register s_sta.
Extracted state machine for register s_sta
State machine has 5 reachable states with original encodings of:
   00001
   00010
   00100
   01000
   10000
Finished optimization stage 2 on SPI_master2 (CPU Time 0h:00m:00s, Memory Used current: 135MB peak: 156MB)
Running optimization stage 2 on SIO_ctrl2 .......
@N: CL201 :"C:\work\S127M\PCBNo_10081\SP0557_rev02_00_AI\RTL\SP0557\sp_conv\SIO_ctrl2.vhd":156:2:156:3|Trying to extract state machine for register s_state.
Extracted state machine for register s_state
State machine has 4 reachable states with original encodings of:
   00
   01
   10
   11
Finished optimization stage 2 on SIO_ctrl2 (CPU Time 0h:00m:00s, Memory Used current: 135MB peak: 156MB)
Running optimization stage 2 on sp_conv .......
Finished optimization stage 2 on sp_conv (CPU Time 0h:00m:00s, Memory Used current: 135MB peak: 156MB)
Running optimization stage 2 on EFUSE_CTRL .......
Finished optimization stage 2 on EFUSE_CTRL (CPU Time 0h:00m:00s, Memory Used current: 135MB peak: 156MB)
Running optimization stage 2 on i2c_master_byte_ctrl .......
@N: CL201 :"C:\work\S127M\PCBNo_10081\SP0557_rev02_00_AI\RTL\SP0557\DAC43608\i2c_master_byte_ctrl.vhd":177:1:177:2|Trying to extract state machine for register c_state.
Extracted state machine for register c_state
State machine has 6 reachable states with original encodings of:
   00000
   00001
   00010
   00100
   01000
   10000
@N: CL159 :"C:\work\S127M\PCBNo_10081\SP0557_rev02_00_AI\RTL\SP0557\DAC43608\i2c_master_byte_ctrl.vhd":85:8:85:14|Input clk_cnt is unused.
Finished optimization stage 2 on i2c_master_byte_ctrl (CPU Time 0h:00m:00s, Memory Used current: 135MB peak: 156MB)
Running optimization stage 2 on i2c_master_bit_ctrl .......
@N: CL201 :"C:\work\S127M\PCBNo_10081\SP0557_rev02_00_AI\RTL\SP0557\DAC43608\i2c_master_bit_ctrl.vhd":357:1:357:2|Trying to extract state machine for register c_state.
Extracted state machine for register c_state
State machine has 18 reachable states with original encodings of:
   00000000000000000
   00000000000000001
   00000000000000010
   00000000000000100
   00000000000001000
   00000000000010000
   00000000000100000
   00000000001000000
   00000000010000000
   00000000100000000
   00000001000000000
   00000010000000000
   00000100000000000
   00001000000000000
   00010000000000000
   00100000000000000
   01000000000000000
   10000000000000000
Finished optimization stage 2 on i2c_master_bit_ctrl (CPU Time 0h:00m:00s, Memory Used current: 135MB peak: 156MB)
Running optimization stage 2 on i2c_master_registers .......
Finished optimization stage 2 on i2c_master_registers (CPU Time 0h:00m:00s, Memory Used current: 135MB peak: 156MB)
Running optimization stage 2 on i2c_master_wb_top .......
Finished optimization stage 2 on i2c_master_wb_top (CPU Time 0h:00m:00s, Memory Used current: 135MB peak: 156MB)
Running optimization stage 2 on DAC_CTRL_1CH .......
@N: CL201 :"C:\work\S127M\PCBNo_10081\SP0557_rev02_00_AI\RTL\SP0557\DAC43608\DAC_CTRL_1CH.vhd":103:2:103:3|Trying to extract state machine for register st.
Extracted state machine for register st
State machine has 81 reachable states with original encodings of:
   0000000
   0000010
   0000011
   0000100
   0000101
   0000110
   0000111
   0001000
   0001001
   0001010
   0001011
   0001100
   0001101
   0010000
   0010001
   0010010
   0010011
   0010100
   0010101
   0010110
   0010111
   0011010
   0011011
   0011100
   0011101
   0011110
   0011111
   0100000
   0100001
   0100010
   0100011
   0100100
   0100101
   0100110
   0101001
   0101010
   0101011
   0101100
   0101110
   0110000
   0110001
   0110010
   0110011
   0110100
   0110110
   0110111
   0111010
   0111011
   0111100
   0111101
   0111110
   0111111
   1100000
   1100001
   1100010
   1100100
   1100101
   1100110
   1100111
   1101000
   1101001
   1101010
   1101011
   1101100
   1101101
   1101110
   1110001
   1110010
   1110011
   1110100
   1110101
   1110110
   1110111
   1111000
   1111001
   1111010
   1111011
   1111100
   1111101
   1111110
   1111111
@W: CL246 :"C:\work\S127M\PCBNo_10081\SP0557_rev02_00_AI\RTL\SP0557\DAC43608\DAC_CTRL_1CH.vhd":37:2:37:9|Input port bits 5 to 2 of wb_dat_o(7 downto 0) are unused. Assign logic for all port bits or change the input port size.
@W: CL247 :"C:\work\S127M\PCBNo_10081\SP0557_rev02_00_AI\RTL\SP0557\DAC43608\DAC_CTRL_1CH.vhd":37:2:37:9|Input port bit 0 of wb_dat_o(7 downto 0) is unused 
@N: CL159 :"C:\work\S127M\PCBNo_10081\SP0557_rev02_00_AI\RTL\SP0557\DAC43608\DAC_CTRL_1CH.vhd":42:2:42:10|Input WB_INTA_O is unused.
Finished optimization stage 2 on DAC_CTRL_1CH (CPU Time 0h:00m:00s, Memory Used current: 135MB peak: 156MB)
Running optimization stage 2 on CTRL_32CH .......
@N: CL201 :"C:\work\S127M\PCBNo_10081\SP0557_rev02_00_AI\RTL\SP0557\DAC43608\CTRL_32CH.vhd":547:2:547:3|Trying to extract state machine for register s_state.
Extracted state machine for register s_state
State machine has 3 reachable states with original encodings of:
   00
   01
   10
Finished optimization stage 2 on CTRL_32CH (CPU Time 0h:00m:00s, Memory Used current: 137MB peak: 156MB)
Running optimization stage 2 on DAC43608_top .......
Finished optimization stage 2 on DAC43608_top (CPU Time 0h:00m:00s, Memory Used current: 137MB peak: 156MB)
Running optimization stage 2 on adclk_gen .......
Finished optimization stage 2 on adclk_gen (CPU Time 0h:00m:00s, Memory Used current: 137MB peak: 156MB)
Running optimization stage 2 on adif_seq .......
@N: CL201 :"C:\work\S127M\PCBNo_10081\SP0557_rev02_00_AI\RTL\SP0557\ad_ctrl\adif_seq.vhd":64:2:64:3|Trying to extract state machine for register st.
Extracted state machine for register st
State machine has 20 reachable states with original encodings of:
   00000
   00001
   00010
   00011
   00100
   00101
   00110
   00111
   01000
   01001
   01010
   01011
   01100
   01101
   01110
   01111
   10000
   10001
   10010
   10011
Finished optimization stage 2 on adif_seq (CPU Time 0h:00m:00s, Memory Used current: 137MB peak: 156MB)
Running optimization stage 2 on shiftreg12bit .......
Finished optimization stage 2 on shiftreg12bit (CPU Time 0h:00m:00s, Memory Used current: 137MB peak: 156MB)
Running optimization stage 2 on adc_reg .......
Finished optimization stage 2 on adc_reg (CPU Time 0h:00m:00s, Memory Used current: 137MB peak: 156MB)
Running optimization stage 2 on ad_ctrl .......
Finished optimization stage 2 on ad_ctrl (CPU Time 0h:00m:00s, Memory Used current: 137MB peak: 156MB)
Running optimization stage 2 on TLC5916_CTRL .......
@N: CL201 :"C:\work\S127M\PCBNo_10081\SP0557_rev02_00_AI\RTL\SP0557\LEDLT\TLC5916_CTRL.vhd":68:2:68:3|Trying to extract state machine for register s_state.
Extracted state machine for register s_state
State machine has 3 reachable states with original encodings of:
   00
   01
   10
Finished optimization stage 2 on TLC5916_CTRL (CPU Time 0h:00m:00s, Memory Used current: 137MB peak: 156MB)
Running optimization stage 2 on ad8402 .......
@N: CL201 :"C:\work\S127M\PCBNo_10081\SP0557_rev02_00_AI\RTL\SP0557\LEDLT\AD8402_CTRL\ad8402.vhd":78:2:78:3|Trying to extract state machine for register st.
Extracted state machine for register st
State machine has 6 reachable states with original encodings of:
   0000
   0001
   0010
   0011
   0100
   1001
Finished optimization stage 2 on ad8402 (CPU Time 0h:00m:00s, Memory Used current: 137MB peak: 156MB)
Running optimization stage 2 on AD8402_CTRL .......
@N: CL201 :"C:\work\S127M\PCBNo_10081\SP0557_rev02_00_AI\RTL\SP0557\LEDLT\AD8402_CTRL\AD8402_CTRL.vhd":172:2:172:3|Trying to extract state machine for register s_sta.
Extracted state machine for register s_sta
State machine has 4 reachable states with original encodings of:
   00
   01
   10
   11
Finished optimization stage 2 on AD8402_CTRL (CPU Time 0h:00m:00s, Memory Used current: 137MB peak: 156MB)
Running optimization stage 2 on LEDLT_TOP .......
@W: CL279 :"C:\work\S127M\PCBNo_10081\SP0557_rev02_00_AI\RTL\SP0557\LEDLT\LEDLT_TOP.vhd":100:2:100:3|Pruning register bits 12 to 11 of s_LEDPTN(12 downto 8). If this is not the intended behavior, drive the inputs with valid values, or inputs from the top level.
@W: CL260 :"C:\work\S127M\PCBNo_10081\SP0557_rev02_00_AI\RTL\SP0557\LEDLT\LEDLT_TOP.vhd":100:2:100:3|Pruning register bit 9 of s_LEDPTN(12 downto 8). If this is not the intended behavior, drive the input with valid values, or an input from the top level.
@W: CL279 :"C:\work\S127M\PCBNo_10081\SP0557_rev02_00_AI\RTL\SP0557\LEDLT\LEDLT_TOP.vhd":100:2:100:3|Pruning register bits 4 to 1 of s_LEDPTN(4 downto 0). If this is not the intended behavior, drive the inputs with valid values, or inputs from the top level.
Finished optimization stage 2 on LEDLT_TOP (CPU Time 0h:00m:00s, Memory Used current: 137MB peak: 156MB)
Running optimization stage 2 on encoder_2bit .......
Finished optimization stage 2 on encoder_2bit (CPU Time 0h:00m:00s, Memory Used current: 138MB peak: 156MB)
Running optimization stage 2 on enc_lmt .......
Finished optimization stage 2 on enc_lmt (CPU Time 0h:00m:00s, Memory Used current: 138MB peak: 156MB)
Running optimization stage 2 on enc_top .......
Finished optimization stage 2 on enc_top (CPU Time 0h:00m:00s, Memory Used current: 138MB peak: 156MB)
Running optimization stage 2 on enc_func_top .......
Finished optimization stage 2 on enc_func_top (CPU Time 0h:00m:00s, Memory Used current: 138MB peak: 156MB)
Running optimization stage 2 on pls_sens .......
Finished optimization stage 2 on pls_sens (CPU Time 0h:00m:00s, Memory Used current: 138MB peak: 156MB)
Running optimization stage 2 on ppmc_id .......
Finished optimization stage 2 on ppmc_id (CPU Time 0h:00m:00s, Memory Used current: 138MB peak: 156MB)
Running optimization stage 2 on ppmc_u_step_ext .......
@W: CL247 :"C:\work\S127M\PCBNo_10081\SP0557_rev02_00_AI\RTL\SP0557\compactppmc\ppmc_u_step_ext.vhd":33:8:33:18|Input port bit 7 of init_reg_in(7 downto 0) is unused 
@W: CL246 :"C:\work\S127M\PCBNo_10081\SP0557_rev02_00_AI\RTL\SP0557\compactppmc\ppmc_u_step_ext.vhd":33:8:33:18|Input port bits 5 to 0 of init_reg_in(7 downto 0) are unused. Assign logic for all port bits or change the input port size.
Finished optimization stage 2 on ppmc_u_step_ext (CPU Time 0h:00m:00s, Memory Used current: 138MB peak: 156MB)
Running optimization stage 2 on ppmc_acc_tim_gen .......
Finished optimization stage 2 on ppmc_acc_tim_gen (CPU Time 0h:00m:00s, Memory Used current: 138MB peak: 156MB)
Running optimization stage 2 on ppmc_speed_cnt .......
@N: CL201 :"C:\work\S127M\PCBNo_10081\SP0557_rev02_00_AI\RTL\SP0557\compactppmc\ppmc_speed_cnt.vhd":57:8:57:9|Trying to extract state machine for register visual_STOP_ST_current.
Extracted state machine for register visual_STOP_ST_current
State machine has 5 reachable states with original encodings of:
   00001
   00010
   00100
   01000
   10000
Finished optimization stage 2 on ppmc_speed_cnt (CPU Time 0h:00m:00s, Memory Used current: 139MB peak: 156MB)
Running optimization stage 2 on ppmc_timer_cnt .......
Finished optimization stage 2 on ppmc_timer_cnt (CPU Time 0h:00m:00s, Memory Used current: 139MB peak: 156MB)
Running optimization stage 2 on ppmc_pls_cnt .......
Finished optimization stage 2 on ppmc_pls_cnt (CPU Time 0h:00m:00s, Memory Used current: 140MB peak: 156MB)
Running optimization stage 2 on ppmc_plsgen .......
Finished optimization stage 2 on ppmc_plsgen (CPU Time 0h:00m:00s, Memory Used current: 140MB peak: 156MB)
Running optimization stage 2 on ppmc_dec .......
Finished optimization stage 2 on ppmc_dec (CPU Time 0h:00m:00s, Memory Used current: 140MB peak: 156MB)
Running optimization stage 2 on ppmc_rgstr .......
@W: CL260 :"C:\work\S127M\PCBNo_10081\SP0557_rev02_00_AI\RTL\SP0557\compactppmc\ppmc_rgstr.vhd":162:8:162:9|Pruning register bit 7 of INIT_REG_O(7 downto 0). If this is not the intended behavior, drive the input with valid values, or an input from the top level.
@W: CL279 :"C:\work\S127M\PCBNo_10081\SP0557_rev02_00_AI\RTL\SP0557\compactppmc\ppmc_rgstr.vhd":162:8:162:9|Pruning register bits 5 to 1 of INIT_REG_O(7 downto 0). If this is not the intended behavior, drive the inputs with valid values, or inputs from the top level.
@W: CL190 :"C:\work\S127M\PCBNo_10081\SP0557_rev02_00_AI\RTL\SP0557\compactppmc\ppmc_rgstr.vhd":162:8:162:9|Optimizing register bit INIT_REG_O(0) to a constant 0. To keep the instance, apply constraint syn_preserve=1 on the instance.
@W: CL169 :"C:\work\S127M\PCBNo_10081\SP0557_rev02_00_AI\RTL\SP0557\compactppmc\ppmc_rgstr.vhd":162:8:162:9|Pruning unused register INIT_REG_O(0). Make sure that there are no unused intermediate registers.
Finished optimization stage 2 on ppmc_rgstr (CPU Time 0h:00m:00s, Memory Used current: 140MB peak: 156MB)
Running optimization stage 2 on ppmc_enblr_S118M .......
@N: CL159 :"C:\work\S127M\PCBNo_10081\SP0557_rev02_00_AI\RTL\SP0557\compactppmc\ppmc_enblr_S118M.vhd":53:8:53:11|Input KCLK is unused.
@N: CL159 :"C:\work\S127M\PCBNo_10081\SP0557_rev02_00_AI\RTL\SP0557\compactppmc\ppmc_enblr_S118M.vhd":56:2:56:10|Input DOWNDELAY is unused.
Finished optimization stage 2 on ppmc_enblr_S118M (CPU Time 0h:00m:00s, Memory Used current: 140MB peak: 156MB)
Running optimization stage 2 on ppmc_ctrl .......
@W: CL177 :"C:\work\S127M\PCBNo_10081\SP0557_rev02_00_AI\RTL\SP0557\compactppmc\ppmc_ctrl.vhd":283:8:283:9|Sharing sequential element s_pls_ld and merging ENB_START. Add a syn_preserve attribute to the element to prevent sharing.
@N: CL201 :"C:\work\S127M\PCBNo_10081\SP0557_rev02_00_AI\RTL\SP0557\compactppmc\ppmc_ctrl.vhd":283:8:283:9|Trying to extract state machine for register STATE.
Extracted state machine for register STATE
State machine has 4 reachable states with original encodings of:
   0001
   0010
   0100
   1000
@W: CL246 :"C:\work\S127M\PCBNo_10081\SP0557_rev02_00_AI\RTL\SP0557\compactppmc\ppmc_ctrl.vhd":41:8:41:18|Input port bits 6 to 4 of command_reg(7 downto 0) are unused. Assign logic for all port bits or change the input port size.
@N: CL159 :"C:\work\S127M\PCBNo_10081\SP0557_rev02_00_AI\RTL\SP0557\compactppmc\ppmc_ctrl.vhd":42:8:42:16|Input PULSE_REG is unused.
Finished optimization stage 2 on ppmc_ctrl (CPU Time 0h:00m:00s, Memory Used current: 141MB peak: 156MB)
Running optimization stage 2 on ppmc_cmdchk .......
@N: CL159 :"C:\work\S127M\PCBNo_10081\SP0557_rev02_00_AI\RTL\SP0557\compactppmc\ppmc_cmdchk.vhd":29:8:29:14|Input UP_DOWN is unused.
@N: CL159 :"C:\work\S127M\PCBNo_10081\SP0557_rev02_00_AI\RTL\SP0557\compactppmc\ppmc_cmdchk.vhd":30:8:30:14|Input ACC_ENB is unused.
@N: CL159 :"C:\work\S127M\PCBNo_10081\SP0557_rev02_00_AI\RTL\SP0557\compactppmc\ppmc_cmdchk.vhd":34:8:34:15|Input LOW_FREQ is unused.
@N: CL159 :"C:\work\S127M\PCBNo_10081\SP0557_rev02_00_AI\RTL\SP0557\compactppmc\ppmc_cmdchk.vhd":35:8:35:16|Input HIGH_FREQ is unused.
@N: CL159 :"C:\work\S127M\PCBNo_10081\SP0557_rev02_00_AI\RTL\SP0557\compactppmc\ppmc_cmdchk.vhd":36:8:36:16|Input PULSE_REG is unused.
@N: CL159 :"C:\work\S127M\PCBNo_10081\SP0557_rev02_00_AI\RTL\SP0557\compactppmc\ppmc_cmdchk.vhd":39:8:39:12|Input SPEED is unused.
Finished optimization stage 2 on ppmc_cmdchk (CPU Time 0h:00m:00s, Memory Used current: 141MB peak: 156MB)
Running optimization stage 2 on ppmc_reg_S118M .......
Finished optimization stage 2 on ppmc_reg_S118M (CPU Time 0h:00m:00s, Memory Used current: 141MB peak: 156MB)
Running optimization stage 2 on ppmc_top_S118M .......
Finished optimization stage 2 on ppmc_top_S118M (CPU Time 0h:00m:00s, Memory Used current: 141MB peak: 156MB)
Running optimization stage 2 on fc_dec .......
Finished optimization stage 2 on fc_dec (CPU Time 0h:00m:00s, Memory Used current: 141MB peak: 156MB)
Running optimization stage 2 on fc_sel .......
Finished optimization stage 2 on fc_sel (CPU Time 0h:00m:00s, Memory Used current: 141MB peak: 156MB)
Running optimization stage 2 on gpio_id .......
Finished optimization stage 2 on gpio_id (CPU Time 0h:00m:00s, Memory Used current: 141MB peak: 156MB)
Running optimization stage 2 on gpio_op_reg .......
Finished optimization stage 2 on gpio_op_reg (CPU Time 0h:00m:00s, Memory Used current: 141MB peak: 156MB)
Running optimization stage 2 on gpio_ip_reg .......
Finished optimization stage 2 on gpio_ip_reg (CPU Time 0h:00m:00s, Memory Used current: 141MB peak: 156MB)
Running optimization stage 2 on gpio_reg .......
Finished optimization stage 2 on gpio_reg (CPU Time 0h:00m:00s, Memory Used current: 141MB peak: 156MB)
Running optimization stage 2 on gpio_top .......
Finished optimization stage 2 on gpio_top (CPU Time 0h:00m:00s, Memory Used current: 141MB peak: 156MB)
Running optimization stage 2 on SP0557 .......
@N: CL159 :"C:\work\S127M\PCBNo_10081\SP0557_rev02_00_AI\RTL\SP0557.vhd":53:2:53:11|Input LEDSH_MISO is unused.
Finished optimization stage 2 on SP0557 (CPU Time 0h:00m:00s, Memory Used current: 141MB peak: 156MB)

For a summary of runtime per design unit, please see file:
==========================================================
@L: C:\work\S127M\PCBNo_10081\SP0557_rev02_00_AI\SP0557\synwork\layer0.duruntime



At c_vhdl Exit (Real Time elapsed 0h:00m:33s; CPU Time elapsed 0h:00m:21s; Memory used current: 141MB peak: 156MB)

Process took 0h:00m:33s realtime, 0h:00m:21s cputime

Process completed successfully.
# Tue Feb 24 10:30:15 2026

###########################################################]
###########################################################[

Copyright (C) 1994-2023 Synopsys, Inc.
This Synopsys software and all associated documentation are proprietary to Synopsys, Inc.
and may only be used pursuant to the terms and conditions of a written license agreement
with Synopsys, Inc. All other use, reproduction, modification, or distribution of the
Synopsys software or the associated documentation is strictly prohibited.
Tool: Synplify Pro (R)
Build: U-2023.03L-SP1
Install: C:\lscc\diamond\3.13\synpbase
OS: Windows 10 or later
Hostname: SCPP006598

Implementation : SP0557
Synopsys Synopsys Netlist Linker, Version comp202303synp1, Build 155R, Built Aug 10 2023 09:42:17, @

@N|Running in 64-bit mode
File C:\work\S127M\PCBNo_10081\SP0557_rev02_00\SP0557\synwork\layer0.srs changed - recompiling

At syn_nfilter Exit (Real Time elapsed 0h:00m:00s; CPU Time elapsed 0h:00m:00s; Memory used current: 101MB peak: 101MB)

Process took 0h:00m:01s realtime, 0h:00m:01s cputime

Process completed successfully.
# Tue Feb 24 10:30:16 2026

###########################################################]

For a summary of runtime and memory usage for all design units, please see file:
==========================================================
@L: C:\work\S127M\PCBNo_10081\SP0557_rev02_00_AI\SP0557\synwork\SP0557_SP0557_comp.rt.csv

@END

At c_hdl Exit (Real Time elapsed 0h:00m:35s; CPU Time elapsed 0h:00m:22s; Memory used current: 23MB peak: 23MB)

Process took 0h:00m:35s realtime, 0h:00m:22s cputime

Process completed successfully.
# Tue Feb 24 10:30:16 2026

###########################################################]
###########################################################[

Copyright (C) 1994-2023 Synopsys, Inc.
This Synopsys software and all associated documentation are proprietary to Synopsys, Inc.
and may only be used pursuant to the terms and conditions of a written license agreement
with Synopsys, Inc. All other use, reproduction, modification, or distribution of the
Synopsys software or the associated documentation is strictly prohibited.
Tool: Synplify Pro (R)
Build: U-2023.03L-SP1
Install: C:\lscc\diamond\3.13\synpbase
OS: Windows 10 or later
Hostname: SCPP006598

Implementation : SP0557
Synopsys Synopsys Netlist Linker, Version comp202303synp1, Build 155R, Built Aug 10 2023 09:42:17, @

@N|Running in 64-bit mode
File C:\work\S127M\PCBNo_10081\SP0557_rev02_00\SP0557\synwork\SP0557_SP0557_comp.srs changed - recompiling

At syn_nfilter Exit (Real Time elapsed 0h:00m:00s; CPU Time elapsed 0h:00m:00s; Memory used current: 106MB peak: 106MB)

Process took 0h:00m:01s realtime, 0h:00m:01s cputime

Process completed successfully.
# Tue Feb 24 10:30:17 2026

###########################################################]
# Tue Feb 24 10:30:20 2026


Copyright (C) 1994-2023 Synopsys, Inc.
This Synopsys software and all associated documentation are proprietary to Synopsys, Inc.
and may only be used pursuant to the terms and conditions of a written license agreement
with Synopsys, Inc. All other use, reproduction, modification, or distribution of the
Synopsys software or the associated documentation is strictly prohibited.
Tool: Synplify Pro (R)
Build: U-2023.03L-SP1
Install: C:\lscc\diamond\3.13\synpbase
OS: Windows 10 or later
Hostname: SCPP006598

Implementation : SP0557
Synopsys Lattice Technology Pre-mapping, Version map202303lat, Build 132R, Built Aug 31 2023 04:16:35, @


Mapper Startup Complete (Real Time elapsed 0h:00m:00s; CPU Time elapsed 0h:00m:00s; Memory used current: 122MB peak: 122MB)


Done reading skeleton netlist (Real Time elapsed 0h:00m:00s; CPU Time elapsed 0h:00m:00s; Memory used current: 131MB peak: 137MB)

@A: MF827 |No constraint file specified.
@L: C:\work\S127M\PCBNo_10081\SP0557_rev02_00_AI\SP0557\SP0557_SP0557_scck.rpt 
See clock summary report "C:\work\S127M\PCBNo_10081\SP0557_rev02_00_AI\SP0557\SP0557_SP0557_scck.rpt"
@N: MF916 |Option synthesis_strategy=base is enabled. 
@N: MF248 |Running in 64-bit mode.
@N: MF666 |Clock conversion enabled. (Command "set_option -fix_gated_and_generated_clocks 1" in the project file.)

Design Input Complete (Real Time elapsed 0h:00m:00s; CPU Time elapsed 0h:00m:00s; Memory used current: 148MB peak: 148MB)


Mapper Initialization Complete (Real Time elapsed 0h:00m:00s; CPU Time elapsed 0h:00m:00s; Memory used current: 148MB peak: 148MB)


Start loading timing files (Real Time elapsed 0h:00m:00s; CPU Time elapsed 0h:00m:00s; Memory used current: 159MB peak: 159MB)


Finished loading timing files (Real Time elapsed 0h:00m:00s; CPU Time elapsed 0h:00m:00s; Memory used current: 159MB peak: 161MB)

NConnInternalConnection caching is on
@N: FX493 |Applying initial value "00000000000000000000000000000000" on instance s_LATCH[31:0].
@W: FX474 |User-specified initial value defined for some sequential elements which can prevent optimum synthesis results from being achieved. 
@N: FX493 |Applying initial value "0" on instance s_LEDPTN[0].
@N: FX493 |Applying initial value "0" on instance s_LEDPTN[10].
@N: FX493 |Applying initial value "0" on instance s_LEDPTN[8].
@W: BN132 :"c:\work\s127m\pcbno_10081\sp0557_rev02_00_ai\rtl\sp0557\efuse_ctrl\efuse_ctrl.vhd":78:2:78:3|Removing sequential instance EFUSE_CTRL_inst.s_PW_PUMP_EN because it is equivalent to instance EFUSE_CTRL_inst.s_PW_SV_EN. To keep the instance, apply constraint syn_preserve=1 on the instance.
@W: BN132 :"c:\work\s127m\pcbno_10081\sp0557_rev02_00_ai\rtl\sp0557\efuse_ctrl\efuse_ctrl.vhd":78:2:78:3|Removing sequential instance EFUSE_CTRL_inst.s_PW_PLS_EN because it is equivalent to instance EFUSE_CTRL_inst.s_PW_SV_EN. To keep the instance, apply constraint syn_preserve=1 on the instance.
@W: BN132 :"c:\work\s127m\pcbno_10081\sp0557_rev02_00_ai\rtl\sp0557\efuse_ctrl\efuse_ctrl.vhd":78:2:78:3|Removing sequential instance EFUSE_CTRL_inst.s_PW_PLSSNS_EN because it is equivalent to instance EFUSE_CTRL_inst.s_PW_SV_EN. To keep the instance, apply constraint syn_preserve=1 on the instance.
@W: BN132 :"c:\work\s127m\pcbno_10081\sp0557_rev02_00_ai\rtl\sp0557\efuse_ctrl\efuse_ctrl.vhd":78:2:78:3|Removing sequential instance EFUSE_CTRL_inst.s_PW_ENC_EN because it is equivalent to instance EFUSE_CTRL_inst.s_PW_SV_EN. To keep the instance, apply constraint syn_preserve=1 on the instance.
@W: BN132 :"c:\work\s127m\pcbno_10081\sp0557_rev02_00_ai\rtl\sp0557\efuse_ctrl\efuse_ctrl.vhd":78:2:78:3|Removing sequential instance EFUSE_CTRL_inst.s_PW_SNSLED_EN because it is equivalent to instance EFUSE_CTRL_inst.s_PW_SNS_EN. To keep the instance, apply constraint syn_preserve=1 on the instance.
@W: BN132 :"c:\work\s127m\pcbno_10081\sp0557_rev02_00_ai\rtl\sp0557\efuse_ctrl\efuse_ctrl.vhd":78:2:78:3|Removing sequential instance EFUSE_CTRL_inst.s_PW_SNS_EN because it is equivalent to instance EFUSE_CTRL_inst.s_PW_LMT_EN. To keep the instance, apply constraint syn_preserve=1 on the instance.
@W: BN132 :"c:\work\s127m\pcbno_10081\sp0557_rev02_00_ai\rtl\sp0557\efuse_ctrl\efuse_ctrl.vhd":78:2:78:3|Removing sequential instance EFUSE_CTRL_inst.s_PW_LEDSH_EN because it is equivalent to instance EFUSE_CTRL_inst.s_PW_LMT_EN. To keep the instance, apply constraint syn_preserve=1 on the instance.
@W: BN132 :"c:\work\s127m\pcbno_10081\sp0557_rev02_00_ai\rtl\sp0557\efuse_ctrl\efuse_ctrl.vhd":78:2:78:3|Removing sequential instance EFUSE_CTRL_inst.s_PW_LEDLT_EN because it is equivalent to instance EFUSE_CTRL_inst.s_PW_LMT_EN. To keep the instance, apply constraint syn_preserve=1 on the instance.

Starting HSTDM IP insertion (Real Time elapsed 0h:00m:01s; CPU Time elapsed 0h:00m:00s; Memory used current: 245MB peak: 245MB)


Finished HSTDM IP insertion (Real Time elapsed 0h:00m:01s; CPU Time elapsed 0h:00m:00s; Memory used current: 245MB peak: 246MB)


Started DisTri Cleanup (Real Time elapsed 0h:00m:01s; CPU Time elapsed 0h:00m:01s; Memory used current: 246MB peak: 246MB)


Finished DisTri Cleanup (Real Time elapsed 0h:00m:01s; CPU Time elapsed 0h:00m:01s; Memory used current: 246MB peak: 246MB)

@N: BN362 :"c:\work\s127m\pcbno_10081\sp0557_rev02_00_ai\rtl\sp0557\compactppmc\ppmc_rgstr.vhd":380:8:380:9|Removing sequential instance DOWNDELAY_REG_O[7:0] (in view: work.ppmc_rgstr_0(rtl)) of type view:PrimLib.dffre(prim) because it does not drive other instances.
@N: BN362 :"c:\work\s127m\pcbno_10081\sp0557_rev02_00_ai\rtl\sp0557\compactppmc\ppmc_rgstr.vhd":380:8:380:9|Removing sequential instance DOWNDELAY_REG_O[7:0] (in view: work.ppmc_rgstr_1(rtl)) of type view:PrimLib.dffre(prim) because it does not drive other instances.
@N: BN362 :"c:\work\s127m\pcbno_10081\sp0557_rev02_00_ai\rtl\sp0557\compactppmc\ppmc_rgstr.vhd":380:8:380:9|Removing sequential instance DOWNDELAY_REG_O[7:0] (in view: work.ppmc_rgstr_2(rtl)) of type view:PrimLib.dffre(prim) because it does not drive other instances.
@N: BN362 :"c:\work\s127m\pcbno_10081\sp0557_rev02_00_ai\rtl\sp0557\compactppmc\ppmc_rgstr.vhd":380:8:380:9|Removing sequential instance DOWNDELAY_REG_O[7:0] (in view: work.ppmc_rgstr_3(rtl)) of type view:PrimLib.dffre(prim) because it does not drive other instances.
@N: BN362 :"c:\work\s127m\pcbno_10081\sp0557_rev02_00_ai\rtl\sp0557\compactppmc\ppmc_rgstr.vhd":380:8:380:9|Removing sequential instance DOWNDELAY_REG_O[7:0] (in view: work.ppmc_rgstr_4(rtl)) of type view:PrimLib.dffre(prim) because it does not drive other instances.
@N: BN362 :"c:\work\s127m\pcbno_10081\sp0557_rev02_00_ai\rtl\sp0557\compactppmc\ppmc_rgstr.vhd":380:8:380:9|Removing sequential instance DOWNDELAY_REG_O[7:0] (in view: work.ppmc_rgstr_5(rtl)) of type view:PrimLib.dffre(prim) because it does not drive other instances.
@N: BN362 :"c:\work\s127m\pcbno_10081\sp0557_rev02_00_ai\rtl\sp0557\compactppmc\ppmc_rgstr.vhd":380:8:380:9|Removing sequential instance DOWNDELAY_REG_O[7:0] (in view: work.ppmc_rgstr_6(rtl)) of type view:PrimLib.dffre(prim) because it does not drive other instances.
@N: BN362 :"c:\work\s127m\pcbno_10081\sp0557_rev02_00_ai\rtl\sp0557\compactppmc\ppmc_rgstr.vhd":380:8:380:9|Removing sequential instance DOWNDELAY_REG_O[7:0] (in view: work.ppmc_rgstr_7(rtl)) of type view:PrimLib.dffre(prim) because it does not drive other instances.
@N: BN362 :"c:\work\s127m\pcbno_10081\sp0557_rev02_00_ai\rtl\sp0557\compactppmc\ppmc_rgstr.vhd":380:8:380:9|Removing sequential instance DOWNDELAY_REG_O[7:0] (in view: work.ppmc_rgstr_8(rtl)) of type view:PrimLib.dffre(prim) because it does not drive other instances.
@N: BN362 :"c:\work\s127m\pcbno_10081\sp0557_rev02_00_ai\rtl\sp0557\compactppmc\ppmc_rgstr.vhd":380:8:380:9|Removing sequential instance DOWNDELAY_REG_O[7:0] (in view: work.ppmc_rgstr_9(rtl)) of type view:PrimLib.dffre(prim) because it does not drive other instances.
@N: BN362 :"c:\work\s127m\pcbno_10081\sp0557_rev02_00_ai\rtl\sp0557\compactppmc\ppmc_rgstr.vhd":380:8:380:9|Removing sequential instance DOWNDELAY_REG_O[7:0] (in view: work.ppmc_rgstr_10(rtl)) of type view:PrimLib.dffre(prim) because it does not drive other instances.
@N: BN362 :"c:\work\s127m\pcbno_10081\sp0557_rev02_00_ai\rtl\sp0557\compactppmc\ppmc_rgstr.vhd":380:8:380:9|Removing sequential instance DOWNDELAY_REG_O[7:0] (in view: work.ppmc_rgstr_11(rtl)) of type view:PrimLib.dffre(prim) because it does not drive other instances.
@N: BN362 :"c:\work\s127m\pcbno_10081\sp0557_rev02_00_ai\rtl\sp0557\compactppmc\ppmc_rgstr.vhd":380:8:380:9|Removing sequential instance DOWNDELAY_REG_O[7:0] (in view: work.ppmc_rgstr_12(rtl)) of type view:PrimLib.dffre(prim) because it does not drive other instances.
@N: BN115 :"c:\work\s127m\pcbno_10081\sp0557_rev02_00_ai\rtl\sp0557\gpio\gpio_reg.vhd":542:0:542:17|Removing instance gpio_ip_reg_inst15 (in view: work.gpio_reg_1(rtl)) because it does not drive other instances.
@N: BN115 :"c:\work\s127m\pcbno_10081\sp0557_rev02_00_ai\rtl\sp0557\gpio\gpio_reg.vhd":561:0:561:17|Removing instance gpio_ip_reg_inst16 (in view: work.gpio_reg_1(rtl)) because it does not drive other instances.
@N: BN115 :"c:\work\s127m\pcbno_10081\sp0557_rev02_00_ai\rtl\sp0557\gpio\gpio_reg.vhd":599:0:599:17|Removing instance gpio_ip_reg_inst18 (in view: work.gpio_reg_1(rtl)) because it does not drive other instances.
@N: BN115 :"c:\work\s127m\pcbno_10081\sp0557_rev02_00_ai\rtl\sp0557\gpio\gpio_reg.vhd":618:0:618:17|Removing instance gpio_ip_reg_inst19 (in view: work.gpio_reg_1(rtl)) because it does not drive other instances.
@N: BN115 :"c:\work\s127m\pcbno_10081\sp0557_rev02_00_ai\rtl\sp0557\gpio\gpio_reg.vhd":643:0:643:17|Removing instance gpio_ip_reg_inst20 (in view: work.gpio_reg_1(rtl)) because it does not drive other instances.
@N: BN115 :"c:\work\s127m\pcbno_10081\sp0557_rev02_00_ai\rtl\sp0557\gpio\gpio_reg.vhd":652:0:652:17|Removing instance gpio_ip_reg_inst21 (in view: work.gpio_reg_1(rtl)) because it does not drive other instances.
@N: BN115 :"c:\work\s127m\pcbno_10081\sp0557_rev02_00_ai\rtl\sp0557\gpio\gpio_reg.vhd":661:0:661:17|Removing instance gpio_ip_reg_inst22 (in view: work.gpio_reg_1(rtl)) because it does not drive other instances.
@N: BN115 :"c:\work\s127m\pcbno_10081\sp0557_rev02_00_ai\rtl\sp0557\gpio\gpio_reg.vhd":670:0:670:17|Removing instance gpio_ip_reg_inst23 (in view: work.gpio_reg_1(rtl)) because it does not drive other instances.
@N: BN115 :"c:\work\s127m\pcbno_10081\sp0557_rev02_00_ai\rtl\sp0557\gpio\gpio_reg.vhd":679:0:679:17|Removing instance gpio_ip_reg_inst24 (in view: work.gpio_reg_1(rtl)) because it does not drive other instances.
@N: BN115 :"c:\work\s127m\pcbno_10081\sp0557_rev02_00_ai\rtl\sp0557\gpio\gpio_reg.vhd":688:0:688:17|Removing instance gpio_ip_reg_inst25 (in view: work.gpio_reg_1(rtl)) because it does not drive other instances.
@N: BN115 :"c:\work\s127m\pcbno_10081\sp0557_rev02_00_ai\rtl\sp0557\gpio\gpio_reg.vhd":697:0:697:17|Removing instance gpio_ip_reg_inst26 (in view: work.gpio_reg_1(rtl)) because it does not drive other instances.
@N: BN115 :"c:\work\s127m\pcbno_10081\sp0557_rev02_00_ai\rtl\sp0557\gpio\gpio_reg.vhd":706:0:706:17|Removing instance gpio_ip_reg_inst27 (in view: work.gpio_reg_1(rtl)) because it does not drive other instances.
@N: BN115 :"c:\work\s127m\pcbno_10081\sp0557_rev02_00_ai\rtl\sp0557\gpio\gpio_reg.vhd":715:0:715:17|Removing instance gpio_ip_reg_inst28 (in view: work.gpio_reg_1(rtl)) because it does not drive other instances.
@N: BN115 :"c:\work\s127m\pcbno_10081\sp0557_rev02_00_ai\rtl\sp0557\gpio\gpio_reg.vhd":724:0:724:17|Removing instance gpio_ip_reg_inst29 (in view: work.gpio_reg_1(rtl)) because it does not drive other instances.
@N: BN115 :"c:\work\s127m\pcbno_10081\sp0557_rev02_00_ai\rtl\sp0557\gpio\gpio_reg.vhd":733:0:733:17|Removing instance gpio_ip_reg_inst30 (in view: work.gpio_reg_1(rtl)) because it does not drive other instances.
@N: BN115 :"c:\work\s127m\pcbno_10081\sp0557_rev02_00_ai\rtl\sp0557\gpio\gpio_reg.vhd":742:0:742:17|Removing instance gpio_ip_reg_inst31 (in view: work.gpio_reg_1(rtl)) because it does not drive other instances.
@N: BN362 :"c:\work\s127m\pcbno_10081\sp0557_rev02_00_ai\rtl\sp0557\slv_com\tx_com\enc8b10b_wrapper.vhd":58:6:58:7|Removing sequential instance rdout (in view: work.enc8b10b_wrapper(wrapper)) of type view:PrimLib.dff(prim) because it does not drive other instances.
@N: BN362 :"c:\work\s127m\pcbno_10081\sp0557_rev02_00_ai\rtl\sp0557\slv_com\rx_com\dec8b10b_wrapper.vhd":67:6:67:7|Removing sequential instance rdout (in view: work.dec8b10b_wrapper(wrapper)) of type view:PrimLib.dff(prim) because it does not drive other instances.
@N: BN362 :"c:\work\s127m\pcbno_10081\sp0557_rev02_00_ai\rtl\sp0557\sp_conv\sio_ctrl2.vhd":139:2:139:3|Removing sequential instance SPI_UPDATE (in view: work.SIO_ctrl2(rtl)) of type view:PrimLib.dffr(prim) because it does not drive other instances.
@N: BN362 :"c:\work\s127m\pcbno_10081\sp0557_rev02_00_ai\rtl\sp0557\dac43608\i2c_master_wb_top.vhd":259:1:259:2|Removing sequential instance wb_inta_o (in view: work.i2c_master_wb_top(arch)) of type view:PrimLib.dffr(prim) because it does not drive other instances.
@N: BN362 :"c:\work\s127m\pcbno_10081\sp0557_rev02_00_ai\rtl\sp0557\ledlt\ad8402_ctrl\ad8402.vhd":78:2:78:3|Removing sequential instance NEXT_ST (in view: work.ad8402(rtl)) of type view:PrimLib.sdffre(prim) because it does not drive other instances.
@N: BN362 :"c:\work\s127m\pcbno_10081\sp0557_rev02_00_ai\rtl\sp0557\sp_conv\spi_master2.vhd":116:2:116:3|Removing sequential instance s_CS_d (in view: work.SPI_master2(rtl)) of type view:PrimLib.dffr(prim) because it does not drive other instances.
@N: BN115 :"c:\work\s127m\pcbno_10081\sp0557_rev02_00_ai\rtl\sp0557\gpio\gpio_reg.vhd":570:0:570:17|Removing instance gpio_op_reg_inst17 (in view: work.gpio_reg_1(rtl)) because it does not drive other instances.
@N: BN115 :"c:\work\s127m\pcbno_10081\sp0557_rev02_00_ai\rtl\sp0557\gpio\gpio_reg.vhd":589:0:589:17|Removing instance gpio_op_reg_inst18 (in view: work.gpio_reg_1(rtl)) because it does not drive other instances.
@N: BN362 :"c:\work\s127m\pcbno_10081\sp0557_rev02_00_ai\rtl\sp0557\slv_com\tx_com\enc8b10b_new.vhd":52:8:52:9|Removing sequential instance RD_OUT (in view: work.enc8b10b_new(rtl)) of type view:PrimLib.dff(prim) because it does not drive other instances.
@N: BN362 :"c:\work\s127m\pcbno_10081\sp0557_rev02_00_ai\rtl\sp0557\slv_com\rx_com\dec8b10b_new.vhd":82:8:82:9|Removing sequential instance RD_OUT (in view: work.dec8b10b_new(rtl)) of type view:PrimLib.dff(prim) because it does not drive other instances.
@N: BN362 :"c:\work\s127m\pcbno_10081\sp0557_rev02_00_ai\rtl\sp0557\slv_com\tx_com\tx_ctl_1st.vhd":306:2:306:3|Removing sequential instance TX_END (in view: work.tx_ctl_1st(rtl)) of type view:PrimLib.dffr(prim) because it does not drive other instances.
@N: BN362 :"c:\work\s127m\pcbno_10081\sp0557_rev02_00_ai\rtl\sp0557\slv_com\rx_com\rx_ctl_3rd.vhd":305:2:305:3|Removing sequential instance RX_START (in view: work.rx_ctl_3rd(rtl)) of type view:PrimLib.dffr(prim) because it does not drive other instances.
@N: BN362 :"c:\work\s127m\pcbno_10081\sp0557_rev02_00_ai\rtl\sp0557\sp_conv\spi_master2.vhd":289:2:289:3|Removing sequential instance s_CS (in view: work.SPI_master2(rtl)) of type view:PrimLib.dffre(prim) because it does not drive other instances.
@N: BN362 :"c:\work\s127m\pcbno_10081\sp0557_rev02_00_ai\rtl\sp0557\slv_com\slv_ctrl\slv_rx_ctrl.vhd":108:2:108:3|Removing sequential instance BANK[6:0] (in view: work.slv_rx_ctrl(rtl)) of type view:PrimLib.dffre(prim) because it does not drive other instances.
@N: BN362 :"c:\work\s127m\pcbno_10081\sp0557_rev02_00_ai\rtl\sp0557\gpio\gpio_op_reg.vhd":44:2:44:3|Removing sequential instance GPO[7:0] (in view: work.gpio_op_reg_2_1(rtl)) of type view:PrimLib.dffre(prim) because it does not drive other instances.
@N: BN362 :"c:\work\s127m\pcbno_10081\sp0557_rev02_00_ai\rtl\sp0557\gpio\gpio_op_reg.vhd":44:2:44:3|Removing sequential instance GPO[7:0] (in view: work.gpio_op_reg_1_1(rtl)) of type view:PrimLib.dffre(prim) because it does not drive other instances.
@N: BN362 :"c:\work\s127m\pcbno_10081\sp0557_rev02_00_ai\rtl\sp0557\gpio\gpio_op_reg.vhd":44:2:44:3|Removing sequential instance REG[7:0] (in view: work.gpio_op_reg_2_1(rtl)) of type view:PrimLib.dffre(prim) because it does not drive other instances.
@N: BN362 :"c:\work\s127m\pcbno_10081\sp0557_rev02_00_ai\rtl\sp0557\gpio\gpio_op_reg.vhd":44:2:44:3|Removing sequential instance REG[7:0] (in view: work.gpio_op_reg_1_1(rtl)) of type view:PrimLib.dffre(prim) because it does not drive other instances.
@N: BN362 :"c:\work\s127m\pcbno_10081\sp0557_rev02_00_ai\rtl\sp0557\slv_com\tx_com\enc8b_10b.vhd":73:8:73:9|Removing sequential instance RD_OUT (in view: work.enc8b_10b(rtl)) of type view:PrimLib.dff(prim) because it does not drive other instances.
Encoding state machine STATE[0:9] (in view: work.slv_tx_ctrl(rtl))
original code -> new code
   0000000001 -> 0000000001
   0000000010 -> 0000000010
   0000000100 -> 0000000100
   0000001000 -> 0000001000
   0000010000 -> 0000010000
   0000100000 -> 0000100000
   0001000000 -> 0001000000
   0010000000 -> 0010000000
   0100000000 -> 0100000000
   1000000000 -> 1000000000
Encoding state machine STATE[0:14] (in view: work.slv_rx_ctrl(rtl))
original code -> new code
   00000000000001 -> 000000000000001
   00000000000010 -> 000000000000010
   00000000000011 -> 000000000000100
   00000000000100 -> 000000000001000
   00000000000110 -> 000000000010000
   00000000001000 -> 000000000100000
   00000000001100 -> 000000001000000
   00000000010000 -> 000000010000000
   00000000011000 -> 000000100000000
   00000000100000 -> 000001000000000
   00000000110000 -> 000010000000000
   00000001000000 -> 000100000000000
   00000001100000 -> 001000000000000
   00000010000000 -> 010000000000000
   00000011000000 -> 100000000000000
Encoding state machine state_count[0:5] (in view: work.rx_ctl_1st(rtl))
original code -> new code
   000 -> 000001
   001 -> 000010
   010 -> 000100
   011 -> 001000
   100 -> 010000
   101 -> 100000
Encoding state machine ck_state[0:3] (in view: work.slv_com_top(rtl))
original code -> new code
   00 -> 00
   01 -> 01
   10 -> 10
   11 -> 11
@N: MO225 :"c:\work\s127m\pcbno_10081\sp0557_rev02_00_ai\rtl\sp0557\slv_com\slv_com_top.vhd":286:2:286:3|There are no possible illegal states for state machine ck_state[0:3] (in view: work.slv_com_top(rtl)); safe FSM implementation is not required.
Encoding state machine s_sta[0:4] (in view: work.SPI_master2(rtl))
original code -> new code
   00001 -> 00001
   00010 -> 00010
   00100 -> 00100
   01000 -> 01000
   10000 -> 10000
Encoding state machine s_state[0:3] (in view: work.SIO_ctrl2(rtl))
original code -> new code
   00 -> 00
   01 -> 01
   10 -> 10
   11 -> 11
@N: MO225 :"c:\work\s127m\pcbno_10081\sp0557_rev02_00_ai\rtl\sp0557\sp_conv\sio_ctrl2.vhd":156:2:156:3|There are no possible illegal states for state machine s_state[0:3] (in view: work.SIO_ctrl2(rtl)); safe FSM implementation is not required.
Encoding state machine c_state[0:5] (in view: work.i2c_master_byte_ctrl(arch))
original code -> new code
   00000 -> 000001
   00001 -> 000010
   00010 -> 000100
   00100 -> 001000
   01000 -> 010000
   10000 -> 100000
Encoding state machine c_state[0:17] (in view: work.i2c_master_bit_ctrl(arch))
original code -> new code
   00000000000000000 -> 000000000000000001
   00000000000000001 -> 000000000000000010
   00000000000000010 -> 000000000000000100
   00000000000000100 -> 000000000000001000
   00000000000001000 -> 000000000000010000
   00000000000010000 -> 000000000000100000
   00000000000100000 -> 000000000001000000
   00000000001000000 -> 000000000010000000
   00000000010000000 -> 000000000100000000
   00000000100000000 -> 000000001000000000
   00000001000000000 -> 000000010000000000
   00000010000000000 -> 000000100000000000
   00000100000000000 -> 000001000000000000
   00001000000000000 -> 000010000000000000
   00010000000000000 -> 000100000000000000
   00100000000000000 -> 001000000000000000
   01000000000000000 -> 010000000000000000
   10000000000000000 -> 100000000000000000
Encoding state machine st[0:80] (in view: work.DAC_CTRL_1CH(rtl))
original code -> new code
   0000000 -> 0000000
   0000010 -> 0000001
   0000011 -> 0000011
   0000100 -> 0000010
   0000101 -> 0000110
   0000110 -> 0000111
   0000111 -> 0000101
   0001000 -> 0000100
   0001001 -> 0001100
   0001010 -> 0001101
   0001011 -> 0001111
   0001100 -> 0001110
   0001101 -> 0001010
   0010000 -> 0001011
   0010001 -> 0001001
   0010010 -> 0001000
   0010011 -> 0011000
   0010100 -> 0011001
   0010101 -> 0011011
   0010110 -> 0011010
   0010111 -> 0011110
   0011010 -> 0011111
   0011011 -> 0011101
   0011100 -> 0011100
   0011101 -> 0010100
   0011110 -> 0010101
   0011111 -> 0010111
   0100000 -> 0010110
   0100001 -> 0010010
   0100010 -> 0010011
   0100011 -> 0010001
   0100100 -> 0010000
   0100101 -> 0110000
   0100110 -> 0110001
   0101001 -> 0110011
   0101010 -> 0110010
   0101011 -> 0110110
   0101100 -> 0110111
   0101110 -> 0110101
   0110000 -> 0110100
   0110001 -> 0111100
   0110010 -> 0111101
   0110011 -> 0111111
   0110100 -> 0111110
   0110110 -> 0111010
   0110111 -> 0111011
   0111010 -> 0111001
   0111011 -> 0111000
   0111100 -> 0101000
   0111101 -> 0101001
   0111110 -> 0101011
   0111111 -> 0101010
   1100000 -> 0101110
   1100001 -> 0101111
   1100010 -> 0101101
   1100100 -> 0101100
   1100101 -> 0100100
   1100110 -> 0100101
   1100111 -> 0100111
   1101000 -> 0100110
   1101001 -> 0100010
   1101010 -> 0100011
   1101011 -> 0100001
   1101100 -> 0100000
   1101101 -> 1100000
   1101110 -> 1100001
   1110001 -> 1100011
   1110010 -> 1100010
   1110011 -> 1100110
   1110100 -> 1100111
   1110101 -> 1100101
   1110110 -> 1100100
   1110111 -> 1101100
   1111000 -> 1101101
   1111001 -> 1101111
   1111010 -> 1101110
   1111011 -> 1101010
   1111100 -> 1101011
   1111101 -> 1101001
   1111110 -> 1101000
   1111111 -> 1111000
Encoding state machine s_state[0:2] (in view: work.CTRL_32CH(rtl))
original code -> new code
   00 -> 00
   01 -> 01
   10 -> 10
Encoding state machine st[0:19] (in view: work.adif_seq(rtl))
original code -> new code
   00000 -> 00000
   00001 -> 00001
   00010 -> 00010
   00011 -> 00011
   00100 -> 00100
   00101 -> 00101
   00110 -> 00110
   00111 -> 00111
   01000 -> 01000
   01001 -> 01001
   01010 -> 01010
   01011 -> 01011
   01100 -> 01100
   01101 -> 01101
   01110 -> 01110
   01111 -> 01111
   10000 -> 10000
   10001 -> 10001
   10010 -> 10010
   10011 -> 10011
Encoding state machine s_state[0:2] (in view: work.TLC5916_CTRL(rtl))
original code -> new code
   00 -> 00
   01 -> 01
   10 -> 10
Encoding state machine st[0:5] (in view: work.ad8402(rtl))
original code -> new code
   0000 -> 000001
   0001 -> 000010
   0010 -> 000100
   0011 -> 001000
   0100 -> 010000
   1001 -> 100000
@N: FX493 |Applying initial value "1" on instance st[5].
@N: FX493 |Applying initial value "0" on instance st[4].
@N: FX493 |Applying initial value "0" on instance st[3].
@N: FX493 |Applying initial value "0" on instance st[2].
@N: FX493 |Applying initial value "0" on instance st[1].
@N: FX493 |Applying initial value "0" on instance st[0].
Encoding state machine s_sta[0:3] (in view: work.AD8402_CTRL(rtl))
original code -> new code
   00 -> 00
   01 -> 01
   10 -> 10
   11 -> 11
@N: MO225 :"c:\work\s127m\pcbno_10081\sp0557_rev02_00_ai\rtl\sp0557\ledlt\ad8402_ctrl\ad8402_ctrl.vhd":172:2:172:3|There are no possible illegal states for state machine s_sta[0:3] (in view: work.AD8402_CTRL(rtl)); safe FSM implementation is not required.
Encoding state machine visual_STOP_ST_current[0:4] (in view: work.ppmc_speed_cnt_0(rtl))
original code -> new code
   00001 -> 00001
   00010 -> 00010
   00100 -> 00100
   01000 -> 01000
   10000 -> 10000
Encoding state machine STATE[0:3] (in view: work.ppmc_ctrl_0(rtl))
original code -> new code
   0001 -> 00
   0010 -> 01
   0100 -> 10
   1000 -> 11
@N: MO225 :"c:\work\s127m\pcbno_10081\sp0557_rev02_00_ai\rtl\sp0557\compactppmc\ppmc_ctrl.vhd":283:8:283:9|There are no possible illegal states for state machine STATE[0:3] (in view: work.ppmc_ctrl_0(rtl)); safe FSM implementation is not required.
Encoding state machine visual_STOP_ST_current[0:4] (in view: work.ppmc_speed_cnt_1(rtl))
original code -> new code
   00001 -> 00001
   00010 -> 00010
   00100 -> 00100
   01000 -> 01000
   10000 -> 10000
Encoding state machine STATE[0:3] (in view: work.ppmc_ctrl_1(rtl))
original code -> new code
   0001 -> 00
   0010 -> 01
   0100 -> 10
   1000 -> 11
@N: MO225 :"c:\work\s127m\pcbno_10081\sp0557_rev02_00_ai\rtl\sp0557\compactppmc\ppmc_ctrl.vhd":283:8:283:9|There are no possible illegal states for state machine STATE[0:3] (in view: work.ppmc_ctrl_1(rtl)); safe FSM implementation is not required.
Encoding state machine visual_STOP_ST_current[0:4] (in view: work.ppmc_speed_cnt_2(rtl))
original code -> new code
   00001 -> 00001
   00010 -> 00010
   00100 -> 00100
   01000 -> 01000
   10000 -> 10000
Encoding state machine STATE[0:3] (in view: work.ppmc_ctrl_2(rtl))
original code -> new code
   0001 -> 00
   0010 -> 01
   0100 -> 10
   1000 -> 11
@N: MO225 :"c:\work\s127m\pcbno_10081\sp0557_rev02_00_ai\rtl\sp0557\compactppmc\ppmc_ctrl.vhd":283:8:283:9|There are no possible illegal states for state machine STATE[0:3] (in view: work.ppmc_ctrl_2(rtl)); safe FSM implementation is not required.
Encoding state machine visual_STOP_ST_current[0:4] (in view: work.ppmc_speed_cnt_3(rtl))
original code -> new code
   00001 -> 00001
   00010 -> 00010
   00100 -> 00100
   01000 -> 01000
   10000 -> 10000
Encoding state machine STATE[0:3] (in view: work.ppmc_ctrl_3(rtl))
original code -> new code
   0001 -> 00
   0010 -> 01
   0100 -> 10
   1000 -> 11
@N: MO225 :"c:\work\s127m\pcbno_10081\sp0557_rev02_00_ai\rtl\sp0557\compactppmc\ppmc_ctrl.vhd":283:8:283:9|There are no possible illegal states for state machine STATE[0:3] (in view: work.ppmc_ctrl_3(rtl)); safe FSM implementation is not required.
Encoding state machine visual_STOP_ST_current[0:4] (in view: work.ppmc_speed_cnt_4(rtl))
original code -> new code
   00001 -> 00001
   00010 -> 00010
   00100 -> 00100
   01000 -> 01000
   10000 -> 10000
Encoding state machine STATE[0:3] (in view: work.ppmc_ctrl_4(rtl))
original code -> new code
   0001 -> 00
   0010 -> 01
   0100 -> 10
   1000 -> 11
@N: MO225 :"c:\work\s127m\pcbno_10081\sp0557_rev02_00_ai\rtl\sp0557\compactppmc\ppmc_ctrl.vhd":283:8:283:9|There are no possible illegal states for state machine STATE[0:3] (in view: work.ppmc_ctrl_4(rtl)); safe FSM implementation is not required.
Encoding state machine visual_STOP_ST_current[0:4] (in view: work.ppmc_speed_cnt_5(rtl))
original code -> new code
   00001 -> 00001
   00010 -> 00010
   00100 -> 00100
   01000 -> 01000
   10000 -> 10000
Encoding state machine STATE[0:3] (in view: work.ppmc_ctrl_5(rtl))
original code -> new code
   0001 -> 00
   0010 -> 01
   0100 -> 10
   1000 -> 11
@N: MO225 :"c:\work\s127m\pcbno_10081\sp0557_rev02_00_ai\rtl\sp0557\compactppmc\ppmc_ctrl.vhd":283:8:283:9|There are no possible illegal states for state machine STATE[0:3] (in view: work.ppmc_ctrl_5(rtl)); safe FSM implementation is not required.
Encoding state machine visual_STOP_ST_current[0:4] (in view: work.ppmc_speed_cnt_6(rtl))
original code -> new code
   00001 -> 00001
   00010 -> 00010
   00100 -> 00100
   01000 -> 01000
   10000 -> 10000
Encoding state machine STATE[0:3] (in view: work.ppmc_ctrl_6(rtl))
original code -> new code
   0001 -> 00
   0010 -> 01
   0100 -> 10
   1000 -> 11
@N: MO225 :"c:\work\s127m\pcbno_10081\sp0557_rev02_00_ai\rtl\sp0557\compactppmc\ppmc_ctrl.vhd":283:8:283:9|There are no possible illegal states for state machine STATE[0:3] (in view: work.ppmc_ctrl_6(rtl)); safe FSM implementation is not required.
Encoding state machine visual_STOP_ST_current[0:4] (in view: work.ppmc_speed_cnt_7(rtl))
original code -> new code
   00001 -> 00001
   00010 -> 00010
   00100 -> 00100
   01000 -> 01000
   10000 -> 10000
Encoding state machine STATE[0:3] (in view: work.ppmc_ctrl_7(rtl))
original code -> new code
   0001 -> 00
   0010 -> 01
   0100 -> 10
   1000 -> 11
@N: MO225 :"c:\work\s127m\pcbno_10081\sp0557_rev02_00_ai\rtl\sp0557\compactppmc\ppmc_ctrl.vhd":283:8:283:9|There are no possible illegal states for state machine STATE[0:3] (in view: work.ppmc_ctrl_7(rtl)); safe FSM implementation is not required.
Encoding state machine visual_STOP_ST_current[0:4] (in view: work.ppmc_speed_cnt_8(rtl))
original code -> new code
   00001 -> 00001
   00010 -> 00010
   00100 -> 00100
   01000 -> 01000
   10000 -> 10000
Encoding state machine STATE[0:3] (in view: work.ppmc_ctrl_8(rtl))
original code -> new code
   0001 -> 00
   0010 -> 01
   0100 -> 10
   1000 -> 11
@N: MO225 :"c:\work\s127m\pcbno_10081\sp0557_rev02_00_ai\rtl\sp0557\compactppmc\ppmc_ctrl.vhd":283:8:283:9|There are no possible illegal states for state machine STATE[0:3] (in view: work.ppmc_ctrl_8(rtl)); safe FSM implementation is not required.
Encoding state machine visual_STOP_ST_current[0:4] (in view: work.ppmc_speed_cnt_9(rtl))
original code -> new code
   00001 -> 00001
   00010 -> 00010
   00100 -> 00100
   01000 -> 01000
   10000 -> 10000
Encoding state machine STATE[0:3] (in view: work.ppmc_ctrl_9(rtl))
original code -> new code
   0001 -> 00
   0010 -> 01
   0100 -> 10
   1000 -> 11
@N: MO225 :"c:\work\s127m\pcbno_10081\sp0557_rev02_00_ai\rtl\sp0557\compactppmc\ppmc_ctrl.vhd":283:8:283:9|There are no possible illegal states for state machine STATE[0:3] (in view: work.ppmc_ctrl_9(rtl)); safe FSM implementation is not required.
Encoding state machine visual_STOP_ST_current[0:4] (in view: work.ppmc_speed_cnt_10(rtl))
original code -> new code
   00001 -> 00001
   00010 -> 00010
   00100 -> 00100
   01000 -> 01000
   10000 -> 10000
Encoding state machine STATE[0:3] (in view: work.ppmc_ctrl_10(rtl))
original code -> new code
   0001 -> 00
   0010 -> 01
   0100 -> 10
   1000 -> 11
@N: MO225 :"c:\work\s127m\pcbno_10081\sp0557_rev02_00_ai\rtl\sp0557\compactppmc\ppmc_ctrl.vhd":283:8:283:9|There are no possible illegal states for state machine STATE[0:3] (in view: work.ppmc_ctrl_10(rtl)); safe FSM implementation is not required.
Encoding state machine visual_STOP_ST_current[0:4] (in view: work.ppmc_speed_cnt_11(rtl))
original code -> new code
   00001 -> 00001
   00010 -> 00010
   00100 -> 00100
   01000 -> 01000
   10000 -> 10000
Encoding state machine STATE[0:3] (in view: work.ppmc_ctrl_11(rtl))
original code -> new code
   0001 -> 00
   0010 -> 01
   0100 -> 10
   1000 -> 11
@N: MO225 :"c:\work\s127m\pcbno_10081\sp0557_rev02_00_ai\rtl\sp0557\compactppmc\ppmc_ctrl.vhd":283:8:283:9|There are no possible illegal states for state machine STATE[0:3] (in view: work.ppmc_ctrl_11(rtl)); safe FSM implementation is not required.
Encoding state machine visual_STOP_ST_current[0:4] (in view: work.ppmc_speed_cnt_12(rtl))
original code -> new code
   00001 -> 00001
   00010 -> 00010
   00100 -> 00100
   01000 -> 01000
   10000 -> 10000
Encoding state machine STATE[0:3] (in view: work.ppmc_ctrl_12(rtl))
original code -> new code
   0001 -> 00
   0010 -> 01
   0100 -> 10
   1000 -> 11
@N: MO225 :"c:\work\s127m\pcbno_10081\sp0557_rev02_00_ai\rtl\sp0557\compactppmc\ppmc_ctrl.vhd":283:8:283:9|There are no possible illegal states for state machine STATE[0:3] (in view: work.ppmc_ctrl_12(rtl)); safe FSM implementation is not required.

Starting clock optimization phase (Real Time elapsed 0h:00m:02s; CPU Time elapsed 0h:00m:01s; Memory used current: 258MB peak: 258MB)


mixed edge conversion for GCC is OFF

Finished clock optimization phase (Real Time elapsed 0h:00m:02s; CPU Time elapsed 0h:00m:01s; Memory used current: 261MB peak: 261MB)


Starting clock optimization report phase (Real Time elapsed 0h:00m:02s; CPU Time elapsed 0h:00m:02s; Memory used current: 261MB peak: 261MB)


Finished clock optimization report phase (Real Time elapsed 0h:00m:02s; CPU Time elapsed 0h:00m:02s; Memory used current: 261MB peak: 262MB)

@N: FX1184 |Applying syn_allowed_resources blockrams=56 on top level netlist SP0557 

Finished netlist restructuring (Real Time elapsed 0h:00m:03s; CPU Time elapsed 0h:00m:02s; Memory used current: 261MB peak: 262MB)



Clock Summary
******************

          Start                             Requested     Requested     Clock        Clock               Clock
Level     Clock                             Frequency     Period        Type         Group               Load 
--------------------------------------------------------------------------------------------------------------
0 -       System                            200.0 MHz     5.000         system       system_clkgroup     0    
                                                                                                              
0 -       pll_gen|CLKOS2_inferred_clock     200.0 MHz     5.000         inferred     (multiple)          8628 
                                                                                                              
0 -       pll_gen|CLKOS3_inferred_clock     200.0 MHz     5.000         inferred     (multiple)          545  
                                                                                                              
0 -       pll_gen|CLKOP_inferred_clock      200.0 MHz     5.000         inferred     (multiple)          258  
                                                                                                              
0 -       pll_gen|CLKOS_inferred_clock      200.0 MHz     5.000         inferred     (multiple)          22   
                                                                                                              
0 -       SP0557|CLK20M                     200.0 MHz     5.000         inferred     (multiple)          12   
==============================================================================================================



Clock Load Summary
***********************

                                  Clock     Source                                                                Clock Pin                                                      Non-clock Pin                                          Non-clock Pin                                                 
Clock                             Load      Pin                                                                   Seq Example                                                    Seq Example                                            Comb Example                                                  
------------------------------------------------------------------------------------------------------------------------------------------------------------------------------------------------------------------------------------------------------------------------------------------------------
System                            0         -                                                                     -                                                              -                                                      -                                                             
                                                                                                                                                                                                                                                                                                      
pll_gen|CLKOS2_inferred_clock     8628      slv_com_top_inst.clk_gen_inst2.PLL_inst.PLLInst_0.CLKOS2(EHXPLLL)     gpio02.gpio_reg_inst.gpio_op_reg_inst19.REG[7:0].C             -                                                      -                                                             
                                                                                                                                                                                                                                                                                                      
pll_gen|CLKOS3_inferred_clock     545       slv_com_top_inst.clk_gen_inst2.PLL_inst.PLLInst_0.CLKOS3(EHXPLLL)     slv_com_top_inst.rx_com_inst.rx_cont_b2_inst.rxd_1q[7:0].C     gpio02.gpio_reg_inst.gpio_op_reg_inst19.REG[7:0].E     gpio02.gpio_reg_inst.gpio_op_reg_inst19.un1_writeenb.I[0](inv)
                                                                                                                                                                                                                                                                                                      
pll_gen|CLKOP_inferred_clock      258       slv_com_top_inst.clk_gen_inst2.PLL_inst.PLLInst_0.CLKOP(EHXPLLL)      slv_com_top_inst.cds_inst.cz[0].C                              -                                                      slv_com_top_inst.cds_inst.un1_clk2.I[0](inv)                  
                                                                                                                                                                                                                                                                                                      
pll_gen|CLKOS_inferred_clock      22        slv_com_top_inst.clk_gen_inst2.PLL_inst.PLLInst_0.CLKOS(EHXPLLL)      slv_com_top_inst.cds_inst.bz[0].C                              -                                                      slv_com_top_inst.cds_inst.un1_clk2a.I[0](inv)                 
                                                                                                                                                                                                                                                                                                      
SP0557|CLK20M                     12        CLK20M(port)                                                          slv_com_top_inst.ckgen_rstb.C                                  -                                                      -                                                             
======================================================================================================================================================================================================================================================================================================

@W: MT529 :"c:\work\s127m\pcbno_10081\sp0557_rev02_00_ai\rtl\sp0557\slv_com\slvadr_cnv.vhd":50:4:50:5|Found inferred clock pll_gen|CLKOS2_inferred_clock which controls 8628 sequential elements including slv_com_top_inst.slvadr_cnv_inst.s_HEX_OUT[5:0]. This clock has no specified timing constraint which may prevent conversion of gated or generated clocks and may adversely impact design performance. 
@W: MT529 :"c:\work\s127m\pcbno_10081\sp0557_rev02_00_ai\rtl\sp0557\slv_com\rst_cnt.vhd":60:2:60:3|Found inferred clock SP0557|CLK20M which controls 12 sequential elements including slv_com_top_inst.rst_cnt_inst.clk_cntr[8:0]. This clock has no specified timing constraint which may prevent conversion of gated or generated clocks and may adversely impact design performance. 
@W: MT529 :"c:\work\s127m\pcbno_10081\sp0557_rev02_00_ai\rtl\sp0557\slv_com\rst_cnt.vhd":108:2:108:3|Found inferred clock pll_gen|CLKOS_inferred_clock which controls 22 sequential elements including slv_com_top_inst.rst_cnt_inst.clk2An_cntr[8:0]. This clock has no specified timing constraint which may prevent conversion of gated or generated clocks and may adversely impact design performance. 
@W: MT529 :"c:\work\s127m\pcbno_10081\sp0557_rev02_00_ai\rtl\sp0557\slv_com\rst_cnt.vhd":84:2:84:3|Found inferred clock pll_gen|CLKOP_inferred_clock which controls 258 sequential elements including slv_com_top_inst.rst_cnt_inst.clk2n_cntr[8:0]. This clock has no specified timing constraint which may prevent conversion of gated or generated clocks and may adversely impact design performance. 
@W: MT529 :"c:\work\s127m\pcbno_10081\sp0557_rev02_00_ai\rtl\sp0557\slv_com\slv_ctrl\slv_tx_ctrl.vhd":78:8:78:9|Found inferred clock pll_gen|CLKOS3_inferred_clock which controls 545 sequential elements including slv_com_top_inst.slv_ctrl_top_inst.slv_tx_ctrl_inst.STATE[0]. This clock has no specified timing constraint which may prevent conversion of gated or generated clocks and may adversely impact design performance. 

ICG Latch Removal Summary:
Number of ICG latches removed: 0
Number of ICG latches not removed:	0


@S |Clock Optimization Summary



#### START OF PREMAP CLOCK OPTIMIZATION REPORT #####[

5 non-gated/non-generated clock tree(s) driving 9465 clock pin(s) of sequential element(s)
0 gated/generated clock tree(s) driving 0 clock pin(s) of sequential element(s)
0 instances converted, 0 sequential instances remain driven by gated/generated clocks

================================================================ Non-Gated/Non-Generated Clocks ================================================================
Clock Tree ID     Driving Element                                              Drive Element Type     Fanout     Sample Instance                                
----------------------------------------------------------------------------------------------------------------------------------------------------------------
@KP:ckid0_0       slv_com_top_inst.clk_gen_inst2.PLL_inst.PLLInst_0.CLKOS2     EHXPLLL                8628       slv_com_top_inst.slvadr_cnv_inst.s_HEX_OUT[5:0]
@KP:ckid0_1       slv_com_top_inst.clk_gen_inst2.PLL_inst.PLLInst_0.CLKOP      EHXPLLL                258        slv_com_top_inst.cds_inst.data_sel[1:0]        
@KP:ckid0_2       slv_com_top_inst.clk_gen_inst2.PLL_inst.PLLInst_0.CLKOS      EHXPLLL                22         slv_com_top_inst.cds_inst.dz[2]                
@KP:ckid0_3       slv_com_top_inst.clk_gen_inst2.PLL_inst.PLLInst_0.CLKOS3     EHXPLLL                545        slv_com_top_inst.slv_ctrl_top_inst.s_prpty[0]  
@KP:ckid0_4       CLK20M                                                       port                   12         slv_com_top_inst.ck_state[1]                   
================================================================================================================================================================


##### END OF CLOCK OPTIMIZATION REPORT ######


Summary of user generated gated clocks:
0 user generated gated/generated clock tree(s) driving 0 clock pin(s) of sequential element(s)

@N: FX1143 |Skipping assigning INTERNAL_VREF to iobanks, because the table of mapping from pin to iobank is not initialized.
Finished Pre Mapping Phase.

Starting constraint checker (Real Time elapsed 0h:00m:04s; CPU Time elapsed 0h:00m:03s; Memory used current: 248MB peak: 262MB)


Finished constraint checker preprocessing (Real Time elapsed 0h:00m:04s; CPU Time elapsed 0h:00m:03s; Memory used current: 257MB peak: 262MB)


Finished constraint checker (Real Time elapsed 0h:00m:04s; CPU Time elapsed 0h:00m:03s; Memory used current: 264MB peak: 264MB)

Pre-mapping successful!

At Mapper Exit (Real Time elapsed 0h:00m:04s; CPU Time elapsed 0h:00m:03s; Memory used current: 165MB peak: 265MB)

Process took 0h:00m:04s realtime, 0h:00m:03s cputime
# Tue Feb 24 10:30:25 2026

###########################################################]
# Tue Feb 24 10:30:26 2026


Copyright (C) 1994-2023 Synopsys, Inc.
This Synopsys software and all associated documentation are proprietary to Synopsys, Inc.
and may only be used pursuant to the terms and conditions of a written license agreement
with Synopsys, Inc. All other use, reproduction, modification, or distribution of the
Synopsys software or the associated documentation is strictly prohibited.
Tool: Synplify Pro (R)
Build: U-2023.03L-SP1
Install: C:\lscc\diamond\3.13\synpbase
OS: Windows 10 or later
Hostname: SCPP006598

Implementation : SP0557
Synopsys Lattice Technology Mapper, Version map202303lat, Build 132R, Built Aug 31 2023 04:16:35, @


Mapper Startup Complete (Real Time elapsed 0h:00m:00s; CPU Time elapsed 0h:00m:00s; Memory used current: 122MB peak: 122MB)

@N: MF916 |Option synthesis_strategy=base is enabled. 
@N: MF248 |Running in 64-bit mode.
@N: MF666 |Clock conversion enabled. (Command "set_option -fix_gated_and_generated_clocks 1" in the project file.)

Design Input Complete (Real Time elapsed 0h:00m:00s; CPU Time elapsed 0h:00m:00s; Memory used current: 124MB peak: 136MB)


Mapper Initialization Complete (Real Time elapsed 0h:00m:00s; CPU Time elapsed 0h:00m:00s; Memory used current: 124MB peak: 136MB)


Start loading timing files (Real Time elapsed 0h:00m:00s; CPU Time elapsed 0h:00m:00s; Memory used current: 138MB peak: 138MB)


Finished loading timing files (Real Time elapsed 0h:00m:00s; CPU Time elapsed 0h:00m:00s; Memory used current: 140MB peak: 142MB)



Starting Optimization and Mapping (Real Time elapsed 0h:00m:00s; CPU Time elapsed 0h:00m:00s; Memory used current: 205MB peak: 205MB)

@N: BZ173 :"c:\work\s127m\pcbno_10081\sp0557_rev02_00_ai\rtl\sp0557\compactppmc\ppmc_id.vhd":39:8:39:11|ROM ppmc_id_inst.IDDO_1[6:0] (in view: work.ppmc_top_S118M_12(rtl)) mapped in logic.
@N: BZ173 :"c:\work\s127m\pcbno_10081\sp0557_rev02_00_ai\rtl\sp0557\compactppmc\ppmc_id.vhd":39:8:39:11|ROM ppmc_id_inst.IDDO_1[6:0] (in view: work.ppmc_top_S118M_12(rtl)) mapped in logic.
@N: MO106 :"c:\work\s127m\pcbno_10081\sp0557_rev02_00_ai\rtl\sp0557\compactppmc\ppmc_id.vhd":39:8:39:11|Found ROM ppmc_id_inst.IDDO_1[6:0] (in view: work.ppmc_top_S118M_12(rtl)) with 32 words by 7 bits.
@N: BZ173 :"c:\work\s127m\pcbno_10081\sp0557_rev02_00_ai\rtl\sp0557\compactppmc\ppmc_id.vhd":39:8:39:11|ROM ppmc_id_inst.IDDO_1[6:0] (in view: work.ppmc_top_S118M_11(rtl)) mapped in logic.
@N: BZ173 :"c:\work\s127m\pcbno_10081\sp0557_rev02_00_ai\rtl\sp0557\compactppmc\ppmc_id.vhd":39:8:39:11|ROM ppmc_id_inst.IDDO_1[6:0] (in view: work.ppmc_top_S118M_11(rtl)) mapped in logic.
@N: MO106 :"c:\work\s127m\pcbno_10081\sp0557_rev02_00_ai\rtl\sp0557\compactppmc\ppmc_id.vhd":39:8:39:11|Found ROM ppmc_id_inst.IDDO_1[6:0] (in view: work.ppmc_top_S118M_11(rtl)) with 32 words by 7 bits.
@N: BZ173 :"c:\work\s127m\pcbno_10081\sp0557_rev02_00_ai\rtl\sp0557\compactppmc\ppmc_id.vhd":39:8:39:11|ROM ppmc_id_inst.IDDO_1[6:0] (in view: work.ppmc_top_S118M_10(rtl)) mapped in logic.
@N: BZ173 :"c:\work\s127m\pcbno_10081\sp0557_rev02_00_ai\rtl\sp0557\compactppmc\ppmc_id.vhd":39:8:39:11|ROM ppmc_id_inst.IDDO_1[6:0] (in view: work.ppmc_top_S118M_10(rtl)) mapped in logic.
@N: MO106 :"c:\work\s127m\pcbno_10081\sp0557_rev02_00_ai\rtl\sp0557\compactppmc\ppmc_id.vhd":39:8:39:11|Found ROM ppmc_id_inst.IDDO_1[6:0] (in view: work.ppmc_top_S118M_10(rtl)) with 32 words by 7 bits.
@N: BZ173 :"c:\work\s127m\pcbno_10081\sp0557_rev02_00_ai\rtl\sp0557\compactppmc\ppmc_id.vhd":39:8:39:11|ROM ppmc_id_inst.IDDO_1[6:0] (in view: work.ppmc_top_S118M_9(rtl)) mapped in logic.
@N: BZ173 :"c:\work\s127m\pcbno_10081\sp0557_rev02_00_ai\rtl\sp0557\compactppmc\ppmc_id.vhd":39:8:39:11|ROM ppmc_id_inst.IDDO_1[6:0] (in view: work.ppmc_top_S118M_9(rtl)) mapped in logic.
@N: MO106 :"c:\work\s127m\pcbno_10081\sp0557_rev02_00_ai\rtl\sp0557\compactppmc\ppmc_id.vhd":39:8:39:11|Found ROM ppmc_id_inst.IDDO_1[6:0] (in view: work.ppmc_top_S118M_9(rtl)) with 32 words by 7 bits.
@N: BZ173 :"c:\work\s127m\pcbno_10081\sp0557_rev02_00_ai\rtl\sp0557\compactppmc\ppmc_id.vhd":39:8:39:11|ROM ppmc_id_inst.IDDO_1[6:0] (in view: work.ppmc_top_S118M_8(rtl)) mapped in logic.
@N: BZ173 :"c:\work\s127m\pcbno_10081\sp0557_rev02_00_ai\rtl\sp0557\compactppmc\ppmc_id.vhd":39:8:39:11|ROM ppmc_id_inst.IDDO_1[6:0] (in view: work.ppmc_top_S118M_8(rtl)) mapped in logic.
@N: MO106 :"c:\work\s127m\pcbno_10081\sp0557_rev02_00_ai\rtl\sp0557\compactppmc\ppmc_id.vhd":39:8:39:11|Found ROM ppmc_id_inst.IDDO_1[6:0] (in view: work.ppmc_top_S118M_8(rtl)) with 32 words by 7 bits.
@N: BZ173 :"c:\work\s127m\pcbno_10081\sp0557_rev02_00_ai\rtl\sp0557\compactppmc\ppmc_id.vhd":39:8:39:11|ROM ppmc_id_inst.IDDO_1[6:0] (in view: work.ppmc_top_S118M_7(rtl)) mapped in logic.
@N: BZ173 :"c:\work\s127m\pcbno_10081\sp0557_rev02_00_ai\rtl\sp0557\compactppmc\ppmc_id.vhd":39:8:39:11|ROM ppmc_id_inst.IDDO_1[6:0] (in view: work.ppmc_top_S118M_7(rtl)) mapped in logic.
@N: MO106 :"c:\work\s127m\pcbno_10081\sp0557_rev02_00_ai\rtl\sp0557\compactppmc\ppmc_id.vhd":39:8:39:11|Found ROM ppmc_id_inst.IDDO_1[6:0] (in view: work.ppmc_top_S118M_7(rtl)) with 32 words by 7 bits.
@N: BZ173 :"c:\work\s127m\pcbno_10081\sp0557_rev02_00_ai\rtl\sp0557\compactppmc\ppmc_id.vhd":39:8:39:11|ROM ppmc_id_inst.IDDO_1[6:0] (in view: work.ppmc_top_S118M_6(rtl)) mapped in logic.
@N: BZ173 :"c:\work\s127m\pcbno_10081\sp0557_rev02_00_ai\rtl\sp0557\compactppmc\ppmc_id.vhd":39:8:39:11|ROM ppmc_id_inst.IDDO_1[6:0] (in view: work.ppmc_top_S118M_6(rtl)) mapped in logic.
@N: MO106 :"c:\work\s127m\pcbno_10081\sp0557_rev02_00_ai\rtl\sp0557\compactppmc\ppmc_id.vhd":39:8:39:11|Found ROM ppmc_id_inst.IDDO_1[6:0] (in view: work.ppmc_top_S118M_6(rtl)) with 32 words by 7 bits.
@N: BZ173 :"c:\work\s127m\pcbno_10081\sp0557_rev02_00_ai\rtl\sp0557\compactppmc\ppmc_id.vhd":39:8:39:11|ROM ppmc_id_inst.IDDO_1[6:0] (in view: work.ppmc_top_S118M_5(rtl)) mapped in logic.
@N: BZ173 :"c:\work\s127m\pcbno_10081\sp0557_rev02_00_ai\rtl\sp0557\compactppmc\ppmc_id.vhd":39:8:39:11|ROM ppmc_id_inst.IDDO_1[6:0] (in view: work.ppmc_top_S118M_5(rtl)) mapped in logic.
@N: MO106 :"c:\work\s127m\pcbno_10081\sp0557_rev02_00_ai\rtl\sp0557\compactppmc\ppmc_id.vhd":39:8:39:11|Found ROM ppmc_id_inst.IDDO_1[6:0] (in view: work.ppmc_top_S118M_5(rtl)) with 32 words by 7 bits.
@N: BZ173 :"c:\work\s127m\pcbno_10081\sp0557_rev02_00_ai\rtl\sp0557\compactppmc\ppmc_id.vhd":39:8:39:11|ROM ppmc_id_inst.IDDO_1[6:0] (in view: work.ppmc_top_S118M_4(rtl)) mapped in logic.
@N: BZ173 :"c:\work\s127m\pcbno_10081\sp0557_rev02_00_ai\rtl\sp0557\compactppmc\ppmc_id.vhd":39:8:39:11|ROM ppmc_id_inst.IDDO_1[6:0] (in view: work.ppmc_top_S118M_4(rtl)) mapped in logic.
@N: MO106 :"c:\work\s127m\pcbno_10081\sp0557_rev02_00_ai\rtl\sp0557\compactppmc\ppmc_id.vhd":39:8:39:11|Found ROM ppmc_id_inst.IDDO_1[6:0] (in view: work.ppmc_top_S118M_4(rtl)) with 32 words by 7 bits.
@N: BZ173 :"c:\work\s127m\pcbno_10081\sp0557_rev02_00_ai\rtl\sp0557\compactppmc\ppmc_id.vhd":39:8:39:11|ROM ppmc_id_inst.IDDO_1[6:0] (in view: work.ppmc_top_S118M_3(rtl)) mapped in logic.
@N: BZ173 :"c:\work\s127m\pcbno_10081\sp0557_rev02_00_ai\rtl\sp0557\compactppmc\ppmc_id.vhd":39:8:39:11|ROM ppmc_id_inst.IDDO_1[6:0] (in view: work.ppmc_top_S118M_3(rtl)) mapped in logic.
@N: MO106 :"c:\work\s127m\pcbno_10081\sp0557_rev02_00_ai\rtl\sp0557\compactppmc\ppmc_id.vhd":39:8:39:11|Found ROM ppmc_id_inst.IDDO_1[6:0] (in view: work.ppmc_top_S118M_3(rtl)) with 32 words by 7 bits.
@N: BZ173 :"c:\work\s127m\pcbno_10081\sp0557_rev02_00_ai\rtl\sp0557\compactppmc\ppmc_id.vhd":39:8:39:11|ROM ppmc_id_inst.IDDO_1[6:0] (in view: work.ppmc_top_S118M_2(rtl)) mapped in logic.
@N: BZ173 :"c:\work\s127m\pcbno_10081\sp0557_rev02_00_ai\rtl\sp0557\compactppmc\ppmc_id.vhd":39:8:39:11|ROM ppmc_id_inst.IDDO_1[6:0] (in view: work.ppmc_top_S118M_2(rtl)) mapped in logic.
@N: MO106 :"c:\work\s127m\pcbno_10081\sp0557_rev02_00_ai\rtl\sp0557\compactppmc\ppmc_id.vhd":39:8:39:11|Found ROM ppmc_id_inst.IDDO_1[6:0] (in view: work.ppmc_top_S118M_2(rtl)) with 32 words by 7 bits.
@N: BZ173 :"c:\work\s127m\pcbno_10081\sp0557_rev02_00_ai\rtl\sp0557\compactppmc\ppmc_id.vhd":39:8:39:11|ROM ppmc_id_inst.IDDO_1[6:0] (in view: work.ppmc_top_S118M_1(rtl)) mapped in logic.
@N: BZ173 :"c:\work\s127m\pcbno_10081\sp0557_rev02_00_ai\rtl\sp0557\compactppmc\ppmc_id.vhd":39:8:39:11|ROM ppmc_id_inst.IDDO_1[6:0] (in view: work.ppmc_top_S118M_1(rtl)) mapped in logic.
@N: MO106 :"c:\work\s127m\pcbno_10081\sp0557_rev02_00_ai\rtl\sp0557\compactppmc\ppmc_id.vhd":39:8:39:11|Found ROM ppmc_id_inst.IDDO_1[6:0] (in view: work.ppmc_top_S118M_1(rtl)) with 32 words by 7 bits.
@N: BZ173 :"c:\work\s127m\pcbno_10081\sp0557_rev02_00_ai\rtl\sp0557\compactppmc\ppmc_id.vhd":39:8:39:11|ROM ppmc_id_inst.IDDO_1[6:0] (in view: work.ppmc_top_S118M_0(rtl)) mapped in logic.
@N: BZ173 :"c:\work\s127m\pcbno_10081\sp0557_rev02_00_ai\rtl\sp0557\compactppmc\ppmc_id.vhd":39:8:39:11|ROM ppmc_id_inst.IDDO_1[6:0] (in view: work.ppmc_top_S118M_0(rtl)) mapped in logic.
@N: MO106 :"c:\work\s127m\pcbno_10081\sp0557_rev02_00_ai\rtl\sp0557\compactppmc\ppmc_id.vhd":39:8:39:11|Found ROM ppmc_id_inst.IDDO_1[6:0] (in view: work.ppmc_top_S118M_0(rtl)) with 32 words by 7 bits.
@N: BZ173 :"c:\work\s127m\pcbno_10081\sp0557_rev02_00_ai\rtl\sp0557\gpio\gpio_id.vhd":40:8:40:11|ROM gpio_id_inst.IDDO_1[6:0] (in view: work.gpio_top_0(rtl)) mapped in logic.
@N: BZ173 :"c:\work\s127m\pcbno_10081\sp0557_rev02_00_ai\rtl\sp0557\gpio\gpio_id.vhd":40:8:40:11|ROM gpio_id_inst.IDDO_1[6:0] (in view: work.gpio_top_0(rtl)) mapped in logic.
@N: MO106 :"c:\work\s127m\pcbno_10081\sp0557_rev02_00_ai\rtl\sp0557\gpio\gpio_id.vhd":40:8:40:11|Found ROM gpio_id_inst.IDDO_1[6:0] (in view: work.gpio_top_0(rtl)) with 32 words by 7 bits.
@N: BZ173 :"c:\work\s127m\pcbno_10081\sp0557_rev02_00_ai\rtl\sp0557\gpio\gpio_id.vhd":40:8:40:11|ROM gpio01.gpio_id_inst.IDDO_1[6:0] (in view: work.SP0557(rtl)) mapped in logic.
@N: BZ173 :"c:\work\s127m\pcbno_10081\sp0557_rev02_00_ai\rtl\sp0557\gpio\gpio_id.vhd":40:8:40:11|ROM gpio01.gpio_id_inst.IDDO_1[6:0] (in view: work.SP0557(rtl)) mapped in logic.
@N: MO106 :"c:\work\s127m\pcbno_10081\sp0557_rev02_00_ai\rtl\sp0557\gpio\gpio_id.vhd":40:8:40:11|Found ROM gpio01.gpio_id_inst.IDDO_1[6:0] (in view: work.SP0557(rtl)) with 32 words by 7 bits.

Finished RTL optimizations (Real Time elapsed 0h:00m:01s; CPU Time elapsed 0h:00m:01s; Memory used current: 243MB peak: 243MB)

@N: MO231 :"c:\work\s127m\pcbno_10081\sp0557_rev02_00_ai\rtl\sp0557\slv_com\rst_cnt.vhd":108:2:108:3|Found counter in view:work.slv_com_top(rtl) instance rst_cnt_inst.clk2An_cntr[8:0] 
@N: MO231 :"c:\work\s127m\pcbno_10081\sp0557_rev02_00_ai\rtl\sp0557\slv_com\rst_cnt.vhd":96:2:96:3|Found counter in view:work.slv_com_top(rtl) instance rst_cnt_inst.clk2Ap_cntr[8:0] 
@N: MO231 :"c:\work\s127m\pcbno_10081\sp0557_rev02_00_ai\rtl\sp0557\slv_com\rst_cnt.vhd":84:2:84:3|Found counter in view:work.slv_com_top(rtl) instance rst_cnt_inst.clk2n_cntr[8:0] 
@N: MO231 :"c:\work\s127m\pcbno_10081\sp0557_rev02_00_ai\rtl\sp0557\slv_com\rst_cnt.vhd":72:2:72:3|Found counter in view:work.slv_com_top(rtl) instance rst_cnt_inst.clk2p_cntr[8:0] 
@N: MO231 :"c:\work\s127m\pcbno_10081\sp0557_rev02_00_ai\rtl\sp0557\slv_com\rst_cnt.vhd":60:2:60:3|Found counter in view:work.slv_com_top(rtl) instance rst_cnt_inst.clk_cntr[8:0] 
@N: MO231 :"c:\work\s127m\pcbno_10081\sp0557_rev02_00_ai\rtl\sp0557\slv_com\slv_ctrl\slv_tx_ctrl.vhd":78:8:78:9|Found counter in view:work.slv_tx_ctrl(rtl) instance LA[4:0] 
@N: BN362 :"c:\work\s127m\pcbno_10081\sp0557_rev02_00_ai\rtl\sp0557\slv_com\slv_ctrl\slv_rx_ctrl.vhd":108:2:108:3|Removing sequential instance prpty_data[7] (in view: work.slv_rx_ctrl(rtl)) because it does not drive other instances.
@A: BN291 :"c:\work\s127m\pcbno_10081\sp0557_rev02_00_ai\rtl\sp0557\slv_com\slv_ctrl\slv_rx_ctrl.vhd":108:2:108:3|Boundary register prpty_data[7] (in view: work.slv_rx_ctrl(rtl)) is packed into a complex cell. To disable register packing, set syn_keep=1 on the net between the register and the complex cell. 
@N: BN362 :"c:\work\s127m\pcbno_10081\sp0557_rev02_00_ai\rtl\sp0557\slv_com\slv_ctrl\slv_rx_ctrl.vhd":108:2:108:3|Removing sequential instance prpty_data[5] (in view: work.slv_rx_ctrl(rtl)) because it does not drive other instances.
@A: BN291 :"c:\work\s127m\pcbno_10081\sp0557_rev02_00_ai\rtl\sp0557\slv_com\slv_ctrl\slv_rx_ctrl.vhd":108:2:108:3|Boundary register prpty_data[5] (in view: work.slv_rx_ctrl(rtl)) is packed into a complex cell. To disable register packing, set syn_keep=1 on the net between the register and the complex cell. 
@N: BN362 :"c:\work\s127m\pcbno_10081\sp0557_rev02_00_ai\rtl\sp0557\slv_com\slv_ctrl\slv_rx_ctrl.vhd":108:2:108:3|Removing sequential instance prpty_data[4] (in view: work.slv_rx_ctrl(rtl)) because it does not drive other instances.
@A: BN291 :"c:\work\s127m\pcbno_10081\sp0557_rev02_00_ai\rtl\sp0557\slv_com\slv_ctrl\slv_rx_ctrl.vhd":108:2:108:3|Boundary register prpty_data[4] (in view: work.slv_rx_ctrl(rtl)) is packed into a complex cell. To disable register packing, set syn_keep=1 on the net between the register and the complex cell. 
@N: BN362 :"c:\work\s127m\pcbno_10081\sp0557_rev02_00_ai\rtl\sp0557\slv_com\slv_ctrl\slv_rx_ctrl.vhd":108:2:108:3|Removing sequential instance prpty_data[3] (in view: work.slv_rx_ctrl(rtl)) because it does not drive other instances.
@A: BN291 :"c:\work\s127m\pcbno_10081\sp0557_rev02_00_ai\rtl\sp0557\slv_com\slv_ctrl\slv_rx_ctrl.vhd":108:2:108:3|Boundary register prpty_data[3] (in view: work.slv_rx_ctrl(rtl)) is packed into a complex cell. To disable register packing, set syn_keep=1 on the net between the register and the complex cell. 
@N: BN362 :"c:\work\s127m\pcbno_10081\sp0557_rev02_00_ai\rtl\sp0557\slv_com\slv_ctrl\slv_rx_ctrl.vhd":108:2:108:3|Removing sequential instance prpty_data[2] (in view: work.slv_rx_ctrl(rtl)) because it does not drive other instances.
@A: BN291 :"c:\work\s127m\pcbno_10081\sp0557_rev02_00_ai\rtl\sp0557\slv_com\slv_ctrl\slv_rx_ctrl.vhd":108:2:108:3|Boundary register prpty_data[2] (in view: work.slv_rx_ctrl(rtl)) is packed into a complex cell. To disable register packing, set syn_keep=1 on the net between the register and the complex cell. 
@N: BN362 :"c:\work\s127m\pcbno_10081\sp0557_rev02_00_ai\rtl\sp0557\slv_com\slv_ctrl\slv_rx_ctrl.vhd":108:2:108:3|Removing sequential instance prpty_data[1] (in view: work.slv_rx_ctrl(rtl)) because it does not drive other instances.
@A: BN291 :"c:\work\s127m\pcbno_10081\sp0557_rev02_00_ai\rtl\sp0557\slv_com\slv_ctrl\slv_rx_ctrl.vhd":108:2:108:3|Boundary register prpty_data[1] (in view: work.slv_rx_ctrl(rtl)) is packed into a complex cell. To disable register packing, set syn_keep=1 on the net between the register and the complex cell. 
@N: BN362 :"c:\work\s127m\pcbno_10081\sp0557_rev02_00_ai\rtl\sp0557\slv_com\slv_ctrl\slv_rx_ctrl.vhd":108:2:108:3|Removing sequential instance prpty_data[0] (in view: work.slv_rx_ctrl(rtl)) because it does not drive other instances.
@A: BN291 :"c:\work\s127m\pcbno_10081\sp0557_rev02_00_ai\rtl\sp0557\slv_com\slv_ctrl\slv_rx_ctrl.vhd":108:2:108:3|Boundary register prpty_data[0] (in view: work.slv_rx_ctrl(rtl)) is packed into a complex cell. To disable register packing, set syn_keep=1 on the net between the register and the complex cell. 
@W: BN132 :"c:\work\s127m\pcbno_10081\sp0557_rev02_00_ai\rtl\sp0557\slv_com\slv_ctrl\slv_rx_ctrl.vhd":108:2:108:3|Removing instance slv_com_top_inst.slv_ctrl_top_inst.slv_rx_ctrl_inst.NODE[0] because it is equivalent to instance slv_com_top_inst.slv_ctrl_top_inst.slv_rx_ctrl_inst.ADR2[4]. To keep the instance, apply constraint syn_preserve=1 on the instance.
@W: BN132 :"c:\work\s127m\pcbno_10081\sp0557_rev02_00_ai\rtl\sp0557\slv_com\slv_ctrl\slv_rx_ctrl.vhd":108:2:108:3|Removing instance slv_com_top_inst.slv_ctrl_top_inst.slv_rx_ctrl_inst.NODE[1] because it is equivalent to instance slv_com_top_inst.slv_ctrl_top_inst.slv_rx_ctrl_inst.ADR2[5]. To keep the instance, apply constraint syn_preserve=1 on the instance.
@W: BN132 :"c:\work\s127m\pcbno_10081\sp0557_rev02_00_ai\rtl\sp0557\slv_com\slv_ctrl\slv_rx_ctrl.vhd":108:2:108:3|Removing instance slv_com_top_inst.slv_ctrl_top_inst.slv_rx_ctrl_inst.NODE[2] because it is equivalent to instance slv_com_top_inst.slv_ctrl_top_inst.slv_rx_ctrl_inst.ADR2[6]. To keep the instance, apply constraint syn_preserve=1 on the instance.
@W: BN132 :"c:\work\s127m\pcbno_10081\sp0557_rev02_00_ai\rtl\sp0557\slv_com\slv_ctrl\slv_rx_ctrl.vhd":108:2:108:3|Removing instance slv_com_top_inst.slv_ctrl_top_inst.slv_rx_ctrl_inst.NODE[3] because it is equivalent to instance slv_com_top_inst.slv_ctrl_top_inst.slv_rx_ctrl_inst.ADR2[7]. To keep the instance, apply constraint syn_preserve=1 on the instance.
@N: MO231 :"c:\work\s127m\pcbno_10081\sp0557_rev02_00_ai\rtl\sp0557\slv_com\slv_ctrl\slv_rx_ctrl.vhd":108:2:108:3|Found counter in view:work.slv_rx_ctrl(rtl) instance LA[4:0] 
@N: MO231 :"c:\work\s127m\pcbno_10081\sp0557_rev02_00_ai\rtl\sp0557\slv_com\tx_com\tx_ctl_1st.vhd":80:2:80:3|Found counter in view:work.tx_ctl_1st(rtl) instance txdt_count[3:0] 
@N: BN362 :"c:\work\s127m\pcbno_10081\sp0557_rev02_00_ai\rtl\sp0557\slv_com\rx_com\dec8b10b_new.vhd":82:8:82:9|Removing sequential instance DATAIN_BUF[1] (in view: work.dec8b10b_new(rtl)) of type view:PrimLib.dff(prim) because it does not drive other instances.
@N: BN362 :"c:\work\s127m\pcbno_10081\sp0557_rev02_00_ai\rtl\sp0557\slv_com\rx_com\dec8b10b_new.vhd":82:8:82:9|Removing sequential instance DATAIN_BUF[0] (in view: work.dec8b10b_new(rtl)) of type view:PrimLib.dff(prim) because it does not drive other instances.
@N: MO231 :"c:\work\s127m\pcbno_10081\sp0557_rev02_00_ai\rtl\sp0557\slv_com\rx_com\rx_ctl_3rd.vhd":119:2:119:3|Found counter in view:work.rx_ctl_3rd(rtl) instance rxdt_count[3:0] 
@N: MO231 :"c:\work\s127m\pcbno_10081\sp0557_rev02_00_ai\rtl\sp0557\sp_conv\spi_master2.vhd":245:2:245:3|Found counter in view:work.SIO_ctrl2(rtl) instance U_SPI_master.s_cnt[6:0] 
@N: BN362 :"c:\work\s127m\pcbno_10081\sp0557_rev02_00_ai\rtl\sp0557\dac43608\i2c_master_wb_top.vhd":242:1:242:2|Removing sequential instance wb_dat_o[5] (in view: work.i2c_master_wb_top(arch)) of type view:PrimLib.dff(prim) because it does not drive other instances.
@N: BN362 :"c:\work\s127m\pcbno_10081\sp0557_rev02_00_ai\rtl\sp0557\dac43608\i2c_master_wb_top.vhd":242:1:242:2|Removing sequential instance wb_dat_o[4] (in view: work.i2c_master_wb_top(arch)) of type view:PrimLib.dff(prim) because it does not drive other instances.
@N: BN362 :"c:\work\s127m\pcbno_10081\sp0557_rev02_00_ai\rtl\sp0557\dac43608\i2c_master_wb_top.vhd":242:1:242:2|Removing sequential instance wb_dat_o[3] (in view: work.i2c_master_wb_top(arch)) of type view:PrimLib.dff(prim) because it does not drive other instances.
@N: BN362 :"c:\work\s127m\pcbno_10081\sp0557_rev02_00_ai\rtl\sp0557\dac43608\i2c_master_wb_top.vhd":242:1:242:2|Removing sequential instance wb_dat_o[2] (in view: work.i2c_master_wb_top(arch)) of type view:PrimLib.dff(prim) because it does not drive other instances.
@N: BN362 :"c:\work\s127m\pcbno_10081\sp0557_rev02_00_ai\rtl\sp0557\dac43608\i2c_master_wb_top.vhd":242:1:242:2|Removing sequential instance wb_dat_o[0] (in view: work.i2c_master_wb_top(arch)) of type view:PrimLib.dff(prim) because it does not drive other instances.
@N: BN362 :"c:\work\s127m\pcbno_10081\sp0557_rev02_00_ai\rtl\sp0557\dac43608\i2c_master_registers.vhd":117:1:117:2|Removing sequential instance registers.ctr_int[5] (in view: work.i2c_master_wb_top(arch)) because it does not drive other instances.
@N: BN362 :"c:\work\s127m\pcbno_10081\sp0557_rev02_00_ai\rtl\sp0557\dac43608\i2c_master_registers.vhd":117:1:117:2|Removing sequential instance registers.ctr_int[4] (in view: work.i2c_master_wb_top(arch)) because it does not drive other instances.
@N: BN362 :"c:\work\s127m\pcbno_10081\sp0557_rev02_00_ai\rtl\sp0557\dac43608\i2c_master_registers.vhd":117:1:117:2|Removing sequential instance registers.ctr_int[3] (in view: work.i2c_master_wb_top(arch)) because it does not drive other instances.
@N: BN362 :"c:\work\s127m\pcbno_10081\sp0557_rev02_00_ai\rtl\sp0557\dac43608\i2c_master_registers.vhd":117:1:117:2|Removing sequential instance registers.ctr_int[2] (in view: work.i2c_master_wb_top(arch)) because it does not drive other instances.
@N: BN362 :"c:\work\s127m\pcbno_10081\sp0557_rev02_00_ai\rtl\sp0557\dac43608\i2c_master_registers.vhd":117:1:117:2|Removing sequential instance registers.ctr_int[0] (in view: work.i2c_master_wb_top(arch)) because it does not drive other instances.
@N: BN362 :"c:\work\s127m\pcbno_10081\sp0557_rev02_00_ai\rtl\sp0557\dac43608\i2c_master_registers.vhd":143:1:143:2|Removing sequential instance registers.cr_int[2] (in view: work.i2c_master_wb_top(arch)) because it does not drive other instances.
@N: BN362 :"c:\work\s127m\pcbno_10081\sp0557_rev02_00_ai\rtl\sp0557\dac43608\i2c_master_registers.vhd":143:1:143:2|Removing sequential instance registers.cr_int[0] (in view: work.i2c_master_wb_top(arch)) because it does not drive other instances.
@N: BN362 :"c:\work\s127m\pcbno_10081\sp0557_rev02_00_ai\rtl\sp0557\dac43608\i2c_master_registers.vhd":168:1:168:2|Removing sequential instance registers.irq_flag (in view: work.i2c_master_wb_top(arch)) of type view:PrimLib.dffr(prim) because it does not drive other instances.
@N: BN362 :"c:\work\s127m\pcbno_10081\sp0557_rev02_00_ai\rtl\sp0557\dac43608\i2c_master_registers.vhd":168:1:168:2|Removing sequential instance registers.al (in view: work.i2c_master_wb_top(arch)) of type view:PrimLib.dffr(prim) because it does not drive other instances.
@N: MO231 :"c:\work\s127m\pcbno_10081\sp0557_rev02_00_ai\rtl\sp0557\dac43608\i2c_master_bit_ctrl.vhd":218:1:218:2|Found counter in view:work.i2c_master_bit_ctrl(arch) instance cnt[15:0] 
@N: MF179 :"c:\work\s127m\pcbno_10081\sp0557_rev02_00_ai\rtl\sp0557\dac43608\ctrl_32ch.vhd":417:6:417:39|Found 8 by 8 bit equality operator ('==') un1_da_send_12ch (in view: work.CTRL_32CH(rtl))
@N: MF179 :"c:\work\s127m\pcbno_10081\sp0557_rev02_00_ai\rtl\sp0557\dac43608\ctrl_32ch.vhd":421:6:421:39|Found 8 by 8 bit equality operator ('==') un1_da_send_13ch (in view: work.CTRL_32CH(rtl))
@N: MF179 :"c:\work\s127m\pcbno_10081\sp0557_rev02_00_ai\rtl\sp0557\dac43608\ctrl_32ch.vhd":373:6:373:37|Found 8 by 8 bit equality operator ('==') un1_da_send_1ch (in view: work.CTRL_32CH(rtl))
@N: MF179 :"c:\work\s127m\pcbno_10081\sp0557_rev02_00_ai\rtl\sp0557\dac43608\ctrl_32ch.vhd":377:6:377:37|Found 8 by 8 bit equality operator ('==') un1_da_send_2ch (in view: work.CTRL_32CH(rtl))
@N: MF179 :"c:\work\s127m\pcbno_10081\sp0557_rev02_00_ai\rtl\sp0557\dac43608\ctrl_32ch.vhd":381:6:381:37|Found 8 by 8 bit equality operator ('==') un1_da_send_3ch (in view: work.CTRL_32CH(rtl))
@N: MF179 :"c:\work\s127m\pcbno_10081\sp0557_rev02_00_ai\rtl\sp0557\dac43608\ctrl_32ch.vhd":385:6:385:37|Found 8 by 8 bit equality operator ('==') un1_da_send_4ch (in view: work.CTRL_32CH(rtl))
@N: MF179 :"c:\work\s127m\pcbno_10081\sp0557_rev02_00_ai\rtl\sp0557\dac43608\ctrl_32ch.vhd":389:6:389:37|Found 8 by 8 bit equality operator ('==') un1_da_send_5ch (in view: work.CTRL_32CH(rtl))
@N: MF179 :"c:\work\s127m\pcbno_10081\sp0557_rev02_00_ai\rtl\sp0557\dac43608\ctrl_32ch.vhd":393:6:393:37|Found 8 by 8 bit equality operator ('==') un1_da_send_6ch (in view: work.CTRL_32CH(rtl))
@N: MF179 :"c:\work\s127m\pcbno_10081\sp0557_rev02_00_ai\rtl\sp0557\dac43608\ctrl_32ch.vhd":397:6:397:37|Found 8 by 8 bit equality operator ('==') un1_da_send_7ch (in view: work.CTRL_32CH(rtl))
@N: MF179 :"c:\work\s127m\pcbno_10081\sp0557_rev02_00_ai\rtl\sp0557\dac43608\ctrl_32ch.vhd":401:6:401:37|Found 8 by 8 bit equality operator ('==') un1_da_send_8ch (in view: work.CTRL_32CH(rtl))
@N: MF179 :"c:\work\s127m\pcbno_10081\sp0557_rev02_00_ai\rtl\sp0557\dac43608\ctrl_32ch.vhd":405:6:405:37|Found 8 by 8 bit equality operator ('==') un1_da_send_9ch (in view: work.CTRL_32CH(rtl))
@N: MF179 :"c:\work\s127m\pcbno_10081\sp0557_rev02_00_ai\rtl\sp0557\dac43608\ctrl_32ch.vhd":409:6:409:39|Found 8 by 8 bit equality operator ('==') un1_da_send_10ch (in view: work.CTRL_32CH(rtl))
@N: MF179 :"c:\work\s127m\pcbno_10081\sp0557_rev02_00_ai\rtl\sp0557\dac43608\ctrl_32ch.vhd":413:6:413:39|Found 8 by 8 bit equality operator ('==') un1_da_send_11ch (in view: work.CTRL_32CH(rtl))
@W: MO160 :"c:\work\s127m\pcbno_10081\sp0557_rev02_00_ai\rtl\sp0557\dac43608\ctrl_32ch.vhd":372:2:372:3|Register bit s_LATCH[31] (in view view:work.CTRL_32CH(rtl)) is always 0. To keep the instance, apply syn_preserve=1 on the instance.
@W: MO160 :"c:\work\s127m\pcbno_10081\sp0557_rev02_00_ai\rtl\sp0557\dac43608\ctrl_32ch.vhd":372:2:372:3|Register bit s_LATCH[30] (in view view:work.CTRL_32CH(rtl)) is always 0. To keep the instance, apply syn_preserve=1 on the instance.
@W: MO160 :"c:\work\s127m\pcbno_10081\sp0557_rev02_00_ai\rtl\sp0557\dac43608\ctrl_32ch.vhd":372:2:372:3|Register bit s_LATCH[29] (in view view:work.CTRL_32CH(rtl)) is always 0. To keep the instance, apply syn_preserve=1 on the instance.
@W: MO160 :"c:\work\s127m\pcbno_10081\sp0557_rev02_00_ai\rtl\sp0557\dac43608\ctrl_32ch.vhd":372:2:372:3|Register bit s_LATCH[28] (in view view:work.CTRL_32CH(rtl)) is always 0. To keep the instance, apply syn_preserve=1 on the instance.
@W: MO160 :"c:\work\s127m\pcbno_10081\sp0557_rev02_00_ai\rtl\sp0557\dac43608\ctrl_32ch.vhd":372:2:372:3|Register bit s_LATCH[27] (in view view:work.CTRL_32CH(rtl)) is always 0. To keep the instance, apply syn_preserve=1 on the instance.
@W: MO160 :"c:\work\s127m\pcbno_10081\sp0557_rev02_00_ai\rtl\sp0557\dac43608\ctrl_32ch.vhd":372:2:372:3|Register bit s_LATCH[26] (in view view:work.CTRL_32CH(rtl)) is always 0. To keep the instance, apply syn_preserve=1 on the instance.
@W: MO160 :"c:\work\s127m\pcbno_10081\sp0557_rev02_00_ai\rtl\sp0557\dac43608\ctrl_32ch.vhd":372:2:372:3|Register bit s_LATCH[25] (in view view:work.CTRL_32CH(rtl)) is always 0. To keep the instance, apply syn_preserve=1 on the instance.
@W: MO160 :"c:\work\s127m\pcbno_10081\sp0557_rev02_00_ai\rtl\sp0557\dac43608\ctrl_32ch.vhd":372:2:372:3|Register bit s_LATCH[24] (in view view:work.CTRL_32CH(rtl)) is always 0. To keep the instance, apply syn_preserve=1 on the instance.
@W: MO160 :"c:\work\s127m\pcbno_10081\sp0557_rev02_00_ai\rtl\sp0557\dac43608\ctrl_32ch.vhd":372:2:372:3|Register bit s_LATCH[23] (in view view:work.CTRL_32CH(rtl)) is always 0. To keep the instance, apply syn_preserve=1 on the instance.
@W: MO160 :"c:\work\s127m\pcbno_10081\sp0557_rev02_00_ai\rtl\sp0557\dac43608\ctrl_32ch.vhd":372:2:372:3|Register bit s_LATCH[22] (in view view:work.CTRL_32CH(rtl)) is always 0. To keep the instance, apply syn_preserve=1 on the instance.
@W: MO160 :"c:\work\s127m\pcbno_10081\sp0557_rev02_00_ai\rtl\sp0557\dac43608\ctrl_32ch.vhd":372:2:372:3|Register bit s_LATCH[21] (in view view:work.CTRL_32CH(rtl)) is always 0. To keep the instance, apply syn_preserve=1 on the instance.
@W: MO160 :"c:\work\s127m\pcbno_10081\sp0557_rev02_00_ai\rtl\sp0557\dac43608\ctrl_32ch.vhd":372:2:372:3|Register bit s_LATCH[20] (in view view:work.CTRL_32CH(rtl)) is always 0. To keep the instance, apply syn_preserve=1 on the instance.
@W: MO160 :"c:\work\s127m\pcbno_10081\sp0557_rev02_00_ai\rtl\sp0557\dac43608\ctrl_32ch.vhd":372:2:372:3|Register bit s_LATCH[19] (in view view:work.CTRL_32CH(rtl)) is always 0. To keep the instance, apply syn_preserve=1 on the instance.
@W: MO160 :"c:\work\s127m\pcbno_10081\sp0557_rev02_00_ai\rtl\sp0557\dac43608\ctrl_32ch.vhd":372:2:372:3|Register bit s_LATCH[18] (in view view:work.CTRL_32CH(rtl)) is always 0. To keep the instance, apply syn_preserve=1 on the instance.
@W: MO160 :"c:\work\s127m\pcbno_10081\sp0557_rev02_00_ai\rtl\sp0557\dac43608\ctrl_32ch.vhd":372:2:372:3|Register bit s_LATCH[17] (in view view:work.CTRL_32CH(rtl)) is always 0. To keep the instance, apply syn_preserve=1 on the instance.
@W: MO160 :"c:\work\s127m\pcbno_10081\sp0557_rev02_00_ai\rtl\sp0557\dac43608\ctrl_32ch.vhd":372:2:372:3|Register bit s_LATCH[16] (in view view:work.CTRL_32CH(rtl)) is always 0. To keep the instance, apply syn_preserve=1 on the instance.
@W: MO160 :"c:\work\s127m\pcbno_10081\sp0557_rev02_00_ai\rtl\sp0557\dac43608\ctrl_32ch.vhd":372:2:372:3|Register bit s_LATCH[15] (in view view:work.CTRL_32CH(rtl)) is always 0. To keep the instance, apply syn_preserve=1 on the instance.
@W: MO160 :"c:\work\s127m\pcbno_10081\sp0557_rev02_00_ai\rtl\sp0557\dac43608\ctrl_32ch.vhd":372:2:372:3|Register bit s_LATCH[14] (in view view:work.CTRL_32CH(rtl)) is always 0. To keep the instance, apply syn_preserve=1 on the instance.
@W: MO160 :"c:\work\s127m\pcbno_10081\sp0557_rev02_00_ai\rtl\sp0557\dac43608\ctrl_32ch.vhd":372:2:372:3|Register bit s_LATCH[13] (in view view:work.CTRL_32CH(rtl)) is always 0. To keep the instance, apply syn_preserve=1 on the instance.
@N: MO231 :"c:\work\s127m\pcbno_10081\sp0557_rev02_00_ai\rtl\sp0557\ledlt\ledlt_top.vhd":168:2:168:3|Found counter in view:work.LEDLT_TOP(rtl) instance s_AD8402_wait_cnt[7:0] 
@N: MO231 :"c:\work\s127m\pcbno_10081\sp0557_rev02_00_ai\rtl\sp0557\ledlt\ledlt_top.vhd":118:2:118:3|Found counter in view:work.LEDLT_TOP(rtl) instance s_TLC5916_wait_cnt[7:0] 
@N: MO231 :"c:\work\s127m\pcbno_10081\sp0557_rev02_00_ai\rtl\sp0557\ledlt\tlc5916_ctrl.vhd":68:2:68:3|Found counter in view:work.TLC5916_CTRL(rtl) instance s_cnt[4:0] 
@N: MO230 :"c:\work\s127m\pcbno_10081\sp0557_rev02_00_ai\rtl\sp0557\encoder\encoder_2bit.vhd":149:2:149:3|Found up-down counter in view:work.encoder_2bit_0(rtl) instance encdat[15:0]  
@N: MO231 :"c:\work\s127m\pcbno_10081\sp0557_rev02_00_ai\rtl\sp0557\encoder\encoder_2bit.vhd":104:2:104:3|Found counter in view:work.encoder_2bit_0(rtl) instance s_ph_b_flt[8:0] 
@N: MO231 :"c:\work\s127m\pcbno_10081\sp0557_rev02_00_ai\rtl\sp0557\encoder\encoder_2bit.vhd":70:2:70:3|Found counter in view:work.encoder_2bit_0(rtl) instance s_ph_a_flt[8:0] 
@N: MO230 :"c:\work\s127m\pcbno_10081\sp0557_rev02_00_ai\rtl\sp0557\encoder\encoder_2bit.vhd":149:2:149:3|Found up-down counter in view:work.encoder_2bit_1(rtl) instance encdat[15:0]  
@N: MO231 :"c:\work\s127m\pcbno_10081\sp0557_rev02_00_ai\rtl\sp0557\encoder\encoder_2bit.vhd":104:2:104:3|Found counter in view:work.encoder_2bit_1(rtl) instance s_ph_b_flt[8:0] 
@N: MO231 :"c:\work\s127m\pcbno_10081\sp0557_rev02_00_ai\rtl\sp0557\encoder\encoder_2bit.vhd":70:2:70:3|Found counter in view:work.encoder_2bit_1(rtl) instance s_ph_a_flt[8:0] 
@N: MO230 :"c:\work\s127m\pcbno_10081\sp0557_rev02_00_ai\rtl\sp0557\encoder\encoder_2bit.vhd":149:2:149:3|Found up-down counter in view:work.encoder_2bit_2(rtl) instance encdat[15:0]  
@N: MO231 :"c:\work\s127m\pcbno_10081\sp0557_rev02_00_ai\rtl\sp0557\encoder\encoder_2bit.vhd":104:2:104:3|Found counter in view:work.encoder_2bit_2(rtl) instance s_ph_b_flt[8:0] 
@N: MO231 :"c:\work\s127m\pcbno_10081\sp0557_rev02_00_ai\rtl\sp0557\encoder\encoder_2bit.vhd":70:2:70:3|Found counter in view:work.encoder_2bit_2(rtl) instance s_ph_a_flt[8:0] 
@N: MO230 :"c:\work\s127m\pcbno_10081\sp0557_rev02_00_ai\rtl\sp0557\encoder\encoder_2bit.vhd":149:2:149:3|Found up-down counter in view:work.encoder_2bit_3(rtl) instance encdat[15:0]  
@N: MO231 :"c:\work\s127m\pcbno_10081\sp0557_rev02_00_ai\rtl\sp0557\encoder\encoder_2bit.vhd":104:2:104:3|Found counter in view:work.encoder_2bit_3(rtl) instance s_ph_b_flt[8:0] 
@N: MO231 :"c:\work\s127m\pcbno_10081\sp0557_rev02_00_ai\rtl\sp0557\encoder\encoder_2bit.vhd":70:2:70:3|Found counter in view:work.encoder_2bit_3(rtl) instance s_ph_a_flt[8:0] 
@N: MO230 :"c:\work\s127m\pcbno_10081\sp0557_rev02_00_ai\rtl\sp0557\encoder\encoder_2bit.vhd":149:2:149:3|Found up-down counter in view:work.encoder_2bit_4(rtl) instance encdat[15:0]  
@N: MO231 :"c:\work\s127m\pcbno_10081\sp0557_rev02_00_ai\rtl\sp0557\encoder\encoder_2bit.vhd":104:2:104:3|Found counter in view:work.encoder_2bit_4(rtl) instance s_ph_b_flt[8:0] 
@N: MO231 :"c:\work\s127m\pcbno_10081\sp0557_rev02_00_ai\rtl\sp0557\encoder\encoder_2bit.vhd":70:2:70:3|Found counter in view:work.encoder_2bit_4(rtl) instance s_ph_a_flt[8:0] 
@N: MO230 :"c:\work\s127m\pcbno_10081\sp0557_rev02_00_ai\rtl\sp0557\encoder\encoder_2bit.vhd":149:2:149:3|Found up-down counter in view:work.encoder_2bit_5(rtl) instance encdat[15:0]  
@N: MO231 :"c:\work\s127m\pcbno_10081\sp0557_rev02_00_ai\rtl\sp0557\encoder\encoder_2bit.vhd":104:2:104:3|Found counter in view:work.encoder_2bit_5(rtl) instance s_ph_b_flt[8:0] 
@N: MO231 :"c:\work\s127m\pcbno_10081\sp0557_rev02_00_ai\rtl\sp0557\encoder\encoder_2bit.vhd":70:2:70:3|Found counter in view:work.encoder_2bit_5(rtl) instance s_ph_a_flt[8:0] 
@N: MO230 :"c:\work\s127m\pcbno_10081\sp0557_rev02_00_ai\rtl\sp0557\encoder\encoder_2bit.vhd":149:2:149:3|Found up-down counter in view:work.encoder_2bit_6(rtl) instance encdat[15:0]  
@N: MO231 :"c:\work\s127m\pcbno_10081\sp0557_rev02_00_ai\rtl\sp0557\encoder\encoder_2bit.vhd":104:2:104:3|Found counter in view:work.encoder_2bit_6(rtl) instance s_ph_b_flt[8:0] 
@N: MO231 :"c:\work\s127m\pcbno_10081\sp0557_rev02_00_ai\rtl\sp0557\encoder\encoder_2bit.vhd":70:2:70:3|Found counter in view:work.encoder_2bit_6(rtl) instance s_ph_a_flt[8:0] 
@N: MO230 :"c:\work\s127m\pcbno_10081\sp0557_rev02_00_ai\rtl\sp0557\encoder\encoder_2bit.vhd":149:2:149:3|Found up-down counter in view:work.encoder_2bit_7(rtl) instance encdat[15:0]  
@N: MO231 :"c:\work\s127m\pcbno_10081\sp0557_rev02_00_ai\rtl\sp0557\encoder\encoder_2bit.vhd":104:2:104:3|Found counter in view:work.encoder_2bit_7(rtl) instance s_ph_b_flt[8:0] 
@N: MO231 :"c:\work\s127m\pcbno_10081\sp0557_rev02_00_ai\rtl\sp0557\encoder\encoder_2bit.vhd":70:2:70:3|Found counter in view:work.encoder_2bit_7(rtl) instance s_ph_a_flt[8:0] 
@N: MO230 :"c:\work\s127m\pcbno_10081\sp0557_rev02_00_ai\rtl\sp0557\encoder\encoder_2bit.vhd":149:2:149:3|Found up-down counter in view:work.encoder_2bit_8(rtl) instance encdat[15:0]  
@N: MO231 :"c:\work\s127m\pcbno_10081\sp0557_rev02_00_ai\rtl\sp0557\encoder\encoder_2bit.vhd":104:2:104:3|Found counter in view:work.encoder_2bit_8(rtl) instance s_ph_b_flt[8:0] 
@N: MO231 :"c:\work\s127m\pcbno_10081\sp0557_rev02_00_ai\rtl\sp0557\encoder\encoder_2bit.vhd":70:2:70:3|Found counter in view:work.encoder_2bit_8(rtl) instance s_ph_a_flt[8:0] 
@N: MO230 :"c:\work\s127m\pcbno_10081\sp0557_rev02_00_ai\rtl\sp0557\encoder\encoder_2bit.vhd":149:2:149:3|Found up-down counter in view:work.encoder_2bit_9(rtl) instance encdat[15:0]  
@N: MO231 :"c:\work\s127m\pcbno_10081\sp0557_rev02_00_ai\rtl\sp0557\encoder\encoder_2bit.vhd":104:2:104:3|Found counter in view:work.encoder_2bit_9(rtl) instance s_ph_b_flt[8:0] 
@N: MO231 :"c:\work\s127m\pcbno_10081\sp0557_rev02_00_ai\rtl\sp0557\encoder\encoder_2bit.vhd":70:2:70:3|Found counter in view:work.encoder_2bit_9(rtl) instance s_ph_a_flt[8:0] 
@N: MO230 :"c:\work\s127m\pcbno_10081\sp0557_rev02_00_ai\rtl\sp0557\encoder\encoder_2bit.vhd":149:2:149:3|Found up-down counter in view:work.encoder_2bit_10(rtl) instance encdat[15:0]  
@N: MO231 :"c:\work\s127m\pcbno_10081\sp0557_rev02_00_ai\rtl\sp0557\encoder\encoder_2bit.vhd":104:2:104:3|Found counter in view:work.encoder_2bit_10(rtl) instance s_ph_b_flt[8:0] 
@N: MO231 :"c:\work\s127m\pcbno_10081\sp0557_rev02_00_ai\rtl\sp0557\encoder\encoder_2bit.vhd":70:2:70:3|Found counter in view:work.encoder_2bit_10(rtl) instance s_ph_a_flt[8:0] 
@N: MO230 :"c:\work\s127m\pcbno_10081\sp0557_rev02_00_ai\rtl\sp0557\encoder\encoder_2bit.vhd":149:2:149:3|Found up-down counter in view:work.encoder_2bit_11(rtl) instance encdat[15:0]  
@N: MO231 :"c:\work\s127m\pcbno_10081\sp0557_rev02_00_ai\rtl\sp0557\encoder\encoder_2bit.vhd":104:2:104:3|Found counter in view:work.encoder_2bit_11(rtl) instance s_ph_b_flt[8:0] 
@N: MO231 :"c:\work\s127m\pcbno_10081\sp0557_rev02_00_ai\rtl\sp0557\encoder\encoder_2bit.vhd":70:2:70:3|Found counter in view:work.encoder_2bit_11(rtl) instance s_ph_a_flt[8:0] 
@N: MO230 :"c:\work\s127m\pcbno_10081\sp0557_rev02_00_ai\rtl\sp0557\encoder\encoder_2bit.vhd":149:2:149:3|Found up-down counter in view:work.encoder_2bit_12(rtl) instance encdat[15:0]  
@N: MO231 :"c:\work\s127m\pcbno_10081\sp0557_rev02_00_ai\rtl\sp0557\encoder\encoder_2bit.vhd":104:2:104:3|Found counter in view:work.encoder_2bit_12(rtl) instance s_ph_b_flt[8:0] 
@N: MO231 :"c:\work\s127m\pcbno_10081\sp0557_rev02_00_ai\rtl\sp0557\encoder\encoder_2bit.vhd":70:2:70:3|Found counter in view:work.encoder_2bit_12(rtl) instance s_ph_a_flt[8:0] 
@N: MO231 :"c:\work\s127m\pcbno_10081\sp0557_rev02_00_ai\rtl\sp0557\compactppmc\ppmc_ctrl.vhd":190:8:190:9|Found counter in view:work.ppmc_reg_S118M_0(rtl) instance inst_ppmc_ctrl.more_cnt[15:0] 
@N: BN362 :"c:\work\s127m\pcbno_10081\sp0557_rev02_00_ai\rtl\sp0557\compactppmc\ppmc_ctrl.vhd":283:8:283:9|Removing sequential instance inst_ppmc_ctrl.limit_mask_o[7] (in view: work.ppmc_reg_S118M_0(rtl)) of type view:PrimLib.dffr(prim) because it does not drive other instances.
@N: BN362 :"c:\work\s127m\pcbno_10081\sp0557_rev02_00_ai\rtl\sp0557\compactppmc\ppmc_ctrl.vhd":283:8:283:9|Removing sequential instance inst_ppmc_ctrl.limit_mask_o[4] (in view: work.ppmc_reg_S118M_0(rtl)) of type view:PrimLib.dffr(prim) because it does not drive other instances.
@N: BN362 :"c:\work\s127m\pcbno_10081\sp0557_rev02_00_ai\rtl\sp0557\compactppmc\ppmc_ctrl.vhd":283:8:283:9|Removing sequential instance inst_ppmc_ctrl.limit_mask_o[3] (in view: work.ppmc_reg_S118M_0(rtl)) of type view:PrimLib.dffr(prim) because it does not drive other instances.
@N: BN362 :"c:\work\s127m\pcbno_10081\sp0557_rev02_00_ai\rtl\sp0557\compactppmc\ppmc_ctrl.vhd":283:8:283:9|Removing sequential instance inst_ppmc_ctrl.limit_mask_o[0] (in view: work.ppmc_reg_S118M_0(rtl)) of type view:PrimLib.dffr(prim) because it does not drive other instances.
@N: MF179 :"c:\work\s127m\pcbno_10081\sp0557_rev02_00_ai\rtl\sp0557\compactppmc\ppmc_ctrl.vhd":239:16:239:30|Found 16 by 16 bit equality operator ('==') inst_ppmc_ctrl.speed (in view: work.ppmc_reg_S118M_0(rtl))
@N: MF179 :"c:\work\s127m\pcbno_10081\sp0557_rev02_00_ai\rtl\sp0557\compactppmc\ppmc_ctrl.vhd":242:19:242:34|Found 16 by 16 bit equality operator ('==') inst_ppmc_ctrl.un1_speed (in view: work.ppmc_reg_S118M_0(rtl))
@N: MO231 :"c:\work\s127m\pcbno_10081\sp0557_rev02_00_ai\rtl\sp0557\compactppmc\ppmc_acc_tim_gen.vhd":37:2:37:3|Found counter in view:work.ppmc_acc_tim_gen_0(rtl) instance reg[15:0] 
@N: MF179 :"c:\work\s127m\pcbno_10081\sp0557_rev02_00_ai\rtl\sp0557\compactppmc\ppmc_acc_tim_gen.vhd":44:6:44:18|Found 16 by 16 bit equality operator ('==') Start\.un2_reg (in view: work.ppmc_acc_tim_gen_0(rtl))
@N: MO230 :"c:\work\s127m\pcbno_10081\sp0557_rev02_00_ai\rtl\sp0557\compactppmc\ppmc_speed_cnt.vhd":57:8:57:9|Found up-down counter in view:work.ppmc_speed_cnt_0(rtl) instance reg[15:0]  
@N: MO231 :"c:\work\s127m\pcbno_10081\sp0557_rev02_00_ai\rtl\sp0557\compactppmc\ppmc_pls_cnt.vhd":57:8:57:9|Found counter in view:work.ppmc_pls_cnt_0(rtl) instance reg[15:0] 
@N: MO231 :"c:\work\s127m\pcbno_10081\sp0557_rev02_00_ai\rtl\sp0557\compactppmc\ppmc_pls_cnt.vhd":88:8:88:9|Found counter in view:work.ppmc_pls_cnt_0(rtl) instance pre_pulse[7:0] 
@N: MF179 :"c:\work\s127m\pcbno_10081\sp0557_rev02_00_ai\rtl\sp0557\compactppmc\ppmc_pls_cnt.vhd":69:50:69:64|Found 16 by 16 bit equality operator ('==') un4_o_slow (in view: work.ppmc_pls_cnt_0(rtl))
@N: BN362 :"c:\work\s127m\pcbno_10081\sp0557_rev02_00_ai\rtl\sp0557\compactppmc\ppmc_rgstr.vhd":405:8:405:9|Removing sequential instance MPO_REG_A_O[7] (in view: work.ppmc_rgstr_0(rtl)) because it does not drive other instances.
@A: BN291 :"c:\work\s127m\pcbno_10081\sp0557_rev02_00_ai\rtl\sp0557\compactppmc\ppmc_rgstr.vhd":405:8:405:9|Boundary register MPO_REG_A_O[7] (in view: work.ppmc_rgstr_0(rtl)) is packed into a complex cell. To disable register packing, set syn_keep=1 on the net between the register and the complex cell. 
@N: BN362 :"c:\work\s127m\pcbno_10081\sp0557_rev02_00_ai\rtl\sp0557\compactppmc\ppmc_rgstr.vhd":405:8:405:9|Removing sequential instance MPO_REG_A_O[6] (in view: work.ppmc_rgstr_0(rtl)) because it does not drive other instances.
@A: BN291 :"c:\work\s127m\pcbno_10081\sp0557_rev02_00_ai\rtl\sp0557\compactppmc\ppmc_rgstr.vhd":405:8:405:9|Boundary register MPO_REG_A_O[6] (in view: work.ppmc_rgstr_0(rtl)) is packed into a complex cell. To disable register packing, set syn_keep=1 on the net between the register and the complex cell. 
@N: BN362 :"c:\work\s127m\pcbno_10081\sp0557_rev02_00_ai\rtl\sp0557\compactppmc\ppmc_rgstr.vhd":405:8:405:9|Removing sequential instance MPO_REG_A_O[5] (in view: work.ppmc_rgstr_0(rtl)) because it does not drive other instances.
@A: BN291 :"c:\work\s127m\pcbno_10081\sp0557_rev02_00_ai\rtl\sp0557\compactppmc\ppmc_rgstr.vhd":405:8:405:9|Boundary register MPO_REG_A_O[5] (in view: work.ppmc_rgstr_0(rtl)) is packed into a complex cell. To disable register packing, set syn_keep=1 on the net between the register and the complex cell. 
@N: BN362 :"c:\work\s127m\pcbno_10081\sp0557_rev02_00_ai\rtl\sp0557\compactppmc\ppmc_rgstr.vhd":405:8:405:9|Removing sequential instance MPO_REG_A_O[4] (in view: work.ppmc_rgstr_0(rtl)) because it does not drive other instances.
@A: BN291 :"c:\work\s127m\pcbno_10081\sp0557_rev02_00_ai\rtl\sp0557\compactppmc\ppmc_rgstr.vhd":405:8:405:9|Boundary register MPO_REG_A_O[4] (in view: work.ppmc_rgstr_0(rtl)) is packed into a complex cell. To disable register packing, set syn_keep=1 on the net between the register and the complex cell. 
@N: BN362 :"c:\work\s127m\pcbno_10081\sp0557_rev02_00_ai\rtl\sp0557\compactppmc\ppmc_rgstr.vhd":405:8:405:9|Removing sequential instance MPO_REG_A_O[3] (in view: work.ppmc_rgstr_0(rtl)) because it does not drive other instances.
@A: BN291 :"c:\work\s127m\pcbno_10081\sp0557_rev02_00_ai\rtl\sp0557\compactppmc\ppmc_rgstr.vhd":405:8:405:9|Boundary register MPO_REG_A_O[3] (in view: work.ppmc_rgstr_0(rtl)) is packed into a complex cell. To disable register packing, set syn_keep=1 on the net between the register and the complex cell. 
@N: BN362 :"c:\work\s127m\pcbno_10081\sp0557_rev02_00_ai\rtl\sp0557\compactppmc\ppmc_rgstr.vhd":405:8:405:9|Removing sequential instance MPO_REG_A_O[1] (in view: work.ppmc_rgstr_0(rtl)) because it does not drive other instances.
@A: BN291 :"c:\work\s127m\pcbno_10081\sp0557_rev02_00_ai\rtl\sp0557\compactppmc\ppmc_rgstr.vhd":405:8:405:9|Boundary register MPO_REG_A_O[1] (in view: work.ppmc_rgstr_0(rtl)) is packed into a complex cell. To disable register packing, set syn_keep=1 on the net between the register and the complex cell. 
@N: BN362 :"c:\work\s127m\pcbno_10081\sp0557_rev02_00_ai\rtl\sp0557\compactppmc\ppmc_rgstr.vhd":430:8:430:9|Removing sequential instance MPO_REG_B_O[7] (in view: work.ppmc_rgstr_0(rtl)) because it does not drive other instances.
@A: BN291 :"c:\work\s127m\pcbno_10081\sp0557_rev02_00_ai\rtl\sp0557\compactppmc\ppmc_rgstr.vhd":430:8:430:9|Boundary register MPO_REG_B_O[7] (in view: work.ppmc_rgstr_0(rtl)) is packed into a complex cell. To disable register packing, set syn_keep=1 on the net between the register and the complex cell. 
@N: BN362 :"c:\work\s127m\pcbno_10081\sp0557_rev02_00_ai\rtl\sp0557\compactppmc\ppmc_rgstr.vhd":430:8:430:9|Removing sequential instance MPO_REG_B_O[6] (in view: work.ppmc_rgstr_0(rtl)) because it does not drive other instances.
@A: BN291 :"c:\work\s127m\pcbno_10081\sp0557_rev02_00_ai\rtl\sp0557\compactppmc\ppmc_rgstr.vhd":430:8:430:9|Boundary register MPO_REG_B_O[6] (in view: work.ppmc_rgstr_0(rtl)) is packed into a complex cell. To disable register packing, set syn_keep=1 on the net between the register and the complex cell. 
@N: BN362 :"c:\work\s127m\pcbno_10081\sp0557_rev02_00_ai\rtl\sp0557\compactppmc\ppmc_rgstr.vhd":430:8:430:9|Removing sequential instance MPO_REG_B_O[5] (in view: work.ppmc_rgstr_0(rtl)) because it does not drive other instances.
@A: BN291 :"c:\work\s127m\pcbno_10081\sp0557_rev02_00_ai\rtl\sp0557\compactppmc\ppmc_rgstr.vhd":430:8:430:9|Boundary register MPO_REG_B_O[5] (in view: work.ppmc_rgstr_0(rtl)) is packed into a complex cell. To disable register packing, set syn_keep=1 on the net between the register and the complex cell. 
@N: BN362 :"c:\work\s127m\pcbno_10081\sp0557_rev02_00_ai\rtl\sp0557\compactppmc\ppmc_rgstr.vhd":430:8:430:9|Removing sequential instance MPO_REG_B_O[4] (in view: work.ppmc_rgstr_0(rtl)) because it does not drive other instances.
@A: BN291 :"c:\work\s127m\pcbno_10081\sp0557_rev02_00_ai\rtl\sp0557\compactppmc\ppmc_rgstr.vhd":430:8:430:9|Boundary register MPO_REG_B_O[4] (in view: work.ppmc_rgstr_0(rtl)) is packed into a complex cell. To disable register packing, set syn_keep=1 on the net between the register and the complex cell. 
@N: BN362 :"c:\work\s127m\pcbno_10081\sp0557_rev02_00_ai\rtl\sp0557\compactppmc\ppmc_rgstr.vhd":430:8:430:9|Removing sequential instance MPO_REG_B_O[3] (in view: work.ppmc_rgstr_0(rtl)) because it does not drive other instances.
@A: BN291 :"c:\work\s127m\pcbno_10081\sp0557_rev02_00_ai\rtl\sp0557\compactppmc\ppmc_rgstr.vhd":430:8:430:9|Boundary register MPO_REG_B_O[3] (in view: work.ppmc_rgstr_0(rtl)) is packed into a complex cell. To disable register packing, set syn_keep=1 on the net between the register and the complex cell. 
@N: BN362 :"c:\work\s127m\pcbno_10081\sp0557_rev02_00_ai\rtl\sp0557\compactppmc\ppmc_rgstr.vhd":416:8:416:9|Removing sequential instance MPO_A_O[7] (in view: work.ppmc_rgstr_0(rtl)) because it does not drive other instances.
@A: BN291 :"c:\work\s127m\pcbno_10081\sp0557_rev02_00_ai\rtl\sp0557\compactppmc\ppmc_rgstr.vhd":416:8:416:9|Boundary register MPO_A_O[7] (in view: work.ppmc_rgstr_0(rtl)) is packed into a complex cell. To disable register packing, set syn_keep=1 on the net between the register and the complex cell. 
@N: BN362 :"c:\work\s127m\pcbno_10081\sp0557_rev02_00_ai\rtl\sp0557\compactppmc\ppmc_rgstr.vhd":416:8:416:9|Removing sequential instance MPO_A_O[6] (in view: work.ppmc_rgstr_0(rtl)) because it does not drive other instances.
@A: BN291 :"c:\work\s127m\pcbno_10081\sp0557_rev02_00_ai\rtl\sp0557\compactppmc\ppmc_rgstr.vhd":416:8:416:9|Boundary register MPO_A_O[6] (in view: work.ppmc_rgstr_0(rtl)) is packed into a complex cell. To disable register packing, set syn_keep=1 on the net between the register and the complex cell. 
@N: BN362 :"c:\work\s127m\pcbno_10081\sp0557_rev02_00_ai\rtl\sp0557\compactppmc\ppmc_rgstr.vhd":416:8:416:9|Removing sequential instance MPO_A_O[5] (in view: work.ppmc_rgstr_0(rtl)) because it does not drive other instances.
@A: BN291 :"c:\work\s127m\pcbno_10081\sp0557_rev02_00_ai\rtl\sp0557\compactppmc\ppmc_rgstr.vhd":416:8:416:9|Boundary register MPO_A_O[5] (in view: work.ppmc_rgstr_0(rtl)) is packed into a complex cell. To disable register packing, set syn_keep=1 on the net between the register and the complex cell. 
@N: BN362 :"c:\work\s127m\pcbno_10081\sp0557_rev02_00_ai\rtl\sp0557\compactppmc\ppmc_rgstr.vhd":416:8:416:9|Removing sequential instance MPO_A_O[4] (in view: work.ppmc_rgstr_0(rtl)) because it does not drive other instances.
@A: BN291 :"c:\work\s127m\pcbno_10081\sp0557_rev02_00_ai\rtl\sp0557\compactppmc\ppmc_rgstr.vhd":416:8:416:9|Boundary register MPO_A_O[4] (in view: work.ppmc_rgstr_0(rtl)) is packed into a complex cell. To disable register packing, set syn_keep=1 on the net between the register and the complex cell. 
@N: BN362 :"c:\work\s127m\pcbno_10081\sp0557_rev02_00_ai\rtl\sp0557\compactppmc\ppmc_rgstr.vhd":416:8:416:9|Removing sequential instance MPO_A_O[3] (in view: work.ppmc_rgstr_0(rtl)) because it does not drive other instances.
@A: BN291 :"c:\work\s127m\pcbno_10081\sp0557_rev02_00_ai\rtl\sp0557\compactppmc\ppmc_rgstr.vhd":416:8:416:9|Boundary register MPO_A_O[3] (in view: work.ppmc_rgstr_0(rtl)) is packed into a complex cell. To disable register packing, set syn_keep=1 on the net between the register and the complex cell. 
@N: BN362 :"c:\work\s127m\pcbno_10081\sp0557_rev02_00_ai\rtl\sp0557\compactppmc\ppmc_rgstr.vhd":416:8:416:9|Removing sequential instance MPO_A_O[1] (in view: work.ppmc_rgstr_0(rtl)) because it does not drive other instances.
@A: BN291 :"c:\work\s127m\pcbno_10081\sp0557_rev02_00_ai\rtl\sp0557\compactppmc\ppmc_rgstr.vhd":416:8:416:9|Boundary register MPO_A_O[1] (in view: work.ppmc_rgstr_0(rtl)) is packed into a complex cell. To disable register packing, set syn_keep=1 on the net between the register and the complex cell. 
@N: BN362 :"c:\work\s127m\pcbno_10081\sp0557_rev02_00_ai\rtl\sp0557\compactppmc\ppmc_rgstr.vhd":441:8:441:9|Removing sequential instance MPO_B_O[7] (in view: work.ppmc_rgstr_0(rtl)) because it does not drive other instances.
@A: BN291 :"c:\work\s127m\pcbno_10081\sp0557_rev02_00_ai\rtl\sp0557\compactppmc\ppmc_rgstr.vhd":441:8:441:9|Boundary register MPO_B_O[7] (in view: work.ppmc_rgstr_0(rtl)) is packed into a complex cell. To disable register packing, set syn_keep=1 on the net between the register and the complex cell. 
@N: BN362 :"c:\work\s127m\pcbno_10081\sp0557_rev02_00_ai\rtl\sp0557\compactppmc\ppmc_rgstr.vhd":441:8:441:9|Removing sequential instance MPO_B_O[6] (in view: work.ppmc_rgstr_0(rtl)) because it does not drive other instances.
@A: BN291 :"c:\work\s127m\pcbno_10081\sp0557_rev02_00_ai\rtl\sp0557\compactppmc\ppmc_rgstr.vhd":441:8:441:9|Boundary register MPO_B_O[6] (in view: work.ppmc_rgstr_0(rtl)) is packed into a complex cell. To disable register packing, set syn_keep=1 on the net between the register and the complex cell. 
@N: BN362 :"c:\work\s127m\pcbno_10081\sp0557_rev02_00_ai\rtl\sp0557\compactppmc\ppmc_rgstr.vhd":441:8:441:9|Removing sequential instance MPO_B_O[5] (in view: work.ppmc_rgstr_0(rtl)) because it does not drive other instances.
@A: BN291 :"c:\work\s127m\pcbno_10081\sp0557_rev02_00_ai\rtl\sp0557\compactppmc\ppmc_rgstr.vhd":441:8:441:9|Boundary register MPO_B_O[5] (in view: work.ppmc_rgstr_0(rtl)) is packed into a complex cell. To disable register packing, set syn_keep=1 on the net between the register and the complex cell. 
@N: BN362 :"c:\work\s127m\pcbno_10081\sp0557_rev02_00_ai\rtl\sp0557\compactppmc\ppmc_rgstr.vhd":441:8:441:9|Removing sequential instance MPO_B_O[4] (in view: work.ppmc_rgstr_0(rtl)) because it does not drive other instances.
@A: BN291 :"c:\work\s127m\pcbno_10081\sp0557_rev02_00_ai\rtl\sp0557\compactppmc\ppmc_rgstr.vhd":441:8:441:9|Boundary register MPO_B_O[4] (in view: work.ppmc_rgstr_0(rtl)) is packed into a complex cell. To disable register packing, set syn_keep=1 on the net between the register and the complex cell. 
@N: BN362 :"c:\work\s127m\pcbno_10081\sp0557_rev02_00_ai\rtl\sp0557\compactppmc\ppmc_rgstr.vhd":441:8:441:9|Removing sequential instance MPO_B_O[3] (in view: work.ppmc_rgstr_0(rtl)) because it does not drive other instances.
@A: BN291 :"c:\work\s127m\pcbno_10081\sp0557_rev02_00_ai\rtl\sp0557\compactppmc\ppmc_rgstr.vhd":441:8:441:9|Boundary register MPO_B_O[3] (in view: work.ppmc_rgstr_0(rtl)) is packed into a complex cell. To disable register packing, set syn_keep=1 on the net between the register and the complex cell. 
@N: BN362 :"c:\work\s127m\pcbno_10081\sp0557_rev02_00_ai\rtl\sp0557\compactppmc\ppmc_rgstr.vhd":468:8:468:9|Removing sequential instance MPI_R[7] (in view: work.ppmc_rgstr_0(rtl)) because it does not drive other instances.
@A: BN291 :"c:\work\s127m\pcbno_10081\sp0557_rev02_00_ai\rtl\sp0557\compactppmc\ppmc_rgstr.vhd":468:8:468:9|Boundary register MPI_R[7] (in view: work.ppmc_rgstr_0(rtl)) is packed into a complex cell. To disable register packing, set syn_keep=1 on the net between the register and the complex cell. 
@N: BN362 :"c:\work\s127m\pcbno_10081\sp0557_rev02_00_ai\rtl\sp0557\compactppmc\ppmc_rgstr.vhd":468:8:468:9|Removing sequential instance MPI_R[4] (in view: work.ppmc_rgstr_0(rtl)) because it does not drive other instances.
@A: BN291 :"c:\work\s127m\pcbno_10081\sp0557_rev02_00_ai\rtl\sp0557\compactppmc\ppmc_rgstr.vhd":468:8:468:9|Boundary register MPI_R[4] (in view: work.ppmc_rgstr_0(rtl)) is packed into a complex cell. To disable register packing, set syn_keep=1 on the net between the register and the complex cell. 
@N: BN362 :"c:\work\s127m\pcbno_10081\sp0557_rev02_00_ai\rtl\sp0557\compactppmc\ppmc_rgstr.vhd":468:8:468:9|Removing sequential instance MPI_R[3] (in view: work.ppmc_rgstr_0(rtl)) because it does not drive other instances.
@A: BN291 :"c:\work\s127m\pcbno_10081\sp0557_rev02_00_ai\rtl\sp0557\compactppmc\ppmc_rgstr.vhd":468:8:468:9|Boundary register MPI_R[3] (in view: work.ppmc_rgstr_0(rtl)) is packed into a complex cell. To disable register packing, set syn_keep=1 on the net between the register and the complex cell. 
@N: BN362 :"c:\work\s127m\pcbno_10081\sp0557_rev02_00_ai\rtl\sp0557\compactppmc\ppmc_rgstr.vhd":468:8:468:9|Removing sequential instance MPI_R[2] (in view: work.ppmc_rgstr_0(rtl)) because it does not drive other instances.
@A: BN291 :"c:\work\s127m\pcbno_10081\sp0557_rev02_00_ai\rtl\sp0557\compactppmc\ppmc_rgstr.vhd":468:8:468:9|Boundary register MPI_R[2] (in view: work.ppmc_rgstr_0(rtl)) is packed into a complex cell. To disable register packing, set syn_keep=1 on the net between the register and the complex cell. 
@N: BN362 :"c:\work\s127m\pcbno_10081\sp0557_rev02_00_ai\rtl\sp0557\compactppmc\ppmc_rgstr.vhd":468:8:468:9|Removing sequential instance MPI_R[1] (in view: work.ppmc_rgstr_0(rtl)) because it does not drive other instances.
@A: BN291 :"c:\work\s127m\pcbno_10081\sp0557_rev02_00_ai\rtl\sp0557\compactppmc\ppmc_rgstr.vhd":468:8:468:9|Boundary register MPI_R[1] (in view: work.ppmc_rgstr_0(rtl)) is packed into a complex cell. To disable register packing, set syn_keep=1 on the net between the register and the complex cell. 
@N: BN362 :"c:\work\s127m\pcbno_10081\sp0557_rev02_00_ai\rtl\sp0557\compactppmc\ppmc_rgstr.vhd":457:8:457:9|Removing sequential instance MPI_B[7] (in view: work.ppmc_rgstr_0(rtl)) of type view:PrimLib.dffr(prim) because it does not drive other instances.
@N: BN362 :"c:\work\s127m\pcbno_10081\sp0557_rev02_00_ai\rtl\sp0557\compactppmc\ppmc_rgstr.vhd":457:8:457:9|Removing sequential instance MPI_B[4] (in view: work.ppmc_rgstr_0(rtl)) of type view:PrimLib.dffr(prim) because it does not drive other instances.
@N: BN362 :"c:\work\s127m\pcbno_10081\sp0557_rev02_00_ai\rtl\sp0557\compactppmc\ppmc_rgstr.vhd":457:8:457:9|Removing sequential instance MPI_B[3] (in view: work.ppmc_rgstr_0(rtl)) of type view:PrimLib.dffr(prim) because it does not drive other instances.
@N: BN362 :"c:\work\s127m\pcbno_10081\sp0557_rev02_00_ai\rtl\sp0557\compactppmc\ppmc_rgstr.vhd":457:8:457:9|Removing sequential instance MPI_B[2] (in view: work.ppmc_rgstr_0(rtl)) of type view:PrimLib.dffr(prim) because it does not drive other instances.
@N: BN362 :"c:\work\s127m\pcbno_10081\sp0557_rev02_00_ai\rtl\sp0557\compactppmc\ppmc_rgstr.vhd":457:8:457:9|Removing sequential instance MPI_B[1] (in view: work.ppmc_rgstr_0(rtl)) of type view:PrimLib.dffr(prim) because it does not drive other instances.
@N: BN362 :"c:\work\s127m\pcbno_10081\sp0557_rev02_00_ai\rtl\sp0557\compactppmc\ppmc_rgstr.vhd":457:8:457:9|Removing sequential instance MPI_A[7] (in view: work.ppmc_rgstr_0(rtl)) of type view:PrimLib.dffr(prim) because it does not drive other instances.
@A: BN291 :"c:\work\s127m\pcbno_10081\sp0557_rev02_00_ai\rtl\sp0557\compactppmc\ppmc_rgstr.vhd":457:8:457:9|Boundary register MPI_A[7] (in view: work.ppmc_rgstr_0(rtl)) is packed into a complex cell. To disable register packing, set syn_keep=1 on the net between the register and the complex cell. 
@N: BN362 :"c:\work\s127m\pcbno_10081\sp0557_rev02_00_ai\rtl\sp0557\compactppmc\ppmc_rgstr.vhd":457:8:457:9|Removing sequential instance MPI_A[4] (in view: work.ppmc_rgstr_0(rtl)) of type view:PrimLib.dffr(prim) because it does not drive other instances.
@A: BN291 :"c:\work\s127m\pcbno_10081\sp0557_rev02_00_ai\rtl\sp0557\compactppmc\ppmc_rgstr.vhd":457:8:457:9|Boundary register MPI_A[4] (in view: work.ppmc_rgstr_0(rtl)) is packed into a complex cell. To disable register packing, set syn_keep=1 on the net between the register and the complex cell. 
@N: BN362 :"c:\work\s127m\pcbno_10081\sp0557_rev02_00_ai\rtl\sp0557\compactppmc\ppmc_rgstr.vhd":457:8:457:9|Removing sequential instance MPI_A[3] (in view: work.ppmc_rgstr_0(rtl)) of type view:PrimLib.dffr(prim) because it does not drive other instances.
@A: BN291 :"c:\work\s127m\pcbno_10081\sp0557_rev02_00_ai\rtl\sp0557\compactppmc\ppmc_rgstr.vhd":457:8:457:9|Boundary register MPI_A[3] (in view: work.ppmc_rgstr_0(rtl)) is packed into a complex cell. To disable register packing, set syn_keep=1 on the net between the register and the complex cell. 
@N: BN362 :"c:\work\s127m\pcbno_10081\sp0557_rev02_00_ai\rtl\sp0557\compactppmc\ppmc_rgstr.vhd":457:8:457:9|Removing sequential instance MPI_A[2] (in view: work.ppmc_rgstr_0(rtl)) of type view:PrimLib.dffr(prim) because it does not drive other instances.
@A: BN291 :"c:\work\s127m\pcbno_10081\sp0557_rev02_00_ai\rtl\sp0557\compactppmc\ppmc_rgstr.vhd":457:8:457:9|Boundary register MPI_A[2] (in view: work.ppmc_rgstr_0(rtl)) is packed into a complex cell. To disable register packing, set syn_keep=1 on the net between the register and the complex cell. 
@N: BN362 :"c:\work\s127m\pcbno_10081\sp0557_rev02_00_ai\rtl\sp0557\compactppmc\ppmc_rgstr.vhd":457:8:457:9|Removing sequential instance MPI_A[1] (in view: work.ppmc_rgstr_0(rtl)) of type view:PrimLib.dffr(prim) because it does not drive other instances.
@A: BN291 :"c:\work\s127m\pcbno_10081\sp0557_rev02_00_ai\rtl\sp0557\compactppmc\ppmc_rgstr.vhd":457:8:457:9|Boundary register MPI_A[1] (in view: work.ppmc_rgstr_0(rtl)) is packed into a complex cell. To disable register packing, set syn_keep=1 on the net between the register and the complex cell. 
@W: MO129 :"c:\work\s127m\pcbno_10081\sp0557_rev02_00_ai\rtl\sp0557\compactppmc\ppmc_rgstr.vhd":457:8:457:9|Sequential instance stm01.ppmc_reg_S118M_inst.inst_ppmc_rgstr.MPI_A[0] is reduced to a combinational gate by constant propagation.
@N: BN362 :"c:\work\s127m\pcbno_10081\sp0557_rev02_00_ai\rtl\sp0557\compactppmc\ppmc_rgstr.vhd":468:8:468:9|Removing sequential instance MPI_R[0] (in view: work.ppmc_rgstr_0(rtl)) because it does not drive other instances.
@A: BN291 :"c:\work\s127m\pcbno_10081\sp0557_rev02_00_ai\rtl\sp0557\compactppmc\ppmc_rgstr.vhd":468:8:468:9|Boundary register MPI_R[0] (in view: work.ppmc_rgstr_0(rtl)) is packed into a complex cell. To disable register packing, set syn_keep=1 on the net between the register and the complex cell. 
@N: MO231 :"c:\work\s127m\pcbno_10081\sp0557_rev02_00_ai\rtl\sp0557\compactppmc\ppmc_enblr_s118m.vhd":86:2:86:3|Found counter in view:work.ppmc_enblr_S118M_0(rtl) instance enb_wait_cnt[13:0] 
@N: MO231 :"c:\work\s127m\pcbno_10081\sp0557_rev02_00_ai\rtl\sp0557\compactppmc\ppmc_ctrl.vhd":190:8:190:9|Found counter in view:work.ppmc_reg_S118M_1(rtl) instance inst_ppmc_ctrl.more_cnt[15:0] 
@N: BN362 :"c:\work\s127m\pcbno_10081\sp0557_rev02_00_ai\rtl\sp0557\compactppmc\ppmc_ctrl.vhd":283:8:283:9|Removing sequential instance inst_ppmc_ctrl.limit_mask_o[7] (in view: work.ppmc_reg_S118M_1(rtl)) of type view:PrimLib.dffr(prim) because it does not drive other instances.
@N: BN362 :"c:\work\s127m\pcbno_10081\sp0557_rev02_00_ai\rtl\sp0557\compactppmc\ppmc_ctrl.vhd":283:8:283:9|Removing sequential instance inst_ppmc_ctrl.limit_mask_o[4] (in view: work.ppmc_reg_S118M_1(rtl)) of type view:PrimLib.dffr(prim) because it does not drive other instances.
@N: BN362 :"c:\work\s127m\pcbno_10081\sp0557_rev02_00_ai\rtl\sp0557\compactppmc\ppmc_ctrl.vhd":283:8:283:9|Removing sequential instance inst_ppmc_ctrl.limit_mask_o[3] (in view: work.ppmc_reg_S118M_1(rtl)) of type view:PrimLib.dffr(prim) because it does not drive other instances.
@N: BN362 :"c:\work\s127m\pcbno_10081\sp0557_rev02_00_ai\rtl\sp0557\compactppmc\ppmc_ctrl.vhd":283:8:283:9|Removing sequential instance inst_ppmc_ctrl.limit_mask_o[0] (in view: work.ppmc_reg_S118M_1(rtl)) of type view:PrimLib.dffr(prim) because it does not drive other instances.
@N: MF179 :"c:\work\s127m\pcbno_10081\sp0557_rev02_00_ai\rtl\sp0557\compactppmc\ppmc_ctrl.vhd":239:16:239:30|Found 16 by 16 bit equality operator ('==') inst_ppmc_ctrl.speed (in view: work.ppmc_reg_S118M_1(rtl))
@N: MF179 :"c:\work\s127m\pcbno_10081\sp0557_rev02_00_ai\rtl\sp0557\compactppmc\ppmc_ctrl.vhd":242:19:242:34|Found 16 by 16 bit equality operator ('==') inst_ppmc_ctrl.un1_speed (in view: work.ppmc_reg_S118M_1(rtl))
@N: MO231 :"c:\work\s127m\pcbno_10081\sp0557_rev02_00_ai\rtl\sp0557\compactppmc\ppmc_acc_tim_gen.vhd":37:2:37:3|Found counter in view:work.ppmc_acc_tim_gen_1(rtl) instance reg[15:0] 
@N: MF179 :"c:\work\s127m\pcbno_10081\sp0557_rev02_00_ai\rtl\sp0557\compactppmc\ppmc_acc_tim_gen.vhd":44:6:44:18|Found 16 by 16 bit equality operator ('==') Start\.un2_reg (in view: work.ppmc_acc_tim_gen_1(rtl))
@N: MO230 :"c:\work\s127m\pcbno_10081\sp0557_rev02_00_ai\rtl\sp0557\compactppmc\ppmc_speed_cnt.vhd":57:8:57:9|Found up-down counter in view:work.ppmc_speed_cnt_1(rtl) instance reg[15:0]  
@N: MO231 :"c:\work\s127m\pcbno_10081\sp0557_rev02_00_ai\rtl\sp0557\compactppmc\ppmc_pls_cnt.vhd":57:8:57:9|Found counter in view:work.ppmc_pls_cnt_1(rtl) instance reg[15:0] 
@N: MO231 :"c:\work\s127m\pcbno_10081\sp0557_rev02_00_ai\rtl\sp0557\compactppmc\ppmc_pls_cnt.vhd":88:8:88:9|Found counter in view:work.ppmc_pls_cnt_1(rtl) instance pre_pulse[7:0] 
@N: MF179 :"c:\work\s127m\pcbno_10081\sp0557_rev02_00_ai\rtl\sp0557\compactppmc\ppmc_pls_cnt.vhd":69:50:69:64|Found 16 by 16 bit equality operator ('==') un4_o_slow (in view: work.ppmc_pls_cnt_1(rtl))
@N: BN362 :"c:\work\s127m\pcbno_10081\sp0557_rev02_00_ai\rtl\sp0557\compactppmc\ppmc_rgstr.vhd":405:8:405:9|Removing sequential instance MPO_REG_A_O[7] (in view: work.ppmc_rgstr_1(rtl)) because it does not drive other instances.
@A: BN291 :"c:\work\s127m\pcbno_10081\sp0557_rev02_00_ai\rtl\sp0557\compactppmc\ppmc_rgstr.vhd":405:8:405:9|Boundary register MPO_REG_A_O[7] (in view: work.ppmc_rgstr_1(rtl)) is packed into a complex cell. To disable register packing, set syn_keep=1 on the net between the register and the complex cell. 
@N: BN362 :"c:\work\s127m\pcbno_10081\sp0557_rev02_00_ai\rtl\sp0557\compactppmc\ppmc_rgstr.vhd":405:8:405:9|Removing sequential instance MPO_REG_A_O[6] (in view: work.ppmc_rgstr_1(rtl)) because it does not drive other instances.
@A: BN291 :"c:\work\s127m\pcbno_10081\sp0557_rev02_00_ai\rtl\sp0557\compactppmc\ppmc_rgstr.vhd":405:8:405:9|Boundary register MPO_REG_A_O[6] (in view: work.ppmc_rgstr_1(rtl)) is packed into a complex cell. To disable register packing, set syn_keep=1 on the net between the register and the complex cell. 
@N: BN362 :"c:\work\s127m\pcbno_10081\sp0557_rev02_00_ai\rtl\sp0557\compactppmc\ppmc_rgstr.vhd":405:8:405:9|Removing sequential instance MPO_REG_A_O[5] (in view: work.ppmc_rgstr_1(rtl)) because it does not drive other instances.
@A: BN291 :"c:\work\s127m\pcbno_10081\sp0557_rev02_00_ai\rtl\sp0557\compactppmc\ppmc_rgstr.vhd":405:8:405:9|Boundary register MPO_REG_A_O[5] (in view: work.ppmc_rgstr_1(rtl)) is packed into a complex cell. To disable register packing, set syn_keep=1 on the net between the register and the complex cell. 
@N: BN362 :"c:\work\s127m\pcbno_10081\sp0557_rev02_00_ai\rtl\sp0557\compactppmc\ppmc_rgstr.vhd":405:8:405:9|Removing sequential instance MPO_REG_A_O[4] (in view: work.ppmc_rgstr_1(rtl)) because it does not drive other instances.
@A: BN291 :"c:\work\s127m\pcbno_10081\sp0557_rev02_00_ai\rtl\sp0557\compactppmc\ppmc_rgstr.vhd":405:8:405:9|Boundary register MPO_REG_A_O[4] (in view: work.ppmc_rgstr_1(rtl)) is packed into a complex cell. To disable register packing, set syn_keep=1 on the net between the register and the complex cell. 
@N: BN362 :"c:\work\s127m\pcbno_10081\sp0557_rev02_00_ai\rtl\sp0557\compactppmc\ppmc_rgstr.vhd":405:8:405:9|Removing sequential instance MPO_REG_A_O[3] (in view: work.ppmc_rgstr_1(rtl)) because it does not drive other instances.
@A: BN291 :"c:\work\s127m\pcbno_10081\sp0557_rev02_00_ai\rtl\sp0557\compactppmc\ppmc_rgstr.vhd":405:8:405:9|Boundary register MPO_REG_A_O[3] (in view: work.ppmc_rgstr_1(rtl)) is packed into a complex cell. To disable register packing, set syn_keep=1 on the net between the register and the complex cell. 
@N: BN362 :"c:\work\s127m\pcbno_10081\sp0557_rev02_00_ai\rtl\sp0557\compactppmc\ppmc_rgstr.vhd":405:8:405:9|Removing sequential instance MPO_REG_A_O[1] (in view: work.ppmc_rgstr_1(rtl)) because it does not drive other instances.
@A: BN291 :"c:\work\s127m\pcbno_10081\sp0557_rev02_00_ai\rtl\sp0557\compactppmc\ppmc_rgstr.vhd":405:8:405:9|Boundary register MPO_REG_A_O[1] (in view: work.ppmc_rgstr_1(rtl)) is packed into a complex cell. To disable register packing, set syn_keep=1 on the net between the register and the complex cell. 
@N: BN362 :"c:\work\s127m\pcbno_10081\sp0557_rev02_00_ai\rtl\sp0557\compactppmc\ppmc_rgstr.vhd":430:8:430:9|Removing sequential instance MPO_REG_B_O[7] (in view: work.ppmc_rgstr_1(rtl)) because it does not drive other instances.
@A: BN291 :"c:\work\s127m\pcbno_10081\sp0557_rev02_00_ai\rtl\sp0557\compactppmc\ppmc_rgstr.vhd":430:8:430:9|Boundary register MPO_REG_B_O[7] (in view: work.ppmc_rgstr_1(rtl)) is packed into a complex cell. To disable register packing, set syn_keep=1 on the net between the register and the complex cell. 
@N: BN362 :"c:\work\s127m\pcbno_10081\sp0557_rev02_00_ai\rtl\sp0557\compactppmc\ppmc_rgstr.vhd":430:8:430:9|Removing sequential instance MPO_REG_B_O[6] (in view: work.ppmc_rgstr_1(rtl)) because it does not drive other instances.
@A: BN291 :"c:\work\s127m\pcbno_10081\sp0557_rev02_00_ai\rtl\sp0557\compactppmc\ppmc_rgstr.vhd":430:8:430:9|Boundary register MPO_REG_B_O[6] (in view: work.ppmc_rgstr_1(rtl)) is packed into a complex cell. To disable register packing, set syn_keep=1 on the net between the register and the complex cell. 
@N: BN362 :"c:\work\s127m\pcbno_10081\sp0557_rev02_00_ai\rtl\sp0557\compactppmc\ppmc_rgstr.vhd":430:8:430:9|Removing sequential instance MPO_REG_B_O[5] (in view: work.ppmc_rgstr_1(rtl)) because it does not drive other instances.
@A: BN291 :"c:\work\s127m\pcbno_10081\sp0557_rev02_00_ai\rtl\sp0557\compactppmc\ppmc_rgstr.vhd":430:8:430:9|Boundary register MPO_REG_B_O[5] (in view: work.ppmc_rgstr_1(rtl)) is packed into a complex cell. To disable register packing, set syn_keep=1 on the net between the register and the complex cell. 
@N: BN362 :"c:\work\s127m\pcbno_10081\sp0557_rev02_00_ai\rtl\sp0557\compactppmc\ppmc_rgstr.vhd":430:8:430:9|Removing sequential instance MPO_REG_B_O[4] (in view: work.ppmc_rgstr_1(rtl)) because it does not drive other instances.
@A: BN291 :"c:\work\s127m\pcbno_10081\sp0557_rev02_00_ai\rtl\sp0557\compactppmc\ppmc_rgstr.vhd":430:8:430:9|Boundary register MPO_REG_B_O[4] (in view: work.ppmc_rgstr_1(rtl)) is packed into a complex cell. To disable register packing, set syn_keep=1 on the net between the register and the complex cell. 
@N: BN362 :"c:\work\s127m\pcbno_10081\sp0557_rev02_00_ai\rtl\sp0557\compactppmc\ppmc_rgstr.vhd":430:8:430:9|Removing sequential instance MPO_REG_B_O[3] (in view: work.ppmc_rgstr_1(rtl)) because it does not drive other instances.
@A: BN291 :"c:\work\s127m\pcbno_10081\sp0557_rev02_00_ai\rtl\sp0557\compactppmc\ppmc_rgstr.vhd":430:8:430:9|Boundary register MPO_REG_B_O[3] (in view: work.ppmc_rgstr_1(rtl)) is packed into a complex cell. To disable register packing, set syn_keep=1 on the net between the register and the complex cell. 
@N: BN362 :"c:\work\s127m\pcbno_10081\sp0557_rev02_00_ai\rtl\sp0557\compactppmc\ppmc_rgstr.vhd":416:8:416:9|Removing sequential instance MPO_A_O[7] (in view: work.ppmc_rgstr_1(rtl)) because it does not drive other instances.
@A: BN291 :"c:\work\s127m\pcbno_10081\sp0557_rev02_00_ai\rtl\sp0557\compactppmc\ppmc_rgstr.vhd":416:8:416:9|Boundary register MPO_A_O[7] (in view: work.ppmc_rgstr_1(rtl)) is packed into a complex cell. To disable register packing, set syn_keep=1 on the net between the register and the complex cell. 
@N: BN362 :"c:\work\s127m\pcbno_10081\sp0557_rev02_00_ai\rtl\sp0557\compactppmc\ppmc_rgstr.vhd":416:8:416:9|Removing sequential instance MPO_A_O[6] (in view: work.ppmc_rgstr_1(rtl)) because it does not drive other instances.
@A: BN291 :"c:\work\s127m\pcbno_10081\sp0557_rev02_00_ai\rtl\sp0557\compactppmc\ppmc_rgstr.vhd":416:8:416:9|Boundary register MPO_A_O[6] (in view: work.ppmc_rgstr_1(rtl)) is packed into a complex cell. To disable register packing, set syn_keep=1 on the net between the register and the complex cell. 
@N: BN362 :"c:\work\s127m\pcbno_10081\sp0557_rev02_00_ai\rtl\sp0557\compactppmc\ppmc_rgstr.vhd":416:8:416:9|Removing sequential instance MPO_A_O[5] (in view: work.ppmc_rgstr_1(rtl)) because it does not drive other instances.
@A: BN291 :"c:\work\s127m\pcbno_10081\sp0557_rev02_00_ai\rtl\sp0557\compactppmc\ppmc_rgstr.vhd":416:8:416:9|Boundary register MPO_A_O[5] (in view: work.ppmc_rgstr_1(rtl)) is packed into a complex cell. To disable register packing, set syn_keep=1 on the net between the register and the complex cell. 
@N: BN362 :"c:\work\s127m\pcbno_10081\sp0557_rev02_00_ai\rtl\sp0557\compactppmc\ppmc_rgstr.vhd":416:8:416:9|Removing sequential instance MPO_A_O[4] (in view: work.ppmc_rgstr_1(rtl)) because it does not drive other instances.
@A: BN291 :"c:\work\s127m\pcbno_10081\sp0557_rev02_00_ai\rtl\sp0557\compactppmc\ppmc_rgstr.vhd":416:8:416:9|Boundary register MPO_A_O[4] (in view: work.ppmc_rgstr_1(rtl)) is packed into a complex cell. To disable register packing, set syn_keep=1 on the net between the register and the complex cell. 
@N: BN362 :"c:\work\s127m\pcbno_10081\sp0557_rev02_00_ai\rtl\sp0557\compactppmc\ppmc_rgstr.vhd":416:8:416:9|Removing sequential instance MPO_A_O[3] (in view: work.ppmc_rgstr_1(rtl)) because it does not drive other instances.
@A: BN291 :"c:\work\s127m\pcbno_10081\sp0557_rev02_00_ai\rtl\sp0557\compactppmc\ppmc_rgstr.vhd":416:8:416:9|Boundary register MPO_A_O[3] (in view: work.ppmc_rgstr_1(rtl)) is packed into a complex cell. To disable register packing, set syn_keep=1 on the net between the register and the complex cell. 
@N: BN362 :"c:\work\s127m\pcbno_10081\sp0557_rev02_00_ai\rtl\sp0557\compactppmc\ppmc_rgstr.vhd":416:8:416:9|Removing sequential instance MPO_A_O[1] (in view: work.ppmc_rgstr_1(rtl)) because it does not drive other instances.
@A: BN291 :"c:\work\s127m\pcbno_10081\sp0557_rev02_00_ai\rtl\sp0557\compactppmc\ppmc_rgstr.vhd":416:8:416:9|Boundary register MPO_A_O[1] (in view: work.ppmc_rgstr_1(rtl)) is packed into a complex cell. To disable register packing, set syn_keep=1 on the net between the register and the complex cell. 
@N: BN362 :"c:\work\s127m\pcbno_10081\sp0557_rev02_00_ai\rtl\sp0557\compactppmc\ppmc_rgstr.vhd":441:8:441:9|Removing sequential instance MPO_B_O[7] (in view: work.ppmc_rgstr_1(rtl)) because it does not drive other instances.
@A: BN291 :"c:\work\s127m\pcbno_10081\sp0557_rev02_00_ai\rtl\sp0557\compactppmc\ppmc_rgstr.vhd":441:8:441:9|Boundary register MPO_B_O[7] (in view: work.ppmc_rgstr_1(rtl)) is packed into a complex cell. To disable register packing, set syn_keep=1 on the net between the register and the complex cell. 
@N: BN362 :"c:\work\s127m\pcbno_10081\sp0557_rev02_00_ai\rtl\sp0557\compactppmc\ppmc_rgstr.vhd":441:8:441:9|Removing sequential instance MPO_B_O[6] (in view: work.ppmc_rgstr_1(rtl)) because it does not drive other instances.
@A: BN291 :"c:\work\s127m\pcbno_10081\sp0557_rev02_00_ai\rtl\sp0557\compactppmc\ppmc_rgstr.vhd":441:8:441:9|Boundary register MPO_B_O[6] (in view: work.ppmc_rgstr_1(rtl)) is packed into a complex cell. To disable register packing, set syn_keep=1 on the net between the register and the complex cell. 
@N: BN362 :"c:\work\s127m\pcbno_10081\sp0557_rev02_00_ai\rtl\sp0557\compactppmc\ppmc_rgstr.vhd":441:8:441:9|Removing sequential instance MPO_B_O[5] (in view: work.ppmc_rgstr_1(rtl)) because it does not drive other instances.
@A: BN291 :"c:\work\s127m\pcbno_10081\sp0557_rev02_00_ai\rtl\sp0557\compactppmc\ppmc_rgstr.vhd":441:8:441:9|Boundary register MPO_B_O[5] (in view: work.ppmc_rgstr_1(rtl)) is packed into a complex cell. To disable register packing, set syn_keep=1 on the net between the register and the complex cell. 
@N: BN362 :"c:\work\s127m\pcbno_10081\sp0557_rev02_00_ai\rtl\sp0557\compactppmc\ppmc_rgstr.vhd":441:8:441:9|Removing sequential instance MPO_B_O[4] (in view: work.ppmc_rgstr_1(rtl)) because it does not drive other instances.
@A: BN291 :"c:\work\s127m\pcbno_10081\sp0557_rev02_00_ai\rtl\sp0557\compactppmc\ppmc_rgstr.vhd":441:8:441:9|Boundary register MPO_B_O[4] (in view: work.ppmc_rgstr_1(rtl)) is packed into a complex cell. To disable register packing, set syn_keep=1 on the net between the register and the complex cell. 
@N: BN362 :"c:\work\s127m\pcbno_10081\sp0557_rev02_00_ai\rtl\sp0557\compactppmc\ppmc_rgstr.vhd":441:8:441:9|Removing sequential instance MPO_B_O[3] (in view: work.ppmc_rgstr_1(rtl)) because it does not drive other instances.
@A: BN291 :"c:\work\s127m\pcbno_10081\sp0557_rev02_00_ai\rtl\sp0557\compactppmc\ppmc_rgstr.vhd":441:8:441:9|Boundary register MPO_B_O[3] (in view: work.ppmc_rgstr_1(rtl)) is packed into a complex cell. To disable register packing, set syn_keep=1 on the net between the register and the complex cell. 
@N: BN362 :"c:\work\s127m\pcbno_10081\sp0557_rev02_00_ai\rtl\sp0557\compactppmc\ppmc_rgstr.vhd":468:8:468:9|Removing sequential instance MPI_R[7] (in view: work.ppmc_rgstr_1(rtl)) because it does not drive other instances.
@A: BN291 :"c:\work\s127m\pcbno_10081\sp0557_rev02_00_ai\rtl\sp0557\compactppmc\ppmc_rgstr.vhd":468:8:468:9|Boundary register MPI_R[7] (in view: work.ppmc_rgstr_1(rtl)) is packed into a complex cell. To disable register packing, set syn_keep=1 on the net between the register and the complex cell. 
@N: BN362 :"c:\work\s127m\pcbno_10081\sp0557_rev02_00_ai\rtl\sp0557\compactppmc\ppmc_rgstr.vhd":468:8:468:9|Removing sequential instance MPI_R[4] (in view: work.ppmc_rgstr_1(rtl)) because it does not drive other instances.
@A: BN291 :"c:\work\s127m\pcbno_10081\sp0557_rev02_00_ai\rtl\sp0557\compactppmc\ppmc_rgstr.vhd":468:8:468:9|Boundary register MPI_R[4] (in view: work.ppmc_rgstr_1(rtl)) is packed into a complex cell. To disable register packing, set syn_keep=1 on the net between the register and the complex cell. 
@N: BN362 :"c:\work\s127m\pcbno_10081\sp0557_rev02_00_ai\rtl\sp0557\compactppmc\ppmc_rgstr.vhd":468:8:468:9|Removing sequential instance MPI_R[3] (in view: work.ppmc_rgstr_1(rtl)) because it does not drive other instances.
@A: BN291 :"c:\work\s127m\pcbno_10081\sp0557_rev02_00_ai\rtl\sp0557\compactppmc\ppmc_rgstr.vhd":468:8:468:9|Boundary register MPI_R[3] (in view: work.ppmc_rgstr_1(rtl)) is packed into a complex cell. To disable register packing, set syn_keep=1 on the net between the register and the complex cell. 
@N: BN362 :"c:\work\s127m\pcbno_10081\sp0557_rev02_00_ai\rtl\sp0557\compactppmc\ppmc_rgstr.vhd":468:8:468:9|Removing sequential instance MPI_R[2] (in view: work.ppmc_rgstr_1(rtl)) because it does not drive other instances.
@A: BN291 :"c:\work\s127m\pcbno_10081\sp0557_rev02_00_ai\rtl\sp0557\compactppmc\ppmc_rgstr.vhd":468:8:468:9|Boundary register MPI_R[2] (in view: work.ppmc_rgstr_1(rtl)) is packed into a complex cell. To disable register packing, set syn_keep=1 on the net between the register and the complex cell. 
@N: BN362 :"c:\work\s127m\pcbno_10081\sp0557_rev02_00_ai\rtl\sp0557\compactppmc\ppmc_rgstr.vhd":468:8:468:9|Removing sequential instance MPI_R[1] (in view: work.ppmc_rgstr_1(rtl)) because it does not drive other instances.
@A: BN291 :"c:\work\s127m\pcbno_10081\sp0557_rev02_00_ai\rtl\sp0557\compactppmc\ppmc_rgstr.vhd":468:8:468:9|Boundary register MPI_R[1] (in view: work.ppmc_rgstr_1(rtl)) is packed into a complex cell. To disable register packing, set syn_keep=1 on the net between the register and the complex cell. 
@N: BN362 :"c:\work\s127m\pcbno_10081\sp0557_rev02_00_ai\rtl\sp0557\compactppmc\ppmc_rgstr.vhd":457:8:457:9|Removing sequential instance MPI_B[7] (in view: work.ppmc_rgstr_1(rtl)) of type view:PrimLib.dffr(prim) because it does not drive other instances.
@N: BN362 :"c:\work\s127m\pcbno_10081\sp0557_rev02_00_ai\rtl\sp0557\compactppmc\ppmc_rgstr.vhd":457:8:457:9|Removing sequential instance MPI_B[4] (in view: work.ppmc_rgstr_1(rtl)) of type view:PrimLib.dffr(prim) because it does not drive other instances.
@N: BN362 :"c:\work\s127m\pcbno_10081\sp0557_rev02_00_ai\rtl\sp0557\compactppmc\ppmc_rgstr.vhd":457:8:457:9|Removing sequential instance MPI_B[3] (in view: work.ppmc_rgstr_1(rtl)) of type view:PrimLib.dffr(prim) because it does not drive other instances.
@N: BN362 :"c:\work\s127m\pcbno_10081\sp0557_rev02_00_ai\rtl\sp0557\compactppmc\ppmc_rgstr.vhd":457:8:457:9|Removing sequential instance MPI_B[2] (in view: work.ppmc_rgstr_1(rtl)) of type view:PrimLib.dffr(prim) because it does not drive other instances.

Only the first 100 messages of id 'BN362' are reported. To see all messages use 'report_messages -log C:\work\S127M\PCBNo_10081\SP0557_rev02_00_AI\SP0557\synlog\SP0557_SP0557_fpga_mapper.srr -id BN362' in the Tcl shell. To see all messages in future runs, use the command 'message_override -limit {BN362} -count unlimited' in the Tcl shell.
@A: BN291 :"c:\work\s127m\pcbno_10081\sp0557_rev02_00_ai\rtl\sp0557\compactppmc\ppmc_rgstr.vhd":457:8:457:9|Boundary register MPI_A[7] (in view: work.ppmc_rgstr_1(rtl)) is packed into a complex cell. To disable register packing, set syn_keep=1 on the net between the register and the complex cell. 
@A: BN291 :"c:\work\s127m\pcbno_10081\sp0557_rev02_00_ai\rtl\sp0557\compactppmc\ppmc_rgstr.vhd":457:8:457:9|Boundary register MPI_A[4] (in view: work.ppmc_rgstr_1(rtl)) is packed into a complex cell. To disable register packing, set syn_keep=1 on the net between the register and the complex cell. 
@A: BN291 :"c:\work\s127m\pcbno_10081\sp0557_rev02_00_ai\rtl\sp0557\compactppmc\ppmc_rgstr.vhd":457:8:457:9|Boundary register MPI_A[3] (in view: work.ppmc_rgstr_1(rtl)) is packed into a complex cell. To disable register packing, set syn_keep=1 on the net between the register and the complex cell. 
@A: BN291 :"c:\work\s127m\pcbno_10081\sp0557_rev02_00_ai\rtl\sp0557\compactppmc\ppmc_rgstr.vhd":457:8:457:9|Boundary register MPI_A[2] (in view: work.ppmc_rgstr_1(rtl)) is packed into a complex cell. To disable register packing, set syn_keep=1 on the net between the register and the complex cell. 
@A: BN291 :"c:\work\s127m\pcbno_10081\sp0557_rev02_00_ai\rtl\sp0557\compactppmc\ppmc_rgstr.vhd":457:8:457:9|Boundary register MPI_A[1] (in view: work.ppmc_rgstr_1(rtl)) is packed into a complex cell. To disable register packing, set syn_keep=1 on the net between the register and the complex cell. 
@W: MO129 :"c:\work\s127m\pcbno_10081\sp0557_rev02_00_ai\rtl\sp0557\compactppmc\ppmc_rgstr.vhd":457:8:457:9|Sequential instance stm02.ppmc_reg_S118M_inst.inst_ppmc_rgstr.MPI_A[0] is reduced to a combinational gate by constant propagation.
@A: BN291 :"c:\work\s127m\pcbno_10081\sp0557_rev02_00_ai\rtl\sp0557\compactppmc\ppmc_rgstr.vhd":468:8:468:9|Boundary register MPI_R[0] (in view: work.ppmc_rgstr_1(rtl)) is packed into a complex cell. To disable register packing, set syn_keep=1 on the net between the register and the complex cell. 
@N: MO231 :"c:\work\s127m\pcbno_10081\sp0557_rev02_00_ai\rtl\sp0557\compactppmc\ppmc_enblr_s118m.vhd":86:2:86:3|Found counter in view:work.ppmc_enblr_S118M_1(rtl) instance enb_wait_cnt[13:0] 
@N: MO231 :"c:\work\s127m\pcbno_10081\sp0557_rev02_00_ai\rtl\sp0557\compactppmc\ppmc_ctrl.vhd":190:8:190:9|Found counter in view:work.ppmc_reg_S118M_2(rtl) instance inst_ppmc_ctrl.more_cnt[15:0] 
@N: MF179 :"c:\work\s127m\pcbno_10081\sp0557_rev02_00_ai\rtl\sp0557\compactppmc\ppmc_ctrl.vhd":239:16:239:30|Found 16 by 16 bit equality operator ('==') inst_ppmc_ctrl.speed (in view: work.ppmc_reg_S118M_2(rtl))
@N: MF179 :"c:\work\s127m\pcbno_10081\sp0557_rev02_00_ai\rtl\sp0557\compactppmc\ppmc_ctrl.vhd":242:19:242:34|Found 16 by 16 bit equality operator ('==') inst_ppmc_ctrl.un1_speed (in view: work.ppmc_reg_S118M_2(rtl))
@N: MO231 :"c:\work\s127m\pcbno_10081\sp0557_rev02_00_ai\rtl\sp0557\compactppmc\ppmc_acc_tim_gen.vhd":37:2:37:3|Found counter in view:work.ppmc_acc_tim_gen_2(rtl) instance reg[15:0] 
@N: MF179 :"c:\work\s127m\pcbno_10081\sp0557_rev02_00_ai\rtl\sp0557\compactppmc\ppmc_acc_tim_gen.vhd":44:6:44:18|Found 16 by 16 bit equality operator ('==') Start\.un2_reg (in view: work.ppmc_acc_tim_gen_2(rtl))
@N: MO230 :"c:\work\s127m\pcbno_10081\sp0557_rev02_00_ai\rtl\sp0557\compactppmc\ppmc_speed_cnt.vhd":57:8:57:9|Found up-down counter in view:work.ppmc_speed_cnt_2(rtl) instance reg[15:0]  
@N: MO231 :"c:\work\s127m\pcbno_10081\sp0557_rev02_00_ai\rtl\sp0557\compactppmc\ppmc_pls_cnt.vhd":57:8:57:9|Found counter in view:work.ppmc_pls_cnt_2(rtl) instance reg[15:0] 
@N: MO231 :"c:\work\s127m\pcbno_10081\sp0557_rev02_00_ai\rtl\sp0557\compactppmc\ppmc_pls_cnt.vhd":88:8:88:9|Found counter in view:work.ppmc_pls_cnt_2(rtl) instance pre_pulse[7:0] 
@N: MF179 :"c:\work\s127m\pcbno_10081\sp0557_rev02_00_ai\rtl\sp0557\compactppmc\ppmc_pls_cnt.vhd":69:50:69:64|Found 16 by 16 bit equality operator ('==') un4_o_slow (in view: work.ppmc_pls_cnt_2(rtl))
@A: BN291 :"c:\work\s127m\pcbno_10081\sp0557_rev02_00_ai\rtl\sp0557\compactppmc\ppmc_rgstr.vhd":405:8:405:9|Boundary register MPO_REG_A_O[7] (in view: work.ppmc_rgstr_2(rtl)) is packed into a complex cell. To disable register packing, set syn_keep=1 on the net between the register and the complex cell. 
@A: BN291 :"c:\work\s127m\pcbno_10081\sp0557_rev02_00_ai\rtl\sp0557\compactppmc\ppmc_rgstr.vhd":405:8:405:9|Boundary register MPO_REG_A_O[6] (in view: work.ppmc_rgstr_2(rtl)) is packed into a complex cell. To disable register packing, set syn_keep=1 on the net between the register and the complex cell. 
@A: BN291 :"c:\work\s127m\pcbno_10081\sp0557_rev02_00_ai\rtl\sp0557\compactppmc\ppmc_rgstr.vhd":405:8:405:9|Boundary register MPO_REG_A_O[5] (in view: work.ppmc_rgstr_2(rtl)) is packed into a complex cell. To disable register packing, set syn_keep=1 on the net between the register and the complex cell. 
@A: BN291 :"c:\work\s127m\pcbno_10081\sp0557_rev02_00_ai\rtl\sp0557\compactppmc\ppmc_rgstr.vhd":405:8:405:9|Boundary register MPO_REG_A_O[4] (in view: work.ppmc_rgstr_2(rtl)) is packed into a complex cell. To disable register packing, set syn_keep=1 on the net between the register and the complex cell. 
@A: BN291 :"c:\work\s127m\pcbno_10081\sp0557_rev02_00_ai\rtl\sp0557\compactppmc\ppmc_rgstr.vhd":405:8:405:9|Boundary register MPO_REG_A_O[3] (in view: work.ppmc_rgstr_2(rtl)) is packed into a complex cell. To disable register packing, set syn_keep=1 on the net between the register and the complex cell. 
@A: BN291 :"c:\work\s127m\pcbno_10081\sp0557_rev02_00_ai\rtl\sp0557\compactppmc\ppmc_rgstr.vhd":405:8:405:9|Boundary register MPO_REG_A_O[1] (in view: work.ppmc_rgstr_2(rtl)) is packed into a complex cell. To disable register packing, set syn_keep=1 on the net between the register and the complex cell. 
@A: BN291 :"c:\work\s127m\pcbno_10081\sp0557_rev02_00_ai\rtl\sp0557\compactppmc\ppmc_rgstr.vhd":430:8:430:9|Boundary register MPO_REG_B_O[7] (in view: work.ppmc_rgstr_2(rtl)) is packed into a complex cell. To disable register packing, set syn_keep=1 on the net between the register and the complex cell. 
@A: BN291 :"c:\work\s127m\pcbno_10081\sp0557_rev02_00_ai\rtl\sp0557\compactppmc\ppmc_rgstr.vhd":430:8:430:9|Boundary register MPO_REG_B_O[6] (in view: work.ppmc_rgstr_2(rtl)) is packed into a complex cell. To disable register packing, set syn_keep=1 on the net between the register and the complex cell. 
@A: BN291 :"c:\work\s127m\pcbno_10081\sp0557_rev02_00_ai\rtl\sp0557\compactppmc\ppmc_rgstr.vhd":430:8:430:9|Boundary register MPO_REG_B_O[5] (in view: work.ppmc_rgstr_2(rtl)) is packed into a complex cell. To disable register packing, set syn_keep=1 on the net between the register and the complex cell. 
@A: BN291 :"c:\work\s127m\pcbno_10081\sp0557_rev02_00_ai\rtl\sp0557\compactppmc\ppmc_rgstr.vhd":430:8:430:9|Boundary register MPO_REG_B_O[4] (in view: work.ppmc_rgstr_2(rtl)) is packed into a complex cell. To disable register packing, set syn_keep=1 on the net between the register and the complex cell. 
@A: BN291 :"c:\work\s127m\pcbno_10081\sp0557_rev02_00_ai\rtl\sp0557\compactppmc\ppmc_rgstr.vhd":430:8:430:9|Boundary register MPO_REG_B_O[3] (in view: work.ppmc_rgstr_2(rtl)) is packed into a complex cell. To disable register packing, set syn_keep=1 on the net between the register and the complex cell. 
@A: BN291 :"c:\work\s127m\pcbno_10081\sp0557_rev02_00_ai\rtl\sp0557\compactppmc\ppmc_rgstr.vhd":416:8:416:9|Boundary register MPO_A_O[7] (in view: work.ppmc_rgstr_2(rtl)) is packed into a complex cell. To disable register packing, set syn_keep=1 on the net between the register and the complex cell. 
@A: BN291 :"c:\work\s127m\pcbno_10081\sp0557_rev02_00_ai\rtl\sp0557\compactppmc\ppmc_rgstr.vhd":416:8:416:9|Boundary register MPO_A_O[6] (in view: work.ppmc_rgstr_2(rtl)) is packed into a complex cell. To disable register packing, set syn_keep=1 on the net between the register and the complex cell. 
@A: BN291 :"c:\work\s127m\pcbno_10081\sp0557_rev02_00_ai\rtl\sp0557\compactppmc\ppmc_rgstr.vhd":416:8:416:9|Boundary register MPO_A_O[5] (in view: work.ppmc_rgstr_2(rtl)) is packed into a complex cell. To disable register packing, set syn_keep=1 on the net between the register and the complex cell. 
@A: BN291 :"c:\work\s127m\pcbno_10081\sp0557_rev02_00_ai\rtl\sp0557\compactppmc\ppmc_rgstr.vhd":416:8:416:9|Boundary register MPO_A_O[4] (in view: work.ppmc_rgstr_2(rtl)) is packed into a complex cell. To disable register packing, set syn_keep=1 on the net between the register and the complex cell. 
@A: BN291 :"c:\work\s127m\pcbno_10081\sp0557_rev02_00_ai\rtl\sp0557\compactppmc\ppmc_rgstr.vhd":416:8:416:9|Boundary register MPO_A_O[3] (in view: work.ppmc_rgstr_2(rtl)) is packed into a complex cell. To disable register packing, set syn_keep=1 on the net between the register and the complex cell. 
@A: BN291 :"c:\work\s127m\pcbno_10081\sp0557_rev02_00_ai\rtl\sp0557\compactppmc\ppmc_rgstr.vhd":416:8:416:9|Boundary register MPO_A_O[1] (in view: work.ppmc_rgstr_2(rtl)) is packed into a complex cell. To disable register packing, set syn_keep=1 on the net between the register and the complex cell. 
@A: BN291 :"c:\work\s127m\pcbno_10081\sp0557_rev02_00_ai\rtl\sp0557\compactppmc\ppmc_rgstr.vhd":441:8:441:9|Boundary register MPO_B_O[7] (in view: work.ppmc_rgstr_2(rtl)) is packed into a complex cell. To disable register packing, set syn_keep=1 on the net between the register and the complex cell. 
@A: BN291 :"c:\work\s127m\pcbno_10081\sp0557_rev02_00_ai\rtl\sp0557\compactppmc\ppmc_rgstr.vhd":441:8:441:9|Boundary register MPO_B_O[6] (in view: work.ppmc_rgstr_2(rtl)) is packed into a complex cell. To disable register packing, set syn_keep=1 on the net between the register and the complex cell. 
@A: BN291 :"c:\work\s127m\pcbno_10081\sp0557_rev02_00_ai\rtl\sp0557\compactppmc\ppmc_rgstr.vhd":441:8:441:9|Boundary register MPO_B_O[5] (in view: work.ppmc_rgstr_2(rtl)) is packed into a complex cell. To disable register packing, set syn_keep=1 on the net between the register and the complex cell. 
@A: BN291 :"c:\work\s127m\pcbno_10081\sp0557_rev02_00_ai\rtl\sp0557\compactppmc\ppmc_rgstr.vhd":441:8:441:9|Boundary register MPO_B_O[4] (in view: work.ppmc_rgstr_2(rtl)) is packed into a complex cell. To disable register packing, set syn_keep=1 on the net between the register and the complex cell. 
@A: BN291 :"c:\work\s127m\pcbno_10081\sp0557_rev02_00_ai\rtl\sp0557\compactppmc\ppmc_rgstr.vhd":441:8:441:9|Boundary register MPO_B_O[3] (in view: work.ppmc_rgstr_2(rtl)) is packed into a complex cell. To disable register packing, set syn_keep=1 on the net between the register and the complex cell. 
@A: BN291 :"c:\work\s127m\pcbno_10081\sp0557_rev02_00_ai\rtl\sp0557\compactppmc\ppmc_rgstr.vhd":468:8:468:9|Boundary register MPI_R[7] (in view: work.ppmc_rgstr_2(rtl)) is packed into a complex cell. To disable register packing, set syn_keep=1 on the net between the register and the complex cell. 
@A: BN291 :"c:\work\s127m\pcbno_10081\sp0557_rev02_00_ai\rtl\sp0557\compactppmc\ppmc_rgstr.vhd":468:8:468:9|Boundary register MPI_R[4] (in view: work.ppmc_rgstr_2(rtl)) is packed into a complex cell. To disable register packing, set syn_keep=1 on the net between the register and the complex cell. 
@A: BN291 :"c:\work\s127m\pcbno_10081\sp0557_rev02_00_ai\rtl\sp0557\compactppmc\ppmc_rgstr.vhd":468:8:468:9|Boundary register MPI_R[3] (in view: work.ppmc_rgstr_2(rtl)) is packed into a complex cell. To disable register packing, set syn_keep=1 on the net between the register and the complex cell. 
@A: BN291 :"c:\work\s127m\pcbno_10081\sp0557_rev02_00_ai\rtl\sp0557\compactppmc\ppmc_rgstr.vhd":468:8:468:9|Boundary register MPI_R[2] (in view: work.ppmc_rgstr_2(rtl)) is packed into a complex cell. To disable register packing, set syn_keep=1 on the net between the register and the complex cell. 
@A: BN291 :"c:\work\s127m\pcbno_10081\sp0557_rev02_00_ai\rtl\sp0557\compactppmc\ppmc_rgstr.vhd":468:8:468:9|Boundary register MPI_R[1] (in view: work.ppmc_rgstr_2(rtl)) is packed into a complex cell. To disable register packing, set syn_keep=1 on the net between the register and the complex cell. 

Only the first 100 messages of id 'BN291' are reported. To see all messages use 'report_messages -log C:\work\S127M\PCBNo_10081\SP0557_rev02_00_AI\SP0557\synlog\SP0557_SP0557_fpga_mapper.srr -id BN291' in the Tcl shell. To see all messages in future runs, use the command 'message_override -limit {BN291} -count unlimited' in the Tcl shell.
@W: MO129 :"c:\work\s127m\pcbno_10081\sp0557_rev02_00_ai\rtl\sp0557\compactppmc\ppmc_rgstr.vhd":457:8:457:9|Sequential instance stm03.ppmc_reg_S118M_inst.inst_ppmc_rgstr.MPI_A[0] is reduced to a combinational gate by constant propagation.
@N: MO231 :"c:\work\s127m\pcbno_10081\sp0557_rev02_00_ai\rtl\sp0557\compactppmc\ppmc_enblr_s118m.vhd":86:2:86:3|Found counter in view:work.ppmc_enblr_S118M_2(rtl) instance enb_wait_cnt[13:0] 
@N: MO231 :"c:\work\s127m\pcbno_10081\sp0557_rev02_00_ai\rtl\sp0557\compactppmc\ppmc_ctrl.vhd":190:8:190:9|Found counter in view:work.ppmc_reg_S118M_3(rtl) instance inst_ppmc_ctrl.more_cnt[15:0] 
@N: MF179 :"c:\work\s127m\pcbno_10081\sp0557_rev02_00_ai\rtl\sp0557\compactppmc\ppmc_ctrl.vhd":239:16:239:30|Found 16 by 16 bit equality operator ('==') inst_ppmc_ctrl.speed (in view: work.ppmc_reg_S118M_3(rtl))
@N: MF179 :"c:\work\s127m\pcbno_10081\sp0557_rev02_00_ai\rtl\sp0557\compactppmc\ppmc_ctrl.vhd":242:19:242:34|Found 16 by 16 bit equality operator ('==') inst_ppmc_ctrl.un1_speed (in view: work.ppmc_reg_S118M_3(rtl))
@N: MO231 :"c:\work\s127m\pcbno_10081\sp0557_rev02_00_ai\rtl\sp0557\compactppmc\ppmc_acc_tim_gen.vhd":37:2:37:3|Found counter in view:work.ppmc_acc_tim_gen_3(rtl) instance reg[15:0] 
@N: MF179 :"c:\work\s127m\pcbno_10081\sp0557_rev02_00_ai\rtl\sp0557\compactppmc\ppmc_acc_tim_gen.vhd":44:6:44:18|Found 16 by 16 bit equality operator ('==') Start\.un2_reg (in view: work.ppmc_acc_tim_gen_3(rtl))
@N: MO230 :"c:\work\s127m\pcbno_10081\sp0557_rev02_00_ai\rtl\sp0557\compactppmc\ppmc_speed_cnt.vhd":57:8:57:9|Found up-down counter in view:work.ppmc_speed_cnt_3(rtl) instance reg[15:0]  
@N: MO231 :"c:\work\s127m\pcbno_10081\sp0557_rev02_00_ai\rtl\sp0557\compactppmc\ppmc_pls_cnt.vhd":57:8:57:9|Found counter in view:work.ppmc_pls_cnt_3(rtl) instance reg[15:0] 
@N: MO231 :"c:\work\s127m\pcbno_10081\sp0557_rev02_00_ai\rtl\sp0557\compactppmc\ppmc_pls_cnt.vhd":88:8:88:9|Found counter in view:work.ppmc_pls_cnt_3(rtl) instance pre_pulse[7:0] 
@N: MF179 :"c:\work\s127m\pcbno_10081\sp0557_rev02_00_ai\rtl\sp0557\compactppmc\ppmc_pls_cnt.vhd":69:50:69:64|Found 16 by 16 bit equality operator ('==') un4_o_slow (in view: work.ppmc_pls_cnt_3(rtl))
@W: MO129 :"c:\work\s127m\pcbno_10081\sp0557_rev02_00_ai\rtl\sp0557\compactppmc\ppmc_rgstr.vhd":457:8:457:9|Sequential instance stm04.ppmc_reg_S118M_inst.inst_ppmc_rgstr.MPI_A[0] is reduced to a combinational gate by constant propagation.
@N: MO231 :"c:\work\s127m\pcbno_10081\sp0557_rev02_00_ai\rtl\sp0557\compactppmc\ppmc_enblr_s118m.vhd":86:2:86:3|Found counter in view:work.ppmc_enblr_S118M_3(rtl) instance enb_wait_cnt[13:0] 
@N: MO231 :"c:\work\s127m\pcbno_10081\sp0557_rev02_00_ai\rtl\sp0557\compactppmc\ppmc_ctrl.vhd":190:8:190:9|Found counter in view:work.ppmc_reg_S118M_4(rtl) instance inst_ppmc_ctrl.more_cnt[15:0] 
@N: MF179 :"c:\work\s127m\pcbno_10081\sp0557_rev02_00_ai\rtl\sp0557\compactppmc\ppmc_ctrl.vhd":239:16:239:30|Found 16 by 16 bit equality operator ('==') inst_ppmc_ctrl.speed (in view: work.ppmc_reg_S118M_4(rtl))
@N: MF179 :"c:\work\s127m\pcbno_10081\sp0557_rev02_00_ai\rtl\sp0557\compactppmc\ppmc_ctrl.vhd":242:19:242:34|Found 16 by 16 bit equality operator ('==') inst_ppmc_ctrl.un1_speed (in view: work.ppmc_reg_S118M_4(rtl))
@N: MO231 :"c:\work\s127m\pcbno_10081\sp0557_rev02_00_ai\rtl\sp0557\compactppmc\ppmc_acc_tim_gen.vhd":37:2:37:3|Found counter in view:work.ppmc_acc_tim_gen_4(rtl) instance reg[15:0] 
@N: MF179 :"c:\work\s127m\pcbno_10081\sp0557_rev02_00_ai\rtl\sp0557\compactppmc\ppmc_acc_tim_gen.vhd":44:6:44:18|Found 16 by 16 bit equality operator ('==') Start\.un2_reg (in view: work.ppmc_acc_tim_gen_4(rtl))
@N: MO230 :"c:\work\s127m\pcbno_10081\sp0557_rev02_00_ai\rtl\sp0557\compactppmc\ppmc_speed_cnt.vhd":57:8:57:9|Found up-down counter in view:work.ppmc_speed_cnt_4(rtl) instance reg[15:0]  
@N: MO231 :"c:\work\s127m\pcbno_10081\sp0557_rev02_00_ai\rtl\sp0557\compactppmc\ppmc_pls_cnt.vhd":57:8:57:9|Found counter in view:work.ppmc_pls_cnt_4(rtl) instance reg[15:0] 
@N: MO231 :"c:\work\s127m\pcbno_10081\sp0557_rev02_00_ai\rtl\sp0557\compactppmc\ppmc_pls_cnt.vhd":88:8:88:9|Found counter in view:work.ppmc_pls_cnt_4(rtl) instance pre_pulse[7:0] 
@N: MF179 :"c:\work\s127m\pcbno_10081\sp0557_rev02_00_ai\rtl\sp0557\compactppmc\ppmc_pls_cnt.vhd":69:50:69:64|Found 16 by 16 bit equality operator ('==') un4_o_slow (in view: work.ppmc_pls_cnt_4(rtl))
@W: MO129 :"c:\work\s127m\pcbno_10081\sp0557_rev02_00_ai\rtl\sp0557\compactppmc\ppmc_rgstr.vhd":457:8:457:9|Sequential instance stm05.ppmc_reg_S118M_inst.inst_ppmc_rgstr.MPI_A[0] is reduced to a combinational gate by constant propagation.
@N: MO231 :"c:\work\s127m\pcbno_10081\sp0557_rev02_00_ai\rtl\sp0557\compactppmc\ppmc_enblr_s118m.vhd":86:2:86:3|Found counter in view:work.ppmc_enblr_S118M_4(rtl) instance enb_wait_cnt[13:0] 
@N: MO231 :"c:\work\s127m\pcbno_10081\sp0557_rev02_00_ai\rtl\sp0557\compactppmc\ppmc_ctrl.vhd":190:8:190:9|Found counter in view:work.ppmc_reg_S118M_5(rtl) instance inst_ppmc_ctrl.more_cnt[15:0] 
@N: MF179 :"c:\work\s127m\pcbno_10081\sp0557_rev02_00_ai\rtl\sp0557\compactppmc\ppmc_ctrl.vhd":239:16:239:30|Found 16 by 16 bit equality operator ('==') inst_ppmc_ctrl.speed (in view: work.ppmc_reg_S118M_5(rtl))
@N: MF179 :"c:\work\s127m\pcbno_10081\sp0557_rev02_00_ai\rtl\sp0557\compactppmc\ppmc_ctrl.vhd":242:19:242:34|Found 16 by 16 bit equality operator ('==') inst_ppmc_ctrl.un1_speed (in view: work.ppmc_reg_S118M_5(rtl))
@N: MO231 :"c:\work\s127m\pcbno_10081\sp0557_rev02_00_ai\rtl\sp0557\compactppmc\ppmc_acc_tim_gen.vhd":37:2:37:3|Found counter in view:work.ppmc_acc_tim_gen_5(rtl) instance reg[15:0] 
@N: MF179 :"c:\work\s127m\pcbno_10081\sp0557_rev02_00_ai\rtl\sp0557\compactppmc\ppmc_acc_tim_gen.vhd":44:6:44:18|Found 16 by 16 bit equality operator ('==') Start\.un2_reg (in view: work.ppmc_acc_tim_gen_5(rtl))
@N: MO230 :"c:\work\s127m\pcbno_10081\sp0557_rev02_00_ai\rtl\sp0557\compactppmc\ppmc_speed_cnt.vhd":57:8:57:9|Found up-down counter in view:work.ppmc_speed_cnt_5(rtl) instance reg[15:0]  
@N: MO231 :"c:\work\s127m\pcbno_10081\sp0557_rev02_00_ai\rtl\sp0557\compactppmc\ppmc_pls_cnt.vhd":57:8:57:9|Found counter in view:work.ppmc_pls_cnt_5(rtl) instance reg[15:0] 
@N: MO231 :"c:\work\s127m\pcbno_10081\sp0557_rev02_00_ai\rtl\sp0557\compactppmc\ppmc_pls_cnt.vhd":88:8:88:9|Found counter in view:work.ppmc_pls_cnt_5(rtl) instance pre_pulse[7:0] 
@N: MF179 :"c:\work\s127m\pcbno_10081\sp0557_rev02_00_ai\rtl\sp0557\compactppmc\ppmc_pls_cnt.vhd":69:50:69:64|Found 16 by 16 bit equality operator ('==') un4_o_slow (in view: work.ppmc_pls_cnt_5(rtl))
@W: MO129 :"c:\work\s127m\pcbno_10081\sp0557_rev02_00_ai\rtl\sp0557\compactppmc\ppmc_rgstr.vhd":457:8:457:9|Sequential instance stm06.ppmc_reg_S118M_inst.inst_ppmc_rgstr.MPI_A[0] is reduced to a combinational gate by constant propagation.
@N: MO231 :"c:\work\s127m\pcbno_10081\sp0557_rev02_00_ai\rtl\sp0557\compactppmc\ppmc_enblr_s118m.vhd":86:2:86:3|Found counter in view:work.ppmc_enblr_S118M_5(rtl) instance enb_wait_cnt[13:0] 
@N: MO231 :"c:\work\s127m\pcbno_10081\sp0557_rev02_00_ai\rtl\sp0557\compactppmc\ppmc_ctrl.vhd":190:8:190:9|Found counter in view:work.ppmc_reg_S118M_6(rtl) instance inst_ppmc_ctrl.more_cnt[15:0] 
@N: MF179 :"c:\work\s127m\pcbno_10081\sp0557_rev02_00_ai\rtl\sp0557\compactppmc\ppmc_ctrl.vhd":239:16:239:30|Found 16 by 16 bit equality operator ('==') inst_ppmc_ctrl.speed (in view: work.ppmc_reg_S118M_6(rtl))
@N: MF179 :"c:\work\s127m\pcbno_10081\sp0557_rev02_00_ai\rtl\sp0557\compactppmc\ppmc_ctrl.vhd":242:19:242:34|Found 16 by 16 bit equality operator ('==') inst_ppmc_ctrl.un1_speed (in view: work.ppmc_reg_S118M_6(rtl))
@N: MO231 :"c:\work\s127m\pcbno_10081\sp0557_rev02_00_ai\rtl\sp0557\compactppmc\ppmc_acc_tim_gen.vhd":37:2:37:3|Found counter in view:work.ppmc_acc_tim_gen_6(rtl) instance reg[15:0] 
@N: MF179 :"c:\work\s127m\pcbno_10081\sp0557_rev02_00_ai\rtl\sp0557\compactppmc\ppmc_acc_tim_gen.vhd":44:6:44:18|Found 16 by 16 bit equality operator ('==') Start\.un2_reg (in view: work.ppmc_acc_tim_gen_6(rtl))
@N: MO230 :"c:\work\s127m\pcbno_10081\sp0557_rev02_00_ai\rtl\sp0557\compactppmc\ppmc_speed_cnt.vhd":57:8:57:9|Found up-down counter in view:work.ppmc_speed_cnt_6(rtl) instance reg[15:0]  
@N: MO231 :"c:\work\s127m\pcbno_10081\sp0557_rev02_00_ai\rtl\sp0557\compactppmc\ppmc_pls_cnt.vhd":57:8:57:9|Found counter in view:work.ppmc_pls_cnt_6(rtl) instance reg[15:0] 
@N: MO231 :"c:\work\s127m\pcbno_10081\sp0557_rev02_00_ai\rtl\sp0557\compactppmc\ppmc_pls_cnt.vhd":88:8:88:9|Found counter in view:work.ppmc_pls_cnt_6(rtl) instance pre_pulse[7:0] 
@N: MF179 :"c:\work\s127m\pcbno_10081\sp0557_rev02_00_ai\rtl\sp0557\compactppmc\ppmc_pls_cnt.vhd":69:50:69:64|Found 16 by 16 bit equality operator ('==') un4_o_slow (in view: work.ppmc_pls_cnt_6(rtl))
@W: MO129 :"c:\work\s127m\pcbno_10081\sp0557_rev02_00_ai\rtl\sp0557\compactppmc\ppmc_rgstr.vhd":457:8:457:9|Sequential instance stm07.ppmc_reg_S118M_inst.inst_ppmc_rgstr.MPI_A[0] is reduced to a combinational gate by constant propagation.
@N: MO231 :"c:\work\s127m\pcbno_10081\sp0557_rev02_00_ai\rtl\sp0557\compactppmc\ppmc_enblr_s118m.vhd":86:2:86:3|Found counter in view:work.ppmc_enblr_S118M_6(rtl) instance enb_wait_cnt[13:0] 
@N: MO231 :"c:\work\s127m\pcbno_10081\sp0557_rev02_00_ai\rtl\sp0557\compactppmc\ppmc_ctrl.vhd":190:8:190:9|Found counter in view:work.ppmc_reg_S118M_7(rtl) instance inst_ppmc_ctrl.more_cnt[15:0] 
@N: MF179 :"c:\work\s127m\pcbno_10081\sp0557_rev02_00_ai\rtl\sp0557\compactppmc\ppmc_ctrl.vhd":239:16:239:30|Found 16 by 16 bit equality operator ('==') inst_ppmc_ctrl.speed (in view: work.ppmc_reg_S118M_7(rtl))
@N: MF179 :"c:\work\s127m\pcbno_10081\sp0557_rev02_00_ai\rtl\sp0557\compactppmc\ppmc_ctrl.vhd":242:19:242:34|Found 16 by 16 bit equality operator ('==') inst_ppmc_ctrl.un1_speed (in view: work.ppmc_reg_S118M_7(rtl))
@N: MO231 :"c:\work\s127m\pcbno_10081\sp0557_rev02_00_ai\rtl\sp0557\compactppmc\ppmc_acc_tim_gen.vhd":37:2:37:3|Found counter in view:work.ppmc_acc_tim_gen_7(rtl) instance reg[15:0] 
@N: MF179 :"c:\work\s127m\pcbno_10081\sp0557_rev02_00_ai\rtl\sp0557\compactppmc\ppmc_acc_tim_gen.vhd":44:6:44:18|Found 16 by 16 bit equality operator ('==') Start\.un2_reg (in view: work.ppmc_acc_tim_gen_7(rtl))
@N: MO230 :"c:\work\s127m\pcbno_10081\sp0557_rev02_00_ai\rtl\sp0557\compactppmc\ppmc_speed_cnt.vhd":57:8:57:9|Found up-down counter in view:work.ppmc_speed_cnt_7(rtl) instance reg[15:0]  
@N: MO231 :"c:\work\s127m\pcbno_10081\sp0557_rev02_00_ai\rtl\sp0557\compactppmc\ppmc_pls_cnt.vhd":57:8:57:9|Found counter in view:work.ppmc_pls_cnt_7(rtl) instance reg[15:0] 
@N: MO231 :"c:\work\s127m\pcbno_10081\sp0557_rev02_00_ai\rtl\sp0557\compactppmc\ppmc_pls_cnt.vhd":88:8:88:9|Found counter in view:work.ppmc_pls_cnt_7(rtl) instance pre_pulse[7:0] 
@N: MF179 :"c:\work\s127m\pcbno_10081\sp0557_rev02_00_ai\rtl\sp0557\compactppmc\ppmc_pls_cnt.vhd":69:50:69:64|Found 16 by 16 bit equality operator ('==') un4_o_slow (in view: work.ppmc_pls_cnt_7(rtl))
@W: MO129 :"c:\work\s127m\pcbno_10081\sp0557_rev02_00_ai\rtl\sp0557\compactppmc\ppmc_rgstr.vhd":457:8:457:9|Sequential instance stm08.ppmc_reg_S118M_inst.inst_ppmc_rgstr.MPI_A[0] is reduced to a combinational gate by constant propagation.
@N: MO231 :"c:\work\s127m\pcbno_10081\sp0557_rev02_00_ai\rtl\sp0557\compactppmc\ppmc_enblr_s118m.vhd":86:2:86:3|Found counter in view:work.ppmc_enblr_S118M_7(rtl) instance enb_wait_cnt[13:0] 
@N: MO231 :"c:\work\s127m\pcbno_10081\sp0557_rev02_00_ai\rtl\sp0557\compactppmc\ppmc_ctrl.vhd":190:8:190:9|Found counter in view:work.ppmc_reg_S118M_8(rtl) instance inst_ppmc_ctrl.more_cnt[15:0] 
@N: MF179 :"c:\work\s127m\pcbno_10081\sp0557_rev02_00_ai\rtl\sp0557\compactppmc\ppmc_ctrl.vhd":239:16:239:30|Found 16 by 16 bit equality operator ('==') inst_ppmc_ctrl.speed (in view: work.ppmc_reg_S118M_8(rtl))
@N: MF179 :"c:\work\s127m\pcbno_10081\sp0557_rev02_00_ai\rtl\sp0557\compactppmc\ppmc_ctrl.vhd":242:19:242:34|Found 16 by 16 bit equality operator ('==') inst_ppmc_ctrl.un1_speed (in view: work.ppmc_reg_S118M_8(rtl))
@N: MO231 :"c:\work\s127m\pcbno_10081\sp0557_rev02_00_ai\rtl\sp0557\compactppmc\ppmc_acc_tim_gen.vhd":37:2:37:3|Found counter in view:work.ppmc_acc_tim_gen_8(rtl) instance reg[15:0] 
@N: MF179 :"c:\work\s127m\pcbno_10081\sp0557_rev02_00_ai\rtl\sp0557\compactppmc\ppmc_acc_tim_gen.vhd":44:6:44:18|Found 16 by 16 bit equality operator ('==') Start\.un2_reg (in view: work.ppmc_acc_tim_gen_8(rtl))
@N: MO230 :"c:\work\s127m\pcbno_10081\sp0557_rev02_00_ai\rtl\sp0557\compactppmc\ppmc_speed_cnt.vhd":57:8:57:9|Found up-down counter in view:work.ppmc_speed_cnt_8(rtl) instance reg[15:0]  
@N: MO231 :"c:\work\s127m\pcbno_10081\sp0557_rev02_00_ai\rtl\sp0557\compactppmc\ppmc_pls_cnt.vhd":57:8:57:9|Found counter in view:work.ppmc_pls_cnt_8(rtl) instance reg[15:0] 
@N: MO231 :"c:\work\s127m\pcbno_10081\sp0557_rev02_00_ai\rtl\sp0557\compactppmc\ppmc_pls_cnt.vhd":88:8:88:9|Found counter in view:work.ppmc_pls_cnt_8(rtl) instance pre_pulse[7:0] 
@N: MF179 :"c:\work\s127m\pcbno_10081\sp0557_rev02_00_ai\rtl\sp0557\compactppmc\ppmc_pls_cnt.vhd":69:50:69:64|Found 16 by 16 bit equality operator ('==') un4_o_slow (in view: work.ppmc_pls_cnt_8(rtl))
@W: MO129 :"c:\work\s127m\pcbno_10081\sp0557_rev02_00_ai\rtl\sp0557\compactppmc\ppmc_rgstr.vhd":457:8:457:9|Sequential instance stm09.ppmc_reg_S118M_inst.inst_ppmc_rgstr.MPI_A[0] is reduced to a combinational gate by constant propagation.
@N: MO231 :"c:\work\s127m\pcbno_10081\sp0557_rev02_00_ai\rtl\sp0557\compactppmc\ppmc_enblr_s118m.vhd":86:2:86:3|Found counter in view:work.ppmc_enblr_S118M_8(rtl) instance enb_wait_cnt[13:0] 
@N: MO231 :"c:\work\s127m\pcbno_10081\sp0557_rev02_00_ai\rtl\sp0557\compactppmc\ppmc_ctrl.vhd":190:8:190:9|Found counter in view:work.ppmc_reg_S118M_9(rtl) instance inst_ppmc_ctrl.more_cnt[15:0] 
@N: MF179 :"c:\work\s127m\pcbno_10081\sp0557_rev02_00_ai\rtl\sp0557\compactppmc\ppmc_ctrl.vhd":239:16:239:30|Found 16 by 16 bit equality operator ('==') inst_ppmc_ctrl.speed (in view: work.ppmc_reg_S118M_9(rtl))
@N: MF179 :"c:\work\s127m\pcbno_10081\sp0557_rev02_00_ai\rtl\sp0557\compactppmc\ppmc_ctrl.vhd":242:19:242:34|Found 16 by 16 bit equality operator ('==') inst_ppmc_ctrl.un1_speed (in view: work.ppmc_reg_S118M_9(rtl))
@N: MO231 :"c:\work\s127m\pcbno_10081\sp0557_rev02_00_ai\rtl\sp0557\compactppmc\ppmc_acc_tim_gen.vhd":37:2:37:3|Found counter in view:work.ppmc_acc_tim_gen_9(rtl) instance reg[15:0] 
@N: MF179 :"c:\work\s127m\pcbno_10081\sp0557_rev02_00_ai\rtl\sp0557\compactppmc\ppmc_acc_tim_gen.vhd":44:6:44:18|Found 16 by 16 bit equality operator ('==') Start\.un2_reg (in view: work.ppmc_acc_tim_gen_9(rtl))
@N: MO230 :"c:\work\s127m\pcbno_10081\sp0557_rev02_00_ai\rtl\sp0557\compactppmc\ppmc_speed_cnt.vhd":57:8:57:9|Found up-down counter in view:work.ppmc_speed_cnt_9(rtl) instance reg[15:0]  
@N: MO231 :"c:\work\s127m\pcbno_10081\sp0557_rev02_00_ai\rtl\sp0557\compactppmc\ppmc_pls_cnt.vhd":57:8:57:9|Found counter in view:work.ppmc_pls_cnt_9(rtl) instance reg[15:0] 
@N: MO231 :"c:\work\s127m\pcbno_10081\sp0557_rev02_00_ai\rtl\sp0557\compactppmc\ppmc_pls_cnt.vhd":88:8:88:9|Found counter in view:work.ppmc_pls_cnt_9(rtl) instance pre_pulse[7:0] 
@N: MF179 :"c:\work\s127m\pcbno_10081\sp0557_rev02_00_ai\rtl\sp0557\compactppmc\ppmc_pls_cnt.vhd":69:50:69:64|Found 16 by 16 bit equality operator ('==') un4_o_slow (in view: work.ppmc_pls_cnt_9(rtl))
@W: MO129 :"c:\work\s127m\pcbno_10081\sp0557_rev02_00_ai\rtl\sp0557\compactppmc\ppmc_rgstr.vhd":457:8:457:9|Sequential instance stm10.ppmc_reg_S118M_inst.inst_ppmc_rgstr.MPI_A[0] is reduced to a combinational gate by constant propagation.
@N: MO231 :"c:\work\s127m\pcbno_10081\sp0557_rev02_00_ai\rtl\sp0557\compactppmc\ppmc_enblr_s118m.vhd":86:2:86:3|Found counter in view:work.ppmc_enblr_S118M_9(rtl) instance enb_wait_cnt[13:0] 
@N: MO231 :"c:\work\s127m\pcbno_10081\sp0557_rev02_00_ai\rtl\sp0557\compactppmc\ppmc_ctrl.vhd":190:8:190:9|Found counter in view:work.ppmc_reg_S118M_10(rtl) instance inst_ppmc_ctrl.more_cnt[15:0] 
@N: MF179 :"c:\work\s127m\pcbno_10081\sp0557_rev02_00_ai\rtl\sp0557\compactppmc\ppmc_ctrl.vhd":239:16:239:30|Found 16 by 16 bit equality operator ('==') inst_ppmc_ctrl.speed (in view: work.ppmc_reg_S118M_10(rtl))
@N: MF179 :"c:\work\s127m\pcbno_10081\sp0557_rev02_00_ai\rtl\sp0557\compactppmc\ppmc_ctrl.vhd":242:19:242:34|Found 16 by 16 bit equality operator ('==') inst_ppmc_ctrl.un1_speed (in view: work.ppmc_reg_S118M_10(rtl))
@N: MO231 :"c:\work\s127m\pcbno_10081\sp0557_rev02_00_ai\rtl\sp0557\compactppmc\ppmc_acc_tim_gen.vhd":37:2:37:3|Found counter in view:work.ppmc_acc_tim_gen_10(rtl) instance reg[15:0] 
@N: MF179 :"c:\work\s127m\pcbno_10081\sp0557_rev02_00_ai\rtl\sp0557\compactppmc\ppmc_acc_tim_gen.vhd":44:6:44:18|Found 16 by 16 bit equality operator ('==') Start\.un2_reg (in view: work.ppmc_acc_tim_gen_10(rtl))
@N: MO230 :"c:\work\s127m\pcbno_10081\sp0557_rev02_00_ai\rtl\sp0557\compactppmc\ppmc_speed_cnt.vhd":57:8:57:9|Found up-down counter in view:work.ppmc_speed_cnt_10(rtl) instance reg[15:0]  
@N: MO231 :"c:\work\s127m\pcbno_10081\sp0557_rev02_00_ai\rtl\sp0557\compactppmc\ppmc_pls_cnt.vhd":57:8:57:9|Found counter in view:work.ppmc_pls_cnt_10(rtl) instance reg[15:0] 
@N: MO231 :"c:\work\s127m\pcbno_10081\sp0557_rev02_00_ai\rtl\sp0557\compactppmc\ppmc_pls_cnt.vhd":88:8:88:9|Found counter in view:work.ppmc_pls_cnt_10(rtl) instance pre_pulse[7:0] 
@N: MF179 :"c:\work\s127m\pcbno_10081\sp0557_rev02_00_ai\rtl\sp0557\compactppmc\ppmc_pls_cnt.vhd":69:50:69:64|Found 16 by 16 bit equality operator ('==') un4_o_slow (in view: work.ppmc_pls_cnt_10(rtl))
@W: MO129 :"c:\work\s127m\pcbno_10081\sp0557_rev02_00_ai\rtl\sp0557\compactppmc\ppmc_rgstr.vhd":457:8:457:9|Sequential instance stm11.ppmc_reg_S118M_inst.inst_ppmc_rgstr.MPI_A[0] is reduced to a combinational gate by constant propagation.
@N: MO231 :"c:\work\s127m\pcbno_10081\sp0557_rev02_00_ai\rtl\sp0557\compactppmc\ppmc_enblr_s118m.vhd":86:2:86:3|Found counter in view:work.ppmc_enblr_S118M_10(rtl) instance enb_wait_cnt[13:0] 
@N: MO231 :"c:\work\s127m\pcbno_10081\sp0557_rev02_00_ai\rtl\sp0557\compactppmc\ppmc_ctrl.vhd":190:8:190:9|Found counter in view:work.ppmc_reg_S118M_11(rtl) instance inst_ppmc_ctrl.more_cnt[15:0] 
@N: MF179 :"c:\work\s127m\pcbno_10081\sp0557_rev02_00_ai\rtl\sp0557\compactppmc\ppmc_ctrl.vhd":239:16:239:30|Found 16 by 16 bit equality operator ('==') inst_ppmc_ctrl.speed (in view: work.ppmc_reg_S118M_11(rtl))
@N: MF179 :"c:\work\s127m\pcbno_10081\sp0557_rev02_00_ai\rtl\sp0557\compactppmc\ppmc_ctrl.vhd":242:19:242:34|Found 16 by 16 bit equality operator ('==') inst_ppmc_ctrl.un1_speed (in view: work.ppmc_reg_S118M_11(rtl))
@N: MO231 :"c:\work\s127m\pcbno_10081\sp0557_rev02_00_ai\rtl\sp0557\compactppmc\ppmc_acc_tim_gen.vhd":37:2:37:3|Found counter in view:work.ppmc_acc_tim_gen_11(rtl) instance reg[15:0] 
@N: MF179 :"c:\work\s127m\pcbno_10081\sp0557_rev02_00_ai\rtl\sp0557\compactppmc\ppmc_acc_tim_gen.vhd":44:6:44:18|Found 16 by 16 bit equality operator ('==') Start\.un2_reg (in view: work.ppmc_acc_tim_gen_11(rtl))
@N: MO230 :"c:\work\s127m\pcbno_10081\sp0557_rev02_00_ai\rtl\sp0557\compactppmc\ppmc_speed_cnt.vhd":57:8:57:9|Found up-down counter in view:work.ppmc_speed_cnt_11(rtl) instance reg[15:0]  
@N: MO231 :"c:\work\s127m\pcbno_10081\sp0557_rev02_00_ai\rtl\sp0557\compactppmc\ppmc_pls_cnt.vhd":57:8:57:9|Found counter in view:work.ppmc_pls_cnt_11(rtl) instance reg[15:0] 
@N: MO231 :"c:\work\s127m\pcbno_10081\sp0557_rev02_00_ai\rtl\sp0557\compactppmc\ppmc_pls_cnt.vhd":88:8:88:9|Found counter in view:work.ppmc_pls_cnt_11(rtl) instance pre_pulse[7:0] 
@N: MF179 :"c:\work\s127m\pcbno_10081\sp0557_rev02_00_ai\rtl\sp0557\compactppmc\ppmc_pls_cnt.vhd":69:50:69:64|Found 16 by 16 bit equality operator ('==') un4_o_slow (in view: work.ppmc_pls_cnt_11(rtl))
@W: MO129 :"c:\work\s127m\pcbno_10081\sp0557_rev02_00_ai\rtl\sp0557\compactppmc\ppmc_rgstr.vhd":457:8:457:9|Sequential instance stm12.ppmc_reg_S118M_inst.inst_ppmc_rgstr.MPI_A[0] is reduced to a combinational gate by constant propagation.
@N: MO231 :"c:\work\s127m\pcbno_10081\sp0557_rev02_00_ai\rtl\sp0557\compactppmc\ppmc_enblr_s118m.vhd":86:2:86:3|Found counter in view:work.ppmc_enblr_S118M_11(rtl) instance enb_wait_cnt[13:0] 

Only the first 100 messages of id 'MO231' are reported. To see all messages use 'report_messages -log C:\work\S127M\PCBNo_10081\SP0557_rev02_00_AI\SP0557\synlog\SP0557_SP0557_fpga_mapper.srr -id MO231' in the Tcl shell. To see all messages in future runs, use the command 'message_override -limit {MO231} -count unlimited' in the Tcl shell.
@N: MF179 :"c:\work\s127m\pcbno_10081\sp0557_rev02_00_ai\rtl\sp0557\compactppmc\ppmc_ctrl.vhd":239:16:239:30|Found 16 by 16 bit equality operator ('==') inst_ppmc_ctrl.speed (in view: work.ppmc_reg_S118M_12(rtl))
@N: MF179 :"c:\work\s127m\pcbno_10081\sp0557_rev02_00_ai\rtl\sp0557\compactppmc\ppmc_ctrl.vhd":242:19:242:34|Found 16 by 16 bit equality operator ('==') inst_ppmc_ctrl.un1_speed (in view: work.ppmc_reg_S118M_12(rtl))
@N: MF179 :"c:\work\s127m\pcbno_10081\sp0557_rev02_00_ai\rtl\sp0557\compactppmc\ppmc_acc_tim_gen.vhd":44:6:44:18|Found 16 by 16 bit equality operator ('==') Start\.un2_reg (in view: work.ppmc_acc_tim_gen_12(rtl))
@N: MO230 :"c:\work\s127m\pcbno_10081\sp0557_rev02_00_ai\rtl\sp0557\compactppmc\ppmc_speed_cnt.vhd":57:8:57:9|Found up-down counter in view:work.ppmc_speed_cnt_12(rtl) instance reg[15:0]  
@N: MF179 :"c:\work\s127m\pcbno_10081\sp0557_rev02_00_ai\rtl\sp0557\compactppmc\ppmc_pls_cnt.vhd":69:50:69:64|Found 16 by 16 bit equality operator ('==') un4_o_slow (in view: work.ppmc_pls_cnt_12(rtl))
@W: MO129 :"c:\work\s127m\pcbno_10081\sp0557_rev02_00_ai\rtl\sp0557\compactppmc\ppmc_rgstr.vhd":457:8:457:9|Sequential instance stm13.ppmc_reg_S118M_inst.inst_ppmc_rgstr.MPI_A[0] is reduced to a combinational gate by constant propagation.
@W: MO129 :"c:\work\s127m\pcbno_10081\sp0557_rev02_00_ai\rtl\sp0557\gpio\gpio_ip_reg.vhd":45:2:45:3|Sequential instance gpio01.gpio_reg_inst.gpio_ip_reg_inst31.REG1[5] is reduced to a combinational gate by constant propagation.
@W: MO129 :"c:\work\s127m\pcbno_10081\sp0557_rev02_00_ai\rtl\sp0557\gpio\gpio_ip_reg.vhd":45:2:45:3|Sequential instance gpio01.gpio_reg_inst.gpio_ip_reg_inst3.REG1[2] is reduced to a combinational gate by constant propagation.
@W: MO129 :"c:\work\s127m\pcbno_10081\sp0557_rev02_00_ai\rtl\sp0557\gpio\gpio_ip_reg.vhd":45:2:45:3|Sequential instance gpio02.gpio_reg_inst.gpio_ip_reg_inst14.REG1[3] is reduced to a combinational gate by constant propagation.
@W: MO129 :"c:\work\s127m\pcbno_10081\sp0557_rev02_00_ai\rtl\sp0557\gpio\gpio_ip_reg.vhd":45:2:45:3|Sequential instance gpio02.gpio_reg_inst.gpio_ip_reg_inst17.REG1[1] is reduced to a combinational gate by constant propagation.
@W: MO129 :"c:\work\s127m\pcbno_10081\sp0557_rev02_00_ai\rtl\sp0557\gpio\gpio_ip_reg.vhd":45:2:45:3|Sequential instance gpio02.gpio_reg_inst.gpio_ip_reg_inst10.REG1[4] is reduced to a combinational gate by constant propagation.
@W: MO129 :"c:\work\s127m\pcbno_10081\sp0557_rev02_00_ai\rtl\sp0557\gpio\gpio_ip_reg.vhd":45:2:45:3|Sequential instance gpio02.gpio_reg_inst.gpio_ip_reg_inst12.REG1[5] is reduced to a combinational gate by constant propagation.
@W: MO129 :"c:\work\s127m\pcbno_10081\sp0557_rev02_00_ai\rtl\sp0557\gpio\gpio_ip_reg.vhd":45:2:45:3|Sequential instance gpio02.gpio_reg_inst.gpio_ip_reg_inst6.REG1[2] is reduced to a combinational gate by constant propagation.
@W: MO129 :"c:\work\s127m\pcbno_10081\sp0557_rev02_00_ai\rtl\sp0557\gpio\gpio_ip_reg.vhd":45:2:45:3|Sequential instance gpio02.gpio_reg_inst.gpio_ip_reg_inst8.REG1[4] is reduced to a combinational gate by constant propagation.

Starting factoring (Real Time elapsed 0h:00m:06s; CPU Time elapsed 0h:00m:05s; Memory used current: 255MB peak: 286MB)

@W: BN132 :"c:\work\s127m\pcbno_10081\sp0557_rev02_00_ai\rtl\sp0557\compactppmc\ppmc_top_s118m.vhd":198:4:198:5|Removing instance stm01.s_LCW because it is equivalent to instance gpio02.gpio_reg_inst.gpio_ip_reg_inst3.REG1[0]. To keep the instance, apply constraint syn_preserve=1 on the instance.
@W: BN132 :"c:\work\s127m\pcbno_10081\sp0557_rev02_00_ai\rtl\sp0557\compactppmc\ppmc_top_s118m.vhd":198:4:198:5|Removing instance stm02.s_LCW because it is equivalent to instance gpio02.gpio_reg_inst.gpio_ip_reg_inst3.REG1[2]. To keep the instance, apply constraint syn_preserve=1 on the instance.
@W: BN132 :"c:\work\s127m\pcbno_10081\sp0557_rev02_00_ai\rtl\sp0557\compactppmc\ppmc_top_s118m.vhd":198:4:198:5|Removing instance stm03.s_LCW because it is equivalent to instance gpio02.gpio_reg_inst.gpio_ip_reg_inst3.REG1[4]. To keep the instance, apply constraint syn_preserve=1 on the instance.
@W: BN132 :"c:\work\s127m\pcbno_10081\sp0557_rev02_00_ai\rtl\sp0557\compactppmc\ppmc_top_s118m.vhd":198:4:198:5|Removing instance stm04.s_LCW because it is equivalent to instance gpio02.gpio_reg_inst.gpio_ip_reg_inst3.REG1[6]. To keep the instance, apply constraint syn_preserve=1 on the instance.
@W: BN132 :"c:\work\s127m\pcbno_10081\sp0557_rev02_00_ai\rtl\sp0557\compactppmc\ppmc_top_s118m.vhd":198:4:198:5|Removing instance stm05.s_LCW because it is equivalent to instance gpio02.gpio_reg_inst.gpio_ip_reg_inst4.REG1[0]. To keep the instance, apply constraint syn_preserve=1 on the instance.
@W: BN132 :"c:\work\s127m\pcbno_10081\sp0557_rev02_00_ai\rtl\sp0557\compactppmc\ppmc_top_s118m.vhd":198:4:198:5|Removing instance stm06.s_LCW because it is equivalent to instance gpio02.gpio_reg_inst.gpio_ip_reg_inst4.REG1[2]. To keep the instance, apply constraint syn_preserve=1 on the instance.
@W: BN132 :"c:\work\s127m\pcbno_10081\sp0557_rev02_00_ai\rtl\sp0557\compactppmc\ppmc_top_s118m.vhd":198:4:198:5|Removing instance stm07.s_LCW because it is equivalent to instance gpio02.gpio_reg_inst.gpio_ip_reg_inst4.REG1[4]. To keep the instance, apply constraint syn_preserve=1 on the instance.
@W: BN132 :"c:\work\s127m\pcbno_10081\sp0557_rev02_00_ai\rtl\sp0557\compactppmc\ppmc_top_s118m.vhd":198:4:198:5|Removing instance stm08.s_LCW because it is equivalent to instance gpio02.gpio_reg_inst.gpio_ip_reg_inst4.REG1[6]. To keep the instance, apply constraint syn_preserve=1 on the instance.
@W: BN132 :"c:\work\s127m\pcbno_10081\sp0557_rev02_00_ai\rtl\sp0557\compactppmc\ppmc_top_s118m.vhd":198:4:198:5|Removing instance stm09.s_LCW because it is equivalent to instance gpio02.gpio_reg_inst.gpio_ip_reg_inst5.REG1[0]. To keep the instance, apply constraint syn_preserve=1 on the instance.
@W: BN132 :"c:\work\s127m\pcbno_10081\sp0557_rev02_00_ai\rtl\sp0557\compactppmc\ppmc_top_s118m.vhd":198:4:198:5|Removing instance stm10.s_LCW because it is equivalent to instance gpio02.gpio_reg_inst.gpio_ip_reg_inst5.REG1[2]. To keep the instance, apply constraint syn_preserve=1 on the instance.
@W: BN132 :"c:\work\s127m\pcbno_10081\sp0557_rev02_00_ai\rtl\sp0557\compactppmc\ppmc_top_s118m.vhd":198:4:198:5|Removing instance stm11.s_LCW because it is equivalent to instance gpio02.gpio_reg_inst.gpio_ip_reg_inst5.REG1[4]. To keep the instance, apply constraint syn_preserve=1 on the instance.
@W: BN132 :"c:\work\s127m\pcbno_10081\sp0557_rev02_00_ai\rtl\sp0557\compactppmc\ppmc_top_s118m.vhd":198:4:198:5|Removing instance stm12.s_LCW because it is equivalent to instance gpio02.gpio_reg_inst.gpio_ip_reg_inst5.REG1[6]. To keep the instance, apply constraint syn_preserve=1 on the instance.
@W: BN132 :"c:\work\s127m\pcbno_10081\sp0557_rev02_00_ai\rtl\sp0557\compactppmc\ppmc_top_s118m.vhd":198:4:198:5|Removing instance stm13.s_LCW because it is equivalent to instance gpio02.gpio_reg_inst.gpio_ip_reg_inst6.REG1[0]. To keep the instance, apply constraint syn_preserve=1 on the instance.
@W: BN132 :"c:\work\s127m\pcbno_10081\sp0557_rev02_00_ai\rtl\sp0557\compactppmc\ppmc_top_s118m.vhd":198:4:198:5|Removing instance stm01.s_LCCW because it is equivalent to instance gpio02.gpio_reg_inst.gpio_ip_reg_inst3.REG1[1]. To keep the instance, apply constraint syn_preserve=1 on the instance.
@W: BN132 :"c:\work\s127m\pcbno_10081\sp0557_rev02_00_ai\rtl\sp0557\compactppmc\ppmc_top_s118m.vhd":198:4:198:5|Removing instance stm02.s_LCCW because it is equivalent to instance gpio02.gpio_reg_inst.gpio_ip_reg_inst3.REG1[3]. To keep the instance, apply constraint syn_preserve=1 on the instance.
@W: BN132 :"c:\work\s127m\pcbno_10081\sp0557_rev02_00_ai\rtl\sp0557\compactppmc\ppmc_top_s118m.vhd":198:4:198:5|Removing instance stm03.s_LCCW because it is equivalent to instance gpio02.gpio_reg_inst.gpio_ip_reg_inst3.REG1[5]. To keep the instance, apply constraint syn_preserve=1 on the instance.
@W: BN132 :"c:\work\s127m\pcbno_10081\sp0557_rev02_00_ai\rtl\sp0557\compactppmc\ppmc_top_s118m.vhd":198:4:198:5|Removing instance stm04.s_LCCW because it is equivalent to instance gpio02.gpio_reg_inst.gpio_ip_reg_inst3.REG1[7]. To keep the instance, apply constraint syn_preserve=1 on the instance.
@W: BN132 :"c:\work\s127m\pcbno_10081\sp0557_rev02_00_ai\rtl\sp0557\compactppmc\ppmc_top_s118m.vhd":198:4:198:5|Removing instance stm05.s_LCCW because it is equivalent to instance gpio02.gpio_reg_inst.gpio_ip_reg_inst4.REG1[1]. To keep the instance, apply constraint syn_preserve=1 on the instance.
@W: BN132 :"c:\work\s127m\pcbno_10081\sp0557_rev02_00_ai\rtl\sp0557\compactppmc\ppmc_top_s118m.vhd":198:4:198:5|Removing instance stm06.s_LCCW because it is equivalent to instance gpio02.gpio_reg_inst.gpio_ip_reg_inst4.REG1[3]. To keep the instance, apply constraint syn_preserve=1 on the instance.
@W: BN132 :"c:\work\s127m\pcbno_10081\sp0557_rev02_00_ai\rtl\sp0557\compactppmc\ppmc_top_s118m.vhd":198:4:198:5|Removing instance stm07.s_LCCW because it is equivalent to instance gpio02.gpio_reg_inst.gpio_ip_reg_inst4.REG1[5]. To keep the instance, apply constraint syn_preserve=1 on the instance.
@W: BN132 :"c:\work\s127m\pcbno_10081\sp0557_rev02_00_ai\rtl\sp0557\compactppmc\ppmc_top_s118m.vhd":198:4:198:5|Removing instance stm08.s_LCCW because it is equivalent to instance gpio02.gpio_reg_inst.gpio_ip_reg_inst4.REG1[7]. To keep the instance, apply constraint syn_preserve=1 on the instance.
@W: BN132 :"c:\work\s127m\pcbno_10081\sp0557_rev02_00_ai\rtl\sp0557\compactppmc\ppmc_top_s118m.vhd":198:4:198:5|Removing instance stm09.s_LCCW because it is equivalent to instance gpio02.gpio_reg_inst.gpio_ip_reg_inst5.REG1[1]. To keep the instance, apply constraint syn_preserve=1 on the instance.
@W: BN132 :"c:\work\s127m\pcbno_10081\sp0557_rev02_00_ai\rtl\sp0557\compactppmc\ppmc_top_s118m.vhd":198:4:198:5|Removing instance stm10.s_LCCW because it is equivalent to instance gpio02.gpio_reg_inst.gpio_ip_reg_inst5.REG1[3]. To keep the instance, apply constraint syn_preserve=1 on the instance.
@W: BN132 :"c:\work\s127m\pcbno_10081\sp0557_rev02_00_ai\rtl\sp0557\compactppmc\ppmc_top_s118m.vhd":198:4:198:5|Removing instance stm11.s_LCCW because it is equivalent to instance gpio02.gpio_reg_inst.gpio_ip_reg_inst5.REG1[5]. To keep the instance, apply constraint syn_preserve=1 on the instance.
@W: BN132 :"c:\work\s127m\pcbno_10081\sp0557_rev02_00_ai\rtl\sp0557\compactppmc\ppmc_top_s118m.vhd":198:4:198:5|Removing instance stm12.s_LCCW because it is equivalent to instance gpio02.gpio_reg_inst.gpio_ip_reg_inst5.REG1[7]. To keep the instance, apply constraint syn_preserve=1 on the instance.
@W: BN132 :"c:\work\s127m\pcbno_10081\sp0557_rev02_00_ai\rtl\sp0557\compactppmc\ppmc_top_s118m.vhd":198:4:198:5|Removing instance stm13.s_LCCW because it is equivalent to instance gpio02.gpio_reg_inst.gpio_ip_reg_inst6.REG1[1]. To keep the instance, apply constraint syn_preserve=1 on the instance.

Finished factoring (Real Time elapsed 0h:00m:07s; CPU Time elapsed 0h:00m:05s; Memory used current: 270MB peak: 286MB)


Available hyper_sources - for debug and ip models
	None Found

NConnInternalConnection caching is on

Finished generic timing optimizations - Pass 1 (Real Time elapsed 0h:00m:16s; CPU Time elapsed 0h:00m:12s; Memory used current: 327MB peak: 369MB)


Starting Early Timing Optimization (Real Time elapsed 0h:00m:23s; CPU Time elapsed 0h:00m:19s; Memory used current: 329MB peak: 369MB)


Finished Early Timing Optimization (Real Time elapsed 0h:01m:54s; CPU Time elapsed 0h:01m:21s; Memory used current: 390MB peak: 390MB)


Finished generic timing optimizations - Pass 2 (Real Time elapsed 0h:01m:56s; CPU Time elapsed 0h:01m:23s; Memory used current: 391MB peak: 392MB)

@N: FX214 :"c:\work\s127m\pcbno_10081\sp0557_rev02_00_ai\rtl\sp0557\slv_com\rx_com\dec6b_5b.vhd":55:16:55:19|Generating ROM slv_com_top_inst.rx_com_inst.dec8b10b_wrapper_inst.dec8b10b_new_inst.dec6b_5b_inst.DATAOUT_33_0[4:0] (in view: work.SP0557(rtl)).
@W: BN132 :"c:\work\s127m\pcbno_10081\sp0557_rev02_00_ai\rtl\sp0557\slv_com\rx_com\dec6b_5b.vhd":55:16:55:19|Removing instance slv_com_top_inst.rx_com_inst.dec8b10b_wrapper_inst.dec8b10b_new_inst.dec6b_5b_inst.DATAOUT_33_0_areg[0] because it is equivalent to instance slv_com_top_inst.rx_com_inst.dec8b10b_wrapper_inst.datain_reg[0]. To keep the instance, apply constraint syn_preserve=1 on the instance.
@W: BN132 :"c:\work\s127m\pcbno_10081\sp0557_rev02_00_ai\rtl\sp0557\slv_com\rx_com\dec6b_5b.vhd":55:16:55:19|Removing instance slv_com_top_inst.rx_com_inst.dec8b10b_wrapper_inst.dec8b10b_new_inst.dec6b_5b_inst.DATAOUT_33_0_areg[1] because it is equivalent to instance slv_com_top_inst.rx_com_inst.dec8b10b_wrapper_inst.datain_reg[1]. To keep the instance, apply constraint syn_preserve=1 on the instance.
@W: BN132 :"c:\work\s127m\pcbno_10081\sp0557_rev02_00_ai\rtl\sp0557\slv_com\rx_com\dec6b_5b.vhd":55:16:55:19|Removing instance slv_com_top_inst.rx_com_inst.dec8b10b_wrapper_inst.dec8b10b_new_inst.dec6b_5b_inst.DATAOUT_33_0_areg[2] because it is equivalent to instance slv_com_top_inst.rx_com_inst.dec8b10b_wrapper_inst.datain_reg[2]. To keep the instance, apply constraint syn_preserve=1 on the instance.
@W: BN132 :"c:\work\s127m\pcbno_10081\sp0557_rev02_00_ai\rtl\sp0557\slv_com\rx_com\dec6b_5b.vhd":55:16:55:19|Removing instance slv_com_top_inst.rx_com_inst.dec8b10b_wrapper_inst.dec8b10b_new_inst.dec6b_5b_inst.DATAOUT_33_0_areg[3] because it is equivalent to instance slv_com_top_inst.rx_com_inst.dec8b10b_wrapper_inst.datain_reg[3]. To keep the instance, apply constraint syn_preserve=1 on the instance.
@W: BN132 :"c:\work\s127m\pcbno_10081\sp0557_rev02_00_ai\rtl\sp0557\slv_com\rx_com\dec6b_5b.vhd":55:16:55:19|Removing instance slv_com_top_inst.rx_com_inst.dec8b10b_wrapper_inst.dec8b10b_new_inst.dec6b_5b_inst.DATAOUT_33_0_areg[4] because it is equivalent to instance slv_com_top_inst.rx_com_inst.dec8b10b_wrapper_inst.datain_reg[4]. To keep the instance, apply constraint syn_preserve=1 on the instance.
@W: BN132 :"c:\work\s127m\pcbno_10081\sp0557_rev02_00_ai\rtl\sp0557\slv_com\rx_com\dec6b_5b.vhd":55:16:55:19|Removing instance slv_com_top_inst.rx_com_inst.dec8b10b_wrapper_inst.dec8b10b_new_inst.dec6b_5b_inst.DATAOUT_33_0_areg[5] because it is equivalent to instance slv_com_top_inst.rx_com_inst.dec8b10b_wrapper_inst.datain_reg[5]. To keep the instance, apply constraint syn_preserve=1 on the instance.

Finished preparing to map (Real Time elapsed 0h:02m:07s; CPU Time elapsed 0h:01m:31s; Memory used current: 392MB peak: 393MB)

@N: FX1019 :"c:\work\s127m\pcbno_10081\sp0557_rev02_00_ai\rtl\sp0557\slv_com\cds.vhd":113:3:113:17|Adding ASYNC_REG property on synchronizing instance slv_com_top_inst.cds_inst.bz[1] (in view: work.SP0557(rtl)).
@N: FX1019 :"c:\work\s127m\pcbno_10081\sp0557_rev02_00_ai\rtl\sp0557\slv_com\cds.vhd":144:3:144:17|Adding ASYNC_REG property on synchronizing instance slv_com_top_inst.cds_inst.cz[2] (in view: work.SP0557(rtl)).

Finished technology mapping (Real Time elapsed 0h:02m:23s; CPU Time elapsed 0h:01m:42s; Memory used current: 459MB peak: 459MB)

Pass		 CPU time		Worst Slack		Luts / Registers
------------------------------------------------------------
   1		0h:01m:43s		    -6.62ns		8706 /      8404
   2		0h:01m:43s		    -6.61ns		8586 /      8404
   3		0h:01m:44s		    -6.20ns		8587 /      8404
   4		0h:01m:44s		    -6.27ns		8586 /      8404
   5		0h:01m:44s		    -6.05ns		8585 /      8404
   6		0h:01m:44s		    -6.05ns		8586 /      8404
   7		0h:01m:45s		    -6.06ns		8587 /      8404
   8		0h:01m:45s		    -5.85ns		8588 /      8404
   9		0h:01m:45s		    -6.06ns		8591 /      8404
  10		0h:01m:45s		    -5.85ns		8594 /      8404
  11		0h:01m:46s		    -6.05ns		8595 /      8404
  12		0h:01m:46s		    -6.06ns		8596 /      8404
  13		0h:01m:46s		    -6.06ns		8597 /      8404
  14		0h:01m:46s		    -6.06ns		8598 /      8404
@N: FX1019 :"c:\work\s127m\pcbno_10081\sp0557_rev02_00_ai\rtl\sp0557\slv_com\cds.vhd":113:3:113:17|Adding ASYNC_REG property on synchronizing instance slv_com_top_inst.cds_inst.bz[1] (in view: work.SP0557(rtl)).
@N: FX1019 :"c:\work\s127m\pcbno_10081\sp0557_rev02_00_ai\rtl\sp0557\slv_com\cds.vhd":144:3:144:17|Adding ASYNC_REG property on synchronizing instance slv_com_top_inst.cds_inst.cz[2] (in view: work.SP0557(rtl)).
@N: FX271 :"c:\work\s127m\pcbno_10081\sp0557_rev02_00_ai\rtl\sp0557\slv_com\slv_ctrl\slv_rx_ctrl.vhd":108:2:108:3|Replicating instance slv_com_top_inst.slv_ctrl_top_inst.slv_rx_ctrl_inst.RX_F (in view: work.SP0557(rtl)) with 30 loads 2 times to improve timing.
@N: FX271 :"c:\work\s127m\pcbno_10081\sp0557_rev02_00_ai\rtl\sp0557\slv_com\slv_ctrl\slv_rx_ctrl.vhd":108:2:108:3|Replicating instance slv_com_top_inst.slv_ctrl_top_inst.slv_rx_ctrl_inst.LA[3] (in view: work.SP0557(rtl)) with 6 loads 1 time to improve timing.
@N: FX271 :"c:\work\s127m\pcbno_10081\sp0557_rev02_00_ai\rtl\sp0557\slv_com\slv_ctrl\slv_rx_ctrl.vhd":108:2:108:3|Replicating instance slv_com_top_inst.slv_ctrl_top_inst.slv_rx_ctrl_inst.LA[2] (in view: work.SP0557(rtl)) with 19 loads 1 time to improve timing.
@N: FX271 :"c:\work\s127m\pcbno_10081\sp0557_rev02_00_ai\rtl\sp0557\slv_com\slv_ctrl\slv_tx_ctrl.vhd":78:8:78:9|Replicating instance slv_com_top_inst.slv_ctrl_top_inst.slv_tx_ctrl_inst.LA[2] (in view: work.SP0557(rtl)) with 12 loads 1 time to improve timing.
@N: FX271 :"c:\work\s127m\pcbno_10081\sp0557_rev02_00_ai\rtl\sp0557\slv_com\slv_ctrl\slv_rx_ctrl.vhd":108:2:108:3|Replicating instance slv_com_top_inst.slv_ctrl_top_inst.slv_rx_ctrl_inst.CMD_DATA[1] (in view: work.SP0557(rtl)) with 27 loads 1 time to improve timing.
@N: FX271 :"c:\work\s127m\pcbno_10081\sp0557_rev02_00_ai\rtl\sp0557\slv_com\slv_ctrl\slv_rx_ctrl.vhd":108:2:108:3|Replicating instance slv_com_top_inst.slv_ctrl_top_inst.slv_rx_ctrl_inst.CMD_DATA[2] (in view: work.SP0557(rtl)) with 27 loads 1 time to improve timing.
@N: FX271 :"c:\work\s127m\pcbno_10081\sp0557_rev02_00_ai\rtl\sp0557\slv_com\slv_ctrl\slv_rx_ctrl.vhd":108:2:108:3|Replicating instance slv_com_top_inst.slv_ctrl_top_inst.slv_rx_ctrl_inst.CMD_DATA[0] (in view: work.SP0557(rtl)) with 21 loads 1 time to improve timing.
@N: FX271 :"c:\work\s127m\pcbno_10081\sp0557_rev02_00_ai\rtl\sp0557\slv_com\slv_ctrl\slv_rx_ctrl.vhd":108:2:108:3|Replicating instance slv_com_top_inst.slv_ctrl_top_inst.slv_rx_ctrl_inst.CMD_DATA[3] (in view: work.SP0557(rtl)) with 18 loads 1 time to improve timing.
@N: FX271 :"c:\work\s127m\pcbno_10081\sp0557_rev02_00_ai\rtl\sp0557\slv_com\slv_ctrl\slv_rx_ctrl.vhd":108:2:108:3|Replicating instance slv_com_top_inst.slv_ctrl_top_inst.slv_rx_ctrl_inst.LA[1] (in view: work.SP0557(rtl)) with 30 loads 2 times to improve timing.
@N: FX271 :"c:\work\s127m\pcbno_10081\sp0557_rev02_00_ai\rtl\sp0557\slv_com\slv_ctrl\slv_tx_ctrl.vhd":78:8:78:9|Replicating instance slv_com_top_inst.slv_ctrl_top_inst.slv_tx_ctrl_inst.LA[1] (in view: work.SP0557(rtl)) with 15 loads 1 time to improve timing.
Timing driven replication report
Added 12 Registers via timing driven replication
Added 0 LUTs via timing driven replication

  15		0h:01m:55s		    -5.69ns		8617 /      8416
  16		0h:01m:55s		    -5.59ns		8623 /      8416
  17		0h:01m:55s		    -5.51ns		8623 /      8416
  18		0h:01m:55s		    -5.51ns		8627 /      8416
@N: FX271 :"c:\work\s127m\pcbno_10081\sp0557_rev02_00_ai\rtl\sp0557\slv_com\slv_ctrl\slv_rx_ctrl.vhd":108:2:108:3|Replicating instance slv_com_top_inst.slv_ctrl_top_inst.slv_rx_ctrl_inst.LA[4] (in view: work.SP0557(rtl)) with 6 loads 1 time to improve timing.
@N: FX271 :"c:\work\s127m\pcbno_10081\sp0557_rev02_00_ai\rtl\sp0557\slv_com\slv_ctrl\slv_rx_ctrl.vhd":108:2:108:3|Replicating instance slv_com_top_inst.slv_ctrl_top_inst.slv_rx_ctrl_inst.ADR2[6] (in view: work.SP0557(rtl)) with 7 loads 1 time to improve timing.
@N: FX271 :"c:\work\s127m\pcbno_10081\sp0557_rev02_00_ai\rtl\sp0557\slv_com\slv_ctrl\slv_rx_ctrl.vhd":108:2:108:3|Replicating instance slv_com_top_inst.slv_ctrl_top_inst.slv_rx_ctrl_inst.ADR2[7] (in view: work.SP0557(rtl)) with 7 loads 1 time to improve timing.
Added 3 Registers via timing driven replication
Added 0 LUTs via timing driven replication

@N: FX271 :"c:\work\s127m\pcbno_10081\sp0557_rev02_00_ai\rtl\sp0557\slv_com\slv_ctrl\slv_tx_ctrl.vhd":78:8:78:9|Replicating instance slv_com_top_inst.slv_ctrl_top_inst.slv_tx_ctrl_inst.LA[3] (in view: work.SP0557(rtl)) with 5 loads 1 time to improve timing.
Added 1 Registers via timing driven replication
Added 0 LUTs via timing driven replication

  19		0h:01m:57s		    -5.27ns		8629 /      8420
  20		0h:01m:58s		    -5.44ns		8638 /      8420
  21		0h:01m:58s		    -5.34ns		8642 /      8420
  22		0h:01m:58s		    -5.23ns		8645 /      8420
  23		0h:01m:58s		    -5.26ns		8648 /      8420
  24		0h:01m:58s		    -5.16ns		8655 /      8420
  25		0h:01m:59s		    -5.25ns		8664 /      8420
  26		0h:01m:59s		    -5.25ns		8671 /      8420

Finished technology timing optimizations and critical path resynthesis (Real Time elapsed 0h:02m:46s; CPU Time elapsed 0h:02m:00s; Memory used current: 416MB peak: 464MB)

@N: FX164 |The option to pack registers in the IOB has not been specified. Please set syn_useioff attribute.  

Finished restoring hierarchy (Real Time elapsed 0h:02m:59s; CPU Time elapsed 0h:02m:11s; Memory used current: 429MB peak: 464MB)


Starting CDBProcessSetClockGroups... (Real Time elapsed 0h:03m:00s; CPU Time elapsed 0h:02m:11s; Memory used current: 429MB peak: 464MB)


Finished with CDBProcessSetClockGroups (Real Time elapsed 0h:03m:00s; CPU Time elapsed 0h:02m:11s; Memory used current: 429MB peak: 464MB)


Start Writing Netlists (Real Time elapsed 0h:03m:01s; CPU Time elapsed 0h:02m:12s; Memory used current: 270MB peak: 464MB)

Writing Analyst data base C:\work\S127M\PCBNo_10081\SP0557_rev02_00_AI\SP0557\synwork\SP0557_SP0557_m.srm
Warning: Found 52 combinational loops!
@W: BN137 :"c:\work\s127m\pcbno_10081\sp0557_rev02_00_ai\rtl\sp0557\slv_com\slv_ctrl_top.vhd":224:0:224:15|Found combinational loop during mapping at net ENC_inst.enc_func\.1\.enc_top_inst.encoder_inst.ctrl_2
1) instance s_ph_a.ctrl (in view: work.encoder_2bit_12(netlist)), output net ctrl_2 (in view: work.encoder_2bit_12(netlist))
    net        ENC_inst.enc_func\.1\.enc_top_inst.encoder_inst.ctrl_2
    input  pin ENC_inst.enc_func\.1\.enc_top_inst.encoder_inst.s_ph_a.ctrl/A
    instance   ENC_inst.enc_func\.1\.enc_top_inst.encoder_inst.s_ph_a.ctrl (cell ORCALUT4)
    output pin ENC_inst.enc_func\.1\.enc_top_inst.encoder_inst.s_ph_a.ctrl/Z
    net        ENC_inst.enc_func\.1\.enc_top_inst.encoder_inst.ctrl_2
@W: BN137 :"c:\work\s127m\pcbno_10081\sp0557_rev02_00_ai\rtl\sp0557\slv_com\slv_ctrl_top.vhd":224:0:224:15|Found combinational loop during mapping at net ENC_inst.enc_func\.1\.enc_top_inst.encoder_inst.ctrl
2) instance s_ph_a_p.ctrl (in view: work.encoder_2bit_12(netlist)), output net ctrl (in view: work.encoder_2bit_12(netlist))
    net        ENC_inst.enc_func\.1\.enc_top_inst.encoder_inst.ctrl
    input  pin ENC_inst.enc_func\.1\.enc_top_inst.encoder_inst.s_ph_a_p.ctrl/A
    instance   ENC_inst.enc_func\.1\.enc_top_inst.encoder_inst.s_ph_a_p.ctrl (cell ORCALUT4)
    output pin ENC_inst.enc_func\.1\.enc_top_inst.encoder_inst.s_ph_a_p.ctrl/Z
    net        ENC_inst.enc_func\.1\.enc_top_inst.encoder_inst.ctrl
@W: BN137 :"c:\work\s127m\pcbno_10081\sp0557_rev02_00_ai\rtl\sp0557\slv_com\slv_ctrl_top.vhd":224:0:224:15|Found combinational loop during mapping at net ENC_inst.enc_func\.1\.enc_top_inst.encoder_inst.ctrl_1
3) instance s_ph_b.ctrl (in view: work.encoder_2bit_12(netlist)), output net ctrl_1 (in view: work.encoder_2bit_12(netlist))
    net        ENC_inst.enc_func\.1\.enc_top_inst.encoder_inst.ctrl_1
    input  pin ENC_inst.enc_func\.1\.enc_top_inst.encoder_inst.s_ph_b.ctrl/A
    instance   ENC_inst.enc_func\.1\.enc_top_inst.encoder_inst.s_ph_b.ctrl (cell ORCALUT4)
    output pin ENC_inst.enc_func\.1\.enc_top_inst.encoder_inst.s_ph_b.ctrl/Z
    net        ENC_inst.enc_func\.1\.enc_top_inst.encoder_inst.ctrl_1
@W: BN137 :"c:\work\s127m\pcbno_10081\sp0557_rev02_00_ai\rtl\sp0557\slv_com\slv_ctrl_top.vhd":224:0:224:15|Found combinational loop during mapping at net ENC_inst.enc_func\.1\.enc_top_inst.encoder_inst.ctrl_0
4) instance s_ph_b_p.ctrl (in view: work.encoder_2bit_12(netlist)), output net ctrl_0 (in view: work.encoder_2bit_12(netlist))
    net        ENC_inst.enc_func\.1\.enc_top_inst.encoder_inst.ctrl_0
    input  pin ENC_inst.enc_func\.1\.enc_top_inst.encoder_inst.s_ph_b_p.ctrl/A
    instance   ENC_inst.enc_func\.1\.enc_top_inst.encoder_inst.s_ph_b_p.ctrl (cell ORCALUT4)
    output pin ENC_inst.enc_func\.1\.enc_top_inst.encoder_inst.s_ph_b_p.ctrl/Z
    net        ENC_inst.enc_func\.1\.enc_top_inst.encoder_inst.ctrl_0
@W: BN137 :"c:\work\s127m\pcbno_10081\sp0557_rev02_00_ai\rtl\sp0557\slv_com\slv_ctrl_top.vhd":224:0:224:15|Found combinational loop during mapping at net ENC_inst.enc_func\.11\.enc_top_inst.encoder_inst.ctrl_2
5) instance s_ph_a.ctrl (in view: work.encoder_2bit_12_0(netlist)), output net ctrl_2 (in view: work.encoder_2bit_12_0(netlist))
    net        ENC_inst.enc_func\.11\.enc_top_inst.encoder_inst.ctrl_2
    input  pin ENC_inst.enc_func\.11\.enc_top_inst.encoder_inst.s_ph_a.ctrl/A
    instance   ENC_inst.enc_func\.11\.enc_top_inst.encoder_inst.s_ph_a.ctrl (cell ORCALUT4)
    output pin ENC_inst.enc_func\.11\.enc_top_inst.encoder_inst.s_ph_a.ctrl/Z
    net        ENC_inst.enc_func\.11\.enc_top_inst.encoder_inst.ctrl_2
@W: BN137 :"c:\work\s127m\pcbno_10081\sp0557_rev02_00_ai\rtl\sp0557\slv_com\slv_ctrl_top.vhd":224:0:224:15|Found combinational loop during mapping at net ENC_inst.enc_func\.11\.enc_top_inst.encoder_inst.ctrl
6) instance s_ph_a_p.ctrl (in view: work.encoder_2bit_12_0(netlist)), output net ctrl (in view: work.encoder_2bit_12_0(netlist))
    net        ENC_inst.enc_func\.11\.enc_top_inst.encoder_inst.ctrl
    input  pin ENC_inst.enc_func\.11\.enc_top_inst.encoder_inst.s_ph_a_p.ctrl/A
    instance   ENC_inst.enc_func\.11\.enc_top_inst.encoder_inst.s_ph_a_p.ctrl (cell ORCALUT4)
    output pin ENC_inst.enc_func\.11\.enc_top_inst.encoder_inst.s_ph_a_p.ctrl/Z
    net        ENC_inst.enc_func\.11\.enc_top_inst.encoder_inst.ctrl
@W: BN137 :"c:\work\s127m\pcbno_10081\sp0557_rev02_00_ai\rtl\sp0557\slv_com\slv_ctrl_top.vhd":224:0:224:15|Found combinational loop during mapping at net ENC_inst.enc_func\.11\.enc_top_inst.encoder_inst.ctrl_1
7) instance s_ph_b.ctrl (in view: work.encoder_2bit_12_0(netlist)), output net ctrl_1 (in view: work.encoder_2bit_12_0(netlist))
    net        ENC_inst.enc_func\.11\.enc_top_inst.encoder_inst.ctrl_1
    input  pin ENC_inst.enc_func\.11\.enc_top_inst.encoder_inst.s_ph_b.ctrl/A
    instance   ENC_inst.enc_func\.11\.enc_top_inst.encoder_inst.s_ph_b.ctrl (cell ORCALUT4)
    output pin ENC_inst.enc_func\.11\.enc_top_inst.encoder_inst.s_ph_b.ctrl/Z
    net        ENC_inst.enc_func\.11\.enc_top_inst.encoder_inst.ctrl_1
@W: BN137 :"c:\work\s127m\pcbno_10081\sp0557_rev02_00_ai\rtl\sp0557\slv_com\slv_ctrl_top.vhd":224:0:224:15|Found combinational loop during mapping at net ENC_inst.enc_func\.11\.enc_top_inst.encoder_inst.ctrl_0
8) instance s_ph_b_p.ctrl (in view: work.encoder_2bit_12_0(netlist)), output net ctrl_0 (in view: work.encoder_2bit_12_0(netlist))
    net        ENC_inst.enc_func\.11\.enc_top_inst.encoder_inst.ctrl_0
    input  pin ENC_inst.enc_func\.11\.enc_top_inst.encoder_inst.s_ph_b_p.ctrl/A
    instance   ENC_inst.enc_func\.11\.enc_top_inst.encoder_inst.s_ph_b_p.ctrl (cell ORCALUT4)
    output pin ENC_inst.enc_func\.11\.enc_top_inst.encoder_inst.s_ph_b_p.ctrl/Z
    net        ENC_inst.enc_func\.11\.enc_top_inst.encoder_inst.ctrl_0
@W: BN137 :"c:\work\s127m\pcbno_10081\sp0557_rev02_00_ai\rtl\sp0557\slv_com\slv_ctrl_top.vhd":224:0:224:15|Found combinational loop during mapping at net ENC_inst.enc_func\.8\.enc_top_inst.encoder_inst.ctrl_2
9) instance s_ph_a.ctrl (in view: work.encoder_2bit_12_1(netlist)), output net ctrl_2 (in view: work.encoder_2bit_12_1(netlist))
    net        ENC_inst.enc_func\.8\.enc_top_inst.encoder_inst.ctrl_2
    input  pin ENC_inst.enc_func\.8\.enc_top_inst.encoder_inst.s_ph_a.ctrl/A
    instance   ENC_inst.enc_func\.8\.enc_top_inst.encoder_inst.s_ph_a.ctrl (cell ORCALUT4)
    output pin ENC_inst.enc_func\.8\.enc_top_inst.encoder_inst.s_ph_a.ctrl/Z
    net        ENC_inst.enc_func\.8\.enc_top_inst.encoder_inst.ctrl_2
@W: BN137 :"c:\work\s127m\pcbno_10081\sp0557_rev02_00_ai\rtl\sp0557\slv_com\slv_ctrl_top.vhd":224:0:224:15|Found combinational loop during mapping at net ENC_inst.enc_func\.8\.enc_top_inst.encoder_inst.ctrl
10) instance s_ph_a_p.ctrl (in view: work.encoder_2bit_12_1(netlist)), output net ctrl (in view: work.encoder_2bit_12_1(netlist))
    net        ENC_inst.enc_func\.8\.enc_top_inst.encoder_inst.ctrl
    input  pin ENC_inst.enc_func\.8\.enc_top_inst.encoder_inst.s_ph_a_p.ctrl/A
    instance   ENC_inst.enc_func\.8\.enc_top_inst.encoder_inst.s_ph_a_p.ctrl (cell ORCALUT4)
    output pin ENC_inst.enc_func\.8\.enc_top_inst.encoder_inst.s_ph_a_p.ctrl/Z
    net        ENC_inst.enc_func\.8\.enc_top_inst.encoder_inst.ctrl
@W: BN137 :"c:\work\s127m\pcbno_10081\sp0557_rev02_00_ai\rtl\sp0557\slv_com\slv_ctrl_top.vhd":224:0:224:15|Found combinational loop during mapping at net ENC_inst.enc_func\.8\.enc_top_inst.encoder_inst.ctrl_1
11) instance s_ph_b.ctrl (in view: work.encoder_2bit_12_1(netlist)), output net ctrl_1 (in view: work.encoder_2bit_12_1(netlist))
    net        ENC_inst.enc_func\.8\.enc_top_inst.encoder_inst.ctrl_1
    input  pin ENC_inst.enc_func\.8\.enc_top_inst.encoder_inst.s_ph_b.ctrl/A
    instance   ENC_inst.enc_func\.8\.enc_top_inst.encoder_inst.s_ph_b.ctrl (cell ORCALUT4)
    output pin ENC_inst.enc_func\.8\.enc_top_inst.encoder_inst.s_ph_b.ctrl/Z
    net        ENC_inst.enc_func\.8\.enc_top_inst.encoder_inst.ctrl_1
@W: BN137 :"c:\work\s127m\pcbno_10081\sp0557_rev02_00_ai\rtl\sp0557\slv_com\slv_ctrl_top.vhd":224:0:224:15|Found combinational loop during mapping at net ENC_inst.enc_func\.8\.enc_top_inst.encoder_inst.ctrl_0
12) instance s_ph_b_p.ctrl (in view: work.encoder_2bit_12_1(netlist)), output net ctrl_0 (in view: work.encoder_2bit_12_1(netlist))
    net        ENC_inst.enc_func\.8\.enc_top_inst.encoder_inst.ctrl_0
    input  pin ENC_inst.enc_func\.8\.enc_top_inst.encoder_inst.s_ph_b_p.ctrl/A
    instance   ENC_inst.enc_func\.8\.enc_top_inst.encoder_inst.s_ph_b_p.ctrl (cell ORCALUT4)
    output pin ENC_inst.enc_func\.8\.enc_top_inst.encoder_inst.s_ph_b_p.ctrl/Z
    net        ENC_inst.enc_func\.8\.enc_top_inst.encoder_inst.ctrl_0
@W: BN137 :"c:\work\s127m\pcbno_10081\sp0557_rev02_00_ai\rtl\sp0557\slv_com\slv_ctrl_top.vhd":224:0:224:15|Found combinational loop during mapping at net ENC_inst.enc_func\.5\.enc_top_inst.encoder_inst.ctrl_2
13) instance s_ph_a.ctrl (in view: work.encoder_2bit_12_2(netlist)), output net ctrl_2 (in view: work.encoder_2bit_12_2(netlist))
    net        ENC_inst.enc_func\.5\.enc_top_inst.encoder_inst.ctrl_2
    input  pin ENC_inst.enc_func\.5\.enc_top_inst.encoder_inst.s_ph_a.ctrl/A
    instance   ENC_inst.enc_func\.5\.enc_top_inst.encoder_inst.s_ph_a.ctrl (cell ORCALUT4)
    output pin ENC_inst.enc_func\.5\.enc_top_inst.encoder_inst.s_ph_a.ctrl/Z
    net        ENC_inst.enc_func\.5\.enc_top_inst.encoder_inst.ctrl_2
@W: BN137 :"c:\work\s127m\pcbno_10081\sp0557_rev02_00_ai\rtl\sp0557\slv_com\slv_ctrl_top.vhd":224:0:224:15|Found combinational loop during mapping at net ENC_inst.enc_func\.5\.enc_top_inst.encoder_inst.ctrl
14) instance s_ph_a_p.ctrl (in view: work.encoder_2bit_12_2(netlist)), output net ctrl (in view: work.encoder_2bit_12_2(netlist))
    net        ENC_inst.enc_func\.5\.enc_top_inst.encoder_inst.ctrl
    input  pin ENC_inst.enc_func\.5\.enc_top_inst.encoder_inst.s_ph_a_p.ctrl/A
    instance   ENC_inst.enc_func\.5\.enc_top_inst.encoder_inst.s_ph_a_p.ctrl (cell ORCALUT4)
    output pin ENC_inst.enc_func\.5\.enc_top_inst.encoder_inst.s_ph_a_p.ctrl/Z
    net        ENC_inst.enc_func\.5\.enc_top_inst.encoder_inst.ctrl
@W: BN137 :"c:\work\s127m\pcbno_10081\sp0557_rev02_00_ai\rtl\sp0557\slv_com\slv_ctrl_top.vhd":224:0:224:15|Found combinational loop during mapping at net ENC_inst.enc_func\.5\.enc_top_inst.encoder_inst.ctrl_1
15) instance s_ph_b.ctrl (in view: work.encoder_2bit_12_2(netlist)), output net ctrl_1 (in view: work.encoder_2bit_12_2(netlist))
    net        ENC_inst.enc_func\.5\.enc_top_inst.encoder_inst.ctrl_1
    input  pin ENC_inst.enc_func\.5\.enc_top_inst.encoder_inst.s_ph_b.ctrl/A
    instance   ENC_inst.enc_func\.5\.enc_top_inst.encoder_inst.s_ph_b.ctrl (cell ORCALUT4)
    output pin ENC_inst.enc_func\.5\.enc_top_inst.encoder_inst.s_ph_b.ctrl/Z
    net        ENC_inst.enc_func\.5\.enc_top_inst.encoder_inst.ctrl_1
@W: BN137 :"c:\work\s127m\pcbno_10081\sp0557_rev02_00_ai\rtl\sp0557\slv_com\slv_ctrl_top.vhd":224:0:224:15|Found combinational loop during mapping at net ENC_inst.enc_func\.5\.enc_top_inst.encoder_inst.ctrl_0
16) instance s_ph_b_p.ctrl (in view: work.encoder_2bit_12_2(netlist)), output net ctrl_0 (in view: work.encoder_2bit_12_2(netlist))
    net        ENC_inst.enc_func\.5\.enc_top_inst.encoder_inst.ctrl_0
    input  pin ENC_inst.enc_func\.5\.enc_top_inst.encoder_inst.s_ph_b_p.ctrl/A
    instance   ENC_inst.enc_func\.5\.enc_top_inst.encoder_inst.s_ph_b_p.ctrl (cell ORCALUT4)
    output pin ENC_inst.enc_func\.5\.enc_top_inst.encoder_inst.s_ph_b_p.ctrl/Z
    net        ENC_inst.enc_func\.5\.enc_top_inst.encoder_inst.ctrl_0
@W: BN137 :"c:\work\s127m\pcbno_10081\sp0557_rev02_00_ai\rtl\sp0557\slv_com\slv_ctrl_top.vhd":224:0:224:15|Found combinational loop during mapping at net ENC_inst.enc_func\.2\.enc_top_inst.encoder_inst.ctrl_2
17) instance s_ph_a.ctrl (in view: work.encoder_2bit_12_3(netlist)), output net ctrl_2 (in view: work.encoder_2bit_12_3(netlist))
    net        ENC_inst.enc_func\.2\.enc_top_inst.encoder_inst.ctrl_2
    input  pin ENC_inst.enc_func\.2\.enc_top_inst.encoder_inst.s_ph_a.ctrl/A
    instance   ENC_inst.enc_func\.2\.enc_top_inst.encoder_inst.s_ph_a.ctrl (cell ORCALUT4)
    output pin ENC_inst.enc_func\.2\.enc_top_inst.encoder_inst.s_ph_a.ctrl/Z
    net        ENC_inst.enc_func\.2\.enc_top_inst.encoder_inst.ctrl_2
@W: BN137 :"c:\work\s127m\pcbno_10081\sp0557_rev02_00_ai\rtl\sp0557\slv_com\slv_ctrl_top.vhd":224:0:224:15|Found combinational loop during mapping at net ENC_inst.enc_func\.2\.enc_top_inst.encoder_inst.ctrl
18) instance s_ph_a_p.ctrl (in view: work.encoder_2bit_12_3(netlist)), output net ctrl (in view: work.encoder_2bit_12_3(netlist))
    net        ENC_inst.enc_func\.2\.enc_top_inst.encoder_inst.ctrl
    input  pin ENC_inst.enc_func\.2\.enc_top_inst.encoder_inst.s_ph_a_p.ctrl/A
    instance   ENC_inst.enc_func\.2\.enc_top_inst.encoder_inst.s_ph_a_p.ctrl (cell ORCALUT4)
    output pin ENC_inst.enc_func\.2\.enc_top_inst.encoder_inst.s_ph_a_p.ctrl/Z
    net        ENC_inst.enc_func\.2\.enc_top_inst.encoder_inst.ctrl
@W: BN137 :"c:\work\s127m\pcbno_10081\sp0557_rev02_00_ai\rtl\sp0557\slv_com\slv_ctrl_top.vhd":224:0:224:15|Found combinational loop during mapping at net ENC_inst.enc_func\.2\.enc_top_inst.encoder_inst.ctrl_1
19) instance s_ph_b.ctrl (in view: work.encoder_2bit_12_3(netlist)), output net ctrl_1 (in view: work.encoder_2bit_12_3(netlist))
    net        ENC_inst.enc_func\.2\.enc_top_inst.encoder_inst.ctrl_1
    input  pin ENC_inst.enc_func\.2\.enc_top_inst.encoder_inst.s_ph_b.ctrl/A
    instance   ENC_inst.enc_func\.2\.enc_top_inst.encoder_inst.s_ph_b.ctrl (cell ORCALUT4)
    output pin ENC_inst.enc_func\.2\.enc_top_inst.encoder_inst.s_ph_b.ctrl/Z
    net        ENC_inst.enc_func\.2\.enc_top_inst.encoder_inst.ctrl_1
@W: BN137 :"c:\work\s127m\pcbno_10081\sp0557_rev02_00_ai\rtl\sp0557\slv_com\slv_ctrl_top.vhd":224:0:224:15|Found combinational loop during mapping at net ENC_inst.enc_func\.2\.enc_top_inst.encoder_inst.ctrl_0
20) instance s_ph_b_p.ctrl (in view: work.encoder_2bit_12_3(netlist)), output net ctrl_0 (in view: work.encoder_2bit_12_3(netlist))
    net        ENC_inst.enc_func\.2\.enc_top_inst.encoder_inst.ctrl_0
    input  pin ENC_inst.enc_func\.2\.enc_top_inst.encoder_inst.s_ph_b_p.ctrl/A
    instance   ENC_inst.enc_func\.2\.enc_top_inst.encoder_inst.s_ph_b_p.ctrl (cell ORCALUT4)
    output pin ENC_inst.enc_func\.2\.enc_top_inst.encoder_inst.s_ph_b_p.ctrl/Z
    net        ENC_inst.enc_func\.2\.enc_top_inst.encoder_inst.ctrl_0
@W: BN137 :"c:\work\s127m\pcbno_10081\sp0557_rev02_00_ai\rtl\sp0557\slv_com\slv_ctrl_top.vhd":224:0:224:15|Found combinational loop during mapping at net ENC_inst.enc_func\.12\.enc_top_inst.encoder_inst.ctrl_2
21) instance s_ph_a.ctrl (in view: work.encoder_2bit_12_4(netlist)), output net ctrl_2 (in view: work.encoder_2bit_12_4(netlist))
    net        ENC_inst.enc_func\.12\.enc_top_inst.encoder_inst.ctrl_2
    input  pin ENC_inst.enc_func\.12\.enc_top_inst.encoder_inst.s_ph_a.ctrl/A
    instance   ENC_inst.enc_func\.12\.enc_top_inst.encoder_inst.s_ph_a.ctrl (cell ORCALUT4)
    output pin ENC_inst.enc_func\.12\.enc_top_inst.encoder_inst.s_ph_a.ctrl/Z
    net        ENC_inst.enc_func\.12\.enc_top_inst.encoder_inst.ctrl_2
@W: BN137 :"c:\work\s127m\pcbno_10081\sp0557_rev02_00_ai\rtl\sp0557\slv_com\slv_ctrl_top.vhd":224:0:224:15|Found combinational loop during mapping at net ENC_inst.enc_func\.12\.enc_top_inst.encoder_inst.ctrl
22) instance s_ph_a_p.ctrl (in view: work.encoder_2bit_12_4(netlist)), output net ctrl (in view: work.encoder_2bit_12_4(netlist))
    net        ENC_inst.enc_func\.12\.enc_top_inst.encoder_inst.ctrl
    input  pin ENC_inst.enc_func\.12\.enc_top_inst.encoder_inst.s_ph_a_p.ctrl/A
    instance   ENC_inst.enc_func\.12\.enc_top_inst.encoder_inst.s_ph_a_p.ctrl (cell ORCALUT4)
    output pin ENC_inst.enc_func\.12\.enc_top_inst.encoder_inst.s_ph_a_p.ctrl/Z
    net        ENC_inst.enc_func\.12\.enc_top_inst.encoder_inst.ctrl
@W: BN137 :"c:\work\s127m\pcbno_10081\sp0557_rev02_00_ai\rtl\sp0557\slv_com\slv_ctrl_top.vhd":224:0:224:15|Found combinational loop during mapping at net ENC_inst.enc_func\.12\.enc_top_inst.encoder_inst.ctrl_1
23) instance s_ph_b.ctrl (in view: work.encoder_2bit_12_4(netlist)), output net ctrl_1 (in view: work.encoder_2bit_12_4(netlist))
    net        ENC_inst.enc_func\.12\.enc_top_inst.encoder_inst.ctrl_1
    input  pin ENC_inst.enc_func\.12\.enc_top_inst.encoder_inst.s_ph_b.ctrl/A
    instance   ENC_inst.enc_func\.12\.enc_top_inst.encoder_inst.s_ph_b.ctrl (cell ORCALUT4)
    output pin ENC_inst.enc_func\.12\.enc_top_inst.encoder_inst.s_ph_b.ctrl/Z
    net        ENC_inst.enc_func\.12\.enc_top_inst.encoder_inst.ctrl_1
@W: BN137 :"c:\work\s127m\pcbno_10081\sp0557_rev02_00_ai\rtl\sp0557\slv_com\slv_ctrl_top.vhd":224:0:224:15|Found combinational loop during mapping at net ENC_inst.enc_func\.12\.enc_top_inst.encoder_inst.ctrl_0
24) instance s_ph_b_p.ctrl (in view: work.encoder_2bit_12_4(netlist)), output net ctrl_0 (in view: work.encoder_2bit_12_4(netlist))
    net        ENC_inst.enc_func\.12\.enc_top_inst.encoder_inst.ctrl_0
    input  pin ENC_inst.enc_func\.12\.enc_top_inst.encoder_inst.s_ph_b_p.ctrl/A
    instance   ENC_inst.enc_func\.12\.enc_top_inst.encoder_inst.s_ph_b_p.ctrl (cell ORCALUT4)
    output pin ENC_inst.enc_func\.12\.enc_top_inst.encoder_inst.s_ph_b_p.ctrl/Z
    net        ENC_inst.enc_func\.12\.enc_top_inst.encoder_inst.ctrl_0
@W: BN137 :"c:\work\s127m\pcbno_10081\sp0557_rev02_00_ai\rtl\sp0557\slv_com\slv_ctrl_top.vhd":224:0:224:15|Found combinational loop during mapping at net ENC_inst.enc_func\.9\.enc_top_inst.encoder_inst.ctrl_2
25) instance s_ph_a.ctrl (in view: work.encoder_2bit_12_5(netlist)), output net ctrl_2 (in view: work.encoder_2bit_12_5(netlist))
    net        ENC_inst.enc_func\.9\.enc_top_inst.encoder_inst.ctrl_2
    input  pin ENC_inst.enc_func\.9\.enc_top_inst.encoder_inst.s_ph_a.ctrl/A
    instance   ENC_inst.enc_func\.9\.enc_top_inst.encoder_inst.s_ph_a.ctrl (cell ORCALUT4)
    output pin ENC_inst.enc_func\.9\.enc_top_inst.encoder_inst.s_ph_a.ctrl/Z
    net        ENC_inst.enc_func\.9\.enc_top_inst.encoder_inst.ctrl_2
@W: BN137 :"c:\work\s127m\pcbno_10081\sp0557_rev02_00_ai\rtl\sp0557\slv_com\slv_ctrl_top.vhd":224:0:224:15|Found combinational loop during mapping at net ENC_inst.enc_func\.9\.enc_top_inst.encoder_inst.ctrl
26) instance s_ph_a_p.ctrl (in view: work.encoder_2bit_12_5(netlist)), output net ctrl (in view: work.encoder_2bit_12_5(netlist))
    net        ENC_inst.enc_func\.9\.enc_top_inst.encoder_inst.ctrl
    input  pin ENC_inst.enc_func\.9\.enc_top_inst.encoder_inst.s_ph_a_p.ctrl/A
    instance   ENC_inst.enc_func\.9\.enc_top_inst.encoder_inst.s_ph_a_p.ctrl (cell ORCALUT4)
    output pin ENC_inst.enc_func\.9\.enc_top_inst.encoder_inst.s_ph_a_p.ctrl/Z
    net        ENC_inst.enc_func\.9\.enc_top_inst.encoder_inst.ctrl
@W: BN137 :"c:\work\s127m\pcbno_10081\sp0557_rev02_00_ai\rtl\sp0557\slv_com\slv_ctrl_top.vhd":224:0:224:15|Found combinational loop during mapping at net ENC_inst.enc_func\.9\.enc_top_inst.encoder_inst.ctrl_1
27) instance s_ph_b.ctrl (in view: work.encoder_2bit_12_5(netlist)), output net ctrl_1 (in view: work.encoder_2bit_12_5(netlist))
    net        ENC_inst.enc_func\.9\.enc_top_inst.encoder_inst.ctrl_1
    input  pin ENC_inst.enc_func\.9\.enc_top_inst.encoder_inst.s_ph_b.ctrl/A
    instance   ENC_inst.enc_func\.9\.enc_top_inst.encoder_inst.s_ph_b.ctrl (cell ORCALUT4)
    output pin ENC_inst.enc_func\.9\.enc_top_inst.encoder_inst.s_ph_b.ctrl/Z
    net        ENC_inst.enc_func\.9\.enc_top_inst.encoder_inst.ctrl_1
@W: BN137 :"c:\work\s127m\pcbno_10081\sp0557_rev02_00_ai\rtl\sp0557\slv_com\slv_ctrl_top.vhd":224:0:224:15|Found combinational loop during mapping at net ENC_inst.enc_func\.9\.enc_top_inst.encoder_inst.ctrl_0
28) instance s_ph_b_p.ctrl (in view: work.encoder_2bit_12_5(netlist)), output net ctrl_0 (in view: work.encoder_2bit_12_5(netlist))
    net        ENC_inst.enc_func\.9\.enc_top_inst.encoder_inst.ctrl_0
    input  pin ENC_inst.enc_func\.9\.enc_top_inst.encoder_inst.s_ph_b_p.ctrl/A
    instance   ENC_inst.enc_func\.9\.enc_top_inst.encoder_inst.s_ph_b_p.ctrl (cell ORCALUT4)
    output pin ENC_inst.enc_func\.9\.enc_top_inst.encoder_inst.s_ph_b_p.ctrl/Z
    net        ENC_inst.enc_func\.9\.enc_top_inst.encoder_inst.ctrl_0
@W: BN137 :"c:\work\s127m\pcbno_10081\sp0557_rev02_00_ai\rtl\sp0557\slv_com\slv_ctrl_top.vhd":224:0:224:15|Found combinational loop during mapping at net ENC_inst.enc_func\.6\.enc_top_inst.encoder_inst.ctrl_2
29) instance s_ph_a.ctrl (in view: work.encoder_2bit_12_6(netlist)), output net ctrl_2 (in view: work.encoder_2bit_12_6(netlist))
    net        ENC_inst.enc_func\.6\.enc_top_inst.encoder_inst.ctrl_2
    input  pin ENC_inst.enc_func\.6\.enc_top_inst.encoder_inst.s_ph_a.ctrl/A
    instance   ENC_inst.enc_func\.6\.enc_top_inst.encoder_inst.s_ph_a.ctrl (cell ORCALUT4)
    output pin ENC_inst.enc_func\.6\.enc_top_inst.encoder_inst.s_ph_a.ctrl/Z
    net        ENC_inst.enc_func\.6\.enc_top_inst.encoder_inst.ctrl_2
@W: BN137 :"c:\work\s127m\pcbno_10081\sp0557_rev02_00_ai\rtl\sp0557\slv_com\slv_ctrl_top.vhd":224:0:224:15|Found combinational loop during mapping at net ENC_inst.enc_func\.6\.enc_top_inst.encoder_inst.ctrl
30) instance s_ph_a_p.ctrl (in view: work.encoder_2bit_12_6(netlist)), output net ctrl (in view: work.encoder_2bit_12_6(netlist))
    net        ENC_inst.enc_func\.6\.enc_top_inst.encoder_inst.ctrl
    input  pin ENC_inst.enc_func\.6\.enc_top_inst.encoder_inst.s_ph_a_p.ctrl/A
    instance   ENC_inst.enc_func\.6\.enc_top_inst.encoder_inst.s_ph_a_p.ctrl (cell ORCALUT4)
    output pin ENC_inst.enc_func\.6\.enc_top_inst.encoder_inst.s_ph_a_p.ctrl/Z
    net        ENC_inst.enc_func\.6\.enc_top_inst.encoder_inst.ctrl
@W: BN137 :"c:\work\s127m\pcbno_10081\sp0557_rev02_00_ai\rtl\sp0557\slv_com\slv_ctrl_top.vhd":224:0:224:15|Found combinational loop during mapping at net ENC_inst.enc_func\.6\.enc_top_inst.encoder_inst.ctrl_1
31) instance s_ph_b.ctrl (in view: work.encoder_2bit_12_6(netlist)), output net ctrl_1 (in view: work.encoder_2bit_12_6(netlist))
    net        ENC_inst.enc_func\.6\.enc_top_inst.encoder_inst.ctrl_1
    input  pin ENC_inst.enc_func\.6\.enc_top_inst.encoder_inst.s_ph_b.ctrl/A
    instance   ENC_inst.enc_func\.6\.enc_top_inst.encoder_inst.s_ph_b.ctrl (cell ORCALUT4)
    output pin ENC_inst.enc_func\.6\.enc_top_inst.encoder_inst.s_ph_b.ctrl/Z
    net        ENC_inst.enc_func\.6\.enc_top_inst.encoder_inst.ctrl_1
@W: BN137 :"c:\work\s127m\pcbno_10081\sp0557_rev02_00_ai\rtl\sp0557\slv_com\slv_ctrl_top.vhd":224:0:224:15|Found combinational loop during mapping at net ENC_inst.enc_func\.6\.enc_top_inst.encoder_inst.ctrl_0
32) instance s_ph_b_p.ctrl (in view: work.encoder_2bit_12_6(netlist)), output net ctrl_0 (in view: work.encoder_2bit_12_6(netlist))
    net        ENC_inst.enc_func\.6\.enc_top_inst.encoder_inst.ctrl_0
    input  pin ENC_inst.enc_func\.6\.enc_top_inst.encoder_inst.s_ph_b_p.ctrl/A
    instance   ENC_inst.enc_func\.6\.enc_top_inst.encoder_inst.s_ph_b_p.ctrl (cell ORCALUT4)
    output pin ENC_inst.enc_func\.6\.enc_top_inst.encoder_inst.s_ph_b_p.ctrl/Z
    net        ENC_inst.enc_func\.6\.enc_top_inst.encoder_inst.ctrl_0
@W: BN137 :"c:\work\s127m\pcbno_10081\sp0557_rev02_00_ai\rtl\sp0557\slv_com\slv_ctrl_top.vhd":224:0:224:15|Found combinational loop during mapping at net ENC_inst.enc_func\.3\.enc_top_inst.encoder_inst.ctrl_2
33) instance s_ph_a.ctrl (in view: work.encoder_2bit_12_7(netlist)), output net ctrl_2 (in view: work.encoder_2bit_12_7(netlist))
    net        ENC_inst.enc_func\.3\.enc_top_inst.encoder_inst.ctrl_2
    input  pin ENC_inst.enc_func\.3\.enc_top_inst.encoder_inst.s_ph_a.ctrl/A
    instance   ENC_inst.enc_func\.3\.enc_top_inst.encoder_inst.s_ph_a.ctrl (cell ORCALUT4)
    output pin ENC_inst.enc_func\.3\.enc_top_inst.encoder_inst.s_ph_a.ctrl/Z
    net        ENC_inst.enc_func\.3\.enc_top_inst.encoder_inst.ctrl_2
@W: BN137 :"c:\work\s127m\pcbno_10081\sp0557_rev02_00_ai\rtl\sp0557\slv_com\slv_ctrl_top.vhd":224:0:224:15|Found combinational loop during mapping at net ENC_inst.enc_func\.3\.enc_top_inst.encoder_inst.ctrl
34) instance s_ph_a_p.ctrl (in view: work.encoder_2bit_12_7(netlist)), output net ctrl (in view: work.encoder_2bit_12_7(netlist))
    net        ENC_inst.enc_func\.3\.enc_top_inst.encoder_inst.ctrl
    input  pin ENC_inst.enc_func\.3\.enc_top_inst.encoder_inst.s_ph_a_p.ctrl/A
    instance   ENC_inst.enc_func\.3\.enc_top_inst.encoder_inst.s_ph_a_p.ctrl (cell ORCALUT4)
    output pin ENC_inst.enc_func\.3\.enc_top_inst.encoder_inst.s_ph_a_p.ctrl/Z
    net        ENC_inst.enc_func\.3\.enc_top_inst.encoder_inst.ctrl
@W: BN137 :"c:\work\s127m\pcbno_10081\sp0557_rev02_00_ai\rtl\sp0557\slv_com\slv_ctrl_top.vhd":224:0:224:15|Found combinational loop during mapping at net ENC_inst.enc_func\.3\.enc_top_inst.encoder_inst.ctrl_1
35) instance s_ph_b.ctrl (in view: work.encoder_2bit_12_7(netlist)), output net ctrl_1 (in view: work.encoder_2bit_12_7(netlist))
    net        ENC_inst.enc_func\.3\.enc_top_inst.encoder_inst.ctrl_1
    input  pin ENC_inst.enc_func\.3\.enc_top_inst.encoder_inst.s_ph_b.ctrl/A
    instance   ENC_inst.enc_func\.3\.enc_top_inst.encoder_inst.s_ph_b.ctrl (cell ORCALUT4)
    output pin ENC_inst.enc_func\.3\.enc_top_inst.encoder_inst.s_ph_b.ctrl/Z
    net        ENC_inst.enc_func\.3\.enc_top_inst.encoder_inst.ctrl_1
@W: BN137 :"c:\work\s127m\pcbno_10081\sp0557_rev02_00_ai\rtl\sp0557\slv_com\slv_ctrl_top.vhd":224:0:224:15|Found combinational loop during mapping at net ENC_inst.enc_func\.3\.enc_top_inst.encoder_inst.ctrl_0
36) instance s_ph_b_p.ctrl (in view: work.encoder_2bit_12_7(netlist)), output net ctrl_0 (in view: work.encoder_2bit_12_7(netlist))
    net        ENC_inst.enc_func\.3\.enc_top_inst.encoder_inst.ctrl_0
    input  pin ENC_inst.enc_func\.3\.enc_top_inst.encoder_inst.s_ph_b_p.ctrl/A
    instance   ENC_inst.enc_func\.3\.enc_top_inst.encoder_inst.s_ph_b_p.ctrl (cell ORCALUT4)
    output pin ENC_inst.enc_func\.3\.enc_top_inst.encoder_inst.s_ph_b_p.ctrl/Z
    net        ENC_inst.enc_func\.3\.enc_top_inst.encoder_inst.ctrl_0
@W: BN137 :"c:\work\s127m\pcbno_10081\sp0557_rev02_00_ai\rtl\sp0557\slv_com\slv_ctrl_top.vhd":224:0:224:15|Found combinational loop during mapping at net ENC_inst.enc_func\.13\.enc_top_inst.encoder_inst.ctrl_2
37) instance s_ph_a.ctrl (in view: work.encoder_2bit_12_8(netlist)), output net ctrl_2 (in view: work.encoder_2bit_12_8(netlist))
    net        ENC_inst.enc_func\.13\.enc_top_inst.encoder_inst.ctrl_2
    input  pin ENC_inst.enc_func\.13\.enc_top_inst.encoder_inst.s_ph_a.ctrl/A
    instance   ENC_inst.enc_func\.13\.enc_top_inst.encoder_inst.s_ph_a.ctrl (cell ORCALUT4)
    output pin ENC_inst.enc_func\.13\.enc_top_inst.encoder_inst.s_ph_a.ctrl/Z
    net        ENC_inst.enc_func\.13\.enc_top_inst.encoder_inst.ctrl_2
@W: BN137 :"c:\work\s127m\pcbno_10081\sp0557_rev02_00_ai\rtl\sp0557\slv_com\slv_ctrl_top.vhd":224:0:224:15|Found combinational loop during mapping at net ENC_inst.enc_func\.13\.enc_top_inst.encoder_inst.ctrl
38) instance s_ph_a_p.ctrl (in view: work.encoder_2bit_12_8(netlist)), output net ctrl (in view: work.encoder_2bit_12_8(netlist))
    net        ENC_inst.enc_func\.13\.enc_top_inst.encoder_inst.ctrl
    input  pin ENC_inst.enc_func\.13\.enc_top_inst.encoder_inst.s_ph_a_p.ctrl/A
    instance   ENC_inst.enc_func\.13\.enc_top_inst.encoder_inst.s_ph_a_p.ctrl (cell ORCALUT4)
    output pin ENC_inst.enc_func\.13\.enc_top_inst.encoder_inst.s_ph_a_p.ctrl/Z
    net        ENC_inst.enc_func\.13\.enc_top_inst.encoder_inst.ctrl
@W: BN137 :"c:\work\s127m\pcbno_10081\sp0557_rev02_00_ai\rtl\sp0557\slv_com\slv_ctrl_top.vhd":224:0:224:15|Found combinational loop during mapping at net ENC_inst.enc_func\.13\.enc_top_inst.encoder_inst.ctrl_1
39) instance s_ph_b.ctrl (in view: work.encoder_2bit_12_8(netlist)), output net ctrl_1 (in view: work.encoder_2bit_12_8(netlist))
    net        ENC_inst.enc_func\.13\.enc_top_inst.encoder_inst.ctrl_1
    input  pin ENC_inst.enc_func\.13\.enc_top_inst.encoder_inst.s_ph_b.ctrl/A
    instance   ENC_inst.enc_func\.13\.enc_top_inst.encoder_inst.s_ph_b.ctrl (cell ORCALUT4)
    output pin ENC_inst.enc_func\.13\.enc_top_inst.encoder_inst.s_ph_b.ctrl/Z
    net        ENC_inst.enc_func\.13\.enc_top_inst.encoder_inst.ctrl_1
@W: BN137 :"c:\work\s127m\pcbno_10081\sp0557_rev02_00_ai\rtl\sp0557\slv_com\slv_ctrl_top.vhd":224:0:224:15|Found combinational loop during mapping at net ENC_inst.enc_func\.13\.enc_top_inst.encoder_inst.ctrl_0
40) instance s_ph_b_p.ctrl (in view: work.encoder_2bit_12_8(netlist)), output net ctrl_0 (in view: work.encoder_2bit_12_8(netlist))
    net        ENC_inst.enc_func\.13\.enc_top_inst.encoder_inst.ctrl_0
    input  pin ENC_inst.enc_func\.13\.enc_top_inst.encoder_inst.s_ph_b_p.ctrl/A
    instance   ENC_inst.enc_func\.13\.enc_top_inst.encoder_inst.s_ph_b_p.ctrl (cell ORCALUT4)
    output pin ENC_inst.enc_func\.13\.enc_top_inst.encoder_inst.s_ph_b_p.ctrl/Z
    net        ENC_inst.enc_func\.13\.enc_top_inst.encoder_inst.ctrl_0
@W: BN137 :"c:\work\s127m\pcbno_10081\sp0557_rev02_00_ai\rtl\sp0557\slv_com\slv_ctrl_top.vhd":224:0:224:15|Found combinational loop during mapping at net ENC_inst.enc_func\.10\.enc_top_inst.encoder_inst.ctrl_2
41) instance s_ph_a.ctrl (in view: work.encoder_2bit_12_9(netlist)), output net ctrl_2 (in view: work.encoder_2bit_12_9(netlist))
    net        ENC_inst.enc_func\.10\.enc_top_inst.encoder_inst.ctrl_2
    input  pin ENC_inst.enc_func\.10\.enc_top_inst.encoder_inst.s_ph_a.ctrl/A
    instance   ENC_inst.enc_func\.10\.enc_top_inst.encoder_inst.s_ph_a.ctrl (cell ORCALUT4)
    output pin ENC_inst.enc_func\.10\.enc_top_inst.encoder_inst.s_ph_a.ctrl/Z
    net        ENC_inst.enc_func\.10\.enc_top_inst.encoder_inst.ctrl_2
@W: BN137 :"c:\work\s127m\pcbno_10081\sp0557_rev02_00_ai\rtl\sp0557\slv_com\slv_ctrl_top.vhd":224:0:224:15|Found combinational loop during mapping at net ENC_inst.enc_func\.10\.enc_top_inst.encoder_inst.ctrl
42) instance s_ph_a_p.ctrl (in view: work.encoder_2bit_12_9(netlist)), output net ctrl (in view: work.encoder_2bit_12_9(netlist))
    net        ENC_inst.enc_func\.10\.enc_top_inst.encoder_inst.ctrl
    input  pin ENC_inst.enc_func\.10\.enc_top_inst.encoder_inst.s_ph_a_p.ctrl/A
    instance   ENC_inst.enc_func\.10\.enc_top_inst.encoder_inst.s_ph_a_p.ctrl (cell ORCALUT4)
    output pin ENC_inst.enc_func\.10\.enc_top_inst.encoder_inst.s_ph_a_p.ctrl/Z
    net        ENC_inst.enc_func\.10\.enc_top_inst.encoder_inst.ctrl
@W: BN137 :"c:\work\s127m\pcbno_10081\sp0557_rev02_00_ai\rtl\sp0557\slv_com\slv_ctrl_top.vhd":224:0:224:15|Found combinational loop during mapping at net ENC_inst.enc_func\.10\.enc_top_inst.encoder_inst.ctrl_1
43) instance s_ph_b.ctrl (in view: work.encoder_2bit_12_9(netlist)), output net ctrl_1 (in view: work.encoder_2bit_12_9(netlist))
    net        ENC_inst.enc_func\.10\.enc_top_inst.encoder_inst.ctrl_1
    input  pin ENC_inst.enc_func\.10\.enc_top_inst.encoder_inst.s_ph_b.ctrl/A
    instance   ENC_inst.enc_func\.10\.enc_top_inst.encoder_inst.s_ph_b.ctrl (cell ORCALUT4)
    output pin ENC_inst.enc_func\.10\.enc_top_inst.encoder_inst.s_ph_b.ctrl/Z
    net        ENC_inst.enc_func\.10\.enc_top_inst.encoder_inst.ctrl_1
@W: BN137 :"c:\work\s127m\pcbno_10081\sp0557_rev02_00_ai\rtl\sp0557\slv_com\slv_ctrl_top.vhd":224:0:224:15|Found combinational loop during mapping at net ENC_inst.enc_func\.10\.enc_top_inst.encoder_inst.ctrl_0
44) instance s_ph_b_p.ctrl (in view: work.encoder_2bit_12_9(netlist)), output net ctrl_0 (in view: work.encoder_2bit_12_9(netlist))
    net        ENC_inst.enc_func\.10\.enc_top_inst.encoder_inst.ctrl_0
    input  pin ENC_inst.enc_func\.10\.enc_top_inst.encoder_inst.s_ph_b_p.ctrl/A
    instance   ENC_inst.enc_func\.10\.enc_top_inst.encoder_inst.s_ph_b_p.ctrl (cell ORCALUT4)
    output pin ENC_inst.enc_func\.10\.enc_top_inst.encoder_inst.s_ph_b_p.ctrl/Z
    net        ENC_inst.enc_func\.10\.enc_top_inst.encoder_inst.ctrl_0
@W: BN137 :"c:\work\s127m\pcbno_10081\sp0557_rev02_00_ai\rtl\sp0557\slv_com\slv_ctrl_top.vhd":224:0:224:15|Found combinational loop during mapping at net ENC_inst.enc_func\.7\.enc_top_inst.encoder_inst.ctrl_2
45) instance s_ph_a.ctrl (in view: work.encoder_2bit_12_10(netlist)), output net ctrl_2 (in view: work.encoder_2bit_12_10(netlist))
    net        ENC_inst.enc_func\.7\.enc_top_inst.encoder_inst.ctrl_2
    input  pin ENC_inst.enc_func\.7\.enc_top_inst.encoder_inst.s_ph_a.ctrl/A
    instance   ENC_inst.enc_func\.7\.enc_top_inst.encoder_inst.s_ph_a.ctrl (cell ORCALUT4)
    output pin ENC_inst.enc_func\.7\.enc_top_inst.encoder_inst.s_ph_a.ctrl/Z
    net        ENC_inst.enc_func\.7\.enc_top_inst.encoder_inst.ctrl_2
@W: BN137 :"c:\work\s127m\pcbno_10081\sp0557_rev02_00_ai\rtl\sp0557\slv_com\slv_ctrl_top.vhd":224:0:224:15|Found combinational loop during mapping at net ENC_inst.enc_func\.7\.enc_top_inst.encoder_inst.ctrl
46) instance s_ph_a_p.ctrl (in view: work.encoder_2bit_12_10(netlist)), output net ctrl (in view: work.encoder_2bit_12_10(netlist))
    net        ENC_inst.enc_func\.7\.enc_top_inst.encoder_inst.ctrl
    input  pin ENC_inst.enc_func\.7\.enc_top_inst.encoder_inst.s_ph_a_p.ctrl/A
    instance   ENC_inst.enc_func\.7\.enc_top_inst.encoder_inst.s_ph_a_p.ctrl (cell ORCALUT4)
    output pin ENC_inst.enc_func\.7\.enc_top_inst.encoder_inst.s_ph_a_p.ctrl/Z
    net        ENC_inst.enc_func\.7\.enc_top_inst.encoder_inst.ctrl
@W: BN137 :"c:\work\s127m\pcbno_10081\sp0557_rev02_00_ai\rtl\sp0557\slv_com\slv_ctrl_top.vhd":224:0:224:15|Found combinational loop during mapping at net ENC_inst.enc_func\.7\.enc_top_inst.encoder_inst.ctrl_1
47) instance s_ph_b.ctrl (in view: work.encoder_2bit_12_10(netlist)), output net ctrl_1 (in view: work.encoder_2bit_12_10(netlist))
    net        ENC_inst.enc_func\.7\.enc_top_inst.encoder_inst.ctrl_1
    input  pin ENC_inst.enc_func\.7\.enc_top_inst.encoder_inst.s_ph_b.ctrl/A
    instance   ENC_inst.enc_func\.7\.enc_top_inst.encoder_inst.s_ph_b.ctrl (cell ORCALUT4)
    output pin ENC_inst.enc_func\.7\.enc_top_inst.encoder_inst.s_ph_b.ctrl/Z
    net        ENC_inst.enc_func\.7\.enc_top_inst.encoder_inst.ctrl_1
@W: BN137 :"c:\work\s127m\pcbno_10081\sp0557_rev02_00_ai\rtl\sp0557\slv_com\slv_ctrl_top.vhd":224:0:224:15|Found combinational loop during mapping at net ENC_inst.enc_func\.7\.enc_top_inst.encoder_inst.ctrl_0
48) instance s_ph_b_p.ctrl (in view: work.encoder_2bit_12_10(netlist)), output net ctrl_0 (in view: work.encoder_2bit_12_10(netlist))
    net        ENC_inst.enc_func\.7\.enc_top_inst.encoder_inst.ctrl_0
    input  pin ENC_inst.enc_func\.7\.enc_top_inst.encoder_inst.s_ph_b_p.ctrl/A
    instance   ENC_inst.enc_func\.7\.enc_top_inst.encoder_inst.s_ph_b_p.ctrl (cell ORCALUT4)
    output pin ENC_inst.enc_func\.7\.enc_top_inst.encoder_inst.s_ph_b_p.ctrl/Z
    net        ENC_inst.enc_func\.7\.enc_top_inst.encoder_inst.ctrl_0
@W: BN137 :"c:\work\s127m\pcbno_10081\sp0557_rev02_00_ai\rtl\sp0557\slv_com\slv_ctrl_top.vhd":224:0:224:15|Found combinational loop during mapping at net ENC_inst.enc_func\.4\.enc_top_inst.encoder_inst.ctrl_2
49) instance s_ph_a.ctrl (in view: work.encoder_2bit_12_11(netlist)), output net ctrl_2 (in view: work.encoder_2bit_12_11(netlist))
    net        ENC_inst.enc_func\.4\.enc_top_inst.encoder_inst.ctrl_2
    input  pin ENC_inst.enc_func\.4\.enc_top_inst.encoder_inst.s_ph_a.ctrl/A
    instance   ENC_inst.enc_func\.4\.enc_top_inst.encoder_inst.s_ph_a.ctrl (cell ORCALUT4)
    output pin ENC_inst.enc_func\.4\.enc_top_inst.encoder_inst.s_ph_a.ctrl/Z
    net        ENC_inst.enc_func\.4\.enc_top_inst.encoder_inst.ctrl_2
@W: BN137 :"c:\work\s127m\pcbno_10081\sp0557_rev02_00_ai\rtl\sp0557\slv_com\slv_ctrl_top.vhd":224:0:224:15|Found combinational loop during mapping at net ENC_inst.enc_func\.4\.enc_top_inst.encoder_inst.ctrl
50) instance s_ph_a_p.ctrl (in view: work.encoder_2bit_12_11(netlist)), output net ctrl (in view: work.encoder_2bit_12_11(netlist))
    net        ENC_inst.enc_func\.4\.enc_top_inst.encoder_inst.ctrl
    input  pin ENC_inst.enc_func\.4\.enc_top_inst.encoder_inst.s_ph_a_p.ctrl/A
    instance   ENC_inst.enc_func\.4\.enc_top_inst.encoder_inst.s_ph_a_p.ctrl (cell ORCALUT4)
    output pin ENC_inst.enc_func\.4\.enc_top_inst.encoder_inst.s_ph_a_p.ctrl/Z
    net        ENC_inst.enc_func\.4\.enc_top_inst.encoder_inst.ctrl
@W: BN137 :"c:\work\s127m\pcbno_10081\sp0557_rev02_00_ai\rtl\sp0557\slv_com\slv_ctrl_top.vhd":224:0:224:15|Found combinational loop during mapping at net ENC_inst.enc_func\.4\.enc_top_inst.encoder_inst.ctrl_1
51) instance s_ph_b.ctrl (in view: work.encoder_2bit_12_11(netlist)), output net ctrl_1 (in view: work.encoder_2bit_12_11(netlist))
    net        ENC_inst.enc_func\.4\.enc_top_inst.encoder_inst.ctrl_1
    input  pin ENC_inst.enc_func\.4\.enc_top_inst.encoder_inst.s_ph_b.ctrl/A
    instance   ENC_inst.enc_func\.4\.enc_top_inst.encoder_inst.s_ph_b.ctrl (cell ORCALUT4)
    output pin ENC_inst.enc_func\.4\.enc_top_inst.encoder_inst.s_ph_b.ctrl/Z
    net        ENC_inst.enc_func\.4\.enc_top_inst.encoder_inst.ctrl_1
@W: BN137 :"c:\work\s127m\pcbno_10081\sp0557_rev02_00_ai\rtl\sp0557\slv_com\slv_ctrl_top.vhd":224:0:224:15|Found combinational loop during mapping at net ENC_inst.enc_func\.4\.enc_top_inst.encoder_inst.ctrl_0
52) instance s_ph_b_p.ctrl (in view: work.encoder_2bit_12_11(netlist)), output net ctrl_0 (in view: work.encoder_2bit_12_11(netlist))
    net        ENC_inst.enc_func\.4\.enc_top_inst.encoder_inst.ctrl_0
    input  pin ENC_inst.enc_func\.4\.enc_top_inst.encoder_inst.s_ph_b_p.ctrl/A
    instance   ENC_inst.enc_func\.4\.enc_top_inst.encoder_inst.s_ph_b_p.ctrl (cell ORCALUT4)
    output pin ENC_inst.enc_func\.4\.enc_top_inst.encoder_inst.s_ph_b_p.ctrl/Z
    net        ENC_inst.enc_func\.4\.enc_top_inst.encoder_inst.ctrl_0
End of loops

Finished Writing Netlist Databases (Real Time elapsed 0h:03m:05s; CPU Time elapsed 0h:02m:15s; Memory used current: 381MB peak: 464MB)

Writing EDIF Netlist and constraint files
@N: FX1056 |Writing EDF file: C:\work\S127M\PCBNo_10081\SP0557_rev02_00_AI\SP0557\SP0557_SP0557.edi
@N: BW106 |Synplicity Constraint File capacitance units using default value of 1pF 

Finished Writing EDIF Netlist and constraint files (Real Time elapsed 0h:03m:10s; CPU Time elapsed 0h:02m:19s; Memory used current: 398MB peak: 464MB)


Finished Writing Netlists (Real Time elapsed 0h:03m:10s; CPU Time elapsed 0h:02m:19s; Memory used current: 398MB peak: 464MB)


Start final timing analysis (Real Time elapsed 0h:03m:11s; CPU Time elapsed 0h:02m:21s; Memory used current: 377MB peak: 464MB)

Warning: Found 52 combinational loops!
@W: BN137 :"c:\work\s127m\pcbno_10081\sp0557_rev02_00_ai\rtl\sp0557\slv_com\slv_ctrl_top.vhd":224:0:224:15|Found combinational loop during mapping at net ENC_inst.enc_func\.1\.enc_top_inst.encoder_inst.ctrl_2
1) instance s_ph_a.ctrl (in view: work.encoder_2bit_12(netlist)), output net ctrl_2 (in view: work.encoder_2bit_12(netlist))
    net        ENC_inst.enc_func\.1\.enc_top_inst.encoder_inst.ctrl_2
    input  pin ENC_inst.enc_func\.1\.enc_top_inst.encoder_inst.s_ph_a.ctrl/A
    instance   ENC_inst.enc_func\.1\.enc_top_inst.encoder_inst.s_ph_a.ctrl (cell ORCALUT4)
    output pin ENC_inst.enc_func\.1\.enc_top_inst.encoder_inst.s_ph_a.ctrl/Z
    net        ENC_inst.enc_func\.1\.enc_top_inst.encoder_inst.ctrl_2
@W: BN137 :"c:\work\s127m\pcbno_10081\sp0557_rev02_00_ai\rtl\sp0557\slv_com\slv_ctrl_top.vhd":224:0:224:15|Found combinational loop during mapping at net ENC_inst.enc_func\.1\.enc_top_inst.encoder_inst.ctrl
2) instance s_ph_a_p.ctrl (in view: work.encoder_2bit_12(netlist)), output net ctrl (in view: work.encoder_2bit_12(netlist))
    net        ENC_inst.enc_func\.1\.enc_top_inst.encoder_inst.ctrl
    input  pin ENC_inst.enc_func\.1\.enc_top_inst.encoder_inst.s_ph_a_p.ctrl/A
    instance   ENC_inst.enc_func\.1\.enc_top_inst.encoder_inst.s_ph_a_p.ctrl (cell ORCALUT4)
    output pin ENC_inst.enc_func\.1\.enc_top_inst.encoder_inst.s_ph_a_p.ctrl/Z
    net        ENC_inst.enc_func\.1\.enc_top_inst.encoder_inst.ctrl
@W: BN137 :"c:\work\s127m\pcbno_10081\sp0557_rev02_00_ai\rtl\sp0557\slv_com\slv_ctrl_top.vhd":224:0:224:15|Found combinational loop during mapping at net ENC_inst.enc_func\.1\.enc_top_inst.encoder_inst.ctrl_1
3) instance s_ph_b.ctrl (in view: work.encoder_2bit_12(netlist)), output net ctrl_1 (in view: work.encoder_2bit_12(netlist))
    net        ENC_inst.enc_func\.1\.enc_top_inst.encoder_inst.ctrl_1
    input  pin ENC_inst.enc_func\.1\.enc_top_inst.encoder_inst.s_ph_b.ctrl/A
    instance   ENC_inst.enc_func\.1\.enc_top_inst.encoder_inst.s_ph_b.ctrl (cell ORCALUT4)
    output pin ENC_inst.enc_func\.1\.enc_top_inst.encoder_inst.s_ph_b.ctrl/Z
    net        ENC_inst.enc_func\.1\.enc_top_inst.encoder_inst.ctrl_1
@W: BN137 :"c:\work\s127m\pcbno_10081\sp0557_rev02_00_ai\rtl\sp0557\slv_com\slv_ctrl_top.vhd":224:0:224:15|Found combinational loop during mapping at net ENC_inst.enc_func\.1\.enc_top_inst.encoder_inst.ctrl_0
4) instance s_ph_b_p.ctrl (in view: work.encoder_2bit_12(netlist)), output net ctrl_0 (in view: work.encoder_2bit_12(netlist))
    net        ENC_inst.enc_func\.1\.enc_top_inst.encoder_inst.ctrl_0
    input  pin ENC_inst.enc_func\.1\.enc_top_inst.encoder_inst.s_ph_b_p.ctrl/A
    instance   ENC_inst.enc_func\.1\.enc_top_inst.encoder_inst.s_ph_b_p.ctrl (cell ORCALUT4)
    output pin ENC_inst.enc_func\.1\.enc_top_inst.encoder_inst.s_ph_b_p.ctrl/Z
    net        ENC_inst.enc_func\.1\.enc_top_inst.encoder_inst.ctrl_0
@W: BN137 :"c:\work\s127m\pcbno_10081\sp0557_rev02_00_ai\rtl\sp0557\slv_com\slv_ctrl_top.vhd":224:0:224:15|Found combinational loop during mapping at net ENC_inst.enc_func\.11\.enc_top_inst.encoder_inst.ctrl_2
5) instance s_ph_a.ctrl (in view: work.encoder_2bit_12_0(netlist)), output net ctrl_2 (in view: work.encoder_2bit_12_0(netlist))
    net        ENC_inst.enc_func\.11\.enc_top_inst.encoder_inst.ctrl_2
    input  pin ENC_inst.enc_func\.11\.enc_top_inst.encoder_inst.s_ph_a.ctrl/A
    instance   ENC_inst.enc_func\.11\.enc_top_inst.encoder_inst.s_ph_a.ctrl (cell ORCALUT4)
    output pin ENC_inst.enc_func\.11\.enc_top_inst.encoder_inst.s_ph_a.ctrl/Z
    net        ENC_inst.enc_func\.11\.enc_top_inst.encoder_inst.ctrl_2
@W: BN137 :"c:\work\s127m\pcbno_10081\sp0557_rev02_00_ai\rtl\sp0557\slv_com\slv_ctrl_top.vhd":224:0:224:15|Found combinational loop during mapping at net ENC_inst.enc_func\.11\.enc_top_inst.encoder_inst.ctrl
6) instance s_ph_a_p.ctrl (in view: work.encoder_2bit_12_0(netlist)), output net ctrl (in view: work.encoder_2bit_12_0(netlist))
    net        ENC_inst.enc_func\.11\.enc_top_inst.encoder_inst.ctrl
    input  pin ENC_inst.enc_func\.11\.enc_top_inst.encoder_inst.s_ph_a_p.ctrl/A
    instance   ENC_inst.enc_func\.11\.enc_top_inst.encoder_inst.s_ph_a_p.ctrl (cell ORCALUT4)
    output pin ENC_inst.enc_func\.11\.enc_top_inst.encoder_inst.s_ph_a_p.ctrl/Z
    net        ENC_inst.enc_func\.11\.enc_top_inst.encoder_inst.ctrl
@W: BN137 :"c:\work\s127m\pcbno_10081\sp0557_rev02_00_ai\rtl\sp0557\slv_com\slv_ctrl_top.vhd":224:0:224:15|Found combinational loop during mapping at net ENC_inst.enc_func\.11\.enc_top_inst.encoder_inst.ctrl_1
7) instance s_ph_b.ctrl (in view: work.encoder_2bit_12_0(netlist)), output net ctrl_1 (in view: work.encoder_2bit_12_0(netlist))
    net        ENC_inst.enc_func\.11\.enc_top_inst.encoder_inst.ctrl_1
    input  pin ENC_inst.enc_func\.11\.enc_top_inst.encoder_inst.s_ph_b.ctrl/A
    instance   ENC_inst.enc_func\.11\.enc_top_inst.encoder_inst.s_ph_b.ctrl (cell ORCALUT4)
    output pin ENC_inst.enc_func\.11\.enc_top_inst.encoder_inst.s_ph_b.ctrl/Z
    net        ENC_inst.enc_func\.11\.enc_top_inst.encoder_inst.ctrl_1
@W: BN137 :"c:\work\s127m\pcbno_10081\sp0557_rev02_00_ai\rtl\sp0557\slv_com\slv_ctrl_top.vhd":224:0:224:15|Found combinational loop during mapping at net ENC_inst.enc_func\.11\.enc_top_inst.encoder_inst.ctrl_0
8) instance s_ph_b_p.ctrl (in view: work.encoder_2bit_12_0(netlist)), output net ctrl_0 (in view: work.encoder_2bit_12_0(netlist))
    net        ENC_inst.enc_func\.11\.enc_top_inst.encoder_inst.ctrl_0
    input  pin ENC_inst.enc_func\.11\.enc_top_inst.encoder_inst.s_ph_b_p.ctrl/A
    instance   ENC_inst.enc_func\.11\.enc_top_inst.encoder_inst.s_ph_b_p.ctrl (cell ORCALUT4)
    output pin ENC_inst.enc_func\.11\.enc_top_inst.encoder_inst.s_ph_b_p.ctrl/Z
    net        ENC_inst.enc_func\.11\.enc_top_inst.encoder_inst.ctrl_0
@W: BN137 :"c:\work\s127m\pcbno_10081\sp0557_rev02_00_ai\rtl\sp0557\slv_com\slv_ctrl_top.vhd":224:0:224:15|Found combinational loop during mapping at net ENC_inst.enc_func\.8\.enc_top_inst.encoder_inst.ctrl_2
9) instance s_ph_a.ctrl (in view: work.encoder_2bit_12_1(netlist)), output net ctrl_2 (in view: work.encoder_2bit_12_1(netlist))
    net        ENC_inst.enc_func\.8\.enc_top_inst.encoder_inst.ctrl_2
    input  pin ENC_inst.enc_func\.8\.enc_top_inst.encoder_inst.s_ph_a.ctrl/A
    instance   ENC_inst.enc_func\.8\.enc_top_inst.encoder_inst.s_ph_a.ctrl (cell ORCALUT4)
    output pin ENC_inst.enc_func\.8\.enc_top_inst.encoder_inst.s_ph_a.ctrl/Z
    net        ENC_inst.enc_func\.8\.enc_top_inst.encoder_inst.ctrl_2
@W: BN137 :"c:\work\s127m\pcbno_10081\sp0557_rev02_00_ai\rtl\sp0557\slv_com\slv_ctrl_top.vhd":224:0:224:15|Found combinational loop during mapping at net ENC_inst.enc_func\.8\.enc_top_inst.encoder_inst.ctrl
10) instance s_ph_a_p.ctrl (in view: work.encoder_2bit_12_1(netlist)), output net ctrl (in view: work.encoder_2bit_12_1(netlist))
    net        ENC_inst.enc_func\.8\.enc_top_inst.encoder_inst.ctrl
    input  pin ENC_inst.enc_func\.8\.enc_top_inst.encoder_inst.s_ph_a_p.ctrl/A
    instance   ENC_inst.enc_func\.8\.enc_top_inst.encoder_inst.s_ph_a_p.ctrl (cell ORCALUT4)
    output pin ENC_inst.enc_func\.8\.enc_top_inst.encoder_inst.s_ph_a_p.ctrl/Z
    net        ENC_inst.enc_func\.8\.enc_top_inst.encoder_inst.ctrl
@W: BN137 :"c:\work\s127m\pcbno_10081\sp0557_rev02_00_ai\rtl\sp0557\slv_com\slv_ctrl_top.vhd":224:0:224:15|Found combinational loop during mapping at net ENC_inst.enc_func\.8\.enc_top_inst.encoder_inst.ctrl_1
11) instance s_ph_b.ctrl (in view: work.encoder_2bit_12_1(netlist)), output net ctrl_1 (in view: work.encoder_2bit_12_1(netlist))
    net        ENC_inst.enc_func\.8\.enc_top_inst.encoder_inst.ctrl_1
    input  pin ENC_inst.enc_func\.8\.enc_top_inst.encoder_inst.s_ph_b.ctrl/A
    instance   ENC_inst.enc_func\.8\.enc_top_inst.encoder_inst.s_ph_b.ctrl (cell ORCALUT4)
    output pin ENC_inst.enc_func\.8\.enc_top_inst.encoder_inst.s_ph_b.ctrl/Z
    net        ENC_inst.enc_func\.8\.enc_top_inst.encoder_inst.ctrl_1
@W: BN137 :"c:\work\s127m\pcbno_10081\sp0557_rev02_00_ai\rtl\sp0557\slv_com\slv_ctrl_top.vhd":224:0:224:15|Found combinational loop during mapping at net ENC_inst.enc_func\.8\.enc_top_inst.encoder_inst.ctrl_0
12) instance s_ph_b_p.ctrl (in view: work.encoder_2bit_12_1(netlist)), output net ctrl_0 (in view: work.encoder_2bit_12_1(netlist))
    net        ENC_inst.enc_func\.8\.enc_top_inst.encoder_inst.ctrl_0
    input  pin ENC_inst.enc_func\.8\.enc_top_inst.encoder_inst.s_ph_b_p.ctrl/A
    instance   ENC_inst.enc_func\.8\.enc_top_inst.encoder_inst.s_ph_b_p.ctrl (cell ORCALUT4)
    output pin ENC_inst.enc_func\.8\.enc_top_inst.encoder_inst.s_ph_b_p.ctrl/Z
    net        ENC_inst.enc_func\.8\.enc_top_inst.encoder_inst.ctrl_0
@W: BN137 :"c:\work\s127m\pcbno_10081\sp0557_rev02_00_ai\rtl\sp0557\slv_com\slv_ctrl_top.vhd":224:0:224:15|Found combinational loop during mapping at net ENC_inst.enc_func\.5\.enc_top_inst.encoder_inst.ctrl_2
13) instance s_ph_a.ctrl (in view: work.encoder_2bit_12_2(netlist)), output net ctrl_2 (in view: work.encoder_2bit_12_2(netlist))
    net        ENC_inst.enc_func\.5\.enc_top_inst.encoder_inst.ctrl_2
    input  pin ENC_inst.enc_func\.5\.enc_top_inst.encoder_inst.s_ph_a.ctrl/A
    instance   ENC_inst.enc_func\.5\.enc_top_inst.encoder_inst.s_ph_a.ctrl (cell ORCALUT4)
    output pin ENC_inst.enc_func\.5\.enc_top_inst.encoder_inst.s_ph_a.ctrl/Z
    net        ENC_inst.enc_func\.5\.enc_top_inst.encoder_inst.ctrl_2
@W: BN137 :"c:\work\s127m\pcbno_10081\sp0557_rev02_00_ai\rtl\sp0557\slv_com\slv_ctrl_top.vhd":224:0:224:15|Found combinational loop during mapping at net ENC_inst.enc_func\.5\.enc_top_inst.encoder_inst.ctrl
14) instance s_ph_a_p.ctrl (in view: work.encoder_2bit_12_2(netlist)), output net ctrl (in view: work.encoder_2bit_12_2(netlist))
    net        ENC_inst.enc_func\.5\.enc_top_inst.encoder_inst.ctrl
    input  pin ENC_inst.enc_func\.5\.enc_top_inst.encoder_inst.s_ph_a_p.ctrl/A
    instance   ENC_inst.enc_func\.5\.enc_top_inst.encoder_inst.s_ph_a_p.ctrl (cell ORCALUT4)
    output pin ENC_inst.enc_func\.5\.enc_top_inst.encoder_inst.s_ph_a_p.ctrl/Z
    net        ENC_inst.enc_func\.5\.enc_top_inst.encoder_inst.ctrl
@W: BN137 :"c:\work\s127m\pcbno_10081\sp0557_rev02_00_ai\rtl\sp0557\slv_com\slv_ctrl_top.vhd":224:0:224:15|Found combinational loop during mapping at net ENC_inst.enc_func\.5\.enc_top_inst.encoder_inst.ctrl_1
15) instance s_ph_b.ctrl (in view: work.encoder_2bit_12_2(netlist)), output net ctrl_1 (in view: work.encoder_2bit_12_2(netlist))
    net        ENC_inst.enc_func\.5\.enc_top_inst.encoder_inst.ctrl_1
    input  pin ENC_inst.enc_func\.5\.enc_top_inst.encoder_inst.s_ph_b.ctrl/A
    instance   ENC_inst.enc_func\.5\.enc_top_inst.encoder_inst.s_ph_b.ctrl (cell ORCALUT4)
    output pin ENC_inst.enc_func\.5\.enc_top_inst.encoder_inst.s_ph_b.ctrl/Z
    net        ENC_inst.enc_func\.5\.enc_top_inst.encoder_inst.ctrl_1
@W: BN137 :"c:\work\s127m\pcbno_10081\sp0557_rev02_00_ai\rtl\sp0557\slv_com\slv_ctrl_top.vhd":224:0:224:15|Found combinational loop during mapping at net ENC_inst.enc_func\.5\.enc_top_inst.encoder_inst.ctrl_0
16) instance s_ph_b_p.ctrl (in view: work.encoder_2bit_12_2(netlist)), output net ctrl_0 (in view: work.encoder_2bit_12_2(netlist))
    net        ENC_inst.enc_func\.5\.enc_top_inst.encoder_inst.ctrl_0
    input  pin ENC_inst.enc_func\.5\.enc_top_inst.encoder_inst.s_ph_b_p.ctrl/A
    instance   ENC_inst.enc_func\.5\.enc_top_inst.encoder_inst.s_ph_b_p.ctrl (cell ORCALUT4)
    output pin ENC_inst.enc_func\.5\.enc_top_inst.encoder_inst.s_ph_b_p.ctrl/Z
    net        ENC_inst.enc_func\.5\.enc_top_inst.encoder_inst.ctrl_0
@W: BN137 :"c:\work\s127m\pcbno_10081\sp0557_rev02_00_ai\rtl\sp0557\slv_com\slv_ctrl_top.vhd":224:0:224:15|Found combinational loop during mapping at net ENC_inst.enc_func\.2\.enc_top_inst.encoder_inst.ctrl_2
17) instance s_ph_a.ctrl (in view: work.encoder_2bit_12_3(netlist)), output net ctrl_2 (in view: work.encoder_2bit_12_3(netlist))
    net        ENC_inst.enc_func\.2\.enc_top_inst.encoder_inst.ctrl_2
    input  pin ENC_inst.enc_func\.2\.enc_top_inst.encoder_inst.s_ph_a.ctrl/A
    instance   ENC_inst.enc_func\.2\.enc_top_inst.encoder_inst.s_ph_a.ctrl (cell ORCALUT4)
    output pin ENC_inst.enc_func\.2\.enc_top_inst.encoder_inst.s_ph_a.ctrl/Z
    net        ENC_inst.enc_func\.2\.enc_top_inst.encoder_inst.ctrl_2
@W: BN137 :"c:\work\s127m\pcbno_10081\sp0557_rev02_00_ai\rtl\sp0557\slv_com\slv_ctrl_top.vhd":224:0:224:15|Found combinational loop during mapping at net ENC_inst.enc_func\.2\.enc_top_inst.encoder_inst.ctrl
18) instance s_ph_a_p.ctrl (in view: work.encoder_2bit_12_3(netlist)), output net ctrl (in view: work.encoder_2bit_12_3(netlist))
    net        ENC_inst.enc_func\.2\.enc_top_inst.encoder_inst.ctrl
    input  pin ENC_inst.enc_func\.2\.enc_top_inst.encoder_inst.s_ph_a_p.ctrl/A
    instance   ENC_inst.enc_func\.2\.enc_top_inst.encoder_inst.s_ph_a_p.ctrl (cell ORCALUT4)
    output pin ENC_inst.enc_func\.2\.enc_top_inst.encoder_inst.s_ph_a_p.ctrl/Z
    net        ENC_inst.enc_func\.2\.enc_top_inst.encoder_inst.ctrl
@W: BN137 :"c:\work\s127m\pcbno_10081\sp0557_rev02_00_ai\rtl\sp0557\slv_com\slv_ctrl_top.vhd":224:0:224:15|Found combinational loop during mapping at net ENC_inst.enc_func\.2\.enc_top_inst.encoder_inst.ctrl_1
19) instance s_ph_b.ctrl (in view: work.encoder_2bit_12_3(netlist)), output net ctrl_1 (in view: work.encoder_2bit_12_3(netlist))
    net        ENC_inst.enc_func\.2\.enc_top_inst.encoder_inst.ctrl_1
    input  pin ENC_inst.enc_func\.2\.enc_top_inst.encoder_inst.s_ph_b.ctrl/A
    instance   ENC_inst.enc_func\.2\.enc_top_inst.encoder_inst.s_ph_b.ctrl (cell ORCALUT4)
    output pin ENC_inst.enc_func\.2\.enc_top_inst.encoder_inst.s_ph_b.ctrl/Z
    net        ENC_inst.enc_func\.2\.enc_top_inst.encoder_inst.ctrl_1
@W: BN137 :"c:\work\s127m\pcbno_10081\sp0557_rev02_00_ai\rtl\sp0557\slv_com\slv_ctrl_top.vhd":224:0:224:15|Found combinational loop during mapping at net ENC_inst.enc_func\.2\.enc_top_inst.encoder_inst.ctrl_0
20) instance s_ph_b_p.ctrl (in view: work.encoder_2bit_12_3(netlist)), output net ctrl_0 (in view: work.encoder_2bit_12_3(netlist))
    net        ENC_inst.enc_func\.2\.enc_top_inst.encoder_inst.ctrl_0
    input  pin ENC_inst.enc_func\.2\.enc_top_inst.encoder_inst.s_ph_b_p.ctrl/A
    instance   ENC_inst.enc_func\.2\.enc_top_inst.encoder_inst.s_ph_b_p.ctrl (cell ORCALUT4)
    output pin ENC_inst.enc_func\.2\.enc_top_inst.encoder_inst.s_ph_b_p.ctrl/Z
    net        ENC_inst.enc_func\.2\.enc_top_inst.encoder_inst.ctrl_0
@W: BN137 :"c:\work\s127m\pcbno_10081\sp0557_rev02_00_ai\rtl\sp0557\slv_com\slv_ctrl_top.vhd":224:0:224:15|Found combinational loop during mapping at net ENC_inst.enc_func\.12\.enc_top_inst.encoder_inst.ctrl_2
21) instance s_ph_a.ctrl (in view: work.encoder_2bit_12_4(netlist)), output net ctrl_2 (in view: work.encoder_2bit_12_4(netlist))
    net        ENC_inst.enc_func\.12\.enc_top_inst.encoder_inst.ctrl_2
    input  pin ENC_inst.enc_func\.12\.enc_top_inst.encoder_inst.s_ph_a.ctrl/A
    instance   ENC_inst.enc_func\.12\.enc_top_inst.encoder_inst.s_ph_a.ctrl (cell ORCALUT4)
    output pin ENC_inst.enc_func\.12\.enc_top_inst.encoder_inst.s_ph_a.ctrl/Z
    net        ENC_inst.enc_func\.12\.enc_top_inst.encoder_inst.ctrl_2
@W: BN137 :"c:\work\s127m\pcbno_10081\sp0557_rev02_00_ai\rtl\sp0557\slv_com\slv_ctrl_top.vhd":224:0:224:15|Found combinational loop during mapping at net ENC_inst.enc_func\.12\.enc_top_inst.encoder_inst.ctrl
22) instance s_ph_a_p.ctrl (in view: work.encoder_2bit_12_4(netlist)), output net ctrl (in view: work.encoder_2bit_12_4(netlist))
    net        ENC_inst.enc_func\.12\.enc_top_inst.encoder_inst.ctrl
    input  pin ENC_inst.enc_func\.12\.enc_top_inst.encoder_inst.s_ph_a_p.ctrl/A
    instance   ENC_inst.enc_func\.12\.enc_top_inst.encoder_inst.s_ph_a_p.ctrl (cell ORCALUT4)
    output pin ENC_inst.enc_func\.12\.enc_top_inst.encoder_inst.s_ph_a_p.ctrl/Z
    net        ENC_inst.enc_func\.12\.enc_top_inst.encoder_inst.ctrl
@W: BN137 :"c:\work\s127m\pcbno_10081\sp0557_rev02_00_ai\rtl\sp0557\slv_com\slv_ctrl_top.vhd":224:0:224:15|Found combinational loop during mapping at net ENC_inst.enc_func\.12\.enc_top_inst.encoder_inst.ctrl_1
23) instance s_ph_b.ctrl (in view: work.encoder_2bit_12_4(netlist)), output net ctrl_1 (in view: work.encoder_2bit_12_4(netlist))
    net        ENC_inst.enc_func\.12\.enc_top_inst.encoder_inst.ctrl_1
    input  pin ENC_inst.enc_func\.12\.enc_top_inst.encoder_inst.s_ph_b.ctrl/A
    instance   ENC_inst.enc_func\.12\.enc_top_inst.encoder_inst.s_ph_b.ctrl (cell ORCALUT4)
    output pin ENC_inst.enc_func\.12\.enc_top_inst.encoder_inst.s_ph_b.ctrl/Z
    net        ENC_inst.enc_func\.12\.enc_top_inst.encoder_inst.ctrl_1
@W: BN137 :"c:\work\s127m\pcbno_10081\sp0557_rev02_00_ai\rtl\sp0557\slv_com\slv_ctrl_top.vhd":224:0:224:15|Found combinational loop during mapping at net ENC_inst.enc_func\.12\.enc_top_inst.encoder_inst.ctrl_0
24) instance s_ph_b_p.ctrl (in view: work.encoder_2bit_12_4(netlist)), output net ctrl_0 (in view: work.encoder_2bit_12_4(netlist))
    net        ENC_inst.enc_func\.12\.enc_top_inst.encoder_inst.ctrl_0
    input  pin ENC_inst.enc_func\.12\.enc_top_inst.encoder_inst.s_ph_b_p.ctrl/A
    instance   ENC_inst.enc_func\.12\.enc_top_inst.encoder_inst.s_ph_b_p.ctrl (cell ORCALUT4)
    output pin ENC_inst.enc_func\.12\.enc_top_inst.encoder_inst.s_ph_b_p.ctrl/Z
    net        ENC_inst.enc_func\.12\.enc_top_inst.encoder_inst.ctrl_0
@W: BN137 :"c:\work\s127m\pcbno_10081\sp0557_rev02_00_ai\rtl\sp0557\slv_com\slv_ctrl_top.vhd":224:0:224:15|Found combinational loop during mapping at net ENC_inst.enc_func\.9\.enc_top_inst.encoder_inst.ctrl_2
25) instance s_ph_a.ctrl (in view: work.encoder_2bit_12_5(netlist)), output net ctrl_2 (in view: work.encoder_2bit_12_5(netlist))
    net        ENC_inst.enc_func\.9\.enc_top_inst.encoder_inst.ctrl_2
    input  pin ENC_inst.enc_func\.9\.enc_top_inst.encoder_inst.s_ph_a.ctrl/A
    instance   ENC_inst.enc_func\.9\.enc_top_inst.encoder_inst.s_ph_a.ctrl (cell ORCALUT4)
    output pin ENC_inst.enc_func\.9\.enc_top_inst.encoder_inst.s_ph_a.ctrl/Z
    net        ENC_inst.enc_func\.9\.enc_top_inst.encoder_inst.ctrl_2
@W: BN137 :"c:\work\s127m\pcbno_10081\sp0557_rev02_00_ai\rtl\sp0557\slv_com\slv_ctrl_top.vhd":224:0:224:15|Found combinational loop during mapping at net ENC_inst.enc_func\.9\.enc_top_inst.encoder_inst.ctrl
26) instance s_ph_a_p.ctrl (in view: work.encoder_2bit_12_5(netlist)), output net ctrl (in view: work.encoder_2bit_12_5(netlist))
    net        ENC_inst.enc_func\.9\.enc_top_inst.encoder_inst.ctrl
    input  pin ENC_inst.enc_func\.9\.enc_top_inst.encoder_inst.s_ph_a_p.ctrl/A
    instance   ENC_inst.enc_func\.9\.enc_top_inst.encoder_inst.s_ph_a_p.ctrl (cell ORCALUT4)
    output pin ENC_inst.enc_func\.9\.enc_top_inst.encoder_inst.s_ph_a_p.ctrl/Z
    net        ENC_inst.enc_func\.9\.enc_top_inst.encoder_inst.ctrl
@W: BN137 :"c:\work\s127m\pcbno_10081\sp0557_rev02_00_ai\rtl\sp0557\slv_com\slv_ctrl_top.vhd":224:0:224:15|Found combinational loop during mapping at net ENC_inst.enc_func\.9\.enc_top_inst.encoder_inst.ctrl_1
27) instance s_ph_b.ctrl (in view: work.encoder_2bit_12_5(netlist)), output net ctrl_1 (in view: work.encoder_2bit_12_5(netlist))
    net        ENC_inst.enc_func\.9\.enc_top_inst.encoder_inst.ctrl_1
    input  pin ENC_inst.enc_func\.9\.enc_top_inst.encoder_inst.s_ph_b.ctrl/A
    instance   ENC_inst.enc_func\.9\.enc_top_inst.encoder_inst.s_ph_b.ctrl (cell ORCALUT4)
    output pin ENC_inst.enc_func\.9\.enc_top_inst.encoder_inst.s_ph_b.ctrl/Z
    net        ENC_inst.enc_func\.9\.enc_top_inst.encoder_inst.ctrl_1
@W: BN137 :"c:\work\s127m\pcbno_10081\sp0557_rev02_00_ai\rtl\sp0557\slv_com\slv_ctrl_top.vhd":224:0:224:15|Found combinational loop during mapping at net ENC_inst.enc_func\.9\.enc_top_inst.encoder_inst.ctrl_0
28) instance s_ph_b_p.ctrl (in view: work.encoder_2bit_12_5(netlist)), output net ctrl_0 (in view: work.encoder_2bit_12_5(netlist))
    net        ENC_inst.enc_func\.9\.enc_top_inst.encoder_inst.ctrl_0
    input  pin ENC_inst.enc_func\.9\.enc_top_inst.encoder_inst.s_ph_b_p.ctrl/A
    instance   ENC_inst.enc_func\.9\.enc_top_inst.encoder_inst.s_ph_b_p.ctrl (cell ORCALUT4)
    output pin ENC_inst.enc_func\.9\.enc_top_inst.encoder_inst.s_ph_b_p.ctrl/Z
    net        ENC_inst.enc_func\.9\.enc_top_inst.encoder_inst.ctrl_0
@W: BN137 :"c:\work\s127m\pcbno_10081\sp0557_rev02_00_ai\rtl\sp0557\slv_com\slv_ctrl_top.vhd":224:0:224:15|Found combinational loop during mapping at net ENC_inst.enc_func\.6\.enc_top_inst.encoder_inst.ctrl_2
29) instance s_ph_a.ctrl (in view: work.encoder_2bit_12_6(netlist)), output net ctrl_2 (in view: work.encoder_2bit_12_6(netlist))
    net        ENC_inst.enc_func\.6\.enc_top_inst.encoder_inst.ctrl_2
    input  pin ENC_inst.enc_func\.6\.enc_top_inst.encoder_inst.s_ph_a.ctrl/A
    instance   ENC_inst.enc_func\.6\.enc_top_inst.encoder_inst.s_ph_a.ctrl (cell ORCALUT4)
    output pin ENC_inst.enc_func\.6\.enc_top_inst.encoder_inst.s_ph_a.ctrl/Z
    net        ENC_inst.enc_func\.6\.enc_top_inst.encoder_inst.ctrl_2
@W: BN137 :"c:\work\s127m\pcbno_10081\sp0557_rev02_00_ai\rtl\sp0557\slv_com\slv_ctrl_top.vhd":224:0:224:15|Found combinational loop during mapping at net ENC_inst.enc_func\.6\.enc_top_inst.encoder_inst.ctrl
30) instance s_ph_a_p.ctrl (in view: work.encoder_2bit_12_6(netlist)), output net ctrl (in view: work.encoder_2bit_12_6(netlist))
    net        ENC_inst.enc_func\.6\.enc_top_inst.encoder_inst.ctrl
    input  pin ENC_inst.enc_func\.6\.enc_top_inst.encoder_inst.s_ph_a_p.ctrl/A
    instance   ENC_inst.enc_func\.6\.enc_top_inst.encoder_inst.s_ph_a_p.ctrl (cell ORCALUT4)
    output pin ENC_inst.enc_func\.6\.enc_top_inst.encoder_inst.s_ph_a_p.ctrl/Z
    net        ENC_inst.enc_func\.6\.enc_top_inst.encoder_inst.ctrl
@W: BN137 :"c:\work\s127m\pcbno_10081\sp0557_rev02_00_ai\rtl\sp0557\slv_com\slv_ctrl_top.vhd":224:0:224:15|Found combinational loop during mapping at net ENC_inst.enc_func\.6\.enc_top_inst.encoder_inst.ctrl_1
31) instance s_ph_b.ctrl (in view: work.encoder_2bit_12_6(netlist)), output net ctrl_1 (in view: work.encoder_2bit_12_6(netlist))
    net        ENC_inst.enc_func\.6\.enc_top_inst.encoder_inst.ctrl_1
    input  pin ENC_inst.enc_func\.6\.enc_top_inst.encoder_inst.s_ph_b.ctrl/A
    instance   ENC_inst.enc_func\.6\.enc_top_inst.encoder_inst.s_ph_b.ctrl (cell ORCALUT4)
    output pin ENC_inst.enc_func\.6\.enc_top_inst.encoder_inst.s_ph_b.ctrl/Z
    net        ENC_inst.enc_func\.6\.enc_top_inst.encoder_inst.ctrl_1
@W: BN137 :"c:\work\s127m\pcbno_10081\sp0557_rev02_00_ai\rtl\sp0557\slv_com\slv_ctrl_top.vhd":224:0:224:15|Found combinational loop during mapping at net ENC_inst.enc_func\.6\.enc_top_inst.encoder_inst.ctrl_0
32) instance s_ph_b_p.ctrl (in view: work.encoder_2bit_12_6(netlist)), output net ctrl_0 (in view: work.encoder_2bit_12_6(netlist))
    net        ENC_inst.enc_func\.6\.enc_top_inst.encoder_inst.ctrl_0
    input  pin ENC_inst.enc_func\.6\.enc_top_inst.encoder_inst.s_ph_b_p.ctrl/A
    instance   ENC_inst.enc_func\.6\.enc_top_inst.encoder_inst.s_ph_b_p.ctrl (cell ORCALUT4)
    output pin ENC_inst.enc_func\.6\.enc_top_inst.encoder_inst.s_ph_b_p.ctrl/Z
    net        ENC_inst.enc_func\.6\.enc_top_inst.encoder_inst.ctrl_0
@W: BN137 :"c:\work\s127m\pcbno_10081\sp0557_rev02_00_ai\rtl\sp0557\slv_com\slv_ctrl_top.vhd":224:0:224:15|Found combinational loop during mapping at net ENC_inst.enc_func\.3\.enc_top_inst.encoder_inst.ctrl_2
33) instance s_ph_a.ctrl (in view: work.encoder_2bit_12_7(netlist)), output net ctrl_2 (in view: work.encoder_2bit_12_7(netlist))
    net        ENC_inst.enc_func\.3\.enc_top_inst.encoder_inst.ctrl_2
    input  pin ENC_inst.enc_func\.3\.enc_top_inst.encoder_inst.s_ph_a.ctrl/A
    instance   ENC_inst.enc_func\.3\.enc_top_inst.encoder_inst.s_ph_a.ctrl (cell ORCALUT4)
    output pin ENC_inst.enc_func\.3\.enc_top_inst.encoder_inst.s_ph_a.ctrl/Z
    net        ENC_inst.enc_func\.3\.enc_top_inst.encoder_inst.ctrl_2
@W: BN137 :"c:\work\s127m\pcbno_10081\sp0557_rev02_00_ai\rtl\sp0557\slv_com\slv_ctrl_top.vhd":224:0:224:15|Found combinational loop during mapping at net ENC_inst.enc_func\.3\.enc_top_inst.encoder_inst.ctrl
34) instance s_ph_a_p.ctrl (in view: work.encoder_2bit_12_7(netlist)), output net ctrl (in view: work.encoder_2bit_12_7(netlist))
    net        ENC_inst.enc_func\.3\.enc_top_inst.encoder_inst.ctrl
    input  pin ENC_inst.enc_func\.3\.enc_top_inst.encoder_inst.s_ph_a_p.ctrl/A
    instance   ENC_inst.enc_func\.3\.enc_top_inst.encoder_inst.s_ph_a_p.ctrl (cell ORCALUT4)
    output pin ENC_inst.enc_func\.3\.enc_top_inst.encoder_inst.s_ph_a_p.ctrl/Z
    net        ENC_inst.enc_func\.3\.enc_top_inst.encoder_inst.ctrl
@W: BN137 :"c:\work\s127m\pcbno_10081\sp0557_rev02_00_ai\rtl\sp0557\slv_com\slv_ctrl_top.vhd":224:0:224:15|Found combinational loop during mapping at net ENC_inst.enc_func\.3\.enc_top_inst.encoder_inst.ctrl_1
35) instance s_ph_b.ctrl (in view: work.encoder_2bit_12_7(netlist)), output net ctrl_1 (in view: work.encoder_2bit_12_7(netlist))
    net        ENC_inst.enc_func\.3\.enc_top_inst.encoder_inst.ctrl_1
    input  pin ENC_inst.enc_func\.3\.enc_top_inst.encoder_inst.s_ph_b.ctrl/A
    instance   ENC_inst.enc_func\.3\.enc_top_inst.encoder_inst.s_ph_b.ctrl (cell ORCALUT4)
    output pin ENC_inst.enc_func\.3\.enc_top_inst.encoder_inst.s_ph_b.ctrl/Z
    net        ENC_inst.enc_func\.3\.enc_top_inst.encoder_inst.ctrl_1
@W: BN137 :"c:\work\s127m\pcbno_10081\sp0557_rev02_00_ai\rtl\sp0557\slv_com\slv_ctrl_top.vhd":224:0:224:15|Found combinational loop during mapping at net ENC_inst.enc_func\.3\.enc_top_inst.encoder_inst.ctrl_0
36) instance s_ph_b_p.ctrl (in view: work.encoder_2bit_12_7(netlist)), output net ctrl_0 (in view: work.encoder_2bit_12_7(netlist))
    net        ENC_inst.enc_func\.3\.enc_top_inst.encoder_inst.ctrl_0
    input  pin ENC_inst.enc_func\.3\.enc_top_inst.encoder_inst.s_ph_b_p.ctrl/A
    instance   ENC_inst.enc_func\.3\.enc_top_inst.encoder_inst.s_ph_b_p.ctrl (cell ORCALUT4)
    output pin ENC_inst.enc_func\.3\.enc_top_inst.encoder_inst.s_ph_b_p.ctrl/Z
    net        ENC_inst.enc_func\.3\.enc_top_inst.encoder_inst.ctrl_0
@W: BN137 :"c:\work\s127m\pcbno_10081\sp0557_rev02_00_ai\rtl\sp0557\slv_com\slv_ctrl_top.vhd":224:0:224:15|Found combinational loop during mapping at net ENC_inst.enc_func\.13\.enc_top_inst.encoder_inst.ctrl_2
37) instance s_ph_a.ctrl (in view: work.encoder_2bit_12_8(netlist)), output net ctrl_2 (in view: work.encoder_2bit_12_8(netlist))
    net        ENC_inst.enc_func\.13\.enc_top_inst.encoder_inst.ctrl_2
    input  pin ENC_inst.enc_func\.13\.enc_top_inst.encoder_inst.s_ph_a.ctrl/A
    instance   ENC_inst.enc_func\.13\.enc_top_inst.encoder_inst.s_ph_a.ctrl (cell ORCALUT4)
    output pin ENC_inst.enc_func\.13\.enc_top_inst.encoder_inst.s_ph_a.ctrl/Z
    net        ENC_inst.enc_func\.13\.enc_top_inst.encoder_inst.ctrl_2
@W: BN137 :"c:\work\s127m\pcbno_10081\sp0557_rev02_00_ai\rtl\sp0557\slv_com\slv_ctrl_top.vhd":224:0:224:15|Found combinational loop during mapping at net ENC_inst.enc_func\.13\.enc_top_inst.encoder_inst.ctrl
38) instance s_ph_a_p.ctrl (in view: work.encoder_2bit_12_8(netlist)), output net ctrl (in view: work.encoder_2bit_12_8(netlist))
    net        ENC_inst.enc_func\.13\.enc_top_inst.encoder_inst.ctrl
    input  pin ENC_inst.enc_func\.13\.enc_top_inst.encoder_inst.s_ph_a_p.ctrl/A
    instance   ENC_inst.enc_func\.13\.enc_top_inst.encoder_inst.s_ph_a_p.ctrl (cell ORCALUT4)
    output pin ENC_inst.enc_func\.13\.enc_top_inst.encoder_inst.s_ph_a_p.ctrl/Z
    net        ENC_inst.enc_func\.13\.enc_top_inst.encoder_inst.ctrl
@W: BN137 :"c:\work\s127m\pcbno_10081\sp0557_rev02_00_ai\rtl\sp0557\slv_com\slv_ctrl_top.vhd":224:0:224:15|Found combinational loop during mapping at net ENC_inst.enc_func\.13\.enc_top_inst.encoder_inst.ctrl_1
39) instance s_ph_b.ctrl (in view: work.encoder_2bit_12_8(netlist)), output net ctrl_1 (in view: work.encoder_2bit_12_8(netlist))
    net        ENC_inst.enc_func\.13\.enc_top_inst.encoder_inst.ctrl_1
    input  pin ENC_inst.enc_func\.13\.enc_top_inst.encoder_inst.s_ph_b.ctrl/A
    instance   ENC_inst.enc_func\.13\.enc_top_inst.encoder_inst.s_ph_b.ctrl (cell ORCALUT4)
    output pin ENC_inst.enc_func\.13\.enc_top_inst.encoder_inst.s_ph_b.ctrl/Z
    net        ENC_inst.enc_func\.13\.enc_top_inst.encoder_inst.ctrl_1
@W: BN137 :"c:\work\s127m\pcbno_10081\sp0557_rev02_00_ai\rtl\sp0557\slv_com\slv_ctrl_top.vhd":224:0:224:15|Found combinational loop during mapping at net ENC_inst.enc_func\.13\.enc_top_inst.encoder_inst.ctrl_0
40) instance s_ph_b_p.ctrl (in view: work.encoder_2bit_12_8(netlist)), output net ctrl_0 (in view: work.encoder_2bit_12_8(netlist))
    net        ENC_inst.enc_func\.13\.enc_top_inst.encoder_inst.ctrl_0
    input  pin ENC_inst.enc_func\.13\.enc_top_inst.encoder_inst.s_ph_b_p.ctrl/A
    instance   ENC_inst.enc_func\.13\.enc_top_inst.encoder_inst.s_ph_b_p.ctrl (cell ORCALUT4)
    output pin ENC_inst.enc_func\.13\.enc_top_inst.encoder_inst.s_ph_b_p.ctrl/Z
    net        ENC_inst.enc_func\.13\.enc_top_inst.encoder_inst.ctrl_0
@W: BN137 :"c:\work\s127m\pcbno_10081\sp0557_rev02_00_ai\rtl\sp0557\slv_com\slv_ctrl_top.vhd":224:0:224:15|Found combinational loop during mapping at net ENC_inst.enc_func\.10\.enc_top_inst.encoder_inst.ctrl_2
41) instance s_ph_a.ctrl (in view: work.encoder_2bit_12_9(netlist)), output net ctrl_2 (in view: work.encoder_2bit_12_9(netlist))
    net        ENC_inst.enc_func\.10\.enc_top_inst.encoder_inst.ctrl_2
    input  pin ENC_inst.enc_func\.10\.enc_top_inst.encoder_inst.s_ph_a.ctrl/A
    instance   ENC_inst.enc_func\.10\.enc_top_inst.encoder_inst.s_ph_a.ctrl (cell ORCALUT4)
    output pin ENC_inst.enc_func\.10\.enc_top_inst.encoder_inst.s_ph_a.ctrl/Z
    net        ENC_inst.enc_func\.10\.enc_top_inst.encoder_inst.ctrl_2
@W: BN137 :"c:\work\s127m\pcbno_10081\sp0557_rev02_00_ai\rtl\sp0557\slv_com\slv_ctrl_top.vhd":224:0:224:15|Found combinational loop during mapping at net ENC_inst.enc_func\.10\.enc_top_inst.encoder_inst.ctrl
42) instance s_ph_a_p.ctrl (in view: work.encoder_2bit_12_9(netlist)), output net ctrl (in view: work.encoder_2bit_12_9(netlist))
    net        ENC_inst.enc_func\.10\.enc_top_inst.encoder_inst.ctrl
    input  pin ENC_inst.enc_func\.10\.enc_top_inst.encoder_inst.s_ph_a_p.ctrl/A
    instance   ENC_inst.enc_func\.10\.enc_top_inst.encoder_inst.s_ph_a_p.ctrl (cell ORCALUT4)
    output pin ENC_inst.enc_func\.10\.enc_top_inst.encoder_inst.s_ph_a_p.ctrl/Z
    net        ENC_inst.enc_func\.10\.enc_top_inst.encoder_inst.ctrl
@W: BN137 :"c:\work\s127m\pcbno_10081\sp0557_rev02_00_ai\rtl\sp0557\slv_com\slv_ctrl_top.vhd":224:0:224:15|Found combinational loop during mapping at net ENC_inst.enc_func\.10\.enc_top_inst.encoder_inst.ctrl_1
43) instance s_ph_b.ctrl (in view: work.encoder_2bit_12_9(netlist)), output net ctrl_1 (in view: work.encoder_2bit_12_9(netlist))
    net        ENC_inst.enc_func\.10\.enc_top_inst.encoder_inst.ctrl_1
    input  pin ENC_inst.enc_func\.10\.enc_top_inst.encoder_inst.s_ph_b.ctrl/A
    instance   ENC_inst.enc_func\.10\.enc_top_inst.encoder_inst.s_ph_b.ctrl (cell ORCALUT4)
    output pin ENC_inst.enc_func\.10\.enc_top_inst.encoder_inst.s_ph_b.ctrl/Z
    net        ENC_inst.enc_func\.10\.enc_top_inst.encoder_inst.ctrl_1
@W: BN137 :"c:\work\s127m\pcbno_10081\sp0557_rev02_00_ai\rtl\sp0557\slv_com\slv_ctrl_top.vhd":224:0:224:15|Found combinational loop during mapping at net ENC_inst.enc_func\.10\.enc_top_inst.encoder_inst.ctrl_0
44) instance s_ph_b_p.ctrl (in view: work.encoder_2bit_12_9(netlist)), output net ctrl_0 (in view: work.encoder_2bit_12_9(netlist))
    net        ENC_inst.enc_func\.10\.enc_top_inst.encoder_inst.ctrl_0
    input  pin ENC_inst.enc_func\.10\.enc_top_inst.encoder_inst.s_ph_b_p.ctrl/A
    instance   ENC_inst.enc_func\.10\.enc_top_inst.encoder_inst.s_ph_b_p.ctrl (cell ORCALUT4)
    output pin ENC_inst.enc_func\.10\.enc_top_inst.encoder_inst.s_ph_b_p.ctrl/Z
    net        ENC_inst.enc_func\.10\.enc_top_inst.encoder_inst.ctrl_0
@W: BN137 :"c:\work\s127m\pcbno_10081\sp0557_rev02_00_ai\rtl\sp0557\slv_com\slv_ctrl_top.vhd":224:0:224:15|Found combinational loop during mapping at net ENC_inst.enc_func\.7\.enc_top_inst.encoder_inst.ctrl_2
45) instance s_ph_a.ctrl (in view: work.encoder_2bit_12_10(netlist)), output net ctrl_2 (in view: work.encoder_2bit_12_10(netlist))
    net        ENC_inst.enc_func\.7\.enc_top_inst.encoder_inst.ctrl_2
    input  pin ENC_inst.enc_func\.7\.enc_top_inst.encoder_inst.s_ph_a.ctrl/A
    instance   ENC_inst.enc_func\.7\.enc_top_inst.encoder_inst.s_ph_a.ctrl (cell ORCALUT4)
    output pin ENC_inst.enc_func\.7\.enc_top_inst.encoder_inst.s_ph_a.ctrl/Z
    net        ENC_inst.enc_func\.7\.enc_top_inst.encoder_inst.ctrl_2
@W: BN137 :"c:\work\s127m\pcbno_10081\sp0557_rev02_00_ai\rtl\sp0557\slv_com\slv_ctrl_top.vhd":224:0:224:15|Found combinational loop during mapping at net ENC_inst.enc_func\.7\.enc_top_inst.encoder_inst.ctrl
46) instance s_ph_a_p.ctrl (in view: work.encoder_2bit_12_10(netlist)), output net ctrl (in view: work.encoder_2bit_12_10(netlist))
    net        ENC_inst.enc_func\.7\.enc_top_inst.encoder_inst.ctrl
    input  pin ENC_inst.enc_func\.7\.enc_top_inst.encoder_inst.s_ph_a_p.ctrl/A
    instance   ENC_inst.enc_func\.7\.enc_top_inst.encoder_inst.s_ph_a_p.ctrl (cell ORCALUT4)
    output pin ENC_inst.enc_func\.7\.enc_top_inst.encoder_inst.s_ph_a_p.ctrl/Z
    net        ENC_inst.enc_func\.7\.enc_top_inst.encoder_inst.ctrl
@W: BN137 :"c:\work\s127m\pcbno_10081\sp0557_rev02_00_ai\rtl\sp0557\slv_com\slv_ctrl_top.vhd":224:0:224:15|Found combinational loop during mapping at net ENC_inst.enc_func\.7\.enc_top_inst.encoder_inst.ctrl_1
47) instance s_ph_b.ctrl (in view: work.encoder_2bit_12_10(netlist)), output net ctrl_1 (in view: work.encoder_2bit_12_10(netlist))
    net        ENC_inst.enc_func\.7\.enc_top_inst.encoder_inst.ctrl_1
    input  pin ENC_inst.enc_func\.7\.enc_top_inst.encoder_inst.s_ph_b.ctrl/A
    instance   ENC_inst.enc_func\.7\.enc_top_inst.encoder_inst.s_ph_b.ctrl (cell ORCALUT4)
    output pin ENC_inst.enc_func\.7\.enc_top_inst.encoder_inst.s_ph_b.ctrl/Z
    net        ENC_inst.enc_func\.7\.enc_top_inst.encoder_inst.ctrl_1
@W: BN137 :"c:\work\s127m\pcbno_10081\sp0557_rev02_00_ai\rtl\sp0557\slv_com\slv_ctrl_top.vhd":224:0:224:15|Found combinational loop during mapping at net ENC_inst.enc_func\.7\.enc_top_inst.encoder_inst.ctrl_0
48) instance s_ph_b_p.ctrl (in view: work.encoder_2bit_12_10(netlist)), output net ctrl_0 (in view: work.encoder_2bit_12_10(netlist))
    net        ENC_inst.enc_func\.7\.enc_top_inst.encoder_inst.ctrl_0
    input  pin ENC_inst.enc_func\.7\.enc_top_inst.encoder_inst.s_ph_b_p.ctrl/A
    instance   ENC_inst.enc_func\.7\.enc_top_inst.encoder_inst.s_ph_b_p.ctrl (cell ORCALUT4)
    output pin ENC_inst.enc_func\.7\.enc_top_inst.encoder_inst.s_ph_b_p.ctrl/Z
    net        ENC_inst.enc_func\.7\.enc_top_inst.encoder_inst.ctrl_0

Only the first 100 messages of id 'BN137' are reported. To see all messages use 'report_messages -log C:\work\S127M\PCBNo_10081\SP0557_rev02_00_AI\SP0557\synlog\SP0557_SP0557_fpga_mapper.srr -id BN137' in the Tcl shell. To see all messages in future runs, use the command 'message_override -limit {BN137} -count unlimited' in the Tcl shell.
49) instance s_ph_a.ctrl (in view: work.encoder_2bit_12_11(netlist)), output net ctrl_2 (in view: work.encoder_2bit_12_11(netlist))
    net        ENC_inst.enc_func\.4\.enc_top_inst.encoder_inst.ctrl_2
    input  pin ENC_inst.enc_func\.4\.enc_top_inst.encoder_inst.s_ph_a.ctrl/A
    instance   ENC_inst.enc_func\.4\.enc_top_inst.encoder_inst.s_ph_a.ctrl (cell ORCALUT4)
    output pin ENC_inst.enc_func\.4\.enc_top_inst.encoder_inst.s_ph_a.ctrl/Z
    net        ENC_inst.enc_func\.4\.enc_top_inst.encoder_inst.ctrl_2
50) instance s_ph_a_p.ctrl (in view: work.encoder_2bit_12_11(netlist)), output net ctrl (in view: work.encoder_2bit_12_11(netlist))
    net        ENC_inst.enc_func\.4\.enc_top_inst.encoder_inst.ctrl
    input  pin ENC_inst.enc_func\.4\.enc_top_inst.encoder_inst.s_ph_a_p.ctrl/A
    instance   ENC_inst.enc_func\.4\.enc_top_inst.encoder_inst.s_ph_a_p.ctrl (cell ORCALUT4)
    output pin ENC_inst.enc_func\.4\.enc_top_inst.encoder_inst.s_ph_a_p.ctrl/Z
    net        ENC_inst.enc_func\.4\.enc_top_inst.encoder_inst.ctrl
51) instance s_ph_b.ctrl (in view: work.encoder_2bit_12_11(netlist)), output net ctrl_1 (in view: work.encoder_2bit_12_11(netlist))
    net        ENC_inst.enc_func\.4\.enc_top_inst.encoder_inst.ctrl_1
    input  pin ENC_inst.enc_func\.4\.enc_top_inst.encoder_inst.s_ph_b.ctrl/A
    instance   ENC_inst.enc_func\.4\.enc_top_inst.encoder_inst.s_ph_b.ctrl (cell ORCALUT4)
    output pin ENC_inst.enc_func\.4\.enc_top_inst.encoder_inst.s_ph_b.ctrl/Z
    net        ENC_inst.enc_func\.4\.enc_top_inst.encoder_inst.ctrl_1
52) instance s_ph_b_p.ctrl (in view: work.encoder_2bit_12_11(netlist)), output net ctrl_0 (in view: work.encoder_2bit_12_11(netlist))
    net        ENC_inst.enc_func\.4\.enc_top_inst.encoder_inst.ctrl_0
    input  pin ENC_inst.enc_func\.4\.enc_top_inst.encoder_inst.s_ph_b_p.ctrl/A
    instance   ENC_inst.enc_func\.4\.enc_top_inst.encoder_inst.s_ph_b_p.ctrl (cell ORCALUT4)
    output pin ENC_inst.enc_func\.4\.enc_top_inst.encoder_inst.s_ph_b_p.ctrl/Z
    net        ENC_inst.enc_func\.4\.enc_top_inst.encoder_inst.ctrl_0
End of loops
@W: MT246 :"c:\work\s127m\pcbno_10081\sp0557_rev02_00_ai\rtl\ipcore\pll_gen\pll_gen.vhd":60:4:60:12|Blackbox EHXPLLL is missing a user supplied timing model. This may have a negative effect on timing analysis and optimizations (Quality of Results)
@W: MT420 |Found inferred clock pll_gen|CLKOS2_inferred_clock with period 5.00ns. Please declare a user-defined clock on net slv_com_top_inst.clk_gen_inst2.PLL_inst.s_PLL_CLK20M.
@W: MT420 |Found inferred clock SP0557|CLK20M with period 5.00ns. Please declare a user-defined clock on port CLK20M.
@W: MT420 |Found inferred clock pll_gen|CLKOS_inferred_clock with period 5.00ns. Please declare a user-defined clock on net slv_com_top_inst.clk_gen_inst2.PLL_inst.CLK2A.
@W: MT420 |Found inferred clock pll_gen|CLKOP_inferred_clock with period 5.00ns. Please declare a user-defined clock on net slv_com_top_inst.clk_gen_inst2.PLL_inst.CLKCOM_OUT.
@W: MT420 |Found inferred clock pll_gen|CLKOS3_inferred_clock with period 5.00ns. Please declare a user-defined clock on net slv_com_top_inst.clk_gen_inst2.PLL_inst.CLK1.


##### START OF TIMING REPORT #####[
# Timing report written on Tue Feb 24 10:33:38 2026
#


Top view:               SP0557
Requested Frequency:    200.0 MHz
Wire load mode:         top
Paths requested:        5
Constraint File(s):    
@N: MT320 |This timing report is an estimate of place and route data. For final timing results, use the FPGA vendor place and route report.

@N: MT322 |Clock constraints include only register-to-register paths associated with each individual clock.



Performance Summary
*******************


Worst slack in design: -5.533

                                  Requested     Estimated     Requested     Estimated                Clock        Clock          
Starting Clock                    Frequency     Frequency     Period        Period        Slack      Type         Group          
---------------------------------------------------------------------------------------------------------------------------------
SP0557|CLK20M                     200.0 MHz     324.9 MHz     5.000         3.078         1.923      inferred     (multiple)     
pll_gen|CLKOP_inferred_clock      200.0 MHz     243.3 MHz     5.000         4.109         0.890      inferred     (multiple)     
pll_gen|CLKOS2_inferred_clock     200.0 MHz     110.4 MHz     5.000         9.054         -4.054     inferred     (multiple)     
pll_gen|CLKOS3_inferred_clock     200.0 MHz     94.9 MHz      5.000         10.533        -5.533     inferred     (multiple)     
pll_gen|CLKOS_inferred_clock      200.0 MHz     324.9 MHz     5.000         3.078         1.923      inferred     (multiple)     
System                            200.0 MHz     510.9 MHz     5.000         1.958         3.042      system       system_clkgroup
=================================================================================================================================





Clock Relationships
*******************

Clocks                                                        |    rise  to  rise    |    fall  to  fall   |    rise  to  fall    |    fall  to  rise  
-------------------------------------------------------------------------------------------------------------------------------------------------------
Starting                       Ending                         |  constraint  slack   |  constraint  slack  |  constraint  slack   |  constraint  slack 
-------------------------------------------------------------------------------------------------------------------------------------------------------
System                         pll_gen|CLKOS2_inferred_clock  |  5.000       3.042   |  No paths    -      |  No paths    -       |  No paths    -     
System                         pll_gen|CLKOP_inferred_clock   |  5.000       3.105   |  No paths    -      |  No paths    -       |  No paths    -     
System                         pll_gen|CLKOS3_inferred_clock  |  5.000       3.105   |  No paths    -      |  No paths    -       |  No paths    -     
pll_gen|CLKOS2_inferred_clock  pll_gen|CLKOS2_inferred_clock  |  5.000       -4.054  |  No paths    -      |  No paths    -       |  No paths    -     
pll_gen|CLKOS2_inferred_clock  pll_gen|CLKOS3_inferred_clock  |  Diff grp    -       |  No paths    -      |  No paths    -       |  No paths    -     
SP0557|CLK20M                  System                         |  5.000       2.791   |  No paths    -      |  No paths    -       |  No paths    -     
SP0557|CLK20M                  SP0557|CLK20M                  |  5.000       1.923   |  No paths    -      |  No paths    -       |  No paths    -     
SP0557|CLK20M                  pll_gen|CLKOS3_inferred_clock  |  Diff grp    -       |  No paths    -      |  No paths    -       |  No paths    -     
pll_gen|CLKOS_inferred_clock   pll_gen|CLKOS_inferred_clock   |  5.000       1.923   |  5.000       1.923  |  No paths    -       |  No paths    -     
pll_gen|CLKOS_inferred_clock   pll_gen|CLKOP_inferred_clock   |  Diff grp    -       |  Diff grp    -      |  No paths    -       |  No paths    -     
pll_gen|CLKOP_inferred_clock   System                         |  5.000       3.619   |  No paths    -      |  No paths    -       |  No paths    -     
pll_gen|CLKOP_inferred_clock   pll_gen|CLKOS_inferred_clock   |  No paths    -       |  No paths    -      |  No paths    -       |  Diff grp    -     
pll_gen|CLKOP_inferred_clock   pll_gen|CLKOP_inferred_clock   |  5.000       0.891   |  5.000       1.923  |  No paths    -       |  No paths    -     
pll_gen|CLKOP_inferred_clock   pll_gen|CLKOS3_inferred_clock  |  Diff grp    -       |  No paths    -      |  No paths    -       |  No paths    -     
pll_gen|CLKOS3_inferred_clock  System                         |  5.000       3.493   |  No paths    -      |  No paths    -       |  No paths    -     
pll_gen|CLKOS3_inferred_clock  pll_gen|CLKOS2_inferred_clock  |  Diff grp    -       |  No paths    -      |  No paths    -       |  No paths    -     
pll_gen|CLKOS3_inferred_clock  SP0557|CLK20M                  |  Diff grp    -       |  No paths    -      |  No paths    -       |  No paths    -     
pll_gen|CLKOS3_inferred_clock  pll_gen|CLKOP_inferred_clock   |  Diff grp    -       |  No paths    -      |  No paths    -       |  No paths    -     
pll_gen|CLKOS3_inferred_clock  pll_gen|CLKOS3_inferred_clock  |  5.000       -5.533  |  No paths    -      |  2.500       -1.228  |  2.500       -0.709
=======================================================================================================================================================
 Note: 'No paths' indicates there are no paths in the design for that pair of clock edges.
       'Diff grp' indicates that paths exist but the starting clock and ending clock are in different clock groups.



Interface Information 
*********************

No IO constraint found



====================================
Detailed Report for Clock: SP0557|CLK20M
====================================



Starting Points with Worst Slack
********************************

                                              Starting                                                 Arrival          
Instance                                      Reference         Type        Pin     Net                Time        Slack
                                              Clock                                                                     
------------------------------------------------------------------------------------------------------------------------
slv_com_top_inst.rst_cnt_inst.clk_cntr[0]     SP0557|CLK20M     FD1P3DX     Q       clk_cntr[0]        0.853       1.923
slv_com_top_inst.rst_cnt_inst.clk_cntr[1]     SP0557|CLK20M     FD1P3DX     Q       clk_cntr[1]        0.853       1.984
slv_com_top_inst.rst_cnt_inst.clk_cntr[2]     SP0557|CLK20M     FD1P3DX     Q       clk_cntr[2]        0.853       1.984
slv_com_top_inst.rst_cnt_inst.clk_cntr[3]     SP0557|CLK20M     FD1P3DX     Q       clk_cntr[3]        0.853       2.045
slv_com_top_inst.rst_cnt_inst.clk_cntr[4]     SP0557|CLK20M     FD1P3DX     Q       clk_cntr[4]        0.853       2.045
slv_com_top_inst.rst_cnt_inst.clk_cntr[5]     SP0557|CLK20M     FD1P3DX     Q       clk_cntr[5]        0.853       2.106
slv_com_top_inst.rst_cnt_inst.clk_cntr[6]     SP0557|CLK20M     FD1P3DX     Q       clk_cntr[6]        0.853       2.106
slv_com_top_inst.rst_cnt_inst.clk_cntr[8]     SP0557|CLK20M     FD1S3DX     Q       CLK_RSTb_OUT_i     1.048       2.731
slv_com_top_inst.rst_cnt_inst.clk_cntr[7]     SP0557|CLK20M     FD1P3DX     Q       clk_cntr[7]        0.853       2.926
slv_com_top_inst.ck_state[1]                  SP0557|CLK20M     FD1S3DX     Q       ck_state[1]        0.985       3.432
========================================================================================================================


Ending Points with Worst Slack
******************************

                                                                               Starting                                                Required          
Instance                                                                       Reference         Type        Pin     Net               Time         Slack
                                                                               Clock                                                                     
---------------------------------------------------------------------------------------------------------------------------------------------------------
slv_com_top_inst.rst_cnt_inst.clk_cntr[8]                                      SP0557|CLK20M     FD1S3DX     D       N_65339_0         4.946        1.923
slv_com_top_inst.rst_cnt_inst.clk_cntr[7]                                      SP0557|CLK20M     FD1P3DX     D       clk_cntr_s[7]     4.946        2.312
slv_com_top_inst.rst_cnt_inst.clk_cntr[5]                                      SP0557|CLK20M     FD1P3DX     D       clk_cntr_s[5]     4.946        2.373
slv_com_top_inst.rst_cnt_inst.clk_cntr[6]                                      SP0557|CLK20M     FD1P3DX     D       clk_cntr_s[6]     4.946        2.373
slv_com_top_inst.rst_cnt_inst.clk_cntr[3]                                      SP0557|CLK20M     FD1P3DX     D       clk_cntr_s[3]     4.946        2.434
slv_com_top_inst.rst_cnt_inst.clk_cntr[4]                                      SP0557|CLK20M     FD1P3DX     D       clk_cntr_s[4]     4.946        2.434
slv_com_top_inst.rst_cnt_inst.clk_cntr[1]                                      SP0557|CLK20M     FD1P3DX     D       clk_cntr_s[1]     4.946        2.495
slv_com_top_inst.rst_cnt_inst.clk_cntr[2]                                      SP0557|CLK20M     FD1P3DX     D       clk_cntr_s[2]     4.946        2.495
slv_com_top_inst.rx_com_inst.rx_cont_b2_inst.rx_dcfifo1_48_inst.OR2_t12        SP0557|CLK20M     OR2         A       N_209_i_i_o2      5.000        2.791
slv_com_top_inst.rx_com_inst.rx_cont_b1_inst.rx_ck_dcfifo1_48_inst.OR2_t12     SP0557|CLK20M     OR2         A       N_209_i_i_o2      5.000        2.791
=========================================================================================================================================================



Worst Path Information
***********************


Path information for path number 1: 
      Requested Period:                      5.000
    - Setup time:                            0.054
    + Clock delay at ending point:           0.000 (ideal)
    = Required time:                         4.946

    - Propagation time:                      3.023
    - Clock delay at starting point:         0.000 (ideal)
    = Slack (non-critical) :                 1.922

    Number of logic level(s):                6
    Starting point:                          slv_com_top_inst.rst_cnt_inst.clk_cntr[0] / Q
    Ending point:                            slv_com_top_inst.rst_cnt_inst.clk_cntr[8] / D
    The start point is clocked by            SP0557|CLK20M [rising] (rise=0.000 fall=2.500 period=5.000) on pin CK
    The end   point is clocked by            SP0557|CLK20M [rising] (rise=0.000 fall=2.500 period=5.000) on pin CK

Instance / Net                                                   Pin      Pin               Arrival     No. of    
Name                                                Type         Name     Dir     Delay     Time        Fan Out(s)
------------------------------------------------------------------------------------------------------------------
slv_com_top_inst.rst_cnt_inst.clk_cntr[0]           FD1P3DX      Q        Out     0.853     0.853 r     -         
clk_cntr[0]                                         Net          -        -       -         -           1         
slv_com_top_inst.rst_cnt_inst.clk_cntr_cry_0[0]     CCU2C        A1       In      0.000     0.853 r     -         
slv_com_top_inst.rst_cnt_inst.clk_cntr_cry_0[0]     CCU2C        COUT     Out     0.900     1.753 r     -         
clk_cntr_cry[0]                                     Net          -        -       -         -           1         
slv_com_top_inst.rst_cnt_inst.clk_cntr_cry_0[1]     CCU2C        CIN      In      0.000     1.753 r     -         
slv_com_top_inst.rst_cnt_inst.clk_cntr_cry_0[1]     CCU2C        COUT     Out     0.061     1.814 r     -         
clk_cntr_cry[2]                                     Net          -        -       -         -           1         
slv_com_top_inst.rst_cnt_inst.clk_cntr_cry_0[3]     CCU2C        CIN      In      0.000     1.814 r     -         
slv_com_top_inst.rst_cnt_inst.clk_cntr_cry_0[3]     CCU2C        COUT     Out     0.061     1.875 r     -         
clk_cntr_cry[4]                                     Net          -        -       -         -           1         
slv_com_top_inst.rst_cnt_inst.clk_cntr_cry_0[5]     CCU2C        CIN      In      0.000     1.875 r     -         
slv_com_top_inst.rst_cnt_inst.clk_cntr_cry_0[5]     CCU2C        COUT     Out     0.061     1.936 r     -         
clk_cntr_cry[6]                                     Net          -        -       -         -           1         
slv_com_top_inst.rst_cnt_inst.clk_cntr_cry_0[7]     CCU2C        CIN      In      0.000     1.936 r     -         
slv_com_top_inst.rst_cnt_inst.clk_cntr_cry_0[7]     CCU2C        S1       Out     0.698     2.634 r     -         
clk_cntr_s[8]                                       Net          -        -       -         -           1         
slv_com_top_inst.rst_cnt_inst.clk_cntr_0[8]         ORCALUT4     B        In      0.000     2.634 r     -         
slv_com_top_inst.rst_cnt_inst.clk_cntr_0[8]         ORCALUT4     Z        Out     0.390     3.023 r     -         
N_65339_0                                           Net          -        -       -         -           1         
slv_com_top_inst.rst_cnt_inst.clk_cntr[8]           FD1S3DX      D        In      0.000     3.023 r     -         
==================================================================================================================




====================================
Detailed Report for Clock: pll_gen|CLKOP_inferred_clock
====================================



Starting Points with Worst Slack
********************************

                                                                             Starting                                                              Arrival          
Instance                                                                     Reference                        Type        Pin     Net              Time        Slack
                                                                             Clock                                                                                  
--------------------------------------------------------------------------------------------------------------------------------------------------------------------
slv_com_top_inst.rx_com_inst.rx_cont_b1_inst.rx_ck_dcfifo1_48_inst.FF_2      pll_gen|CLKOP_inferred_clock     FD1S3DX     Q       r_gcount_w26     1.009       0.890
slv_com_top_inst.tx_com_inst.tx_cont_b2_inst.tx_ck_dcfifo1_48_inst.FF_9      pll_gen|CLKOP_inferred_clock     FD1S3DX     Q       w_gcount_r26     1.009       0.890
slv_com_top_inst.rx_com_inst.rx_cont_b1_inst.rx_ck_dcfifo1_48_inst.FF_3      pll_gen|CLKOP_inferred_clock     FD1S3DX     Q       r_gcount_w25     0.955       0.945
slv_com_top_inst.rx_com_inst.rx_cont_b1_inst.rx_ck_dcfifo1_48_inst.FF_4      pll_gen|CLKOP_inferred_clock     FD1S3DX     Q       r_gcount_w24     0.955       0.945
slv_com_top_inst.rx_com_inst.rx_cont_b1_inst.rx_ck_dcfifo1_48_inst.FF_5      pll_gen|CLKOP_inferred_clock     FD1S3DX     Q       r_gcount_w23     0.955       0.945
slv_com_top_inst.tx_com_inst.tx_cont_b2_inst.tx_ck_dcfifo1_48_inst.FF_10     pll_gen|CLKOP_inferred_clock     FD1S3DX     Q       w_gcount_r25     0.955       0.945
slv_com_top_inst.tx_com_inst.tx_cont_b2_inst.tx_ck_dcfifo1_48_inst.FF_11     pll_gen|CLKOP_inferred_clock     FD1S3DX     Q       w_gcount_r24     0.955       0.945
slv_com_top_inst.tx_com_inst.tx_cont_b2_inst.tx_ck_dcfifo1_48_inst.FF_12     pll_gen|CLKOP_inferred_clock     FD1S3DX     Q       w_gcount_r23     0.955       0.945
slv_com_top_inst.cds_inst.aan                                                pll_gen|CLKOP_inferred_clock     FD1S3DX     Q       aan              0.955       1.218
slv_com_top_inst.cds_inst.aap                                                pll_gen|CLKOP_inferred_clock     FD1S3DX     Q       aap              0.907       1.236
====================================================================================================================================================================


Ending Points with Worst Slack
******************************

                                                                                Starting                                                             Required          
Instance                                                                        Reference                        Type        Pin     Net             Time         Slack
                                                                                Clock                                                                                  
-----------------------------------------------------------------------------------------------------------------------------------------------------------------------
slv_com_top_inst.rx_com_inst.rx_cont_b1_inst.rx_ck_dcfifo1_48_inst.FF_0         pll_gen|CLKOP_inferred_clock     FD1S3DX     D       full_d          4.946        0.890
slv_com_top_inst.tx_com_inst.tx_cont_b2_inst.tx_ck_dcfifo1_48_inst.FF_1         pll_gen|CLKOP_inferred_clock     FD1S3BX     D       empty_d         4.946        0.890
slv_com_top_inst.cds_inst.data_sel[0]                                           pll_gen|CLKOP_inferred_clock     FD1P3BX     SP      N_4             4.806        1.218
slv_com_top_inst.cds_inst.data_sel[1]                                           pll_gen|CLKOP_inferred_clock     FD1P3DX     SP      N_4             4.806        1.218
slv_com_top_inst.rx_com_inst.rx_cont_b1_inst.rx_ctl_1st_inst.state_count[5]     pll_gen|CLKOP_inferred_clock     FD1S3BX     D       N_78_i          4.946        1.531
slv_com_top_inst.rst_cnt_inst.clk2n_cntr[8]                                     pll_gen|CLKOP_inferred_clock     FD1S3DX     D       N_65321_0       4.946        1.923
slv_com_top_inst.rst_cnt_inst.clk2p_cntr[8]                                     pll_gen|CLKOP_inferred_clock     FD1S3DX     D       N_65330_0       4.946        1.923
slv_com_top_inst.tx_com_inst.tx_cont_b2_inst.tx_ctl_3rd_inst.ps_dt[1]           pll_gen|CLKOP_inferred_clock     FD1S3DX     D       ps_dt_13[1]     4.946        1.971
slv_com_top_inst.tx_com_inst.tx_cont_b2_inst.tx_ctl_3rd_inst.ps_dt[2]           pll_gen|CLKOP_inferred_clock     FD1S3DX     D       ps_dt_13[2]     4.946        1.971
slv_com_top_inst.tx_com_inst.tx_cont_b2_inst.tx_ctl_3rd_inst.ps_dt[3]           pll_gen|CLKOP_inferred_clock     FD1S3DX     D       ps_dt_13[3]     4.946        1.971
=======================================================================================================================================================================



Worst Path Information
***********************


Path information for path number 1: 
      Requested Period:                      5.000
    - Setup time:                            0.054
    + Clock delay at ending point:           0.000 (ideal)
    = Required time:                         4.946

    - Propagation time:                      4.056
    - Clock delay at starting point:         0.000 (ideal)
    = Slack (non-critical) :                 0.890

    Number of logic level(s):                7
    Starting point:                          slv_com_top_inst.rx_com_inst.rx_cont_b1_inst.rx_ck_dcfifo1_48_inst.FF_2 / Q
    Ending point:                            slv_com_top_inst.rx_com_inst.rx_cont_b1_inst.rx_ck_dcfifo1_48_inst.FF_0 / D
    The start point is clocked by            pll_gen|CLKOP_inferred_clock [rising] (rise=0.000 fall=2.500 period=5.000) on pin CK
    The end   point is clocked by            pll_gen|CLKOP_inferred_clock [rising] (rise=0.000 fall=2.500 period=5.000) on pin CK

Instance / Net                                                                                 Pin      Pin               Arrival     No. of    
Name                                                                              Type         Name     Dir     Delay     Time        Fan Out(s)
------------------------------------------------------------------------------------------------------------------------------------------------
slv_com_top_inst.rx_com_inst.rx_cont_b1_inst.rx_ck_dcfifo1_48_inst.FF_2           FD1S3DX      Q        Out     1.009     1.009 r     -         
r_gcount_w26                                                                      Net          -        -       -         -           5         
slv_com_top_inst.rx_com_inst.rx_cont_b1_inst.rx_ck_dcfifo1_48_inst.LUT4_7         ROM16X1A     AD1      In      0.000     1.009 r     -         
slv_com_top_inst.rx_com_inst.rx_cont_b1_inst.rx_ck_dcfifo1_48_inst.LUT4_7         ROM16X1A     DO0      Out     0.660     1.669 r     -         
rcount_w4                                                                         Net          -        -       -         -           2         
slv_com_top_inst.rx_com_inst.rx_cont_b1_inst.rx_ck_dcfifo1_48_inst.LUT4_5         ROM16X1A     AD0      In      0.000     1.669 r     -         
slv_com_top_inst.rx_com_inst.rx_cont_b1_inst.rx_ck_dcfifo1_48_inst.LUT4_5         ROM16X1A     DO0      Out     0.606     2.275 r     -         
rcount_w1                                                                         Net          -        -       -         -           1         
slv_com_top_inst.rx_com_inst.rx_cont_b1_inst.rx_ck_dcfifo1_48_inst.full_cmp_0     CCU2C        B1       In      0.000     2.275 r     -         
slv_com_top_inst.rx_com_inst.rx_cont_b1_inst.rx_ck_dcfifo1_48_inst.full_cmp_0     CCU2C        COUT     Out     0.900     3.175 r     -         
co0_3                                                                             Net          -        -       -         -           1         
slv_com_top_inst.rx_com_inst.rx_cont_b1_inst.rx_ck_dcfifo1_48_inst.full_cmp_1     CCU2C        CIN      In      0.000     3.175 r     -         
slv_com_top_inst.rx_com_inst.rx_cont_b1_inst.rx_ck_dcfifo1_48_inst.full_cmp_1     CCU2C        COUT     Out     0.061     3.236 r     -         
co1_3                                                                             Net          -        -       -         -           1         
slv_com_top_inst.rx_com_inst.rx_cont_b1_inst.rx_ck_dcfifo1_48_inst.full_cmp_2     CCU2C        CIN      In      0.000     3.236 r     -         
slv_com_top_inst.rx_com_inst.rx_cont_b1_inst.rx_ck_dcfifo1_48_inst.full_cmp_2     CCU2C        COUT     Out     0.061     3.297 r     -         
co2_3                                                                             Net          -        -       -         -           1         
slv_com_top_inst.rx_com_inst.rx_cont_b1_inst.rx_ck_dcfifo1_48_inst.full_cmp_3     CCU2C        CIN      In      0.000     3.297 r     -         
slv_com_top_inst.rx_com_inst.rx_cont_b1_inst.rx_ck_dcfifo1_48_inst.full_cmp_3     CCU2C        COUT     Out     0.061     3.358 r     -         
full_d_c                                                                          Net          -        -       -         -           1         
slv_com_top_inst.rx_com_inst.rx_cont_b1_inst.rx_ck_dcfifo1_48_inst.a1             CCU2C        CIN      In      0.000     3.358 r     -         
slv_com_top_inst.rx_com_inst.rx_cont_b1_inst.rx_ck_dcfifo1_48_inst.a1             CCU2C        S0       Out     0.698     4.056 r     -         
full_d                                                                            Net          -        -       -         -           1         
slv_com_top_inst.rx_com_inst.rx_cont_b1_inst.rx_ck_dcfifo1_48_inst.FF_0           FD1S3DX      D        In      0.000     4.056 r     -         
================================================================================================================================================




====================================
Detailed Report for Clock: pll_gen|CLKOS2_inferred_clock
====================================



Starting Points with Worst Slack
********************************

                                                  Starting                                                                Arrival           
Instance                                          Reference                         Type        Pin     Net               Time        Slack 
                                                  Clock                                                                                     
--------------------------------------------------------------------------------------------------------------------------------------------
gpio01.gpio_reg_inst.gpio_op_reg_inst5.GPO[0]     pll_gen|CLKOS2_inferred_clock     FD1P3DX     Q       s_ENC_INV[1]      1.048       -4.054
gpio01.gpio_reg_inst.gpio_op_reg_inst6.GPO[0]     pll_gen|CLKOS2_inferred_clock     FD1P3DX     Q       s_ENC_INV[9]      1.048       -4.054
gpio01.gpio_reg_inst.gpio_op_reg_inst6.GPO[1]     pll_gen|CLKOS2_inferred_clock     FD1P3DX     Q       s_ENC_INV[10]     1.048       -4.054
gpio01.gpio_reg_inst.gpio_op_reg_inst5.GPO[1]     pll_gen|CLKOS2_inferred_clock     FD1P3DX     Q       s_ENC_INV[2]      1.048       -4.054
gpio01.gpio_reg_inst.gpio_op_reg_inst6.GPO[2]     pll_gen|CLKOS2_inferred_clock     FD1P3DX     Q       s_ENC_INV[11]     1.048       -4.054
gpio01.gpio_reg_inst.gpio_op_reg_inst5.GPO[2]     pll_gen|CLKOS2_inferred_clock     FD1P3DX     Q       s_ENC_INV[3]      1.048       -4.054
gpio01.gpio_reg_inst.gpio_op_reg_inst6.GPO[3]     pll_gen|CLKOS2_inferred_clock     FD1P3DX     Q       s_ENC_INV[12]     1.048       -4.054
gpio01.gpio_reg_inst.gpio_op_reg_inst5.GPO[3]     pll_gen|CLKOS2_inferred_clock     FD1P3DX     Q       s_ENC_INV[4]      1.048       -4.054
gpio01.gpio_reg_inst.gpio_op_reg_inst5.GPO[4]     pll_gen|CLKOS2_inferred_clock     FD1P3DX     Q       s_ENC_INV[5]      1.048       -4.054
gpio01.gpio_reg_inst.gpio_op_reg_inst6.GPO[4]     pll_gen|CLKOS2_inferred_clock     FD1P3DX     Q       s_ENC_INV[13]     1.048       -4.054
============================================================================================================================================


Ending Points with Worst Slack
******************************

                                                               Starting                                                                 Required           
Instance                                                       Reference                         Type        Pin     Net                Time         Slack 
                                                               Clock                                                                                       
-----------------------------------------------------------------------------------------------------------------------------------------------------------
ENC_inst.enc_func\.3\.enc_top_inst.U_enc_lmt.s_encerr[13]      pll_gen|CLKOS2_inferred_clock     FD1S3BX     D       s_encerr_5[13]     4.946        -4.054
ENC_inst.enc_func\.6\.enc_top_inst.U_enc_lmt.s_encerr[13]      pll_gen|CLKOS2_inferred_clock     FD1S3BX     D       s_encerr_5[13]     4.946        -4.054
ENC_inst.enc_func\.7\.enc_top_inst.U_enc_lmt.s_encerr[13]      pll_gen|CLKOS2_inferred_clock     FD1S3BX     D       s_encerr_5[13]     4.946        -4.054
ENC_inst.enc_func\.5\.enc_top_inst.U_enc_lmt.s_encerr[13]      pll_gen|CLKOS2_inferred_clock     FD1S3BX     D       s_encerr_5[13]     4.946        -4.054
ENC_inst.enc_func\.13\.enc_top_inst.U_enc_lmt.s_encerr[13]     pll_gen|CLKOS2_inferred_clock     FD1S3BX     D       s_encerr_5[13]     4.946        -4.054
ENC_inst.enc_func\.4\.enc_top_inst.U_enc_lmt.s_encerr[13]      pll_gen|CLKOS2_inferred_clock     FD1S3BX     D       s_encerr_5[13]     4.946        -4.054
ENC_inst.enc_func\.1\.enc_top_inst.U_enc_lmt.s_encerr[13]      pll_gen|CLKOS2_inferred_clock     FD1S3BX     D       s_encerr_5[13]     4.946        -4.054
ENC_inst.enc_func\.2\.enc_top_inst.U_enc_lmt.s_encerr[13]      pll_gen|CLKOS2_inferred_clock     FD1S3BX     D       s_encerr_5[13]     4.946        -4.054
ENC_inst.enc_func\.8\.enc_top_inst.U_enc_lmt.s_encerr[13]      pll_gen|CLKOS2_inferred_clock     FD1S3BX     D       s_encerr_5[13]     4.946        -4.054
ENC_inst.enc_func\.12\.enc_top_inst.U_enc_lmt.s_encerr[13]     pll_gen|CLKOS2_inferred_clock     FD1S3BX     D       s_encerr_5[13]     4.946        -4.054
===========================================================================================================================================================



Worst Path Information
***********************


Path information for path number 1: 
      Requested Period:                      5.000
    - Setup time:                            0.054
    + Clock delay at ending point:           0.000 (ideal)
    = Required time:                         4.946

    - Propagation time:                      9.000
    - Clock delay at starting point:         0.000 (ideal)
    = Slack (non-critical) :                 -4.054

    Number of logic level(s):                16
    Starting point:                          gpio01.gpio_reg_inst.gpio_op_reg_inst5.GPO[0] / Q
    Ending point:                            ENC_inst.enc_func\.1\.enc_top_inst.U_enc_lmt.s_encerr[13] / D
    The start point is clocked by            pll_gen|CLKOS2_inferred_clock [rising] (rise=0.000 fall=2.500 period=5.000) on pin CK
    The end   point is clocked by            pll_gen|CLKOS2_inferred_clock [rising] (rise=0.000 fall=2.500 period=5.000) on pin CK

Instance / Net                                                                               Pin      Pin               Arrival     No. of    
Name                                                                            Type         Name     Dir     Delay     Time        Fan Out(s)
----------------------------------------------------------------------------------------------------------------------------------------------
gpio01.gpio_reg_inst.gpio_op_reg_inst5.GPO[0]                                   FD1P3DX      Q        Out     1.048     1.048 r     -         
s_ENC_INV[1]                                                                    Net          -        -       -         -           10        
ENC_inst.enc_func\.1\.enc_top_inst.encoder_inst.un1_lrstb_2                     ORCALUT4     B        In      0.000     1.048 r     -         
ENC_inst.enc_func\.1\.enc_top_inst.encoder_inst.un1_lrstb_2                     ORCALUT4     Z        Out     0.738     1.786 r     -         
un1_lrstb_2                                                                     Net          -        -       -         -           4         
ENC_inst.enc_func\.1\.enc_top_inst.encoder_inst.s_ph_b.ctrl                     ORCALUT4     B        In      0.000     1.786 r     -         
ENC_inst.enc_func\.1\.enc_top_inst.encoder_inst.s_ph_b.ctrl                     ORCALUT4     Z        Out     0.606     2.392 f     -         
ctrl_1                                                                          Net          -        -       -         -           2         
ENC_inst.enc_func\.1\.enc_top_inst.encoder_inst.s_ph_b.II_0_RNI31DD2            ORCALUT4     C        In      0.000     2.392 f     -         
ENC_inst.enc_func\.1\.enc_top_inst.encoder_inst.s_ph_b.II_0_RNI31DD2            ORCALUT4     Z        Out     0.798     3.190 r     -         
s_ph_b                                                                          Net          -        -       -         -           9         
ENC_inst.enc_func\.1\.enc_top_inst.encoder_inst.un2_s_ph_a_f[0]                 ORCALUT4     C        In      0.000     3.190 r     -         
ENC_inst.enc_func\.1\.enc_top_inst.encoder_inst.un2_s_ph_a_f[0]                 ORCALUT4     Z        Out     0.606     3.796 r     -         
un2_s_ph_a_f[0]                                                                 Net          -        -       -         -           1         
ENC_inst.enc_func\.1\.enc_top_inst.encoder_inst.CNT_DWN                         ORCALUT4     D        In      0.000     3.796 r     -         
ENC_inst.enc_func\.1\.enc_top_inst.encoder_inst.CNT_DWN                         ORCALUT4     Z        Out     0.708     4.504 r     -         
s_ENCCNTDWN                                                                     Net          -        -       -         -           3         
ENC_inst.enc_func\.1\.enc_top_inst.U_enc_lmt.un1_s_encerr_1_0_6_cry_0_0_RNO     ORCALUT4     C        In      0.000     4.504 r     -         
ENC_inst.enc_func\.1\.enc_top_inst.U_enc_lmt.un1_s_encerr_1_0_6_cry_0_0_RNO     ORCALUT4     Z        Out     0.606     5.110 r     -         
s_ENC_CNT_UP_ST                                                                 Net          -        -       -         -           1         
ENC_inst.enc_func\.1\.enc_top_inst.U_enc_lmt.un1_s_encerr_1_0_6_cry_0_0         CCU2C        B0       In      0.000     5.110 r     -         
ENC_inst.enc_func\.1\.enc_top_inst.U_enc_lmt.un1_s_encerr_1_0_6_cry_0_0         CCU2C        COUT     Out     0.900     6.010 r     -         
un1_s_encerr_1_0_6_cry_0                                                        Net          -        -       -         -           1         
ENC_inst.enc_func\.1\.enc_top_inst.U_enc_lmt.un1_s_encerr_1_0_6_cry_1_0         CCU2C        CIN      In      0.000     6.010 r     -         
ENC_inst.enc_func\.1\.enc_top_inst.U_enc_lmt.un1_s_encerr_1_0_6_cry_1_0         CCU2C        S1       Out     0.698     6.707 r     -         
un1_s_encerr_1_0_6[2]                                                           Net          -        -       -         -           1         
ENC_inst.enc_func\.1\.enc_top_inst.U_enc_lmt.un1_s_encerr_1_0_cry_1_0           CCU2C        B1       In      0.000     6.707 r     -         
ENC_inst.enc_func\.1\.enc_top_inst.U_enc_lmt.un1_s_encerr_1_0_cry_1_0           CCU2C        COUT     Out     0.900     7.607 r     -         
un1_s_encerr_1_0_cry_2                                                          Net          -        -       -         -           1         
ENC_inst.enc_func\.1\.enc_top_inst.U_enc_lmt.un1_s_encerr_1_0_cry_3_0           CCU2C        CIN      In      0.000     7.607 r     -         
ENC_inst.enc_func\.1\.enc_top_inst.U_enc_lmt.un1_s_encerr_1_0_cry_3_0           CCU2C        COUT     Out     0.061     7.668 r     -         
un1_s_encerr_1_0_cry_4                                                          Net          -        -       -         -           1         
ENC_inst.enc_func\.1\.enc_top_inst.U_enc_lmt.un1_s_encerr_1_0_cry_5_0           CCU2C        CIN      In      0.000     7.668 r     -         
ENC_inst.enc_func\.1\.enc_top_inst.U_enc_lmt.un1_s_encerr_1_0_cry_5_0           CCU2C        COUT     Out     0.061     7.729 r     -         
un1_s_encerr_1_0_cry_6                                                          Net          -        -       -         -           1         
ENC_inst.enc_func\.1\.enc_top_inst.U_enc_lmt.un1_s_encerr_1_0_cry_7_0           CCU2C        CIN      In      0.000     7.729 r     -         
ENC_inst.enc_func\.1\.enc_top_inst.U_enc_lmt.un1_s_encerr_1_0_cry_7_0           CCU2C        COUT     Out     0.061     7.790 r     -         
un1_s_encerr_1_0_cry_8                                                          Net          -        -       -         -           1         
ENC_inst.enc_func\.1\.enc_top_inst.U_enc_lmt.un1_s_encerr_1_0_cry_9_0           CCU2C        CIN      In      0.000     7.790 r     -         
ENC_inst.enc_func\.1\.enc_top_inst.U_enc_lmt.un1_s_encerr_1_0_cry_9_0           CCU2C        COUT     Out     0.061     7.851 r     -         
un1_s_encerr_1_0_cry_10                                                         Net          -        -       -         -           1         
ENC_inst.enc_func\.1\.enc_top_inst.U_enc_lmt.un1_s_encerr_1_0_cry_11_0          CCU2C        CIN      In      0.000     7.851 r     -         
ENC_inst.enc_func\.1\.enc_top_inst.U_enc_lmt.un1_s_encerr_1_0_cry_11_0          CCU2C        COUT     Out     0.061     7.912 r     -         
un1_s_encerr_1_0_cry_12                                                         Net          -        -       -         -           1         
ENC_inst.enc_func\.1\.enc_top_inst.U_enc_lmt.un1_s_encerr_1_0_s_13_0            CCU2C        CIN      In      0.000     7.912 r     -         
ENC_inst.enc_func\.1\.enc_top_inst.U_enc_lmt.un1_s_encerr_1_0_s_13_0            CCU2C        S0       Out     0.698     8.610 r     -         
un1_s_encerr_1_0_s_13_0_S0                                                      Net          -        -       -         -           1         
ENC_inst.enc_func\.1\.enc_top_inst.U_enc_lmt.s_encerr_5[13]                     ORCALUT4     A        In      0.000     8.610 r     -         
ENC_inst.enc_func\.1\.enc_top_inst.U_enc_lmt.s_encerr_5[13]                     ORCALUT4     Z        Out     0.390     9.000 r     -         
s_encerr_5[13]                                                                  Net          -        -       -         -           1         
ENC_inst.enc_func\.1\.enc_top_inst.U_enc_lmt.s_encerr[13]                       FD1S3BX      D        In      0.000     9.000 r     -         
==============================================================================================================================================


Path information for path number 2: 
      Requested Period:                      5.000
    - Setup time:                            0.054
    + Clock delay at ending point:           0.000 (ideal)
    = Required time:                         4.946

    - Propagation time:                      9.000
    - Clock delay at starting point:         0.000 (ideal)
    = Slack (non-critical) :                 -4.054

    Number of logic level(s):                16
    Starting point:                          gpio01.gpio_reg_inst.gpio_op_reg_inst6.GPO[0] / Q
    Ending point:                            ENC_inst.enc_func\.9\.enc_top_inst.U_enc_lmt.s_encerr[13] / D
    The start point is clocked by            pll_gen|CLKOS2_inferred_clock [rising] (rise=0.000 fall=2.500 period=5.000) on pin CK
    The end   point is clocked by            pll_gen|CLKOS2_inferred_clock [rising] (rise=0.000 fall=2.500 period=5.000) on pin CK

Instance / Net                                                                               Pin      Pin               Arrival     No. of    
Name                                                                            Type         Name     Dir     Delay     Time        Fan Out(s)
----------------------------------------------------------------------------------------------------------------------------------------------
gpio01.gpio_reg_inst.gpio_op_reg_inst6.GPO[0]                                   FD1P3DX      Q        Out     1.048     1.048 r     -         
s_ENC_INV[9]                                                                    Net          -        -       -         -           10        
ENC_inst.enc_func\.9\.enc_top_inst.encoder_inst.un1_lrstb_2                     ORCALUT4     B        In      0.000     1.048 r     -         
ENC_inst.enc_func\.9\.enc_top_inst.encoder_inst.un1_lrstb_2                     ORCALUT4     Z        Out     0.738     1.786 r     -         
un1_lrstb_2_5                                                                   Net          -        -       -         -           4         
ENC_inst.enc_func\.9\.enc_top_inst.encoder_inst.s_ph_b.ctrl                     ORCALUT4     B        In      0.000     1.786 r     -         
ENC_inst.enc_func\.9\.enc_top_inst.encoder_inst.s_ph_b.ctrl                     ORCALUT4     Z        Out     0.606     2.392 f     -         
ctrl_1                                                                          Net          -        -       -         -           2         
ENC_inst.enc_func\.9\.enc_top_inst.encoder_inst.s_ph_b.II_0_RNICPQ02            ORCALUT4     C        In      0.000     2.392 f     -         
ENC_inst.enc_func\.9\.enc_top_inst.encoder_inst.s_ph_b.II_0_RNICPQ02            ORCALUT4     Z        Out     0.798     3.190 r     -         
s_ph_b                                                                          Net          -        -       -         -           9         
ENC_inst.enc_func\.9\.enc_top_inst.encoder_inst.un2_s_ph_a_f[0]                 ORCALUT4     C        In      0.000     3.190 r     -         
ENC_inst.enc_func\.9\.enc_top_inst.encoder_inst.un2_s_ph_a_f[0]                 ORCALUT4     Z        Out     0.606     3.796 r     -         
un2_s_ph_a_f[0]                                                                 Net          -        -       -         -           1         
ENC_inst.enc_func\.9\.enc_top_inst.encoder_inst.CNT_DWN                         ORCALUT4     D        In      0.000     3.796 r     -         
ENC_inst.enc_func\.9\.enc_top_inst.encoder_inst.CNT_DWN                         ORCALUT4     Z        Out     0.708     4.504 r     -         
s_ENCCNTDWN                                                                     Net          -        -       -         -           3         
ENC_inst.enc_func\.9\.enc_top_inst.U_enc_lmt.un1_s_encerr_1_0_6_cry_0_0_RNO     ORCALUT4     C        In      0.000     4.504 r     -         
ENC_inst.enc_func\.9\.enc_top_inst.U_enc_lmt.un1_s_encerr_1_0_6_cry_0_0_RNO     ORCALUT4     Z        Out     0.606     5.110 r     -         
s_ENC_CNT_UP_ST                                                                 Net          -        -       -         -           1         
ENC_inst.enc_func\.9\.enc_top_inst.U_enc_lmt.un1_s_encerr_1_0_6_cry_0_0         CCU2C        B0       In      0.000     5.110 r     -         
ENC_inst.enc_func\.9\.enc_top_inst.U_enc_lmt.un1_s_encerr_1_0_6_cry_0_0         CCU2C        COUT     Out     0.900     6.010 r     -         
un1_s_encerr_1_0_6_cry_0                                                        Net          -        -       -         -           1         
ENC_inst.enc_func\.9\.enc_top_inst.U_enc_lmt.un1_s_encerr_1_0_6_cry_1_0         CCU2C        CIN      In      0.000     6.010 r     -         
ENC_inst.enc_func\.9\.enc_top_inst.U_enc_lmt.un1_s_encerr_1_0_6_cry_1_0         CCU2C        S1       Out     0.698     6.707 r     -         
un1_s_encerr_1_0_6[2]                                                           Net          -        -       -         -           1         
ENC_inst.enc_func\.9\.enc_top_inst.U_enc_lmt.un1_s_encerr_1_0_cry_1_0           CCU2C        B1       In      0.000     6.707 r     -         
ENC_inst.enc_func\.9\.enc_top_inst.U_enc_lmt.un1_s_encerr_1_0_cry_1_0           CCU2C        COUT     Out     0.900     7.607 r     -         
un1_s_encerr_1_0_cry_2                                                          Net          -        -       -         -           1         
ENC_inst.enc_func\.9\.enc_top_inst.U_enc_lmt.un1_s_encerr_1_0_cry_3_0           CCU2C        CIN      In      0.000     7.607 r     -         
ENC_inst.enc_func\.9\.enc_top_inst.U_enc_lmt.un1_s_encerr_1_0_cry_3_0           CCU2C        COUT     Out     0.061     7.668 r     -         
un1_s_encerr_1_0_cry_4                                                          Net          -        -       -         -           1         
ENC_inst.enc_func\.9\.enc_top_inst.U_enc_lmt.un1_s_encerr_1_0_cry_5_0           CCU2C        CIN      In      0.000     7.668 r     -         
ENC_inst.enc_func\.9\.enc_top_inst.U_enc_lmt.un1_s_encerr_1_0_cry_5_0           CCU2C        COUT     Out     0.061     7.729 r     -         
un1_s_encerr_1_0_cry_6                                                          Net          -        -       -         -           1         
ENC_inst.enc_func\.9\.enc_top_inst.U_enc_lmt.un1_s_encerr_1_0_cry_7_0           CCU2C        CIN      In      0.000     7.729 r     -         
ENC_inst.enc_func\.9\.enc_top_inst.U_enc_lmt.un1_s_encerr_1_0_cry_7_0           CCU2C        COUT     Out     0.061     7.790 r     -         
un1_s_encerr_1_0_cry_8                                                          Net          -        -       -         -           1         
ENC_inst.enc_func\.9\.enc_top_inst.U_enc_lmt.un1_s_encerr_1_0_cry_9_0           CCU2C        CIN      In      0.000     7.790 r     -         
ENC_inst.enc_func\.9\.enc_top_inst.U_enc_lmt.un1_s_encerr_1_0_cry_9_0           CCU2C        COUT     Out     0.061     7.851 r     -         
un1_s_encerr_1_0_cry_10                                                         Net          -        -       -         -           1         
ENC_inst.enc_func\.9\.enc_top_inst.U_enc_lmt.un1_s_encerr_1_0_cry_11_0          CCU2C        CIN      In      0.000     7.851 r     -         
ENC_inst.enc_func\.9\.enc_top_inst.U_enc_lmt.un1_s_encerr_1_0_cry_11_0          CCU2C        COUT     Out     0.061     7.912 r     -         
un1_s_encerr_1_0_cry_12                                                         Net          -        -       -         -           1         
ENC_inst.enc_func\.9\.enc_top_inst.U_enc_lmt.un1_s_encerr_1_0_s_13_0            CCU2C        CIN      In      0.000     7.912 r     -         
ENC_inst.enc_func\.9\.enc_top_inst.U_enc_lmt.un1_s_encerr_1_0_s_13_0            CCU2C        S0       Out     0.698     8.610 r     -         
un1_s_encerr_1_0_s_13_S0_5                                                      Net          -        -       -         -           1         
ENC_inst.enc_func\.9\.enc_top_inst.U_enc_lmt.s_encerr_5[13]                     ORCALUT4     B        In      0.000     8.610 r     -         
ENC_inst.enc_func\.9\.enc_top_inst.U_enc_lmt.s_encerr_5[13]                     ORCALUT4     Z        Out     0.390     9.000 r     -         
s_encerr_5[13]                                                                  Net          -        -       -         -           1         
ENC_inst.enc_func\.9\.enc_top_inst.U_enc_lmt.s_encerr[13]                       FD1S3BX      D        In      0.000     9.000 r     -         
==============================================================================================================================================


Path information for path number 3: 
      Requested Period:                      5.000
    - Setup time:                            0.054
    + Clock delay at ending point:           0.000 (ideal)
    = Required time:                         4.946

    - Propagation time:                      9.000
    - Clock delay at starting point:         0.000 (ideal)
    = Slack (non-critical) :                 -4.054

    Number of logic level(s):                16
    Starting point:                          gpio01.gpio_reg_inst.gpio_op_reg_inst6.GPO[1] / Q
    Ending point:                            ENC_inst.enc_func\.10\.enc_top_inst.U_enc_lmt.s_encerr[13] / D
    The start point is clocked by            pll_gen|CLKOS2_inferred_clock [rising] (rise=0.000 fall=2.500 period=5.000) on pin CK
    The end   point is clocked by            pll_gen|CLKOS2_inferred_clock [rising] (rise=0.000 fall=2.500 period=5.000) on pin CK

Instance / Net                                                                                Pin      Pin               Arrival     No. of    
Name                                                                             Type         Name     Dir     Delay     Time        Fan Out(s)
-----------------------------------------------------------------------------------------------------------------------------------------------
gpio01.gpio_reg_inst.gpio_op_reg_inst6.GPO[1]                                    FD1P3DX      Q        Out     1.048     1.048 r     -         
s_ENC_INV[10]                                                                    Net          -        -       -         -           10        
ENC_inst.enc_func\.10\.enc_top_inst.encoder_inst.un1_lrstb_2                     ORCALUT4     B        In      0.000     1.048 r     -         
ENC_inst.enc_func\.10\.enc_top_inst.encoder_inst.un1_lrstb_2                     ORCALUT4     Z        Out     0.738     1.786 r     -         
un1_lrstb_2_9                                                                    Net          -        -       -         -           4         
ENC_inst.enc_func\.10\.enc_top_inst.encoder_inst.s_ph_b.ctrl                     ORCALUT4     B        In      0.000     1.786 r     -         
ENC_inst.enc_func\.10\.enc_top_inst.encoder_inst.s_ph_b.ctrl                     ORCALUT4     Z        Out     0.606     2.392 f     -         
ctrl_1                                                                           Net          -        -       -         -           2         
ENC_inst.enc_func\.10\.enc_top_inst.encoder_inst.s_ph_b.II_0_RNIL0N02            ORCALUT4     C        In      0.000     2.392 f     -         
ENC_inst.enc_func\.10\.enc_top_inst.encoder_inst.s_ph_b.II_0_RNIL0N02            ORCALUT4     Z        Out     0.798     3.190 r     -         
s_ph_b                                                                           Net          -        -       -         -           9         
ENC_inst.enc_func\.10\.enc_top_inst.encoder_inst.un2_s_ph_a_f[0]                 ORCALUT4     C        In      0.000     3.190 r     -         
ENC_inst.enc_func\.10\.enc_top_inst.encoder_inst.un2_s_ph_a_f[0]                 ORCALUT4     Z        Out     0.606     3.796 r     -         
un2_s_ph_a_f[0]                                                                  Net          -        -       -         -           1         
ENC_inst.enc_func\.10\.enc_top_inst.encoder_inst.CNT_DWN                         ORCALUT4     D        In      0.000     3.796 r     -         
ENC_inst.enc_func\.10\.enc_top_inst.encoder_inst.CNT_DWN                         ORCALUT4     Z        Out     0.708     4.504 r     -         
s_ENCCNTDWN                                                                      Net          -        -       -         -           3         
ENC_inst.enc_func\.10\.enc_top_inst.U_enc_lmt.un1_s_encerr_1_0_6_cry_0_0_RNO     ORCALUT4     C        In      0.000     4.504 r     -         
ENC_inst.enc_func\.10\.enc_top_inst.U_enc_lmt.un1_s_encerr_1_0_6_cry_0_0_RNO     ORCALUT4     Z        Out     0.606     5.110 r     -         
s_ENC_CNT_UP_ST                                                                  Net          -        -       -         -           1         
ENC_inst.enc_func\.10\.enc_top_inst.U_enc_lmt.un1_s_encerr_1_0_6_cry_0_0         CCU2C        B0       In      0.000     5.110 r     -         
ENC_inst.enc_func\.10\.enc_top_inst.U_enc_lmt.un1_s_encerr_1_0_6_cry_0_0         CCU2C        COUT     Out     0.900     6.010 r     -         
un1_s_encerr_1_0_6_cry_0                                                         Net          -        -       -         -           1         
ENC_inst.enc_func\.10\.enc_top_inst.U_enc_lmt.un1_s_encerr_1_0_6_cry_1_0         CCU2C        CIN      In      0.000     6.010 r     -         
ENC_inst.enc_func\.10\.enc_top_inst.U_enc_lmt.un1_s_encerr_1_0_6_cry_1_0         CCU2C        S1       Out     0.698     6.707 r     -         
un1_s_encerr_1_0_6[2]                                                            Net          -        -       -         -           1         
ENC_inst.enc_func\.10\.enc_top_inst.U_enc_lmt.un1_s_encerr_1_0_cry_1_0           CCU2C        B1       In      0.000     6.707 r     -         
ENC_inst.enc_func\.10\.enc_top_inst.U_enc_lmt.un1_s_encerr_1_0_cry_1_0           CCU2C        COUT     Out     0.900     7.607 r     -         
un1_s_encerr_1_0_cry_2                                                           Net          -        -       -         -           1         
ENC_inst.enc_func\.10\.enc_top_inst.U_enc_lmt.un1_s_encerr_1_0_cry_3_0           CCU2C        CIN      In      0.000     7.607 r     -         
ENC_inst.enc_func\.10\.enc_top_inst.U_enc_lmt.un1_s_encerr_1_0_cry_3_0           CCU2C        COUT     Out     0.061     7.668 r     -         
un1_s_encerr_1_0_cry_4                                                           Net          -        -       -         -           1         
ENC_inst.enc_func\.10\.enc_top_inst.U_enc_lmt.un1_s_encerr_1_0_cry_5_0           CCU2C        CIN      In      0.000     7.668 r     -         
ENC_inst.enc_func\.10\.enc_top_inst.U_enc_lmt.un1_s_encerr_1_0_cry_5_0           CCU2C        COUT     Out     0.061     7.729 r     -         
un1_s_encerr_1_0_cry_6                                                           Net          -        -       -         -           1         
ENC_inst.enc_func\.10\.enc_top_inst.U_enc_lmt.un1_s_encerr_1_0_cry_7_0           CCU2C        CIN      In      0.000     7.729 r     -         
ENC_inst.enc_func\.10\.enc_top_inst.U_enc_lmt.un1_s_encerr_1_0_cry_7_0           CCU2C        COUT     Out     0.061     7.790 r     -         
un1_s_encerr_1_0_cry_8                                                           Net          -        -       -         -           1         
ENC_inst.enc_func\.10\.enc_top_inst.U_enc_lmt.un1_s_encerr_1_0_cry_9_0           CCU2C        CIN      In      0.000     7.790 r     -         
ENC_inst.enc_func\.10\.enc_top_inst.U_enc_lmt.un1_s_encerr_1_0_cry_9_0           CCU2C        COUT     Out     0.061     7.851 r     -         
un1_s_encerr_1_0_cry_10                                                          Net          -        -       -         -           1         
ENC_inst.enc_func\.10\.enc_top_inst.U_enc_lmt.un1_s_encerr_1_0_cry_11_0          CCU2C        CIN      In      0.000     7.851 r     -         
ENC_inst.enc_func\.10\.enc_top_inst.U_enc_lmt.un1_s_encerr_1_0_cry_11_0          CCU2C        COUT     Out     0.061     7.912 r     -         
un1_s_encerr_1_0_cry_12                                                          Net          -        -       -         -           1         
ENC_inst.enc_func\.10\.enc_top_inst.U_enc_lmt.un1_s_encerr_1_0_s_13_0            CCU2C        CIN      In      0.000     7.912 r     -         
ENC_inst.enc_func\.10\.enc_top_inst.U_enc_lmt.un1_s_encerr_1_0_s_13_0            CCU2C        S0       Out     0.698     8.610 r     -         
un1_s_encerr_1_0_s_13_S0_9                                                       Net          -        -       -         -           1         
ENC_inst.enc_func\.10\.enc_top_inst.U_enc_lmt.s_encerr_5[13]                     ORCALUT4     B        In      0.000     8.610 r     -         
ENC_inst.enc_func\.10\.enc_top_inst.U_enc_lmt.s_encerr_5[13]                     ORCALUT4     Z        Out     0.390     9.000 r     -         
s_encerr_5[13]                                                                   Net          -        -       -         -           1         
ENC_inst.enc_func\.10\.enc_top_inst.U_enc_lmt.s_encerr[13]                       FD1S3BX      D        In      0.000     9.000 r     -         
===============================================================================================================================================


Path information for path number 4: 
      Requested Period:                      5.000
    - Setup time:                            0.054
    + Clock delay at ending point:           0.000 (ideal)
    = Required time:                         4.946

    - Propagation time:                      9.000
    - Clock delay at starting point:         0.000 (ideal)
    = Slack (non-critical) :                 -4.054

    Number of logic level(s):                16
    Starting point:                          gpio01.gpio_reg_inst.gpio_op_reg_inst5.GPO[1] / Q
    Ending point:                            ENC_inst.enc_func\.2\.enc_top_inst.U_enc_lmt.s_encerr[13] / D
    The start point is clocked by            pll_gen|CLKOS2_inferred_clock [rising] (rise=0.000 fall=2.500 period=5.000) on pin CK
    The end   point is clocked by            pll_gen|CLKOS2_inferred_clock [rising] (rise=0.000 fall=2.500 period=5.000) on pin CK

Instance / Net                                                                               Pin      Pin               Arrival     No. of    
Name                                                                            Type         Name     Dir     Delay     Time        Fan Out(s)
----------------------------------------------------------------------------------------------------------------------------------------------
gpio01.gpio_reg_inst.gpio_op_reg_inst5.GPO[1]                                   FD1P3DX      Q        Out     1.048     1.048 r     -         
s_ENC_INV[2]                                                                    Net          -        -       -         -           10        
ENC_inst.enc_func\.2\.enc_top_inst.encoder_inst.un1_lrstb_2                     ORCALUT4     B        In      0.000     1.048 r     -         
ENC_inst.enc_func\.2\.enc_top_inst.encoder_inst.un1_lrstb_2                     ORCALUT4     Z        Out     0.738     1.786 r     -         
un1_lrstb_2_3                                                                   Net          -        -       -         -           4         
ENC_inst.enc_func\.2\.enc_top_inst.encoder_inst.s_ph_b.ctrl                     ORCALUT4     B        In      0.000     1.786 r     -         
ENC_inst.enc_func\.2\.enc_top_inst.encoder_inst.s_ph_b.ctrl                     ORCALUT4     Z        Out     0.606     2.392 f     -         
ctrl_1                                                                          Net          -        -       -         -           2         
ENC_inst.enc_func\.2\.enc_top_inst.encoder_inst.s_ph_b.II_0_RNI94CR1            ORCALUT4     C        In      0.000     2.392 f     -         
ENC_inst.enc_func\.2\.enc_top_inst.encoder_inst.s_ph_b.II_0_RNI94CR1            ORCALUT4     Z        Out     0.798     3.190 r     -         
s_ph_b                                                                          Net          -        -       -         -           9         
ENC_inst.enc_func\.2\.enc_top_inst.encoder_inst.un2_s_ph_a_f[0]                 ORCALUT4     C        In      0.000     3.190 r     -         
ENC_inst.enc_func\.2\.enc_top_inst.encoder_inst.un2_s_ph_a_f[0]                 ORCALUT4     Z        Out     0.606     3.796 r     -         
un2_s_ph_a_f[0]                                                                 Net          -        -       -         -           1         
ENC_inst.enc_func\.2\.enc_top_inst.encoder_inst.CNT_DWN                         ORCALUT4     D        In      0.000     3.796 r     -         
ENC_inst.enc_func\.2\.enc_top_inst.encoder_inst.CNT_DWN                         ORCALUT4     Z        Out     0.708     4.504 r     -         
s_ENCCNTDWN                                                                     Net          -        -       -         -           3         
ENC_inst.enc_func\.2\.enc_top_inst.U_enc_lmt.un1_s_encerr_1_0_6_cry_0_0_RNO     ORCALUT4     C        In      0.000     4.504 r     -         
ENC_inst.enc_func\.2\.enc_top_inst.U_enc_lmt.un1_s_encerr_1_0_6_cry_0_0_RNO     ORCALUT4     Z        Out     0.606     5.110 r     -         
s_ENC_CNT_UP_ST                                                                 Net          -        -       -         -           1         
ENC_inst.enc_func\.2\.enc_top_inst.U_enc_lmt.un1_s_encerr_1_0_6_cry_0_0         CCU2C        B0       In      0.000     5.110 r     -         
ENC_inst.enc_func\.2\.enc_top_inst.U_enc_lmt.un1_s_encerr_1_0_6_cry_0_0         CCU2C        COUT     Out     0.900     6.010 r     -         
un1_s_encerr_1_0_6_cry_0                                                        Net          -        -       -         -           1         
ENC_inst.enc_func\.2\.enc_top_inst.U_enc_lmt.un1_s_encerr_1_0_6_cry_1_0         CCU2C        CIN      In      0.000     6.010 r     -         
ENC_inst.enc_func\.2\.enc_top_inst.U_enc_lmt.un1_s_encerr_1_0_6_cry_1_0         CCU2C        S1       Out     0.698     6.707 r     -         
un1_s_encerr_1_0_6[2]                                                           Net          -        -       -         -           1         
ENC_inst.enc_func\.2\.enc_top_inst.U_enc_lmt.un1_s_encerr_1_0_cry_1_0           CCU2C        B1       In      0.000     6.707 r     -         
ENC_inst.enc_func\.2\.enc_top_inst.U_enc_lmt.un1_s_encerr_1_0_cry_1_0           CCU2C        COUT     Out     0.900     7.607 r     -         
un1_s_encerr_1_0_cry_2                                                          Net          -        -       -         -           1         
ENC_inst.enc_func\.2\.enc_top_inst.U_enc_lmt.un1_s_encerr_1_0_cry_3_0           CCU2C        CIN      In      0.000     7.607 r     -         
ENC_inst.enc_func\.2\.enc_top_inst.U_enc_lmt.un1_s_encerr_1_0_cry_3_0           CCU2C        COUT     Out     0.061     7.668 r     -         
un1_s_encerr_1_0_cry_4                                                          Net          -        -       -         -           1         
ENC_inst.enc_func\.2\.enc_top_inst.U_enc_lmt.un1_s_encerr_1_0_cry_5_0           CCU2C        CIN      In      0.000     7.668 r     -         
ENC_inst.enc_func\.2\.enc_top_inst.U_enc_lmt.un1_s_encerr_1_0_cry_5_0           CCU2C        COUT     Out     0.061     7.729 r     -         
un1_s_encerr_1_0_cry_6                                                          Net          -        -       -         -           1         
ENC_inst.enc_func\.2\.enc_top_inst.U_enc_lmt.un1_s_encerr_1_0_cry_7_0           CCU2C        CIN      In      0.000     7.729 r     -         
ENC_inst.enc_func\.2\.enc_top_inst.U_enc_lmt.un1_s_encerr_1_0_cry_7_0           CCU2C        COUT     Out     0.061     7.790 r     -         
un1_s_encerr_1_0_cry_8                                                          Net          -        -       -         -           1         
ENC_inst.enc_func\.2\.enc_top_inst.U_enc_lmt.un1_s_encerr_1_0_cry_9_0           CCU2C        CIN      In      0.000     7.790 r     -         
ENC_inst.enc_func\.2\.enc_top_inst.U_enc_lmt.un1_s_encerr_1_0_cry_9_0           CCU2C        COUT     Out     0.061     7.851 r     -         
un1_s_encerr_1_0_cry_10                                                         Net          -        -       -         -           1         
ENC_inst.enc_func\.2\.enc_top_inst.U_enc_lmt.un1_s_encerr_1_0_cry_11_0          CCU2C        CIN      In      0.000     7.851 r     -         
ENC_inst.enc_func\.2\.enc_top_inst.U_enc_lmt.un1_s_encerr_1_0_cry_11_0          CCU2C        COUT     Out     0.061     7.912 r     -         
un1_s_encerr_1_0_cry_12                                                         Net          -        -       -         -           1         
ENC_inst.enc_func\.2\.enc_top_inst.U_enc_lmt.un1_s_encerr_1_0_s_13_0            CCU2C        CIN      In      0.000     7.912 r     -         
ENC_inst.enc_func\.2\.enc_top_inst.U_enc_lmt.un1_s_encerr_1_0_s_13_0            CCU2C        S0       Out     0.698     8.610 r     -         
un1_s_encerr_1_0_s_13_S0_3                                                      Net          -        -       -         -           1         
ENC_inst.enc_func\.2\.enc_top_inst.U_enc_lmt.s_encerr_5[13]                     ORCALUT4     B        In      0.000     8.610 r     -         
ENC_inst.enc_func\.2\.enc_top_inst.U_enc_lmt.s_encerr_5[13]                     ORCALUT4     Z        Out     0.390     9.000 r     -         
s_encerr_5[13]                                                                  Net          -        -       -         -           1         
ENC_inst.enc_func\.2\.enc_top_inst.U_enc_lmt.s_encerr[13]                       FD1S3BX      D        In      0.000     9.000 r     -         
==============================================================================================================================================


Path information for path number 5: 
      Requested Period:                      5.000
    - Setup time:                            0.054
    + Clock delay at ending point:           0.000 (ideal)
    = Required time:                         4.946

    - Propagation time:                      9.000
    - Clock delay at starting point:         0.000 (ideal)
    = Slack (non-critical) :                 -4.054

    Number of logic level(s):                16
    Starting point:                          gpio01.gpio_reg_inst.gpio_op_reg_inst6.GPO[2] / Q
    Ending point:                            ENC_inst.enc_func\.11\.enc_top_inst.U_enc_lmt.s_encerr[13] / D
    The start point is clocked by            pll_gen|CLKOS2_inferred_clock [rising] (rise=0.000 fall=2.500 period=5.000) on pin CK
    The end   point is clocked by            pll_gen|CLKOS2_inferred_clock [rising] (rise=0.000 fall=2.500 period=5.000) on pin CK

Instance / Net                                                                                Pin      Pin               Arrival     No. of    
Name                                                                             Type         Name     Dir     Delay     Time        Fan Out(s)
-----------------------------------------------------------------------------------------------------------------------------------------------
gpio01.gpio_reg_inst.gpio_op_reg_inst6.GPO[2]                                    FD1P3DX      Q        Out     1.048     1.048 r     -         
s_ENC_INV[11]                                                                    Net          -        -       -         -           10        
ENC_inst.enc_func\.11\.enc_top_inst.encoder_inst.un1_lrstb_2                     ORCALUT4     B        In      0.000     1.048 r     -         
ENC_inst.enc_func\.11\.enc_top_inst.encoder_inst.un1_lrstb_2                     ORCALUT4     Z        Out     0.738     1.786 r     -         
un1_lrstb_2_0                                                                    Net          -        -       -         -           4         
ENC_inst.enc_func\.11\.enc_top_inst.encoder_inst.s_ph_b.ctrl                     ORCALUT4     B        In      0.000     1.786 r     -         
ENC_inst.enc_func\.11\.enc_top_inst.encoder_inst.s_ph_b.ctrl                     ORCALUT4     Z        Out     0.606     2.392 f     -         
ctrl_1                                                                           Net          -        -       -         -           2         
ENC_inst.enc_func\.11\.enc_top_inst.encoder_inst.s_ph_b.II_0_RNIR3ME1            ORCALUT4     C        In      0.000     2.392 f     -         
ENC_inst.enc_func\.11\.enc_top_inst.encoder_inst.s_ph_b.II_0_RNIR3ME1            ORCALUT4     Z        Out     0.798     3.190 r     -         
s_ph_b                                                                           Net          -        -       -         -           9         
ENC_inst.enc_func\.11\.enc_top_inst.encoder_inst.un2_s_ph_a_f[0]                 ORCALUT4     C        In      0.000     3.190 r     -         
ENC_inst.enc_func\.11\.enc_top_inst.encoder_inst.un2_s_ph_a_f[0]                 ORCALUT4     Z        Out     0.606     3.796 r     -         
un2_s_ph_a_f[0]                                                                  Net          -        -       -         -           1         
ENC_inst.enc_func\.11\.enc_top_inst.encoder_inst.CNT_DWN                         ORCALUT4     D        In      0.000     3.796 r     -         
ENC_inst.enc_func\.11\.enc_top_inst.encoder_inst.CNT_DWN                         ORCALUT4     Z        Out     0.708     4.504 r     -         
s_ENCCNTDWN                                                                      Net          -        -       -         -           3         
ENC_inst.enc_func\.11\.enc_top_inst.U_enc_lmt.un1_s_encerr_1_0_6_cry_0_0_RNO     ORCALUT4     C        In      0.000     4.504 r     -         
ENC_inst.enc_func\.11\.enc_top_inst.U_enc_lmt.un1_s_encerr_1_0_6_cry_0_0_RNO     ORCALUT4     Z        Out     0.606     5.110 r     -         
s_ENC_CNT_UP_ST                                                                  Net          -        -       -         -           1         
ENC_inst.enc_func\.11\.enc_top_inst.U_enc_lmt.un1_s_encerr_1_0_6_cry_0_0         CCU2C        B0       In      0.000     5.110 r     -         
ENC_inst.enc_func\.11\.enc_top_inst.U_enc_lmt.un1_s_encerr_1_0_6_cry_0_0         CCU2C        COUT     Out     0.900     6.010 r     -         
un1_s_encerr_1_0_6_cry_0                                                         Net          -        -       -         -           1         
ENC_inst.enc_func\.11\.enc_top_inst.U_enc_lmt.un1_s_encerr_1_0_6_cry_1_0         CCU2C        CIN      In      0.000     6.010 r     -         
ENC_inst.enc_func\.11\.enc_top_inst.U_enc_lmt.un1_s_encerr_1_0_6_cry_1_0         CCU2C        S1       Out     0.698     6.707 r     -         
un1_s_encerr_1_0_6[2]                                                            Net          -        -       -         -           1         
ENC_inst.enc_func\.11\.enc_top_inst.U_enc_lmt.un1_s_encerr_1_0_cry_1_0           CCU2C        B1       In      0.000     6.707 r     -         
ENC_inst.enc_func\.11\.enc_top_inst.U_enc_lmt.un1_s_encerr_1_0_cry_1_0           CCU2C        COUT     Out     0.900     7.607 r     -         
un1_s_encerr_1_0_cry_2                                                           Net          -        -       -         -           1         
ENC_inst.enc_func\.11\.enc_top_inst.U_enc_lmt.un1_s_encerr_1_0_cry_3_0           CCU2C        CIN      In      0.000     7.607 r     -         
ENC_inst.enc_func\.11\.enc_top_inst.U_enc_lmt.un1_s_encerr_1_0_cry_3_0           CCU2C        COUT     Out     0.061     7.668 r     -         
un1_s_encerr_1_0_cry_4                                                           Net          -        -       -         -           1         
ENC_inst.enc_func\.11\.enc_top_inst.U_enc_lmt.un1_s_encerr_1_0_cry_5_0           CCU2C        CIN      In      0.000     7.668 r     -         
ENC_inst.enc_func\.11\.enc_top_inst.U_enc_lmt.un1_s_encerr_1_0_cry_5_0           CCU2C        COUT     Out     0.061     7.729 r     -         
un1_s_encerr_1_0_cry_6                                                           Net          -        -       -         -           1         
ENC_inst.enc_func\.11\.enc_top_inst.U_enc_lmt.un1_s_encerr_1_0_cry_7_0           CCU2C        CIN      In      0.000     7.729 r     -         
ENC_inst.enc_func\.11\.enc_top_inst.U_enc_lmt.un1_s_encerr_1_0_cry_7_0           CCU2C        COUT     Out     0.061     7.790 r     -         
un1_s_encerr_1_0_cry_8                                                           Net          -        -       -         -           1         
ENC_inst.enc_func\.11\.enc_top_inst.U_enc_lmt.un1_s_encerr_1_0_cry_9_0           CCU2C        CIN      In      0.000     7.790 r     -         
ENC_inst.enc_func\.11\.enc_top_inst.U_enc_lmt.un1_s_encerr_1_0_cry_9_0           CCU2C        COUT     Out     0.061     7.851 r     -         
un1_s_encerr_1_0_cry_10                                                          Net          -        -       -         -           1         
ENC_inst.enc_func\.11\.enc_top_inst.U_enc_lmt.un1_s_encerr_1_0_cry_11_0          CCU2C        CIN      In      0.000     7.851 r     -         
ENC_inst.enc_func\.11\.enc_top_inst.U_enc_lmt.un1_s_encerr_1_0_cry_11_0          CCU2C        COUT     Out     0.061     7.912 r     -         
un1_s_encerr_1_0_cry_12                                                          Net          -        -       -         -           1         
ENC_inst.enc_func\.11\.enc_top_inst.U_enc_lmt.un1_s_encerr_1_0_s_13_0            CCU2C        CIN      In      0.000     7.912 r     -         
ENC_inst.enc_func\.11\.enc_top_inst.U_enc_lmt.un1_s_encerr_1_0_s_13_0            CCU2C        S0       Out     0.698     8.610 r     -         
un1_s_encerr_1_0_s_13_S0_0                                                       Net          -        -       -         -           1         
ENC_inst.enc_func\.11\.enc_top_inst.U_enc_lmt.s_encerr_5[13]                     ORCALUT4     B        In      0.000     8.610 r     -         
ENC_inst.enc_func\.11\.enc_top_inst.U_enc_lmt.s_encerr_5[13]                     ORCALUT4     Z        Out     0.390     9.000 r     -         
s_encerr_5[13]                                                                   Net          -        -       -         -           1         
ENC_inst.enc_func\.11\.enc_top_inst.U_enc_lmt.s_encerr[13]                       FD1S3BX      D        In      0.000     9.000 r     -         
===============================================================================================================================================




====================================
Detailed Report for Clock: pll_gen|CLKOS3_inferred_clock
====================================



Starting Points with Worst Slack
********************************

                                                                   Starting                                                             Arrival           
Instance                                                           Reference                         Type        Pin     Net            Time        Slack 
                                                                   Clock                                                                                  
----------------------------------------------------------------------------------------------------------------------------------------------------------
slv_com_top_inst.slv_ctrl_top_inst.slv_rx_ctrl_inst.RX_F_fast      pll_gen|CLKOS3_inferred_clock     FD1P3DX     Q       RX_F_fast      1.063       -5.533
slv_com_top_inst.slv_ctrl_top_inst.slv_rx_ctrl_inst.LA_fast[3]     pll_gen|CLKOS3_inferred_clock     FD1P3DX     Q       LA_fast[3]     1.027       -5.497
slv_com_top_inst.slv_ctrl_top_inst.slv_tx_ctrl_inst.LA[3]          pll_gen|CLKOS3_inferred_clock     FD1P3DX     Q       LA_TX[3]       0.985       -5.455
slv_com_top_inst.slv_ctrl_top_inst.slv_tx_ctrl_inst.LA_fast[3]     pll_gen|CLKOS3_inferred_clock     FD1P3DX     Q       LA_fast[3]     1.009       -5.088
slv_com_top_inst.slv_ctrl_top_inst.slv_tx_ctrl_inst.LA[4]          pll_gen|CLKOS3_inferred_clock     FD1P3DX     Q       LA_TX[4]       1.015       -5.075
slv_com_top_inst.slv_ctrl_top_inst.slv_rx_ctrl_inst.LA_fast[4]     pll_gen|CLKOS3_inferred_clock     FD1P3DX     Q       LA_fast[4]     0.985       -5.045
slv_com_top_inst.slv_ctrl_top_inst.slv_tx_ctrl_inst.LA_fast[2]     pll_gen|CLKOS3_inferred_clock     FD1P3DX     Q       LA_fast[2]     0.907       -4.955
slv_com_top_inst.slv_ctrl_top_inst.slv_rx_ctrl_inst.LA_fast[2]     pll_gen|CLKOS3_inferred_clock     FD1P3DX     Q       LA_fast[2]     0.907       -4.955
slv_com_top_inst.slv_ctrl_top_inst.slv_rx_ctrl_inst.LA[0]          pll_gen|CLKOS3_inferred_clock     FD1P3DX     Q       LA_RX[0]       1.063       -4.927
slv_com_top_inst.slv_ctrl_top_inst.slv_rx_ctrl_inst.RX_F_rep1      pll_gen|CLKOS3_inferred_clock     FD1P3DX     Q       RX_F_rep1      1.039       -4.903
==========================================================================================================================================================


Ending Points with Worst Slack
******************************

                                                                                                                 Starting                                                                  Required           
Instance                                                                                                         Reference                         Type        Pin     Net                 Time         Slack 
                                                                                                                 Clock                                                                                        
--------------------------------------------------------------------------------------------------------------------------------------------------------------------------------------------------------------
slv_com_top_inst.slv_ctrl_top_inst.slv_tx_ctrl_inst.TX_D[3]                                                      pll_gen|CLKOS3_inferred_clock     FD1P3DX     D       TX_D_26[3]          4.946        -5.533
slv_com_top_inst.slv_ctrl_top_inst.slv_tx_ctrl_inst.TX_D[4]                                                      pll_gen|CLKOS3_inferred_clock     FD1P3DX     D       TX_D_26[4]          4.946        -5.533
slv_com_top_inst.slv_ctrl_top_inst.slv_tx_ctrl_inst.TX_D[1]                                                      pll_gen|CLKOS3_inferred_clock     FD1P3DX     D       TX_D_26[1]          4.946        -5.310
slv_com_top_inst.slv_ctrl_top_inst.slv_tx_ctrl_inst.TX_D[2]                                                      pll_gen|CLKOS3_inferred_clock     FD1P3DX     D       N_42                4.946        -5.310
slv_com_top_inst.slv_ctrl_top_inst.slv_tx_ctrl_inst.TX_D[6]                                                      pll_gen|CLKOS3_inferred_clock     FD1P3DX     D       TX_D_26[6]          4.946        -5.310
slv_com_top_inst.slv_ctrl_top_inst.slv_tx_ctrl_inst.TX_D[0]                                                      pll_gen|CLKOS3_inferred_clock     FD1P3DX     D       N_683_i             4.946        -5.280
slv_com_top_inst.slv_ctrl_top_inst.slv_tx_ctrl_inst.TX_D[5]                                                      pll_gen|CLKOS3_inferred_clock     FD1P3DX     D       TX_D_26[5]          4.946        -5.280
slv_com_top_inst.slv_ctrl_top_inst.slv_tx_ctrl_inst.TX_D[7]                                                      pll_gen|CLKOS3_inferred_clock     FD1P3DX     D       TX_D_26[7]          4.946        -4.884
slv_com_top_inst.rx_com_inst.dec8b10b_wrapper_inst.dec8b10b_new_inst.dec4b_3b_inst.KOUT3B                        pll_gen|CLKOS3_inferred_clock     FD1P3DX     D       N_90_i              2.446        -1.228
slv_com_top_inst.tx_com_inst.enc8b10b_wrapper_inst.enc8b10b_new_inst.enc8b_10b_inst.enc3b_4b_inst.DATAOUT[0]     pll_gen|CLKOS3_inferred_clock     FD1S3DX     D       RD_OUT_RNI5HTJ1     2.446        -0.838
==============================================================================================================================================================================================================



Worst Path Information
***********************


Path information for path number 1: 
      Requested Period:                      5.000
    - Setup time:                            0.054
    + Clock delay at ending point:           0.000 (ideal)
    = Required time:                         4.946

    - Propagation time:                      10.479
    - Clock delay at starting point:         0.000 (ideal)
    = Slack (critical) :                     -5.533

    Number of logic level(s):                15
    Starting point:                          slv_com_top_inst.slv_ctrl_top_inst.slv_rx_ctrl_inst.RX_F_fast / Q
    Ending point:                            slv_com_top_inst.slv_ctrl_top_inst.slv_tx_ctrl_inst.TX_D[3] / D
    The start point is clocked by            pll_gen|CLKOS3_inferred_clock [rising] (rise=0.000 fall=2.500 period=5.000) on pin CK
    The end   point is clocked by            pll_gen|CLKOS3_inferred_clock [rising] (rise=0.000 fall=2.500 period=5.000) on pin CK

Instance / Net                                                                   Pin      Pin               Arrival      No. of    
Name                                                                Type         Name     Dir     Delay     Time         Fan Out(s)
-----------------------------------------------------------------------------------------------------------------------------------
slv_com_top_inst.slv_ctrl_top_inst.slv_rx_ctrl_inst.RX_F_fast       FD1P3DX      Q        Out     1.063     1.063 r      -         
RX_F_fast                                                           Net          -        -       -         -            13        
stm01.ppmc_reg_S118M_inst.inst_ppmc_dec.sel29_0_a2_0_sx             ORCALUT4     B        In      0.000     1.063 r      -         
stm01.ppmc_reg_S118M_inst.inst_ppmc_dec.sel29_0_a2_0_sx             ORCALUT4     Z        Out     0.606     1.669 r      -         
sel29_0_a2_0_sx                                                     Net          -        -       -         -            1         
stm01.ppmc_reg_S118M_inst.inst_ppmc_dec.sel29_0_a2_0                ORCALUT4     D        In      0.000     1.669 r      -         
stm01.ppmc_reg_S118M_inst.inst_ppmc_dec.sel29_0_a2_0                ORCALUT4     Z        Out     0.967     2.636 f      -         
N_61                                                                Net          -        -       -         -            112       
stm01.ppmc_reg_S118M_inst.inst_ppmc_rgstr.REGDO_m3_1                ORCALUT4     D        In      0.000     2.636 f      -         
stm01.ppmc_reg_S118M_inst.inst_ppmc_rgstr.REGDO_m3_1                ORCALUT4     Z        Out     0.660     3.296 f      -         
REGDO_m3_1                                                          Net          -        -       -         -            2         
stm01.ppmc_reg_S118M_inst.inst_ppmc_rgstr.REGDO_m3                  ORCALUT4     D        In      0.000     3.296 f      -         
stm01.ppmc_reg_S118M_inst.inst_ppmc_rgstr.REGDO_m3                  ORCALUT4     Z        Out     0.660     3.956 f      -         
REGDO_i1_mux                                                        Net          -        -       -         -            2         
stm01.ppmc_reg_S118M_inst.inst_ppmc_rgstr.REGDO_0_iv_0_a2_60[5]     ORCALUT4     B        In      0.000     3.956 f      -         
stm01.ppmc_reg_S118M_inst.inst_ppmc_rgstr.REGDO_0_iv_0_a2_60[5]     ORCALUT4     Z        Out     0.606     4.562 r      -         
N_424                                                               Net          -        -       -         -            1         
stm01.ppmc_reg_S118M_inst.inst_ppmc_rgstr.REGDO_0_iv_0_a2_64[5]     ORCALUT4     C        In      0.000     4.562 r      -         
stm01.ppmc_reg_S118M_inst.inst_ppmc_rgstr.REGDO_0_iv_0_a2_64[5]     ORCALUT4     Z        Out     0.768     5.330 r      -         
N_429                                                               Net          -        -       -         -            6         
stm01.ppmc_reg_S118M_inst.inst_ppmc_rgstr.REGDO_0_iv_0_a2_22[5]     ORCALUT4     C        In      0.000     5.330 r      -         
stm01.ppmc_reg_S118M_inst.inst_ppmc_rgstr.REGDO_0_iv_0_a2_22[5]     ORCALUT4     Z        Out     0.798     6.128 r      -         
N_440                                                               Net          -        -       -         -            9         
stm01.ppmc_reg_S118M_inst.inst_ppmc_rgstr.REGDO_0_iv_0_a2_15[5]     ORCALUT4     D        In      0.000     6.128 r      -         
stm01.ppmc_reg_S118M_inst.inst_ppmc_rgstr.REGDO_0_iv_0_a2_15[5]     ORCALUT4     Z        Out     0.792     6.920 r      -         
N_477                                                               Net          -        -       -         -            8         
stm01.fc_sel_inst.LDO_i_a3_1[3]                                     ORCALUT4     D        In      0.000     6.920 r      -         
stm01.fc_sel_inst.LDO_i_a3_1[3]                                     ORCALUT4     Z        Out     0.606     7.526 f      -         
LDO_i_a3_1[3]                                                       Net          -        -       -         -            1         
stm01.fc_sel_inst.LDO_i_a3_3[3]                                     ORCALUT4     B        In      0.000     7.526 f      -         
stm01.fc_sel_inst.LDO_i_a3_3[3]                                     ORCALUT4     Z        Out     0.606     8.132 f      -         
LDO_i_a3_3[3]                                                       Net          -        -       -         -            1         
stm01.fc_sel_inst.LDO_i_a3_6[3]                                     ORCALUT4     A        In      0.000     8.132 f      -         
stm01.fc_sel_inst.LDO_i_a3_6[3]                                     ORCALUT4     Z        Out     0.606     8.738 f      -         
LDO_i_a3_6[3]                                                       Net          -        -       -         -            1         
stm01.fc_sel_inst.LDO_i_a3[3]                                       ORCALUT4     B        In      0.000     8.738 f      -         
stm01.fc_sel_inst.LDO_i_a3[3]                                       ORCALUT4     Z        Out     0.180     8.918 f      -         
N_653                                                               Net          -        -       -         -            1         
slv_com_top_inst.slv_ctrl_top_inst.nd_sel_inst.LDO_prm_2_3_0        CCU2C        A1       In      0.000     8.918 f      -         
slv_com_top_inst.slv_ctrl_top_inst.nd_sel_inst.LDO_prm_2_3_0        CCU2C        COUT     Out     0.900     9.818 r      -         
LDO_prm_1_3_cry                                                     Net          -        -       -         -            1         
slv_com_top_inst.slv_ctrl_top_inst.nd_sel_inst.LDO_prm_1_3_0        CCU2C        CIN      In      0.000     9.818 r      -         
slv_com_top_inst.slv_ctrl_top_inst.nd_sel_inst.LDO_prm_1_3_0        CCU2C        S0       Out     0.272     10.089 r     -         
LDO[3]                                                              Net          -        -       -         -            1         
slv_com_top_inst.slv_ctrl_top_inst.slv_tx_ctrl_inst.TX_D_RNO[3]     ORCALUT4     C        In      0.000     10.089 r     -         
slv_com_top_inst.slv_ctrl_top_inst.slv_tx_ctrl_inst.TX_D_RNO[3]     ORCALUT4     Z        Out     0.390     10.479 r     -         
TX_D_26[3]                                                          Net          -        -       -         -            1         
slv_com_top_inst.slv_ctrl_top_inst.slv_tx_ctrl_inst.TX_D[3]         FD1P3DX      D        In      0.000     10.479 r     -         
===================================================================================================================================


Path information for path number 2: 
      Requested Period:                      5.000
    - Setup time:                            0.054
    + Clock delay at ending point:           0.000 (ideal)
    = Required time:                         4.946

    - Propagation time:                      10.479
    - Clock delay at starting point:         0.000 (ideal)
    = Slack (critical) :                     -5.533

    Number of logic level(s):                15
    Starting point:                          slv_com_top_inst.slv_ctrl_top_inst.slv_rx_ctrl_inst.RX_F_fast / Q
    Ending point:                            slv_com_top_inst.slv_ctrl_top_inst.slv_tx_ctrl_inst.TX_D[4] / D
    The start point is clocked by            pll_gen|CLKOS3_inferred_clock [rising] (rise=0.000 fall=2.500 period=5.000) on pin CK
    The end   point is clocked by            pll_gen|CLKOS3_inferred_clock [rising] (rise=0.000 fall=2.500 period=5.000) on pin CK

Instance / Net                                                                   Pin      Pin               Arrival      No. of    
Name                                                                Type         Name     Dir     Delay     Time         Fan Out(s)
-----------------------------------------------------------------------------------------------------------------------------------
slv_com_top_inst.slv_ctrl_top_inst.slv_rx_ctrl_inst.RX_F_fast       FD1P3DX      Q        Out     1.063     1.063 r      -         
RX_F_fast                                                           Net          -        -       -         -            13        
stm01.ppmc_reg_S118M_inst.inst_ppmc_dec.sel29_0_a2_0_sx             ORCALUT4     B        In      0.000     1.063 r      -         
stm01.ppmc_reg_S118M_inst.inst_ppmc_dec.sel29_0_a2_0_sx             ORCALUT4     Z        Out     0.606     1.669 r      -         
sel29_0_a2_0_sx                                                     Net          -        -       -         -            1         
stm01.ppmc_reg_S118M_inst.inst_ppmc_dec.sel29_0_a2_0                ORCALUT4     D        In      0.000     1.669 r      -         
stm01.ppmc_reg_S118M_inst.inst_ppmc_dec.sel29_0_a2_0                ORCALUT4     Z        Out     0.967     2.636 f      -         
N_61                                                                Net          -        -       -         -            112       
stm01.ppmc_reg_S118M_inst.inst_ppmc_rgstr.REGDO_m3_1                ORCALUT4     D        In      0.000     2.636 f      -         
stm01.ppmc_reg_S118M_inst.inst_ppmc_rgstr.REGDO_m3_1                ORCALUT4     Z        Out     0.660     3.296 f      -         
REGDO_m3_1                                                          Net          -        -       -         -            2         
stm01.ppmc_reg_S118M_inst.inst_ppmc_rgstr.REGDO_m3                  ORCALUT4     D        In      0.000     3.296 f      -         
stm01.ppmc_reg_S118M_inst.inst_ppmc_rgstr.REGDO_m3                  ORCALUT4     Z        Out     0.660     3.956 f      -         
REGDO_i1_mux                                                        Net          -        -       -         -            2         
stm01.ppmc_reg_S118M_inst.inst_ppmc_rgstr.REGDO_0_iv_0_a2_60[5]     ORCALUT4     B        In      0.000     3.956 f      -         
stm01.ppmc_reg_S118M_inst.inst_ppmc_rgstr.REGDO_0_iv_0_a2_60[5]     ORCALUT4     Z        Out     0.606     4.562 r      -         
N_424                                                               Net          -        -       -         -            1         
stm01.ppmc_reg_S118M_inst.inst_ppmc_rgstr.REGDO_0_iv_0_a2_64[5]     ORCALUT4     C        In      0.000     4.562 r      -         
stm01.ppmc_reg_S118M_inst.inst_ppmc_rgstr.REGDO_0_iv_0_a2_64[5]     ORCALUT4     Z        Out     0.768     5.330 r      -         
N_429                                                               Net          -        -       -         -            6         
stm01.ppmc_reg_S118M_inst.inst_ppmc_rgstr.REGDO_0_iv_0_a2_22[5]     ORCALUT4     C        In      0.000     5.330 r      -         
stm01.ppmc_reg_S118M_inst.inst_ppmc_rgstr.REGDO_0_iv_0_a2_22[5]     ORCALUT4     Z        Out     0.798     6.128 r      -         
N_440                                                               Net          -        -       -         -            9         
stm01.ppmc_reg_S118M_inst.inst_ppmc_rgstr.REGDO_0_iv_0_a2_15[5]     ORCALUT4     D        In      0.000     6.128 r      -         
stm01.ppmc_reg_S118M_inst.inst_ppmc_rgstr.REGDO_0_iv_0_a2_15[5]     ORCALUT4     Z        Out     0.792     6.920 r      -         
N_477                                                               Net          -        -       -         -            8         
stm01.fc_sel_inst.LDO_i_a3_1[4]                                     ORCALUT4     D        In      0.000     6.920 r      -         
stm01.fc_sel_inst.LDO_i_a3_1[4]                                     ORCALUT4     Z        Out     0.606     7.526 f      -         
LDO_i_a3_1[4]                                                       Net          -        -       -         -            1         
stm01.fc_sel_inst.LDO_i_a3_3[4]                                     ORCALUT4     B        In      0.000     7.526 f      -         
stm01.fc_sel_inst.LDO_i_a3_3[4]                                     ORCALUT4     Z        Out     0.606     8.132 f      -         
LDO_i_a3_3[4]                                                       Net          -        -       -         -            1         
stm01.fc_sel_inst.LDO_i_a3_12[4]                                    ORCALUT4     B        In      0.000     8.132 f      -         
stm01.fc_sel_inst.LDO_i_a3_12[4]                                    ORCALUT4     Z        Out     0.606     8.738 f      -         
LDO_i_a3_12[4]                                                      Net          -        -       -         -            1         
stm01.fc_sel_inst.LDO_i_a3[4]                                       ORCALUT4     C        In      0.000     8.738 f      -         
stm01.fc_sel_inst.LDO_i_a3[4]                                       ORCALUT4     Z        Out     0.180     8.918 f      -         
N_652                                                               Net          -        -       -         -            1         
slv_com_top_inst.slv_ctrl_top_inst.nd_sel_inst.LDO_prm_2_4_0        CCU2C        A1       In      0.000     8.918 f      -         
slv_com_top_inst.slv_ctrl_top_inst.nd_sel_inst.LDO_prm_2_4_0        CCU2C        COUT     Out     0.900     9.818 r      -         
LDO_prm_1_4_cry                                                     Net          -        -       -         -            1         
slv_com_top_inst.slv_ctrl_top_inst.nd_sel_inst.LDO_prm_1_4_0        CCU2C        CIN      In      0.000     9.818 r      -         
slv_com_top_inst.slv_ctrl_top_inst.nd_sel_inst.LDO_prm_1_4_0        CCU2C        S0       Out     0.272     10.089 r     -         
LDO[4]                                                              Net          -        -       -         -            1         
slv_com_top_inst.slv_ctrl_top_inst.slv_tx_ctrl_inst.TX_D_RNO[4]     ORCALUT4     C        In      0.000     10.089 r     -         
slv_com_top_inst.slv_ctrl_top_inst.slv_tx_ctrl_inst.TX_D_RNO[4]     ORCALUT4     Z        Out     0.390     10.479 r     -         
TX_D_26[4]                                                          Net          -        -       -         -            1         
slv_com_top_inst.slv_ctrl_top_inst.slv_tx_ctrl_inst.TX_D[4]         FD1P3DX      D        In      0.000     10.479 r     -         
===================================================================================================================================


Path information for path number 3: 
      Requested Period:                      5.000
    - Setup time:                            0.054
    + Clock delay at ending point:           0.000 (ideal)
    = Required time:                         4.946

    - Propagation time:                      10.443
    - Clock delay at starting point:         0.000 (ideal)
    = Slack (non-critical) :                 -5.497

    Number of logic level(s):                15
    Starting point:                          slv_com_top_inst.slv_ctrl_top_inst.slv_rx_ctrl_inst.LA_fast[3] / Q
    Ending point:                            slv_com_top_inst.slv_ctrl_top_inst.slv_tx_ctrl_inst.TX_D[3] / D
    The start point is clocked by            pll_gen|CLKOS3_inferred_clock [rising] (rise=0.000 fall=2.500 period=5.000) on pin CK
    The end   point is clocked by            pll_gen|CLKOS3_inferred_clock [rising] (rise=0.000 fall=2.500 period=5.000) on pin CK

Instance / Net                                                                   Pin      Pin               Arrival      No. of    
Name                                                                Type         Name     Dir     Delay     Time         Fan Out(s)
-----------------------------------------------------------------------------------------------------------------------------------
slv_com_top_inst.slv_ctrl_top_inst.slv_rx_ctrl_inst.LA_fast[3]      FD1P3DX      Q        Out     1.027     1.027 r      -         
LA_fast[3]                                                          Net          -        -       -         -            7         
stm01.ppmc_reg_S118M_inst.inst_ppmc_dec.sel29_0_a2_0_sx             ORCALUT4     C        In      0.000     1.027 r      -         
stm01.ppmc_reg_S118M_inst.inst_ppmc_dec.sel29_0_a2_0_sx             ORCALUT4     Z        Out     0.606     1.633 r      -         
sel29_0_a2_0_sx                                                     Net          -        -       -         -            1         
stm01.ppmc_reg_S118M_inst.inst_ppmc_dec.sel29_0_a2_0                ORCALUT4     D        In      0.000     1.633 r      -         
stm01.ppmc_reg_S118M_inst.inst_ppmc_dec.sel29_0_a2_0                ORCALUT4     Z        Out     0.967     2.600 f      -         
N_61                                                                Net          -        -       -         -            112       
stm01.ppmc_reg_S118M_inst.inst_ppmc_rgstr.REGDO_m3_1                ORCALUT4     D        In      0.000     2.600 f      -         
stm01.ppmc_reg_S118M_inst.inst_ppmc_rgstr.REGDO_m3_1                ORCALUT4     Z        Out     0.660     3.260 f      -         
REGDO_m3_1                                                          Net          -        -       -         -            2         
stm01.ppmc_reg_S118M_inst.inst_ppmc_rgstr.REGDO_m3                  ORCALUT4     D        In      0.000     3.260 f      -         
stm01.ppmc_reg_S118M_inst.inst_ppmc_rgstr.REGDO_m3                  ORCALUT4     Z        Out     0.660     3.920 f      -         
REGDO_i1_mux                                                        Net          -        -       -         -            2         
stm01.ppmc_reg_S118M_inst.inst_ppmc_rgstr.REGDO_0_iv_0_a2_60[5]     ORCALUT4     B        In      0.000     3.920 f      -         
stm01.ppmc_reg_S118M_inst.inst_ppmc_rgstr.REGDO_0_iv_0_a2_60[5]     ORCALUT4     Z        Out     0.606     4.526 r      -         
N_424                                                               Net          -        -       -         -            1         
stm01.ppmc_reg_S118M_inst.inst_ppmc_rgstr.REGDO_0_iv_0_a2_64[5]     ORCALUT4     C        In      0.000     4.526 r      -         
stm01.ppmc_reg_S118M_inst.inst_ppmc_rgstr.REGDO_0_iv_0_a2_64[5]     ORCALUT4     Z        Out     0.768     5.294 r      -         
N_429                                                               Net          -        -       -         -            6         
stm01.ppmc_reg_S118M_inst.inst_ppmc_rgstr.REGDO_0_iv_0_a2_22[5]     ORCALUT4     C        In      0.000     5.294 r      -         
stm01.ppmc_reg_S118M_inst.inst_ppmc_rgstr.REGDO_0_iv_0_a2_22[5]     ORCALUT4     Z        Out     0.798     6.092 r      -         
N_440                                                               Net          -        -       -         -            9         
stm01.ppmc_reg_S118M_inst.inst_ppmc_rgstr.REGDO_0_iv_0_a2_15[5]     ORCALUT4     D        In      0.000     6.092 r      -         
stm01.ppmc_reg_S118M_inst.inst_ppmc_rgstr.REGDO_0_iv_0_a2_15[5]     ORCALUT4     Z        Out     0.792     6.884 r      -         
N_477                                                               Net          -        -       -         -            8         
stm01.fc_sel_inst.LDO_i_a3_1[3]                                     ORCALUT4     D        In      0.000     6.884 r      -         
stm01.fc_sel_inst.LDO_i_a3_1[3]                                     ORCALUT4     Z        Out     0.606     7.490 f      -         
LDO_i_a3_1[3]                                                       Net          -        -       -         -            1         
stm01.fc_sel_inst.LDO_i_a3_3[3]                                     ORCALUT4     B        In      0.000     7.490 f      -         
stm01.fc_sel_inst.LDO_i_a3_3[3]                                     ORCALUT4     Z        Out     0.606     8.096 f      -         
LDO_i_a3_3[3]                                                       Net          -        -       -         -            1         
stm01.fc_sel_inst.LDO_i_a3_6[3]                                     ORCALUT4     A        In      0.000     8.096 f      -         
stm01.fc_sel_inst.LDO_i_a3_6[3]                                     ORCALUT4     Z        Out     0.606     8.702 f      -         
LDO_i_a3_6[3]                                                       Net          -        -       -         -            1         
stm01.fc_sel_inst.LDO_i_a3[3]                                       ORCALUT4     B        In      0.000     8.702 f      -         
stm01.fc_sel_inst.LDO_i_a3[3]                                       ORCALUT4     Z        Out     0.180     8.882 f      -         
N_653                                                               Net          -        -       -         -            1         
slv_com_top_inst.slv_ctrl_top_inst.nd_sel_inst.LDO_prm_2_3_0        CCU2C        A1       In      0.000     8.882 f      -         
slv_com_top_inst.slv_ctrl_top_inst.nd_sel_inst.LDO_prm_2_3_0        CCU2C        COUT     Out     0.900     9.782 r      -         
LDO_prm_1_3_cry                                                     Net          -        -       -         -            1         
slv_com_top_inst.slv_ctrl_top_inst.nd_sel_inst.LDO_prm_1_3_0        CCU2C        CIN      In      0.000     9.782 r      -         
slv_com_top_inst.slv_ctrl_top_inst.nd_sel_inst.LDO_prm_1_3_0        CCU2C        S0       Out     0.272     10.053 r     -         
LDO[3]                                                              Net          -        -       -         -            1         
slv_com_top_inst.slv_ctrl_top_inst.slv_tx_ctrl_inst.TX_D_RNO[3]     ORCALUT4     C        In      0.000     10.053 r     -         
slv_com_top_inst.slv_ctrl_top_inst.slv_tx_ctrl_inst.TX_D_RNO[3]     ORCALUT4     Z        Out     0.390     10.443 r     -         
TX_D_26[3]                                                          Net          -        -       -         -            1         
slv_com_top_inst.slv_ctrl_top_inst.slv_tx_ctrl_inst.TX_D[3]         FD1P3DX      D        In      0.000     10.443 r     -         
===================================================================================================================================


Path information for path number 4: 
      Requested Period:                      5.000
    - Setup time:                            0.054
    + Clock delay at ending point:           0.000 (ideal)
    = Required time:                         4.946

    - Propagation time:                      10.443
    - Clock delay at starting point:         0.000 (ideal)
    = Slack (non-critical) :                 -5.497

    Number of logic level(s):                15
    Starting point:                          slv_com_top_inst.slv_ctrl_top_inst.slv_rx_ctrl_inst.LA_fast[3] / Q
    Ending point:                            slv_com_top_inst.slv_ctrl_top_inst.slv_tx_ctrl_inst.TX_D[4] / D
    The start point is clocked by            pll_gen|CLKOS3_inferred_clock [rising] (rise=0.000 fall=2.500 period=5.000) on pin CK
    The end   point is clocked by            pll_gen|CLKOS3_inferred_clock [rising] (rise=0.000 fall=2.500 period=5.000) on pin CK

Instance / Net                                                                   Pin      Pin               Arrival      No. of    
Name                                                                Type         Name     Dir     Delay     Time         Fan Out(s)
-----------------------------------------------------------------------------------------------------------------------------------
slv_com_top_inst.slv_ctrl_top_inst.slv_rx_ctrl_inst.LA_fast[3]      FD1P3DX      Q        Out     1.027     1.027 r      -         
LA_fast[3]                                                          Net          -        -       -         -            7         
stm01.ppmc_reg_S118M_inst.inst_ppmc_dec.sel29_0_a2_0_sx             ORCALUT4     C        In      0.000     1.027 r      -         
stm01.ppmc_reg_S118M_inst.inst_ppmc_dec.sel29_0_a2_0_sx             ORCALUT4     Z        Out     0.606     1.633 r      -         
sel29_0_a2_0_sx                                                     Net          -        -       -         -            1         
stm01.ppmc_reg_S118M_inst.inst_ppmc_dec.sel29_0_a2_0                ORCALUT4     D        In      0.000     1.633 r      -         
stm01.ppmc_reg_S118M_inst.inst_ppmc_dec.sel29_0_a2_0                ORCALUT4     Z        Out     0.967     2.600 f      -         
N_61                                                                Net          -        -       -         -            112       
stm01.ppmc_reg_S118M_inst.inst_ppmc_rgstr.REGDO_m3_1                ORCALUT4     D        In      0.000     2.600 f      -         
stm01.ppmc_reg_S118M_inst.inst_ppmc_rgstr.REGDO_m3_1                ORCALUT4     Z        Out     0.660     3.260 f      -         
REGDO_m3_1                                                          Net          -        -       -         -            2         
stm01.ppmc_reg_S118M_inst.inst_ppmc_rgstr.REGDO_m3                  ORCALUT4     D        In      0.000     3.260 f      -         
stm01.ppmc_reg_S118M_inst.inst_ppmc_rgstr.REGDO_m3                  ORCALUT4     Z        Out     0.660     3.920 f      -         
REGDO_i1_mux                                                        Net          -        -       -         -            2         
stm01.ppmc_reg_S118M_inst.inst_ppmc_rgstr.REGDO_0_iv_0_a2_60[5]     ORCALUT4     B        In      0.000     3.920 f      -         
stm01.ppmc_reg_S118M_inst.inst_ppmc_rgstr.REGDO_0_iv_0_a2_60[5]     ORCALUT4     Z        Out     0.606     4.526 r      -         
N_424                                                               Net          -        -       -         -            1         
stm01.ppmc_reg_S118M_inst.inst_ppmc_rgstr.REGDO_0_iv_0_a2_64[5]     ORCALUT4     C        In      0.000     4.526 r      -         
stm01.ppmc_reg_S118M_inst.inst_ppmc_rgstr.REGDO_0_iv_0_a2_64[5]     ORCALUT4     Z        Out     0.768     5.294 r      -         
N_429                                                               Net          -        -       -         -            6         
stm01.ppmc_reg_S118M_inst.inst_ppmc_rgstr.REGDO_0_iv_0_a2_22[5]     ORCALUT4     C        In      0.000     5.294 r      -         
stm01.ppmc_reg_S118M_inst.inst_ppmc_rgstr.REGDO_0_iv_0_a2_22[5]     ORCALUT4     Z        Out     0.798     6.092 r      -         
N_440                                                               Net          -        -       -         -            9         
stm01.ppmc_reg_S118M_inst.inst_ppmc_rgstr.REGDO_0_iv_0_a2_15[5]     ORCALUT4     D        In      0.000     6.092 r      -         
stm01.ppmc_reg_S118M_inst.inst_ppmc_rgstr.REGDO_0_iv_0_a2_15[5]     ORCALUT4     Z        Out     0.792     6.884 r      -         
N_477                                                               Net          -        -       -         -            8         
stm01.fc_sel_inst.LDO_i_a3_1[4]                                     ORCALUT4     D        In      0.000     6.884 r      -         
stm01.fc_sel_inst.LDO_i_a3_1[4]                                     ORCALUT4     Z        Out     0.606     7.490 f      -         
LDO_i_a3_1[4]                                                       Net          -        -       -         -            1         
stm01.fc_sel_inst.LDO_i_a3_3[4]                                     ORCALUT4     B        In      0.000     7.490 f      -         
stm01.fc_sel_inst.LDO_i_a3_3[4]                                     ORCALUT4     Z        Out     0.606     8.096 f      -         
LDO_i_a3_3[4]                                                       Net          -        -       -         -            1         
stm01.fc_sel_inst.LDO_i_a3_12[4]                                    ORCALUT4     B        In      0.000     8.096 f      -         
stm01.fc_sel_inst.LDO_i_a3_12[4]                                    ORCALUT4     Z        Out     0.606     8.702 f      -         
LDO_i_a3_12[4]                                                      Net          -        -       -         -            1         
stm01.fc_sel_inst.LDO_i_a3[4]                                       ORCALUT4     C        In      0.000     8.702 f      -         
stm01.fc_sel_inst.LDO_i_a3[4]                                       ORCALUT4     Z        Out     0.180     8.882 f      -         
N_652                                                               Net          -        -       -         -            1         
slv_com_top_inst.slv_ctrl_top_inst.nd_sel_inst.LDO_prm_2_4_0        CCU2C        A1       In      0.000     8.882 f      -         
slv_com_top_inst.slv_ctrl_top_inst.nd_sel_inst.LDO_prm_2_4_0        CCU2C        COUT     Out     0.900     9.782 r      -         
LDO_prm_1_4_cry                                                     Net          -        -       -         -            1         
slv_com_top_inst.slv_ctrl_top_inst.nd_sel_inst.LDO_prm_1_4_0        CCU2C        CIN      In      0.000     9.782 r      -         
slv_com_top_inst.slv_ctrl_top_inst.nd_sel_inst.LDO_prm_1_4_0        CCU2C        S0       Out     0.272     10.053 r     -         
LDO[4]                                                              Net          -        -       -         -            1         
slv_com_top_inst.slv_ctrl_top_inst.slv_tx_ctrl_inst.TX_D_RNO[4]     ORCALUT4     C        In      0.000     10.053 r     -         
slv_com_top_inst.slv_ctrl_top_inst.slv_tx_ctrl_inst.TX_D_RNO[4]     ORCALUT4     Z        Out     0.390     10.443 r     -         
TX_D_26[4]                                                          Net          -        -       -         -            1         
slv_com_top_inst.slv_ctrl_top_inst.slv_tx_ctrl_inst.TX_D[4]         FD1P3DX      D        In      0.000     10.443 r     -         
===================================================================================================================================


Path information for path number 5: 
      Requested Period:                      5.000
    - Setup time:                            0.054
    + Clock delay at ending point:           0.000 (ideal)
    = Required time:                         4.946

    - Propagation time:                      10.401
    - Clock delay at starting point:         0.000 (ideal)
    = Slack (non-critical) :                 -5.455

    Number of logic level(s):                15
    Starting point:                          slv_com_top_inst.slv_ctrl_top_inst.slv_tx_ctrl_inst.LA[3] / Q
    Ending point:                            slv_com_top_inst.slv_ctrl_top_inst.slv_tx_ctrl_inst.TX_D[3] / D
    The start point is clocked by            pll_gen|CLKOS3_inferred_clock [rising] (rise=0.000 fall=2.500 period=5.000) on pin CK
    The end   point is clocked by            pll_gen|CLKOS3_inferred_clock [rising] (rise=0.000 fall=2.500 period=5.000) on pin CK

Instance / Net                                                                   Pin      Pin               Arrival      No. of    
Name                                                                Type         Name     Dir     Delay     Time         Fan Out(s)
-----------------------------------------------------------------------------------------------------------------------------------
slv_com_top_inst.slv_ctrl_top_inst.slv_tx_ctrl_inst.LA[3]           FD1P3DX      Q        Out     0.985     0.985 r      -         
LA_TX[3]                                                            Net          -        -       -         -            4         
stm01.ppmc_reg_S118M_inst.inst_ppmc_dec.sel29_0_a2_0_sx             ORCALUT4     A        In      0.000     0.985 r      -         
stm01.ppmc_reg_S118M_inst.inst_ppmc_dec.sel29_0_a2_0_sx             ORCALUT4     Z        Out     0.606     1.591 r      -         
sel29_0_a2_0_sx                                                     Net          -        -       -         -            1         
stm01.ppmc_reg_S118M_inst.inst_ppmc_dec.sel29_0_a2_0                ORCALUT4     D        In      0.000     1.591 r      -         
stm01.ppmc_reg_S118M_inst.inst_ppmc_dec.sel29_0_a2_0                ORCALUT4     Z        Out     0.967     2.558 f      -         
N_61                                                                Net          -        -       -         -            112       
stm01.ppmc_reg_S118M_inst.inst_ppmc_rgstr.REGDO_m3_1                ORCALUT4     D        In      0.000     2.558 f      -         
stm01.ppmc_reg_S118M_inst.inst_ppmc_rgstr.REGDO_m3_1                ORCALUT4     Z        Out     0.660     3.218 f      -         
REGDO_m3_1                                                          Net          -        -       -         -            2         
stm01.ppmc_reg_S118M_inst.inst_ppmc_rgstr.REGDO_m3                  ORCALUT4     D        In      0.000     3.218 f      -         
stm01.ppmc_reg_S118M_inst.inst_ppmc_rgstr.REGDO_m3                  ORCALUT4     Z        Out     0.660     3.878 f      -         
REGDO_i1_mux                                                        Net          -        -       -         -            2         
stm01.ppmc_reg_S118M_inst.inst_ppmc_rgstr.REGDO_0_iv_0_a2_60[5]     ORCALUT4     B        In      0.000     3.878 f      -         
stm01.ppmc_reg_S118M_inst.inst_ppmc_rgstr.REGDO_0_iv_0_a2_60[5]     ORCALUT4     Z        Out     0.606     4.484 r      -         
N_424                                                               Net          -        -       -         -            1         
stm01.ppmc_reg_S118M_inst.inst_ppmc_rgstr.REGDO_0_iv_0_a2_64[5]     ORCALUT4     C        In      0.000     4.484 r      -         
stm01.ppmc_reg_S118M_inst.inst_ppmc_rgstr.REGDO_0_iv_0_a2_64[5]     ORCALUT4     Z        Out     0.768     5.252 r      -         
N_429                                                               Net          -        -       -         -            6         
stm01.ppmc_reg_S118M_inst.inst_ppmc_rgstr.REGDO_0_iv_0_a2_22[5]     ORCALUT4     C        In      0.000     5.252 r      -         
stm01.ppmc_reg_S118M_inst.inst_ppmc_rgstr.REGDO_0_iv_0_a2_22[5]     ORCALUT4     Z        Out     0.798     6.050 r      -         
N_440                                                               Net          -        -       -         -            9         
stm01.ppmc_reg_S118M_inst.inst_ppmc_rgstr.REGDO_0_iv_0_a2_15[5]     ORCALUT4     D        In      0.000     6.050 r      -         
stm01.ppmc_reg_S118M_inst.inst_ppmc_rgstr.REGDO_0_iv_0_a2_15[5]     ORCALUT4     Z        Out     0.792     6.842 r      -         
N_477                                                               Net          -        -       -         -            8         
stm01.fc_sel_inst.LDO_i_a3_1[3]                                     ORCALUT4     D        In      0.000     6.842 r      -         
stm01.fc_sel_inst.LDO_i_a3_1[3]                                     ORCALUT4     Z        Out     0.606     7.448 f      -         
LDO_i_a3_1[3]                                                       Net          -        -       -         -            1         
stm01.fc_sel_inst.LDO_i_a3_3[3]                                     ORCALUT4     B        In      0.000     7.448 f      -         
stm01.fc_sel_inst.LDO_i_a3_3[3]                                     ORCALUT4     Z        Out     0.606     8.054 f      -         
LDO_i_a3_3[3]                                                       Net          -        -       -         -            1         
stm01.fc_sel_inst.LDO_i_a3_6[3]                                     ORCALUT4     A        In      0.000     8.054 f      -         
stm01.fc_sel_inst.LDO_i_a3_6[3]                                     ORCALUT4     Z        Out     0.606     8.660 f      -         
LDO_i_a3_6[3]                                                       Net          -        -       -         -            1         
stm01.fc_sel_inst.LDO_i_a3[3]                                       ORCALUT4     B        In      0.000     8.660 f      -         
stm01.fc_sel_inst.LDO_i_a3[3]                                       ORCALUT4     Z        Out     0.180     8.840 f      -         
N_653                                                               Net          -        -       -         -            1         
slv_com_top_inst.slv_ctrl_top_inst.nd_sel_inst.LDO_prm_2_3_0        CCU2C        A1       In      0.000     8.840 f      -         
slv_com_top_inst.slv_ctrl_top_inst.nd_sel_inst.LDO_prm_2_3_0        CCU2C        COUT     Out     0.900     9.740 r      -         
LDO_prm_1_3_cry                                                     Net          -        -       -         -            1         
slv_com_top_inst.slv_ctrl_top_inst.nd_sel_inst.LDO_prm_1_3_0        CCU2C        CIN      In      0.000     9.740 r      -         
slv_com_top_inst.slv_ctrl_top_inst.nd_sel_inst.LDO_prm_1_3_0        CCU2C        S0       Out     0.272     10.011 r     -         
LDO[3]                                                              Net          -        -       -         -            1         
slv_com_top_inst.slv_ctrl_top_inst.slv_tx_ctrl_inst.TX_D_RNO[3]     ORCALUT4     C        In      0.000     10.011 r     -         
slv_com_top_inst.slv_ctrl_top_inst.slv_tx_ctrl_inst.TX_D_RNO[3]     ORCALUT4     Z        Out     0.390     10.401 r     -         
TX_D_26[3]                                                          Net          -        -       -         -            1         
slv_com_top_inst.slv_ctrl_top_inst.slv_tx_ctrl_inst.TX_D[3]         FD1P3DX      D        In      0.000     10.401 r     -         
===================================================================================================================================




====================================
Detailed Report for Clock: pll_gen|CLKOS_inferred_clock
====================================



Starting Points with Worst Slack
********************************

                                                 Starting                                                                Arrival          
Instance                                         Reference                        Type        Pin     Net                Time        Slack
                                                 Clock                                                                                    
------------------------------------------------------------------------------------------------------------------------------------------
slv_com_top_inst.rst_cnt_inst.clk2An_cntr[0]     pll_gen|CLKOS_inferred_clock     FD1P3DX     Q       clk2An_cntr[0]     0.853       1.923
slv_com_top_inst.rst_cnt_inst.clk2Ap_cntr[0]     pll_gen|CLKOS_inferred_clock     FD1P3DX     Q       clk2Ap_cntr[0]     0.853       1.923
slv_com_top_inst.rst_cnt_inst.clk2An_cntr[1]     pll_gen|CLKOS_inferred_clock     FD1P3DX     Q       clk2An_cntr[1]     0.853       1.984
slv_com_top_inst.rst_cnt_inst.clk2An_cntr[2]     pll_gen|CLKOS_inferred_clock     FD1P3DX     Q       clk2An_cntr[2]     0.853       1.984
slv_com_top_inst.rst_cnt_inst.clk2Ap_cntr[1]     pll_gen|CLKOS_inferred_clock     FD1P3DX     Q       clk2Ap_cntr[1]     0.853       1.984
slv_com_top_inst.rst_cnt_inst.clk2Ap_cntr[2]     pll_gen|CLKOS_inferred_clock     FD1P3DX     Q       clk2Ap_cntr[2]     0.853       1.984
slv_com_top_inst.rst_cnt_inst.clk2An_cntr[3]     pll_gen|CLKOS_inferred_clock     FD1P3DX     Q       clk2An_cntr[3]     0.853       2.045
slv_com_top_inst.rst_cnt_inst.clk2An_cntr[4]     pll_gen|CLKOS_inferred_clock     FD1P3DX     Q       clk2An_cntr[4]     0.853       2.045
slv_com_top_inst.rst_cnt_inst.clk2Ap_cntr[3]     pll_gen|CLKOS_inferred_clock     FD1P3DX     Q       clk2Ap_cntr[3]     0.853       2.045
slv_com_top_inst.rst_cnt_inst.clk2Ap_cntr[4]     pll_gen|CLKOS_inferred_clock     FD1P3DX     Q       clk2Ap_cntr[4]     0.853       2.045
==========================================================================================================================================


Ending Points with Worst Slack
******************************

                                                 Starting                                                                  Required          
Instance                                         Reference                        Type        Pin     Net                  Time         Slack
                                                 Clock                                                                                       
---------------------------------------------------------------------------------------------------------------------------------------------
slv_com_top_inst.rst_cnt_inst.clk2An_cntr[8]     pll_gen|CLKOS_inferred_clock     FD1S3DX     D       N_65303_0            4.946        1.923
slv_com_top_inst.rst_cnt_inst.clk2Ap_cntr[8]     pll_gen|CLKOS_inferred_clock     FD1S3DX     D       N_65312_0            4.946        1.923
slv_com_top_inst.rst_cnt_inst.clk2An_cntr[7]     pll_gen|CLKOS_inferred_clock     FD1P3DX     D       clk2An_cntr_s[7]     4.946        2.312
slv_com_top_inst.rst_cnt_inst.clk2Ap_cntr[7]     pll_gen|CLKOS_inferred_clock     FD1P3DX     D       clk2Ap_cntr_s[7]     4.946        2.312
slv_com_top_inst.rst_cnt_inst.clk2An_cntr[5]     pll_gen|CLKOS_inferred_clock     FD1P3DX     D       clk2An_cntr_s[5]     4.946        2.373
slv_com_top_inst.rst_cnt_inst.clk2An_cntr[6]     pll_gen|CLKOS_inferred_clock     FD1P3DX     D       clk2An_cntr_s[6]     4.946        2.373
slv_com_top_inst.rst_cnt_inst.clk2Ap_cntr[5]     pll_gen|CLKOS_inferred_clock     FD1P3DX     D       clk2Ap_cntr_s[5]     4.946        2.373
slv_com_top_inst.rst_cnt_inst.clk2Ap_cntr[6]     pll_gen|CLKOS_inferred_clock     FD1P3DX     D       clk2Ap_cntr_s[6]     4.946        2.373
slv_com_top_inst.rst_cnt_inst.clk2An_cntr[3]     pll_gen|CLKOS_inferred_clock     FD1P3DX     D       clk2An_cntr_s[3]     4.946        2.434
slv_com_top_inst.rst_cnt_inst.clk2An_cntr[4]     pll_gen|CLKOS_inferred_clock     FD1P3DX     D       clk2An_cntr_s[4]     4.946        2.434
=============================================================================================================================================



Worst Path Information
***********************


Path information for path number 1: 
      Requested Period:                      5.000
    - Setup time:                            0.054
    + Clock delay at ending point:           0.000 (ideal)
    = Required time:                         4.946

    - Propagation time:                      3.023
    - Clock delay at starting point:         0.000 (ideal)
    = Slack (non-critical) :                 1.922

    Number of logic level(s):                6
    Starting point:                          slv_com_top_inst.rst_cnt_inst.clk2An_cntr[0] / Q
    Ending point:                            slv_com_top_inst.rst_cnt_inst.clk2An_cntr[8] / D
    The start point is clocked by            pll_gen|CLKOS_inferred_clock [falling] (rise=0.000 fall=2.500 period=5.000) on pin CK
    The end   point is clocked by            pll_gen|CLKOS_inferred_clock [falling] (rise=0.000 fall=2.500 period=5.000) on pin CK

Instance / Net                                                      Pin      Pin               Arrival     No. of    
Name                                                   Type         Name     Dir     Delay     Time        Fan Out(s)
---------------------------------------------------------------------------------------------------------------------
slv_com_top_inst.rst_cnt_inst.clk2An_cntr[0]           FD1P3DX      Q        Out     0.853     0.853 r     -         
clk2An_cntr[0]                                         Net          -        -       -         -           1         
slv_com_top_inst.rst_cnt_inst.clk2An_cntr_cry_0[0]     CCU2C        A1       In      0.000     0.853 r     -         
slv_com_top_inst.rst_cnt_inst.clk2An_cntr_cry_0[0]     CCU2C        COUT     Out     0.900     1.753 r     -         
clk2An_cntr_cry[0]                                     Net          -        -       -         -           1         
slv_com_top_inst.rst_cnt_inst.clk2An_cntr_cry_0[1]     CCU2C        CIN      In      0.000     1.753 r     -         
slv_com_top_inst.rst_cnt_inst.clk2An_cntr_cry_0[1]     CCU2C        COUT     Out     0.061     1.814 r     -         
clk2An_cntr_cry[2]                                     Net          -        -       -         -           1         
slv_com_top_inst.rst_cnt_inst.clk2An_cntr_cry_0[3]     CCU2C        CIN      In      0.000     1.814 r     -         
slv_com_top_inst.rst_cnt_inst.clk2An_cntr_cry_0[3]     CCU2C        COUT     Out     0.061     1.875 r     -         
clk2An_cntr_cry[4]                                     Net          -        -       -         -           1         
slv_com_top_inst.rst_cnt_inst.clk2An_cntr_cry_0[5]     CCU2C        CIN      In      0.000     1.875 r     -         
slv_com_top_inst.rst_cnt_inst.clk2An_cntr_cry_0[5]     CCU2C        COUT     Out     0.061     1.936 r     -         
clk2An_cntr_cry[6]                                     Net          -        -       -         -           1         
slv_com_top_inst.rst_cnt_inst.clk2An_cntr_cry_0[7]     CCU2C        CIN      In      0.000     1.936 r     -         
slv_com_top_inst.rst_cnt_inst.clk2An_cntr_cry_0[7]     CCU2C        S1       Out     0.698     2.634 r     -         
clk2An_cntr_s[8]                                       Net          -        -       -         -           1         
slv_com_top_inst.rst_cnt_inst.clk2An_cntr_0[8]         ORCALUT4     B        In      0.000     2.634 r     -         
slv_com_top_inst.rst_cnt_inst.clk2An_cntr_0[8]         ORCALUT4     Z        Out     0.390     3.023 r     -         
N_65303_0                                              Net          -        -       -         -           1         
slv_com_top_inst.rst_cnt_inst.clk2An_cntr[8]           FD1S3DX      D        In      0.000     3.023 r     -         
=====================================================================================================================




====================================
Detailed Report for Clock: System
====================================



Starting Points with Worst Slack
********************************

                                                                                Starting                                           Arrival          
Instance                                                                        Reference     Type        Pin        Net           Time        Slack
                                                                                Clock                                                               
----------------------------------------------------------------------------------------------------------------------------------------------------
slv_com_top_inst.clk_gen_inst2.PLL_inst.PLLInst_0                               System        EHXPLLL     CLKOS3     CLKOS3_i      0.000       3.042
slv_com_top_inst.rx_com_inst.rx_cont_b2_inst.rx_dcfifo1_48_inst.AND2_t13        System        AND2        Z          rden_i        0.000       3.104
slv_com_top_inst.rx_com_inst.rx_cont_b1_inst.rx_ck_dcfifo1_48_inst.AND2_t13     System        AND2        Z          rden_i        0.000       3.104
slv_com_top_inst.tx_com_inst.tx_cont_b2_inst.tx_ck_dcfifo1_48_inst.AND2_t13     System        AND2        Z          rden_i        0.000       3.104
slv_com_top_inst.tx_com_inst.tx_cont_b1_inst.tx_dcfifo1_48_inst.AND2_t13        System        AND2        Z          rden_i        0.000       3.104
slv_com_top_inst.rx_com_inst.rx_cont_b2_inst.rx_dcfifo1_48_inst.AND2_t14        System        AND2        Z          wren_i        0.000       3.104
slv_com_top_inst.rx_com_inst.rx_cont_b1_inst.rx_ck_dcfifo1_48_inst.AND2_t14     System        AND2        Z          wren_i        0.000       3.104
slv_com_top_inst.tx_com_inst.tx_cont_b2_inst.tx_ck_dcfifo1_48_inst.AND2_t14     System        AND2        Z          wren_i        0.000       3.104
slv_com_top_inst.tx_com_inst.tx_cont_b1_inst.tx_dcfifo1_48_inst.AND2_t14        System        AND2        Z          wren_i        0.000       3.104
slv_com_top_inst.rx_com_inst.rx_cont_b2_inst.rx_dcfifo1_48_inst.XOR2_t0         System        XOR2        Z          r_gdata_5     0.000       4.946
====================================================================================================================================================


Ending Points with Worst Slack
******************************

                                                                                     Starting                                      Required          
Instance                                                                             Reference     Type        Pin     Net         Time         Slack
                                                                                     Clock                                                           
-----------------------------------------------------------------------------------------------------------------------------------------------------
slv_com_top_inst.tx_com_inst.tx_cont_b2_inst.tx_ck_dcfifo1_48_inst.FF_0              System        FD1S3DX     D       full_d      4.946        3.104
slv_com_top_inst.tx_com_inst.tx_cont_b1_inst.tx_dcfifo1_48_inst.FF_0                 System        FD1S3DX     D       full_d      4.946        3.104
slv_com_top_inst.rx_com_inst.rx_cont_b2_inst.rx_dcfifo1_48_inst.FF_0                 System        FD1S3DX     D       full_d      4.946        3.104
slv_com_top_inst.rx_com_inst.rx_cont_b1_inst.rx_ck_dcfifo1_48_inst.FF_0              System        FD1S3DX     D       full_d      4.946        3.104
slv_com_top_inst.rx_com_inst.rx_cont_b2_inst.rx_dcfifo1_48_inst.FF_1                 System        FD1S3BX     D       empty_d     4.946        3.104
slv_com_top_inst.rx_com_inst.rx_cont_b1_inst.rx_ck_dcfifo1_48_inst.FF_1              System        FD1S3BX     D       empty_d     4.946        3.104
slv_com_top_inst.tx_com_inst.tx_cont_b1_inst.tx_dcfifo1_48_inst.FF_1                 System        FD1S3BX     D       empty_d     4.946        3.104
slv_com_top_inst.tx_com_inst.tx_cont_b2_inst.tx_ck_dcfifo1_48_inst.FF_1              System        FD1S3BX     D       empty_d     4.946        3.104
slv_com_top_inst.tx_com_inst.tx_cont_b2_inst.tx_ck_dcfifo1_48_inst.pdp_ram_0_0_0     System        DP16KD      CEA     wren_i      3.186        3.186
slv_com_top_inst.rx_com_inst.rx_cont_b1_inst.rx_ck_dcfifo1_48_inst.pdp_ram_0_0_0     System        DP16KD      CEA     wren_i      3.186        3.186
=====================================================================================================================================================



Worst Path Information
***********************


Path information for path number 1: 
      Requested Period:                      5.000
    - Setup time:                            0.194
    + Clock delay at ending point:           0.000 (ideal)
    = Required time:                         4.806

    - Propagation time:                      1.764
    - Clock delay at starting point:         0.000 (ideal)
    - Estimated clock delay at start point:  -0.000
    = Slack (non-critical) :                 3.042

    Number of logic level(s):                3
    Starting point:                          slv_com_top_inst.clk_gen_inst2.PLL_inst.PLLInst_0 / CLKOS3
    Ending point:                            gpio02.gpio_reg_inst.gpio_op_reg_inst5.REG[0] / SP
    The start point is clocked by            System [rising]
    The end   point is clocked by            pll_gen|CLKOS2_inferred_clock [rising] (rise=0.000 fall=2.500 period=5.000) on pin CK

Instance / Net                                                                               Pin        Pin               Arrival     No. of    
Name                                                                            Type         Name       Dir     Delay     Time        Fan Out(s)
------------------------------------------------------------------------------------------------------------------------------------------------
slv_com_top_inst.clk_gen_inst2.PLL_inst.PLLInst_0                               EHXPLLL      CLKOS3     Out     0.000     0.000 r     -         
CLKOS3_i                                                                        Net          -          -       -         -           540       
slv_com_top_inst.slv_ctrl_top_inst.slv_rx_ctrl_inst.un2_lweb_31_i_m2_0_0[0]     ORCALUT4     A          In      0.000     0.000 r     -         
slv_com_top_inst.slv_ctrl_top_inst.slv_rx_ctrl_inst.un2_lweb_31_i_m2_0_0[0]     ORCALUT4     Z          Out     0.180     0.180 r     -         
s_LWEb_i_1                                                                      Net          -          -       -         -           283       
gpio02.gpio_reg_inst.gpio_op_reg_inst5.WRITEENB_0_a2_0                          ORCALUT4     C          In      0.000     0.180 r     -         
gpio02.gpio_reg_inst.gpio_op_reg_inst5.WRITEENB_0_a2_0                          ORCALUT4     Z          Out     0.792     0.972 r     -         
N_687                                                                           Net          -          -       -         -           8         
gpio02.gpio_reg_inst.gpio_op_reg_inst5.WRITEENB_0_a2_0_RNILFDQ                  ORCALUT4     A          In      0.000     0.972 r     -         
gpio02.gpio_reg_inst.gpio_op_reg_inst5.WRITEENB_0_a2_0_RNILFDQ                  ORCALUT4     Z          Out     0.792     1.764 r     -         
WRITEENB                                                                        Net          -          -       -         -           8         
gpio02.gpio_reg_inst.gpio_op_reg_inst5.REG[0]                                   FD1P3DX      SP         In      0.000     1.764 r     -         
================================================================================================================================================



##### END OF TIMING REPORT #####]

Timing exceptions that could not be applied

Finished final timing analysis (Real Time elapsed 0h:03m:12s; CPU Time elapsed 0h:02m:21s; Memory used current: 384MB peak: 464MB)


Finished timing report (Real Time elapsed 0h:03m:12s; CPU Time elapsed 0h:02m:21s; Memory used current: 384MB peak: 464MB)

---------------------------------------
Resource Usage Report
Part: lfe5u_25f-6

Register bits: 8760 of 24288 (36%)
PIC Latch:       0
I/O cells:       127
Block Rams : 4 of 56 (7%)


Details:
AND2:           8
BB:             2
CCU2C:          2989
DP16KD:         4
EHXPLLL:        1
FD1P3AX:        9
FD1P3BX:        94
FD1P3DX:        5873
FD1P3IX:        1
FD1P3JX:        1
FD1S3AX:        113
FD1S3AY:        1
FD1S3BX:        117
FD1S3DX:        2461
FD1S3IX:        7
GSR:            1
IB:             74
IFS1P3DX:       65
IFS1P3IX:       1
INV:            71
L6MUX21:        9
OB:             51
OFS1P3BX:       2
OFS1P3DX:       14
OFS1P3IX:       1
OR2:            4
ORCALUT4:       8698
PFUMX:          97
PUR:            1
ROM16X1A:       64
ROM64X1A:       5
VHI:            389
VLO:            389
XOR2:           48
Mapper successful!

At Mapper Exit (Real Time elapsed 0h:03m:16s; CPU Time elapsed 0h:02m:24s; Memory used current: 139MB peak: 464MB)

Process took 0h:03m:16s realtime, 0h:02m:25s cputime
# Tue Feb 24 10:33:42 2026

###########################################################]


Synthesis exit by 0.

edif2ngd  -l "ECP5U" -d LFE5U-25F -path "C:/work/S127M/PCBNo_10081/SP0557_rev02_00_AI/SP0557" -path "C:/work/S127M/PCBNo_10081/SP0557_rev02_00_AI"   "C:/work/S127M/PCBNo_10081/SP0557_rev02_00_AI/SP0557/SP0557_SP0557.edi" "SP0557_SP0557.ngo"   
edif2ngd:  version Diamond (64-bit) 3.13.0.56.2

Copyright (c) 1991-1994 by NeoCAD Inc. All rights reserved.
Copyright (c) 1995 AT&T Corp.   All rights reserved.
Copyright (c) 1995-2001 Lucent Technologies Inc.  All rights reserved.
Copyright (c) 2001 Agere Systems   All rights reserved.
Copyright (c) 2002-2023 Lattice Semiconductor Corporation,  All rights reserved.
    <postMsg mid="1121027" type="Warning" dynamic="1" navigation="0" arg0="MEM_INIT_FILE"  />
    <postMsg mid="1121027" type="Warning" dynamic="1" navigation="0" arg0="MEM_INIT_FILE"  />
    <postMsg mid="1121027" type="Warning" dynamic="1" navigation="0" arg0="MEM_INIT_FILE"  />
    <postMsg mid="1121027" type="Warning" dynamic="1" navigation="0" arg0="MEM_INIT_FILE"  />
    <postMsg mid="1121028" type="Warning" dynamic="1" navigation="0" arg0="ASYNC_REG"  />
    <postMsg mid="1121028" type="Warning" dynamic="1" navigation="0" arg0="ASYNC_REG"  />
    <postMsg mid="1121028" type="Warning" dynamic="1" navigation="0" arg0="ASYNC_REG"  />
    <postMsg mid="1121028" type="Warning" dynamic="1" navigation="0" arg0="ASYNC_REG"  />
Writing the design to SP0557_SP0557.ngo...

Total CPU Time: 2 secs  
Total REAL Time: 2 secs  
Peak Memory Usage: 103 MB


ngdbuild  -a "ECP5U" -d LFE5U-25F  -p "C:/lscc/diamond/3.13/ispfpga/sa5p00/data"  -p "C:/work/S127M/PCBNo_10081/SP0557_rev02_00_AI/SP0557" -p "C:/work/S127M/PCBNo_10081/SP0557_rev02_00_AI"  "SP0557_SP0557.ngo" "SP0557_SP0557.ngd"  	
ngdbuild:  version Diamond (64-bit) 3.13.0.56.2

Copyright (c) 1991-1994 by NeoCAD Inc. All rights reserved.
Copyright (c) 1995 AT&T Corp.   All rights reserved.
Copyright (c) 1995-2001 Lucent Technologies Inc.  All rights reserved.
Copyright (c) 2001 Agere Systems   All rights reserved.
Copyright (c) 2002-2023 Lattice Semiconductor Corporation,  All rights reserved.
Reading 'SP0557_SP0557.ngo' ...
Loading NGL library 'C:/lscc/diamond/3.13/ispfpga/sa5p00/data/sa5plib.ngl'...
Loading NGL library 'C:/lscc/diamond/3.13/ispfpga/xo2c00/data/xo2clib.ngl'...
Loading NGL library 'C:/lscc/diamond/3.13/ispfpga/mg5g00/data/mg5glib.ngl'...
Loading NGL library 'C:/lscc/diamond/3.13/ispfpga/or5g00/data/orc5glib.ngl'...


Running DRC...

    <postMsg mid="1166052" type="Warning" dynamic="2" navigation="1" arg0="logical" arg1="LEDSH_MISO" arg2="LEDSH_MISO"  />
    <postMsg mid="1163101" type="Warning" dynamic="1" navigation="0" arg0="1"  />

Design Results:
  21664 blocks expanded
Complete the first expansion.
Writing 'SP0557_SP0557.ngd' ...
Total CPU Time: 2 secs 
Total REAL Time: 3 secs 
Peak Memory Usage: 146 MB


map -a "ECP5U" -p LFE5U-25F -t CABGA256 -s 6 -oc Commercial   "SP0557_SP0557.ngd" -o "SP0557_SP0557_map.ncd" -pr "SP0557_SP0557.prf" -mp "SP0557_SP0557.mrp" -lpf "C:/work/S127M/PCBNo_10081/SP0557_rev02_00_AI/SP0557/SP0557_SP0557_synplify.lpf" -lpf "C:/work/S127M/PCBNo_10081/SP0557_rev02_00_AI/SP0557.lpf"             
map:  version Diamond (64-bit) 3.13.0.56.2

Copyright (c) 1991-1994 by NeoCAD Inc. All rights reserved.
Copyright (c) 1995 AT&T Corp.   All rights reserved.
Copyright (c) 1995-2001 Lucent Technologies Inc.  All rights reserved.
Copyright (c) 2001 Agere Systems   All rights reserved.
Copyright (c) 2002-2023 Lattice Semiconductor Corporation,  All rights reserved.
   Process the file: SP0557_SP0557.ngd
   Picdevice="LFE5U-25F"

   Pictype="CABGA256"

   Picspeed=6

   Remove unused logic

   Do not produce over sized NCDs.

Part used: LFE5U-25FCABGA256, Performance used: 6.

Loading device for application map from file 'sa5p25.nph' in environment: C:/lscc/diamond/3.13/ispfpga.
Package Status:                     Final          Version 1.44.

Running general design DRC...

Removing unused logic...

Optimizing...

152 CCU2 constant inputs absorbed.

    <postMsg mid="51001030" type="Warning" dynamic="1" navigation="0" arg0="s_LRSTb"  />
    <postMsg mid="51001046" type="Warning" dynamic="1" navigation="0" arg0="LEDSH_MISO"  />



Design Summary:
   Number of registers:   8760 out of 24879 (35%)
      PFU registers:         8677 out of 24288 (36%)
      PIO registers:           83 out of   591 (14%)
   Number of SLICEs:      9957 out of 12144 (82%)
      SLICEs as Logic/ROM:   9957 out of 12144 (82%)
      SLICEs as RAM:            0 out of  9108 (0%)
      SLICEs as Carry:       2989 out of 12144 (25%)
   Number of LUT4s:        14849 out of 24288 (61%)
      Number used as logic LUTs:        8871
      Number used as distributed RAM:     0
      Number used as ripple logic:      5978
      Number used as shift registers:     0
   Number of PIO sites used: 127 out of 197 (64%)
   Number of block RAMs:  4 out of 56 (7%)
   Number of GSRs:  1 out of 1 (100%)
   JTAG used :      No
   Readback used :  No
   Oscillator used :  No
   Startup used :   No
   DTR used :   No
   Number of Dynamic Bank Controller (BCINRD):  0 out of 4 (0%)
   Number of Dynamic Bank Controller (BCLVDSOB):  0 out of 4 (0%)
   Number of DCC:  0 out of 60 (0%)
   Number of DCS:  0 out of 2 (0%)
   Number of PLLs:  1 out of 2 (50%)
   Number of DDRDLLs:  0 out of 4 (0%)
   Number of CLKDIV:  0 out of 4 (0%)
   Number of ECLKSYNC:  0 out of 10 (0%)
   Number of ECLKBRIDGECS:  0 out of 2 (0%)
   Notes:-
      1. Total number of LUT4s = (Number of logic LUT4s) + 2*(Number of distributed RAMs) + 2*(Number of ripple logic)
      2. Number of logic LUT4s does not include count of distributed RAM and ripple logic.

   Number Of Mapped DSP Components:
   --------------------------------
   MULT18X18D          0
   MULT9X9D            0
   ALU54B              0
   ALU24B              0
   PRADD18A            0
   PRADD9A             0
   --------------------------------
   Number of Used DSP MULT Sites:  0 out of 56 (0 %)
   Number of Used DSP ALU Sites:  0 out of 28 (0 %)
   Number of Used DSP PRADD Sites:  0 out of 56 (0 %)
   Number of clocks:  6
     Net CLK20M_c: 9 loads, 9 rising, 0 falling (Driver: PIO CLK20M )
     Net s_PLL_CLK20M: 4635 loads, 4635 rising, 0 falling (Driver: slv_com_top_inst/clk_gen_inst2/PLL_inst/PLLInst_0 )
     Net slv_com_top_inst.CLK1: 329 loads, 318 rising, 11 falling (Driver: slv_com_top_inst/clk_gen_inst2/PLL_inst/PLLInst_0 )
     Net slv_com_top_inst.CLKCOM_OUT: 163 loads, 155 rising, 8 falling (Driver: slv_com_top_inst/clk_gen_inst2/PLL_inst/PLLInst_0 )
     Net slv_com_top_inst/CLK2A: 16 loads, 9 rising, 7 falling (Driver: slv_com_top_inst/clk_gen_inst2/PLL_inst/PLLInst_0 )
     Net UP_CLK_c: 1 loads, 1 rising, 0 falling (Driver: PIO UP_CLK )
   Number of Clock Enables:  708
     Net LEDLT.AD8402.s_CE: 4 loads, 3 LSLICEs
     Net slv_com_top_inst.CLK_RSTb_OUT_i: 5 loads, 5 LSLICEs
     Net ADC_CONT.shiftreg12bit_inst.reg_0_sqmuxa: 7 loads, 6 LSLICEs
     Net ADC_CONT.s_FALL: 6 loads, 4 LSLICEs
     Net gpio02/gpio_reg_inst/gpio_op_reg_inst19/WRITEENB: 2 loads, 2 LSLICEs
     Net N_58_i: 73 loads, 65 LSLICEs
     Net gpio02/N_56_i: 61 loads, 61 LSLICEs
     Net gpio02/gpio_reg_inst/gpio_op_reg_inst16/WRITEENB: 4 loads, 4 LSLICEs
     Net gpio02/gpio_reg_inst/gpio_op_reg_inst15/WRITEENB: 3 loads, 3 LSLICEs
     Net gpio02/gpio_reg_inst/gpio_op_reg_inst14/WRITEENB: 4 loads, 4 LSLICEs
     Net gpio02/gpio_reg_inst/gpio_op_reg_inst13/WRITEENB: 4 loads, 4 LSLICEs
     Net gpio02/gpio_reg_inst/gpio_op_reg_inst12/WRITEENB: 4 loads, 4 LSLICEs
     Net gpio02/gpio_reg_inst/gpio_op_reg_inst11/WRITEENB: 4 loads, 4 LSLICEs
     Net gpio02/gpio_reg_inst/gpio_op_reg_inst10/WRITEENB: 4 loads, 4 LSLICEs
     Net gpio02/gpio_reg_inst/gpio_op_reg_inst9/WRITEENB: 4 loads, 4 LSLICEs
     Net gpio02/gpio_reg_inst/gpio_op_reg_inst8/WRITEENB: 4 loads, 4 LSLICEs
     Net gpio02/gpio_reg_inst/gpio_op_reg_inst7/WRITEENB: 4 loads, 4 LSLICEs
     Net gpio02/gpio_reg_inst/gpio_op_reg_inst6/WRITEENB: 4 loads, 4 LSLICEs
     Net gpio02/gpio_reg_inst/gpio_op_reg_inst5/WRITEENB: 4 loads, 4 LSLICEs
     Net gpio02/gpio_reg_inst/gpio_op_reg_inst4/WRITEENB: 4 loads, 4 LSLICEs
     Net gpio02/gpio_reg_inst/gpio_op_reg_inst3/WRITEENB: 4 loads, 4 LSLICEs
     Net gpio02/gpio_reg_inst/gpio_op_reg_inst2/WRITEENB: 4 loads, 4 LSLICEs
     Net gpio02/gpio_reg_inst/gpio_op_reg_inst1/WRITEENB: 4 loads, 4 LSLICEs
     Net gpio02/gpio_reg_inst/gpio_op_reg_inst0/WRITEENB: 4 loads, 4 LSLICEs
     Net gpio01/N_60_i: 126 loads, 126 LSLICEs
     Net gpio01/gpio_reg_inst/gpio_op_reg_inst19/WRITEENB: 4 loads, 4 LSLICEs
     Net gpio01/N_332_i: 74 loads, 74 LSLICEs
     Net gpio01/gpio_reg_inst/gpio_op_reg_inst18/WRITEENB: 4 loads, 4 LSLICEs
     Net gpio01/gpio_reg_inst/gpio_op_reg_inst17/WRITEENB: 4 loads, 4 LSLICEs
     Net gpio01/gpio_reg_inst/gpio_op_reg_inst16/WRITEENB: 4 loads, 4 LSLICEs
     Net gpio01/gpio_reg_inst/gpio_op_reg_inst15/WRITEENB: 4 loads, 4 LSLICEs
     Net gpio01/gpio_reg_inst/gpio_op_reg_inst14/WRITEENB: 4 loads, 4 LSLICEs
     Net gpio01/gpio_reg_inst/gpio_op_reg_inst13/WRITEENB: 4 loads, 4 LSLICEs
     Net gpio01/gpio_reg_inst/gpio_op_reg_inst12/WRITEENB: 4 loads, 4 LSLICEs
     Net gpio01/gpio_reg_inst/gpio_op_reg_inst11/WRITEENB: 4 loads, 4 LSLICEs
     Net gpio01/gpio_reg_inst/gpio_op_reg_inst10/WRITEENB: 4 loads, 4 LSLICEs
     Net gpio01/gpio_reg_inst/gpio_op_reg_inst9/WRITEENB: 4 loads, 4 LSLICEs
     Net gpio01/gpio_reg_inst/gpio_op_reg_inst8/WRITEENB: 4 loads, 4 LSLICEs
     Net gpio01/gpio_reg_inst/gpio_op_reg_inst7/WRITEENB: 4 loads, 4 LSLICEs
     Net gpio01/gpio_reg_inst/gpio_op_reg_inst6/WRITEENB: 3 loads, 3 LSLICEs
     Net gpio01/gpio_reg_inst/gpio_op_reg_inst5/WRITEENB: 4 loads, 4 LSLICEs
     Net gpio01/gpio_reg_inst/gpio_op_reg_inst4/WRITEENB: 3 loads, 3 LSLICEs
     Net gpio01/gpio_reg_inst/gpio_op_reg_inst3/WRITEENB: 4 loads, 4 LSLICEs
     Net gpio01/gpio_reg_inst/gpio_op_reg_inst2/WRITEENB: 3 loads, 3 LSLICEs
     Net gpio01/gpio_reg_inst/gpio_op_reg_inst1/WRITEENB: 4 loads, 4 LSLICEs
     Net gpio01/gpio_reg_inst/gpio_op_reg_inst0/WRITEENB: 1 loads, 1 LSLICEs
     Net stm13/ppmc_reg_S118M_inst/stop_1_sqmuxa_0_44_a2_i_a4_10: 46 loads, 46 LSLICEs
     Net stm13/ppmc_reg_S118M_inst/inst_ppmc_cmdchk/stop_1_sqmuxa_1_i_0_11: 1 loads, 1 LSLICEs
     Net stm13/ppmc_reg_S118M_inst/inst_ppmc_cmdchk/l_const_0_sqmuxa_i_0_11: 1 loads, 1 LSLICEs
     Net stm13/ppmc_reg_S118M_inst/inst_ppmc_cmdchk/high_low_0_sqmuxa_2_i_0_11: 1 loads, 1 LSLICEs
     Net stm13/ppmc_reg_S118M_inst/COMMAND_HIT: 1 loads, 1 LSLICEs
     Net stm13/ppmc_reg_S118M_inst/inst_ppmc_cmdchk/const_0_sqmuxa_i_0_11: 1 loads, 1 LSLICEs
     Net stm13/ppmc_reg_S118M_inst/inst_ppmc_ctrl/acc_enb_RNO_0_11: 1 loads, 1 LSLICEs
     Net stm13/ppmc_reg_S118M_inst/inst_ppmc_ctrl/up_down_RNO_0_11: 1 loads, 1 LSLICEs
     Net stm13/ppmc_reg_S118M_inst/inst_ppmc_ctrl/N_59_i: 1 loads, 1 LSLICEs
     Net stm13/ppmc_reg_S118M_inst/inst_ppmc_ctrl/N_273_i: 8 loads, 8 LSLICEs
     Net stm13/ppmc_reg_S118M_inst/inst_ppmc_ctrl/un1_command_cng_11: 1 loads, 1 LSLICEs
     Net stm13/ppmc_reg_S118M_inst/inst_ppmc_enblr/un7_enb_wait_1280us_11: 1 loads, 1 LSLICEs
     Net stm13/ppmc_reg_S118M_inst/inst_ppmc_enblr/enb_wait_cnte: 9 loads, 9 LSLICEs
     Net stm13/ppmc_reg_S118M_inst/inst_ppmc_rgstr/un3_sel_com_0_8: 1 loads, 1 LSLICEs
     Net stm13/ppmc_reg_S118M_inst/inst_ppmc_rgstr/N_263_i: 5 loads, 5 LSLICEs
     Net stm13/ppmc_reg_S118M_inst/inst_ppmc_rgstr/N_29_i: 5 loads, 5 LSLICEs
     Net stm13/ppmc_reg_S118M_inst/inst_ppmc_rgstr/N_271_i: 4 loads, 4 LSLICEs
     Net stm13/ppmc_reg_S118M_inst/inst_ppmc_rgstr/N_270_i: 4 loads, 4 LSLICEs
     Net stm13/ppmc_reg_S118M_inst/inst_ppmc_rgstr/N_25_i: 4 loads, 4 LSLICEs
     Net stm13/ppmc_reg_S118M_inst/inst_ppmc_rgstr/un1_sel_mp_b_11: 2 loads, 2 LSLICEs
     Net stm13/ppmc_reg_S118M_inst/inst_ppmc_rgstr/N_259_i: 1 loads, 1 LSLICEs
     Net stm13/N_91_i: 4 loads, 4 LSLICEs
     Net stm13/N_89_i: 3 loads, 3 LSLICEs
     Net stm13/ppmc_reg_S118M_inst/inst_ppmc_rgstr/N_262_i: 5 loads, 5 LSLICEs
     Net stm13/ppmc_reg_S118M_inst/inst_ppmc_rgstr/N_261_i: 5 loads, 5 LSLICEs
     Net stm13/ppmc_reg_S118M_inst/inst_ppmc_rgstr/N_267_i: 4 loads, 4 LSLICEs
     Net stm13/ppmc_reg_S118M_inst/inst_ppmc_rgstr/N_266_i: 5 loads, 5 LSLICEs
     Net stm13/ppmc_reg_S118M_inst/inst_ppmc_rgstr/N_27_i: 5 loads, 5 LSLICEs
     Net stm13/ppmc_reg_S118M_inst/inst_ppmc_rgstr/un3_start_stop_0_a3_11: 1 loads, 1 LSLICEs
     Net stm13/ppmc_reg_S118M_inst/inst_ppmc_rgstr/N_269_i: 5 loads, 5 LSLICEs
     Net stm13/ppmc_reg_S118M_inst/inst_ppmc_rgstr/N_268_i: 4 loads, 4 LSLICEs
     Net stm13/ppmc_reg_S118M_inst/inst_ppmc_rgstr/N_260_i: 5 loads, 5 LSLICEs
     Net stm13/ppmc_reg_S118M_inst/inst_ppmc_rgstr/un4_sel_com_0_a3_11: 5 loads, 5 LSLICEs
     Net stm13/ppmc_reg_S118M_inst/inst_ppmc_rgstr/N_265_i: 5 loads, 5 LSLICEs
     Net stm13/ppmc_reg_S118M_inst/inst_ppmc_rgstr/N_264_i: 5 loads, 5 LSLICEs
     Net stm13/ppmc_reg_S118M_inst/inst_ppmc_plsgen/ppmc_pls_cnt_inst/rege: 8 loads, 8 LSLICEs
     Net stm13/ppmc_reg_S118M_inst/inst_ppmc_plsgen/ppmc_pls_cnt_inst/pre_pulsee: 5 loads, 5 LSLICEs
     Net stm13/ppmc_reg_S118M_inst/inst_ppmc_plsgen/ppmc_pls_cnt_inst/un1_pls_ld_2_i: 1 loads, 1 LSLICEs
     Net s_CKEN500k: 16 loads, 14 LSLICEs
     Net stm13/ppmc_reg_S118M_inst/inst_ppmc_plsgen/ppmc_speed_cnt_inst/un1_tm_clr_1_sqmuxa_11: 1 loads, 1 LSLICEs
     Net stm12/ppmc_reg_S118M_inst/stop_1_sqmuxa_0_44_a2_i_a4_9: 46 loads, 46 LSLICEs
     Net stm12/ppmc_reg_S118M_inst/inst_ppmc_cmdchk/high_low_0_sqmuxa_2_i_0_10: 1 loads, 1 LSLICEs
     Net stm12/ppmc_reg_S118M_inst/inst_ppmc_cmdchk/stop_1_sqmuxa_1_i_0_10: 1 loads, 1 LSLICEs
     Net stm12/ppmc_reg_S118M_inst/inst_ppmc_cmdchk/l_const_0_sqmuxa_i_0_10: 1 loads, 1 LSLICEs
     Net stm12/ppmc_reg_S118M_inst/COMMAND_HIT: 1 loads, 1 LSLICEs
     Net stm12/ppmc_reg_S118M_inst/inst_ppmc_cmdchk/const_0_sqmuxa_i_0_10: 1 loads, 1 LSLICEs
     Net stm12/ppmc_reg_S118M_inst/inst_ppmc_ctrl/acc_enb_RNO_0_10: 1 loads, 1 LSLICEs
     Net stm12/ppmc_reg_S118M_inst/inst_ppmc_ctrl/up_down_RNO_0_10: 1 loads, 1 LSLICEs
     Net stm12/ppmc_reg_S118M_inst/inst_ppmc_ctrl/N_59_i: 2 loads, 2 LSLICEs
     Net stm12/ppmc_reg_S118M_inst/inst_ppmc_ctrl/N_273_i: 8 loads, 8 LSLICEs
     Net stm12/ppmc_reg_S118M_inst/inst_ppmc_ctrl/un1_command_cng_10: 1 loads, 1 LSLICEs
     Net stm12/ppmc_reg_S118M_inst/inst_ppmc_enblr/un7_enb_wait_1280us_10: 1 loads, 1 LSLICEs
     Net stm12/ppmc_reg_S118M_inst/inst_ppmc_enblr/enb_wait_cnte: 9 loads, 9 LSLICEs
     Net stm12/ppmc_reg_S118M_inst/inst_ppmc_rgstr/un3_sel_com_0_7: 1 loads, 1 LSLICEs
     Net stm12/ppmc_reg_S118M_inst/inst_ppmc_rgstr/N_263_i: 4 loads, 4 LSLICEs
     Net stm12/ppmc_reg_S118M_inst/inst_ppmc_rgstr/N_29_i: 4 loads, 4 LSLICEs
     Net stm12/ppmc_reg_S118M_inst/inst_ppmc_rgstr/N_271_i: 4 loads, 4 LSLICEs
     Net stm12/ppmc_reg_S118M_inst/inst_ppmc_rgstr/N_270_i: 4 loads, 4 LSLICEs
     Net stm12/ppmc_reg_S118M_inst/inst_ppmc_rgstr/N_25_i: 5 loads, 5 LSLICEs
     Net stm12/ppmc_reg_S118M_inst/inst_ppmc_rgstr/un1_sel_mp_b_10: 2 loads, 2 LSLICEs
     Net stm12/ppmc_reg_S118M_inst/inst_ppmc_rgstr/N_259_i: 1 loads, 1 LSLICEs
     Net stm12/N_341_i: 4 loads, 4 LSLICEs
     Net stm12/N_340_i: 2 loads, 2 LSLICEs
     Net stm12/ppmc_reg_S118M_inst/inst_ppmc_rgstr/N_262_i: 4 loads, 4 LSLICEs
     Net stm12/ppmc_reg_S118M_inst/inst_ppmc_rgstr/N_261_i: 5 loads, 5 LSLICEs
     Net stm12/ppmc_reg_S118M_inst/inst_ppmc_rgstr/N_267_i: 5 loads, 5 LSLICEs
     Net stm12/ppmc_reg_S118M_inst/inst_ppmc_rgstr/N_266_i: 5 loads, 5 LSLICEs
     Net stm12/ppmc_reg_S118M_inst/inst_ppmc_rgstr/N_27_i: 5 loads, 5 LSLICEs
     Net stm12/ppmc_reg_S118M_inst/inst_ppmc_rgstr/un3_start_stop_0_a3_10: 1 loads, 1 LSLICEs
     Net stm12/ppmc_reg_S118M_inst/inst_ppmc_rgstr/N_269_i: 4 loads, 4 LSLICEs
     Net stm12/ppmc_reg_S118M_inst/inst_ppmc_rgstr/N_268_i: 5 loads, 5 LSLICEs
     Net stm12/ppmc_reg_S118M_inst/inst_ppmc_rgstr/N_260_i: 5 loads, 5 LSLICEs
     Net stm12/ppmc_reg_S118M_inst/inst_ppmc_rgstr/un4_sel_com_0_a3_10: 5 loads, 5 LSLICEs
     Net stm12/ppmc_reg_S118M_inst/inst_ppmc_rgstr/N_265_i: 5 loads, 5 LSLICEs
     Net stm12/ppmc_reg_S118M_inst/inst_ppmc_rgstr/N_264_i: 5 loads, 5 LSLICEs
     Net stm12/ppmc_reg_S118M_inst/inst_ppmc_plsgen/ppmc_pls_cnt_inst/rege: 8 loads, 8 LSLICEs
     Net stm12/ppmc_reg_S118M_inst/inst_ppmc_plsgen/ppmc_pls_cnt_inst/pre_pulsee: 5 loads, 5 LSLICEs
     Net stm12/ppmc_reg_S118M_inst/inst_ppmc_plsgen/ppmc_pls_cnt_inst/un1_pls_ld_2_i: 1 loads, 1 LSLICEs
     Net stm12/ppmc_reg_S118M_inst/inst_ppmc_plsgen/ppmc_speed_cnt_inst/un1_tm_clr_1_sqmuxa_10: 1 loads, 1 LSLICEs
     Net stm11/ppmc_reg_S118M_inst/N_284_i_0: 46 loads, 46 LSLICEs
     Net stm11/ppmc_reg_S118M_inst/inst_ppmc_cmdchk/stop_1_sqmuxa_1_i_0_9: 1 loads, 1 LSLICEs
     Net stm11/ppmc_reg_S118M_inst/inst_ppmc_cmdchk/l_const_0_sqmuxa_i_0_9: 1 loads, 1 LSLICEs
     Net stm11/ppmc_reg_S118M_inst/inst_ppmc_cmdchk/high_low_0_sqmuxa_2_i_0_9: 1 loads, 1 LSLICEs
     Net stm11/ppmc_reg_S118M_inst/COMMAND_HIT: 1 loads, 1 LSLICEs
     Net stm11/ppmc_reg_S118M_inst/inst_ppmc_cmdchk/const_0_sqmuxa_i_0_9: 1 loads, 1 LSLICEs
     Net stm11/ppmc_reg_S118M_inst/inst_ppmc_ctrl/acc_enb_RNO_0_9: 1 loads, 1 LSLICEs
     Net stm11/ppmc_reg_S118M_inst/inst_ppmc_ctrl/up_down_RNO_0_9: 1 loads, 1 LSLICEs
     Net stm11/ppmc_reg_S118M_inst/inst_ppmc_ctrl/N_59_i: 1 loads, 1 LSLICEs
     Net stm11/ppmc_reg_S118M_inst/inst_ppmc_ctrl/N_273_i: 8 loads, 8 LSLICEs
     Net stm11/ppmc_reg_S118M_inst/inst_ppmc_ctrl/un1_command_cng_9: 1 loads, 1 LSLICEs
     Net stm11/ppmc_reg_S118M_inst/inst_ppmc_enblr/un7_enb_wait_1280us_9: 1 loads, 1 LSLICEs
     Net stm11/ppmc_reg_S118M_inst/inst_ppmc_enblr/enb_wait_cnte: 9 loads, 9 LSLICEs
     Net stm11/ppmc_reg_S118M_inst/inst_ppmc_rgstr/un3_sel_com_0_6: 1 loads, 1 LSLICEs
     Net stm11/ppmc_reg_S118M_inst/inst_ppmc_rgstr/N_263_i: 5 loads, 5 LSLICEs
     Net stm11/ppmc_reg_S118M_inst/inst_ppmc_rgstr/N_29_i: 5 loads, 5 LSLICEs
     Net stm11/ppmc_reg_S118M_inst/inst_ppmc_rgstr/N_271_i: 4 loads, 4 LSLICEs
     Net stm11/ppmc_reg_S118M_inst/inst_ppmc_rgstr/N_270_i: 4 loads, 4 LSLICEs
     Net stm11/ppmc_reg_S118M_inst/inst_ppmc_rgstr/N_25_i: 4 loads, 4 LSLICEs
     Net stm11/ppmc_reg_S118M_inst/inst_ppmc_rgstr/un1_sel_mp_b_9: 2 loads, 2 LSLICEs
     Net stm11/ppmc_reg_S118M_inst/inst_ppmc_rgstr/N_259_i: 1 loads, 1 LSLICEs
     Net stm11/N_129_i: 4 loads, 4 LSLICEs
     Net stm11/N_127_i: 2 loads, 2 LSLICEs
     Net stm11/ppmc_reg_S118M_inst/inst_ppmc_rgstr/N_262_i: 4 loads, 4 LSLICEs
     Net stm11/ppmc_reg_S118M_inst/inst_ppmc_rgstr/N_261_i: 5 loads, 5 LSLICEs
     Net stm11/ppmc_reg_S118M_inst/inst_ppmc_rgstr/N_267_i: 5 loads, 5 LSLICEs
     Net stm11/ppmc_reg_S118M_inst/inst_ppmc_rgstr/N_266_i: 5 loads, 5 LSLICEs
     Net stm11/ppmc_reg_S118M_inst/inst_ppmc_rgstr/N_27_i: 5 loads, 5 LSLICEs
     Net stm11/ppmc_reg_S118M_inst/inst_ppmc_rgstr/un3_start_stop_0_a3_9: 1 loads, 1 LSLICEs
     Net stm11/ppmc_reg_S118M_inst/inst_ppmc_rgstr/N_269_i: 5 loads, 5 LSLICEs
     Net stm11/ppmc_reg_S118M_inst/inst_ppmc_rgstr/N_268_i: 5 loads, 5 LSLICEs
     Net stm11/ppmc_reg_S118M_inst/inst_ppmc_rgstr/N_260_i: 5 loads, 5 LSLICEs
     Net stm11/ppmc_reg_S118M_inst/inst_ppmc_rgstr/un4_sel_com_0_a3_9: 5 loads, 5 LSLICEs
     Net stm11/ppmc_reg_S118M_inst/inst_ppmc_rgstr/N_265_i: 5 loads, 5 LSLICEs
     Net stm11/ppmc_reg_S118M_inst/inst_ppmc_rgstr/N_264_i: 5 loads, 5 LSLICEs
     Net stm11/ppmc_reg_S118M_inst/inst_ppmc_plsgen/ppmc_pls_cnt_inst/rege: 8 loads, 8 LSLICEs
     Net stm11/ppmc_reg_S118M_inst/inst_ppmc_plsgen/ppmc_pls_cnt_inst/pre_pulsee: 5 loads, 5 LSLICEs
     Net stm11/ppmc_reg_S118M_inst/inst_ppmc_plsgen/ppmc_pls_cnt_inst/un1_pls_ld_2_i: 1 loads, 1 LSLICEs
     Net stm11/ppmc_reg_S118M_inst/inst_ppmc_plsgen/ppmc_speed_cnt_inst/un1_tm_clr_1_sqmuxa_9: 1 loads, 1 LSLICEs
     Net stm10/ppmc_reg_S118M_inst/stop_1_sqmuxa_0_44_a2_i_a4_8: 46 loads, 46 LSLICEs
     Net stm10/ppmc_reg_S118M_inst/inst_ppmc_cmdchk/stop_1_sqmuxa_1_i_0_8: 1 loads, 1 LSLICEs
     Net stm10/ppmc_reg_S118M_inst/inst_ppmc_cmdchk/l_const_0_sqmuxa_i_0_8: 1 loads, 1 LSLICEs
     Net stm10/ppmc_reg_S118M_inst/inst_ppmc_cmdchk/high_low_0_sqmuxa_2_i_0_8: 1 loads, 1 LSLICEs
     Net stm10/ppmc_reg_S118M_inst/COMMAND_HIT: 1 loads, 1 LSLICEs
     Net stm10/ppmc_reg_S118M_inst/inst_ppmc_cmdchk/const_0_sqmuxa_i_0_8: 1 loads, 1 LSLICEs
     Net stm10/ppmc_reg_S118M_inst/inst_ppmc_ctrl/acc_enb_RNO_0_8: 1 loads, 1 LSLICEs
     Net stm10/ppmc_reg_S118M_inst/inst_ppmc_ctrl/up_down_RNO_0_8: 1 loads, 1 LSLICEs
     Net stm10/ppmc_reg_S118M_inst/inst_ppmc_ctrl/N_59_i: 1 loads, 1 LSLICEs
     Net stm10/ppmc_reg_S118M_inst/inst_ppmc_ctrl/N_273_i: 8 loads, 8 LSLICEs
     Net stm10/ppmc_reg_S118M_inst/inst_ppmc_ctrl/un1_command_cng_8: 1 loads, 1 LSLICEs
     Net stm10/ppmc_reg_S118M_inst/inst_ppmc_enblr/un7_enb_wait_1280us_8: 1 loads, 1 LSLICEs
     Net stm10/ppmc_reg_S118M_inst/inst_ppmc_enblr/enb_wait_cnte: 9 loads, 9 LSLICEs
     Net stm10/ppmc_reg_S118M_inst/inst_ppmc_rgstr/N_259_i: 1 loads, 1 LSLICEs
     Net stm10/ppmc_reg_S118M_inst/inst_ppmc_rgstr/un3_sel_com_0_5: 1 loads, 1 LSLICEs
     Net stm10/ppmc_reg_S118M_inst/inst_ppmc_rgstr/N_263_i: 4 loads, 4 LSLICEs
     Net stm10/ppmc_reg_S118M_inst/inst_ppmc_rgstr/N_29_i: 4 loads, 4 LSLICEs
     Net stm10/ppmc_reg_S118M_inst/inst_ppmc_rgstr/N_271_i: 4 loads, 4 LSLICEs
     Net stm10/ppmc_reg_S118M_inst/inst_ppmc_rgstr/N_270_i: 4 loads, 4 LSLICEs
     Net stm10/ppmc_reg_S118M_inst/inst_ppmc_rgstr/N_25_i: 4 loads, 4 LSLICEs
     Net stm10/ppmc_reg_S118M_inst/inst_ppmc_rgstr/un1_sel_mp_b_8: 2 loads, 2 LSLICEs
     Net stm10/N_148_i: 4 loads, 4 LSLICEs
     Net stm10/N_349_i: 2 loads, 2 LSLICEs
     Net stm10/ppmc_reg_S118M_inst/inst_ppmc_rgstr/N_262_i: 4 loads, 4 LSLICEs
     Net stm10/ppmc_reg_S118M_inst/inst_ppmc_rgstr/N_261_i: 5 loads, 5 LSLICEs
     Net stm10/ppmc_reg_S118M_inst/inst_ppmc_rgstr/N_267_i: 4 loads, 4 LSLICEs
     Net stm10/ppmc_reg_S118M_inst/inst_ppmc_rgstr/N_266_i: 4 loads, 4 LSLICEs
     Net stm10/ppmc_reg_S118M_inst/inst_ppmc_rgstr/N_27_i: 5 loads, 5 LSLICEs
     Net stm10/ppmc_reg_S118M_inst/inst_ppmc_rgstr/un3_start_stop_0_a3_8: 1 loads, 1 LSLICEs
     Net stm10/ppmc_reg_S118M_inst/inst_ppmc_rgstr/N_269_i: 4 loads, 4 LSLICEs
     Net stm10/ppmc_reg_S118M_inst/inst_ppmc_rgstr/N_268_i: 5 loads, 5 LSLICEs
     Net stm10/ppmc_reg_S118M_inst/inst_ppmc_rgstr/N_260_i: 5 loads, 5 LSLICEs
     Net stm10/ppmc_reg_S118M_inst/inst_ppmc_rgstr/un4_sel_com_0_a3_8: 5 loads, 5 LSLICEs
     Net stm10/ppmc_reg_S118M_inst/inst_ppmc_rgstr/N_265_i: 4 loads, 4 LSLICEs
     Net stm10/ppmc_reg_S118M_inst/inst_ppmc_rgstr/N_264_i: 5 loads, 5 LSLICEs
     Net stm10/ppmc_reg_S118M_inst/inst_ppmc_plsgen/ppmc_pls_cnt_inst/rege: 9 loads, 9 LSLICEs
     Net stm10/ppmc_reg_S118M_inst/inst_ppmc_plsgen/ppmc_pls_cnt_inst/pre_pulsee: 5 loads, 5 LSLICEs
     Net stm10/ppmc_reg_S118M_inst/inst_ppmc_plsgen/ppmc_pls_cnt_inst/un1_pls_ld_2_i: 1 loads, 1 LSLICEs
     Net stm10/ppmc_reg_S118M_inst/inst_ppmc_plsgen/ppmc_speed_cnt_inst/un1_tm_clr_1_sqmuxa_8: 1 loads, 1 LSLICEs
     Net stm09/ppmc_reg_S118M_inst/stop_1_sqmuxa_0_44_a2_i_a4_7: 46 loads, 46 LSLICEs
     Net stm09/ppmc_reg_S118M_inst/inst_ppmc_cmdchk/high_low_0_sqmuxa_2_i_0_7: 1 loads, 1 LSLICEs
     Net stm09/ppmc_reg_S118M_inst/inst_ppmc_cmdchk/stop_1_sqmuxa_1_i_0_7: 1 loads, 1 LSLICEs
     Net stm09/ppmc_reg_S118M_inst/inst_ppmc_cmdchk/l_const_0_sqmuxa_i_0_7: 1 loads, 1 LSLICEs
     Net stm09/ppmc_reg_S118M_inst/COMMAND_HIT: 1 loads, 1 LSLICEs
     Net stm09/ppmc_reg_S118M_inst/inst_ppmc_cmdchk/const_0_sqmuxa_i_0_7: 1 loads, 1 LSLICEs
     Net stm09/ppmc_reg_S118M_inst/inst_ppmc_ctrl/acc_enb_RNO_0_7: 1 loads, 1 LSLICEs
     Net stm09/ppmc_reg_S118M_inst/inst_ppmc_ctrl/up_down_RNO_0_7: 1 loads, 1 LSLICEs
     Net stm09/ppmc_reg_S118M_inst/inst_ppmc_ctrl/N_59_i: 2 loads, 2 LSLICEs
     Net stm09/ppmc_reg_S118M_inst/inst_ppmc_ctrl/N_273_i: 8 loads, 8 LSLICEs
     Net stm09/ppmc_reg_S118M_inst/inst_ppmc_ctrl/un1_command_cng_7: 1 loads, 1 LSLICEs
     Net stm09/ppmc_reg_S118M_inst/inst_ppmc_enblr/un7_enb_wait_1280us_7: 1 loads, 1 LSLICEs
     Net stm09/ppmc_reg_S118M_inst/inst_ppmc_enblr/enb_wait_cnte: 9 loads, 9 LSLICEs
     Net stm09/ppmc_reg_S118M_inst/inst_ppmc_rgstr/un3_sel_com_0_4: 1 loads, 1 LSLICEs
     Net stm09/ppmc_reg_S118M_inst/inst_ppmc_rgstr/N_263_i: 5 loads, 5 LSLICEs
     Net stm09/ppmc_reg_S118M_inst/inst_ppmc_rgstr/N_29_i: 4 loads, 4 LSLICEs
     Net stm09/ppmc_reg_S118M_inst/inst_ppmc_rgstr/N_271_i: 4 loads, 4 LSLICEs
     Net stm09/ppmc_reg_S118M_inst/inst_ppmc_rgstr/N_270_i: 4 loads, 4 LSLICEs
     Net stm09/ppmc_reg_S118M_inst/inst_ppmc_rgstr/N_25_i: 5 loads, 5 LSLICEs
     Net stm09/ppmc_reg_S118M_inst/inst_ppmc_rgstr/un1_sel_mp_b_7: 2 loads, 2 LSLICEs
     Net stm09/ppmc_reg_S118M_inst/inst_ppmc_rgstr/N_259_i: 1 loads, 1 LSLICEs
     Net stm09/N_167_i: 4 loads, 4 LSLICEs
     Net stm09/N_165_i: 2 loads, 2 LSLICEs
     Net stm09/ppmc_reg_S118M_inst/inst_ppmc_rgstr/N_262_i: 5 loads, 5 LSLICEs
     Net stm09/ppmc_reg_S118M_inst/inst_ppmc_rgstr/N_261_i: 5 loads, 5 LSLICEs
     Net stm09/ppmc_reg_S118M_inst/inst_ppmc_rgstr/N_267_i: 5 loads, 5 LSLICEs
     Net stm09/ppmc_reg_S118M_inst/inst_ppmc_rgstr/N_266_i: 4 loads, 4 LSLICEs
     Net stm09/ppmc_reg_S118M_inst/inst_ppmc_rgstr/N_27_i: 6 loads, 6 LSLICEs
     Net stm09/ppmc_reg_S118M_inst/inst_ppmc_rgstr/un3_start_stop_0_a3_7: 1 loads, 1 LSLICEs
     Net stm09/ppmc_reg_S118M_inst/inst_ppmc_rgstr/N_269_i: 4 loads, 4 LSLICEs
     Net stm09/ppmc_reg_S118M_inst/inst_ppmc_rgstr/N_268_i: 4 loads, 4 LSLICEs
     Net stm09/ppmc_reg_S118M_inst/inst_ppmc_rgstr/N_260_i: 5 loads, 5 LSLICEs
     Net stm09/ppmc_reg_S118M_inst/inst_ppmc_rgstr/un4_sel_com_0_a3_7: 5 loads, 5 LSLICEs
     Net stm09/ppmc_reg_S118M_inst/inst_ppmc_rgstr/N_265_i: 5 loads, 5 LSLICEs
     Net stm09/ppmc_reg_S118M_inst/inst_ppmc_rgstr/N_264_i: 4 loads, 4 LSLICEs
     Net stm09/ppmc_reg_S118M_inst/inst_ppmc_plsgen/ppmc_pls_cnt_inst/rege: 9 loads, 9 LSLICEs
     Net stm09/ppmc_reg_S118M_inst/inst_ppmc_plsgen/ppmc_pls_cnt_inst/pre_pulsee: 5 loads, 5 LSLICEs
     Net stm09/ppmc_reg_S118M_inst/inst_ppmc_plsgen/ppmc_pls_cnt_inst/un1_pls_ld_2_i: 1 loads, 1 LSLICEs
     Net stm09/ppmc_reg_S118M_inst/inst_ppmc_plsgen/ppmc_speed_cnt_inst/un1_tm_clr_1_sqmuxa_7: 1 loads, 1 LSLICEs
     Net stm08/ppmc_reg_S118M_inst/stop_1_sqmuxa_0_44_a2_i_a4_6: 46 loads, 46 LSLICEs
     Net stm08/ppmc_reg_S118M_inst/inst_ppmc_cmdchk/high_low_0_sqmuxa_2_i_0_6: 1 loads, 1 LSLICEs
     Net stm08/ppmc_reg_S118M_inst/inst_ppmc_cmdchk/stop_1_sqmuxa_1_i_0_6: 1 loads, 1 LSLICEs
     Net stm08/ppmc_reg_S118M_inst/inst_ppmc_cmdchk/l_const_0_sqmuxa_i_0_6: 1 loads, 1 LSLICEs
     Net stm08/ppmc_reg_S118M_inst/COMMAND_HIT: 1 loads, 1 LSLICEs
     Net stm08/ppmc_reg_S118M_inst/inst_ppmc_cmdchk/const_0_sqmuxa_i_0_6: 1 loads, 1 LSLICEs
     Net stm08/ppmc_reg_S118M_inst/inst_ppmc_ctrl/acc_enb_RNO_0_6: 1 loads, 1 LSLICEs
     Net stm08/ppmc_reg_S118M_inst/inst_ppmc_ctrl/up_down_RNO_0_6: 1 loads, 1 LSLICEs
     Net stm08/ppmc_reg_S118M_inst/inst_ppmc_ctrl/N_59_i: 1 loads, 1 LSLICEs
     Net stm08/ppmc_reg_S118M_inst/inst_ppmc_ctrl/N_273_i: 8 loads, 8 LSLICEs
     Net stm08/ppmc_reg_S118M_inst/inst_ppmc_ctrl/un1_command_cng_6: 1 loads, 1 LSLICEs
     Net stm08/ppmc_reg_S118M_inst/inst_ppmc_enblr/un7_enb_wait_1280us_6: 1 loads, 1 LSLICEs
     Net stm08/ppmc_reg_S118M_inst/inst_ppmc_enblr/enb_wait_cnte: 9 loads, 9 LSLICEs
     Net stm08/ppmc_reg_S118M_inst/inst_ppmc_rgstr/un3_sel_com_0_3: 1 loads, 1 LSLICEs
     Net stm08/ppmc_reg_S118M_inst/inst_ppmc_rgstr/N_263_i: 5 loads, 5 LSLICEs
     Net stm08/ppmc_reg_S118M_inst/inst_ppmc_rgstr/N_29_i: 4 loads, 4 LSLICEs
     Net stm08/ppmc_reg_S118M_inst/inst_ppmc_rgstr/N_271_i: 4 loads, 4 LSLICEs
     Net stm08/ppmc_reg_S118M_inst/inst_ppmc_rgstr/N_270_i: 4 loads, 4 LSLICEs
     Net stm08/ppmc_reg_S118M_inst/inst_ppmc_rgstr/N_25_i: 5 loads, 5 LSLICEs
     Net stm08/ppmc_reg_S118M_inst/inst_ppmc_rgstr/un1_sel_mp_b_6: 2 loads, 2 LSLICEs
     Net stm08/ppmc_reg_S118M_inst/inst_ppmc_rgstr/N_259_i: 1 loads, 1 LSLICEs
     Net stm08/N_186_i: 4 loads, 4 LSLICEs
     Net stm08/N_184_i: 2 loads, 2 LSLICEs
     Net stm08/ppmc_reg_S118M_inst/inst_ppmc_rgstr/N_262_i: 4 loads, 4 LSLICEs
     Net stm08/ppmc_reg_S118M_inst/inst_ppmc_rgstr/N_261_i: 5 loads, 5 LSLICEs
     Net stm08/ppmc_reg_S118M_inst/inst_ppmc_rgstr/N_267_i: 5 loads, 5 LSLICEs
     Net stm08/ppmc_reg_S118M_inst/inst_ppmc_rgstr/N_266_i: 5 loads, 5 LSLICEs
     Net stm08/ppmc_reg_S118M_inst/inst_ppmc_rgstr/N_27_i: 6 loads, 6 LSLICEs
     Net stm08/ppmc_reg_S118M_inst/inst_ppmc_rgstr/un3_start_stop_0_a3_6: 1 loads, 1 LSLICEs
     Net stm08/ppmc_reg_S118M_inst/inst_ppmc_rgstr/N_269_i: 5 loads, 5 LSLICEs
     Net stm08/ppmc_reg_S118M_inst/inst_ppmc_rgstr/N_268_i: 5 loads, 5 LSLICEs
     Net stm08/ppmc_reg_S118M_inst/inst_ppmc_rgstr/N_260_i: 5 loads, 5 LSLICEs
     Net stm08/ppmc_reg_S118M_inst/inst_ppmc_rgstr/un4_sel_com_0_a3_6: 5 loads, 5 LSLICEs
     Net stm08/ppmc_reg_S118M_inst/inst_ppmc_rgstr/N_265_i: 5 loads, 5 LSLICEs
     Net stm08/ppmc_reg_S118M_inst/inst_ppmc_rgstr/N_264_i: 5 loads, 5 LSLICEs
     Net stm08/ppmc_reg_S118M_inst/inst_ppmc_plsgen/ppmc_pls_cnt_inst/rege: 8 loads, 8 LSLICEs
     Net stm08/ppmc_reg_S118M_inst/inst_ppmc_plsgen/ppmc_pls_cnt_inst/pre_pulsee: 5 loads, 5 LSLICEs
     Net stm08/ppmc_reg_S118M_inst/inst_ppmc_plsgen/ppmc_pls_cnt_inst/un1_pls_ld_2_i: 1 loads, 1 LSLICEs
     Net stm08/ppmc_reg_S118M_inst/inst_ppmc_plsgen/ppmc_speed_cnt_inst/un1_tm_clr_1_sqmuxa_6: 1 loads, 1 LSLICEs
     Net stm07/ppmc_reg_S118M_inst/stop_1_sqmuxa_0_44_a2_i_a4_5: 46 loads, 46 LSLICEs
     Net stm07/ppmc_reg_S118M_inst/inst_ppmc_cmdchk/high_low_0_sqmuxa_2_i_0_5: 1 loads, 1 LSLICEs
     Net stm07/ppmc_reg_S118M_inst/inst_ppmc_cmdchk/stop_1_sqmuxa_1_i_0_5: 1 loads, 1 LSLICEs
     Net stm07/ppmc_reg_S118M_inst/inst_ppmc_cmdchk/l_const_0_sqmuxa_i_0_5: 1 loads, 1 LSLICEs
     Net stm07/ppmc_reg_S118M_inst/COMMAND_HIT: 1 loads, 1 LSLICEs
     Net stm07/ppmc_reg_S118M_inst/inst_ppmc_cmdchk/const_0_sqmuxa_i_0_5: 1 loads, 1 LSLICEs
     Net stm07/ppmc_reg_S118M_inst/inst_ppmc_ctrl/acc_enb_RNO_0_5: 1 loads, 1 LSLICEs
     Net stm07/ppmc_reg_S118M_inst/inst_ppmc_ctrl/up_down_RNO_0_5: 1 loads, 1 LSLICEs
     Net stm07/ppmc_reg_S118M_inst/inst_ppmc_ctrl/N_59_i: 1 loads, 1 LSLICEs
     Net stm07/ppmc_reg_S118M_inst/inst_ppmc_ctrl/N_273_i: 8 loads, 8 LSLICEs
     Net stm07/ppmc_reg_S118M_inst/inst_ppmc_ctrl/un1_command_cng_5: 1 loads, 1 LSLICEs
     Net stm07/ppmc_reg_S118M_inst/inst_ppmc_enblr/un7_enb_wait_1280us_5: 1 loads, 1 LSLICEs
     Net stm07/ppmc_reg_S118M_inst/inst_ppmc_enblr/enb_wait_cnte: 9 loads, 9 LSLICEs
     Net stm07/ppmc_reg_S118M_inst/inst_ppmc_rgstr/un3_sel_com_0_2: 1 loads, 1 LSLICEs
     Net stm07/ppmc_reg_S118M_inst/inst_ppmc_rgstr/N_263_i: 4 loads, 4 LSLICEs
     Net stm07/ppmc_reg_S118M_inst/inst_ppmc_rgstr/N_29_i: 5 loads, 5 LSLICEs
     Net stm07/ppmc_reg_S118M_inst/inst_ppmc_rgstr/N_271_i: 4 loads, 4 LSLICEs
     Net stm07/ppmc_reg_S118M_inst/inst_ppmc_rgstr/N_270_i: 4 loads, 4 LSLICEs
     Net stm07/ppmc_reg_S118M_inst/inst_ppmc_rgstr/N_25_i: 5 loads, 5 LSLICEs
     Net stm07/ppmc_reg_S118M_inst/inst_ppmc_rgstr/un1_sel_mp_b_5: 2 loads, 2 LSLICEs
     Net stm07/ppmc_reg_S118M_inst/inst_ppmc_rgstr/N_259_i: 1 loads, 1 LSLICEs
     Net stm07/N_205_i: 4 loads, 4 LSLICEs
     Net stm07/N_203_i: 2 loads, 2 LSLICEs
     Net stm07/ppmc_reg_S118M_inst/inst_ppmc_rgstr/N_262_i: 5 loads, 5 LSLICEs
     Net stm07/ppmc_reg_S118M_inst/inst_ppmc_rgstr/N_261_i: 5 loads, 5 LSLICEs
     Net stm07/ppmc_reg_S118M_inst/inst_ppmc_rgstr/N_267_i: 5 loads, 5 LSLICEs
     Net stm07/ppmc_reg_S118M_inst/inst_ppmc_rgstr/N_266_i: 5 loads, 5 LSLICEs
     Net stm07/ppmc_reg_S118M_inst/inst_ppmc_rgstr/N_27_i: 5 loads, 5 LSLICEs
     Net stm07/ppmc_reg_S118M_inst/inst_ppmc_rgstr/un3_start_stop_0_a3_5: 1 loads, 1 LSLICEs
     Net stm07/ppmc_reg_S118M_inst/inst_ppmc_rgstr/N_269_i: 5 loads, 5 LSLICEs
     Net stm07/ppmc_reg_S118M_inst/inst_ppmc_rgstr/N_268_i: 5 loads, 5 LSLICEs
     Net stm07/ppmc_reg_S118M_inst/inst_ppmc_rgstr/N_260_i: 5 loads, 5 LSLICEs
     Net stm07/ppmc_reg_S118M_inst/inst_ppmc_rgstr/un4_sel_com_0_a3_5: 5 loads, 5 LSLICEs
     Net stm07/ppmc_reg_S118M_inst/inst_ppmc_rgstr/N_265_i: 5 loads, 5 LSLICEs
     Net stm07/ppmc_reg_S118M_inst/inst_ppmc_rgstr/N_264_i: 5 loads, 5 LSLICEs
     Net stm07/ppmc_reg_S118M_inst/inst_ppmc_plsgen/ppmc_pls_cnt_inst/rege: 8 loads, 8 LSLICEs
     Net stm07/ppmc_reg_S118M_inst/inst_ppmc_plsgen/ppmc_pls_cnt_inst/pre_pulsee: 5 loads, 5 LSLICEs
     Net stm07/ppmc_reg_S118M_inst/inst_ppmc_plsgen/ppmc_pls_cnt_inst/un1_pls_ld_2_i: 1 loads, 1 LSLICEs
     Net stm07/ppmc_reg_S118M_inst/inst_ppmc_plsgen/ppmc_speed_cnt_inst/un1_tm_clr_1_sqmuxa_5: 1 loads, 1 LSLICEs
     Net stm06/ppmc_reg_S118M_inst/stop_1_sqmuxa_0_44_a2_i_a4_4: 46 loads, 46 LSLICEs
     Net stm06/ppmc_reg_S118M_inst/inst_ppmc_cmdchk/high_low_0_sqmuxa_2_i_0_4: 1 loads, 1 LSLICEs
     Net stm06/ppmc_reg_S118M_inst/inst_ppmc_cmdchk/stop_1_sqmuxa_1_i_0_4: 1 loads, 1 LSLICEs
     Net stm06/ppmc_reg_S118M_inst/inst_ppmc_cmdchk/l_const_0_sqmuxa_i_0_4: 1 loads, 1 LSLICEs
     Net stm06/ppmc_reg_S118M_inst/COMMAND_HIT: 1 loads, 1 LSLICEs
     Net stm06/ppmc_reg_S118M_inst/inst_ppmc_cmdchk/const_0_sqmuxa_i_0_4: 1 loads, 1 LSLICEs
     Net stm06/ppmc_reg_S118M_inst/inst_ppmc_ctrl/acc_enb_RNO_0_4: 1 loads, 1 LSLICEs
     Net stm06/ppmc_reg_S118M_inst/inst_ppmc_ctrl/up_down_RNO_0_4: 1 loads, 1 LSLICEs
     Net stm06/ppmc_reg_S118M_inst/inst_ppmc_ctrl/N_59_i: 1 loads, 1 LSLICEs
     Net stm06/ppmc_reg_S118M_inst/inst_ppmc_ctrl/N_273_i: 8 loads, 8 LSLICEs
     Net stm06/ppmc_reg_S118M_inst/inst_ppmc_ctrl/un1_command_cng_4: 1 loads, 1 LSLICEs
     Net stm06/ppmc_reg_S118M_inst/inst_ppmc_enblr/un7_enb_wait_1280us_4: 1 loads, 1 LSLICEs
     Net stm06/ppmc_reg_S118M_inst/inst_ppmc_enblr/enb_wait_cnte: 9 loads, 9 LSLICEs
     Net stm06/ppmc_reg_S118M_inst/inst_ppmc_rgstr/un3_sel_com_0_1: 1 loads, 1 LSLICEs
     Net stm06/ppmc_reg_S118M_inst/inst_ppmc_rgstr/N_263_i: 4 loads, 4 LSLICEs
     Net stm06/ppmc_reg_S118M_inst/inst_ppmc_rgstr/N_29_i: 5 loads, 5 LSLICEs
     Net stm06/ppmc_reg_S118M_inst/inst_ppmc_rgstr/N_271_i: 4 loads, 4 LSLICEs
     Net stm06/ppmc_reg_S118M_inst/inst_ppmc_rgstr/N_270_i: 4 loads, 4 LSLICEs
     Net stm06/ppmc_reg_S118M_inst/inst_ppmc_rgstr/N_25_i: 5 loads, 5 LSLICEs
     Net stm06/ppmc_reg_S118M_inst/inst_ppmc_rgstr/un1_sel_mp_b_4: 2 loads, 2 LSLICEs
     Net stm06/ppmc_reg_S118M_inst/inst_ppmc_rgstr/N_259_i: 1 loads, 1 LSLICEs
     Net stm06/N_224_i: 4 loads, 4 LSLICEs
     Net stm06/N_222_i: 2 loads, 2 LSLICEs
     Net stm06/ppmc_reg_S118M_inst/inst_ppmc_rgstr/N_262_i: 5 loads, 5 LSLICEs
     Net stm06/ppmc_reg_S118M_inst/inst_ppmc_rgstr/N_261_i: 5 loads, 5 LSLICEs
     Net stm06/ppmc_reg_S118M_inst/inst_ppmc_rgstr/N_267_i: 5 loads, 5 LSLICEs
     Net stm06/ppmc_reg_S118M_inst/inst_ppmc_rgstr/N_266_i: 5 loads, 5 LSLICEs
     Net stm06/ppmc_reg_S118M_inst/inst_ppmc_rgstr/N_27_i: 5 loads, 5 LSLICEs
     Net stm06/ppmc_reg_S118M_inst/inst_ppmc_rgstr/un3_start_stop_0_a3_4: 1 loads, 1 LSLICEs
     Net stm06/ppmc_reg_S118M_inst/inst_ppmc_rgstr/N_269_i: 4 loads, 4 LSLICEs
     Net stm06/ppmc_reg_S118M_inst/inst_ppmc_rgstr/N_268_i: 5 loads, 5 LSLICEs
     Net stm06/ppmc_reg_S118M_inst/inst_ppmc_rgstr/N_260_i: 5 loads, 5 LSLICEs
     Net stm06/ppmc_reg_S118M_inst/inst_ppmc_rgstr/un4_sel_com_0_a3_4: 5 loads, 5 LSLICEs
     Net stm06/ppmc_reg_S118M_inst/inst_ppmc_rgstr/N_265_i: 5 loads, 5 LSLICEs
     Net stm06/ppmc_reg_S118M_inst/inst_ppmc_rgstr/N_264_i: 5 loads, 5 LSLICEs
     Net stm06/ppmc_reg_S118M_inst/inst_ppmc_plsgen/ppmc_pls_cnt_inst/rege: 8 loads, 8 LSLICEs
     Net stm06/ppmc_reg_S118M_inst/inst_ppmc_plsgen/ppmc_pls_cnt_inst/pre_pulsee: 5 loads, 5 LSLICEs
     Net stm06/ppmc_reg_S118M_inst/inst_ppmc_plsgen/ppmc_pls_cnt_inst/un1_pls_ld_2_i: 1 loads, 1 LSLICEs
     Net stm06/ppmc_reg_S118M_inst/inst_ppmc_plsgen/ppmc_speed_cnt_inst/un1_tm_clr_1_sqmuxa_4: 1 loads, 1 LSLICEs
     Net stm05/ppmc_reg_S118M_inst/stop_1_sqmuxa_0_44_a2_i_a4_3: 46 loads, 46 LSLICEs
     Net stm05/ppmc_reg_S118M_inst/inst_ppmc_cmdchk/high_low_0_sqmuxa_2_i_0_3: 1 loads, 1 LSLICEs
     Net stm05/ppmc_reg_S118M_inst/inst_ppmc_cmdchk/stop_1_sqmuxa_1_i_0_3: 1 loads, 1 LSLICEs
     Net stm05/ppmc_reg_S118M_inst/inst_ppmc_cmdchk/l_const_0_sqmuxa_i_0_3: 1 loads, 1 LSLICEs
     Net stm05/ppmc_reg_S118M_inst/COMMAND_HIT: 1 loads, 1 LSLICEs
     Net stm05/ppmc_reg_S118M_inst/inst_ppmc_cmdchk/const_0_sqmuxa_i_0_3: 1 loads, 1 LSLICEs
     Net stm05/ppmc_reg_S118M_inst/inst_ppmc_ctrl/acc_enb_RNO_0_3: 1 loads, 1 LSLICEs
     Net stm05/ppmc_reg_S118M_inst/inst_ppmc_ctrl/up_down_RNO_0_3: 1 loads, 1 LSLICEs
     Net stm05/ppmc_reg_S118M_inst/inst_ppmc_ctrl/N_59_i: 1 loads, 1 LSLICEs
     Net stm05/ppmc_reg_S118M_inst/inst_ppmc_ctrl/N_273_i: 8 loads, 8 LSLICEs
     Net stm05/ppmc_reg_S118M_inst/inst_ppmc_ctrl/un1_command_cng_3: 1 loads, 1 LSLICEs
     Net stm05/ppmc_reg_S118M_inst/inst_ppmc_enblr/un7_enb_wait_1280us_3: 1 loads, 1 LSLICEs
     Net stm05/ppmc_reg_S118M_inst/inst_ppmc_enblr/enb_wait_cnte: 9 loads, 9 LSLICEs
     Net stm05/ppmc_reg_S118M_inst/inst_ppmc_rgstr/un3_sel_com_0_0: 1 loads, 1 LSLICEs
     Net stm05/ppmc_reg_S118M_inst/inst_ppmc_rgstr/N_263_i: 5 loads, 5 LSLICEs
     Net stm05/ppmc_reg_S118M_inst/inst_ppmc_rgstr/N_29_i: 4 loads, 4 LSLICEs
     Net stm05/ppmc_reg_S118M_inst/inst_ppmc_rgstr/N_271_i: 4 loads, 4 LSLICEs
     Net stm05/ppmc_reg_S118M_inst/inst_ppmc_rgstr/N_270_i: 4 loads, 4 LSLICEs
     Net stm05/ppmc_reg_S118M_inst/inst_ppmc_rgstr/N_25_i: 5 loads, 5 LSLICEs
     Net stm05/ppmc_reg_S118M_inst/inst_ppmc_rgstr/un1_sel_mp_b_3: 2 loads, 2 LSLICEs
     Net stm05/ppmc_reg_S118M_inst/inst_ppmc_rgstr/N_259_i: 1 loads, 1 LSLICEs
     Net stm05/N_243_i: 4 loads, 4 LSLICEs
     Net stm05/N_241_i: 2 loads, 2 LSLICEs
     Net stm05/ppmc_reg_S118M_inst/inst_ppmc_rgstr/N_262_i: 5 loads, 5 LSLICEs
     Net stm05/ppmc_reg_S118M_inst/inst_ppmc_rgstr/N_261_i: 4 loads, 4 LSLICEs
     Net stm05/ppmc_reg_S118M_inst/inst_ppmc_rgstr/N_267_i: 4 loads, 4 LSLICEs
     Net stm05/ppmc_reg_S118M_inst/inst_ppmc_rgstr/N_266_i: 5 loads, 5 LSLICEs
     Net stm05/ppmc_reg_S118M_inst/inst_ppmc_rgstr/N_27_i: 4 loads, 4 LSLICEs
     Net stm05/ppmc_reg_S118M_inst/inst_ppmc_rgstr/un3_start_stop_0_a3_3: 1 loads, 1 LSLICEs
     Net stm05/ppmc_reg_S118M_inst/inst_ppmc_rgstr/N_269_i: 4 loads, 4 LSLICEs
     Net stm05/ppmc_reg_S118M_inst/inst_ppmc_rgstr/N_268_i: 5 loads, 5 LSLICEs
     Net stm05/ppmc_reg_S118M_inst/inst_ppmc_rgstr/N_260_i: 5 loads, 5 LSLICEs
     Net stm05/ppmc_reg_S118M_inst/inst_ppmc_rgstr/un4_sel_com_0_a3_3: 5 loads, 5 LSLICEs
     Net stm05/ppmc_reg_S118M_inst/inst_ppmc_rgstr/N_265_i: 5 loads, 5 LSLICEs
     Net stm05/ppmc_reg_S118M_inst/inst_ppmc_rgstr/N_264_i: 4 loads, 4 LSLICEs
     Net stm05/ppmc_reg_S118M_inst/inst_ppmc_plsgen/ppmc_pls_cnt_inst/rege: 8 loads, 8 LSLICEs
     Net stm05/ppmc_reg_S118M_inst/inst_ppmc_plsgen/ppmc_pls_cnt_inst/pre_pulsee: 5 loads, 5 LSLICEs
     Net stm05/ppmc_reg_S118M_inst/inst_ppmc_plsgen/ppmc_pls_cnt_inst/un1_pls_ld_2_i: 1 loads, 1 LSLICEs
     Net stm05/ppmc_reg_S118M_inst/inst_ppmc_plsgen/ppmc_speed_cnt_inst/un1_tm_clr_1_sqmuxa_3: 1 loads, 1 LSLICEs
     Net stm04/ppmc_reg_S118M_inst/stop_1_sqmuxa_0_44_a2_i_a4_2: 46 loads, 46 LSLICEs
     Net stm04/ppmc_reg_S118M_inst/inst_ppmc_cmdchk/high_low_0_sqmuxa_2_i_0_2: 1 loads, 1 LSLICEs
     Net stm04/ppmc_reg_S118M_inst/inst_ppmc_cmdchk/stop_1_sqmuxa_1_i_0_2: 1 loads, 1 LSLICEs
     Net stm04/ppmc_reg_S118M_inst/inst_ppmc_cmdchk/l_const_0_sqmuxa_i_0_2: 1 loads, 1 LSLICEs
     Net stm04/ppmc_reg_S118M_inst/COMMAND_HIT: 1 loads, 1 LSLICEs
     Net stm04/ppmc_reg_S118M_inst/inst_ppmc_cmdchk/const_0_sqmuxa_i_0_2: 1 loads, 1 LSLICEs
     Net stm04/ppmc_reg_S118M_inst/inst_ppmc_ctrl/acc_enb_RNO_0_2: 1 loads, 1 LSLICEs
     Net stm04/ppmc_reg_S118M_inst/inst_ppmc_ctrl/up_down_RNO_0_2: 1 loads, 1 LSLICEs
     Net stm04/ppmc_reg_S118M_inst/inst_ppmc_ctrl/N_59_i: 1 loads, 1 LSLICEs
     Net stm04/ppmc_reg_S118M_inst/inst_ppmc_ctrl/N_273_i: 8 loads, 8 LSLICEs
     Net stm04/ppmc_reg_S118M_inst/inst_ppmc_ctrl/un1_command_cng_2: 1 loads, 1 LSLICEs
     Net stm04/ppmc_reg_S118M_inst/inst_ppmc_enblr/un7_enb_wait_1280us_2: 1 loads, 1 LSLICEs
     Net stm04/ppmc_reg_S118M_inst/inst_ppmc_enblr/enb_wait_cnte: 9 loads, 9 LSLICEs
     Net stm04/ppmc_reg_S118M_inst/inst_ppmc_rgstr/com_cng_RNO_1: 1 loads, 1 LSLICEs
     Net stm04/ppmc_reg_S118M_inst/inst_ppmc_rgstr/un4_sel_com_0_a3_2: 5 loads, 5 LSLICEs
     Net stm04/ppmc_reg_S118M_inst/inst_ppmc_rgstr/N_263_i: 5 loads, 5 LSLICEs
     Net stm04/ppmc_reg_S118M_inst/inst_ppmc_rgstr/N_29_i: 5 loads, 5 LSLICEs
     Net stm04/ppmc_reg_S118M_inst/inst_ppmc_rgstr/N_271_i: 4 loads, 4 LSLICEs
     Net stm04/ppmc_reg_S118M_inst/inst_ppmc_rgstr/N_270_i: 4 loads, 4 LSLICEs
     Net stm04/ppmc_reg_S118M_inst/inst_ppmc_rgstr/N_25_i: 5 loads, 5 LSLICEs
     Net stm04/ppmc_reg_S118M_inst/inst_ppmc_rgstr/un1_sel_mp_b_2: 2 loads, 2 LSLICEs
     Net stm04/ppmc_reg_S118M_inst/inst_ppmc_rgstr/N_259_i: 1 loads, 1 LSLICEs
     Net stm04/N_262_i: 4 loads, 4 LSLICEs
     Net stm04/N_260_i: 2 loads, 2 LSLICEs
     Net stm04/ppmc_reg_S118M_inst/inst_ppmc_rgstr/N_262_i_0: 5 loads, 5 LSLICEs
     Net stm04/ppmc_reg_S118M_inst/inst_ppmc_rgstr/N_261_i: 4 loads, 4 LSLICEs
     Net stm04/ppmc_reg_S118M_inst/inst_ppmc_rgstr/N_267_i: 4 loads, 4 LSLICEs
     Net stm04/ppmc_reg_S118M_inst/inst_ppmc_rgstr/N_266_i: 5 loads, 5 LSLICEs
     Net stm04/ppmc_reg_S118M_inst/inst_ppmc_rgstr/N_27_i: 5 loads, 5 LSLICEs
     Net stm04/ppmc_reg_S118M_inst/inst_ppmc_rgstr/un3_start_stop_0_a3_2: 1 loads, 1 LSLICEs
     Net stm04/ppmc_reg_S118M_inst/inst_ppmc_rgstr/N_269_i: 5 loads, 5 LSLICEs
     Net stm04/ppmc_reg_S118M_inst/inst_ppmc_rgstr/N_268_i: 4 loads, 4 LSLICEs
     Net stm04/ppmc_reg_S118M_inst/inst_ppmc_rgstr/N_260_i_0: 5 loads, 5 LSLICEs
     Net stm04/ppmc_reg_S118M_inst/inst_ppmc_rgstr/N_265_i: 5 loads, 5 LSLICEs
     Net stm04/ppmc_reg_S118M_inst/inst_ppmc_rgstr/N_264_i: 5 loads, 5 LSLICEs
     Net stm04/ppmc_reg_S118M_inst/inst_ppmc_plsgen/ppmc_pls_cnt_inst/rege: 9 loads, 9 LSLICEs
     Net stm04/ppmc_reg_S118M_inst/inst_ppmc_plsgen/ppmc_pls_cnt_inst/pre_pulsee: 5 loads, 5 LSLICEs
     Net stm04/ppmc_reg_S118M_inst/inst_ppmc_plsgen/ppmc_pls_cnt_inst/un1_pls_ld_2_i: 1 loads, 1 LSLICEs
     Net stm04/ppmc_reg_S118M_inst/inst_ppmc_plsgen/ppmc_speed_cnt_inst/un1_tm_clr_1_sqmuxa_2: 1 loads, 1 LSLICEs
     Net stm03/ppmc_reg_S118M_inst/stop_1_sqmuxa_0_44_a2_i_a4_1: 46 loads, 46 LSLICEs
     Net stm03/ppmc_reg_S118M_inst/inst_ppmc_cmdchk/high_low_0_sqmuxa_2_i_0_1: 1 loads, 1 LSLICEs
     Net stm03/ppmc_reg_S118M_inst/inst_ppmc_cmdchk/stop_1_sqmuxa_1_i_0_1: 1 loads, 1 LSLICEs
     Net stm03/ppmc_reg_S118M_inst/inst_ppmc_cmdchk/l_const_0_sqmuxa_i_0_1: 1 loads, 1 LSLICEs
     Net stm03/ppmc_reg_S118M_inst/COMMAND_HIT: 1 loads, 1 LSLICEs
     Net stm03/ppmc_reg_S118M_inst/inst_ppmc_cmdchk/const_0_sqmuxa_i_0_1: 1 loads, 1 LSLICEs
     Net stm03/ppmc_reg_S118M_inst/inst_ppmc_ctrl/acc_enb_RNO_0_1: 1 loads, 1 LSLICEs
     Net stm03/ppmc_reg_S118M_inst/inst_ppmc_ctrl/up_down_RNO_0_1: 1 loads, 1 LSLICEs
     Net stm03/ppmc_reg_S118M_inst/inst_ppmc_ctrl/N_59_i: 1 loads, 1 LSLICEs
     Net stm03/ppmc_reg_S118M_inst/inst_ppmc_ctrl/N_273_i: 8 loads, 8 LSLICEs
     Net stm03/ppmc_reg_S118M_inst/inst_ppmc_ctrl/un1_command_cng_1: 1 loads, 1 LSLICEs
     Net stm03/ppmc_reg_S118M_inst/inst_ppmc_enblr/un7_enb_wait_1280us_1: 1 loads, 1 LSLICEs
     Net stm03/ppmc_reg_S118M_inst/inst_ppmc_enblr/enb_wait_cnte: 9 loads, 9 LSLICEs
     Net stm03/ppmc_reg_S118M_inst/inst_ppmc_rgstr/com_cng_RNO_0: 1 loads, 1 LSLICEs
     Net stm03/ppmc_reg_S118M_inst/inst_ppmc_rgstr/un4_sel_com_0_a3_1: 5 loads, 5 LSLICEs
     Net stm03/ppmc_reg_S118M_inst/inst_ppmc_rgstr/N_271_i: 4 loads, 4 LSLICEs
     Net stm03/ppmc_reg_S118M_inst/inst_ppmc_rgstr/N_270_i: 4 loads, 4 LSLICEs
     Net stm03/ppmc_reg_S118M_inst/inst_ppmc_rgstr/N_266_i: 5 loads, 5 LSLICEs
     Net stm03/ppmc_reg_S118M_inst/inst_ppmc_rgstr/N_263_i: 4 loads, 4 LSLICEs
     Net stm03/ppmc_reg_S118M_inst/inst_ppmc_rgstr/N_29_i: 5 loads, 5 LSLICEs
     Net stm03/ppmc_reg_S118M_inst/inst_ppmc_rgstr/N_27_i: 6 loads, 6 LSLICEs
     Net stm03/ppmc_reg_S118M_inst/inst_ppmc_rgstr/N_259_i: 1 loads, 1 LSLICEs
     Net stm03/ppmc_reg_S118M_inst/inst_ppmc_rgstr/N_25_i: 4 loads, 4 LSLICEs
     Net stm03/ppmc_reg_S118M_inst/inst_ppmc_rgstr/un1_sel_mp_b_1: 2 loads, 2 LSLICEs
     Net stm03/N_281_i: 4 loads, 4 LSLICEs
     Net stm03/N_279_i: 3 loads, 3 LSLICEs
     Net stm03/ppmc_reg_S118M_inst/inst_ppmc_rgstr/N_262_i: 5 loads, 5 LSLICEs
     Net stm03/ppmc_reg_S118M_inst/inst_ppmc_rgstr/N_261_i: 5 loads, 5 LSLICEs
     Net stm03/ppmc_reg_S118M_inst/inst_ppmc_rgstr/N_267_i: 5 loads, 5 LSLICEs
     Net stm03/ppmc_reg_S118M_inst/inst_ppmc_rgstr/un3_start_stop_0_a3_1: 1 loads, 1 LSLICEs
     Net stm03/ppmc_reg_S118M_inst/inst_ppmc_rgstr/N_269_i: 5 loads, 5 LSLICEs
     Net stm03/ppmc_reg_S118M_inst/inst_ppmc_rgstr/N_268_i: 5 loads, 5 LSLICEs
     Net stm03/ppmc_reg_S118M_inst/inst_ppmc_rgstr/N_260_i: 5 loads, 5 LSLICEs
     Net stm03/ppmc_reg_S118M_inst/inst_ppmc_rgstr/N_265_i: 5 loads, 5 LSLICEs
     Net stm03/ppmc_reg_S118M_inst/inst_ppmc_rgstr/N_264_i: 5 loads, 5 LSLICEs
     Net stm03/ppmc_reg_S118M_inst/inst_ppmc_plsgen/ppmc_pls_cnt_inst/rege: 9 loads, 9 LSLICEs
     Net stm03/ppmc_reg_S118M_inst/inst_ppmc_plsgen/ppmc_pls_cnt_inst/pre_pulsee: 5 loads, 5 LSLICEs
     Net stm03/ppmc_reg_S118M_inst/inst_ppmc_plsgen/ppmc_pls_cnt_inst/un1_pls_ld_2_i: 1 loads, 1 LSLICEs
     Net stm03/ppmc_reg_S118M_inst/inst_ppmc_plsgen/ppmc_speed_cnt_inst/un1_tm_clr_1_sqmuxa_1: 1 loads, 1 LSLICEs
     Net stm02/ppmc_reg_S118M_inst/stop_1_sqmuxa_0_44_a2_i_a4_0: 46 loads, 46 LSLICEs
     Net stm02/ppmc_reg_S118M_inst/inst_ppmc_cmdchk/l_const_0_sqmuxa_i_0_0: 1 loads, 1 LSLICEs
     Net stm02/ppmc_reg_S118M_inst/inst_ppmc_cmdchk/stop_1_sqmuxa_1_i_0_0: 1 loads, 1 LSLICEs
     Net stm02/ppmc_reg_S118M_inst/inst_ppmc_cmdchk/high_low_0_sqmuxa_2_i_0_0: 1 loads, 1 LSLICEs
     Net stm02/ppmc_reg_S118M_inst/COMMAND_HIT: 1 loads, 1 LSLICEs
     Net stm02/ppmc_reg_S118M_inst/inst_ppmc_cmdchk/const_0_sqmuxa_i_0_0: 1 loads, 1 LSLICEs
     Net stm02/ppmc_reg_S118M_inst/inst_ppmc_ctrl/acc_enb_RNO_0_0: 1 loads, 1 LSLICEs
     Net stm02/ppmc_reg_S118M_inst/inst_ppmc_ctrl/up_down_RNO_0_0: 1 loads, 1 LSLICEs
     Net stm02/ppmc_reg_S118M_inst/inst_ppmc_ctrl/N_59_i: 1 loads, 1 LSLICEs
     Net stm02/ppmc_reg_S118M_inst/inst_ppmc_ctrl/N_273_i: 8 loads, 8 LSLICEs
     Net stm02/ppmc_reg_S118M_inst/inst_ppmc_ctrl/un1_command_cng_0: 1 loads, 1 LSLICEs
     Net stm02/ppmc_reg_S118M_inst/inst_ppmc_enblr/un7_enb_wait_1280us_0: 1 loads, 1 LSLICEs
     Net stm02/ppmc_reg_S118M_inst/inst_ppmc_enblr/enb_wait_cnte: 9 loads, 9 LSLICEs
     Net stm02/ppmc_reg_S118M_inst/inst_ppmc_rgstr/un4_sel_com_0_a3_0: 5 loads, 5 LSLICEs
     Net stm02/ppmc_reg_S118M_inst/inst_ppmc_rgstr/com_cng_RNO: 1 loads, 1 LSLICEs
     Net stm02/ppmc_reg_S118M_inst/inst_ppmc_rgstr/N_263_i: 5 loads, 5 LSLICEs
     Net stm02/ppmc_reg_S118M_inst/inst_ppmc_rgstr/N_29_i: 4 loads, 4 LSLICEs
     Net stm02/ppmc_reg_S118M_inst/inst_ppmc_rgstr/N_271_i: 4 loads, 4 LSLICEs
     Net stm02/ppmc_reg_S118M_inst/inst_ppmc_rgstr/N_270_i: 4 loads, 4 LSLICEs
     Net stm02/ppmc_reg_S118M_inst/inst_ppmc_rgstr/N_25_i: 4 loads, 4 LSLICEs
     Net stm02/ppmc_reg_S118M_inst/inst_ppmc_rgstr/un1_sel_mp_b_0: 2 loads, 2 LSLICEs
     Net stm02/ppmc_reg_S118M_inst/inst_ppmc_rgstr/N_259_i: 1 loads, 1 LSLICEs
     Net stm02/N_300_i: 4 loads, 4 LSLICEs
     Net stm02/N_298_i: 3 loads, 3 LSLICEs
     Net stm02/ppmc_reg_S118M_inst/inst_ppmc_rgstr/N_262_i: 4 loads, 4 LSLICEs
     Net stm02/ppmc_reg_S118M_inst/inst_ppmc_rgstr/N_261_i: 5 loads, 5 LSLICEs
     Net stm02/ppmc_reg_S118M_inst/inst_ppmc_rgstr/N_267_i: 5 loads, 5 LSLICEs
     Net stm02/ppmc_reg_S118M_inst/inst_ppmc_rgstr/N_266_i: 5 loads, 5 LSLICEs
     Net stm02/ppmc_reg_S118M_inst/inst_ppmc_rgstr/N_27_i: 5 loads, 5 LSLICEs
     Net stm02/ppmc_reg_S118M_inst/inst_ppmc_rgstr/un3_start_stop_0_a3_0: 1 loads, 1 LSLICEs
     Net stm02/ppmc_reg_S118M_inst/inst_ppmc_rgstr/N_269_i: 5 loads, 5 LSLICEs
     Net stm02/ppmc_reg_S118M_inst/inst_ppmc_rgstr/N_268_i: 5 loads, 5 LSLICEs
     Net stm02/ppmc_reg_S118M_inst/inst_ppmc_rgstr/N_260_i: 5 loads, 5 LSLICEs
     Net stm02/ppmc_reg_S118M_inst/inst_ppmc_rgstr/N_265_i: 4 loads, 4 LSLICEs
     Net stm02/ppmc_reg_S118M_inst/inst_ppmc_rgstr/N_264_i: 5 loads, 5 LSLICEs
     Net stm02/ppmc_reg_S118M_inst/inst_ppmc_plsgen/ppmc_pls_cnt_inst/rege: 9 loads, 9 LSLICEs
     Net stm02/ppmc_reg_S118M_inst/inst_ppmc_plsgen/ppmc_pls_cnt_inst/pre_pulsee: 5 loads, 5 LSLICEs
     Net stm02/ppmc_reg_S118M_inst/inst_ppmc_plsgen/ppmc_pls_cnt_inst/un1_pls_ld_2_i: 1 loads, 1 LSLICEs
     Net stm02/ppmc_reg_S118M_inst/inst_ppmc_plsgen/ppmc_speed_cnt_inst/un1_tm_clr_1_sqmuxa_0: 1 loads, 1 LSLICEs
     Net stm01/ppmc_reg_S118M_inst/stop_1_sqmuxa_0_44_a2_i_a4: 46 loads, 46 LSLICEs
     Net stm01/ppmc_reg_S118M_inst/inst_ppmc_cmdchk/stop_1_sqmuxa_1_i_0: 1 loads, 1 LSLICEs
     Net stm01/ppmc_reg_S118M_inst/inst_ppmc_cmdchk/l_const_0_sqmuxa_i_0: 1 loads, 1 LSLICEs
     Net stm01/ppmc_reg_S118M_inst/inst_ppmc_cmdchk/high_low_0_sqmuxa_2_i_0: 1 loads, 1 LSLICEs
     Net stm01/ppmc_reg_S118M_inst/COMMAND_HIT: 2 loads, 2 LSLICEs
     Net stm01/ppmc_reg_S118M_inst/inst_ppmc_cmdchk/const_0_sqmuxa_i_0: 1 loads, 1 LSLICEs
     Net stm01/ppmc_reg_S118M_inst/inst_ppmc_ctrl/acc_enb_RNO_0: 1 loads, 1 LSLICEs
     Net stm01/ppmc_reg_S118M_inst/inst_ppmc_ctrl/up_down_RNO_0: 1 loads, 1 LSLICEs
     Net stm01/ppmc_reg_S118M_inst/inst_ppmc_ctrl/N_59_i: 2 loads, 2 LSLICEs
     Net stm01/ppmc_reg_S118M_inst/inst_ppmc_ctrl/N_273_i: 8 loads, 8 LSLICEs
     Net stm01/ppmc_reg_S118M_inst/inst_ppmc_ctrl/un1_command_cng: 1 loads, 1 LSLICEs
     Net stm01/ppmc_reg_S118M_inst/inst_ppmc_enblr/un7_enb_wait_1280us: 1 loads, 1 LSLICEs
     Net stm01/ppmc_reg_S118M_inst/inst_ppmc_enblr/enb_wait_cnte: 9 loads, 9 LSLICEs
     Net stm01/ppmc_reg_S118M_inst/inst_ppmc_rgstr/un3_sel_com_0: 1 loads, 1 LSLICEs
     Net stm01/ppmc_reg_S118M_inst/inst_ppmc_rgstr/N_263_i: 5 loads, 5 LSLICEs
     Net stm01/ppmc_reg_S118M_inst/inst_ppmc_rgstr/N_29_i: 5 loads, 5 LSLICEs
     Net stm01/ppmc_reg_S118M_inst/inst_ppmc_rgstr/N_271_i: 4 loads, 4 LSLICEs
     Net stm01/ppmc_reg_S118M_inst/inst_ppmc_rgstr/N_270_i: 4 loads, 4 LSLICEs
     Net stm01/ppmc_reg_S118M_inst/inst_ppmc_rgstr/N_25_i: 4 loads, 4 LSLICEs
     Net stm01/ppmc_reg_S118M_inst/inst_ppmc_rgstr/un1_sel_mp_b: 2 loads, 2 LSLICEs
     Net stm01/ppmc_reg_S118M_inst/inst_ppmc_rgstr/N_259_i: 1 loads, 1 LSLICEs
     Net stm01/N_319_i: 4 loads, 4 LSLICEs
     Net stm01/N_317_i: 2 loads, 2 LSLICEs
     Net stm01/ppmc_reg_S118M_inst/inst_ppmc_rgstr/N_262_i: 5 loads, 5 LSLICEs
     Net stm01/ppmc_reg_S118M_inst/inst_ppmc_rgstr/N_261_i: 4 loads, 4 LSLICEs
     Net stm01/ppmc_reg_S118M_inst/inst_ppmc_rgstr/N_267_i: 4 loads, 4 LSLICEs
     Net stm01/ppmc_reg_S118M_inst/inst_ppmc_rgstr/N_266_i: 5 loads, 5 LSLICEs
     Net stm01/ppmc_reg_S118M_inst/inst_ppmc_rgstr/N_27_i: 4 loads, 4 LSLICEs
     Net stm01/ppmc_reg_S118M_inst/inst_ppmc_rgstr/un3_start_stop_0_a3: 1 loads, 1 LSLICEs
     Net stm01/ppmc_reg_S118M_inst/inst_ppmc_rgstr/N_269_i: 5 loads, 5 LSLICEs
     Net stm01/ppmc_reg_S118M_inst/inst_ppmc_rgstr/N_268_i: 4 loads, 4 LSLICEs
     Net stm01/ppmc_reg_S118M_inst/inst_ppmc_rgstr/N_260_i: 5 loads, 5 LSLICEs
     Net stm01/ppmc_reg_S118M_inst/inst_ppmc_rgstr/un4_sel_com_0_a3: 5 loads, 5 LSLICEs
     Net stm01/ppmc_reg_S118M_inst/inst_ppmc_rgstr/N_265_i: 4 loads, 4 LSLICEs
     Net stm01/ppmc_reg_S118M_inst/inst_ppmc_rgstr/N_264_i: 4 loads, 4 LSLICEs
     Net stm01/ppmc_reg_S118M_inst/inst_ppmc_plsgen/ppmc_pls_cnt_inst/rege: 8 loads, 8 LSLICEs
     Net stm01/ppmc_reg_S118M_inst/inst_ppmc_plsgen/ppmc_pls_cnt_inst/pre_pulsee: 5 loads, 5 LSLICEs
     Net stm01/ppmc_reg_S118M_inst/inst_ppmc_plsgen/ppmc_pls_cnt_inst/un1_pls_ld_2_i: 1 loads, 1 LSLICEs
     Net stm01/ppmc_reg_S118M_inst/inst_ppmc_plsgen/ppmc_speed_cnt_inst/un1_tm_clr_1_sqmuxa: 1 loads, 1 LSLICEs
     Net pls_sens_inst/s_SNS_SIGce[0]: 1 loads, 1 LSLICEs
     Net pls_sens_inst/s_SNS_SIGce[1]: 1 loads, 1 LSLICEs
     Net pls_sens_inst/s_SNS_SIGce[2]: 1 loads, 1 LSLICEs
     Net pls_sens_inst/s_SNS_SIGce[3]: 1 loads, 1 LSLICEs
     Net pls_sens_inst/s_SNS_SIGce[4]: 1 loads, 1 LSLICEs
     Net pls_sens_inst/s_SNS_SIGce[5]: 1 loads, 1 LSLICEs
     Net pls_sens_inst/s_SNS_SIGce[6]: 1 loads, 1 LSLICEs
     Net pls_sens_inst/s_SNS_SIGce[7]: 1 loads, 1 LSLICEs
     Net s_CKEN1k: 4 loads, 4 LSLICEs
     Net ENC_inst/enc_func.4.enc_top_inst/U_enc_lmt/un2_s_stmst_pls_1sh_2_i: 1 loads, 1 LSLICEs
     Net ENC_inst/enc_func.4.enc_top_inst/encoder_inst/N_14_i: 5 loads, 5 LSLICEs
     Net ENC_inst/enc_func.4.enc_top_inst/encoder_inst/N_17_i: 5 loads, 5 LSLICEs
     Net ENC_inst/enc_func.7.enc_top_inst/U_enc_lmt/un2_s_stmst_pls_1sh_2_i: 1 loads, 1 LSLICEs
     Net ENC_inst/enc_func.7.enc_top_inst/encoder_inst/N_14_i: 5 loads, 5 LSLICEs
     Net ENC_inst/enc_func.7.enc_top_inst/encoder_inst/N_17_i: 5 loads, 5 LSLICEs
     Net ENC_inst/enc_func.10.enc_top_inst/U_enc_lmt/un2_s_stmst_pls_1sh_2_i: 1 loads, 1 LSLICEs
     Net ENC_inst/enc_func.10.enc_top_inst/encoder_inst/N_14_i: 5 loads, 5 LSLICEs
     Net ENC_inst/enc_func.10.enc_top_inst/encoder_inst/N_17_i: 5 loads, 5 LSLICEs
     Net ENC_inst/enc_func.13.enc_top_inst/U_enc_lmt/un2_s_stmst_pls_1sh_2_i: 1 loads, 1 LSLICEs
     Net ENC_inst/enc_func.13.enc_top_inst/encoder_inst/N_14_i: 5 loads, 5 LSLICEs
     Net ENC_inst/enc_func.13.enc_top_inst/encoder_inst/N_17_i: 5 loads, 5 LSLICEs
     Net ENC_inst/enc_func.3.enc_top_inst/U_enc_lmt/un2_s_stmst_pls_1sh_2_i: 1 loads, 1 LSLICEs
     Net ENC_inst/enc_func.3.enc_top_inst/encoder_inst/N_14_i: 5 loads, 5 LSLICEs
     Net ENC_inst/enc_func.3.enc_top_inst/encoder_inst/N_17_i: 5 loads, 5 LSLICEs
     Net ENC_inst/enc_func.6.enc_top_inst/U_enc_lmt/un2_s_stmst_pls_1sh_2_i: 1 loads, 1 LSLICEs
     Net ENC_inst/enc_func.6.enc_top_inst/encoder_inst/N_14_i: 5 loads, 5 LSLICEs
     Net ENC_inst/enc_func.6.enc_top_inst/encoder_inst/N_17_i: 5 loads, 5 LSLICEs
     Net ENC_inst/enc_func.9.enc_top_inst/U_enc_lmt/un2_s_stmst_pls_1sh_2_i: 1 loads, 1 LSLICEs
     Net ENC_inst/enc_func.9.enc_top_inst/encoder_inst/N_14_i: 5 loads, 5 LSLICEs
     Net ENC_inst/enc_func.9.enc_top_inst/encoder_inst/N_17_i: 5 loads, 5 LSLICEs
     Net ENC_inst/enc_func.12.enc_top_inst/U_enc_lmt/un2_s_stmst_pls_1sh_2_i: 1 loads, 1 LSLICEs
     Net ENC_inst/enc_func.12.enc_top_inst/encoder_inst/N_14_i: 5 loads, 5 LSLICEs
     Net ENC_inst/enc_func.12.enc_top_inst/encoder_inst/N_17_i: 5 loads, 5 LSLICEs
     Net ENC_inst/enc_func.2.enc_top_inst/U_enc_lmt/un2_s_stmst_pls_1sh_2_i: 1 loads, 1 LSLICEs
     Net ENC_inst/enc_func.2.enc_top_inst/encoder_inst/N_14_i: 5 loads, 5 LSLICEs
     Net ENC_inst/enc_func.2.enc_top_inst/encoder_inst/N_17_i: 5 loads, 5 LSLICEs
     Net ENC_inst/enc_func.5.enc_top_inst/U_enc_lmt/un2_s_stmst_pls_1sh_2_i: 1 loads, 1 LSLICEs
     Net ENC_inst/enc_func.5.enc_top_inst/encoder_inst/N_14_i: 5 loads, 5 LSLICEs
     Net ENC_inst/enc_func.5.enc_top_inst/encoder_inst/N_17_i: 5 loads, 5 LSLICEs
     Net ENC_inst/enc_func.8.enc_top_inst/U_enc_lmt/un2_s_stmst_pls_1sh_2_i: 1 loads, 1 LSLICEs
     Net ENC_inst/enc_func.8.enc_top_inst/encoder_inst/N_14_i: 5 loads, 5 LSLICEs
     Net ENC_inst/enc_func.8.enc_top_inst/encoder_inst/N_17_i: 5 loads, 5 LSLICEs
     Net ENC_inst/enc_func.11.enc_top_inst/U_enc_lmt/un2_s_stmst_pls_1sh_2_i: 1 loads, 1 LSLICEs
     Net ENC_inst/enc_func.11.enc_top_inst/encoder_inst/N_14_i: 5 loads, 5 LSLICEs
     Net ENC_inst/enc_func.11.enc_top_inst/encoder_inst/N_17_i: 5 loads, 5 LSLICEs
     Net ENC_inst/enc_func.1.enc_top_inst/U_enc_lmt/un2_s_stmst_pls_1sh_2_i: 1 loads, 1 LSLICEs
     Net ENC_inst/enc_func.1.enc_top_inst/encoder_inst/N_14_i: 5 loads, 5 LSLICEs
     Net ENC_inst/enc_func.1.enc_top_inst/encoder_inst/N_17_i: 5 loads, 5 LSLICEs
     Net LEDLT/N_22_i: 5 loads, 5 LSLICEs
     Net s_CKEN5M: 6 loads, 6 LSLICEs
     Net LEDLT/N_23_i: 5 loads, 5 LSLICEs
     Net LEDLT/TLC5916/s_cnte: 3 loads, 3 LSLICEs
     Net LEDLT/un1_s_tlc5916_fin: 1 loads, 1 LSLICEs
     Net LEDLT/un1_s_ad8402_fin_0: 1 loads, 1 LSLICEs
     Net ADC_CONT/adc_reg_inst/s_REG2_1_sqmuxa: 6 loads, 6 LSLICEs
     Net ADC_CONT/adc_reg_inst/s_REG1_0_sqmuxa: 6 loads, 6 LSLICEs
     Net ADC_CONT/adif_seq_inst/s_CH_1_sqmuxa: 1 loads, 1 LSLICEs
     Net U_DAC43608_top/U03/un1_s_ch_slave_0_sqmuxa_i: 7 loads, 7 LSLICEs
     Net U_DAC43608_top/U03/s_LATCH[0]: 4 loads, 4 LSLICEs
     Net U_DAC43608_top/U03/s_LATCH[1]: 4 loads, 4 LSLICEs
     Net U_DAC43608_top/U03/s_LATCH[2]: 4 loads, 4 LSLICEs
     Net U_DAC43608_top/U03/s_LATCH[3]: 4 loads, 4 LSLICEs
     Net U_DAC43608_top/U03/s_LATCH[4]: 4 loads, 4 LSLICEs
     Net U_DAC43608_top/U03/s_LATCH[5]: 4 loads, 4 LSLICEs
     Net U_DAC43608_top/U03/s_LATCH[6]: 4 loads, 4 LSLICEs
     Net U_DAC43608_top/U03/s_LATCH[7]: 4 loads, 4 LSLICEs
     Net U_DAC43608_top/U03/s_LATCH[8]: 4 loads, 4 LSLICEs
     Net U_DAC43608_top/U03/s_LATCH[9]: 4 loads, 4 LSLICEs
     Net U_DAC43608_top/U03/s_LATCH[10]: 4 loads, 4 LSLICEs
     Net U_DAC43608_top/U03/s_LATCH[11]: 4 loads, 4 LSLICEs
     Net U_DAC43608_top/U03/s_LATCH[12]: 4 loads, 4 LSLICEs
     Net U_DAC43608_top/U02/N_248_i: 1 loads, 1 LSLICEs
     Net U_DAC43608_top/U02/N_246_i: 1 loads, 1 LSLICEs
     Net U_DAC43608_top/U02/un1_st_13_0_0: 4 loads, 4 LSLICEs
     Net U_DAC43608_top/U02/un1_st_15_0_0: 2 loads, 2 LSLICEs
     Net U_DAC43608_top/U02/un1_st_9_0_0: 1 loads, 1 LSLICEs
     Net U_DAC43608_top/U01/registers/N_180: 4 loads, 4 LSLICEs
     Net U_DAC43608_top/U01/registers/prerce[0]: 4 loads, 4 LSLICEs
     Net U_DAC43608_top/U01/registers/prerce[8]: 4 loads, 4 LSLICEs
     Net U_DAC43608_top/U01/registers/N_179: 2 loads, 2 LSLICEs
     Net U_DAC43608_top/U01/registers/N_108: 3 loads, 3 LSLICEs
     Net U_DAC43608_top/U01/registers/cr_intce[3]: 1 loads, 1 LSLICEs
     Net U_DAC43608_top/U01/bit_controller/un1_sda_oen_int_0_sqmuxa_0_0_0: 1 loads, 1 LSLICEs
     Net U_DAC43608_top/U01/bit_controller/N_211_i: 1 loads, 1 LSLICEs
     Net U_DAC43608_top/U01/bit_controller/un1_scl_oen_int_0_sqmuxa_0_0_0: 1 loads, 1 LSLICEs
     Net U_DAC43608_top/U01/bit_controller/N_284_i: 9 loads, 9 LSLICEs
     Net U_DAC43608_top/U01/bit_controller/clk_en: 1 loads, 1 LSLICEs
     Net un5_scl_i: 1 loads, 0 LSLICEs
     Net U_DAC43608_top/U01/byte_controller/un1_rst_1_i: 5 loads, 5 LSLICEs
     Net U_DAC43608_top/U01/byte_controller/N_22: 2 loads, 2 LSLICEs
     Net U_DAC43608_top/U01/byte_controller/N_16: 1 loads, 1 LSLICEs
     Net EFUSE_CTRL_inst/un1_mode_com_2: 2 loads, 2 LSLICEs
     Net sp_conv_inst/SIO_inst1/U_SPI_master/s_cnte: 62 loads, 62 LSLICEs
     Net sp_conv_inst/SIO_inst1/U_SPI_master/un1_s_CLR_1_i_0: 1 loads, 1 LSLICEs
     Net sp_conv_inst/SIO_inst1/U_SPI_master/un1_s_CS_0_sqmuxa_1_0: 1 loads, 1 LSLICEs
     Net sp_conv_inst.SIO_inst1.U_SPI_master.N_123_i: 1 loads, 0 LSLICEs
     Net sp_conv_inst.SIO_inst1.U_SPI_master.s_latch_en: 1 loads, 0 LSLICEs
     Net sp_conv_inst/SIO_inst1/N_393_i: 26 loads, 26 LSLICEs
     Net CLK_gen_inst/s_CKEN10k: 2 loads, 2 LSLICEs
     Net slv_com_top_inst/N_200_i: 1 loads, 1 LSLICEs
     Net slv_com_top_inst/cds_inst/N_4: 1 loads, 1 LSLICEs
     Net slv_com_top_inst/clk2An_cntr[8]: 5 loads, 5 LSLICEs
     Net slv_com_top_inst/rx_com_inst/rx_cont_b2_inst/rx_ctl_3rd_inst/crc_en_RNO: 1 loads, 1 LSLICEs
     Net slv_com_top_inst/rx_com_inst/rx_cont_b2_inst/rx_ctl_3rd_inst/rxdt_counte: 2 loads, 2 LSLICEs
     Net slv_com_top_inst/rx_com_inst/rx_cont_b2_inst/rx_ctl_3rd_inst/N_533_i: 1 loads, 1 LSLICEs
     Net slv_com_top_inst/rx_com_inst/rx_cont_b2_inst/rx_ctl_3rd_inst/un1_valid_0: 1 loads, 1 LSLICEs
     Net slv_com_top_inst/rx_com_inst/rx_cont_b2_inst/N_508: 1 loads, 1 LSLICEs
     Net slv_com_top_inst/rx_com_inst/rx_cont_b2_inst/crc_check_inst/un1_crcck_en_0: 8 loads, 8 LSLICEs
     Net slv_com_top_inst/rx_com_inst/rx_cont_b2_inst/crc_check_inst/N_736_i: 1 loads, 1 LSLICEs
     Net slv_com_top_inst/rx_com_inst/rx_cont_b2_inst/rx_dcfifo1_48_inst/wren_i: 14 loads, 12 LSLICEs
     Net slv_com_top_inst/rx_com_inst/rx_cont_b2_inst/rx_dcfifo1_48_inst/rden_i: 14 loads, 12 LSLICEs
     Net slv_com_top_inst/rx_com_inst/rx_cont_b1_inst/rx_ck_dcfifo1_48_inst/wren_i: 14 loads, 12 LSLICEs
     Net slv_com_top_inst/rx_com_inst/rx_cont_b1_inst/rx_ck_dcfifo1_48_inst/rden_i: 14 loads, 12 LSLICEs
     Net slv_com_top_inst/rx_com_inst/dec8b10b_wrapper_inst/dec8b10b_new_inst/ENB_BUF: 6 loads, 6 LSLICEs
     Net slv_com_top_inst/rx_com_inst/dec8b10b_wrapper_inst/enable_reg: 9 loads, 9 LSLICEs
     Net slv_com_top_inst/tx_com_inst/tx_cont_b2_inst/tx_ctl_3rd_inst/un4_st_count: 1 loads, 1 LSLICEs
     Net slv_com_top_inst/tx_com_inst/tx_cont_b2_inst/tx_ctl_3rd_inst/dt_load: 1 loads, 1 LSLICEs
     Net slv_com_top_inst/tx_com_inst/tx_cont_b2_inst/tx_ck_dcfifo1_48_inst/wren_i: 14 loads, 12 LSLICEs
     Net slv_com_top_inst/tx_com_inst/tx_cont_b2_inst/tx_ck_dcfifo1_48_inst/rden_i: 14 loads, 12 LSLICEs
     Net slv_com_top_inst/tx_com_inst/tx_cont_b1_inst/tx_ctl_1st_inst/txdt_counte: 2 loads, 2 LSLICEs
     Net slv_com_top_inst/tx_com_inst/tx_cont_b1_inst/tx_ctl_1st_inst/un32_dn_count: 1 loads, 1 LSLICEs
     Net slv_com_top_inst/tx_com_inst/tx_cont_b1_inst/tx_ctl_1st_inst/un28_dn_count: 1 loads, 1 LSLICEs
     Net slv_com_top_inst/tx_com_inst/tx_cont_b1_inst/tx_ctl_1st_inst/un6_hub_en: 1 loads, 1 LSLICEs
     Net slv_com_top_inst/tx_com_inst/tx_cont_b1_inst/CRCCK_EN: 5 loads, 5 LSLICEs
     Net slv_com_top_inst/tx_com_inst/tx_cont_b1_inst/LATCH_EN: 4 loads, 4 LSLICEs
     Net slv_com_top_inst/tx_com_inst/tx_cont_b1_inst/DATA_LD: 1 loads, 1 LSLICEs
     Net slv_com_top_inst/tx_com_inst/tx_cont_b1_inst/crc_gen_inst/un1_crcck_en: 8 loads, 8 LSLICEs
     Net slv_com_top_inst/tx_com_inst/tx_cont_b1_inst/tx_dcfifo1_48_inst/wren_i: 14 loads, 12 LSLICEs
     Net slv_com_top_inst/tx_com_inst/tx_cont_b1_inst/tx_dcfifo1_48_inst/rden_i: 14 loads, 12 LSLICEs
     Net slv_com_top_inst/TX_FULL: 3 loads, 3 LSLICEs
     Net slv_com_top_inst/slv_ctrl_top_inst/slv_rx_ctrl_inst/N_202_i: 4 loads, 4 LSLICEs
     Net slv_com_top_inst/slv_ctrl_top_inst/slv_rx_ctrl_inst/STATE[6]: 7 loads, 7 LSLICEs
     Net slv_com_top_inst/slv_ctrl_top_inst/slv_rx_ctrl_inst/rst_flg_RNO_0: 1 loads, 1 LSLICEs
     Net slv_com_top_inst/slv_ctrl_top_inst/slv_rx_ctrl_inst/prpty_data_RNO[6]: 1 loads, 1 LSLICEs
     Net slv_com_top_inst/slv_ctrl_top_inst/slv_rx_ctrl_inst/N_317_i: 1 loads, 1 LSLICEs
     Net TX_START_3_sqmuxa_i_0_0_a2_0_RNI36MN: 2 loads, 1 LSLICEs
     Net slv_com_top_inst/slv_ctrl_top_inst/slv_rx_ctrl_inst/wren_dce[0]: 4 loads, 4 LSLICEs
     Net slv_com_top_inst/slv_ctrl_top_inst/slv_rx_ctrl_inst/wren_dce[8]: 4 loads, 4 LSLICEs
     Net slv_com_top_inst/slv_ctrl_top_inst/slv_rx_ctrl_inst/wren_dce[16]: 4 loads, 4 LSLICEs
     Net slv_com_top_inst/slv_ctrl_top_inst/slv_rx_ctrl_inst/N_373: 4 loads, 4 LSLICEs
     Net slv_com_top_inst/slv_ctrl_top_inst/slv_rx_ctrl_inst/un1_STATE_20_i: 1 loads, 1 LSLICEs
     Net slv_com_top_inst/slv_ctrl_top_inst/slv_rx_ctrl_inst/N_360_i: 4 loads, 4 LSLICEs
     Net slv_com_top_inst/slv_ctrl_top_inst/slv_rx_ctrl_inst/STATE[9]: 6 loads, 6 LSLICEs
     Net slv_com_top_inst/slv_ctrl_top_inst/slv_rx_ctrl_inst/STATE[8]: 4 loads, 4 LSLICEs
     Net slv_com_top_inst/slv_ctrl_top_inst/slv_rx_ctrl_inst/N_320_i: 1 loads, 1 LSLICEs
     Net slv_com_top_inst/slv_ctrl_top_inst/slv_rx_ctrl_inst/un1_STATE_13_0_0_0: 1 loads, 1 LSLICEs
     Net slv_com_top_inst/slv_ctrl_top_inst/slv_rx_ctrl_inst/LAe: 8 loads, 8 LSLICEs
     Net slv_com_top_inst/slv_ctrl_top_inst/slv_rx_ctrl_inst/un1_STATE_14_0_0_0: 1 loads, 1 LSLICEs
     Net slv_com_top_inst/slv_ctrl_top_inst/slv_tx_ctrl_inst/N_227_i: 4 loads, 4 LSLICEs
     Net slv_com_top_inst/slv_ctrl_top_inst/slv_tx_ctrl_inst/un1_STATE_15_0_0_0: 1 loads, 1 LSLICEs
     Net slv_com_top_inst/slv_ctrl_top_inst/slv_tx_ctrl_inst/LAe: 5 loads, 5 LSLICEs
     Net slv_com_top_inst/rst_cnt_inst/clk2Ap_cntr[8]: 5 loads, 5 LSLICEs
     Net slv_com_top_inst/rst_cnt_inst/clk2n_cntr[8]: 5 loads, 5 LSLICEs
     Net slv_com_top_inst/rst_cnt_inst/clk2p_cntr[8]: 5 loads, 5 LSLICEs
   Number of local set/reset loads for net s_LRSTb merged into GSR:  4512
   Number of LSRs:  106
     Net PORb_c: 6 loads, 6 LSLICEs
     Net slv_com_top_inst.CLK_RSTb_OUT_i: 1 loads, 0 LSLICEs
     Net slv_com_top_inst.rx_com_inst.dec8b10b_wrapper_inst.reset_n_reg: 15 loads, 15 LSLICEs
     Net stm13/ppmc_reg_S118M_inst/nMRST_i_1: 137 loads, 137 LSLICEs
     Net s_LRSTb: 6 loads, 5 LSLICEs
     Net stm13/ppmc_reg_S118M_inst/inst_ppmc_plsgen/ppmc_pls_cnt_inst/un2_pls_ld_11: 5 loads, 5 LSLICEs
     Net stm13/ppmc_reg_S118M_inst/inst_ppmc_plsgen/ppmc_acc_tim_gen_inst/un1_acc_enb: 10 loads, 10 LSLICEs
     Net stm12/ppmc_reg_S118M_inst/nMRST_i_1: 135 loads, 135 LSLICEs
     Net stm12/ppmc_reg_S118M_inst/inst_ppmc_plsgen/ppmc_pls_cnt_inst/un2_pls_ld_10: 5 loads, 5 LSLICEs
     Net stm12/ppmc_reg_S118M_inst/inst_ppmc_plsgen/ppmc_acc_tim_gen_inst/un1_acc_enb: 10 loads, 10 LSLICEs
     Net stm11/ppmc_reg_S118M_inst/nMRST_i_1: 137 loads, 137 LSLICEs
     Net stm11/ppmc_reg_S118M_inst/inst_ppmc_plsgen/ppmc_pls_cnt_inst/un2_pls_ld_9: 5 loads, 5 LSLICEs
     Net stm11/ppmc_reg_S118M_inst/inst_ppmc_plsgen/ppmc_acc_tim_gen_inst/un1_acc_enb: 10 loads, 10 LSLICEs
     Net stm10/ppmc_reg_S118M_inst/nMRST_i_1: 132 loads, 132 LSLICEs
     Net stm10/ppmc_reg_S118M_inst/inst_ppmc_plsgen/ppmc_pls_cnt_inst/un2_pls_ld_8: 5 loads, 5 LSLICEs
     Net stm10/ppmc_reg_S118M_inst/inst_ppmc_plsgen/ppmc_acc_tim_gen_inst/un1_acc_enb: 10 loads, 10 LSLICEs
     Net stm09/ppmc_reg_S118M_inst/nMRST_i_1: 136 loads, 136 LSLICEs
     Net stm09/ppmc_reg_S118M_inst/inst_ppmc_plsgen/ppmc_pls_cnt_inst/un2_pls_ld_7: 5 loads, 5 LSLICEs
     Net stm09/ppmc_reg_S118M_inst/inst_ppmc_plsgen/ppmc_acc_tim_gen_inst/un1_acc_enb: 10 loads, 10 LSLICEs
     Net stm08/ppmc_reg_S118M_inst/nMRST_i_1: 138 loads, 138 LSLICEs
     Net stm08/ppmc_reg_S118M_inst/inst_ppmc_plsgen/ppmc_pls_cnt_inst/un2_pls_ld_6: 5 loads, 5 LSLICEs
     Net stm08/ppmc_reg_S118M_inst/inst_ppmc_plsgen/ppmc_acc_tim_gen_inst/un1_acc_enb: 10 loads, 10 LSLICEs
     Net stm07/ppmc_reg_S118M_inst/nMRST_i_1: 138 loads, 138 LSLICEs
     Net stm07/ppmc_reg_S118M_inst/inst_ppmc_plsgen/ppmc_pls_cnt_inst/un2_pls_ld_5: 5 loads, 5 LSLICEs
     Net stm07/ppmc_reg_S118M_inst/inst_ppmc_plsgen/ppmc_acc_tim_gen_inst/un1_acc_enb: 10 loads, 10 LSLICEs
     Net stm06/ppmc_reg_S118M_inst/nMRST_i_1: 137 loads, 137 LSLICEs
     Net stm06/ppmc_reg_S118M_inst/inst_ppmc_plsgen/ppmc_pls_cnt_inst/un2_pls_ld_4: 5 loads, 5 LSLICEs
     Net stm06/ppmc_reg_S118M_inst/inst_ppmc_plsgen/ppmc_acc_tim_gen_inst/un1_acc_enb: 10 loads, 10 LSLICEs
     Net stm05/ppmc_reg_S118M_inst/nMRST_i_1: 133 loads, 133 LSLICEs
     Net stm05/ppmc_reg_S118M_inst/inst_ppmc_plsgen/ppmc_pls_cnt_inst/un2_pls_ld_3: 5 loads, 5 LSLICEs
     Net stm05/ppmc_reg_S118M_inst/inst_ppmc_plsgen/ppmc_acc_tim_gen_inst/un1_acc_enb: 10 loads, 10 LSLICEs
     Net stm04/ppmc_reg_S118M_inst/nMRST_i_1: 137 loads, 137 LSLICEs
     Net stm04/ppmc_reg_S118M_inst/inst_ppmc_plsgen/ppmc_pls_cnt_inst/un2_pls_ld_2: 5 loads, 5 LSLICEs
     Net stm04/ppmc_reg_S118M_inst/inst_ppmc_plsgen/ppmc_acc_tim_gen_inst/un1_acc_enb: 10 loads, 10 LSLICEs
     Net stm03/ppmc_reg_S118M_inst/nMRST_i_1: 140 loads, 140 LSLICEs
     Net stm03/ppmc_reg_S118M_inst/inst_ppmc_plsgen/ppmc_pls_cnt_inst/un2_pls_ld_1: 5 loads, 5 LSLICEs
     Net stm03/ppmc_reg_S118M_inst/inst_ppmc_plsgen/ppmc_acc_tim_gen_inst/un1_acc_enb: 10 loads, 10 LSLICEs
     Net stm02/ppmc_reg_S118M_inst/nMRST_i_1: 137 loads, 137 LSLICEs
     Net stm02/ppmc_reg_S118M_inst/inst_ppmc_plsgen/ppmc_pls_cnt_inst/un2_pls_ld_0: 5 loads, 5 LSLICEs
     Net stm02/ppmc_reg_S118M_inst/inst_ppmc_plsgen/ppmc_acc_tim_gen_inst/un1_acc_enb: 10 loads, 10 LSLICEs
     Net stm01/ppmc_reg_S118M_inst/nMRST_i_1: 133 loads, 133 LSLICEs
     Net stm01/ppmc_reg_S118M_inst/inst_ppmc_plsgen/ppmc_pls_cnt_inst/un2_pls_ld: 5 loads, 5 LSLICEs
     Net stm01/ppmc_reg_S118M_inst/inst_ppmc_plsgen/ppmc_acc_tim_gen_inst/un1_acc_enb: 10 loads, 10 LSLICEs
     Net ENC_inst/enc_func.4.enc_top_inst/encoder_inst/un1_encphase_a_1_11: 2 loads, 2 LSLICEs
     Net ENC_inst/enc_func.4.enc_top_inst/encoder_inst/un1_lrstb_1_11: 2 loads, 2 LSLICEs
     Net ENC_inst/enc_func.4.enc_top_inst/encoder_inst/un1_encphase_b_1_11: 2 loads, 2 LSLICEs
     Net ENC_inst/enc_func.4.enc_top_inst/encoder_inst/un1_lrstb_2_11: 2 loads, 2 LSLICEs
     Net ENC_inst/enc_func.7.enc_top_inst/encoder_inst/un1_encphase_a_1_10: 2 loads, 2 LSLICEs
     Net ENC_inst/enc_func.7.enc_top_inst/encoder_inst/un1_lrstb_1_10: 2 loads, 2 LSLICEs
     Net ENC_inst/enc_func.7.enc_top_inst/encoder_inst/un1_encphase_b_1_10: 2 loads, 2 LSLICEs
     Net ENC_inst/enc_func.7.enc_top_inst/encoder_inst/un1_lrstb_2_10: 2 loads, 2 LSLICEs
     Net ENC_inst/enc_func.10.enc_top_inst/encoder_inst/un1_encphase_a_1_9: 2 loads, 2 LSLICEs
     Net ENC_inst/enc_func.10.enc_top_inst/encoder_inst/un1_lrstb_1_9: 2 loads, 2 LSLICEs
     Net ENC_inst/enc_func.10.enc_top_inst/encoder_inst/un1_encphase_b_1_9: 2 loads, 2 LSLICEs
     Net ENC_inst/enc_func.10.enc_top_inst/encoder_inst/un1_lrstb_2_9: 2 loads, 2 LSLICEs
     Net ENC_inst/enc_func.13.enc_top_inst/encoder_inst/un1_encphase_a_1_8: 2 loads, 2 LSLICEs
     Net ENC_inst/enc_func.13.enc_top_inst/encoder_inst/un1_lrstb_1_8: 2 loads, 2 LSLICEs
     Net ENC_inst/enc_func.13.enc_top_inst/encoder_inst/un1_encphase_b_1_8: 2 loads, 2 LSLICEs
     Net ENC_inst/enc_func.13.enc_top_inst/encoder_inst/un1_lrstb_2_8: 2 loads, 2 LSLICEs
     Net ENC_inst/enc_func.3.enc_top_inst/encoder_inst/un1_encphase_a_1_7: 2 loads, 2 LSLICEs
     Net ENC_inst/enc_func.3.enc_top_inst/encoder_inst/un1_lrstb_1_7: 2 loads, 2 LSLICEs
     Net ENC_inst/enc_func.3.enc_top_inst/encoder_inst/un1_encphase_b_1_7: 2 loads, 2 LSLICEs
     Net ENC_inst/enc_func.3.enc_top_inst/encoder_inst/un1_lrstb_2_7: 2 loads, 2 LSLICEs
     Net ENC_inst/enc_func.6.enc_top_inst/encoder_inst/un1_encphase_a_1_6: 2 loads, 2 LSLICEs
     Net ENC_inst/enc_func.6.enc_top_inst/encoder_inst/un1_lrstb_1_6: 2 loads, 2 LSLICEs
     Net ENC_inst/enc_func.6.enc_top_inst/encoder_inst/un1_encphase_b_1_6: 2 loads, 2 LSLICEs
     Net ENC_inst/enc_func.6.enc_top_inst/encoder_inst/un1_lrstb_2_6: 2 loads, 2 LSLICEs
     Net ENC_inst/enc_func.9.enc_top_inst/encoder_inst/un1_encphase_a_1_5: 2 loads, 2 LSLICEs
     Net ENC_inst/enc_func.9.enc_top_inst/encoder_inst/un1_lrstb_1_5: 2 loads, 2 LSLICEs
     Net ENC_inst/enc_func.9.enc_top_inst/encoder_inst/un1_encphase_b_1_5: 2 loads, 2 LSLICEs
     Net ENC_inst/enc_func.9.enc_top_inst/encoder_inst/un1_lrstb_2_5: 2 loads, 2 LSLICEs
     Net ENC_inst/enc_func.12.enc_top_inst/encoder_inst/un1_encphase_a_1_4: 2 loads, 2 LSLICEs
     Net ENC_inst/enc_func.12.enc_top_inst/encoder_inst/un1_lrstb_1_4: 2 loads, 2 LSLICEs
     Net ENC_inst/enc_func.12.enc_top_inst/encoder_inst/un1_encphase_b_1_4: 2 loads, 2 LSLICEs
     Net ENC_inst/enc_func.12.enc_top_inst/encoder_inst/un1_lrstb_2_4: 2 loads, 2 LSLICEs
     Net ENC_inst/enc_func.2.enc_top_inst/encoder_inst/un1_encphase_a_1_3: 2 loads, 2 LSLICEs
     Net ENC_inst/enc_func.2.enc_top_inst/encoder_inst/un1_lrstb_1_3: 2 loads, 2 LSLICEs
     Net ENC_inst/enc_func.2.enc_top_inst/encoder_inst/un1_encphase_b_1_3: 2 loads, 2 LSLICEs
     Net ENC_inst/enc_func.2.enc_top_inst/encoder_inst/un1_lrstb_2_3: 2 loads, 2 LSLICEs
     Net ENC_inst/enc_func.5.enc_top_inst/encoder_inst/un1_encphase_a_1_2: 2 loads, 2 LSLICEs
     Net ENC_inst/enc_func.5.enc_top_inst/encoder_inst/un1_lrstb_1_2: 2 loads, 2 LSLICEs
     Net ENC_inst/enc_func.5.enc_top_inst/encoder_inst/un1_encphase_b_1_2: 2 loads, 2 LSLICEs
     Net ENC_inst/enc_func.5.enc_top_inst/encoder_inst/un1_lrstb_2_2: 2 loads, 2 LSLICEs
     Net ENC_inst/enc_func.8.enc_top_inst/encoder_inst/un1_encphase_a_1_1: 2 loads, 2 LSLICEs
     Net ENC_inst/enc_func.8.enc_top_inst/encoder_inst/un1_lrstb_1_1: 2 loads, 2 LSLICEs
     Net ENC_inst/enc_func.8.enc_top_inst/encoder_inst/un1_encphase_b_1_1: 2 loads, 2 LSLICEs
     Net ENC_inst/enc_func.8.enc_top_inst/encoder_inst/un1_lrstb_2_1: 2 loads, 2 LSLICEs
     Net ENC_inst/enc_func.11.enc_top_inst/encoder_inst/un1_encphase_a_1_0: 2 loads, 2 LSLICEs
     Net ENC_inst/enc_func.11.enc_top_inst/encoder_inst/un1_lrstb_1_0: 2 loads, 2 LSLICEs
     Net ENC_inst/enc_func.11.enc_top_inst/encoder_inst/un1_encphase_b_1_0: 2 loads, 2 LSLICEs
     Net ENC_inst/enc_func.11.enc_top_inst/encoder_inst/un1_lrstb_2_0: 2 loads, 2 LSLICEs
     Net ENC_inst/enc_func.1.enc_top_inst/encoder_inst/un1_encphase_a_1: 2 loads, 2 LSLICEs
     Net ENC_inst/enc_func.1.enc_top_inst/encoder_inst/un1_lrstb_1: 2 loads, 2 LSLICEs
     Net ENC_inst/enc_func.1.enc_top_inst/encoder_inst/un1_encphase_b_1: 2 loads, 2 LSLICEs
     Net ENC_inst/enc_func.1.enc_top_inst/encoder_inst/un1_lrstb_2: 2 loads, 2 LSLICEs
     Net U_DAC43608_top/s_wb_ack_o: 1 loads, 1 LSLICEs
     Net slv_com_top_inst.s_RSTb3_2p_i: 21 loads, 20 LSLICEs
     Net slv_com_top_inst/cds_inst/s_RSTb3_2An_i: 1 loads, 1 LSLICEs
     Net slv_com_top_inst/s_RSTb3_2n_i: 2 loads, 2 LSLICEs
     Net slv_com_top_inst/s_RSTb3_2Ap_i: 3 loads, 3 LSLICEs
     Net N_209_i_i_o2: 204 loads, 199 LSLICEs
     Net slv_com_top_inst/rx_com_inst/rx_cont_b1_inst/rx_ck_dcfifo1_48_inst/rx_data_c[10]: 1 loads, 1 LSLICEs
     Net slv_com_top_inst.N_419_i: 150 loads, 145 LSLICEs
     Net slv_com_top_inst/tx_com_inst/enc8b10b_wrapper_inst/reset_n_reg: 10 loads, 10 LSLICEs
     Net slv_com_top_inst/clk_gen_inst2/PLL_inst/s_RSTb2_i: 1 loads, 0 LSLICEs
     Net slv_com_top_inst/LOCKED: 30 loads, 30 LSLICEs
   Number of nets driven by tri-state buffers:  0
   Top 10 highest fanout non-clock nets:
     Net ENC_inst.enc_func.1.un16_p_enc_stm: 427 loads
     Net s_CKEN500k: 331 loads
     Net s_LWEb_i_1: 283 loads
     Net N_362: 282 loads
     Net s_LDI[0]: 272 loads
     Net s_LDI[2]: 271 loads
     Net s_LDI[1]: 259 loads
     Net s_LDI[6]: 253 loads
     Net s_LDI[3]: 245 loads
     Net s_LDI[4]: 243 loads
 

   Number of warnings:  2
   Number of errors:    0



Total CPU Time: 11 secs  
Total REAL Time: 15 secs  
Peak Memory Usage: 247 MB

Dumping design to file SP0557_SP0557_map.ncd.

trce -f "SP0557_SP0557.mt" -o "SP0557_SP0557.tw1" "SP0557_SP0557_map.ncd" "SP0557_SP0557.prf"
trce:  version Diamond (64-bit) 3.13.0.56.2

Copyright (c) 1991-1994 by NeoCAD Inc. All rights reserved.
Copyright (c) 1995 AT&T Corp.   All rights reserved.
Copyright (c) 1995-2001 Lucent Technologies Inc.  All rights reserved.
Copyright (c) 2001 Agere Systems   All rights reserved.
Copyright (c) 2002-2023 Lattice Semiconductor Corporation,  All rights reserved.

Loading design for application trce from file sp0557_sp0557_map.ncd.
Design name: SP0557
NCD version: 3.3
Vendor:      LATTICE
Device:      LFE5U-25F
Package:     CABGA256
Performance: 6
Loading device for application trce from file 'sa5p25.nph' in environment: C:/lscc/diamond/3.13/ispfpga.
Package Status:                     Final          Version 1.44.
Performance Hardware Data Status:   Final          Version 55.1.
Setup and Hold Report

--------------------------------------------------------------------------------
Lattice TRACE Report - Setup, Version Diamond (64-bit) 3.13.0.56.2
Tue Feb 24 10:34:12 2026

Copyright (c) 1991-1994 by NeoCAD Inc. All rights reserved.
Copyright (c) 1995 AT&T Corp.   All rights reserved.
Copyright (c) 1995-2001 Lucent Technologies Inc.  All rights reserved.
Copyright (c) 2001 Agere Systems   All rights reserved.
Copyright (c) 2002-2023 Lattice Semiconductor Corporation,  All rights reserved.

Report Information
------------------
Command line:    trce -v 1 -gt -mapchkpnt 0 -sethld -o SP0557_SP0557.tw1 -gui -msgset C:/work/S127M/PCBNo_10081/SP0557_rev02_00_AI/promote.xml SP0557_SP0557_map.ncd SP0557_SP0557.prf 
Design file:     sp0557_sp0557_map.ncd
Preference file: sp0557_sp0557.prf
Device,speed:    LFE5U-25F,6
Report level:    verbose report, limited to 1 item per preference
--------------------------------------------------------------------------------

52 potential circuit loops found in timing analysis.
BLOCK ASYNCPATHS
BLOCK RESETPATHS
--------------------------------------------------------------------------------



Timing summary (Setup):
---------------

Timing errors: 0  Score: 0
Cumulative negative slack: 0

Constraints cover 1491977 paths, 310 nets, and 62069 connections (93.73% coverage)

--------------------------------------------------------------------------------
Lattice TRACE Report - Hold, Version Diamond (64-bit) 3.13.0.56.2
Tue Feb 24 10:34:14 2026

Copyright (c) 1991-1994 by NeoCAD Inc. All rights reserved.
Copyright (c) 1995 AT&T Corp.   All rights reserved.
Copyright (c) 1995-2001 Lucent Technologies Inc.  All rights reserved.
Copyright (c) 2001 Agere Systems   All rights reserved.
Copyright (c) 2002-2023 Lattice Semiconductor Corporation,  All rights reserved.

Report Information
------------------
Command line:    trce -v 1 -gt -mapchkpnt 0 -sethld -o SP0557_SP0557.tw1 -gui -msgset C:/work/S127M/PCBNo_10081/SP0557_rev02_00_AI/promote.xml SP0557_SP0557_map.ncd SP0557_SP0557.prf 
Design file:     sp0557_sp0557_map.ncd
Preference file: sp0557_sp0557.prf
Device,speed:    LFE5U-25F,M
Report level:    verbose report, limited to 1 item per preference
--------------------------------------------------------------------------------

52 potential circuit loops found in timing analysis.
BLOCK ASYNCPATHS
BLOCK RESETPATHS
--------------------------------------------------------------------------------



Timing summary (Hold):
---------------

Timing errors: 8  Score: 5172
Cumulative negative slack: 5172

Constraints cover 1491977 paths, 310 nets, and 64628 connections (97.59% coverage)



Timing summary (Setup and Hold):
---------------

Timing errors: 0 (setup), 8 (hold)
Score: 0 (setup), 5172 (hold)
Cumulative negative slack: 5172 (0+5172)
--------------------------------------------------------------------------------

--------------------------------------------------------------------------------

Total CPU Time: 3 secs 
Total REAL Time: 6 secs 
Peak Memory Usage: 278 MB


mpartrce -p "SP0557_SP0557.p2t" -f "SP0557_SP0557.p3t" -tf "SP0557_SP0557.pt" "SP0557_SP0557_map.ncd" "SP0557_SP0557.ncd"

---- MParTrce Tool ----
Removing old design directory at request of -rem command line option to this program.
Running par. Please wait . . .

Lattice Place and Route Report for Design "SP0557_SP0557_map.ncd"
Tue Feb 24 10:34:17 2026

PAR: Place And Route Diamond (64-bit) 3.13.0.56.2.
Command Line: par -w -l 5 -i 6 -t 1 -c 0 -e 0 -gui -msgset C:/work/S127M/PCBNo_10081/SP0557_rev02_00_AI/promote.xml -exp parUseNBR=1:parCDP=auto:parCDR=1:parPathBased=OFF:parASE=1:par_low_skew_clock_net=0 SP0557_SP0557_map.ncd SP0557_SP0557.dir/5_1.ncd SP0557_SP0557.prf
Preference file: SP0557_SP0557.prf.
Placement level-cost: 5-1.
Routing Iterations: 6

Loading design for application par from file SP0557_SP0557_map.ncd.
Design name: SP0557
NCD version: 3.3
Vendor:      LATTICE
Device:      LFE5U-25F
Package:     CABGA256
Performance: 6
Loading device for application par from file 'sa5p25.nph' in environment: C:/lscc/diamond/3.13/ispfpga.
Package Status:                     Final          Version 1.44.
Performance Hardware Data Status:   Final          Version 55.1.
License checked out.


Ignore Preference Error(s):  True
Device utilization summary:

   PIO (prelim)     127/197          64% used
                    127/197          64% bonded
   IOLOGIC           83/199          41% used

   SLICE           9957/12144        81% used

   GSR                1/1           100% used
   EBR                4/56            7% used
   PLL                1/2            50% used


52 potential circuit loops found in timing analysis.
Number of Signals: 23163
Number of Connections: 66223

Pin Constraint Summary:
   127 out of 127 pins locked (100% locked).

The following 16 signals are selected to use the primary clock routing resources:
    slv_com_top_inst.CLKCOM_OUT (driver: slv_com_top_inst/clk_gen_inst2/PLL_inst/PLLInst_0, clk/ce/sr load #: 163/0/0)
    slv_com_top_inst/CLK2A (driver: slv_com_top_inst/clk_gen_inst2/PLL_inst/PLLInst_0, clk/ce/sr load #: 16/0/0)
    s_PLL_CLK20M (driver: slv_com_top_inst/clk_gen_inst2/PLL_inst/PLLInst_0, clk/ce/sr load #: 4635/0/0)
    slv_com_top_inst.CLK1 (driver: slv_com_top_inst/clk_gen_inst2/PLL_inst/PLLInst_0, clk/ce/sr load #: 329/0/0)
    CLK20M_c (driver: CLK20M, clk/ce/sr load #: 9/0/0)
    N_209_i_i_o2 (driver: slv_com_top_inst/slv_ctrl_top_inst/slv_rx_ctrl_inst/SLICE_9412, clk/ce/sr load #: 0/0/204)
    slv_com_top_inst.N_419_i (driver: slv_com_top_inst/SLICE_4658, clk/ce/sr load #: 0/0/150)
    stm03/ppmc_reg_S118M_inst/nMRST_i_1 (driver: stm03/ppmc_reg_S118M_inst/SLICE_9804, clk/ce/sr load #: 0/0/140)
    stm08/ppmc_reg_S118M_inst/nMRST_i_1 (driver: stm08/ppmc_reg_S118M_inst/SLICE_9736, clk/ce/sr load #: 0/0/138)
    stm07/ppmc_reg_S118M_inst/nMRST_i_1 (driver: stm07/ppmc_reg_S118M_inst/SLICE_9750, clk/ce/sr load #: 0/0/138)
    stm13/ppmc_reg_S118M_inst/nMRST_i_1 (driver: stm13/ppmc_reg_S118M_inst/SLICE_9659, clk/ce/sr load #: 0/0/137)
    stm11/ppmc_reg_S118M_inst/nMRST_i_1 (driver: stm11/ppmc_reg_S118M_inst/SLICE_9688, clk/ce/sr load #: 0/0/137)
    gpio01/N_60_i (driver: SLICE_9910, clk/ce/sr load #: 0/126/0)
    gpio01/N_332_i (driver: gpio01/SLICE_9909, clk/ce/sr load #: 0/74/0)
    N_58_i (driver: SLICE_6987, clk/ce/sr load #: 0/73/0)
    sp_conv_inst/SIO_inst1/U_SPI_master/s_cnte (driver: sp_conv_inst/SIO_inst1/U_SPI_master/SLICE_9360, clk/ce/sr load #: 0/62/0)


Signal s_LRSTb is selected as Global Set/Reset.
Starting Placer Phase 0.
..........
Finished Placer Phase 0.  REAL time: 58 secs 

Starting Placer Phase 1.
....................................
Placer score = 5924842.
Finished Placer Phase 1.  REAL time: 2 mins 20 secs 

Starting Placer Phase 2.
.
Placer score =  5763511
Finished Placer Phase 2.  REAL time: 2 mins 31 secs 


------------------ Clock Report ------------------

Global Clock Resources:
  CLK_PIN    : 1 out of 12 (8%)
  GR_PCLK    : 0 out of 12 (0%)
  PLL        : 1 out of 2 (50%)
  DCS        : 0 out of 2 (0%)
  DCC        : 0 out of 60 (0%)
  CLKDIV     : 0 out of 4 (0%)

Quadrant TL Clocks:
  PRIMARY "slv_com_top_inst.CLKCOM_OUT" from CLKOP on comp "slv_com_top_inst/clk_gen_inst2/PLL_inst/PLLInst_0" on PLL site "PLL_BL0", CLK/CE/SR load = 15
  PRIMARY "s_PLL_CLK20M" from CLKOS2 on comp "slv_com_top_inst/clk_gen_inst2/PLL_inst/PLLInst_0" on PLL site "PLL_BL0", CLK/CE/SR load = 1366
  PRIMARY "slv_com_top_inst.CLK1" from CLKOS3 on comp "slv_com_top_inst/clk_gen_inst2/PLL_inst/PLLInst_0" on PLL site "PLL_BL0", CLK/CE/SR load = 1
  PRIMARY "N_209_i_i_o2" from F1 on comp "slv_com_top_inst/slv_ctrl_top_inst/slv_rx_ctrl_inst/SLICE_9412" on site "R35C39D", CLK/CE/SR load = 16
  PRIMARY "stm08/ppmc_reg_S118M_inst/nMRST_i_1" from F1 on comp "stm08/ppmc_reg_S118M_inst/SLICE_9736" on site "R42C21C", CLK/CE/SR load = 1
  PRIMARY "stm07/ppmc_reg_S118M_inst/nMRST_i_1" from F1 on comp "stm07/ppmc_reg_S118M_inst/SLICE_9750" on site "R46C5A", CLK/CE/SR load = 11
  PRIMARY "stm13/ppmc_reg_S118M_inst/nMRST_i_1" from F1 on comp "stm13/ppmc_reg_S118M_inst/SLICE_9659" on site "R26C20C", CLK/CE/SR load = 11
  PRIMARY "stm11/ppmc_reg_S118M_inst/nMRST_i_1" from F1 on comp "stm11/ppmc_reg_S118M_inst/SLICE_9688" on site "R10C24D", CLK/CE/SR load = 107
  PRIMARY "gpio01/N_60_i" from F0 on comp "SLICE_9910" on site "R18C28A", CLK/CE/SR load = 126
  PRIMARY "gpio01/N_332_i" from F1 on comp "gpio01/SLICE_9909" on site "R18C31D", CLK/CE/SR load = 24
  PRIMARY "N_58_i" from F1 on comp "SLICE_6987" on site "R19C43A", CLK/CE/SR load = 7
  PRIMARY "sp_conv_inst/SIO_inst1/U_SPI_master/s_cnte" from F0 on comp "sp_conv_inst/SIO_inst1/U_SPI_master/SLICE_9360" on site "R29C44B", CLK/CE/SR load = 9

  PRIMARY  : 12 out of 16 (75%)

Quadrant TR Clocks:
  PRIMARY "slv_com_top_inst/CLK2A" from CLKOS on comp "slv_com_top_inst/clk_gen_inst2/PLL_inst/PLLInst_0" on PLL site "PLL_BL0", CLK/CE/SR load = 5
  PRIMARY "s_PLL_CLK20M" from CLKOS2 on comp "slv_com_top_inst/clk_gen_inst2/PLL_inst/PLLInst_0" on PLL site "PLL_BL0", CLK/CE/SR load = 1161
  PRIMARY "slv_com_top_inst.CLK1" from CLKOS3 on comp "slv_com_top_inst/clk_gen_inst2/PLL_inst/PLLInst_0" on PLL site "PLL_BL0", CLK/CE/SR load = 2
  PRIMARY "CLK20M_c" from comp "CLK20M" on CLK_PIN site "J16 (PR23A)", CLK/CE/SR load = 5
  PRIMARY "N_209_i_i_o2" from F1 on comp "slv_com_top_inst/slv_ctrl_top_inst/slv_rx_ctrl_inst/SLICE_9412" on site "R35C39D", CLK/CE/SR load = 1
  PRIMARY "stm03/ppmc_reg_S118M_inst/nMRST_i_1" from F1 on comp "stm03/ppmc_reg_S118M_inst/SLICE_9804" on site "R40C40C", CLK/CE/SR load = 1
  PRIMARY "stm13/ppmc_reg_S118M_inst/nMRST_i_1" from F1 on comp "stm13/ppmc_reg_S118M_inst/SLICE_9659" on site "R26C20C", CLK/CE/SR load = 20
  PRIMARY "stm11/ppmc_reg_S118M_inst/nMRST_i_1" from F1 on comp "stm11/ppmc_reg_S118M_inst/SLICE_9688" on site "R10C24D", CLK/CE/SR load = 27
  PRIMARY "gpio01/N_332_i" from F1 on comp "gpio01/SLICE_9909" on site "R18C31D", CLK/CE/SR load = 16
  PRIMARY "N_58_i" from F1 on comp "SLICE_6987" on site "R19C43A", CLK/CE/SR load = 8
  PRIMARY "sp_conv_inst/SIO_inst1/U_SPI_master/s_cnte" from F0 on comp "sp_conv_inst/SIO_inst1/U_SPI_master/SLICE_9360" on site "R29C44B", CLK/CE/SR load = 10

  PRIMARY  : 11 out of 16 (68%)

Quadrant BL Clocks:
  PRIMARY "slv_com_top_inst.CLKCOM_OUT" from CLKOP on comp "slv_com_top_inst/clk_gen_inst2/PLL_inst/PLLInst_0" on PLL site "PLL_BL0", CLK/CE/SR load = 47
  PRIMARY "s_PLL_CLK20M" from CLKOS2 on comp "slv_com_top_inst/clk_gen_inst2/PLL_inst/PLLInst_0" on PLL site "PLL_BL0", CLK/CE/SR load = 941
  PRIMARY "slv_com_top_inst.CLK1" from CLKOS3 on comp "slv_com_top_inst/clk_gen_inst2/PLL_inst/PLLInst_0" on PLL site "PLL_BL0", CLK/CE/SR load = 133
  PRIMARY "N_209_i_i_o2" from F1 on comp "slv_com_top_inst/slv_ctrl_top_inst/slv_rx_ctrl_inst/SLICE_9412" on site "R35C39D", CLK/CE/SR load = 124
  PRIMARY "slv_com_top_inst.N_419_i" from F1 on comp "slv_com_top_inst/SLICE_4658" on site "R40C52A", CLK/CE/SR load = 13
  PRIMARY "stm08/ppmc_reg_S118M_inst/nMRST_i_1" from F1 on comp "stm08/ppmc_reg_S118M_inst/SLICE_9736" on site "R42C21C", CLK/CE/SR load = 131
  PRIMARY "stm07/ppmc_reg_S118M_inst/nMRST_i_1" from F1 on comp "stm07/ppmc_reg_S118M_inst/SLICE_9750" on site "R46C5A", CLK/CE/SR load = 127
  PRIMARY "stm13/ppmc_reg_S118M_inst/nMRST_i_1" from F1 on comp "stm13/ppmc_reg_S118M_inst/SLICE_9659" on site "R26C20C", CLK/CE/SR load = 57
  PRIMARY "stm11/ppmc_reg_S118M_inst/nMRST_i_1" from F1 on comp "stm11/ppmc_reg_S118M_inst/SLICE_9688" on site "R10C24D", CLK/CE/SR load = 1
  PRIMARY "gpio01/N_332_i" from F1 on comp "gpio01/SLICE_9909" on site "R18C31D", CLK/CE/SR load = 19
  PRIMARY "N_58_i" from F1 on comp "SLICE_6987" on site "R19C43A", CLK/CE/SR load = 3
  PRIMARY "sp_conv_inst/SIO_inst1/U_SPI_master/s_cnte" from F0 on comp "sp_conv_inst/SIO_inst1/U_SPI_master/SLICE_9360" on site "R29C44B", CLK/CE/SR load = 23

  PRIMARY  : 12 out of 16 (75%)

Quadrant BR Clocks:
  PRIMARY "slv_com_top_inst.CLKCOM_OUT" from CLKOP on comp "slv_com_top_inst/clk_gen_inst2/PLL_inst/PLLInst_0" on PLL site "PLL_BL0", CLK/CE/SR load = 101
  PRIMARY "slv_com_top_inst/CLK2A" from CLKOS on comp "slv_com_top_inst/clk_gen_inst2/PLL_inst/PLLInst_0" on PLL site "PLL_BL0", CLK/CE/SR load = 11
  PRIMARY "s_PLL_CLK20M" from CLKOS2 on comp "slv_com_top_inst/clk_gen_inst2/PLL_inst/PLLInst_0" on PLL site "PLL_BL0", CLK/CE/SR load = 1167
  PRIMARY "slv_com_top_inst.CLK1" from CLKOS3 on comp "slv_com_top_inst/clk_gen_inst2/PLL_inst/PLLInst_0" on PLL site "PLL_BL0", CLK/CE/SR load = 193
  PRIMARY "CLK20M_c" from comp "CLK20M" on CLK_PIN site "J16 (PR23A)", CLK/CE/SR load = 4
  PRIMARY "N_209_i_i_o2" from F1 on comp "slv_com_top_inst/slv_ctrl_top_inst/slv_rx_ctrl_inst/SLICE_9412" on site "R35C39D", CLK/CE/SR load = 63
  PRIMARY "slv_com_top_inst.N_419_i" from F1 on comp "slv_com_top_inst/SLICE_4658" on site "R40C52A", CLK/CE/SR load = 137
  PRIMARY "stm03/ppmc_reg_S118M_inst/nMRST_i_1" from F1 on comp "stm03/ppmc_reg_S118M_inst/SLICE_9804" on site "R40C40C", CLK/CE/SR load = 139
  PRIMARY "stm08/ppmc_reg_S118M_inst/nMRST_i_1" from F1 on comp "stm08/ppmc_reg_S118M_inst/SLICE_9736" on site "R42C21C", CLK/CE/SR load = 6
  PRIMARY "stm13/ppmc_reg_S118M_inst/nMRST_i_1" from F1 on comp "stm13/ppmc_reg_S118M_inst/SLICE_9659" on site "R26C20C", CLK/CE/SR load = 49
  PRIMARY "stm11/ppmc_reg_S118M_inst/nMRST_i_1" from F1 on comp "stm11/ppmc_reg_S118M_inst/SLICE_9688" on site "R10C24D", CLK/CE/SR load = 2
  PRIMARY "gpio01/N_332_i" from F1 on comp "gpio01/SLICE_9909" on site "R18C31D", CLK/CE/SR load = 15
  PRIMARY "N_58_i" from F1 on comp "SLICE_6987" on site "R19C43A", CLK/CE/SR load = 55
  PRIMARY "sp_conv_inst/SIO_inst1/U_SPI_master/s_cnte" from F0 on comp "sp_conv_inst/SIO_inst1/U_SPI_master/SLICE_9360" on site "R29C44B", CLK/CE/SR load = 20

  PRIMARY  : 14 out of 16 (87%)

Edge Clocks:

  No edge clock selected.


--------------- End of Clock Report ---------------


+
I/O Usage Summary (final):
   127 out of 197 (64.5%) PIO sites used.
   127 out of 197 (64.5%) bonded PIO sites used.
   Number of PIO comps: 127; differential: 0.
   Number of Vref pins used: 0.

I/O Bank Usage Summary:
+----------+----------------+------------+------------+------------+
| I/O Bank | Usage          | Bank Vccio | Bank Vref1 | Bank Vref2 |
+----------+----------------+------------+------------+------------+
| 0        | 20 / 24 ( 83%) | 3.3V       | -          | -          |
| 1        | 22 / 32 ( 68%) | 3.3V       | -          | -          |
| 2        | 19 / 32 ( 59%) | 3.3V       | -          | -          |
| 3        | 21 / 32 ( 65%) | 3.3V       | -          | -          |
| 6        | 19 / 32 ( 59%) | 3.3V       | -          | -          |
| 7        | 26 / 32 ( 81%) | 3.3V       | -          | -          |
| 8        | 0 / 13 (  0%)  | -          | -          | -          |
+----------+----------------+------------+------------+------------+

Total placer CPU time: 1 mins 14 secs 

Dumping design to file SP0557_SP0557.dir/5_1.ncd.

52 potential circuit loops found in timing analysis.
0 connections routed; 66223 unrouted.
Starting router resource preassignment

Completed router resource preassignment. Real time: 2 mins 45 secs 

Start NBR router at 10:37:04 02/24/26

*****************************************************************
Info: NBR allows conflicts(one node used by more than one signal)
      in the earlier iterations. In each iteration, it tries to  
      solve the conflicts while keeping the critical connections 
      routed as short as possible. The routing process is said to
      be completed when no conflicts exist and all connections   
      are routed.                                                
Note: NBR uses a different method to calculate timing slacks. The
      worst slack and total negative slack may not be the same as
      that in TRCE report. You should always run TRCE to verify  
      your design.                                               
*****************************************************************

52 potential circuit loops found in timing analysis.
Start NBR special constraint process at 10:37:06 02/24/26

Start NBR section for initial routing at 10:37:08 02/24/26
Level 1, iteration 1
0(0.00%) conflict; 53442(80.70%) untouched conns; 0 (nbr) score; 
Estimated worst slack/total negative slack<setup>: 0.140ns/0.000ns; real time: 2 mins 53 secs 
Level 2, iteration 1
0(0.00%) conflict; 53437(80.69%) untouched conns; 0 (nbr) score; 
Estimated worst slack/total negative slack<setup>: 0.140ns/0.000ns; real time: 2 mins 55 secs 
Level 3, iteration 1
0(0.00%) conflict; 53402(80.64%) untouched conns; 0 (nbr) score; 
Estimated worst slack/total negative slack<setup>: 0.140ns/0.000ns; real time: 2 mins 57 secs 
Level 4, iteration 1
2948(0.25%) conflicts; 0(0.00%) untouched conn; 0 (nbr) score; 
Estimated worst slack/total negative slack<setup>: 0.140ns/0.000ns; real time: 3 mins 8 secs 

Info: Initial congestion level at 75% usage is 0
Info: Initial congestion area  at 75% usage is 0 (0.00%)

Start NBR section for normal routing at 10:37:25 02/24/26
Level 1, iteration 1
1(0.00%) conflict; 4438(6.70%) untouched conns; 0 (nbr) score; 
Estimated worst slack/total negative slack<setup>: 0.140ns/0.000ns; real time: 3 mins 11 secs 
Level 2, iteration 1
0(0.00%) conflict; 4438(6.70%) untouched conns; 0 (nbr) score; 
Estimated worst slack/total negative slack<setup>: 0.140ns/0.000ns; real time: 3 mins 13 secs 
Level 3, iteration 1
0(0.00%) conflict; 4438(6.70%) untouched conns; 0 (nbr) score; 
Estimated worst slack/total negative slack<setup>: 0.140ns/0.000ns; real time: 3 mins 13 secs 
Level 4, iteration 1
1463(0.13%) conflicts; 0(0.00%) untouched conn; 0 (nbr) score; 
Estimated worst slack/total negative slack<setup>: 0.140ns/0.000ns; real time: 3 mins 18 secs 
Level 4, iteration 2
721(0.06%) conflicts; 0(0.00%) untouched conn; 0 (nbr) score; 
Estimated worst slack/total negative slack<setup>: 0.140ns/0.000ns; real time: 3 mins 21 secs 
Level 4, iteration 3
288(0.02%) conflicts; 0(0.00%) untouched conn; 0 (nbr) score; 
Estimated worst slack/total negative slack<setup>: 0.140ns/0.000ns; real time: 3 mins 24 secs 
Level 4, iteration 4
138(0.01%) conflicts; 0(0.00%) untouched conn; 0 (nbr) score; 
Estimated worst slack/total negative slack<setup>: 0.140ns/0.000ns; real time: 3 mins 24 secs 
Level 4, iteration 5
49(0.00%) conflicts; 0(0.00%) untouched conn; 0 (nbr) score; 
Estimated worst slack/total negative slack<setup>: 0.140ns/0.000ns; real time: 3 mins 26 secs 
Level 4, iteration 6
19(0.00%) conflicts; 0(0.00%) untouched conn; 0 (nbr) score; 
Estimated worst slack/total negative slack<setup>: 0.140ns/0.000ns; real time: 3 mins 27 secs 
Level 4, iteration 7
6(0.00%) conflicts; 0(0.00%) untouched conn; 0 (nbr) score; 
Estimated worst slack/total negative slack<setup>: 0.140ns/0.000ns; real time: 3 mins 28 secs 
Level 4, iteration 8
1(0.00%) conflict; 0(0.00%) untouched conn; 0 (nbr) score; 
Estimated worst slack/total negative slack<setup>: 0.140ns/0.000ns; real time: 3 mins 28 secs 
Level 4, iteration 9
0(0.00%) conflict; 0(0.00%) untouched conn; 0 (nbr) score; 
Estimated worst slack/total negative slack<setup>: 0.140ns/0.000ns; real time: 3 mins 30 secs 

Start NBR section for setup/hold timing optimization with effort level 3 at 10:37:47 02/24/26
52 potential circuit loops found in timing analysis.
52 potential circuit loops found in timing analysis.

Start NBR section for re-routing at 10:37:55 02/24/26
Level 4, iteration 1
0(0.00%) conflict; 0(0.00%) untouched conn; 0 (nbr) score; 
Estimated worst slack/total negative slack<setup>: 0.140ns/0.000ns; real time: 3 mins 38 secs 

Start NBR section for post-routing at 10:37:55 02/24/26
52 potential circuit loops found in timing analysis.

End NBR router with 0 unrouted connection

NBR Summary
-----------
  Number of unrouted connections : 0 (0.00%)
  Number of connections with timing violations : 0 (0.00%)
  Estimated worst slack<setup> : 0.140ns
  Timing score<setup> : 0
-----------
Notes: The timing info is calculated for SETUP only and all PAR_ADJs are ignored.



52 potential circuit loops found in timing analysis.
52 potential circuit loops found in timing analysis.
52 potential circuit loops found in timing analysis.
Total CPU time 1 mins 44 secs 
Total REAL time: 4 mins 
Completely routed.
End of route.  66223 routed (100.00%); 0 unrouted.

Hold time timing score: 0, hold timing errors: 0

Timing score: 0 

Dumping design to file SP0557_SP0557.dir/5_1.ncd.


PAR_SUMMARY::Run status = Completed
PAR_SUMMARY::Number of unrouted conns = 0
PAR_SUMMARY::Worst  slack<setup/<ns>> = 0.140
PAR_SUMMARY::Timing score<setup/<ns>> = 0.000
PAR_SUMMARY::Worst  slack<hold /<ns>> = 0.170
PAR_SUMMARY::Timing score<hold /<ns>> = 0.000
PAR_SUMMARY::Number of errors = 0

Total CPU  time to completion: 1 mins 46 secs 
Total REAL time to completion: 4 mins 3 secs 

par done!

Note: user must run 'Trace' for timing closure signoff.

Copyright (c) 1991-1994 by NeoCAD Inc. All rights reserved.
Copyright (c) 1995 AT&T Corp.   All rights reserved.
Copyright (c) 1995-2001 Lucent Technologies Inc.  All rights reserved.
Copyright (c) 2001 Agere Systems   All rights reserved.
Copyright (c) 2002-2023 Lattice Semiconductor Corporation,  All rights reserved.
Exiting par with exit code 0
Exiting mpartrce with exit code 0

trce -f "SP0557_SP0557.pt" -o "SP0557_SP0557.twr" "SP0557_SP0557.ncd" "SP0557_SP0557.prf"
trce:  version Diamond (64-bit) 3.13.0.56.2

Copyright (c) 1991-1994 by NeoCAD Inc. All rights reserved.
Copyright (c) 1995 AT&T Corp.   All rights reserved.
Copyright (c) 1995-2001 Lucent Technologies Inc.  All rights reserved.
Copyright (c) 2001 Agere Systems   All rights reserved.
Copyright (c) 2002-2023 Lattice Semiconductor Corporation,  All rights reserved.

Loading design for application trce from file sp0557_sp0557.ncd.
Design name: SP0557
NCD version: 3.3
Vendor:      LATTICE
Device:      LFE5U-25F
Package:     CABGA256
Performance: 6
Loading device for application trce from file 'sa5p25.nph' in environment: C:/lscc/diamond/3.13/ispfpga.
Package Status:                     Final          Version 1.44.
Performance Hardware Data Status:   Final          Version 55.1.
Setup and Hold Report

--------------------------------------------------------------------------------
Lattice TRACE Report - Setup, Version Diamond (64-bit) 3.13.0.56.2
Tue Feb 24 10:38:23 2026

Copyright (c) 1991-1994 by NeoCAD Inc. All rights reserved.
Copyright (c) 1995 AT&T Corp.   All rights reserved.
Copyright (c) 1995-2001 Lucent Technologies Inc.  All rights reserved.
Copyright (c) 2001 Agere Systems   All rights reserved.
Copyright (c) 2002-2023 Lattice Semiconductor Corporation,  All rights reserved.

Report Information
------------------
Command line:    trce -v 10 -gt -sethld -sp 6 -sphld m -o SP0557_SP0557.twr -gui -msgset C:/work/S127M/PCBNo_10081/SP0557_rev02_00_AI/promote.xml SP0557_SP0557.ncd SP0557_SP0557.prf 
Design file:     sp0557_sp0557.ncd
Preference file: sp0557_sp0557.prf
Device,speed:    LFE5U-25F,6
Report level:    verbose report, limited to 10 items per preference
--------------------------------------------------------------------------------

52 potential circuit loops found in timing analysis.
BLOCK ASYNCPATHS
BLOCK RESETPATHS
--------------------------------------------------------------------------------



Timing summary (Setup):
---------------

Timing errors: 0  Score: 0
Cumulative negative slack: 0

Constraints cover 1491977 paths, 310 nets, and 65487 connections (98.89% coverage)

--------------------------------------------------------------------------------
Lattice TRACE Report - Hold, Version Diamond (64-bit) 3.13.0.56.2
Tue Feb 24 10:38:26 2026

Copyright (c) 1991-1994 by NeoCAD Inc. All rights reserved.
Copyright (c) 1995 AT&T Corp.   All rights reserved.
Copyright (c) 1995-2001 Lucent Technologies Inc.  All rights reserved.
Copyright (c) 2001 Agere Systems   All rights reserved.
Copyright (c) 2002-2023 Lattice Semiconductor Corporation,  All rights reserved.

Report Information
------------------
Command line:    trce -v 10 -gt -sethld -sp 6 -sphld m -o SP0557_SP0557.twr -gui -msgset C:/work/S127M/PCBNo_10081/SP0557_rev02_00_AI/promote.xml SP0557_SP0557.ncd SP0557_SP0557.prf 
Design file:     sp0557_sp0557.ncd
Preference file: sp0557_sp0557.prf
Device,speed:    LFE5U-25F,m
Report level:    verbose report, limited to 10 items per preference
--------------------------------------------------------------------------------

52 potential circuit loops found in timing analysis.
BLOCK ASYNCPATHS
BLOCK RESETPATHS
--------------------------------------------------------------------------------



Timing summary (Hold):
---------------

Timing errors: 0  Score: 0
Cumulative negative slack: 0

Constraints cover 1491977 paths, 310 nets, and 65487 connections (98.89% coverage)



Timing summary (Setup and Hold):
---------------

Timing errors: 0 (setup), 0 (hold)
Score: 0 (setup), 0 (hold)
Cumulative negative slack: 0 (0+0)
--------------------------------------------------------------------------------

--------------------------------------------------------------------------------

Total CPU Time: 4 secs 
Total REAL Time: 9 secs 
Peak Memory Usage: 290 MB


tmcheck -par "SP0557_SP0557.par" 

bitgen -w "SP0557_SP0557.ncd" -f "SP0557_SP0557.t2b" -e -s "C:/work/S127M/PCBNo_10081/SP0557_rev02_00_AI/SP0557.sec" -k "C:/work/S127M/PCBNo_10081/SP0557_rev02_00_AI/SP0557.bek" "SP0557_SP0557.prf"


BITGEN: Bitstream Generator Diamond (64-bit) 3.13.0.56.2
Copyright (c) 1991-1994 by NeoCAD Inc. All rights reserved.
Copyright (c) 1995 AT&T Corp.   All rights reserved.
Copyright (c) 1995-2001 Lucent Technologies Inc.  All rights reserved.
Copyright (c) 2001 Agere Systems   All rights reserved.
Copyright (c) 2002-2023 Lattice Semiconductor Corporation,  All rights reserved.


Loading design for application Bitgen from file SP0557_SP0557.ncd.
Design name: SP0557
NCD version: 3.3
Vendor:      LATTICE
Device:      LFE5U-25F
Package:     CABGA256
Performance: 6
Loading device for application Bitgen from file 'sa5p25.nph' in environment: C:/lscc/diamond/3.13/ispfpga.
Package Status:                     Final          Version 1.44.
Performance Hardware Data Status:   Final          Version 55.1.

Running DRC.
DRC detected 0 errors and 0 warnings.
Reading Preference File from SP0557_SP0557.prf.
    <postMsg mid="1009992" type="Info"    dynamic="1" navigation="0" arg0=" SW_XO3D_SECURITY_ENCRYPTION *NOT* controlled by sa5p00.acd ###"  />
    <postMsg mid="1009992" type="Info"    dynamic="1" navigation="0" arg0=" SW_XO3D_SECURITY_ENCRYPTION license_securityIP OK"  />

Preference Summary:
+---------------------------------+---------------------------------+
|  Preference                     |  Current Setting                |
+---------------------------------+---------------------------------+
|                         RamCfg  |                        Reset**  |
+---------------------------------+---------------------------------+
|                        CfgMode  |                      Disable**  |
+---------------------------------+---------------------------------+
|                        DONE_EX  |                          OFF**  |
+---------------------------------+---------------------------------+
|                        DONE_OD  |                           ON**  |
+---------------------------------+---------------------------------+
|                     MCCLK_FREQ  |                          2.4**  |
+---------------------------------+---------------------------------+
|                  CONFIG_SECURE  |                          OFF**  |
+---------------------------------+---------------------------------+
|                    CONFIG_MODE  |                         JTAG**  |
+---------------------------------+---------------------------------+
|                        WAKE_UP  |                           21**  |
+---------------------------------+---------------------------------+
|                          INBUF  |                          OFF**  |
+---------------------------------+---------------------------------+
|                             ES  |                           No**  |
+---------------------------------+---------------------------------+
|                 SLAVE_SPI_PORT  |                      DISABLE**  |
+---------------------------------+---------------------------------+
|                MASTER_SPI_PORT  |                      DISABLE**  |
+---------------------------------+---------------------------------+
|                COMPRESS_CONFIG  |                          OFF**  |
+---------------------------------+---------------------------------+
|            BACKGROUND_RECONFIG  |                          OFF**  |
+---------------------------------+---------------------------------+
|                     DisableUES  |                        FALSE**  |
+---------------------------------+---------------------------------+
|            SLAVE_PARALLEL_PORT  |                      DISABLE**  |
+---------------------------------+---------------------------------+
|                      DONE_PULL  |                           ON**  |
+---------------------------------+---------------------------------+
|               CONFIG_IOVOLTAGE  |                          2.5**  |
+---------------------------------+---------------------------------+
|                        TRANSFR  |                          OFF**  |
+---------------------------------+---------------------------------+
 *  Default setting.
 ** The specified setting matches the default setting.


Creating bit map...
 
Bitstream Status: Final           Version 10.27.
 
Saving bit stream in "SP0557_SP0557.bit".
Total CPU Time: 5 secs 
Total REAL Time: 7 secs 
Peak Memory Usage: 354 MB
