
            Lattice Mapping Report File for Design Module 'SP0557'


Design Information
------------------

Command line:   map -a ECP5U -p LFE5U-25F -t CABGA256 -s 6 -oc Commercial
     SP0557_SP0557.ngd -o SP0557_SP0557_map.ncd -pr SP0557_SP0557.prf -mp
     SP0557_SP0557.mrp -lpf C:/FPGA
     work/PCBNo.10081/FPGA/SP0557/SP0557_SP0557_synplify.lpf -lpf C:/FPGA
     work/PCBNo.10081/FPGA/SP0557.lpf -gui -msgset C:/FPGA
     work/PCBNo.10081/FPGA/promote.xml 
Target Vendor:  LATTICE
Target Device:  LFE5U-25FCABGA256
Target Performance:   6
Mapper:  sa5p00,  version:  Diamond (64-bit) 3.14.0.75.2
Mapped on:  02/28/26  21:16:30

Design Summary
--------------

   Number of registers:   9814 out of 24879 (39%)
      PFU registers:         9731 out of 24288 (40%)
      PIO registers:           83 out of   591 (14%)
   Number of SLICEs:     10756 out of 12144 (89%)
      SLICEs as Logic/ROM:  10756 out of 12144 (89%)
      SLICEs as RAM:            0 out of  9108 (0%)
      SLICEs as Carry:       3054 out of 12144 (25%)
   Number of LUT4s:        15961 out of 24288 (66%)
      Number used as logic LUTs:        9853
      Number used as distributed RAM:     0
      Number used as ripple logic:      6108
      Number used as shift registers:     0
   Number of PIO sites used: 127 out of 197 (64%)
   Number of block RAMs:  4 out of 56 (7%)
   Number of GSRs:  1 out of 1 (100%)
   JTAG used :      No
   Readback used :  No
   Oscillator used :  No
   Startup used :   No
   DTR used :   No
   Number of Dynamic Bank Controller (BCINRD):  0 out of 4 (0%)
   Number of Dynamic Bank Controller (BCLVDSOB):  0 out of 4 (0%)
   Number of DCC:  0 out of 60 (0%)
   Number of DCS:  0 out of 2 (0%)
   Number of PLLs:  1 out of 2 (50%)
   Number of DDRDLLs:  0 out of 4 (0%)
   Number of CLKDIV:  0 out of 4 (0%)
   Number of ECLKSYNC:  0 out of 10 (0%)
   Number of ECLKBRIDGECS:  0 out of 2 (0%)
   Notes:-
      1. Total number of LUT4s = (Number of logic LUT4s) + 2*(Number of
     distributed RAMs) + 2*(Number of ripple logic)
      2. Number of logic LUT4s does not include count of distributed RAM and
     ripple logic.

        Number Of Mapped DSP Components:
   --------------------------------
   MULT18X18D          0
   MULT9X9D            0
   ALU54B              0

                                    Page 1




Design:  SP0557                                        Date:  02/28/26  21:16:30

Design Summary (cont)
---------------------
   ALU24B              0
   PRADD18A            0
   PRADD9A             0
   --------------------------------
   Number of Used DSP MULT Sites:  0 out of 56 (0 %)
   Number of Used DSP ALU Sites:  0 out of 28 (0 %)
   Number of Used DSP PRADD Sites:  0 out of 56 (0 %)
   Number of clocks:  6
     Net CLK20M_c: 9 loads, 9 rising, 0 falling (Driver: PIO CLK20M )
     Net s_PLL_CLK20M: 5267 loads, 5267 rising, 0 falling (Driver:
     slv_com_top_inst/clk_gen_inst2/PLL_inst/PLLInst_0 )
     Net slv_com_top_inst.CLK1: 372 loads, 362 rising, 10 falling (Driver:
     slv_com_top_inst/clk_gen_inst2/PLL_inst/PLLInst_0 )
     Net slv_com_top_inst.CLKCOM_OUT: 173 loads, 165 rising, 8 falling (Driver:
     slv_com_top_inst/clk_gen_inst2/PLL_inst/PLLInst_0 )
     Net slv_com_top_inst/CLK2A: 16 loads, 9 rising, 7 falling (Driver:
     slv_com_top_inst/clk_gen_inst2/PLL_inst/PLLInst_0 )
     Net UP_CLK_c: 1 loads, 1 rising, 0 falling (Driver: PIO UP_CLK )
   Number of Clock Enables:  758
     Net LEDLT.AD8402.s_CE: 4 loads, 3 LSLICEs
     Net slv_com_top_inst.CLK_RSTb_OUT_i: 5 loads, 5 LSLICEs
     Net ADC_CONT.shiftreg12bit_inst.reg_0_sqmuxa: 7 loads, 6 LSLICEs
     Net ADC_CONT.s_FALL: 7 loads, 5 LSLICEs
     Net gpio02/N_761_2: 65 loads, 65 LSLICEs
     Net gpio02/LOAD_L_i_i_a2: 65 loads, 65 LSLICEs
     Net gpio02/N_761_1: 61 loads, 61 LSLICEs
     Net gpio02/gpio_reg_inst/gpio_op_reg_inst19/WRITEENB: 2 loads, 2 LSLICEs
     Net gpio02/N_760_1: 34 loads, 34 LSLICEs
     Net gpio02/gpio_reg_inst/gpio_op_reg_inst16/WRITEENB: 4 loads, 4 LSLICEs
     Net LATCH_L_i_i_a2: 39 loads, 31 LSLICEs
     Net gpio02/gpio_reg_inst/gpio_op_reg_inst15/WRITEENB: 3 loads, 3 LSLICEs
     Net gpio02/gpio_reg_inst/gpio_op_reg_inst14/WRITEENB: 4 loads, 4 LSLICEs
     Net gpio02/gpio_reg_inst/gpio_op_reg_inst13/WRITEENB: 4 loads, 4 LSLICEs
     Net gpio02/gpio_reg_inst/gpio_op_reg_inst12/WRITEENB: 4 loads, 4 LSLICEs
     Net gpio02/gpio_reg_inst/gpio_op_reg_inst11/WRITEENB: 4 loads, 4 LSLICEs
     Net gpio02/gpio_reg_inst/gpio_op_reg_inst10/WRITEENB: 4 loads, 4 LSLICEs
     Net gpio02/gpio_reg_inst/gpio_op_reg_inst9/WRITEENB: 4 loads, 4 LSLICEs
     Net gpio02/gpio_reg_inst/gpio_op_reg_inst8/WRITEENB: 4 loads, 4 LSLICEs
     Net gpio02/gpio_reg_inst/gpio_op_reg_inst7/WRITEENB: 4 loads, 4 LSLICEs
     Net gpio02/gpio_reg_inst/gpio_op_reg_inst6/WRITEENB: 4 loads, 4 LSLICEs
     Net gpio02/gpio_reg_inst/gpio_op_reg_inst5/WRITEENB: 4 loads, 4 LSLICEs
     Net gpio02/gpio_reg_inst/gpio_op_reg_inst4/WRITEENB: 4 loads, 4 LSLICEs
     Net gpio02/gpio_reg_inst/gpio_op_reg_inst3/WRITEENB: 4 loads, 4 LSLICEs
     Net gpio02/gpio_reg_inst/gpio_op_reg_inst2/WRITEENB: 4 loads, 4 LSLICEs
     Net gpio02/gpio_reg_inst/gpio_op_reg_inst1/WRITEENB: 4 loads, 4 LSLICEs
     Net gpio02/gpio_reg_inst/gpio_op_reg_inst0/WRITEENB: 4 loads, 4 LSLICEs
     Net gpio01/LOAD_L_i_i_a2_0: 49 loads, 49 LSLICEs
     Net gpio01/N_759_1: 50 loads, 50 LSLICEs
     Net gpio01/N_759_2: 51 loads, 51 LSLICEs
     Net gpio01/gpio_reg_inst/gpio_op_reg_inst19/WRITEENB: 4 loads, 4 LSLICEs
     Net gpio01/LATCH_L_i_i_a2_0: 37 loads, 37 LSLICEs
     Net gpio01/gpio_reg_inst/gpio_op_reg_inst18/WRITEENB: 4 loads, 4 LSLICEs
     Net gpio01/N_758_1_r15: 4 loads, 4 LSLICEs
     Net gpio01/gpio_reg_inst/gpio_op_reg_inst17/WRITEENB: 4 loads, 4 LSLICEs
     Net gpio01/gpio_reg_inst/gpio_op_reg_inst16/WRITEENB: 4 loads, 4 LSLICEs
     Net gpio01/N_758_1_r14: 4 loads, 4 LSLICEs

                                    Page 2




Design:  SP0557                                        Date:  02/28/26  21:16:30

Design Summary (cont)
---------------------
     Net gpio01/gpio_reg_inst/gpio_op_reg_inst15/WRITEENB: 4 loads, 4 LSLICEs
     Net gpio01/gpio_reg_inst/gpio_op_reg_inst14/WRITEENB: 4 loads, 4 LSLICEs
     Net gpio01/N_758_1_r13: 4 loads, 4 LSLICEs
     Net gpio01/gpio_reg_inst/gpio_op_reg_inst13/WRITEENB: 4 loads, 4 LSLICEs
     Net gpio01/gpio_reg_inst/gpio_op_reg_inst12/WRITEENB: 4 loads, 4 LSLICEs
     Net gpio01/N_758_1_r12: 4 loads, 4 LSLICEs
     Net gpio01/gpio_reg_inst/gpio_op_reg_inst11/WRITEENB: 4 loads, 4 LSLICEs
     Net gpio01/N_758_1_r11: 4 loads, 4 LSLICEs
     Net gpio01/gpio_reg_inst/gpio_op_reg_inst10/WRITEENB: 4 loads, 4 LSLICEs
     Net gpio01/gpio_reg_inst/gpio_op_reg_inst9/WRITEENB: 4 loads, 4 LSLICEs
     Net gpio01/N_758_1_r10: 4 loads, 4 LSLICEs
     Net gpio01/gpio_reg_inst/gpio_op_reg_inst8/WRITEENB: 4 loads, 4 LSLICEs
     Net gpio01/N_758_1_r9: 4 loads, 4 LSLICEs
     Net gpio01/gpio_reg_inst/gpio_op_reg_inst7/WRITEENB: 4 loads, 4 LSLICEs
     Net gpio01/gpio_reg_inst/gpio_op_reg_inst6/WRITEENB: 3 loads, 3 LSLICEs
     Net gpio01/N_758_1_r8: 3 loads, 3 LSLICEs
     Net gpio01/gpio_reg_inst/gpio_op_reg_inst5/WRITEENB: 4 loads, 4 LSLICEs
     Net gpio01/gpio_reg_inst/gpio_op_reg_inst4/WRITEENB: 3 loads, 3 LSLICEs
     Net gpio01/N_758_1_r7: 3 loads, 3 LSLICEs
     Net gpio01/gpio_reg_inst/gpio_op_reg_inst3/WRITEENB: 4 loads, 4 LSLICEs
     Net gpio01/gpio_reg_inst/gpio_op_reg_inst2/WRITEENB: 3 loads, 3 LSLICEs
     Net gpio01/N_758_1_r6: 3 loads, 3 LSLICEs
     Net gpio01/gpio_reg_inst/gpio_op_reg_inst1/WRITEENB: 4 loads, 4 LSLICEs
     Net gpio01/N_758_1_r0: 2 loads, 2 LSLICEs
     Net gpio01/N_758_1_r1: 4 loads, 4 LSLICEs
     Net gpio01/N_758_1_r2: 4 loads, 4 LSLICEs
     Net gpio01/N_758_1_r3: 4 loads, 4 LSLICEs
     Net gpio01/N_758_1_r4: 4 loads, 4 LSLICEs
     Net gpio01/N_758_1_r5: 4 loads, 4 LSLICEs
     Net gpio01/gpio_reg_inst/gpio_op_reg_inst0/WRITEENB: 1 loads, 1 LSLICEs
     Net stm13/ppmc_reg_S118M_inst/inst_ppmc_cmdchk/N_27: 1 loads, 1 LSLICEs
     Net stm13/ppmc_reg_S118M_inst/N_277_i: 19 loads, 19 LSLICEs
     Net stm13/ppmc_reg_S118M_inst/inst_ppmc_cmdchk/N_33: 1 loads, 1 LSLICEs
     Net stm13/ppmc_reg_S118M_inst/inst_ppmc_cmdchk/N_31: 1 loads, 1 LSLICEs
     Net stm13/ppmc_reg_S118M_inst/COMMAND_HIT: 2 loads, 2 LSLICEs
     Net stm13/ppmc_reg_S118M_inst/inst_ppmc_cmdchk/N_29: 1 loads, 1 LSLICEs
     Net stm13/ppmc_reg_S118M_inst/N_277_1_i: 28 loads, 28 LSLICEs
     Net stm13/ppmc_reg_S118M_inst/inst_ppmc_ctrl/un1_command_cng_11: 1 loads, 1
     LSLICEs
     Net stm13/ppmc_reg_S118M_inst/inst_ppmc_ctrl/acc_enb_RNO_0_11: 1 loads, 1
     LSLICEs
     Net stm13/ppmc_reg_S118M_inst/inst_ppmc_ctrl/up_down_RNO_0_11: 1 loads, 1
     LSLICEs
     Net stm13/ppmc_reg_S118M_inst/inst_ppmc_ctrl/N_59_i: 1 loads, 1 LSLICEs
     Net stm13/ppmc_reg_S118M_inst/inst_ppmc_ctrl/more_cnte: 9 loads, 9 LSLICEs
     Net stm13/ppmc_reg_S118M_inst/inst_ppmc_enblr/un7_enb_wait_1280us_11: 1
     loads, 1 LSLICEs
     Net stm13/ppmc_reg_S118M_inst/inst_ppmc_enblr/enb_wait_cnte: 9 loads, 9
     LSLICEs
     Net stm13/ppmc_reg_S118M_inst/inst_ppmc_rgstr/un1_sel_more_h_11: 4 loads, 4
     LSLICEs
     Net stm13/ppmc_reg_S118M_inst/inst_ppmc_rgstr/un1_sel_pls_l_11: 4 loads, 4
     LSLICEs
     Net stm13/ppmc_reg_S118M_inst/inst_ppmc_rgstr/un1_sel_low_l_11: 5 loads, 5
     LSLICEs
     Net stm13/ppmc_reg_S118M_inst/inst_ppmc_rgstr/un1_sel_l_mask_11: 5 loads, 5

                                    Page 3




Design:  SP0557                                        Date:  02/28/26  21:16:30

Design Summary (cont)
---------------------
     LSLICEs
     Net stm13/ppmc_reg_S118M_inst/inst_ppmc_rgstr/un3_sel_com_8: 1 loads, 1
     LSLICEs
     Net stm13/ppmc_reg_S118M_inst/inst_ppmc_rgstr/un1_sel_slow_l_11: 5 loads, 5
     LSLICEs
     Net stm13/ppmc_reg_S118M_inst/inst_ppmc_rgstr/un1_sel_slow_h_11: 5 loads, 5
     LSLICEs
     Net stm13/ppmc_reg_S118M_inst/inst_ppmc_rgstr/un1_sel_pls_h_11: 4 loads, 4
     LSLICEs
     Net stm13/ppmc_reg_S118M_inst/inst_ppmc_rgstr/un1_sel_pre_11: 5 loads, 5
     LSLICEs
     Net stm13/ppmc_reg_S118M_inst/inst_ppmc_rgstr/un1_sel_mp_b_11: 2 loads, 2
     LSLICEs
     Net stm13/ppmc_reg_S118M_inst/inst_ppmc_rgstr/un1_sel_mp_a_11: 2 loads, 2
     LSLICEs
     Net stm13/LATCH_L_i_i_a2_1: 4 loads, 4 LSLICEs
     Net stm13/LOAD_L_i_i_a2_1: 4 loads, 4 LSLICEs
     Net stm13/ppmc_reg_S118M_inst/inst_ppmc_rgstr/un1_sel_more_l_11: 5 loads, 5
     LSLICEs
     Net stm13/ppmc_reg_S118M_inst/inst_ppmc_rgstr/un1_sel_low_h_11: 5 loads, 5
     LSLICEs
     Net stm13/ppmc_reg_S118M_inst/inst_ppmc_rgstr/un1_sel_high_l_11: 5 loads, 5
     LSLICEs
     Net stm13/ppmc_reg_S118M_inst/inst_ppmc_rgstr/un1_sel_high_h_11: 5 loads, 5
     LSLICEs
     Net stm13/ppmc_reg_S118M_inst/inst_ppmc_rgstr/un1_sel_ctrl2_11: 5 loads, 5
     LSLICEs
     Net stm13/ppmc_reg_S118M_inst/inst_ppmc_rgstr/un4_sel_com_11: 5 loads, 5
     LSLICEs
     Net stm13/ppmc_reg_S118M_inst/inst_ppmc_rgstr/un1_sel_acc_l_11: 5 loads, 5
     LSLICEs
     Net stm13/ppmc_reg_S118M_inst/inst_ppmc_rgstr/un1_sel_acc_h_11: 5 loads, 5
     LSLICEs
     Net stm13/ppmc_reg_S118M_inst/inst_ppmc_plsgen/ppmc_pls_cnt_inst/rege: 9
     loads, 9 LSLICEs
     Net
     stm13/ppmc_reg_S118M_inst/inst_ppmc_plsgen/ppmc_pls_cnt_inst/pre_pulsee: 5
     loads, 5 LSLICEs
     Net stm13/ppmc_reg_S118M_inst/inst_ppmc_plsgen/ppmc_pls_cnt_inst/reg: 1
     loads, 1 LSLICEs
     Net stm13/ppmc_reg_S118M_inst/inst_ppmc_plsgen/ppmc_speed_cnt_inst/un1_tm_c
     lr_1_sqmuxa_11: 1 loads, 1 LSLICEs
     Net stm12/ppmc_reg_S118M_inst/inst_ppmc_cmdchk/N_27: 1 loads, 1 LSLICEs
     Net stm12/ppmc_reg_S118M_inst/N_277_i: 19 loads, 19 LSLICEs
     Net stm12/ppmc_reg_S118M_inst/inst_ppmc_cmdchk/N_33: 1 loads, 1 LSLICEs
     Net stm12/ppmc_reg_S118M_inst/inst_ppmc_cmdchk/N_31: 1 loads, 1 LSLICEs
     Net stm12/ppmc_reg_S118M_inst/COMMAND_HIT: 2 loads, 2 LSLICEs
     Net stm12/ppmc_reg_S118M_inst/inst_ppmc_cmdchk/N_29: 1 loads, 1 LSLICEs
     Net stm12/ppmc_reg_S118M_inst/N_277_1_i: 27 loads, 27 LSLICEs
     Net stm12/ppmc_reg_S118M_inst/inst_ppmc_ctrl/un1_command_cng_10: 1 loads, 1
     LSLICEs
     Net stm12/ppmc_reg_S118M_inst/inst_ppmc_ctrl/acc_enb_RNO_0_10: 1 loads, 1
     LSLICEs
     Net stm12/ppmc_reg_S118M_inst/inst_ppmc_ctrl/up_down_RNO_0_10: 1 loads, 1
     LSLICEs
     Net stm12/ppmc_reg_S118M_inst/inst_ppmc_ctrl/N_59_i: 1 loads, 1 LSLICEs

                                    Page 4




Design:  SP0557                                        Date:  02/28/26  21:16:30

Design Summary (cont)
---------------------
     Net stm12/ppmc_reg_S118M_inst/inst_ppmc_ctrl/more_cnte: 9 loads, 9 LSLICEs
     Net stm12/ppmc_reg_S118M_inst/inst_ppmc_enblr/un7_enb_wait_1280us_10: 1
     loads, 1 LSLICEs
     Net stm12/ppmc_reg_S118M_inst/inst_ppmc_enblr/enb_wait_cnte: 9 loads, 9
     LSLICEs
     Net stm12/ppmc_reg_S118M_inst/inst_ppmc_rgstr/un1_sel_more_h_10: 5 loads, 5
     LSLICEs
     Net stm12/ppmc_reg_S118M_inst/inst_ppmc_rgstr/un1_sel_pls_l_10: 4 loads, 4
     LSLICEs
     Net stm12/ppmc_reg_S118M_inst/inst_ppmc_rgstr/un1_sel_acc_l_10: 5 loads, 5
     LSLICEs
     Net stm12/ppmc_reg_S118M_inst/inst_ppmc_rgstr/un1_sel_acc_h_10: 5 loads, 5
     LSLICEs
     Net stm12/ppmc_reg_S118M_inst/inst_ppmc_rgstr/un1_sel_slow_l_10: 5 loads, 5
     LSLICEs
     Net stm12/ppmc_reg_S118M_inst/inst_ppmc_rgstr/un3_sel_com_7: 1 loads, 1
     LSLICEs
     Net stm12/ppmc_reg_S118M_inst/inst_ppmc_rgstr/un1_sel_slow_h_10: 5 loads, 5
     LSLICEs
     Net stm12/ppmc_reg_S118M_inst/inst_ppmc_rgstr/un1_sel_pls_h_10: 4 loads, 4
     LSLICEs
     Net stm12/ppmc_reg_S118M_inst/inst_ppmc_rgstr/un1_sel_pre_10: 5 loads, 5
     LSLICEs
     Net stm12/ppmc_reg_S118M_inst/inst_ppmc_rgstr/un1_sel_mp_b_10: 2 loads, 2
     LSLICEs
     Net stm12/ppmc_reg_S118M_inst/inst_ppmc_rgstr/un1_sel_mp_a_10: 2 loads, 2
     LSLICEs
     Net stm12/N_725: 4 loads, 4 LSLICEs
     Net stm12/N_726: 4 loads, 4 LSLICEs
     Net stm12/ppmc_reg_S118M_inst/inst_ppmc_rgstr/un1_sel_more_l_10: 5 loads, 5
     LSLICEs
     Net stm12/ppmc_reg_S118M_inst/inst_ppmc_rgstr/un1_sel_low_l_10: 5 loads, 5
     LSLICEs
     Net stm12/ppmc_reg_S118M_inst/inst_ppmc_rgstr/un1_sel_low_h_10: 5 loads, 5
     LSLICEs
     Net stm12/ppmc_reg_S118M_inst/inst_ppmc_rgstr/un1_sel_l_mask_10: 5 loads, 5
     LSLICEs
     Net stm12/ppmc_reg_S118M_inst/inst_ppmc_rgstr/un1_sel_high_l_10: 5 loads, 5
     LSLICEs
     Net stm12/ppmc_reg_S118M_inst/inst_ppmc_rgstr/un1_sel_high_h_10: 4 loads, 4
     LSLICEs
     Net stm12/ppmc_reg_S118M_inst/inst_ppmc_rgstr/un1_sel_ctrl2_10: 5 loads, 5
     LSLICEs
     Net stm12/ppmc_reg_S118M_inst/inst_ppmc_rgstr/un4_sel_com_10: 5 loads, 5
     LSLICEs
     Net stm12/ppmc_reg_S118M_inst/inst_ppmc_plsgen/ppmc_pls_cnt_inst/rege: 9
     loads, 9 LSLICEs
     Net
     stm12/ppmc_reg_S118M_inst/inst_ppmc_plsgen/ppmc_pls_cnt_inst/pre_pulsee: 5
     loads, 5 LSLICEs
     Net stm12/ppmc_reg_S118M_inst/inst_ppmc_plsgen/ppmc_pls_cnt_inst/reg: 1
     loads, 1 LSLICEs
     Net stm12/ppmc_reg_S118M_inst/inst_ppmc_plsgen/ppmc_speed_cnt_inst/un1_tm_c
     lr_1_sqmuxa_10: 1 loads, 1 LSLICEs
     Net stm11/ppmc_reg_S118M_inst/inst_ppmc_cmdchk/N_27: 1 loads, 1 LSLICEs
     Net stm11/ppmc_reg_S118M_inst/N_277_i: 19 loads, 19 LSLICEs

                                    Page 5




Design:  SP0557                                        Date:  02/28/26  21:16:30

Design Summary (cont)
---------------------
     Net stm11/ppmc_reg_S118M_inst/inst_ppmc_cmdchk/N_33: 1 loads, 1 LSLICEs
     Net stm11/ppmc_reg_S118M_inst/inst_ppmc_cmdchk/N_31: 1 loads, 1 LSLICEs
     Net stm11/ppmc_reg_S118M_inst/COMMAND_HIT: 2 loads, 2 LSLICEs
     Net stm11/ppmc_reg_S118M_inst/inst_ppmc_cmdchk/N_29: 1 loads, 1 LSLICEs
     Net stm11/ppmc_reg_S118M_inst/N_277_1_i: 27 loads, 27 LSLICEs
     Net stm11/ppmc_reg_S118M_inst/inst_ppmc_ctrl/un1_command_cng_9: 1 loads, 1
     LSLICEs
     Net stm11/ppmc_reg_S118M_inst/inst_ppmc_ctrl/acc_enb_RNO_0_9: 1 loads, 1
     LSLICEs
     Net stm11/ppmc_reg_S118M_inst/inst_ppmc_ctrl/up_down_RNO_0_9: 1 loads, 1
     LSLICEs
     Net stm11/ppmc_reg_S118M_inst/inst_ppmc_ctrl/N_59_i: 1 loads, 1 LSLICEs
     Net stm11/ppmc_reg_S118M_inst/inst_ppmc_ctrl/more_cnte: 9 loads, 9 LSLICEs
     Net stm11/ppmc_reg_S118M_inst/inst_ppmc_enblr/un7_enb_wait_1280us_9: 1
     loads, 1 LSLICEs
     Net stm11/ppmc_reg_S118M_inst/inst_ppmc_enblr/enb_wait_cnte: 9 loads, 9
     LSLICEs
     Net stm11/ppmc_reg_S118M_inst/inst_ppmc_rgstr/un1_sel_more_h_9: 4 loads, 4
     LSLICEs
     Net stm11/ppmc_reg_S118M_inst/inst_ppmc_rgstr/un1_sel_pls_l_9: 4 loads, 4
     LSLICEs
     Net stm11/ppmc_reg_S118M_inst/inst_ppmc_rgstr/un1_sel_low_l_9: 5 loads, 5
     LSLICEs
     Net stm11/ppmc_reg_S118M_inst/inst_ppmc_rgstr/un1_sel_low_h_9: 5 loads, 5
     LSLICEs
     Net stm11/ppmc_reg_S118M_inst/inst_ppmc_rgstr/un1_sel_acc_l_9: 5 loads, 5
     LSLICEs
     Net stm11/ppmc_reg_S118M_inst/inst_ppmc_rgstr/un1_sel_acc_h_9: 5 loads, 5
     LSLICEs
     Net stm11/ppmc_reg_S118M_inst/inst_ppmc_rgstr/un1_sel_ctrl2_9: 5 loads, 5
     LSLICEs
     Net stm11/ppmc_reg_S118M_inst/inst_ppmc_rgstr/un1_sel_mp_a_9: 1 loads, 1
     LSLICEs
     Net stm11/ppmc_reg_S118M_inst/inst_ppmc_rgstr/un3_sel_com_6: 1 loads, 1
     LSLICEs
     Net stm11/ppmc_reg_S118M_inst/inst_ppmc_rgstr/un1_sel_slow_l_9: 5 loads, 5
     LSLICEs
     Net stm11/ppmc_reg_S118M_inst/inst_ppmc_rgstr/un1_sel_slow_h_9: 5 loads, 5
     LSLICEs
     Net stm11/ppmc_reg_S118M_inst/inst_ppmc_rgstr/un1_sel_pls_h_9: 4 loads, 4
     LSLICEs
     Net stm11/ppmc_reg_S118M_inst/inst_ppmc_rgstr/un1_sel_pre_9: 5 loads, 5
     LSLICEs
     Net stm11/ppmc_reg_S118M_inst/inst_ppmc_rgstr/un1_sel_mp_b_9: 2 loads, 2
     LSLICEs
     Net stm11/N_714: 4 loads, 4 LSLICEs
     Net stm11/N_715: 4 loads, 4 LSLICEs
     Net stm11/ppmc_reg_S118M_inst/inst_ppmc_rgstr/un1_sel_more_l_9: 4 loads, 4
     LSLICEs
     Net stm11/ppmc_reg_S118M_inst/inst_ppmc_rgstr/un1_sel_l_mask_9: 5 loads, 5
     LSLICEs
     Net stm11/ppmc_reg_S118M_inst/inst_ppmc_rgstr/un1_sel_high_l_9: 5 loads, 5
     LSLICEs
     Net stm11/ppmc_reg_S118M_inst/inst_ppmc_rgstr/un1_sel_high_h_9: 5 loads, 5
     LSLICEs
     Net stm11/ppmc_reg_S118M_inst/inst_ppmc_rgstr/un4_sel_com_9: 5 loads, 5

                                    Page 6




Design:  SP0557                                        Date:  02/28/26  21:16:30

Design Summary (cont)
---------------------
     LSLICEs
     Net stm11/ppmc_reg_S118M_inst/inst_ppmc_plsgen/ppmc_pls_cnt_inst/rege: 9
     loads, 9 LSLICEs
     Net
     stm11/ppmc_reg_S118M_inst/inst_ppmc_plsgen/ppmc_pls_cnt_inst/pre_pulsee: 5
     loads, 5 LSLICEs
     Net stm11/ppmc_reg_S118M_inst/inst_ppmc_plsgen/ppmc_pls_cnt_inst/reg: 1
     loads, 1 LSLICEs
     Net s_CKEN500k_3: 16 loads, 14 LSLICEs
     Net stm11/ppmc_reg_S118M_inst/inst_ppmc_plsgen/ppmc_speed_cnt_inst/un1_tm_c
     lr_1_sqmuxa_9: 1 loads, 1 LSLICEs
     Net stm10/ppmc_reg_S118M_inst/inst_ppmc_cmdchk/N_27: 1 loads, 1 LSLICEs
     Net stm10/ppmc_reg_S118M_inst/N_277_i: 19 loads, 19 LSLICEs
     Net stm10/ppmc_reg_S118M_inst/inst_ppmc_cmdchk/N_33: 1 loads, 1 LSLICEs
     Net stm10/ppmc_reg_S118M_inst/inst_ppmc_cmdchk/N_31: 1 loads, 1 LSLICEs
     Net stm10/ppmc_reg_S118M_inst/COMMAND_HIT: 2 loads, 2 LSLICEs
     Net stm10/ppmc_reg_S118M_inst/inst_ppmc_cmdchk/N_29: 1 loads, 1 LSLICEs
     Net stm10/ppmc_reg_S118M_inst/N_277_1_i: 27 loads, 27 LSLICEs
     Net stm10/ppmc_reg_S118M_inst/inst_ppmc_ctrl/un1_command_cng_8: 1 loads, 1
     LSLICEs
     Net stm10/ppmc_reg_S118M_inst/inst_ppmc_ctrl/acc_enb_RNO_0_8: 1 loads, 1
     LSLICEs
     Net stm10/ppmc_reg_S118M_inst/inst_ppmc_ctrl/up_down_RNO_0_8: 1 loads, 1
     LSLICEs
     Net stm10/ppmc_reg_S118M_inst/inst_ppmc_ctrl/N_59_i: 1 loads, 1 LSLICEs
     Net stm10/ppmc_reg_S118M_inst/inst_ppmc_ctrl/more_cnte: 9 loads, 9 LSLICEs
     Net stm10/N_704: 4 loads, 4 LSLICEs
     Net stm10/ppmc_reg_S118M_inst/inst_ppmc_enblr/un7_enb_wait_1280us_8: 1
     loads, 1 LSLICEs
     Net stm10/ppmc_reg_S118M_inst/inst_ppmc_enblr/enb_wait_cnte: 9 loads, 9
     LSLICEs
     Net stm10/ppmc_reg_S118M_inst/inst_ppmc_rgstr/un1_sel_low_l_8: 5 loads, 5
     LSLICEs
     Net stm10/ppmc_reg_S118M_inst/inst_ppmc_rgstr/un1_sel_slow_l_8: 5 loads, 5
     LSLICEs
     Net stm10/ppmc_reg_S118M_inst/inst_ppmc_rgstr/un1_sel_ctrl2_8: 5 loads, 5
     LSLICEs
     Net stm10/ppmc_reg_S118M_inst/inst_ppmc_rgstr/un4_sel_com_8: 5 loads, 5
     LSLICEs
     Net stm10/ppmc_reg_S118M_inst/inst_ppmc_rgstr/com_cng_RNO_1: 1 loads, 1
     LSLICEs
     Net stm10/ppmc_reg_S118M_inst/inst_ppmc_rgstr/un1_sel_slow_h_8: 5 loads, 5
     LSLICEs
     Net stm10/ppmc_reg_S118M_inst/inst_ppmc_rgstr/un1_sel_pls_l_8: 4 loads, 4
     LSLICEs
     Net stm10/ppmc_reg_S118M_inst/inst_ppmc_rgstr/un1_sel_pls_h_8: 4 loads, 4
     LSLICEs
     Net stm10/ppmc_reg_S118M_inst/inst_ppmc_rgstr/un1_sel_pre_8: 4 loads, 4
     LSLICEs
     Net stm10/ppmc_reg_S118M_inst/inst_ppmc_rgstr/un1_sel_mp_b_8: 2 loads, 2
     LSLICEs
     Net stm10/ppmc_reg_S118M_inst/inst_ppmc_rgstr/un1_sel_mp_a_8: 2 loads, 2
     LSLICEs
     Net stm10/N_705: 5 loads, 5 LSLICEs
     Net stm10/ppmc_reg_S118M_inst/inst_ppmc_rgstr/un1_sel_more_l_8: 5 loads, 5
     LSLICEs

                                    Page 7




Design:  SP0557                                        Date:  02/28/26  21:16:30

Design Summary (cont)
---------------------
     Net stm10/ppmc_reg_S118M_inst/inst_ppmc_rgstr/un1_sel_more_h_8: 5 loads, 5
     LSLICEs
     Net stm10/ppmc_reg_S118M_inst/inst_ppmc_rgstr/un1_sel_low_h_8: 5 loads, 5
     LSLICEs
     Net stm10/ppmc_reg_S118M_inst/inst_ppmc_rgstr/un1_sel_l_mask_8: 4 loads, 4
     LSLICEs
     Net stm10/ppmc_reg_S118M_inst/inst_ppmc_rgstr/un1_sel_high_l_8: 5 loads, 5
     LSLICEs
     Net stm10/ppmc_reg_S118M_inst/inst_ppmc_rgstr/un1_sel_high_h_8: 4 loads, 4
     LSLICEs
     Net stm10/ppmc_reg_S118M_inst/inst_ppmc_rgstr/un1_sel_acc_l_8: 5 loads, 5
     LSLICEs
     Net stm10/ppmc_reg_S118M_inst/inst_ppmc_rgstr/un1_sel_acc_h_8: 4 loads, 4
     LSLICEs
     Net stm10/ppmc_reg_S118M_inst/inst_ppmc_plsgen/ppmc_pls_cnt_inst/rege: 9
     loads, 9 LSLICEs
     Net
     stm10/ppmc_reg_S118M_inst/inst_ppmc_plsgen/ppmc_pls_cnt_inst/pre_pulsee: 5
     loads, 5 LSLICEs
     Net stm10/ppmc_reg_S118M_inst/inst_ppmc_plsgen/ppmc_pls_cnt_inst/reg: 1
     loads, 1 LSLICEs
     Net stm10/ppmc_reg_S118M_inst/inst_ppmc_plsgen/ppmc_speed_cnt_inst/un1_tm_c
     lr_1_sqmuxa_8: 1 loads, 1 LSLICEs
     Net stm09/ppmc_reg_S118M_inst/inst_ppmc_cmdchk/N_27: 1 loads, 1 LSLICEs
     Net stm09/ppmc_reg_S118M_inst/N_277_i: 19 loads, 19 LSLICEs
     Net stm09/ppmc_reg_S118M_inst/inst_ppmc_cmdchk/N_33: 1 loads, 1 LSLICEs
     Net stm09/ppmc_reg_S118M_inst/inst_ppmc_cmdchk/N_31: 1 loads, 1 LSLICEs
     Net stm09/ppmc_reg_S118M_inst/COMMAND_HIT: 2 loads, 2 LSLICEs
     Net stm09/ppmc_reg_S118M_inst/inst_ppmc_cmdchk/N_29: 1 loads, 1 LSLICEs
     Net stm09/ppmc_reg_S118M_inst/N_277_1_i: 27 loads, 27 LSLICEs
     Net stm09/ppmc_reg_S118M_inst/inst_ppmc_ctrl/un1_command_cng_7: 1 loads, 1
     LSLICEs
     Net stm09/ppmc_reg_S118M_inst/inst_ppmc_ctrl/acc_enb_RNO_0_7: 1 loads, 1
     LSLICEs
     Net stm09/ppmc_reg_S118M_inst/inst_ppmc_ctrl/up_down_RNO_0_7: 1 loads, 1
     LSLICEs
     Net stm09/ppmc_reg_S118M_inst/inst_ppmc_ctrl/N_59_i: 1 loads, 1 LSLICEs
     Net stm09/ppmc_reg_S118M_inst/inst_ppmc_ctrl/more_cnte: 9 loads, 9 LSLICEs
     Net stm09/N_693: 4 loads, 4 LSLICEs
     Net stm09/ppmc_reg_S118M_inst/inst_ppmc_enblr/un7_enb_wait_1280us_7: 1
     loads, 1 LSLICEs
     Net stm09/ppmc_reg_S118M_inst/inst_ppmc_enblr/enb_wait_cnte: 9 loads, 9
     LSLICEs
     Net stm09/ppmc_reg_S118M_inst/inst_ppmc_rgstr/un1_sel_low_l_7: 4 loads, 4
     LSLICEs
     Net stm09/ppmc_reg_S118M_inst/inst_ppmc_rgstr/un1_sel_low_h_7: 5 loads, 5
     LSLICEs
     Net stm09/ppmc_reg_S118M_inst/inst_ppmc_rgstr/un1_sel_acc_l_7: 5 loads, 5
     LSLICEs
     Net stm09/ppmc_reg_S118M_inst/inst_ppmc_rgstr/un1_sel_mp_a_7: 1 loads, 1
     LSLICEs
     Net stm09/ppmc_reg_S118M_inst/inst_ppmc_rgstr/un1_sel_ctrl2_7: 5 loads, 5
     LSLICEs
     Net stm09/ppmc_reg_S118M_inst/inst_ppmc_rgstr/un4_sel_com_7: 5 loads, 5
     LSLICEs
     Net stm09/ppmc_reg_S118M_inst/inst_ppmc_rgstr/com_cng_RNO_0: 1 loads, 1

                                    Page 8




Design:  SP0557                                        Date:  02/28/26  21:16:30

Design Summary (cont)
---------------------
     LSLICEs
     Net stm09/ppmc_reg_S118M_inst/inst_ppmc_rgstr/un1_sel_slow_l_7: 5 loads, 5
     LSLICEs
     Net stm09/ppmc_reg_S118M_inst/inst_ppmc_rgstr/un1_sel_slow_h_7: 5 loads, 5
     LSLICEs
     Net stm09/ppmc_reg_S118M_inst/inst_ppmc_rgstr/un1_sel_pls_l_7: 4 loads, 4
     LSLICEs
     Net stm09/ppmc_reg_S118M_inst/inst_ppmc_rgstr/un1_sel_pls_h_7: 4 loads, 4
     LSLICEs
     Net stm09/ppmc_reg_S118M_inst/inst_ppmc_rgstr/un1_sel_pre_7: 5 loads, 5
     LSLICEs
     Net stm09/ppmc_reg_S118M_inst/inst_ppmc_rgstr/un1_sel_mp_b_7: 2 loads, 2
     LSLICEs
     Net stm09/N_694: 4 loads, 4 LSLICEs
     Net stm09/ppmc_reg_S118M_inst/inst_ppmc_rgstr/un1_sel_more_l_7: 5 loads, 5
     LSLICEs
     Net stm09/ppmc_reg_S118M_inst/inst_ppmc_rgstr/un1_sel_more_h_7: 4 loads, 4
     LSLICEs
     Net stm09/ppmc_reg_S118M_inst/inst_ppmc_rgstr/un1_sel_l_mask_7: 5 loads, 5
     LSLICEs
     Net stm09/ppmc_reg_S118M_inst/inst_ppmc_rgstr/un1_sel_high_l_7: 5 loads, 5
     LSLICEs
     Net stm09/ppmc_reg_S118M_inst/inst_ppmc_rgstr/un1_sel_high_h_7: 5 loads, 5
     LSLICEs
     Net stm09/ppmc_reg_S118M_inst/inst_ppmc_rgstr/un1_sel_acc_h_7: 4 loads, 4
     LSLICEs
     Net stm09/ppmc_reg_S118M_inst/inst_ppmc_plsgen/ppmc_pls_cnt_inst/rege: 9
     loads, 9 LSLICEs
     Net
     stm09/ppmc_reg_S118M_inst/inst_ppmc_plsgen/ppmc_pls_cnt_inst/pre_pulsee: 5
     loads, 5 LSLICEs
     Net stm09/ppmc_reg_S118M_inst/inst_ppmc_plsgen/ppmc_pls_cnt_inst/reg: 1
     loads, 1 LSLICEs
     Net stm09/ppmc_reg_S118M_inst/inst_ppmc_plsgen/ppmc_speed_cnt_inst/un1_tm_c
     lr_1_sqmuxa_7: 1 loads, 1 LSLICEs
     Net stm08/ppmc_reg_S118M_inst/inst_ppmc_cmdchk/N_27: 1 loads, 1 LSLICEs
     Net stm08/ppmc_reg_S118M_inst/N_277_i: 19 loads, 19 LSLICEs
     Net stm08/ppmc_reg_S118M_inst/inst_ppmc_cmdchk/N_33: 1 loads, 1 LSLICEs
     Net stm08/ppmc_reg_S118M_inst/inst_ppmc_cmdchk/N_31: 1 loads, 1 LSLICEs
     Net stm08/ppmc_reg_S118M_inst/COMMAND_HIT: 2 loads, 2 LSLICEs
     Net stm08/ppmc_reg_S118M_inst/inst_ppmc_cmdchk/N_29: 1 loads, 1 LSLICEs
     Net stm08/ppmc_reg_S118M_inst/N_277_1_i: 27 loads, 27 LSLICEs
     Net stm08/ppmc_reg_S118M_inst/inst_ppmc_ctrl/un1_command_cng_6: 1 loads, 1
     LSLICEs
     Net stm08/ppmc_reg_S118M_inst/inst_ppmc_ctrl/acc_enb_RNO_0_6: 1 loads, 1
     LSLICEs
     Net stm08/ppmc_reg_S118M_inst/inst_ppmc_ctrl/up_down_RNO_0_6: 1 loads, 1
     LSLICEs
     Net stm08/ppmc_reg_S118M_inst/inst_ppmc_ctrl/N_59_i: 1 loads, 1 LSLICEs
     Net stm08/ppmc_reg_S118M_inst/inst_ppmc_ctrl/more_cnte: 9 loads, 9 LSLICEs
     Net stm08/ppmc_reg_S118M_inst/inst_ppmc_enblr/un7_enb_wait_1280us_6: 1
     loads, 1 LSLICEs
     Net stm08/ppmc_reg_S118M_inst/inst_ppmc_enblr/enb_wait_cnte: 9 loads, 9
     LSLICEs
     Net stm08/ppmc_reg_S118M_inst/inst_ppmc_rgstr/un1_sel_pls_h_6: 4 loads, 4
     LSLICEs

                                    Page 9




Design:  SP0557                                        Date:  02/28/26  21:16:30

Design Summary (cont)
---------------------
     Net stm08/ppmc_reg_S118M_inst/inst_ppmc_rgstr/un1_sel_acc_h_6: 5 loads, 5
     LSLICEs
     Net stm08/ppmc_reg_S118M_inst/inst_ppmc_rgstr/un1_sel_mp_a_6: 1 loads, 1
     LSLICEs
     Net stm08/ppmc_reg_S118M_inst/inst_ppmc_rgstr/un3_sel_com_5: 1 loads, 1
     LSLICEs
     Net stm08/ppmc_reg_S118M_inst/inst_ppmc_rgstr/un1_sel_slow_l_6: 5 loads, 5
     LSLICEs
     Net stm08/ppmc_reg_S118M_inst/inst_ppmc_rgstr/un1_sel_slow_h_6: 5 loads, 5
     LSLICEs
     Net stm08/ppmc_reg_S118M_inst/inst_ppmc_rgstr/un1_sel_pls_l_6: 4 loads, 4
     LSLICEs
     Net stm08/ppmc_reg_S118M_inst/inst_ppmc_rgstr/un1_sel_pre_6: 5 loads, 5
     LSLICEs
     Net stm08/ppmc_reg_S118M_inst/inst_ppmc_rgstr/un1_sel_mp_b_6: 2 loads, 2
     LSLICEs
     Net stm08/N_682: 4 loads, 4 LSLICEs
     Net stm08/N_683: 4 loads, 4 LSLICEs
     Net stm08/ppmc_reg_S118M_inst/inst_ppmc_rgstr/un1_sel_more_l_6: 5 loads, 5
     LSLICEs
     Net stm08/ppmc_reg_S118M_inst/inst_ppmc_rgstr/un1_sel_more_h_6: 4 loads, 4
     LSLICEs
     Net stm08/ppmc_reg_S118M_inst/inst_ppmc_rgstr/un1_sel_low_l_6: 5 loads, 5
     LSLICEs
     Net stm08/ppmc_reg_S118M_inst/inst_ppmc_rgstr/un1_sel_low_h_6: 5 loads, 5
     LSLICEs
     Net stm08/ppmc_reg_S118M_inst/inst_ppmc_rgstr/un1_sel_l_mask_6: 4 loads, 4
     LSLICEs
     Net stm08/ppmc_reg_S118M_inst/inst_ppmc_rgstr/un1_sel_high_l_6: 5 loads, 5
     LSLICEs
     Net stm08/ppmc_reg_S118M_inst/inst_ppmc_rgstr/un1_sel_high_h_6: 4 loads, 4
     LSLICEs
     Net stm08/ppmc_reg_S118M_inst/inst_ppmc_rgstr/un1_sel_ctrl2_6: 5 loads, 5
     LSLICEs
     Net stm08/ppmc_reg_S118M_inst/inst_ppmc_rgstr/un4_sel_com_6: 5 loads, 5
     LSLICEs
     Net stm08/ppmc_reg_S118M_inst/inst_ppmc_rgstr/un1_sel_acc_l_6: 5 loads, 5
     LSLICEs
     Net stm08/ppmc_reg_S118M_inst/inst_ppmc_plsgen/ppmc_pls_cnt_inst/rege: 9
     loads, 9 LSLICEs
     Net
     stm08/ppmc_reg_S118M_inst/inst_ppmc_plsgen/ppmc_pls_cnt_inst/pre_pulsee: 5
     loads, 5 LSLICEs
     Net stm08/ppmc_reg_S118M_inst/inst_ppmc_plsgen/ppmc_pls_cnt_inst/reg: 1
     loads, 1 LSLICEs
     Net stm08/ppmc_reg_S118M_inst/inst_ppmc_plsgen/ppmc_speed_cnt_inst/un1_tm_c
     lr_1_sqmuxa_6: 1 loads, 1 LSLICEs
     Net stm07/ppmc_reg_S118M_inst/inst_ppmc_cmdchk/N_27: 1 loads, 1 LSLICEs
     Net stm07/ppmc_reg_S118M_inst/N_277_i: 19 loads, 19 LSLICEs
     Net stm07/ppmc_reg_S118M_inst/inst_ppmc_cmdchk/N_33: 1 loads, 1 LSLICEs
     Net stm07/ppmc_reg_S118M_inst/inst_ppmc_cmdchk/N_31: 1 loads, 1 LSLICEs
     Net stm07/ppmc_reg_S118M_inst/COMMAND_HIT: 2 loads, 2 LSLICEs
     Net stm07/ppmc_reg_S118M_inst/inst_ppmc_cmdchk/N_29: 1 loads, 1 LSLICEs
     Net stm07/ppmc_reg_S118M_inst/N_277_1_i: 28 loads, 28 LSLICEs
     Net stm07/ppmc_reg_S118M_inst/inst_ppmc_ctrl/acc_enb_RNO_0_5: 1 loads, 1
     LSLICEs

                                   Page 10




Design:  SP0557                                        Date:  02/28/26  21:16:30

Design Summary (cont)
---------------------
     Net stm07/ppmc_reg_S118M_inst/inst_ppmc_ctrl/up_down_RNO_0_5: 1 loads, 1
     LSLICEs
     Net stm07/ppmc_reg_S118M_inst/inst_ppmc_ctrl/N_59_i: 1 loads, 1 LSLICEs
     Net stm07/ppmc_reg_S118M_inst/inst_ppmc_ctrl/more_cnte: 9 loads, 9 LSLICEs
     Net stm07/ppmc_reg_S118M_inst/inst_ppmc_ctrl/un1_command_cng_5: 1 loads, 1
     LSLICEs
     Net stm07/ppmc_reg_S118M_inst/inst_ppmc_enblr/un7_enb_wait_1280us_5: 1
     loads, 1 LSLICEs
     Net stm07/ppmc_reg_S118M_inst/inst_ppmc_enblr/enb_wait_cnte: 9 loads, 9
     LSLICEs
     Net stm07/ppmc_reg_S118M_inst/inst_ppmc_rgstr/un1_sel_more_h_5: 4 loads, 4
     LSLICEs
     Net stm07/ppmc_reg_S118M_inst/inst_ppmc_rgstr/un1_sel_pls_l_5: 4 loads, 4
     LSLICEs
     Net stm07/ppmc_reg_S118M_inst/inst_ppmc_rgstr/un1_sel_low_l_5: 4 loads, 4
     LSLICEs
     Net stm07/ppmc_reg_S118M_inst/inst_ppmc_rgstr/un1_sel_low_h_5: 5 loads, 5
     LSLICEs
     Net stm07/ppmc_reg_S118M_inst/inst_ppmc_rgstr/un1_sel_acc_h_5: 4 loads, 4
     LSLICEs
     Net stm07/ppmc_reg_S118M_inst/inst_ppmc_rgstr/un1_sel_ctrl2_5: 5 loads, 5
     LSLICEs
     Net stm07/ppmc_reg_S118M_inst/inst_ppmc_rgstr/un1_sel_mp_a_5: 1 loads, 1
     LSLICEs
     Net stm07/ppmc_reg_S118M_inst/inst_ppmc_rgstr/un3_sel_com_4: 1 loads, 1
     LSLICEs
     Net stm07/ppmc_reg_S118M_inst/inst_ppmc_rgstr/un1_sel_slow_l_5: 5 loads, 5
     LSLICEs
     Net stm07/ppmc_reg_S118M_inst/inst_ppmc_rgstr/un1_sel_slow_h_5: 5 loads, 5
     LSLICEs
     Net stm07/ppmc_reg_S118M_inst/inst_ppmc_rgstr/un1_sel_pls_h_5: 4 loads, 4
     LSLICEs
     Net stm07/ppmc_reg_S118M_inst/inst_ppmc_rgstr/un1_sel_pre_5: 4 loads, 4
     LSLICEs
     Net stm07/ppmc_reg_S118M_inst/inst_ppmc_rgstr/un1_sel_mp_b_5: 2 loads, 2
     LSLICEs
     Net stm07/N_671: 4 loads, 4 LSLICEs
     Net stm07/N_672: 4 loads, 4 LSLICEs
     Net stm07/ppmc_reg_S118M_inst/inst_ppmc_rgstr/un1_sel_more_l_5: 5 loads, 5
     LSLICEs
     Net stm07/ppmc_reg_S118M_inst/inst_ppmc_rgstr/un1_sel_l_mask_5: 5 loads, 5
     LSLICEs
     Net stm07/ppmc_reg_S118M_inst/inst_ppmc_rgstr/un1_sel_high_l_5: 5 loads, 5
     LSLICEs
     Net stm07/ppmc_reg_S118M_inst/inst_ppmc_rgstr/un1_sel_high_h_5: 5 loads, 5
     LSLICEs
     Net stm07/ppmc_reg_S118M_inst/inst_ppmc_rgstr/un4_sel_com_5: 5 loads, 5
     LSLICEs
     Net stm07/ppmc_reg_S118M_inst/inst_ppmc_rgstr/un1_sel_acc_l_5: 5 loads, 5
     LSLICEs
     Net stm07/ppmc_reg_S118M_inst/inst_ppmc_plsgen/ppmc_pls_cnt_inst/rege: 9
     loads, 9 LSLICEs
     Net
     stm07/ppmc_reg_S118M_inst/inst_ppmc_plsgen/ppmc_pls_cnt_inst/pre_pulsee: 5
     loads, 5 LSLICEs
     Net stm07/ppmc_reg_S118M_inst/inst_ppmc_plsgen/ppmc_pls_cnt_inst/reg: 1

                                   Page 11




Design:  SP0557                                        Date:  02/28/26  21:16:30

Design Summary (cont)
---------------------
     loads, 1 LSLICEs
     Net stm07/ppmc_reg_S118M_inst/inst_ppmc_plsgen/ppmc_speed_cnt_inst/un1_tm_c
     lr_1_sqmuxa_5: 1 loads, 1 LSLICEs
     Net stm06/ppmc_reg_S118M_inst/inst_ppmc_cmdchk/N_27: 1 loads, 1 LSLICEs
     Net stm06/ppmc_reg_S118M_inst/N_277_i: 19 loads, 19 LSLICEs
     Net stm06/ppmc_reg_S118M_inst/inst_ppmc_cmdchk/N_33: 1 loads, 1 LSLICEs
     Net stm06/ppmc_reg_S118M_inst/inst_ppmc_cmdchk/N_31: 1 loads, 1 LSLICEs
     Net stm06/ppmc_reg_S118M_inst/COMMAND_HIT: 2 loads, 2 LSLICEs
     Net stm06/ppmc_reg_S118M_inst/inst_ppmc_cmdchk/N_29: 1 loads, 1 LSLICEs
     Net stm06/ppmc_reg_S118M_inst/N_277_1_i: 28 loads, 28 LSLICEs
     Net stm06/ppmc_reg_S118M_inst/inst_ppmc_ctrl/un1_command_cng_4: 1 loads, 1
     LSLICEs
     Net stm06/ppmc_reg_S118M_inst/inst_ppmc_ctrl/acc_enb_RNO_0_4: 1 loads, 1
     LSLICEs
     Net stm06/ppmc_reg_S118M_inst/inst_ppmc_ctrl/up_down_RNO_0_4: 1 loads, 1
     LSLICEs
     Net stm06/ppmc_reg_S118M_inst/inst_ppmc_ctrl/N_59_i: 1 loads, 1 LSLICEs
     Net stm06/ppmc_reg_S118M_inst/inst_ppmc_ctrl/more_cnte: 9 loads, 9 LSLICEs
     Net stm06/ppmc_reg_S118M_inst/inst_ppmc_enblr/un7_enb_wait_1280us_4: 1
     loads, 1 LSLICEs
     Net stm06/ppmc_reg_S118M_inst/inst_ppmc_enblr/enb_wait_cnte: 9 loads, 9
     LSLICEs
     Net stm06/ppmc_reg_S118M_inst/inst_ppmc_rgstr/un1_sel_pls_l_4: 4 loads, 4
     LSLICEs
     Net stm06/ppmc_reg_S118M_inst/inst_ppmc_rgstr/un1_sel_slow_l_4: 5 loads, 5
     LSLICEs
     Net stm06/ppmc_reg_S118M_inst/inst_ppmc_rgstr/un1_sel_ctrl2_4: 5 loads, 5
     LSLICEs
     Net stm06/ppmc_reg_S118M_inst/inst_ppmc_rgstr/un1_sel_mp_a_4: 1 loads, 1
     LSLICEs
     Net stm06/ppmc_reg_S118M_inst/inst_ppmc_rgstr/un3_sel_com_3: 1 loads, 1
     LSLICEs
     Net stm06/ppmc_reg_S118M_inst/inst_ppmc_rgstr/un1_sel_slow_h_4: 5 loads, 5
     LSLICEs
     Net stm06/ppmc_reg_S118M_inst/inst_ppmc_rgstr/un1_sel_pls_h_4: 4 loads, 4
     LSLICEs
     Net stm06/ppmc_reg_S118M_inst/inst_ppmc_rgstr/un1_sel_pre_4: 4 loads, 4
     LSLICEs
     Net stm06/ppmc_reg_S118M_inst/inst_ppmc_rgstr/un1_sel_mp_b_4: 2 loads, 2
     LSLICEs
     Net stm06/N_661: 4 loads, 4 LSLICEs
     Net stm06/N_662: 5 loads, 5 LSLICEs
     Net stm06/ppmc_reg_S118M_inst/inst_ppmc_rgstr/un1_sel_more_l_4: 4 loads, 4
     LSLICEs
     Net stm06/ppmc_reg_S118M_inst/inst_ppmc_rgstr/un1_sel_more_h_4: 4 loads, 4
     LSLICEs
     Net stm06/ppmc_reg_S118M_inst/inst_ppmc_rgstr/un1_sel_low_l_4: 5 loads, 5
     LSLICEs
     Net stm06/ppmc_reg_S118M_inst/inst_ppmc_rgstr/un1_sel_low_h_4: 4 loads, 4
     LSLICEs
     Net stm06/ppmc_reg_S118M_inst/inst_ppmc_rgstr/un1_sel_l_mask_4: 5 loads, 5
     LSLICEs
     Net stm06/ppmc_reg_S118M_inst/inst_ppmc_rgstr/un1_sel_high_l_4: 5 loads, 5
     LSLICEs
     Net stm06/ppmc_reg_S118M_inst/inst_ppmc_rgstr/un1_sel_high_h_4: 5 loads, 5
     LSLICEs

                                   Page 12




Design:  SP0557                                        Date:  02/28/26  21:16:30

Design Summary (cont)
---------------------
     Net stm06/ppmc_reg_S118M_inst/inst_ppmc_rgstr/un4_sel_com_4: 5 loads, 5
     LSLICEs
     Net stm06/ppmc_reg_S118M_inst/inst_ppmc_rgstr/un1_sel_acc_l_4: 5 loads, 5
     LSLICEs
     Net stm06/ppmc_reg_S118M_inst/inst_ppmc_rgstr/un1_sel_acc_h_4: 4 loads, 4
     LSLICEs
     Net stm06/ppmc_reg_S118M_inst/inst_ppmc_plsgen/ppmc_pls_cnt_inst/rege: 9
     loads, 9 LSLICEs
     Net
     stm06/ppmc_reg_S118M_inst/inst_ppmc_plsgen/ppmc_pls_cnt_inst/pre_pulsee: 5
     loads, 5 LSLICEs
     Net stm06/ppmc_reg_S118M_inst/inst_ppmc_plsgen/ppmc_pls_cnt_inst/reg: 1
     loads, 1 LSLICEs
     Net stm06/ppmc_reg_S118M_inst/inst_ppmc_plsgen/ppmc_speed_cnt_inst/un1_tm_c
     lr_1_sqmuxa_4: 1 loads, 1 LSLICEs
     Net stm05/ppmc_reg_S118M_inst/inst_ppmc_cmdchk/N_27: 1 loads, 1 LSLICEs
     Net stm05/ppmc_reg_S118M_inst/N_277_i: 19 loads, 19 LSLICEs
     Net stm05/ppmc_reg_S118M_inst/inst_ppmc_cmdchk/N_33: 1 loads, 1 LSLICEs
     Net stm05/ppmc_reg_S118M_inst/inst_ppmc_cmdchk/N_31: 1 loads, 1 LSLICEs
     Net stm05/ppmc_reg_S118M_inst/COMMAND_HIT: 2 loads, 2 LSLICEs
     Net stm05/ppmc_reg_S118M_inst/inst_ppmc_cmdchk/N_29: 1 loads, 1 LSLICEs
     Net stm05/ppmc_reg_S118M_inst/N_277_1_i: 27 loads, 27 LSLICEs
     Net stm05/ppmc_reg_S118M_inst/inst_ppmc_ctrl/un1_command_cng_3: 1 loads, 1
     LSLICEs
     Net stm05/ppmc_reg_S118M_inst/inst_ppmc_ctrl/acc_enb_RNO_0_3: 1 loads, 1
     LSLICEs
     Net stm05/ppmc_reg_S118M_inst/inst_ppmc_ctrl/up_down_RNO_0_3: 1 loads, 1
     LSLICEs
     Net stm05/ppmc_reg_S118M_inst/inst_ppmc_ctrl/N_59_i: 1 loads, 1 LSLICEs
     Net stm05/ppmc_reg_S118M_inst/inst_ppmc_ctrl/more_cnte: 9 loads, 9 LSLICEs
     Net stm05/ppmc_reg_S118M_inst/inst_ppmc_enblr/un7_enb_wait_1280us_3: 1
     loads, 1 LSLICEs
     Net stm05/ppmc_reg_S118M_inst/inst_ppmc_enblr/enb_wait_cnte: 9 loads, 9
     LSLICEs
     Net stm05/ppmc_reg_S118M_inst/inst_ppmc_rgstr/un1_sel_acc_l_3: 4 loads, 4
     LSLICEs
     Net stm05/ppmc_reg_S118M_inst/inst_ppmc_rgstr/un1_sel_mp_a_3: 2 loads, 2
     LSLICEs
     Net stm05/ppmc_reg_S118M_inst/inst_ppmc_rgstr/un3_sel_com_2: 1 loads, 1
     LSLICEs
     Net stm05/ppmc_reg_S118M_inst/inst_ppmc_rgstr/un1_sel_slow_l_3: 5 loads, 5
     LSLICEs
     Net stm05/ppmc_reg_S118M_inst/inst_ppmc_rgstr/un1_sel_slow_h_3: 5 loads, 5
     LSLICEs
     Net stm05/ppmc_reg_S118M_inst/inst_ppmc_rgstr/un1_sel_pls_l_3: 4 loads, 4
     LSLICEs
     Net stm05/ppmc_reg_S118M_inst/inst_ppmc_rgstr/un1_sel_pls_h_3: 4 loads, 4
     LSLICEs
     Net stm05/ppmc_reg_S118M_inst/inst_ppmc_rgstr/un1_sel_pre_3: 4 loads, 4
     LSLICEs
     Net stm05/ppmc_reg_S118M_inst/inst_ppmc_rgstr/un1_sel_mp_b_3: 2 loads, 2
     LSLICEs
     Net stm05/N_652: 4 loads, 4 LSLICEs
     Net stm05/N_653: 4 loads, 4 LSLICEs
     Net stm05/ppmc_reg_S118M_inst/inst_ppmc_rgstr/un1_sel_more_l_3: 4 loads, 4
     LSLICEs

                                   Page 13




Design:  SP0557                                        Date:  02/28/26  21:16:30

Design Summary (cont)
---------------------
     Net stm05/ppmc_reg_S118M_inst/inst_ppmc_rgstr/un1_sel_more_h_3: 4 loads, 4
     LSLICEs
     Net stm05/ppmc_reg_S118M_inst/inst_ppmc_rgstr/un1_sel_low_l_3: 5 loads, 5
     LSLICEs
     Net stm05/ppmc_reg_S118M_inst/inst_ppmc_rgstr/un1_sel_low_h_3: 5 loads, 5
     LSLICEs
     Net stm05/ppmc_reg_S118M_inst/inst_ppmc_rgstr/un1_sel_l_mask_3: 5 loads, 5
     LSLICEs
     Net stm05/ppmc_reg_S118M_inst/inst_ppmc_rgstr/un1_sel_high_l_3: 5 loads, 5
     LSLICEs
     Net stm05/ppmc_reg_S118M_inst/inst_ppmc_rgstr/un1_sel_high_h_3: 5 loads, 5
     LSLICEs
     Net stm05/ppmc_reg_S118M_inst/inst_ppmc_rgstr/un1_sel_ctrl2_3: 5 loads, 5
     LSLICEs
     Net stm05/ppmc_reg_S118M_inst/inst_ppmc_rgstr/un4_sel_com_3: 5 loads, 5
     LSLICEs
     Net stm05/ppmc_reg_S118M_inst/inst_ppmc_rgstr/un1_sel_acc_h_3: 5 loads, 5
     LSLICEs
     Net stm05/ppmc_reg_S118M_inst/inst_ppmc_plsgen/ppmc_pls_cnt_inst/rege: 9
     loads, 9 LSLICEs
     Net
     stm05/ppmc_reg_S118M_inst/inst_ppmc_plsgen/ppmc_pls_cnt_inst/pre_pulsee: 5
     loads, 5 LSLICEs
     Net stm05/ppmc_reg_S118M_inst/inst_ppmc_plsgen/ppmc_pls_cnt_inst/reg: 1
     loads, 1 LSLICEs
     Net stm05/ppmc_reg_S118M_inst/inst_ppmc_plsgen/ppmc_speed_cnt_inst/un1_tm_c
     lr_1_sqmuxa_3: 1 loads, 1 LSLICEs
     Net stm04/ppmc_reg_S118M_inst/inst_ppmc_cmdchk/N_27: 1 loads, 1 LSLICEs
     Net stm04/ppmc_reg_S118M_inst/N_277_i: 20 loads, 20 LSLICEs
     Net stm04/ppmc_reg_S118M_inst/inst_ppmc_cmdchk/N_33: 1 loads, 1 LSLICEs
     Net stm04/ppmc_reg_S118M_inst/inst_ppmc_cmdchk/N_31: 1 loads, 1 LSLICEs
     Net stm04/ppmc_reg_S118M_inst/COMMAND_HIT: 2 loads, 2 LSLICEs
     Net stm04/ppmc_reg_S118M_inst/inst_ppmc_cmdchk/N_29: 1 loads, 1 LSLICEs
     Net stm04/ppmc_reg_S118M_inst/N_277_1_i: 27 loads, 27 LSLICEs
     Net stm04/ppmc_reg_S118M_inst/inst_ppmc_ctrl/un1_command_cng_2: 1 loads, 1
     LSLICEs
     Net stm04/ppmc_reg_S118M_inst/inst_ppmc_ctrl/acc_enb_RNO_0_2: 1 loads, 1
     LSLICEs
     Net stm04/ppmc_reg_S118M_inst/inst_ppmc_ctrl/up_down_RNO_0_2: 1 loads, 1
     LSLICEs
     Net stm04/ppmc_reg_S118M_inst/inst_ppmc_ctrl/N_59_i: 1 loads, 1 LSLICEs
     Net stm04/ppmc_reg_S118M_inst/inst_ppmc_ctrl/more_cnte: 9 loads, 9 LSLICEs
     Net stm04/ppmc_reg_S118M_inst/inst_ppmc_enblr/un7_enb_wait_1280us_2: 1
     loads, 1 LSLICEs
     Net stm04/ppmc_reg_S118M_inst/inst_ppmc_enblr/enb_wait_cnte: 9 loads, 9
     LSLICEs
     Net stm04/ppmc_reg_S118M_inst/inst_ppmc_rgstr/un1_sel_mp_a_2: 2 loads, 2
     LSLICEs
     Net stm04/ppmc_reg_S118M_inst/inst_ppmc_rgstr/un3_sel_com_1: 1 loads, 1
     LSLICEs
     Net stm04/ppmc_reg_S118M_inst/inst_ppmc_rgstr/un1_sel_slow_l_2: 5 loads, 5
     LSLICEs
     Net stm04/ppmc_reg_S118M_inst/inst_ppmc_rgstr/un1_sel_slow_h_2: 5 loads, 5
     LSLICEs
     Net stm04/ppmc_reg_S118M_inst/inst_ppmc_rgstr/un1_sel_pls_l_2: 4 loads, 4
     LSLICEs

                                   Page 14




Design:  SP0557                                        Date:  02/28/26  21:16:30

Design Summary (cont)
---------------------
     Net stm04/ppmc_reg_S118M_inst/inst_ppmc_rgstr/un1_sel_pls_h_2: 4 loads, 4
     LSLICEs
     Net stm04/ppmc_reg_S118M_inst/inst_ppmc_rgstr/un1_sel_pre_2: 5 loads, 5
     LSLICEs
     Net stm04/ppmc_reg_S118M_inst/inst_ppmc_rgstr/un1_sel_mp_b_2: 2 loads, 2
     LSLICEs
     Net stm04/N_641: 4 loads, 4 LSLICEs
     Net stm04/N_642: 5 loads, 5 LSLICEs
     Net stm04/ppmc_reg_S118M_inst/inst_ppmc_rgstr/un1_sel_more_l_2: 5 loads, 5
     LSLICEs
     Net stm04/ppmc_reg_S118M_inst/inst_ppmc_rgstr/un1_sel_more_h_2: 5 loads, 5
     LSLICEs
     Net stm04/ppmc_reg_S118M_inst/inst_ppmc_rgstr/un1_sel_low_l_2: 5 loads, 5
     LSLICEs
     Net stm04/ppmc_reg_S118M_inst/inst_ppmc_rgstr/un1_sel_low_h_2: 5 loads, 5
     LSLICEs
     Net stm04/ppmc_reg_S118M_inst/inst_ppmc_rgstr/un1_sel_l_mask_2: 4 loads, 4
     LSLICEs
     Net stm04/ppmc_reg_S118M_inst/inst_ppmc_rgstr/un1_sel_high_l_2: 5 loads, 5
     LSLICEs
     Net stm04/ppmc_reg_S118M_inst/inst_ppmc_rgstr/un1_sel_high_h_2: 4 loads, 4
     LSLICEs
     Net stm04/ppmc_reg_S118M_inst/inst_ppmc_rgstr/un1_sel_ctrl2_2: 5 loads, 5
     LSLICEs
     Net stm04/ppmc_reg_S118M_inst/inst_ppmc_rgstr/un4_sel_com_2: 5 loads, 5
     LSLICEs
     Net stm04/ppmc_reg_S118M_inst/inst_ppmc_rgstr/un1_sel_acc_l_2: 5 loads, 5
     LSLICEs
     Net stm04/ppmc_reg_S118M_inst/inst_ppmc_rgstr/un1_sel_acc_h_2: 4 loads, 4
     LSLICEs
     Net stm04/ppmc_reg_S118M_inst/inst_ppmc_plsgen/ppmc_pls_cnt_inst/rege: 9
     loads, 9 LSLICEs
     Net
     stm04/ppmc_reg_S118M_inst/inst_ppmc_plsgen/ppmc_pls_cnt_inst/pre_pulsee: 5
     loads, 5 LSLICEs
     Net stm04/ppmc_reg_S118M_inst/inst_ppmc_plsgen/ppmc_pls_cnt_inst/reg: 1
     loads, 1 LSLICEs
     Net stm04/ppmc_reg_S118M_inst/inst_ppmc_plsgen/ppmc_speed_cnt_inst/un1_tm_c
     lr_1_sqmuxa_2: 1 loads, 1 LSLICEs
     Net stm03/ppmc_reg_S118M_inst/inst_ppmc_cmdchk/N_27: 1 loads, 1 LSLICEs
     Net stm03/ppmc_reg_S118M_inst/N_277_i: 19 loads, 19 LSLICEs
     Net stm03/ppmc_reg_S118M_inst/inst_ppmc_cmdchk/N_33: 1 loads, 1 LSLICEs
     Net stm03/ppmc_reg_S118M_inst/inst_ppmc_cmdchk/N_31: 1 loads, 1 LSLICEs
     Net stm03/ppmc_reg_S118M_inst/COMMAND_HIT: 2 loads, 2 LSLICEs
     Net stm03/ppmc_reg_S118M_inst/inst_ppmc_cmdchk/N_29: 1 loads, 1 LSLICEs
     Net stm03/ppmc_reg_S118M_inst/N_277_1_i: 28 loads, 28 LSLICEs
     Net stm03/ppmc_reg_S118M_inst/inst_ppmc_ctrl/un1_command_cng_1: 1 loads, 1
     LSLICEs
     Net stm03/ppmc_reg_S118M_inst/inst_ppmc_ctrl/acc_enb_RNO_0_1: 1 loads, 1
     LSLICEs
     Net stm03/ppmc_reg_S118M_inst/inst_ppmc_ctrl/up_down_RNO_0_1: 1 loads, 1
     LSLICEs
     Net stm03/ppmc_reg_S118M_inst/inst_ppmc_ctrl/N_59_i: 1 loads, 1 LSLICEs
     Net stm03/ppmc_reg_S118M_inst/inst_ppmc_ctrl/more_cnte: 9 loads, 9 LSLICEs
     Net stm03/ppmc_reg_S118M_inst/inst_ppmc_enblr/un7_enb_wait_1280us_1: 1
     loads, 1 LSLICEs

                                   Page 15




Design:  SP0557                                        Date:  02/28/26  21:16:30

Design Summary (cont)
---------------------
     Net stm03/ppmc_reg_S118M_inst/inst_ppmc_enblr/enb_wait_cnte: 9 loads, 9
     LSLICEs
     Net stm03/ppmc_reg_S118M_inst/inst_ppmc_rgstr/un1_sel_more_h_1: 5 loads, 5
     LSLICEs
     Net stm03/ppmc_reg_S118M_inst/inst_ppmc_rgstr/un1_sel_acc_h_1: 5 loads, 5
     LSLICEs
     Net stm03/ppmc_reg_S118M_inst/inst_ppmc_rgstr/un1_sel_slow_l_1: 4 loads, 4
     LSLICEs
     Net stm03/ppmc_reg_S118M_inst/inst_ppmc_rgstr/un1_sel_mp_a_1: 2 loads, 2
     LSLICEs
     Net stm03/ppmc_reg_S118M_inst/inst_ppmc_rgstr/un4_sel_com_1: 5 loads, 5
     LSLICEs
     Net stm03/ppmc_reg_S118M_inst/inst_ppmc_rgstr/com_cng_RNO: 1 loads, 1
     LSLICEs
     Net stm03/ppmc_reg_S118M_inst/inst_ppmc_rgstr/un1_sel_slow_h_1: 5 loads, 5
     LSLICEs
     Net stm03/ppmc_reg_S118M_inst/inst_ppmc_rgstr/un1_sel_pls_l_1: 4 loads, 4
     LSLICEs
     Net stm03/ppmc_reg_S118M_inst/inst_ppmc_rgstr/un1_sel_pls_h_1: 4 loads, 4
     LSLICEs
     Net stm03/ppmc_reg_S118M_inst/inst_ppmc_rgstr/un1_sel_pre_1: 5 loads, 5
     LSLICEs
     Net stm03/ppmc_reg_S118M_inst/inst_ppmc_rgstr/un1_sel_mp_b_1: 2 loads, 2
     LSLICEs
     Net stm03/N_630: 4 loads, 4 LSLICEs
     Net stm03/N_631: 4 loads, 4 LSLICEs
     Net stm03/ppmc_reg_S118M_inst/inst_ppmc_rgstr/un1_sel_more_l_1: 5 loads, 5
     LSLICEs
     Net stm03/ppmc_reg_S118M_inst/inst_ppmc_rgstr/un1_sel_low_l_1: 5 loads, 5
     LSLICEs
     Net stm03/ppmc_reg_S118M_inst/inst_ppmc_rgstr/un1_sel_low_h_1: 5 loads, 5
     LSLICEs
     Net stm03/ppmc_reg_S118M_inst/inst_ppmc_rgstr/un1_sel_l_mask_1: 5 loads, 5
     LSLICEs
     Net stm03/ppmc_reg_S118M_inst/inst_ppmc_rgstr/un1_sel_high_l_1: 5 loads, 5
     LSLICEs
     Net stm03/ppmc_reg_S118M_inst/inst_ppmc_rgstr/un1_sel_high_h_1: 4 loads, 4
     LSLICEs
     Net stm03/ppmc_reg_S118M_inst/inst_ppmc_rgstr/un1_sel_ctrl2_1: 5 loads, 5
     LSLICEs
     Net stm03/ppmc_reg_S118M_inst/inst_ppmc_rgstr/un1_sel_acc_l_1: 5 loads, 5
     LSLICEs
     Net stm03/ppmc_reg_S118M_inst/inst_ppmc_plsgen/ppmc_pls_cnt_inst/rege: 9
     loads, 9 LSLICEs
     Net
     stm03/ppmc_reg_S118M_inst/inst_ppmc_plsgen/ppmc_pls_cnt_inst/pre_pulsee: 5
     loads, 5 LSLICEs
     Net stm03/ppmc_reg_S118M_inst/inst_ppmc_plsgen/ppmc_pls_cnt_inst/reg: 1
     loads, 1 LSLICEs
     Net stm03/ppmc_reg_S118M_inst/inst_ppmc_plsgen/ppmc_speed_cnt_inst/un1_tm_c
     lr_1_sqmuxa_1: 1 loads, 1 LSLICEs
     Net stm02/ppmc_reg_S118M_inst/inst_ppmc_cmdchk/N_27: 1 loads, 1 LSLICEs
     Net stm02/ppmc_reg_S118M_inst/N_277_i: 19 loads, 19 LSLICEs
     Net stm02/ppmc_reg_S118M_inst/inst_ppmc_cmdchk/N_33: 1 loads, 1 LSLICEs
     Net stm02/ppmc_reg_S118M_inst/inst_ppmc_cmdchk/N_31: 1 loads, 1 LSLICEs
     Net stm02/ppmc_reg_S118M_inst/COMMAND_HIT: 2 loads, 2 LSLICEs

                                   Page 16




Design:  SP0557                                        Date:  02/28/26  21:16:30

Design Summary (cont)
---------------------
     Net stm02/ppmc_reg_S118M_inst/inst_ppmc_cmdchk/N_29: 1 loads, 1 LSLICEs
     Net stm02/ppmc_reg_S118M_inst/N_277_1_i: 28 loads, 28 LSLICEs
     Net stm02/ppmc_reg_S118M_inst/inst_ppmc_ctrl/un1_command_cng_0: 1 loads, 1
     LSLICEs
     Net stm02/ppmc_reg_S118M_inst/inst_ppmc_ctrl/acc_enb_RNO_0_0: 1 loads, 1
     LSLICEs
     Net stm02/ppmc_reg_S118M_inst/inst_ppmc_ctrl/up_down_RNO_0_0: 1 loads, 1
     LSLICEs
     Net stm02/ppmc_reg_S118M_inst/inst_ppmc_ctrl/N_59_i: 1 loads, 1 LSLICEs
     Net stm02/ppmc_reg_S118M_inst/inst_ppmc_ctrl/more_cnte: 9 loads, 9 LSLICEs
     Net stm02/ppmc_reg_S118M_inst/inst_ppmc_enblr/un7_enb_wait_1280us_0: 1
     loads, 1 LSLICEs
     Net stm02/ppmc_reg_S118M_inst/inst_ppmc_enblr/enb_wait_cnte: 9 loads, 9
     LSLICEs
     Net stm02/ppmc_reg_S118M_inst/inst_ppmc_rgstr/un1_sel_low_l_0: 5 loads, 5
     LSLICEs
     Net stm02/ppmc_reg_S118M_inst/inst_ppmc_rgstr/un1_sel_low_h_0: 5 loads, 5
     LSLICEs
     Net stm02/ppmc_reg_S118M_inst/inst_ppmc_rgstr/un1_sel_acc_l_0: 5 loads, 5
     LSLICEs
     Net stm02/ppmc_reg_S118M_inst/inst_ppmc_rgstr/un1_sel_mp_a_0: 1 loads, 1
     LSLICEs
     Net stm02/ppmc_reg_S118M_inst/inst_ppmc_rgstr/un3_sel_com_0: 1 loads, 1
     LSLICEs
     Net stm02/ppmc_reg_S118M_inst/inst_ppmc_rgstr/un1_sel_slow_l_0: 5 loads, 5
     LSLICEs
     Net stm02/ppmc_reg_S118M_inst/inst_ppmc_rgstr/un1_sel_slow_h_0: 4 loads, 4
     LSLICEs
     Net stm02/ppmc_reg_S118M_inst/inst_ppmc_rgstr/un1_sel_pls_l_0: 4 loads, 4
     LSLICEs
     Net stm02/ppmc_reg_S118M_inst/inst_ppmc_rgstr/un1_sel_pls_h_0: 4 loads, 4
     LSLICEs
     Net stm02/ppmc_reg_S118M_inst/inst_ppmc_rgstr/un1_sel_pre_0: 5 loads, 5
     LSLICEs
     Net stm02/ppmc_reg_S118M_inst/inst_ppmc_rgstr/un1_sel_mp_b_0: 2 loads, 2
     LSLICEs
     Net stm02/N_619: 4 loads, 4 LSLICEs
     Net stm02/N_620: 5 loads, 5 LSLICEs
     Net stm02/ppmc_reg_S118M_inst/inst_ppmc_rgstr/un1_sel_more_l_0: 4 loads, 4
     LSLICEs
     Net stm02/ppmc_reg_S118M_inst/inst_ppmc_rgstr/un1_sel_more_h_0: 4 loads, 4
     LSLICEs
     Net stm02/ppmc_reg_S118M_inst/inst_ppmc_rgstr/un1_sel_l_mask_0: 4 loads, 4
     LSLICEs
     Net stm02/ppmc_reg_S118M_inst/inst_ppmc_rgstr/un1_sel_high_l_0: 5 loads, 5
     LSLICEs
     Net stm02/ppmc_reg_S118M_inst/inst_ppmc_rgstr/un1_sel_high_h_0: 4 loads, 4
     LSLICEs
     Net stm02/ppmc_reg_S118M_inst/inst_ppmc_rgstr/un1_sel_ctrl2_0: 5 loads, 5
     LSLICEs
     Net stm02/ppmc_reg_S118M_inst/inst_ppmc_rgstr/un4_sel_com_0: 5 loads, 5
     LSLICEs
     Net stm02/ppmc_reg_S118M_inst/inst_ppmc_rgstr/un1_sel_acc_h_0: 4 loads, 4
     LSLICEs
     Net stm02/ppmc_reg_S118M_inst/inst_ppmc_plsgen/ppmc_pls_cnt_inst/rege: 9
     loads, 9 LSLICEs

                                   Page 17




Design:  SP0557                                        Date:  02/28/26  21:16:30

Design Summary (cont)
---------------------
     Net
     stm02/ppmc_reg_S118M_inst/inst_ppmc_plsgen/ppmc_pls_cnt_inst/pre_pulsee: 5
     loads, 5 LSLICEs
     Net stm02/ppmc_reg_S118M_inst/inst_ppmc_plsgen/ppmc_pls_cnt_inst/reg: 1
     loads, 1 LSLICEs
     Net stm02/ppmc_reg_S118M_inst/inst_ppmc_plsgen/ppmc_speed_cnt_inst/un1_tm_c
     lr_1_sqmuxa_0: 1 loads, 1 LSLICEs
     Net stm01/ppmc_reg_S118M_inst/inst_ppmc_cmdchk/N_27: 1 loads, 1 LSLICEs
     Net stm01/ppmc_reg_S118M_inst/N_277_i: 19 loads, 19 LSLICEs
     Net stm01/ppmc_reg_S118M_inst/inst_ppmc_cmdchk/N_33: 1 loads, 1 LSLICEs
     Net stm01/ppmc_reg_S118M_inst/inst_ppmc_cmdchk/N_31: 1 loads, 1 LSLICEs
     Net stm01/ppmc_reg_S118M_inst/COMMAND_HIT: 2 loads, 2 LSLICEs
     Net stm01/ppmc_reg_S118M_inst/inst_ppmc_cmdchk/N_29: 1 loads, 1 LSLICEs
     Net stm01/ppmc_reg_S118M_inst/N_277_1_i: 28 loads, 28 LSLICEs
     Net stm01/ppmc_reg_S118M_inst/inst_ppmc_ctrl/un1_command_cng: 1 loads, 1
     LSLICEs
     Net stm01/ppmc_reg_S118M_inst/inst_ppmc_ctrl/acc_enb_RNO_0: 1 loads, 1
     LSLICEs
     Net stm01/ppmc_reg_S118M_inst/inst_ppmc_ctrl/up_down_RNO_0: 1 loads, 1
     LSLICEs
     Net stm01/ppmc_reg_S118M_inst/inst_ppmc_ctrl/N_59_i: 1 loads, 1 LSLICEs
     Net stm01/ppmc_reg_S118M_inst/inst_ppmc_ctrl/more_cnte: 9 loads, 9 LSLICEs
     Net stm01/N_608: 4 loads, 4 LSLICEs
     Net stm01/ppmc_reg_S118M_inst/inst_ppmc_enblr/un7_enb_wait_1280us: 1 loads,
     1 LSLICEs
     Net stm01/ppmc_reg_S118M_inst/inst_ppmc_enblr/enb_wait_cnte: 9 loads, 9
     LSLICEs
     Net stm01/ppmc_reg_S118M_inst/inst_ppmc_rgstr/un1_sel_acc_l: 5 loads, 5
     LSLICEs
     Net stm01/ppmc_reg_S118M_inst/inst_ppmc_rgstr/un1_sel_mp_a: 2 loads, 2
     LSLICEs
     Net stm01/ppmc_reg_S118M_inst/inst_ppmc_rgstr/un3_sel_com: 1 loads, 1
     LSLICEs
     Net stm01/ppmc_reg_S118M_inst/inst_ppmc_rgstr/un1_sel_slow_l: 5 loads, 5
     LSLICEs
     Net stm01/ppmc_reg_S118M_inst/inst_ppmc_rgstr/un1_sel_slow_h: 4 loads, 4
     LSLICEs
     Net stm01/ppmc_reg_S118M_inst/inst_ppmc_rgstr/un1_sel_pls_l: 4 loads, 4
     LSLICEs
     Net stm01/ppmc_reg_S118M_inst/inst_ppmc_rgstr/un1_sel_pls_h: 4 loads, 4
     LSLICEs
     Net stm01/ppmc_reg_S118M_inst/inst_ppmc_rgstr/un1_sel_pre: 5 loads, 5
     LSLICEs
     Net stm01/ppmc_reg_S118M_inst/inst_ppmc_rgstr/un1_sel_mp_b: 2 loads, 2
     LSLICEs
     Net stm01/N_609: 5 loads, 5 LSLICEs
     Net stm01/ppmc_reg_S118M_inst/inst_ppmc_rgstr/un1_sel_more_l: 5 loads, 5
     LSLICEs
     Net stm01/ppmc_reg_S118M_inst/inst_ppmc_rgstr/un1_sel_more_h: 4 loads, 4
     LSLICEs
     Net stm01/ppmc_reg_S118M_inst/inst_ppmc_rgstr/un1_sel_low_l: 5 loads, 5
     LSLICEs
     Net stm01/ppmc_reg_S118M_inst/inst_ppmc_rgstr/un1_sel_low_h: 4 loads, 4
     LSLICEs
     Net stm01/ppmc_reg_S118M_inst/inst_ppmc_rgstr/un1_sel_l_mask: 5 loads, 5
     LSLICEs

                                   Page 18




Design:  SP0557                                        Date:  02/28/26  21:16:30

Design Summary (cont)
---------------------
     Net stm01/ppmc_reg_S118M_inst/inst_ppmc_rgstr/un1_sel_high_l: 5 loads, 5
     LSLICEs
     Net stm01/ppmc_reg_S118M_inst/inst_ppmc_rgstr/un1_sel_high_h: 5 loads, 5
     LSLICEs
     Net stm01/ppmc_reg_S118M_inst/inst_ppmc_rgstr/un1_sel_ctrl2: 5 loads, 5
     LSLICEs
     Net stm01/ppmc_reg_S118M_inst/inst_ppmc_rgstr/un4_sel_com: 5 loads, 5
     LSLICEs
     Net stm01/ppmc_reg_S118M_inst/inst_ppmc_rgstr/un1_sel_acc_h: 4 loads, 4
     LSLICEs
     Net stm01/ppmc_reg_S118M_inst/inst_ppmc_plsgen/ppmc_pls_cnt_inst/rege: 9
     loads, 9 LSLICEs
     Net
     stm01/ppmc_reg_S118M_inst/inst_ppmc_plsgen/ppmc_pls_cnt_inst/pre_pulsee: 5
     loads, 5 LSLICEs
     Net stm01/ppmc_reg_S118M_inst/inst_ppmc_plsgen/ppmc_pls_cnt_inst/reg: 1
     loads, 1 LSLICEs
     Net stm01/ppmc_reg_S118M_inst/inst_ppmc_plsgen/ppmc_speed_cnt_inst/un1_tm_c
     lr_1_sqmuxa: 1 loads, 1 LSLICEs
     Net pls_sens_inst/s_SNS_SIGce[0]: 1 loads, 1 LSLICEs
     Net pls_sens_inst/s_SNS_SIGce[1]: 1 loads, 1 LSLICEs
     Net pls_sens_inst/s_SNS_SIGce[2]: 1 loads, 1 LSLICEs
     Net pls_sens_inst/s_SNS_SIGce[3]: 1 loads, 1 LSLICEs
     Net pls_sens_inst/s_SNS_SIGce[4]: 1 loads, 1 LSLICEs
     Net pls_sens_inst/s_SNS_SIGce[5]: 1 loads, 1 LSLICEs
     Net pls_sens_inst/s_SNS_SIGce[6]: 1 loads, 1 LSLICEs
     Net pls_sens_inst/s_SNS_SIGce[7]: 1 loads, 1 LSLICEs
     Net s_CKEN1k: 4 loads, 4 LSLICEs
     Net ENC_inst/enc_func.4.enc_top_inst/U_enc_lmt/un2_s_stmst_pls_1sh_2_i: 1
     loads, 1 LSLICEs
     Net ENC_inst/enc_func.4.enc_top_inst/encoder_inst/N_14_i: 5 loads, 5
     LSLICEs
     Net ENC_inst/enc_func.4.enc_top_inst/encoder_inst/s_ph_b_RNO_11: 1 loads, 1
     LSLICEs
     Net ENC_inst/enc_func.4.enc_top_inst/encoder_inst/N_17_i: 5 loads, 5
     LSLICEs
     Net ENC_inst/enc_func.4.enc_top_inst/encoder_inst/s_ph_a_RNO_11: 1 loads, 1
     LSLICEs
     Net ENC_inst/enc_func.7.enc_top_inst/U_enc_lmt/un2_s_stmst_pls_1sh_2_i: 1
     loads, 1 LSLICEs
     Net ENC_inst/enc_func.7.enc_top_inst/encoder_inst/N_14_i: 5 loads, 5
     LSLICEs
     Net ENC_inst/enc_func.7.enc_top_inst/encoder_inst/s_ph_b_RNO_10: 1 loads, 1
     LSLICEs
     Net ENC_inst/enc_func.7.enc_top_inst/encoder_inst/N_17_i: 5 loads, 5
     LSLICEs
     Net ENC_inst/enc_func.7.enc_top_inst/encoder_inst/s_ph_a_RNO_10: 1 loads, 1
     LSLICEs
     Net ENC_inst/enc_func.10.enc_top_inst/U_enc_lmt/un2_s_stmst_pls_1sh_2_i: 1
     loads, 1 LSLICEs
     Net ENC_inst/enc_func.10.enc_top_inst/encoder_inst/N_14_i: 5 loads, 5
     LSLICEs
     Net ENC_inst/enc_func.10.enc_top_inst/encoder_inst/s_ph_b_RNO_9: 1 loads, 1
     LSLICEs
     Net ENC_inst/enc_func.10.enc_top_inst/encoder_inst/N_17_i: 5 loads, 5
     LSLICEs

                                   Page 19




Design:  SP0557                                        Date:  02/28/26  21:16:30

Design Summary (cont)
---------------------
     Net ENC_inst/enc_func.10.enc_top_inst/encoder_inst/s_ph_a_RNO_9: 1 loads, 1
     LSLICEs
     Net ENC_inst/enc_func.13.enc_top_inst/U_enc_lmt/un2_s_stmst_pls_1sh_2_i: 1
     loads, 1 LSLICEs
     Net ENC_inst/enc_func.13.enc_top_inst/encoder_inst/N_14_i: 5 loads, 5
     LSLICEs
     Net ENC_inst/enc_func.13.enc_top_inst/encoder_inst/s_ph_b_RNO_8: 1 loads, 1
     LSLICEs
     Net ENC_inst/enc_func.13.enc_top_inst/encoder_inst/N_17_i: 5 loads, 5
     LSLICEs
     Net ENC_inst/enc_func.13.enc_top_inst/encoder_inst/s_ph_a_RNO_8: 1 loads, 1
     LSLICEs
     Net ENC_inst/enc_func.3.enc_top_inst/U_enc_lmt/un2_s_stmst_pls_1sh_2_i: 1
     loads, 1 LSLICEs
     Net ENC_inst/enc_func.3.enc_top_inst/encoder_inst/N_14_i: 5 loads, 5
     LSLICEs
     Net ENC_inst/enc_func.3.enc_top_inst/encoder_inst/s_ph_b_RNO_7: 1 loads, 1
     LSLICEs
     Net ENC_inst/enc_func.3.enc_top_inst/encoder_inst/N_17_i: 5 loads, 5
     LSLICEs
     Net ENC_inst/enc_func.3.enc_top_inst/encoder_inst/s_ph_a_RNO_7: 1 loads, 1
     LSLICEs
     Net ENC_inst/enc_func.6.enc_top_inst/U_enc_lmt/un2_s_stmst_pls_1sh_2_i: 1
     loads, 1 LSLICEs
     Net ENC_inst/enc_func.6.enc_top_inst/encoder_inst/N_14_i: 5 loads, 5
     LSLICEs
     Net ENC_inst/enc_func.6.enc_top_inst/encoder_inst/s_ph_b_RNO_6: 1 loads, 1
     LSLICEs
     Net ENC_inst/enc_func.6.enc_top_inst/encoder_inst/N_17_i: 5 loads, 5
     LSLICEs
     Net ENC_inst/enc_func.6.enc_top_inst/encoder_inst/s_ph_a_RNO_6: 1 loads, 1
     LSLICEs
     Net ENC_inst/enc_func.9.enc_top_inst/U_enc_lmt/un2_s_stmst_pls_1sh_2_i: 1
     loads, 1 LSLICEs
     Net ENC_inst/enc_func.9.enc_top_inst/encoder_inst/N_14_i: 5 loads, 5
     LSLICEs
     Net ENC_inst/enc_func.9.enc_top_inst/encoder_inst/s_ph_b_RNO_5: 1 loads, 1
     LSLICEs
     Net ENC_inst/enc_func.9.enc_top_inst/encoder_inst/N_17_i: 5 loads, 5
     LSLICEs
     Net ENC_inst/enc_func.9.enc_top_inst/encoder_inst/s_ph_a_RNO_5: 1 loads, 1
     LSLICEs
     Net ENC_inst/enc_func.12.enc_top_inst/U_enc_lmt/un2_s_stmst_pls_1sh_2_i: 1
     loads, 1 LSLICEs
     Net ENC_inst/enc_func.12.enc_top_inst/encoder_inst/N_14_i: 5 loads, 5
     LSLICEs
     Net ENC_inst/enc_func.12.enc_top_inst/encoder_inst/s_ph_b_RNO_4: 1 loads, 1
     LSLICEs
     Net ENC_inst/enc_func.12.enc_top_inst/encoder_inst/N_17_i: 5 loads, 5
     LSLICEs
     Net ENC_inst/enc_func.12.enc_top_inst/encoder_inst/s_ph_a_RNO_4: 1 loads, 1
     LSLICEs
     Net ENC_inst/enc_func.2.enc_top_inst/U_enc_lmt/un2_s_stmst_pls_1sh_2_i: 1
     loads, 1 LSLICEs
     Net ENC_inst/enc_func.2.enc_top_inst/encoder_inst/N_14_i: 5 loads, 5
     LSLICEs

                                   Page 20




Design:  SP0557                                        Date:  02/28/26  21:16:30

Design Summary (cont)
---------------------
     Net ENC_inst/enc_func.2.enc_top_inst/encoder_inst/s_ph_b_RNO_3: 1 loads, 1
     LSLICEs
     Net ENC_inst/enc_func.2.enc_top_inst/encoder_inst/N_17_i: 5 loads, 5
     LSLICEs
     Net ENC_inst/enc_func.2.enc_top_inst/encoder_inst/s_ph_a_RNO_3: 1 loads, 1
     LSLICEs
     Net ENC_inst/enc_func.5.enc_top_inst/U_enc_lmt/un2_s_stmst_pls_1sh_2_i: 1
     loads, 1 LSLICEs
     Net ENC_inst/enc_func.5.enc_top_inst/encoder_inst/N_14_i: 5 loads, 5
     LSLICEs
     Net ENC_inst/enc_func.5.enc_top_inst/encoder_inst/s_ph_b_RNO_2: 1 loads, 1
     LSLICEs
     Net ENC_inst/enc_func.5.enc_top_inst/encoder_inst/N_17_i: 5 loads, 5
     LSLICEs
     Net ENC_inst/enc_func.5.enc_top_inst/encoder_inst/s_ph_a_RNO_2: 1 loads, 1
     LSLICEs
     Net ENC_inst/enc_func.8.enc_top_inst/U_enc_lmt/un2_s_stmst_pls_1sh_2_i: 1
     loads, 1 LSLICEs
     Net ENC_inst/enc_func.8.enc_top_inst/encoder_inst/N_14_i: 5 loads, 5
     LSLICEs
     Net ENC_inst/enc_func.8.enc_top_inst/encoder_inst/s_ph_b_RNO_1: 1 loads, 1
     LSLICEs
     Net ENC_inst/enc_func.8.enc_top_inst/encoder_inst/N_17_i: 5 loads, 5
     LSLICEs
     Net ENC_inst/enc_func.8.enc_top_inst/encoder_inst/s_ph_a_RNO_1: 1 loads, 1
     LSLICEs
     Net ENC_inst/enc_func.11.enc_top_inst/U_enc_lmt/un2_s_stmst_pls_1sh_2_i: 1
     loads, 1 LSLICEs
     Net ENC_inst/enc_func.11.enc_top_inst/encoder_inst/N_14_i: 5 loads, 5
     LSLICEs
     Net ENC_inst/enc_func.11.enc_top_inst/encoder_inst/s_ph_b_RNO_0: 1 loads, 1
     LSLICEs
     Net ENC_inst/enc_func.11.enc_top_inst/encoder_inst/N_17_i: 5 loads, 5
     LSLICEs
     Net ENC_inst/enc_func.11.enc_top_inst/encoder_inst/s_ph_a_RNO_0: 1 loads, 1
     LSLICEs
     Net ENC_inst/enc_func.1.enc_top_inst/U_enc_lmt/un2_s_stmst_pls_1sh_2_i: 1
     loads, 1 LSLICEs
     Net ENC_inst/enc_func.1.enc_top_inst/encoder_inst/N_14_i: 5 loads, 5
     LSLICEs
     Net ENC_inst/enc_func.1.enc_top_inst/encoder_inst/s_ph_b_RNO: 1 loads, 1
     LSLICEs
     Net ENC_inst/enc_func.1.enc_top_inst/encoder_inst/N_17_i: 5 loads, 5
     LSLICEs
     Net ENC_inst/enc_func.1.enc_top_inst/encoder_inst/s_ph_a_RNO: 1 loads, 1
     LSLICEs
     Net LEDLT/N_26_i: 5 loads, 5 LSLICEs
     Net s_CKEN5M: 6 loads, 6 LSLICEs
     Net LEDLT/N_27_i: 5 loads, 5 LSLICEs
     Net LEDLT/TLC5916/s_cnte: 3 loads, 3 LSLICEs
     Net LEDLT/un1_s_tlc5916_fin: 1 loads, 1 LSLICEs
     Net LEDLT/un1_s_ad8402_fin_0: 1 loads, 1 LSLICEs
     Net ADC_CONT/adc_reg_inst/s_REG2_1_sqmuxa: 6 loads, 6 LSLICEs
     Net ADC_CONT/adc_reg_inst/s_REG1_0_sqmuxa: 6 loads, 6 LSLICEs
     Net ADC_CONT/adif_seq_inst/un1_adcsb5_i: 2 loads, 2 LSLICEs
     Net U_DAC43608_top/U03/N_616: 1 loads, 1 LSLICEs

                                   Page 21




Design:  SP0557                                        Date:  02/28/26  21:16:30

Design Summary (cont)
---------------------
     Net U_DAC43608_top/U03/un1_s_ch_slave_0_sqmuxa_i: 8 loads, 8 LSLICEs
     Net U_DAC43608_top/U03/s_LATCH_1[0]: 4 loads, 4 LSLICEs
     Net U_DAC43608_top/U03/s_LATCH_1[1]: 4 loads, 4 LSLICEs
     Net U_DAC43608_top/U03/s_LATCH_1[2]: 4 loads, 4 LSLICEs
     Net U_DAC43608_top/U03/s_LATCH_1[3]: 4 loads, 4 LSLICEs
     Net U_DAC43608_top/U03/s_LATCH_1[4]: 4 loads, 4 LSLICEs
     Net U_DAC43608_top/U03/s_LATCH_1[5]: 4 loads, 4 LSLICEs
     Net U_DAC43608_top/U03/s_LATCH_1[6]: 4 loads, 4 LSLICEs
     Net U_DAC43608_top/U03/s_LATCH_1[7]: 4 loads, 4 LSLICEs
     Net U_DAC43608_top/U03/s_LATCH_1[8]: 4 loads, 4 LSLICEs
     Net U_DAC43608_top/U03/s_LATCH_1[9]: 4 loads, 4 LSLICEs
     Net U_DAC43608_top/U03/s_LATCH_1[10]: 4 loads, 4 LSLICEs
     Net U_DAC43608_top/U03/s_LATCH_1[11]: 4 loads, 4 LSLICEs
     Net U_DAC43608_top/U03/s_LATCH_1[12]: 4 loads, 4 LSLICEs
     Net U_DAC43608_top/U02/COMP_FLAG_RNO: 1 loads, 1 LSLICEs
     Net U_DAC43608_top/U02/N_248_i: 1 loads, 1 LSLICEs
     Net U_DAC43608_top/U02/N_246_i: 1 loads, 1 LSLICEs
     Net U_DAC43608_top/U02/un1_st_13_0_0: 4 loads, 4 LSLICEs
     Net U_DAC43608_top/U02/un1_st_15_0_0: 2 loads, 2 LSLICEs
     Net U_DAC43608_top/U01/registers/un1_prer12_i_a2_0_a2_0_a2: 4 loads, 4
     LSLICEs
     Net U_DAC43608_top/U01/registers/prerce[0]: 4 loads, 4 LSLICEs
     Net U_DAC43608_top/U01/registers/prerce[8]: 4 loads, 4 LSLICEs
     Net U_DAC43608_top/U01/registers/un1_prer12_1_i_a2_0_a2_0_a2: 2 loads, 2
     LSLICEs
     Net U_DAC43608_top/U01/registers/N_65: 3 loads, 3 LSLICEs
     Net U_DAC43608_top/U01/registers/cr_intce[3]: 1 loads, 1 LSLICEs
     Net U_DAC43608_top/U01/bit_controller/un1_sda_oen_int_0_sqmuxa_0_0_0: 1
     loads, 1 LSLICEs
     Net U_DAC43608_top/U01/bit_controller/N_208_i: 1 loads, 1 LSLICEs
     Net U_DAC43608_top/U01/bit_controller/un1_scl_oen_int_0_sqmuxa_0_0_0: 1
     loads, 1 LSLICEs
     Net U_DAC43608_top/U01/bit_controller/N_199_i: 9 loads, 9 LSLICEs
     Net U_DAC43608_top/U01/bit_controller/clk_en: 1 loads, 1 LSLICEs
     Net un5_scl_i: 1 loads, 0 LSLICEs
     Net U_DAC43608_top/U01/byte_controller/un1_rst_1_i: 5 loads, 5 LSLICEs
     Net U_DAC43608_top/U01/byte_controller/N_17: 2 loads, 2 LSLICEs
     Net U_DAC43608_top/U01/byte_controller/N_31: 1 loads, 1 LSLICEs
     Net EFUSE_CTRL_inst/un1_mode_com_2_0_a3: 5 loads, 5 LSLICEs
     Net sp_conv_inst/SIO_inst1/U_SPI_master/s_cnte: 32 loads, 32 LSLICEs
     Net sp_conv_inst/SIO_inst1/U_SPI_master/s_cnte_1: 30 loads, 30 LSLICEs
     Net sp_conv_inst/SIO_inst1/U_SPI_master/un1_s_CLR_1_i_0: 1 loads, 1 LSLICEs
     
     Net sp_conv_inst/SIO_inst1/U_SPI_master/un1_s_CS_0_sqmuxa_1_0: 1 loads, 1
     LSLICEs
     Net sp_conv_inst.SIO_inst1.U_SPI_master.N_123_i: 1 loads, 0 LSLICEs
     Net sp_conv_inst.SIO_inst1.U_SPI_master.s_latch_en: 1 loads, 0 LSLICEs
     Net sp_conv_inst/SIO_inst1/N_546_i: 26 loads, 26 LSLICEs
     Net CLK_gen_inst/s_CKEN10k: 2 loads, 2 LSLICEs
     Net slv_com_top_inst/m4_e: 1 loads, 1 LSLICEs
     Net slv_com_top_inst/cds_inst/N_4: 1 loads, 1 LSLICEs
     Net slv_com_top_inst/clk2An_cntr[8]: 5 loads, 5 LSLICEs
     Net slv_com_top_inst/rx_com_inst/rx_cont_b2_inst/rx_ctl_3rd_inst/kerr_RNO:
     1 loads, 1 LSLICEs
     Net
     slv_com_top_inst/rx_com_inst/rx_cont_b2_inst/rx_ctl_3rd_inst/crc_en_RNO: 1

                                   Page 22




Design:  SP0557                                        Date:  02/28/26  21:16:30

Design Summary (cont)
---------------------
     loads, 1 LSLICEs
     Net
     slv_com_top_inst/rx_com_inst/rx_cont_b2_inst/rx_ctl_3rd_inst/rxdt_counte: 2
     loads, 2 LSLICEs
     Net slv_com_top_inst/rx_com_inst/rx_cont_b2_inst/rx_ctl_3rd_inst/un1_valid:
     1 loads, 1 LSLICEs
     Net slv_com_top_inst/rx_com_inst/rx_cont_b2_inst/DATA_LD: 1 loads, 1
     LSLICEs
     Net
     slv_com_top_inst/rx_com_inst/rx_cont_b2_inst/crc_check_inst/crc_error_RNO:
     1 loads, 1 LSLICEs
     Net slv_com_top_inst/rx_com_inst/rx_cont_b2_inst/crc_check_inst/un1_crcck_e
     n_0: 8 loads, 8 LSLICEs
     Net slv_com_top_inst/rx_com_inst/rx_cont_b2_inst/rx_dcfifo1_48_inst/wren_i:
     14 loads, 12 LSLICEs
     Net slv_com_top_inst/rx_com_inst/rx_cont_b2_inst/rx_dcfifo1_48_inst/rden_i:
     14 loads, 12 LSLICEs
     Net
     slv_com_top_inst/rx_com_inst/rx_cont_b1_inst/rx_ck_dcfifo1_48_inst/wren_i:
     14 loads, 12 LSLICEs
     Net
     slv_com_top_inst/rx_com_inst/rx_cont_b1_inst/rx_ck_dcfifo1_48_inst/rden_i:
     14 loads, 12 LSLICEs
     Net slv_com_top_inst/rx_com_inst/dec8b10b_wrapper_inst/dec8b10b_new_inst/EN
     B_BUF: 6 loads, 6 LSLICEs
     Net slv_com_top_inst/rx_com_inst/dec8b10b_wrapper_inst/enable_reg: 9 loads,
     9 LSLICEs
     Net
     slv_com_top_inst/tx_com_inst/tx_cont_b2_inst/tx_ctl_3rd_inst/un4_st_count:
     1 loads, 1 LSLICEs
     Net slv_com_top_inst/tx_com_inst/tx_cont_b2_inst/tx_ctl_3rd_inst/dt_load: 1
     loads, 1 LSLICEs
     Net
     slv_com_top_inst/tx_com_inst/tx_cont_b2_inst/tx_ck_dcfifo1_48_inst/wren_i:
     14 loads, 12 LSLICEs
     Net
     slv_com_top_inst/tx_com_inst/tx_cont_b2_inst/tx_ck_dcfifo1_48_inst/rden_i:
     14 loads, 12 LSLICEs
     Net
     slv_com_top_inst/tx_com_inst/tx_cont_b1_inst/tx_ctl_1st_inst/txdt_counte: 2
     loads, 2 LSLICEs
     Net slv_com_top_inst/tx_com_inst/tx_cont_b1_inst/tx_ctl_1st_inst/un32_dn_co
     unt: 1 loads, 1 LSLICEs
     Net slv_com_top_inst/tx_com_inst/tx_cont_b1_inst/tx_ctl_1st_inst/un28_dn_co
     unt: 1 loads, 1 LSLICEs
     Net
     slv_com_top_inst/tx_com_inst/tx_cont_b1_inst/tx_ctl_1st_inst/un6_hub_en: 1
     loads, 1 LSLICEs
     Net slv_com_top_inst/tx_com_inst/tx_cont_b1_inst/CRCCK_EN: 5 loads, 5
     LSLICEs
     Net slv_com_top_inst/tx_com_inst/tx_cont_b1_inst/LATCH_EN: 4 loads, 4
     LSLICEs
     Net slv_com_top_inst/tx_com_inst/tx_cont_b1_inst/DATA_LD: 1 loads, 1
     LSLICEs
     Net slv_com_top_inst/tx_com_inst/tx_cont_b1_inst/crc_gen_inst/un1_crcck_en:
     8 loads, 8 LSLICEs

                                   Page 23




Design:  SP0557                                        Date:  02/28/26  21:16:30

Design Summary (cont)
---------------------
     Net slv_com_top_inst/tx_com_inst/tx_cont_b1_inst/tx_dcfifo1_48_inst/wren_i:
     15 loads, 13 LSLICEs
     Net slv_com_top_inst/tx_com_inst/tx_cont_b1_inst/tx_dcfifo1_48_inst/rden_i:
     14 loads, 12 LSLICEs
     Net slv_com_top_inst/TX_FULL: 3 loads, 3 LSLICEs
     Net slv_com_top_inst/slv_ctrl_top_inst/slv_rx_ctrl_inst/LD_1_sqmuxa_i_o2_RN
     ILEKIH: 12 loads, 12 LSLICEs
     Net un1_STATE_12_0: 25 loads, 24 LSLICEs
     Net slv_com_top_inst/slv_ctrl_top_inst/slv_rx_ctrl_inst/un1_STATE_13_0: 8
     loads, 8 LSLICEs
     Net slv_com_top_inst/slv_ctrl_top_inst/slv_rx_ctrl_inst/STATE[9]: 8 loads,
     8 LSLICEs
     Net slv_com_top_inst/slv_ctrl_top_inst/slv_rx_ctrl_inst/STATE[4]: 1 loads,
     1 LSLICEs
     Net slv_com_top_inst/slv_ctrl_top_inst/slv_rx_ctrl_inst/byte_cnt_1_RNICMRBB
     [2]: 4 loads, 4 LSLICEs
     Net slv_com_top_inst/slv_ctrl_top_inst/slv_rx_ctrl_inst/N_60_i: 1 loads, 1
     LSLICEs
     Net
     slv_com_top_inst/slv_ctrl_top_inst/slv_rx_ctrl_inst/un1_rx_empty_2_i[0]: 1
     loads, 1 LSLICEs
     Net slv_com_top_inst/slv_ctrl_top_inst/slv_rx_ctrl_inst/N_317_i: 1 loads, 1
     LSLICEs
     Net slv_com_top_inst/slv_ctrl_top_inst/slv_rx_ctrl_inst/wren_dce[8]: 5
     loads, 5 LSLICEs
     Net slv_com_top_inst/slv_ctrl_top_inst/slv_rx_ctrl_inst/wren_dce[16]: 4
     loads, 4 LSLICEs
     Net slv_com_top_inst/slv_ctrl_top_inst/slv_rx_ctrl_inst/wren_dce[24]: 4
     loads, 4 LSLICEs
     Net slv_com_top_inst/slv_ctrl_top_inst/slv_rx_ctrl_inst/un1_STATE_20_0_i: 1
     loads, 1 LSLICEs
     Net slv_com_top_inst/slv_ctrl_top_inst/slv_rx_ctrl_inst/N_416_i: 4 loads, 4
     LSLICEs
     Net slv_com_top_inst/slv_ctrl_top_inst/slv_rx_ctrl_inst/STATE[6]: 6 loads,
     6 LSLICEs
     Net slv_com_top_inst/slv_ctrl_top_inst/slv_rx_ctrl_inst/STATE[8]: 4 loads,
     4 LSLICEs
     Net slv_com_top_inst/slv_ctrl_top_inst/slv_rx_ctrl_inst/N_320_i: 1 loads, 1
     LSLICEs
     Net slv_com_top_inst/slv_ctrl_top_inst/slv_rx_ctrl_inst/N_327_i: 7 loads, 7
     LSLICEs
     Net slv_com_top_inst/slv_ctrl_top_inst/slv_rx_ctrl_inst/un1_STATE_14_0_0: 1
     loads, 1 LSLICEs
     Net slv_com_top_inst/slv_ctrl_top_inst/slv_tx_ctrl_inst/LAe: 7 loads, 7
     LSLICEs
     Net slv_com_top_inst/slv_ctrl_top_inst/slv_tx_ctrl_inst/TX_WRENB_O_1: 4
     loads, 4 LSLICEs
     Net slv_com_top_inst/slv_ctrl_top_inst/slv_tx_ctrl_inst/un1_STATE_15_0_0: 1
     loads, 1 LSLICEs
     Net slv_com_top_inst/rst_cnt_inst/clk2Ap_cntr[8]: 5 loads, 5 LSLICEs
     Net slv_com_top_inst/rst_cnt_inst/clk2n_cntr[8]: 5 loads, 5 LSLICEs
     Net slv_com_top_inst/rst_cnt_inst/clk2p_cntr[8]: 5 loads, 5 LSLICEs
   Number of local set/reset loads for net s_LRSTb_r46 merged into GSR:  5145
   Number of LSRs:  345
     Net PORb_c: 6 loads, 6 LSLICEs
     Net slv_com_top_inst.CLK_RSTb_OUT_i: 1 loads, 0 LSLICEs

                                   Page 24




Design:  SP0557                                        Date:  02/28/26  21:16:30

Design Summary (cont)
---------------------
     Net slv_com_top_inst.rx_com_inst.dec8b10b_wrapper_inst.reset_n_reg: 15
     loads, 15 LSLICEs
     Net stm13/ppmc_reg_S118M_inst/un2_nrst_r23: 8 loads, 8 LSLICEs
     Net stm13/ppmc_reg_S118M_inst/un2_nrst_r0: 4 loads, 4 LSLICEs
     Net stm13/ppmc_reg_S118M_inst/un2_nrst_r1: 6 loads, 6 LSLICEs
     Net stm13/ppmc_reg_S118M_inst/un2_nrst_r2: 4 loads, 4 LSLICEs
     Net stm13/ppmc_reg_S118M_inst/un2_nrst_r3: 8 loads, 8 LSLICEs
     Net stm13/ppmc_reg_S118M_inst/un2_nrst_r21: 10 loads, 10 LSLICEs
     Net stm13/ppmc_reg_S118M_inst/un2_nrst_r20: 8 loads, 8 LSLICEs
     Net stm13/ppmc_reg_S118M_inst/un2_nrst_r19: 5 loads, 5 LSLICEs
     Net stm13/ppmc_reg_S118M_inst/un2_nrst_r22: 4 loads, 4 LSLICEs
     Net stm13/ppmc_reg_S118M_inst/un2_nrst_r18: 4 loads, 4 LSLICEs
     Net stm13/ppmc_reg_S118M_inst/un2_nrst_r17: 4 loads, 4 LSLICEs
     Net stm13/ppmc_reg_S118M_inst/un2_nrst_r16: 5 loads, 5 LSLICEs
     Net stm13/ppmc_reg_S118M_inst/un2_nrst_r15: 9 loads, 9 LSLICEs
     Net stm13/ppmc_reg_S118M_inst/un2_nrst_r14: 10 loads, 10 LSLICEs
     Net stm13/ppmc_reg_S118M_inst/un2_nrst_r13: 5 loads, 5 LSLICEs
     Net stm13/ppmc_reg_S118M_inst/un2_nrst_r12: 5 loads, 5 LSLICEs
     Net stm13/ppmc_reg_S118M_inst/un2_nrst_r11: 5 loads, 5 LSLICEs
     Net stm13/ppmc_reg_S118M_inst/un2_nrst_r10: 10 loads, 10 LSLICEs
     Net stm13/ppmc_reg_S118M_inst/un2_nrst_r9: 5 loads, 5 LSLICEs
     Net stm13/ppmc_reg_S118M_inst/un2_nrst_r8: 10 loads, 10 LSLICEs
     Net stm13/ppmc_reg_S118M_inst/inst_ppmc_plsgen/ppmc_pls_cnt_inst/un2_pls_ld
     _11: 5 loads, 5 LSLICEs
     Net stm13/ppmc_reg_S118M_inst/un2_nrst_r4: 9 loads, 9 LSLICEs
     Net stm13/ppmc_reg_S118M_inst/un2_nrst_r7: 10 loads, 10 LSLICEs
     Net stm13/ppmc_reg_S118M_inst/un2_nrst_r6: 3 loads, 3 LSLICEs
     Net stm13/ppmc_reg_S118M_inst/un2_nrst_r5: 8 loads, 8 LSLICEs
     Net s_LRSTb_r46: 6 loads, 5 LSLICEs
     Net stm13/ppmc_reg_S118M_inst/inst_ppmc_plsgen/ppmc_acc_tim_gen_inst/un1_ac
     c_enb: 10 loads, 10 LSLICEs
     Net stm12/ppmc_reg_S118M_inst/un2_nrst_r0: 6 loads, 6 LSLICEs
     Net stm12/ppmc_reg_S118M_inst/un2_nrst_r23: 7 loads, 7 LSLICEs
     Net stm12/ppmc_reg_S118M_inst/un2_nrst_r1: 4 loads, 4 LSLICEs
     Net stm12/ppmc_reg_S118M_inst/un2_nrst_r2: 8 loads, 8 LSLICEs
     Net stm12/ppmc_reg_S118M_inst/un2_nrst_r21: 10 loads, 10 LSLICEs
     Net stm12/ppmc_reg_S118M_inst/un2_nrst_r20: 8 loads, 8 LSLICEs
     Net stm12/ppmc_reg_S118M_inst/un2_nrst_r19: 5 loads, 5 LSLICEs
     Net stm12/ppmc_reg_S118M_inst/un2_nrst_r22: 4 loads, 4 LSLICEs
     Net stm12/ppmc_reg_S118M_inst/un2_nrst_r18: 5 loads, 5 LSLICEs
     Net stm12/ppmc_reg_S118M_inst/un2_nrst_r17: 4 loads, 4 LSLICEs
     Net stm12/ppmc_reg_S118M_inst/un2_nrst_r16: 4 loads, 4 LSLICEs
     Net stm12/ppmc_reg_S118M_inst/un2_nrst_r15: 5 loads, 5 LSLICEs
     Net stm12/ppmc_reg_S118M_inst/un2_nrst_r14: 10 loads, 10 LSLICEs
     Net stm12/ppmc_reg_S118M_inst/un2_nrst_r13: 10 loads, 10 LSLICEs
     Net stm12/ppmc_reg_S118M_inst/un2_nrst_r12: 4 loads, 4 LSLICEs
     Net stm12/ppmc_reg_S118M_inst/un2_nrst_r11: 5 loads, 5 LSLICEs
     Net stm12/ppmc_reg_S118M_inst/un2_nrst_r10: 5 loads, 5 LSLICEs
     Net stm12/ppmc_reg_S118M_inst/un2_nrst_r9: 9 loads, 9 LSLICEs
     Net stm12/ppmc_reg_S118M_inst/un2_nrst_r8: 5 loads, 5 LSLICEs
     Net stm12/ppmc_reg_S118M_inst/un2_nrst_r7: 10 loads, 10 LSLICEs
     Net stm12/ppmc_reg_S118M_inst/inst_ppmc_plsgen/ppmc_pls_cnt_inst/un2_pls_ld
     _10: 5 loads, 5 LSLICEs
     Net stm12/ppmc_reg_S118M_inst/un2_nrst_r3: 9 loads, 9 LSLICEs
     Net stm12/ppmc_reg_S118M_inst/un2_nrst_r6: 10 loads, 10 LSLICEs
     Net stm12/ppmc_reg_S118M_inst/un2_nrst_r5: 3 loads, 3 LSLICEs

                                   Page 25




Design:  SP0557                                        Date:  02/28/26  21:16:30

Design Summary (cont)
---------------------
     Net stm12/ppmc_reg_S118M_inst/un2_nrst_r4: 8 loads, 8 LSLICEs
     Net stm12/ppmc_reg_S118M_inst/inst_ppmc_plsgen/ppmc_acc_tim_gen_inst/un1_ac
     c_enb: 10 loads, 10 LSLICEs
     Net stm11/ppmc_reg_S118M_inst/un1_nmrst: 157 loads, 157 LSLICEs
     Net
     stm11/ppmc_reg_S118M_inst/inst_ppmc_plsgen/ppmc_pls_cnt_inst/un2_pls_ld_9:
     5 loads, 5 LSLICEs
     Net stm11/ppmc_reg_S118M_inst/inst_ppmc_plsgen/ppmc_acc_tim_gen_inst/un1_ac
     c_enb: 10 loads, 10 LSLICEs
     Net stm10/ppmc_reg_S118M_inst/un2_nrst_r0: 5 loads, 5 LSLICEs
     Net stm10/ppmc_reg_S118M_inst/un2_nrst_r18: 8 loads, 8 LSLICEs
     Net stm10/ppmc_reg_S118M_inst/un2_nrst_r1: 4 loads, 4 LSLICEs
     Net stm10/ppmc_reg_S118M_inst/un2_nrst_r2: 8 loads, 8 LSLICEs
     Net stm10/ppmc_reg_S118M_inst/un2_nrst_r22: 10 loads, 10 LSLICEs
     Net stm10/ppmc_reg_S118M_inst/un2_nrst_r21: 8 loads, 8 LSLICEs
     Net stm10/ppmc_reg_S118M_inst/un2_nrst_r20: 4 loads, 4 LSLICEs
     Net stm10/ppmc_reg_S118M_inst/un2_nrst_r23: 4 loads, 4 LSLICEs
     Net stm10/ppmc_reg_S118M_inst/un2_nrst_r19: 5 loads, 5 LSLICEs
     Net stm10/ppmc_reg_S118M_inst/un2_nrst_r17: 5 loads, 5 LSLICEs
     Net stm10/ppmc_reg_S118M_inst/un2_nrst_r16: 4 loads, 4 LSLICEs
     Net stm10/ppmc_reg_S118M_inst/un2_nrst_r15: 5 loads, 5 LSLICEs
     Net stm10/ppmc_reg_S118M_inst/un2_nrst_r14: 10 loads, 10 LSLICEs
     Net stm10/ppmc_reg_S118M_inst/un2_nrst_r13: 10 loads, 10 LSLICEs
     Net stm10/ppmc_reg_S118M_inst/un2_nrst_r12: 5 loads, 5 LSLICEs
     Net stm10/ppmc_reg_S118M_inst/un2_nrst_r11: 4 loads, 4 LSLICEs
     Net stm10/ppmc_reg_S118M_inst/un2_nrst_r10: 5 loads, 5 LSLICEs
     Net stm10/ppmc_reg_S118M_inst/un2_nrst_r9: 9 loads, 9 LSLICEs
     Net stm10/ppmc_reg_S118M_inst/un2_nrst_r8: 5 loads, 5 LSLICEs
     Net stm10/ppmc_reg_S118M_inst/un2_nrst_r7: 9 loads, 9 LSLICEs
     Net
     stm10/ppmc_reg_S118M_inst/inst_ppmc_plsgen/ppmc_pls_cnt_inst/un2_pls_ld_8:
     5 loads, 5 LSLICEs
     Net stm10/ppmc_reg_S118M_inst/un2_nrst_r3: 9 loads, 9 LSLICEs
     Net stm10/ppmc_reg_S118M_inst/un2_nrst_r6: 10 loads, 10 LSLICEs
     Net stm10/ppmc_reg_S118M_inst/un2_nrst_r5: 3 loads, 3 LSLICEs
     Net stm10/ppmc_reg_S118M_inst/un2_nrst_r4: 8 loads, 8 LSLICEs
     Net stm10/ppmc_reg_S118M_inst/inst_ppmc_plsgen/ppmc_acc_tim_gen_inst/un1_ac
     c_enb: 10 loads, 10 LSLICEs
     Net stm09/ppmc_reg_S118M_inst/un2_nrst_r0: 4 loads, 4 LSLICEs
     Net stm09/ppmc_reg_S118M_inst/un2_nrst_r1: 4 loads, 4 LSLICEs
     Net stm09/ppmc_reg_S118M_inst/un2_nrst_r19: 7 loads, 7 LSLICEs
     Net stm09/ppmc_reg_S118M_inst/un2_nrst_r2: 8 loads, 8 LSLICEs
     Net stm09/ppmc_reg_S118M_inst/un2_nrst_r22: 10 loads, 10 LSLICEs
     Net stm09/ppmc_reg_S118M_inst/un2_nrst_r21: 8 loads, 8 LSLICEs
     Net stm09/ppmc_reg_S118M_inst/un2_nrst_r20: 5 loads, 5 LSLICEs
     Net stm09/ppmc_reg_S118M_inst/un2_nrst_r23: 4 loads, 4 LSLICEs
     Net stm09/ppmc_reg_S118M_inst/un2_nrst_r18: 4 loads, 4 LSLICEs
     Net stm09/ppmc_reg_S118M_inst/un2_nrst_r17: 4 loads, 4 LSLICEs
     Net stm09/ppmc_reg_S118M_inst/un2_nrst_r16: 5 loads, 5 LSLICEs
     Net stm09/ppmc_reg_S118M_inst/un2_nrst_r15: 9 loads, 9 LSLICEs
     Net stm09/ppmc_reg_S118M_inst/un2_nrst_r14: 9 loads, 9 LSLICEs
     Net stm09/ppmc_reg_S118M_inst/un2_nrst_r13: 5 loads, 5 LSLICEs
     Net stm09/ppmc_reg_S118M_inst/un2_nrst_r12: 5 loads, 5 LSLICEs
     Net stm09/ppmc_reg_S118M_inst/un2_nrst_r5: 6 loads, 6 LSLICEs
     Net stm09/ppmc_reg_S118M_inst/un2_nrst_r11: 5 loads, 5 LSLICEs
     Net stm09/ppmc_reg_S118M_inst/un2_nrst_r10: 10 loads, 10 LSLICEs

                                   Page 26




Design:  SP0557                                        Date:  02/28/26  21:16:30

Design Summary (cont)
---------------------
     Net stm09/ppmc_reg_S118M_inst/un2_nrst_r9: 5 loads, 5 LSLICEs
     Net stm09/ppmc_reg_S118M_inst/un2_nrst_r8: 9 loads, 9 LSLICEs
     Net
     stm09/ppmc_reg_S118M_inst/inst_ppmc_plsgen/ppmc_pls_cnt_inst/un2_pls_ld_7:
     5 loads, 5 LSLICEs
     Net stm09/ppmc_reg_S118M_inst/un2_nrst_r3: 9 loads, 9 LSLICEs
     Net stm09/ppmc_reg_S118M_inst/un2_nrst_r7: 10 loads, 10 LSLICEs
     Net stm09/ppmc_reg_S118M_inst/un2_nrst_r6: 3 loads, 3 LSLICEs
     Net stm09/ppmc_reg_S118M_inst/un2_nrst_r4: 8 loads, 8 LSLICEs
     Net stm09/ppmc_reg_S118M_inst/inst_ppmc_plsgen/ppmc_acc_tim_gen_inst/un1_ac
     c_enb: 10 loads, 10 LSLICEs
     Net stm08/ppmc_reg_S118M_inst/un2_nrst_r0: 6 loads, 6 LSLICEs
     Net stm08/ppmc_reg_S118M_inst/un2_nrst_r23: 7 loads, 7 LSLICEs
     Net stm08/ppmc_reg_S118M_inst/un2_nrst_r1: 4 loads, 4 LSLICEs
     Net stm08/ppmc_reg_S118M_inst/un2_nrst_r2: 8 loads, 8 LSLICEs
     Net stm08/ppmc_reg_S118M_inst/un2_nrst_r21: 10 loads, 10 LSLICEs
     Net stm08/ppmc_reg_S118M_inst/un2_nrst_r20: 8 loads, 8 LSLICEs
     Net stm08/ppmc_reg_S118M_inst/un2_nrst_r19: 5 loads, 5 LSLICEs
     Net stm08/ppmc_reg_S118M_inst/un2_nrst_r22: 4 loads, 4 LSLICEs
     Net stm08/ppmc_reg_S118M_inst/un2_nrst_r18: 4 loads, 4 LSLICEs
     Net stm08/ppmc_reg_S118M_inst/un2_nrst_r17: 4 loads, 4 LSLICEs
     Net stm08/ppmc_reg_S118M_inst/un2_nrst_r16: 4 loads, 4 LSLICEs
     Net stm08/ppmc_reg_S118M_inst/un2_nrst_r15: 5 loads, 5 LSLICEs
     Net stm08/ppmc_reg_S118M_inst/un2_nrst_r14: 9 loads, 9 LSLICEs
     Net stm08/ppmc_reg_S118M_inst/un2_nrst_r13: 10 loads, 10 LSLICEs
     Net stm08/ppmc_reg_S118M_inst/un2_nrst_r12: 4 loads, 4 LSLICEs
     Net stm08/ppmc_reg_S118M_inst/un2_nrst_r11: 4 loads, 4 LSLICEs
     Net stm08/ppmc_reg_S118M_inst/un2_nrst_r10: 5 loads, 5 LSLICEs
     Net stm08/ppmc_reg_S118M_inst/un2_nrst_r9: 9 loads, 9 LSLICEs
     Net stm08/ppmc_reg_S118M_inst/un2_nrst_r8: 5 loads, 5 LSLICEs
     Net stm08/ppmc_reg_S118M_inst/un2_nrst_r7: 10 loads, 10 LSLICEs
     Net
     stm08/ppmc_reg_S118M_inst/inst_ppmc_plsgen/ppmc_pls_cnt_inst/un2_pls_ld_6:
     5 loads, 5 LSLICEs
     Net stm08/ppmc_reg_S118M_inst/un2_nrst_r3: 9 loads, 9 LSLICEs
     Net stm08/ppmc_reg_S118M_inst/un2_nrst_r6: 10 loads, 10 LSLICEs
     Net stm08/ppmc_reg_S118M_inst/un2_nrst_r5: 3 loads, 3 LSLICEs
     Net stm08/ppmc_reg_S118M_inst/un2_nrst_r4: 8 loads, 8 LSLICEs
     Net stm08/ppmc_reg_S118M_inst/inst_ppmc_plsgen/ppmc_acc_tim_gen_inst/un1_ac
     c_enb: 10 loads, 10 LSLICEs
     Net stm07/ppmc_reg_S118M_inst/un2_nrst_r0: 4 loads, 4 LSLICEs
     Net stm07/ppmc_reg_S118M_inst/un2_nrst_r1: 4 loads, 4 LSLICEs
     Net stm07/ppmc_reg_S118M_inst/un2_nrst_r23: 8 loads, 8 LSLICEs
     Net stm07/ppmc_reg_S118M_inst/un2_nrst_r2: 8 loads, 8 LSLICEs
     Net stm07/ppmc_reg_S118M_inst/un2_nrst_r21: 10 loads, 10 LSLICEs
     Net stm07/ppmc_reg_S118M_inst/un2_nrst_r20: 8 loads, 8 LSLICEs
     Net stm07/ppmc_reg_S118M_inst/un2_nrst_r19: 4 loads, 4 LSLICEs
     Net stm07/ppmc_reg_S118M_inst/un2_nrst_r5: 5 loads, 5 LSLICEs
     Net stm07/ppmc_reg_S118M_inst/un2_nrst_r22: 4 loads, 4 LSLICEs
     Net stm07/ppmc_reg_S118M_inst/un2_nrst_r18: 4 loads, 4 LSLICEs
     Net stm07/ppmc_reg_S118M_inst/un2_nrst_r17: 4 loads, 4 LSLICEs
     Net stm07/ppmc_reg_S118M_inst/un2_nrst_r16: 5 loads, 5 LSLICEs
     Net stm07/ppmc_reg_S118M_inst/un2_nrst_r15: 9 loads, 9 LSLICEs
     Net stm07/ppmc_reg_S118M_inst/un2_nrst_r14: 9 loads, 9 LSLICEs
     Net stm07/ppmc_reg_S118M_inst/un2_nrst_r13: 4 loads, 4 LSLICEs
     Net stm07/ppmc_reg_S118M_inst/un2_nrst_r12: 5 loads, 5 LSLICEs

                                   Page 27




Design:  SP0557                                        Date:  02/28/26  21:16:30

Design Summary (cont)
---------------------
     Net stm07/ppmc_reg_S118M_inst/un2_nrst_r11: 5 loads, 5 LSLICEs
     Net stm07/ppmc_reg_S118M_inst/un2_nrst_r10: 10 loads, 10 LSLICEs
     Net stm07/ppmc_reg_S118M_inst/un2_nrst_r9: 5 loads, 5 LSLICEs
     Net stm07/ppmc_reg_S118M_inst/un2_nrst_r8: 9 loads, 9 LSLICEs
     Net
     stm07/ppmc_reg_S118M_inst/inst_ppmc_plsgen/ppmc_pls_cnt_inst/un2_pls_ld_5:
     5 loads, 5 LSLICEs
     Net stm07/ppmc_reg_S118M_inst/un2_nrst_r3: 9 loads, 9 LSLICEs
     Net stm07/ppmc_reg_S118M_inst/un2_nrst_r7: 10 loads, 10 LSLICEs
     Net stm07/ppmc_reg_S118M_inst/un2_nrst_r6: 3 loads, 3 LSLICEs
     Net stm07/ppmc_reg_S118M_inst/un2_nrst_r4: 8 loads, 8 LSLICEs
     Net stm07/ppmc_reg_S118M_inst/inst_ppmc_plsgen/ppmc_acc_tim_gen_inst/un1_ac
     c_enb: 10 loads, 10 LSLICEs
     Net stm06/ppmc_reg_S118M_inst/un2_nrst_r0: 6 loads, 6 LSLICEs
     Net stm06/ppmc_reg_S118M_inst/un2_nrst_r18: 7 loads, 7 LSLICEs
     Net stm06/ppmc_reg_S118M_inst/un2_nrst_r1: 4 loads, 4 LSLICEs
     Net stm06/ppmc_reg_S118M_inst/un2_nrst_r2: 8 loads, 8 LSLICEs
     Net stm06/ppmc_reg_S118M_inst/un2_nrst_r22: 10 loads, 10 LSLICEs
     Net stm06/ppmc_reg_S118M_inst/un2_nrst_r21: 8 loads, 8 LSLICEs
     Net stm06/ppmc_reg_S118M_inst/un2_nrst_r20: 4 loads, 4 LSLICEs
     Net stm06/ppmc_reg_S118M_inst/un2_nrst_r19: 4 loads, 4 LSLICEs
     Net stm06/ppmc_reg_S118M_inst/un2_nrst_r17: 5 loads, 5 LSLICEs
     Net stm06/ppmc_reg_S118M_inst/un2_nrst_r16: 4 loads, 4 LSLICEs
     Net stm06/ppmc_reg_S118M_inst/un2_nrst_r15: 5 loads, 5 LSLICEs
     Net stm06/ppmc_reg_S118M_inst/un2_nrst_r14: 8 loads, 8 LSLICEs
     Net stm06/ppmc_reg_S118M_inst/un2_nrst_r13: 9 loads, 9 LSLICEs
     Net stm06/ppmc_reg_S118M_inst/un2_nrst_r12: 5 loads, 5 LSLICEs
     Net stm06/ppmc_reg_S118M_inst/un2_nrst_r11: 5 loads, 5 LSLICEs
     Net stm06/ppmc_reg_S118M_inst/un2_nrst_r23: 4 loads, 4 LSLICEs
     Net stm06/ppmc_reg_S118M_inst/un2_nrst_r10: 5 loads, 5 LSLICEs
     Net stm06/ppmc_reg_S118M_inst/un2_nrst_r9: 10 loads, 10 LSLICEs
     Net stm06/ppmc_reg_S118M_inst/un2_nrst_r8: 5 loads, 5 LSLICEs
     Net stm06/ppmc_reg_S118M_inst/un2_nrst_r7: 9 loads, 9 LSLICEs
     Net
     stm06/ppmc_reg_S118M_inst/inst_ppmc_plsgen/ppmc_pls_cnt_inst/un2_pls_ld_4:
     5 loads, 5 LSLICEs
     Net stm06/ppmc_reg_S118M_inst/un2_nrst_r3: 9 loads, 9 LSLICEs
     Net stm06/ppmc_reg_S118M_inst/un2_nrst_r6: 10 loads, 10 LSLICEs
     Net stm06/ppmc_reg_S118M_inst/un2_nrst_r5: 3 loads, 3 LSLICEs
     Net stm06/ppmc_reg_S118M_inst/un2_nrst_r4: 8 loads, 8 LSLICEs
     Net stm06/ppmc_reg_S118M_inst/inst_ppmc_plsgen/ppmc_acc_tim_gen_inst/un1_ac
     c_enb: 10 loads, 10 LSLICEs
     Net stm05/ppmc_reg_S118M_inst/un2_nrst_r0: 4 loads, 4 LSLICEs
     Net stm05/ppmc_reg_S118M_inst/un2_nrst_r1: 4 loads, 4 LSLICEs
     Net stm05/ppmc_reg_S118M_inst/un2_nrst_r23: 8 loads, 8 LSLICEs
     Net stm05/ppmc_reg_S118M_inst/un2_nrst_r2: 8 loads, 8 LSLICEs
     Net stm05/ppmc_reg_S118M_inst/un2_nrst_r21: 10 loads, 10 LSLICEs
     Net stm05/ppmc_reg_S118M_inst/un2_nrst_r20: 8 loads, 8 LSLICEs
     Net stm05/ppmc_reg_S118M_inst/un2_nrst_r19: 4 loads, 4 LSLICEs
     Net stm05/ppmc_reg_S118M_inst/un2_nrst_r5: 6 loads, 6 LSLICEs
     Net stm05/ppmc_reg_S118M_inst/un2_nrst_r22: 4 loads, 4 LSLICEs
     Net stm05/ppmc_reg_S118M_inst/un2_nrst_r18: 4 loads, 4 LSLICEs
     Net stm05/ppmc_reg_S118M_inst/un2_nrst_r17: 4 loads, 4 LSLICEs
     Net stm05/ppmc_reg_S118M_inst/un2_nrst_r16: 5 loads, 5 LSLICEs
     Net stm05/ppmc_reg_S118M_inst/un2_nrst_r15: 8 loads, 8 LSLICEs
     Net stm05/ppmc_reg_S118M_inst/un2_nrst_r14: 10 loads, 10 LSLICEs

                                   Page 28




Design:  SP0557                                        Date:  02/28/26  21:16:30

Design Summary (cont)
---------------------
     Net stm05/ppmc_reg_S118M_inst/un2_nrst_r13: 4 loads, 4 LSLICEs
     Net stm05/ppmc_reg_S118M_inst/un2_nrst_r12: 5 loads, 5 LSLICEs
     Net stm05/ppmc_reg_S118M_inst/un2_nrst_r11: 5 loads, 5 LSLICEs
     Net stm05/ppmc_reg_S118M_inst/un2_nrst_r10: 10 loads, 10 LSLICEs
     Net stm05/ppmc_reg_S118M_inst/un2_nrst_r9: 5 loads, 5 LSLICEs
     Net stm05/ppmc_reg_S118M_inst/un2_nrst_r8: 9 loads, 9 LSLICEs
     Net
     stm05/ppmc_reg_S118M_inst/inst_ppmc_plsgen/ppmc_pls_cnt_inst/un2_pls_ld_3:
     5 loads, 5 LSLICEs
     Net stm05/ppmc_reg_S118M_inst/un2_nrst_r3: 9 loads, 9 LSLICEs
     Net stm05/ppmc_reg_S118M_inst/un2_nrst_r7: 10 loads, 10 LSLICEs
     Net stm05/ppmc_reg_S118M_inst/un2_nrst_r6: 3 loads, 3 LSLICEs
     Net stm05/ppmc_reg_S118M_inst/un2_nrst_r4: 8 loads, 8 LSLICEs
     Net stm05/ppmc_reg_S118M_inst/inst_ppmc_plsgen/ppmc_acc_tim_gen_inst/un1_ac
     c_enb: 10 loads, 10 LSLICEs
     Net stm04/ppmc_reg_S118M_inst/un2_nrst_r0: 4 loads, 4 LSLICEs
     Net stm04/ppmc_reg_S118M_inst/un2_nrst_r1: 4 loads, 4 LSLICEs
     Net stm04/ppmc_reg_S118M_inst/un2_nrst_r23: 8 loads, 8 LSLICEs
     Net stm04/ppmc_reg_S118M_inst/un2_nrst_r2: 8 loads, 8 LSLICEs
     Net stm04/ppmc_reg_S118M_inst/un2_nrst_r21: 10 loads, 10 LSLICEs
     Net stm04/ppmc_reg_S118M_inst/un2_nrst_r20: 8 loads, 8 LSLICEs
     Net stm04/ppmc_reg_S118M_inst/un2_nrst_r19: 5 loads, 5 LSLICEs
     Net stm04/ppmc_reg_S118M_inst/un2_nrst_r5: 6 loads, 6 LSLICEs
     Net stm04/ppmc_reg_S118M_inst/un2_nrst_r22: 4 loads, 4 LSLICEs
     Net stm04/ppmc_reg_S118M_inst/un2_nrst_r18: 5 loads, 5 LSLICEs
     Net stm04/ppmc_reg_S118M_inst/un2_nrst_r17: 4 loads, 4 LSLICEs
     Net stm04/ppmc_reg_S118M_inst/un2_nrst_r16: 5 loads, 5 LSLICEs
     Net stm04/ppmc_reg_S118M_inst/un2_nrst_r15: 10 loads, 10 LSLICEs
     Net stm04/ppmc_reg_S118M_inst/un2_nrst_r14: 10 loads, 10 LSLICEs
     Net stm04/ppmc_reg_S118M_inst/un2_nrst_r13: 5 loads, 5 LSLICEs
     Net stm04/ppmc_reg_S118M_inst/un2_nrst_r12: 4 loads, 4 LSLICEs
     Net stm04/ppmc_reg_S118M_inst/un2_nrst_r11: 5 loads, 5 LSLICEs
     Net stm04/ppmc_reg_S118M_inst/un2_nrst_r10: 9 loads, 9 LSLICEs
     Net stm04/ppmc_reg_S118M_inst/un2_nrst_r9: 5 loads, 5 LSLICEs
     Net stm04/ppmc_reg_S118M_inst/un2_nrst_r8: 9 loads, 9 LSLICEs
     Net
     stm04/ppmc_reg_S118M_inst/inst_ppmc_plsgen/ppmc_pls_cnt_inst/un2_pls_ld_2:
     5 loads, 5 LSLICEs
     Net stm04/ppmc_reg_S118M_inst/un2_nrst_r3: 9 loads, 9 LSLICEs
     Net stm04/ppmc_reg_S118M_inst/un2_nrst_r7: 10 loads, 10 LSLICEs
     Net stm04/ppmc_reg_S118M_inst/un2_nrst_r6: 3 loads, 3 LSLICEs
     Net stm04/ppmc_reg_S118M_inst/un2_nrst_r4: 8 loads, 8 LSLICEs
     Net stm04/ppmc_reg_S118M_inst/inst_ppmc_plsgen/ppmc_acc_tim_gen_inst/un1_ac
     c_enb: 10 loads, 10 LSLICEs
     Net stm03/ppmc_reg_S118M_inst/un2_nrst_r23: 8 loads, 8 LSLICEs
     Net stm03/ppmc_reg_S118M_inst/un2_nrst_r0: 6 loads, 6 LSLICEs
     Net stm03/ppmc_reg_S118M_inst/un2_nrst_r1: 4 loads, 4 LSLICEs
     Net stm03/ppmc_reg_S118M_inst/un2_nrst_r2: 4 loads, 4 LSLICEs
     Net stm03/ppmc_reg_S118M_inst/un2_nrst_r3: 8 loads, 8 LSLICEs
     Net stm03/ppmc_reg_S118M_inst/un2_nrst_r21: 9 loads, 9 LSLICEs
     Net stm03/ppmc_reg_S118M_inst/un2_nrst_r20: 8 loads, 8 LSLICEs
     Net stm03/ppmc_reg_S118M_inst/un2_nrst_r19: 5 loads, 5 LSLICEs
     Net stm03/ppmc_reg_S118M_inst/un2_nrst_r22: 4 loads, 4 LSLICEs
     Net stm03/ppmc_reg_S118M_inst/un2_nrst_r18: 4 loads, 4 LSLICEs
     Net stm03/ppmc_reg_S118M_inst/un2_nrst_r17: 4 loads, 4 LSLICEs
     Net stm03/ppmc_reg_S118M_inst/un2_nrst_r16: 5 loads, 5 LSLICEs

                                   Page 29




Design:  SP0557                                        Date:  02/28/26  21:16:30

Design Summary (cont)
---------------------
     Net stm03/ppmc_reg_S118M_inst/un2_nrst_r15: 10 loads, 10 LSLICEs
     Net stm03/ppmc_reg_S118M_inst/un2_nrst_r14: 10 loads, 10 LSLICEs
     Net stm03/ppmc_reg_S118M_inst/un2_nrst_r13: 4 loads, 4 LSLICEs
     Net stm03/ppmc_reg_S118M_inst/un2_nrst_r12: 5 loads, 5 LSLICEs
     Net stm03/ppmc_reg_S118M_inst/un2_nrst_r11: 5 loads, 5 LSLICEs
     Net stm03/ppmc_reg_S118M_inst/un2_nrst_r10: 9 loads, 9 LSLICEs
     Net stm03/ppmc_reg_S118M_inst/un2_nrst_r9: 5 loads, 5 LSLICEs
     Net stm03/ppmc_reg_S118M_inst/un2_nrst_r8: 10 loads, 10 LSLICEs
     Net
     stm03/ppmc_reg_S118M_inst/inst_ppmc_plsgen/ppmc_pls_cnt_inst/un2_pls_ld_1:
     5 loads, 5 LSLICEs
     Net stm03/ppmc_reg_S118M_inst/un2_nrst_r4: 9 loads, 9 LSLICEs
     Net stm03/ppmc_reg_S118M_inst/un2_nrst_r7: 10 loads, 10 LSLICEs
     Net stm03/ppmc_reg_S118M_inst/un2_nrst_r6: 3 loads, 3 LSLICEs
     Net stm03/ppmc_reg_S118M_inst/un2_nrst_r5: 8 loads, 8 LSLICEs
     Net stm03/ppmc_reg_S118M_inst/inst_ppmc_plsgen/ppmc_acc_tim_gen_inst/un1_ac
     c_enb: 10 loads, 10 LSLICEs
     Net stm02/ppmc_reg_S118M_inst/un2_nrst_r0: 4 loads, 4 LSLICEs
     Net stm02/ppmc_reg_S118M_inst/un2_nrst_r1: 4 loads, 4 LSLICEs
     Net stm02/ppmc_reg_S118M_inst/un2_nrst_r23: 7 loads, 7 LSLICEs
     Net stm02/ppmc_reg_S118M_inst/un2_nrst_r2: 8 loads, 8 LSLICEs
     Net stm02/ppmc_reg_S118M_inst/un2_nrst_r21: 9 loads, 9 LSLICEs
     Net stm02/ppmc_reg_S118M_inst/un2_nrst_r20: 8 loads, 8 LSLICEs
     Net stm02/ppmc_reg_S118M_inst/un2_nrst_r19: 5 loads, 5 LSLICEs
     Net stm02/ppmc_reg_S118M_inst/un2_nrst_r3: 6 loads, 6 LSLICEs
     Net stm02/ppmc_reg_S118M_inst/un2_nrst_r22: 4 loads, 4 LSLICEs
     Net stm02/ppmc_reg_S118M_inst/un2_nrst_r18: 5 loads, 5 LSLICEs
     Net stm02/ppmc_reg_S118M_inst/un2_nrst_r17: 4 loads, 4 LSLICEs
     Net stm02/ppmc_reg_S118M_inst/un2_nrst_r16: 5 loads, 5 LSLICEs
     Net stm02/ppmc_reg_S118M_inst/un2_nrst_r15: 8 loads, 8 LSLICEs
     Net stm02/ppmc_reg_S118M_inst/un2_nrst_r14: 10 loads, 10 LSLICEs
     Net stm02/ppmc_reg_S118M_inst/un2_nrst_r13: 5 loads, 5 LSLICEs
     Net stm02/ppmc_reg_S118M_inst/un2_nrst_r12: 4 loads, 4 LSLICEs
     Net stm02/ppmc_reg_S118M_inst/un2_nrst_r11: 5 loads, 5 LSLICEs
     Net stm02/ppmc_reg_S118M_inst/un2_nrst_r10: 9 loads, 9 LSLICEs
     Net stm02/ppmc_reg_S118M_inst/un2_nrst_r9: 5 loads, 5 LSLICEs
     Net stm02/ppmc_reg_S118M_inst/un2_nrst_r8: 9 loads, 9 LSLICEs
     Net
     stm02/ppmc_reg_S118M_inst/inst_ppmc_plsgen/ppmc_pls_cnt_inst/un2_pls_ld_0:
     5 loads, 5 LSLICEs
     Net stm02/ppmc_reg_S118M_inst/un2_nrst_r4: 9 loads, 9 LSLICEs
     Net stm02/ppmc_reg_S118M_inst/un2_nrst_r7: 10 loads, 10 LSLICEs
     Net stm02/ppmc_reg_S118M_inst/un2_nrst_r6: 3 loads, 3 LSLICEs
     Net stm02/ppmc_reg_S118M_inst/un2_nrst_r5: 8 loads, 8 LSLICEs
     Net stm02/ppmc_reg_S118M_inst/inst_ppmc_plsgen/ppmc_acc_tim_gen_inst/un1_ac
     c_enb: 10 loads, 10 LSLICEs
     Net stm01/ppmc_reg_S118M_inst/un2_nrst_r0: 4 loads, 4 LSLICEs
     Net stm01/ppmc_reg_S118M_inst/un2_nrst_r1: 4 loads, 4 LSLICEs
     Net stm01/ppmc_reg_S118M_inst/un2_nrst_r23: 8 loads, 8 LSLICEs
     Net stm01/ppmc_reg_S118M_inst/un2_nrst_r2: 8 loads, 8 LSLICEs
     Net stm01/ppmc_reg_S118M_inst/un2_nrst_r21: 9 loads, 9 LSLICEs
     Net stm01/ppmc_reg_S118M_inst/un2_nrst_r20: 8 loads, 8 LSLICEs
     Net stm01/ppmc_reg_S118M_inst/un2_nrst_r19: 5 loads, 5 LSLICEs
     Net stm01/ppmc_reg_S118M_inst/un2_nrst_r5: 6 loads, 6 LSLICEs
     Net stm01/ppmc_reg_S118M_inst/un2_nrst_r22: 4 loads, 4 LSLICEs
     Net stm01/ppmc_reg_S118M_inst/un2_nrst_r18: 5 loads, 5 LSLICEs

                                   Page 30




Design:  SP0557                                        Date:  02/28/26  21:16:30

Design Summary (cont)
---------------------
     Net stm01/ppmc_reg_S118M_inst/un2_nrst_r17: 4 loads, 4 LSLICEs
     Net stm01/ppmc_reg_S118M_inst/un2_nrst_r16: 5 loads, 5 LSLICEs
     Net stm01/ppmc_reg_S118M_inst/un2_nrst_r15: 9 loads, 9 LSLICEs
     Net stm01/ppmc_reg_S118M_inst/un2_nrst_r14: 9 loads, 9 LSLICEs
     Net stm01/ppmc_reg_S118M_inst/un2_nrst_r13: 4 loads, 4 LSLICEs
     Net stm01/ppmc_reg_S118M_inst/un2_nrst_r12: 5 loads, 5 LSLICEs
     Net stm01/ppmc_reg_S118M_inst/un2_nrst_r11: 5 loads, 5 LSLICEs
     Net stm01/ppmc_reg_S118M_inst/un2_nrst_r10: 10 loads, 10 LSLICEs
     Net stm01/ppmc_reg_S118M_inst/un2_nrst_r9: 5 loads, 5 LSLICEs
     Net stm01/ppmc_reg_S118M_inst/un2_nrst_r8: 9 loads, 9 LSLICEs
     Net
     stm01/ppmc_reg_S118M_inst/inst_ppmc_plsgen/ppmc_pls_cnt_inst/un2_pls_ld: 5
     loads, 5 LSLICEs
     Net stm01/ppmc_reg_S118M_inst/un2_nrst_r3: 9 loads, 9 LSLICEs
     Net stm01/ppmc_reg_S118M_inst/un2_nrst_r7: 10 loads, 10 LSLICEs
     Net stm01/ppmc_reg_S118M_inst/un2_nrst_r6: 3 loads, 3 LSLICEs
     Net stm01/ppmc_reg_S118M_inst/un2_nrst_r4: 8 loads, 8 LSLICEs
     Net stm01/ppmc_reg_S118M_inst/inst_ppmc_plsgen/ppmc_acc_tim_gen_inst/un1_ac
     c_enb: 10 loads, 10 LSLICEs
     Net U_DAC43608_top/s_wb_ack_o: 1 loads, 1 LSLICEs
     Net slv_com_top_inst.s_RSTb3_2p_i: 21 loads, 20 LSLICEs
     Net slv_com_top_inst/cds_inst/s_RSTb3_2An_i: 1 loads, 1 LSLICEs
     Net slv_com_top_inst/s_RSTb3_2n_i: 2 loads, 2 LSLICEs
     Net slv_com_top_inst/s_RSTb3_2Ap_i: 3 loads, 3 LSLICEs
     Net slv_com_top_inst.slv_ctrl_top_inst.slv_rx_ctrl_inst.TX_RSTb_0_i: 246
     loads, 241 LSLICEs
     Net slv_com_top_inst/rx_com_inst/rx_cont_b1_inst/rx_ck_dcfifo1_48_inst/rx_d
     ata_c[10]: 1 loads, 1 LSLICEs
     Net slv_com_top_inst.TX_RSTb_i_r15: 7 loads, 6 LSLICEs
     Net slv_com_top_inst/TX_RSTb_i_r14: 5 loads, 5 LSLICEs
     Net slv_com_top_inst/TX_RSTb_i_r13: 5 loads, 5 LSLICEs
     Net slv_com_top_inst/TX_RSTb_i_r11: 30 loads, 28 LSLICEs
     Net slv_com_top_inst/TX_RSTb_i_r12: 12 loads, 12 LSLICEs
     Net slv_com_top_inst/TX_RSTb_i_r4: 22 loads, 22 LSLICEs
     Net slv_com_top_inst/TX_RSTb_i_r7: 25 loads, 23 LSLICEs
     Net slv_com_top_inst/TX_RSTb_i_r6: 5 loads, 5 LSLICEs
     Net slv_com_top_inst/TX_RSTb_i_r5: 3 loads, 3 LSLICEs
     Net slv_com_top_inst/TX_RSTb_i_r3: 5 loads, 5 LSLICEs
     Net slv_com_top_inst/TX_RSTb_i_r2: 5 loads, 5 LSLICEs
     Net slv_com_top_inst/TX_RSTb_i_r1: 8 loads, 8 LSLICEs
     Net slv_com_top_inst/TX_RSTb_i_r0: 4 loads, 4 LSLICEs
     Net slv_com_top_inst/TX_RSTb_i_r8: 8 loads, 8 LSLICEs
     Net slv_com_top_inst/TX_RSTb_i_r10: 4 loads, 4 LSLICEs
     Net slv_com_top_inst/TX_RSTb_i_r9: 4 loads, 4 LSLICEs
     Net slv_com_top_inst/tx_com_inst/enc8b10b_wrapper_inst/reset_n_reg: 9
     loads, 9 LSLICEs
     Net slv_com_top_inst/clk_gen_inst2/PLL_inst/s_RSTb2_i: 1 loads, 0 LSLICEs
     Net slv_com_top_inst/LOCKED: 30 loads, 30 LSLICEs
   Number of nets driven by tri-state buffers:  0
   Top 10 highest fanout non-clock nets:
     Net slv_com_top_inst.slv_ctrl_top_inst.slv_rx_ctrl_inst.TX_RSTb_0_i: 246
     loads
     Net stm11/ppmc_reg_S118M_inst/un1_nmrst: 157 loads
     Net sp_conv_inst/SIO_inst1/s_START: 120 loads
     Net sp_conv_inst/SIO_inst1/s_SPI_start: 114 loads
     Net N_800_1: 97 loads

                                   Page 31




Design:  SP0557                                        Date:  02/28/26  21:16:30

Design Summary (cont)
---------------------
     Net N_800_3: 96 loads
     Net s_CKEN500k: 95 loads
     Net slv_com_top_inst.slv_ctrl_top_inst.slv_rx_ctrl_inst.un2_N_13_mux_1: 93
     loads
     Net s_LDI[0]: 91 loads
     Net s_LDI[2]: 91 loads




   Number of warnings:  2
   Number of errors:    0
     

Design Errors/Warnings
----------------------

WARNING - map: Using local reset signal 's_LRSTb_r46' to infer global GSR net.
WARNING - map: IO buffer missing for top level port LEDSH_MISO...logic will be
     discarded.

IO (PIO) Attributes
-------------------

+---------------------+-----------+-----------+------------+
| IO Name             | Direction | Levelmode | IO         |
|                     |           |  IO_TYPE  | Register   |
+---------------------+-----------+-----------+------------+
| STMVREF_SCL         | BIDIR     | LVCMOS33  | IN         |
+---------------------+-----------+-----------+------------+
| UP_TXD              | OUTPUT    | LVCMOS33  | OUT        |
+---------------------+-----------+-----------+------------+
| CLK20M              | INPUT     | LVCMOS33  |            |
+---------------------+-----------+-----------+------------+
| PUMPb[2]            | OUTPUT    | LVCMOS33  | OUT        |
+---------------------+-----------+-----------+------------+
| PUMPb[1]            | OUTPUT    | LVCMOS33  | OUT        |
+---------------------+-----------+-----------+------------+
| ACTb[6]             | OUTPUT    | LVCMOS33  | OUT        |
+---------------------+-----------+-----------+------------+
| ACTb[5]             | OUTPUT    | LVCMOS33  | OUT        |
+---------------------+-----------+-----------+------------+
| ACTb[4]             | OUTPUT    | LVCMOS33  | OUT        |
+---------------------+-----------+-----------+------------+
| ACTb[3]             | OUTPUT    | LVCMOS33  | OUT        |
+---------------------+-----------+-----------+------------+
| ACTb[2]             | OUTPUT    | LVCMOS33  | OUT        |
+---------------------+-----------+-----------+------------+
| ACTb[1]             | OUTPUT    | LVCMOS33  | OUT        |
+---------------------+-----------+-----------+------------+
| ENC_B[13]           | INPUT     | LVCMOS33  | IN         |
+---------------------+-----------+-----------+------------+
| ENC_B[12]           | INPUT     | LVCMOS33  | IN         |
+---------------------+-----------+-----------+------------+
| ENC_B[11]           | INPUT     | LVCMOS33  | IN         |
+---------------------+-----------+-----------+------------+

                                   Page 32




Design:  SP0557                                        Date:  02/28/26  21:16:30

IO (PIO) Attributes (cont)
--------------------------
| ENC_B[10]           | INPUT     | LVCMOS33  | IN         |
+---------------------+-----------+-----------+------------+
| ENC_B[9]            | INPUT     | LVCMOS33  | IN         |
+---------------------+-----------+-----------+------------+
| ENC_B[8]            | INPUT     | LVCMOS33  | IN         |
+---------------------+-----------+-----------+------------+
| ENC_B[7]            | INPUT     | LVCMOS33  | IN         |
+---------------------+-----------+-----------+------------+
| ENC_B[6]            | INPUT     | LVCMOS33  | IN         |
+---------------------+-----------+-----------+------------+
| ENC_B[5]            | INPUT     | LVCMOS33  | IN         |
+---------------------+-----------+-----------+------------+
| ENC_B[4]            | INPUT     | LVCMOS33  | IN         |
+---------------------+-----------+-----------+------------+
| ENC_B[3]            | INPUT     | LVCMOS33  | IN         |
+---------------------+-----------+-----------+------------+
| ENC_B[2]            | INPUT     | LVCMOS33  | IN         |
+---------------------+-----------+-----------+------------+
| ENC_B[1]            | INPUT     | LVCMOS33  | IN         |
+---------------------+-----------+-----------+------------+
| ENC_A[13]           | INPUT     | LVCMOS33  | IN         |
+---------------------+-----------+-----------+------------+
| ENC_A[12]           | INPUT     | LVCMOS33  | IN         |
+---------------------+-----------+-----------+------------+
| ENC_A[11]           | INPUT     | LVCMOS33  | IN         |
+---------------------+-----------+-----------+------------+
| ENC_A[10]           | INPUT     | LVCMOS33  | IN         |
+---------------------+-----------+-----------+------------+
| ENC_A[9]            | INPUT     | LVCMOS33  | IN         |
+---------------------+-----------+-----------+------------+
| ENC_A[8]            | INPUT     | LVCMOS33  | IN         |
+---------------------+-----------+-----------+------------+
| ENC_A[7]            | INPUT     | LVCMOS33  | IN         |
+---------------------+-----------+-----------+------------+
| ENC_A[6]            | INPUT     | LVCMOS33  | IN         |
+---------------------+-----------+-----------+------------+
| ENC_A[5]            | INPUT     | LVCMOS33  | IN         |
+---------------------+-----------+-----------+------------+
| ENC_A[4]            | INPUT     | LVCMOS33  | IN         |
+---------------------+-----------+-----------+------------+
| ENC_A[3]            | INPUT     | LVCMOS33  | IN         |
+---------------------+-----------+-----------+------------+
| ENC_A[2]            | INPUT     | LVCMOS33  | IN         |
+---------------------+-----------+-----------+------------+
| ENC_A[1]            | INPUT     | LVCMOS33  | IN         |
+---------------------+-----------+-----------+------------+
| PTLEDb[8]           | OUTPUT    | LVCMOS33  |            |
+---------------------+-----------+-----------+------------+
| PTLEDb[7]           | OUTPUT    | LVCMOS33  |            |
+---------------------+-----------+-----------+------------+
| PTLEDb[6]           | OUTPUT    | LVCMOS33  |            |
+---------------------+-----------+-----------+------------+
| PTLEDb[5]           | OUTPUT    | LVCMOS33  |            |
+---------------------+-----------+-----------+------------+
| PTLEDb[4]           | OUTPUT    | LVCMOS33  |            |
+---------------------+-----------+-----------+------------+

                                   Page 33




Design:  SP0557                                        Date:  02/28/26  21:16:30

IO (PIO) Attributes (cont)
--------------------------
| PTLEDb[3]           | OUTPUT    | LVCMOS33  |            |
+---------------------+-----------+-----------+------------+
| PTLEDb[2]           | OUTPUT    | LVCMOS33  |            |
+---------------------+-----------+-----------+------------+
| PTLEDb[1]           | OUTPUT    | LVCMOS33  |            |
+---------------------+-----------+-----------+------------+
| PLS_SNS[8]          | INPUT     | LVCMOS33  | IN         |
+---------------------+-----------+-----------+------------+
| PLS_SNS[7]          | INPUT     | LVCMOS33  | IN         |
+---------------------+-----------+-----------+------------+
| PLS_SNS[6]          | INPUT     | LVCMOS33  | IN         |
+---------------------+-----------+-----------+------------+
| PLS_SNS[5]          | INPUT     | LVCMOS33  | IN         |
+---------------------+-----------+-----------+------------+
| PLS_SNS[4]          | INPUT     | LVCMOS33  | IN         |
+---------------------+-----------+-----------+------------+
| PLS_SNS[3]          | INPUT     | LVCMOS33  | IN         |
+---------------------+-----------+-----------+------------+
| PLS_SNS[2]          | INPUT     | LVCMOS33  | IN         |
+---------------------+-----------+-----------+------------+
| PLS_SNS[1]          | INPUT     | LVCMOS33  | IN         |
+---------------------+-----------+-----------+------------+
| STM_LCCW[13]        | INPUT     | LVCMOS33  | IN         |
+---------------------+-----------+-----------+------------+
| STM_LCCW[12]        | INPUT     | LVCMOS33  | IN         |
+---------------------+-----------+-----------+------------+
| STM_LCCW[11]        | INPUT     | LVCMOS33  | IN         |
+---------------------+-----------+-----------+------------+
| STM_LCCW[10]        | INPUT     | LVCMOS33  | IN         |
+---------------------+-----------+-----------+------------+
| STM_LCCW[9]         | INPUT     | LVCMOS33  | IN         |
+---------------------+-----------+-----------+------------+
| STM_LCCW[8]         | INPUT     | LVCMOS33  | IN         |
+---------------------+-----------+-----------+------------+
| STM_LCCW[7]         | INPUT     | LVCMOS33  | IN         |
+---------------------+-----------+-----------+------------+
| STM_LCCW[6]         | INPUT     | LVCMOS33  | IN         |
+---------------------+-----------+-----------+------------+
| STM_LCCW[5]         | INPUT     | LVCMOS33  | IN         |
+---------------------+-----------+-----------+------------+
| STM_LCCW[4]         | INPUT     | LVCMOS33  | IN         |
+---------------------+-----------+-----------+------------+
| STM_LCCW[3]         | INPUT     | LVCMOS33  | IN         |
+---------------------+-----------+-----------+------------+
| STM_LCCW[2]         | INPUT     | LVCMOS33  | IN         |
+---------------------+-----------+-----------+------------+
| STM_LCCW[1]         | INPUT     | LVCMOS33  | IN         |
+---------------------+-----------+-----------+------------+
| STM_LCW[13]         | INPUT     | LVCMOS33  | IN         |
+---------------------+-----------+-----------+------------+
| STM_LCW[12]         | INPUT     | LVCMOS33  | IN         |
+---------------------+-----------+-----------+------------+
| STM_LCW[11]         | INPUT     | LVCMOS33  | IN         |
+---------------------+-----------+-----------+------------+
| STM_LCW[10]         | INPUT     | LVCMOS33  | IN         |
+---------------------+-----------+-----------+------------+

                                   Page 34




Design:  SP0557                                        Date:  02/28/26  21:16:30

IO (PIO) Attributes (cont)
--------------------------
| STM_LCW[9]          | INPUT     | LVCMOS33  | IN         |
+---------------------+-----------+-----------+------------+
| STM_LCW[8]          | INPUT     | LVCMOS33  | IN         |
+---------------------+-----------+-----------+------------+
| STM_LCW[7]          | INPUT     | LVCMOS33  | IN         |
+---------------------+-----------+-----------+------------+
| STM_LCW[6]          | INPUT     | LVCMOS33  | IN         |
+---------------------+-----------+-----------+------------+
| STM_LCW[5]          | INPUT     | LVCMOS33  | IN         |
+---------------------+-----------+-----------+------------+
| STM_LCW[4]          | INPUT     | LVCMOS33  | IN         |
+---------------------+-----------+-----------+------------+
| STM_LCW[3]          | INPUT     | LVCMOS33  | IN         |
+---------------------+-----------+-----------+------------+
| STM_LCW[2]          | INPUT     | LVCMOS33  | IN         |
+---------------------+-----------+-----------+------------+
| STM_LCW[1]          | INPUT     | LVCMOS33  | IN         |
+---------------------+-----------+-----------+------------+
| STM_PCK[13]         | OUTPUT    | LVCMOS33  |            |
+---------------------+-----------+-----------+------------+
| STM_PCK[12]         | OUTPUT    | LVCMOS33  |            |
+---------------------+-----------+-----------+------------+
| STM_PCK[11]         | OUTPUT    | LVCMOS33  |            |
+---------------------+-----------+-----------+------------+
| STM_PCK[10]         | OUTPUT    | LVCMOS33  |            |
+---------------------+-----------+-----------+------------+
| STM_PCK[9]          | OUTPUT    | LVCMOS33  |            |
+---------------------+-----------+-----------+------------+
| STM_PCK[8]          | OUTPUT    | LVCMOS33  |            |
+---------------------+-----------+-----------+------------+
| STM_PCK[7]          | OUTPUT    | LVCMOS33  |            |
+---------------------+-----------+-----------+------------+
| STM_PCK[6]          | OUTPUT    | LVCMOS33  |            |
+---------------------+-----------+-----------+------------+
| STM_PCK[5]          | OUTPUT    | LVCMOS33  |            |
+---------------------+-----------+-----------+------------+
| STM_PCK[4]          | OUTPUT    | LVCMOS33  |            |
+---------------------+-----------+-----------+------------+
| STM_PCK[3]          | OUTPUT    | LVCMOS33  |            |
+---------------------+-----------+-----------+------------+
| STM_PCK[2]          | OUTPUT    | LVCMOS33  |            |
+---------------------+-----------+-----------+------------+
| STM_PCK[1]          | OUTPUT    | LVCMOS33  |            |
+---------------------+-----------+-----------+------------+
| DPM_SD              | OUTPUT    | LVCMOS33  | OUT        |
+---------------------+-----------+-----------+------------+
| DPM_CLK             | OUTPUT    | LVCMOS33  |            |
+---------------------+-----------+-----------+------------+
| DPM_CSb             | OUTPUT    | LVCMOS33  |            |
+---------------------+-----------+-----------+------------+
| LEDDRV_SD           | OUTPUT    | LVCMOS33  | OUT        |
+---------------------+-----------+-----------+------------+
| LEDDRV_CLK          | OUTPUT    | LVCMOS33  |            |
+---------------------+-----------+-----------+------------+
| LEDDRV_OEb          | OUTPUT    | LVCMOS33  | OUT        |
+---------------------+-----------+-----------+------------+

                                   Page 35




Design:  SP0557                                        Date:  02/28/26  21:16:30

IO (PIO) Attributes (cont)
--------------------------
| LEDDRV_LE           | OUTPUT    | LVCMOS33  | OUT        |
+---------------------+-----------+-----------+------------+
| LEDSH_MOSI          | OUTPUT    | LVCMOS33  |            |
+---------------------+-----------+-----------+------------+
| LEDSH_nCS           | OUTPUT    | LVCMOS33  |            |
+---------------------+-----------+-----------+------------+
| LEDSH_SCK           | OUTPUT    | LVCMOS33  |            |
+---------------------+-----------+-----------+------------+
| LEDSH_RESETb        | OUTPUT    | LVCMOS33  |            |
+---------------------+-----------+-----------+------------+
| ADC_MISO            | INPUT     | LVCMOS33  | IN         |
+---------------------+-----------+-----------+------------+
| ADC_MOSI            | OUTPUT    | LVCMOS33  | OUT        |
+---------------------+-----------+-----------+------------+
| ADC_SCK             | OUTPUT    | LVCMOS33  | OUT        |
+---------------------+-----------+-----------+------------+
| ADC_nCS             | OUTPUT    | LVCMOS33  | OUT        |
+---------------------+-----------+-----------+------------+
| STMVREF_SDA         | BIDIR     | LVCMOS33  | IN         |
+---------------------+-----------+-----------+------------+
| P2S_SDI             | INPUT     | LVCMOS33  | IN         |
+---------------------+-----------+-----------+------------+
| P2S_SLD             | OUTPUT    | LVCMOS33  |            |
+---------------------+-----------+-----------+------------+
| P2S_SCK             | OUTPUT    | LVCMOS33  |            |
+---------------------+-----------+-----------+------------+
| S2P_SDO             | OUTPUT    | LVCMOS33  |            |
+---------------------+-----------+-----------+------------+
| S2P_nCLR            | OUTPUT    | LVCMOS33  |            |
+---------------------+-----------+-----------+------------+
| S2P_nOE             | OUTPUT    | LVCMOS33  |            |
+---------------------+-----------+-----------+------------+
| S2P_RCK             | OUTPUT    | LVCMOS33  | OUT        |
+---------------------+-----------+-----------+------------+
| S2P_SCK             | OUTPUT    | LVCMOS33  |            |
+---------------------+-----------+-----------+------------+
| UP_RXD              | INPUT     | LVCMOS33  | IN         |
+---------------------+-----------+-----------+------------+
| UP_CLK              | INPUT     | LVCMOS33  |            |
+---------------------+-----------+-----------+------------+
| SLVADR[7]           | INPUT     | LVCMOS33  |            |
+---------------------+-----------+-----------+------------+
| SLVADR[6]           | INPUT     | LVCMOS33  |            |
+---------------------+-----------+-----------+------------+
| SLVADR[5]           | INPUT     | LVCMOS33  |            |
+---------------------+-----------+-----------+------------+
| SLVADR[4]           | INPUT     | LVCMOS33  |            |
+---------------------+-----------+-----------+------------+
| SLVADR[3]           | INPUT     | LVCMOS33  |            |
+---------------------+-----------+-----------+------------+
| SLVADR[2]           | INPUT     | LVCMOS33  |            |
+---------------------+-----------+-----------+------------+
| SLVADR[1]           | INPUT     | LVCMOS33  |            |
+---------------------+-----------+-----------+------------+
| SLVADR[0]           | INPUT     | LVCMOS33  |            |
+---------------------+-----------+-----------+------------+

                                   Page 36




Design:  SP0557                                        Date:  02/28/26  21:16:30

IO (PIO) Attributes (cont)
--------------------------
| PORb                | INPUT     | LVCMOS33  | IN         |
+---------------------+-----------+-----------+------------+

Removed logic
-------------

Block slv_com_top_inst/GND undriven or does not drive anything - clipped.
Block slv_com_top_inst/VCC undriven or does not drive anything - clipped.
Block slv_com_top_inst/rst_cnt_inst/GND undriven or does not drive anything -
     clipped.
Block slv_com_top_inst/slv_ctrl_top_inst/VCC undriven or does not drive anything
     - clipped.
Block slv_com_top_inst/slv_ctrl_top_inst/slv_tx_ctrl_inst/GND undriven or does
     not drive anything - clipped.
Block slv_com_top_inst/slv_ctrl_top_inst/slv_rx_ctrl_inst/GND undriven or does
     not drive anything - clipped.
Block slv_com_top_inst/slv_ctrl_top_inst/node_sel_inst/GND undriven or does not
     drive anything - clipped.
Block slv_com_top_inst/slv_ctrl_top_inst/node_sel_inst/VCC undriven or does not
     drive anything - clipped.
Block slv_com_top_inst/slv_ctrl_top_inst/adr_sel_inst/GND undriven or does not
     drive anything - clipped.
Block slv_com_top_inst/slv_ctrl_top_inst/adr_sel_inst/VCC undriven or does not
     drive anything - clipped.
Block slv_com_top_inst/slv_ctrl_top_inst/nd_sel_inst/GND undriven or does not
     drive anything - clipped.
Block slv_com_top_inst/slvadr_cnv_inst/GND undriven or does not drive anything -
     clipped.
Block slv_com_top_inst/clk_gen_inst2/GND undriven or does not drive anything -
     clipped.
Block slv_com_top_inst/clk_gen_inst2/VCC undriven or does not drive anything -
     clipped.
Block slv_com_top_inst/clk_gen_inst2/PLL_inst/VCC undriven or does not drive
     anything - clipped.
Block slv_com_top_inst/tx_com_inst/GND undriven or does not drive anything -
     clipped.
Block slv_com_top_inst/tx_com_inst/VCC undriven or does not drive anything -
     clipped.
Block slv_com_top_inst/tx_com_inst/enc8b10b_wrapper_inst/GND undriven or does
     not drive anything - clipped.
Block slv_com_top_inst/tx_com_inst/enc8b10b_wrapper_inst/VCC undriven or does
     not drive anything - clipped.
Block slv_com_top_inst/tx_com_inst/enc8b10b_wrapper_inst/enc8b10b_new_inst/GND
     undriven or does not drive anything - clipped.
Block slv_com_top_inst/tx_com_inst/enc8b10b_wrapper_inst/enc8b10b_new_inst/VCC
     undriven or does not drive anything - clipped.
Block slv_com_top_inst/tx_com_inst/enc8b10b_wrapper_inst/enc8b10b_new_inst/enc8b
     _10b_inst/GND undriven or does not drive anything - clipped.
Block slv_com_top_inst/tx_com_inst/enc8b10b_wrapper_inst/enc8b10b_new_inst/enc8b
     _10b_inst/VCC undriven or does not drive anything - clipped.
Block slv_com_top_inst/tx_com_inst/enc8b10b_wrapper_inst/enc8b10b_new_inst/enc8b
     _10b_inst/enc5b_6b_inst/GND undriven or does not drive anything - clipped.
Block slv_com_top_inst/tx_com_inst/enc8b10b_wrapper_inst/enc8b10b_new_inst/enc8b
     _10b_inst/enc5b_6b_inst/VCC undriven or does not drive anything - clipped.
Block slv_com_top_inst/tx_com_inst/enc8b10b_wrapper_inst/enc8b10b_new_inst/enc8b
     _10b_inst/enc3b_4b_inst/GND undriven or does not drive anything - clipped.

                                   Page 37




Design:  SP0557                                        Date:  02/28/26  21:16:30

Removed logic (cont)
--------------------
Block slv_com_top_inst/tx_com_inst/enc8b10b_wrapper_inst/enc8b10b_new_inst/enc8b
     _10b_inst/enc3b_4b_inst/VCC undriven or does not drive anything - clipped.
Block slv_com_top_inst/tx_com_inst/tx_cont_b1_inst/GND undriven or does not
     drive anything - clipped.
Block slv_com_top_inst/tx_com_inst/tx_cont_b1_inst/VCC undriven or does not
     drive anything - clipped.
Block slv_com_top_inst/tx_com_inst/tx_cont_b1_inst/crc_gen_inst/GND undriven or
     does not drive anything - clipped.
Block slv_com_top_inst/tx_com_inst/tx_cont_b1_inst/crc_gen_inst/VCC undriven or
     does not drive anything - clipped.
Block slv_com_top_inst/tx_com_inst/tx_cont_b1_inst/tx_ctl_1st_inst/GND undriven
     or does not drive anything - clipped.
Block slv_com_top_inst/tx_com_inst/tx_cont_b2_inst/GND undriven or does not
     drive anything - clipped.
Block slv_com_top_inst/tx_com_inst/tx_cont_b2_inst/VCC undriven or does not
     drive anything - clipped.
Block slv_com_top_inst/tx_com_inst/tx_cont_b2_inst/tx_ctl_3rd_inst/GND undriven
     or does not drive anything - clipped.
Block slv_com_top_inst/tx_com_inst/tx_cont_b2_inst/tx_ctl_3rd_inst/VCC undriven
     or does not drive anything - clipped.
Block slv_com_top_inst/rx_com_inst/GND undriven or does not drive anything -
     clipped.
Block slv_com_top_inst/rx_com_inst/VCC undriven or does not drive anything -
     clipped.
Block slv_com_top_inst/rx_com_inst/dec8b10b_wrapper_inst/GND undriven or does
     not drive anything - clipped.
Block slv_com_top_inst/rx_com_inst/dec8b10b_wrapper_inst/VCC undriven or does
     not drive anything - clipped.
Block slv_com_top_inst/rx_com_inst/dec8b10b_wrapper_inst/dec8b10b_new_inst/GND
     undriven or does not drive anything - clipped.
Block slv_com_top_inst/rx_com_inst/dec8b10b_wrapper_inst/dec8b10b_new_inst/VCC
     undriven or does not drive anything - clipped.
Block slv_com_top_inst/rx_com_inst/dec8b10b_wrapper_inst/dec8b10b_new_inst/dec6b
     _5b_inst/GND undriven or does not drive anything - clipped.
Block slv_com_top_inst/rx_com_inst/dec8b10b_wrapper_inst/dec8b10b_new_inst/dec6b
     _5b_inst/VCC undriven or does not drive anything - clipped.
Block slv_com_top_inst/rx_com_inst/dec8b10b_wrapper_inst/dec8b10b_new_inst/dec4b
     _3b_inst/GND undriven or does not drive anything - clipped.
Block slv_com_top_inst/rx_com_inst/dec8b10b_wrapper_inst/dec8b10b_new_inst/dec4b
     _3b_inst/VCC undriven or does not drive anything - clipped.
Block slv_com_top_inst/rx_com_inst/rx_cont_b1_inst/GND undriven or does not
     drive anything - clipped.
Block slv_com_top_inst/rx_com_inst/rx_cont_b1_inst/VCC undriven or does not
     drive anything - clipped.
Block slv_com_top_inst/rx_com_inst/rx_cont_b1_inst/rx_ctl_1st_inst/GND undriven
     or does not drive anything - clipped.
Block slv_com_top_inst/rx_com_inst/rx_cont_b1_inst/rx_ctl_1st_inst/VCC undriven
     or does not drive anything - clipped.
Block slv_com_top_inst/rx_com_inst/rx_cont_b2_inst/GND undriven or does not
     drive anything - clipped.
Block slv_com_top_inst/rx_com_inst/rx_cont_b2_inst/VCC undriven or does not
     drive anything - clipped.
Block slv_com_top_inst/rx_com_inst/rx_cont_b2_inst/crc_check_inst/GND undriven
     or does not drive anything - clipped.
Block slv_com_top_inst/rx_com_inst/rx_cont_b2_inst/crc_check_inst/VCC undriven
     or does not drive anything - clipped.

                                   Page 38




Design:  SP0557                                        Date:  02/28/26  21:16:30

Removed logic (cont)
--------------------
Block slv_com_top_inst/rx_com_inst/rx_cont_b2_inst/rx_ctl_3rd_inst/GND undriven
     or does not drive anything - clipped.
Block slv_com_top_inst/cds_inst/GND undriven or does not drive anything -
     clipped.
Block slv_com_top_inst/cds_inst/VCC undriven or does not drive anything -
     clipped.
Block CLK_gen_inst/GND undriven or does not drive anything - clipped.
Block CLK_gen_inst/VCC undriven or does not drive anything - clipped.
Block sp_conv_inst/GND undriven or does not drive anything - clipped.
Block sp_conv_inst/VCC undriven or does not drive anything - clipped.
Block sp_conv_inst/SIO_inst1/GND undriven or does not drive anything - clipped.
Block sp_conv_inst/SIO_inst1/VCC undriven or does not drive anything - clipped.
Block sp_conv_inst/SIO_inst1/U_SPI_master/GND undriven or does not drive
     anything - clipped.
Block EFUSE_CTRL_inst/GND undriven or does not drive anything - clipped.
Block EFUSE_CTRL_inst/VCC undriven or does not drive anything - clipped.
Block U_DAC43608_top/GND undriven or does not drive anything - clipped.
Block U_DAC43608_top/VCC undriven or does not drive anything - clipped.
Block U_DAC43608_top/U01/GND undriven or does not drive anything - clipped.
Block U_DAC43608_top/U01/VCC undriven or does not drive anything - clipped.
Block U_DAC43608_top/U01/byte_controller/GND undriven or does not drive anything
     - clipped.
Block U_DAC43608_top/U01/byte_controller/VCC undriven or does not drive anything
     - clipped.
Block U_DAC43608_top/U01/bit_controller/GND undriven or does not drive anything
     - clipped.
Block U_DAC43608_top/U01/registers/GND undriven or does not drive anything -
     clipped.
Block U_DAC43608_top/U01/registers/VCC undriven or does not drive anything -
     clipped.
Block U_DAC43608_top/U02/GND undriven or does not drive anything - clipped.
Block U_DAC43608_top/U02/VCC undriven or does not drive anything - clipped.
Block U_DAC43608_top/U03/GND undriven or does not drive anything - clipped.
Block ADC_CONT/GND undriven or does not drive anything - clipped.
Block ADC_CONT/VCC undriven or does not drive anything - clipped.
Block ADC_CONT/adclk_gen_inst/GND undriven or does not drive anything - clipped.
     
Block ADC_CONT/adclk_gen_inst/VCC undriven or does not drive anything - clipped.
     
Block ADC_CONT/adif_seq_inst/GND undriven or does not drive anything - clipped.
Block ADC_CONT/adif_seq_inst/VCC undriven or does not drive anything - clipped.
Block ADC_CONT/shiftreg12bit_inst/GND undriven or does not drive anything -
     clipped.
Block ADC_CONT/shiftreg12bit_inst/VCC undriven or does not drive anything -
     clipped.
Block ADC_CONT/adc_reg_inst/GND undriven or does not drive anything - clipped.
Block ADC_CONT/adc_reg_inst/VCC undriven or does not drive anything - clipped.
Block LEDLT/TLC5916/GND undriven or does not drive anything - clipped.
Block LEDLT/AD8402/GND undriven or does not drive anything - clipped.
Block LEDLT/AD8402/VCC undriven or does not drive anything - clipped.
Block LEDLT/AD8402/U_ad8402/GND undriven or does not drive anything - clipped.
Block ENC_inst/GND undriven or does not drive anything - clipped.
Block ENC_inst/VCC undriven or does not drive anything - clipped.
Block ENC_inst/enc_func.1.enc_top_inst/GND undriven or does not drive anything -
     clipped.
Block ENC_inst/enc_func.1.enc_top_inst/VCC undriven or does not drive anything -

                                   Page 39




Design:  SP0557                                        Date:  02/28/26  21:16:30

Removed logic (cont)
--------------------
     clipped.
Block ENC_inst/enc_func.1.enc_top_inst/encoder_inst/GND undriven or does not
     drive anything - clipped.
Block ENC_inst/enc_func.1.enc_top_inst/U_enc_lmt/GND undriven or does not drive
     anything - clipped.
Block ENC_inst/enc_func.11.enc_top_inst/GND undriven or does not drive anything
     - clipped.
Block ENC_inst/enc_func.11.enc_top_inst/VCC undriven or does not drive anything
     - clipped.
Block ENC_inst/enc_func.11.enc_top_inst/encoder_inst/GND undriven or does not
     drive anything - clipped.
Block ENC_inst/enc_func.11.enc_top_inst/U_enc_lmt/GND undriven or does not drive
     anything - clipped.
Block ENC_inst/enc_func.8.enc_top_inst/GND undriven or does not drive anything -
     clipped.
Block ENC_inst/enc_func.8.enc_top_inst/VCC undriven or does not drive anything -
     clipped.
Block ENC_inst/enc_func.8.enc_top_inst/encoder_inst/GND undriven or does not
     drive anything - clipped.
Block ENC_inst/enc_func.8.enc_top_inst/U_enc_lmt/GND undriven or does not drive
     anything - clipped.
Block ENC_inst/enc_func.5.enc_top_inst/GND undriven or does not drive anything -
     clipped.
Block ENC_inst/enc_func.5.enc_top_inst/VCC undriven or does not drive anything -
     clipped.
Block ENC_inst/enc_func.5.enc_top_inst/encoder_inst/GND undriven or does not
     drive anything - clipped.
Block ENC_inst/enc_func.5.enc_top_inst/U_enc_lmt/GND undriven or does not drive
     anything - clipped.
Block ENC_inst/enc_func.2.enc_top_inst/GND undriven or does not drive anything -
     clipped.
Block ENC_inst/enc_func.2.enc_top_inst/VCC undriven or does not drive anything -
     clipped.
Block ENC_inst/enc_func.2.enc_top_inst/encoder_inst/GND undriven or does not
     drive anything - clipped.
Block ENC_inst/enc_func.2.enc_top_inst/U_enc_lmt/GND undriven or does not drive
     anything - clipped.
Block ENC_inst/enc_func.12.enc_top_inst/GND undriven or does not drive anything
     - clipped.
Block ENC_inst/enc_func.12.enc_top_inst/VCC undriven or does not drive anything
     - clipped.
Block ENC_inst/enc_func.12.enc_top_inst/encoder_inst/GND undriven or does not
     drive anything - clipped.
Block ENC_inst/enc_func.12.enc_top_inst/U_enc_lmt/GND undriven or does not drive
     anything - clipped.
Block ENC_inst/enc_func.9.enc_top_inst/GND undriven or does not drive anything -
     clipped.
Block ENC_inst/enc_func.9.enc_top_inst/VCC undriven or does not drive anything -
     clipped.
Block ENC_inst/enc_func.9.enc_top_inst/encoder_inst/GND undriven or does not
     drive anything - clipped.
Block ENC_inst/enc_func.9.enc_top_inst/U_enc_lmt/GND undriven or does not drive
     anything - clipped.
Block ENC_inst/enc_func.6.enc_top_inst/GND undriven or does not drive anything -
     clipped.
Block ENC_inst/enc_func.6.enc_top_inst/VCC undriven or does not drive anything -

                                   Page 40




Design:  SP0557                                        Date:  02/28/26  21:16:30

Removed logic (cont)
--------------------
     clipped.
Block ENC_inst/enc_func.6.enc_top_inst/encoder_inst/GND undriven or does not
     drive anything - clipped.
Block ENC_inst/enc_func.6.enc_top_inst/U_enc_lmt/GND undriven or does not drive
     anything - clipped.
Block ENC_inst/enc_func.3.enc_top_inst/GND undriven or does not drive anything -
     clipped.
Block ENC_inst/enc_func.3.enc_top_inst/VCC undriven or does not drive anything -
     clipped.
Block ENC_inst/enc_func.3.enc_top_inst/encoder_inst/GND undriven or does not
     drive anything - clipped.
Block ENC_inst/enc_func.3.enc_top_inst/U_enc_lmt/GND undriven or does not drive
     anything - clipped.
Block ENC_inst/enc_func.13.enc_top_inst/GND undriven or does not drive anything
     - clipped.
Block ENC_inst/enc_func.13.enc_top_inst/VCC undriven or does not drive anything
     - clipped.
Block ENC_inst/enc_func.13.enc_top_inst/encoder_inst/GND undriven or does not
     drive anything - clipped.
Block ENC_inst/enc_func.13.enc_top_inst/U_enc_lmt/GND undriven or does not drive
     anything - clipped.
Block ENC_inst/enc_func.10.enc_top_inst/GND undriven or does not drive anything
     - clipped.
Block ENC_inst/enc_func.10.enc_top_inst/VCC undriven or does not drive anything
     - clipped.
Block ENC_inst/enc_func.10.enc_top_inst/encoder_inst/GND undriven or does not
     drive anything - clipped.
Block ENC_inst/enc_func.10.enc_top_inst/U_enc_lmt/GND undriven or does not drive
     anything - clipped.
Block ENC_inst/enc_func.7.enc_top_inst/GND undriven or does not drive anything -
     clipped.
Block ENC_inst/enc_func.7.enc_top_inst/VCC undriven or does not drive anything -
     clipped.
Block ENC_inst/enc_func.7.enc_top_inst/encoder_inst/GND undriven or does not
     drive anything - clipped.
Block ENC_inst/enc_func.7.enc_top_inst/U_enc_lmt/GND undriven or does not drive
     anything - clipped.
Block ENC_inst/enc_func.4.enc_top_inst/GND undriven or does not drive anything -
     clipped.
Block ENC_inst/enc_func.4.enc_top_inst/VCC undriven or does not drive anything -
     clipped.
Block ENC_inst/enc_func.4.enc_top_inst/encoder_inst/GND undriven or does not
     drive anything - clipped.
Block ENC_inst/enc_func.4.enc_top_inst/U_enc_lmt/GND undriven or does not drive
     anything - clipped.
Block pls_sens_inst/GND undriven or does not drive anything - clipped.
Block pls_sens_inst/VCC undriven or does not drive anything - clipped.
Block stm01/GND undriven or does not drive anything - clipped.
Block stm01/VCC undriven or does not drive anything - clipped.
Block stm01/fc_dec_inst/GND undriven or does not drive anything - clipped.
Block stm01/fc_dec_inst/VCC undriven or does not drive anything - clipped.
Block stm01/fc_sel_inst/GND undriven or does not drive anything - clipped.
Block stm01/fc_sel_inst/VCC undriven or does not drive anything - clipped.
Block stm01/ppmc_reg_S118M_inst/GND undriven or does not drive anything -
     clipped.
Block stm01/ppmc_reg_S118M_inst/VCC undriven or does not drive anything -

                                   Page 41




Design:  SP0557                                        Date:  02/28/26  21:16:30

Removed logic (cont)
--------------------
     clipped.
Block stm01/ppmc_reg_S118M_inst/inst_ppmc_u_step_ext/GND undriven or does not
     drive anything - clipped.
Block stm01/ppmc_reg_S118M_inst/inst_ppmc_u_step_ext/VCC undriven or does not
     drive anything - clipped.
Block stm01/ppmc_reg_S118M_inst/inst_ppmc_plsgen/GND undriven or does not drive
     anything - clipped.
Block stm01/ppmc_reg_S118M_inst/inst_ppmc_plsgen/VCC undriven or does not drive
     anything - clipped.
Block stm01/ppmc_reg_S118M_inst/inst_ppmc_plsgen/ppmc_acc_tim_gen_inst/GND
     undriven or does not drive anything - clipped.
Block stm01/ppmc_reg_S118M_inst/inst_ppmc_plsgen/ppmc_speed_cnt_inst/GND
     undriven or does not drive anything - clipped.
Block stm01/ppmc_reg_S118M_inst/inst_ppmc_plsgen/ppmc_timer_cnt_inst/GND
     undriven or does not drive anything - clipped.
Block stm01/ppmc_reg_S118M_inst/inst_ppmc_plsgen/ppmc_pls_cnt_inst/GND undriven
     or does not drive anything - clipped.
Block stm01/ppmc_reg_S118M_inst/inst_ppmc_dec/GND undriven or does not drive
     anything - clipped.
Block stm01/ppmc_reg_S118M_inst/inst_ppmc_dec/VCC undriven or does not drive
     anything - clipped.
Block stm01/ppmc_reg_S118M_inst/inst_ppmc_rgstr/VCC undriven or does not drive
     anything - clipped.
Block stm01/ppmc_reg_S118M_inst/inst_ppmc_enblr/GND undriven or does not drive
     anything - clipped.
Block stm01/ppmc_reg_S118M_inst/inst_ppmc_ctrl/GND undriven or does not drive
     anything - clipped.
Block stm01/ppmc_reg_S118M_inst/inst_ppmc_cmdchk/GND undriven or does not drive
     anything - clipped.
Block stm02/GND undriven or does not drive anything - clipped.
Block stm02/VCC undriven or does not drive anything - clipped.
Block stm02/fc_dec_inst/GND undriven or does not drive anything - clipped.
Block stm02/fc_dec_inst/VCC undriven or does not drive anything - clipped.
Block stm02/fc_sel_inst/GND undriven or does not drive anything - clipped.
Block stm02/fc_sel_inst/VCC undriven or does not drive anything - clipped.
Block stm02/ppmc_reg_S118M_inst/GND undriven or does not drive anything -
     clipped.
Block stm02/ppmc_reg_S118M_inst/VCC undriven or does not drive anything -
     clipped.
Block stm02/ppmc_reg_S118M_inst/inst_ppmc_u_step_ext/GND undriven or does not
     drive anything - clipped.
Block stm02/ppmc_reg_S118M_inst/inst_ppmc_u_step_ext/VCC undriven or does not
     drive anything - clipped.
Block stm02/ppmc_reg_S118M_inst/inst_ppmc_plsgen/GND undriven or does not drive
     anything - clipped.
Block stm02/ppmc_reg_S118M_inst/inst_ppmc_plsgen/VCC undriven or does not drive
     anything - clipped.
Block stm02/ppmc_reg_S118M_inst/inst_ppmc_plsgen/ppmc_acc_tim_gen_inst/GND
     undriven or does not drive anything - clipped.
Block stm02/ppmc_reg_S118M_inst/inst_ppmc_plsgen/ppmc_speed_cnt_inst/GND
     undriven or does not drive anything - clipped.
Block stm02/ppmc_reg_S118M_inst/inst_ppmc_plsgen/ppmc_timer_cnt_inst/GND
     undriven or does not drive anything - clipped.
Block stm02/ppmc_reg_S118M_inst/inst_ppmc_plsgen/ppmc_pls_cnt_inst/GND undriven
     or does not drive anything - clipped.
Block stm02/ppmc_reg_S118M_inst/inst_ppmc_dec/GND undriven or does not drive

                                   Page 42




Design:  SP0557                                        Date:  02/28/26  21:16:30

Removed logic (cont)
--------------------
     anything - clipped.
Block stm02/ppmc_reg_S118M_inst/inst_ppmc_dec/VCC undriven or does not drive
     anything - clipped.
Block stm02/ppmc_reg_S118M_inst/inst_ppmc_rgstr/VCC undriven or does not drive
     anything - clipped.
Block stm02/ppmc_reg_S118M_inst/inst_ppmc_enblr/GND undriven or does not drive
     anything - clipped.
Block stm02/ppmc_reg_S118M_inst/inst_ppmc_ctrl/GND undriven or does not drive
     anything - clipped.
Block stm02/ppmc_reg_S118M_inst/inst_ppmc_cmdchk/GND undriven or does not drive
     anything - clipped.
Block stm03/GND undriven or does not drive anything - clipped.
Block stm03/VCC undriven or does not drive anything - clipped.
Block stm03/fc_dec_inst/GND undriven or does not drive anything - clipped.
Block stm03/fc_dec_inst/VCC undriven or does not drive anything - clipped.
Block stm03/fc_sel_inst/GND undriven or does not drive anything - clipped.
Block stm03/fc_sel_inst/VCC undriven or does not drive anything - clipped.
Block stm03/ppmc_reg_S118M_inst/GND undriven or does not drive anything -
     clipped.
Block stm03/ppmc_reg_S118M_inst/VCC undriven or does not drive anything -
     clipped.
Block stm03/ppmc_reg_S118M_inst/inst_ppmc_u_step_ext/GND undriven or does not
     drive anything - clipped.
Block stm03/ppmc_reg_S118M_inst/inst_ppmc_u_step_ext/VCC undriven or does not
     drive anything - clipped.
Block stm03/ppmc_reg_S118M_inst/inst_ppmc_plsgen/GND undriven or does not drive
     anything - clipped.
Block stm03/ppmc_reg_S118M_inst/inst_ppmc_plsgen/VCC undriven or does not drive
     anything - clipped.
Block stm03/ppmc_reg_S118M_inst/inst_ppmc_plsgen/ppmc_acc_tim_gen_inst/GND
     undriven or does not drive anything - clipped.
Block stm03/ppmc_reg_S118M_inst/inst_ppmc_plsgen/ppmc_speed_cnt_inst/GND
     undriven or does not drive anything - clipped.
Block stm03/ppmc_reg_S118M_inst/inst_ppmc_plsgen/ppmc_timer_cnt_inst/GND
     undriven or does not drive anything - clipped.
Block stm03/ppmc_reg_S118M_inst/inst_ppmc_plsgen/ppmc_pls_cnt_inst/GND undriven
     or does not drive anything - clipped.
Block stm03/ppmc_reg_S118M_inst/inst_ppmc_dec/GND undriven or does not drive
     anything - clipped.
Block stm03/ppmc_reg_S118M_inst/inst_ppmc_dec/VCC undriven or does not drive
     anything - clipped.
Block stm03/ppmc_reg_S118M_inst/inst_ppmc_rgstr/VCC undriven or does not drive
     anything - clipped.
Block stm03/ppmc_reg_S118M_inst/inst_ppmc_enblr/GND undriven or does not drive
     anything - clipped.
Block stm03/ppmc_reg_S118M_inst/inst_ppmc_ctrl/GND undriven or does not drive
     anything - clipped.
Block stm03/ppmc_reg_S118M_inst/inst_ppmc_cmdchk/GND undriven or does not drive
     anything - clipped.
Block stm04/GND undriven or does not drive anything - clipped.
Block stm04/VCC undriven or does not drive anything - clipped.
Block stm04/fc_dec_inst/GND undriven or does not drive anything - clipped.
Block stm04/fc_dec_inst/VCC undriven or does not drive anything - clipped.
Block stm04/fc_sel_inst/GND undriven or does not drive anything - clipped.
Block stm04/fc_sel_inst/VCC undriven or does not drive anything - clipped.
Block stm04/ppmc_reg_S118M_inst/GND undriven or does not drive anything -

                                   Page 43




Design:  SP0557                                        Date:  02/28/26  21:16:30

Removed logic (cont)
--------------------
     clipped.
Block stm04/ppmc_reg_S118M_inst/VCC undriven or does not drive anything -
     clipped.
Block stm04/ppmc_reg_S118M_inst/inst_ppmc_u_step_ext/GND undriven or does not
     drive anything - clipped.
Block stm04/ppmc_reg_S118M_inst/inst_ppmc_u_step_ext/VCC undriven or does not
     drive anything - clipped.
Block stm04/ppmc_reg_S118M_inst/inst_ppmc_plsgen/GND undriven or does not drive
     anything - clipped.
Block stm04/ppmc_reg_S118M_inst/inst_ppmc_plsgen/VCC undriven or does not drive
     anything - clipped.
Block stm04/ppmc_reg_S118M_inst/inst_ppmc_plsgen/ppmc_acc_tim_gen_inst/GND
     undriven or does not drive anything - clipped.
Block stm04/ppmc_reg_S118M_inst/inst_ppmc_plsgen/ppmc_speed_cnt_inst/GND
     undriven or does not drive anything - clipped.
Block stm04/ppmc_reg_S118M_inst/inst_ppmc_plsgen/ppmc_timer_cnt_inst/GND
     undriven or does not drive anything - clipped.
Block stm04/ppmc_reg_S118M_inst/inst_ppmc_plsgen/ppmc_pls_cnt_inst/GND undriven
     or does not drive anything - clipped.
Block stm04/ppmc_reg_S118M_inst/inst_ppmc_dec/GND undriven or does not drive
     anything - clipped.
Block stm04/ppmc_reg_S118M_inst/inst_ppmc_dec/VCC undriven or does not drive
     anything - clipped.
Block stm04/ppmc_reg_S118M_inst/inst_ppmc_rgstr/VCC undriven or does not drive
     anything - clipped.
Block stm04/ppmc_reg_S118M_inst/inst_ppmc_enblr/GND undriven or does not drive
     anything - clipped.
Block stm04/ppmc_reg_S118M_inst/inst_ppmc_ctrl/GND undriven or does not drive
     anything - clipped.
Block stm04/ppmc_reg_S118M_inst/inst_ppmc_cmdchk/GND undriven or does not drive
     anything - clipped.
Block stm05/GND undriven or does not drive anything - clipped.
Block stm05/VCC undriven or does not drive anything - clipped.
Block stm05/fc_dec_inst/GND undriven or does not drive anything - clipped.
Block stm05/fc_dec_inst/VCC undriven or does not drive anything - clipped.
Block stm05/fc_sel_inst/GND undriven or does not drive anything - clipped.
Block stm05/fc_sel_inst/VCC undriven or does not drive anything - clipped.
Block stm05/ppmc_reg_S118M_inst/GND undriven or does not drive anything -
     clipped.
Block stm05/ppmc_reg_S118M_inst/VCC undriven or does not drive anything -
     clipped.
Block stm05/ppmc_reg_S118M_inst/inst_ppmc_u_step_ext/GND undriven or does not
     drive anything - clipped.
Block stm05/ppmc_reg_S118M_inst/inst_ppmc_u_step_ext/VCC undriven or does not
     drive anything - clipped.
Block stm05/ppmc_reg_S118M_inst/inst_ppmc_plsgen/GND undriven or does not drive
     anything - clipped.
Block stm05/ppmc_reg_S118M_inst/inst_ppmc_plsgen/VCC undriven or does not drive
     anything - clipped.
Block stm05/ppmc_reg_S118M_inst/inst_ppmc_plsgen/ppmc_acc_tim_gen_inst/GND
     undriven or does not drive anything - clipped.
Block stm05/ppmc_reg_S118M_inst/inst_ppmc_plsgen/ppmc_speed_cnt_inst/GND
     undriven or does not drive anything - clipped.
Block stm05/ppmc_reg_S118M_inst/inst_ppmc_plsgen/ppmc_timer_cnt_inst/GND
     undriven or does not drive anything - clipped.
Block stm05/ppmc_reg_S118M_inst/inst_ppmc_plsgen/ppmc_pls_cnt_inst/GND undriven

                                   Page 44




Design:  SP0557                                        Date:  02/28/26  21:16:30

Removed logic (cont)
--------------------
     or does not drive anything - clipped.
Block stm05/ppmc_reg_S118M_inst/inst_ppmc_dec/GND undriven or does not drive
     anything - clipped.
Block stm05/ppmc_reg_S118M_inst/inst_ppmc_dec/VCC undriven or does not drive
     anything - clipped.
Block stm05/ppmc_reg_S118M_inst/inst_ppmc_rgstr/VCC undriven or does not drive
     anything - clipped.
Block stm05/ppmc_reg_S118M_inst/inst_ppmc_enblr/GND undriven or does not drive
     anything - clipped.
Block stm05/ppmc_reg_S118M_inst/inst_ppmc_ctrl/GND undriven or does not drive
     anything - clipped.
Block stm05/ppmc_reg_S118M_inst/inst_ppmc_cmdchk/GND undriven or does not drive
     anything - clipped.
Block stm06/GND undriven or does not drive anything - clipped.
Block stm06/VCC undriven or does not drive anything - clipped.
Block stm06/fc_dec_inst/GND undriven or does not drive anything - clipped.
Block stm06/fc_dec_inst/VCC undriven or does not drive anything - clipped.
Block stm06/fc_sel_inst/GND undriven or does not drive anything - clipped.
Block stm06/fc_sel_inst/VCC undriven or does not drive anything - clipped.
Block stm06/ppmc_reg_S118M_inst/GND undriven or does not drive anything -
     clipped.
Block stm06/ppmc_reg_S118M_inst/VCC undriven or does not drive anything -
     clipped.
Block stm06/ppmc_reg_S118M_inst/inst_ppmc_u_step_ext/GND undriven or does not
     drive anything - clipped.
Block stm06/ppmc_reg_S118M_inst/inst_ppmc_u_step_ext/VCC undriven or does not
     drive anything - clipped.
Block stm06/ppmc_reg_S118M_inst/inst_ppmc_plsgen/GND undriven or does not drive
     anything - clipped.
Block stm06/ppmc_reg_S118M_inst/inst_ppmc_plsgen/VCC undriven or does not drive
     anything - clipped.
Block stm06/ppmc_reg_S118M_inst/inst_ppmc_plsgen/ppmc_acc_tim_gen_inst/GND
     undriven or does not drive anything - clipped.
Block stm06/ppmc_reg_S118M_inst/inst_ppmc_plsgen/ppmc_speed_cnt_inst/GND
     undriven or does not drive anything - clipped.
Block stm06/ppmc_reg_S118M_inst/inst_ppmc_plsgen/ppmc_timer_cnt_inst/GND
     undriven or does not drive anything - clipped.
Block stm06/ppmc_reg_S118M_inst/inst_ppmc_plsgen/ppmc_pls_cnt_inst/GND undriven
     or does not drive anything - clipped.
Block stm06/ppmc_reg_S118M_inst/inst_ppmc_dec/GND undriven or does not drive
     anything - clipped.
Block stm06/ppmc_reg_S118M_inst/inst_ppmc_dec/VCC undriven or does not drive
     anything - clipped.
Block stm06/ppmc_reg_S118M_inst/inst_ppmc_rgstr/VCC undriven or does not drive
     anything - clipped.
Block stm06/ppmc_reg_S118M_inst/inst_ppmc_enblr/GND undriven or does not drive
     anything - clipped.
Block stm06/ppmc_reg_S118M_inst/inst_ppmc_ctrl/GND undriven or does not drive
     anything - clipped.
Block stm06/ppmc_reg_S118M_inst/inst_ppmc_cmdchk/GND undriven or does not drive
     anything - clipped.
Block stm07/GND undriven or does not drive anything - clipped.
Block stm07/VCC undriven or does not drive anything - clipped.
Block stm07/fc_dec_inst/GND undriven or does not drive anything - clipped.
Block stm07/fc_dec_inst/VCC undriven or does not drive anything - clipped.
Block stm07/fc_sel_inst/GND undriven or does not drive anything - clipped.

                                   Page 45




Design:  SP0557                                        Date:  02/28/26  21:16:30

Removed logic (cont)
--------------------
Block stm07/fc_sel_inst/VCC undriven or does not drive anything - clipped.
Block stm07/ppmc_reg_S118M_inst/GND undriven or does not drive anything -
     clipped.
Block stm07/ppmc_reg_S118M_inst/VCC undriven or does not drive anything -
     clipped.
Block stm07/ppmc_reg_S118M_inst/inst_ppmc_u_step_ext/GND undriven or does not
     drive anything - clipped.
Block stm07/ppmc_reg_S118M_inst/inst_ppmc_u_step_ext/VCC undriven or does not
     drive anything - clipped.
Block stm07/ppmc_reg_S118M_inst/inst_ppmc_plsgen/GND undriven or does not drive
     anything - clipped.
Block stm07/ppmc_reg_S118M_inst/inst_ppmc_plsgen/VCC undriven or does not drive
     anything - clipped.
Block stm07/ppmc_reg_S118M_inst/inst_ppmc_plsgen/ppmc_acc_tim_gen_inst/GND
     undriven or does not drive anything - clipped.
Block stm07/ppmc_reg_S118M_inst/inst_ppmc_plsgen/ppmc_speed_cnt_inst/GND
     undriven or does not drive anything - clipped.
Block stm07/ppmc_reg_S118M_inst/inst_ppmc_plsgen/ppmc_timer_cnt_inst/GND
     undriven or does not drive anything - clipped.
Block stm07/ppmc_reg_S118M_inst/inst_ppmc_plsgen/ppmc_pls_cnt_inst/GND undriven
     or does not drive anything - clipped.
Block stm07/ppmc_reg_S118M_inst/inst_ppmc_dec/GND undriven or does not drive
     anything - clipped.
Block stm07/ppmc_reg_S118M_inst/inst_ppmc_dec/VCC undriven or does not drive
     anything - clipped.
Block stm07/ppmc_reg_S118M_inst/inst_ppmc_rgstr/VCC undriven or does not drive
     anything - clipped.
Block stm07/ppmc_reg_S118M_inst/inst_ppmc_enblr/GND undriven or does not drive
     anything - clipped.
Block stm07/ppmc_reg_S118M_inst/inst_ppmc_ctrl/GND undriven or does not drive
     anything - clipped.
Block stm07/ppmc_reg_S118M_inst/inst_ppmc_cmdchk/GND undriven or does not drive
     anything - clipped.
Block stm08/GND undriven or does not drive anything - clipped.
Block stm08/VCC undriven or does not drive anything - clipped.
Block stm08/fc_dec_inst/GND undriven or does not drive anything - clipped.
Block stm08/fc_dec_inst/VCC undriven or does not drive anything - clipped.
Block stm08/fc_sel_inst/GND undriven or does not drive anything - clipped.
Block stm08/fc_sel_inst/VCC undriven or does not drive anything - clipped.
Block stm08/ppmc_reg_S118M_inst/GND undriven or does not drive anything -
     clipped.
Block stm08/ppmc_reg_S118M_inst/VCC undriven or does not drive anything -
     clipped.
Block stm08/ppmc_reg_S118M_inst/inst_ppmc_u_step_ext/GND undriven or does not
     drive anything - clipped.
Block stm08/ppmc_reg_S118M_inst/inst_ppmc_u_step_ext/VCC undriven or does not
     drive anything - clipped.
Block stm08/ppmc_reg_S118M_inst/inst_ppmc_plsgen/GND undriven or does not drive
     anything - clipped.
Block stm08/ppmc_reg_S118M_inst/inst_ppmc_plsgen/VCC undriven or does not drive
     anything - clipped.
Block stm08/ppmc_reg_S118M_inst/inst_ppmc_plsgen/ppmc_acc_tim_gen_inst/GND
     undriven or does not drive anything - clipped.
Block stm08/ppmc_reg_S118M_inst/inst_ppmc_plsgen/ppmc_speed_cnt_inst/GND
     undriven or does not drive anything - clipped.
Block stm08/ppmc_reg_S118M_inst/inst_ppmc_plsgen/ppmc_timer_cnt_inst/GND

                                   Page 46




Design:  SP0557                                        Date:  02/28/26  21:16:30

Removed logic (cont)
--------------------
     undriven or does not drive anything - clipped.
Block stm08/ppmc_reg_S118M_inst/inst_ppmc_plsgen/ppmc_pls_cnt_inst/GND undriven
     or does not drive anything - clipped.
Block stm08/ppmc_reg_S118M_inst/inst_ppmc_dec/GND undriven or does not drive
     anything - clipped.
Block stm08/ppmc_reg_S118M_inst/inst_ppmc_dec/VCC undriven or does not drive
     anything - clipped.
Block stm08/ppmc_reg_S118M_inst/inst_ppmc_rgstr/VCC undriven or does not drive
     anything - clipped.
Block stm08/ppmc_reg_S118M_inst/inst_ppmc_enblr/GND undriven or does not drive
     anything - clipped.
Block stm08/ppmc_reg_S118M_inst/inst_ppmc_ctrl/GND undriven or does not drive
     anything - clipped.
Block stm08/ppmc_reg_S118M_inst/inst_ppmc_cmdchk/GND undriven or does not drive
     anything - clipped.
Block stm09/GND undriven or does not drive anything - clipped.
Block stm09/VCC undriven or does not drive anything - clipped.
Block stm09/fc_dec_inst/GND undriven or does not drive anything - clipped.
Block stm09/fc_dec_inst/VCC undriven or does not drive anything - clipped.
Block stm09/fc_sel_inst/GND undriven or does not drive anything - clipped.
Block stm09/fc_sel_inst/VCC undriven or does not drive anything - clipped.
Block stm09/ppmc_reg_S118M_inst/GND undriven or does not drive anything -
     clipped.
Block stm09/ppmc_reg_S118M_inst/VCC undriven or does not drive anything -
     clipped.
Block stm09/ppmc_reg_S118M_inst/inst_ppmc_u_step_ext/GND undriven or does not
     drive anything - clipped.
Block stm09/ppmc_reg_S118M_inst/inst_ppmc_u_step_ext/VCC undriven or does not
     drive anything - clipped.
Block stm09/ppmc_reg_S118M_inst/inst_ppmc_plsgen/GND undriven or does not drive
     anything - clipped.
Block stm09/ppmc_reg_S118M_inst/inst_ppmc_plsgen/VCC undriven or does not drive
     anything - clipped.
Block stm09/ppmc_reg_S118M_inst/inst_ppmc_plsgen/ppmc_acc_tim_gen_inst/GND
     undriven or does not drive anything - clipped.
Block stm09/ppmc_reg_S118M_inst/inst_ppmc_plsgen/ppmc_speed_cnt_inst/GND
     undriven or does not drive anything - clipped.
Block stm09/ppmc_reg_S118M_inst/inst_ppmc_plsgen/ppmc_timer_cnt_inst/GND
     undriven or does not drive anything - clipped.
Block stm09/ppmc_reg_S118M_inst/inst_ppmc_plsgen/ppmc_pls_cnt_inst/GND undriven
     or does not drive anything - clipped.
Block stm09/ppmc_reg_S118M_inst/inst_ppmc_dec/GND undriven or does not drive
     anything - clipped.
Block stm09/ppmc_reg_S118M_inst/inst_ppmc_dec/VCC undriven or does not drive
     anything - clipped.
Block stm09/ppmc_reg_S118M_inst/inst_ppmc_rgstr/VCC undriven or does not drive
     anything - clipped.
Block stm09/ppmc_reg_S118M_inst/inst_ppmc_enblr/GND undriven or does not drive
     anything - clipped.
Block stm09/ppmc_reg_S118M_inst/inst_ppmc_ctrl/GND undriven or does not drive
     anything - clipped.
Block stm09/ppmc_reg_S118M_inst/inst_ppmc_cmdchk/GND undriven or does not drive
     anything - clipped.
Block stm10/GND undriven or does not drive anything - clipped.
Block stm10/VCC undriven or does not drive anything - clipped.
Block stm10/fc_dec_inst/GND undriven or does not drive anything - clipped.

                                   Page 47




Design:  SP0557                                        Date:  02/28/26  21:16:30

Removed logic (cont)
--------------------
Block stm10/fc_dec_inst/VCC undriven or does not drive anything - clipped.
Block stm10/fc_sel_inst/GND undriven or does not drive anything - clipped.
Block stm10/fc_sel_inst/VCC undriven or does not drive anything - clipped.
Block stm10/ppmc_reg_S118M_inst/GND undriven or does not drive anything -
     clipped.
Block stm10/ppmc_reg_S118M_inst/VCC undriven or does not drive anything -
     clipped.
Block stm10/ppmc_reg_S118M_inst/inst_ppmc_u_step_ext/GND undriven or does not
     drive anything - clipped.
Block stm10/ppmc_reg_S118M_inst/inst_ppmc_u_step_ext/VCC undriven or does not
     drive anything - clipped.
Block stm10/ppmc_reg_S118M_inst/inst_ppmc_plsgen/GND undriven or does not drive
     anything - clipped.
Block stm10/ppmc_reg_S118M_inst/inst_ppmc_plsgen/VCC undriven or does not drive
     anything - clipped.
Block stm10/ppmc_reg_S118M_inst/inst_ppmc_plsgen/ppmc_acc_tim_gen_inst/GND
     undriven or does not drive anything - clipped.
Block stm10/ppmc_reg_S118M_inst/inst_ppmc_plsgen/ppmc_speed_cnt_inst/GND
     undriven or does not drive anything - clipped.
Block stm10/ppmc_reg_S118M_inst/inst_ppmc_plsgen/ppmc_timer_cnt_inst/GND
     undriven or does not drive anything - clipped.
Block stm10/ppmc_reg_S118M_inst/inst_ppmc_plsgen/ppmc_pls_cnt_inst/GND undriven
     or does not drive anything - clipped.
Block stm10/ppmc_reg_S118M_inst/inst_ppmc_dec/GND undriven or does not drive
     anything - clipped.
Block stm10/ppmc_reg_S118M_inst/inst_ppmc_dec/VCC undriven or does not drive
     anything - clipped.
Block stm10/ppmc_reg_S118M_inst/inst_ppmc_rgstr/VCC undriven or does not drive
     anything - clipped.
Block stm10/ppmc_reg_S118M_inst/inst_ppmc_enblr/GND undriven or does not drive
     anything - clipped.
Block stm10/ppmc_reg_S118M_inst/inst_ppmc_ctrl/GND undriven or does not drive
     anything - clipped.
Block stm10/ppmc_reg_S118M_inst/inst_ppmc_cmdchk/GND undriven or does not drive
     anything - clipped.
Block stm11/GND undriven or does not drive anything - clipped.
Block stm11/VCC undriven or does not drive anything - clipped.
Block stm11/fc_dec_inst/GND undriven or does not drive anything - clipped.
Block stm11/fc_dec_inst/VCC undriven or does not drive anything - clipped.
Block stm11/fc_sel_inst/GND undriven or does not drive anything - clipped.
Block stm11/fc_sel_inst/VCC undriven or does not drive anything - clipped.
Block stm11/ppmc_reg_S118M_inst/GND undriven or does not drive anything -
     clipped.
Block stm11/ppmc_reg_S118M_inst/VCC undriven or does not drive anything -
     clipped.
Block stm11/ppmc_reg_S118M_inst/inst_ppmc_u_step_ext/GND undriven or does not
     drive anything - clipped.
Block stm11/ppmc_reg_S118M_inst/inst_ppmc_u_step_ext/VCC undriven or does not
     drive anything - clipped.
Block stm11/ppmc_reg_S118M_inst/inst_ppmc_plsgen/GND undriven or does not drive
     anything - clipped.
Block stm11/ppmc_reg_S118M_inst/inst_ppmc_plsgen/VCC undriven or does not drive
     anything - clipped.
Block stm11/ppmc_reg_S118M_inst/inst_ppmc_plsgen/ppmc_acc_tim_gen_inst/GND
     undriven or does not drive anything - clipped.
Block stm11/ppmc_reg_S118M_inst/inst_ppmc_plsgen/ppmc_speed_cnt_inst/GND

                                   Page 48




Design:  SP0557                                        Date:  02/28/26  21:16:30

Removed logic (cont)
--------------------
     undriven or does not drive anything - clipped.
Block stm11/ppmc_reg_S118M_inst/inst_ppmc_plsgen/ppmc_timer_cnt_inst/GND
     undriven or does not drive anything - clipped.
Block stm11/ppmc_reg_S118M_inst/inst_ppmc_plsgen/ppmc_pls_cnt_inst/GND undriven
     or does not drive anything - clipped.
Block stm11/ppmc_reg_S118M_inst/inst_ppmc_dec/GND undriven or does not drive
     anything - clipped.
Block stm11/ppmc_reg_S118M_inst/inst_ppmc_dec/VCC undriven or does not drive
     anything - clipped.
Block stm11/ppmc_reg_S118M_inst/inst_ppmc_rgstr/VCC undriven or does not drive
     anything - clipped.
Block stm11/ppmc_reg_S118M_inst/inst_ppmc_enblr/GND undriven or does not drive
     anything - clipped.
Block stm11/ppmc_reg_S118M_inst/inst_ppmc_ctrl/GND undriven or does not drive
     anything - clipped.
Block stm11/ppmc_reg_S118M_inst/inst_ppmc_cmdchk/GND undriven or does not drive
     anything - clipped.
Block stm12/GND undriven or does not drive anything - clipped.
Block stm12/VCC undriven or does not drive anything - clipped.
Block stm12/fc_dec_inst/GND undriven or does not drive anything - clipped.
Block stm12/fc_dec_inst/VCC undriven or does not drive anything - clipped.
Block stm12/fc_sel_inst/GND undriven or does not drive anything - clipped.
Block stm12/fc_sel_inst/VCC undriven or does not drive anything - clipped.
Block stm12/ppmc_reg_S118M_inst/GND undriven or does not drive anything -
     clipped.
Block stm12/ppmc_reg_S118M_inst/VCC undriven or does not drive anything -
     clipped.
Block stm12/ppmc_reg_S118M_inst/inst_ppmc_u_step_ext/GND undriven or does not
     drive anything - clipped.
Block stm12/ppmc_reg_S118M_inst/inst_ppmc_u_step_ext/VCC undriven or does not
     drive anything - clipped.
Block stm12/ppmc_reg_S118M_inst/inst_ppmc_plsgen/GND undriven or does not drive
     anything - clipped.
Block stm12/ppmc_reg_S118M_inst/inst_ppmc_plsgen/VCC undriven or does not drive
     anything - clipped.
Block stm12/ppmc_reg_S118M_inst/inst_ppmc_plsgen/ppmc_acc_tim_gen_inst/GND
     undriven or does not drive anything - clipped.
Block stm12/ppmc_reg_S118M_inst/inst_ppmc_plsgen/ppmc_speed_cnt_inst/GND
     undriven or does not drive anything - clipped.
Block stm12/ppmc_reg_S118M_inst/inst_ppmc_plsgen/ppmc_timer_cnt_inst/GND
     undriven or does not drive anything - clipped.
Block stm12/ppmc_reg_S118M_inst/inst_ppmc_plsgen/ppmc_pls_cnt_inst/GND undriven
     or does not drive anything - clipped.
Block stm12/ppmc_reg_S118M_inst/inst_ppmc_dec/GND undriven or does not drive
     anything - clipped.
Block stm12/ppmc_reg_S118M_inst/inst_ppmc_dec/VCC undriven or does not drive
     anything - clipped.
Block stm12/ppmc_reg_S118M_inst/inst_ppmc_rgstr/VCC undriven or does not drive
     anything - clipped.
Block stm12/ppmc_reg_S118M_inst/inst_ppmc_enblr/GND undriven or does not drive
     anything - clipped.
Block stm12/ppmc_reg_S118M_inst/inst_ppmc_ctrl/GND undriven or does not drive
     anything - clipped.
Block stm12/ppmc_reg_S118M_inst/inst_ppmc_cmdchk/GND undriven or does not drive
     anything - clipped.
Block stm13/GND undriven or does not drive anything - clipped.

                                   Page 49




Design:  SP0557                                        Date:  02/28/26  21:16:30

Removed logic (cont)
--------------------
Block stm13/VCC undriven or does not drive anything - clipped.
Block stm13/fc_dec_inst/GND undriven or does not drive anything - clipped.
Block stm13/fc_dec_inst/VCC undriven or does not drive anything - clipped.
Block stm13/fc_sel_inst/GND undriven or does not drive anything - clipped.
Block stm13/fc_sel_inst/VCC undriven or does not drive anything - clipped.
Block stm13/ppmc_reg_S118M_inst/GND undriven or does not drive anything -
     clipped.
Block stm13/ppmc_reg_S118M_inst/VCC undriven or does not drive anything -
     clipped.
Block stm13/ppmc_reg_S118M_inst/inst_ppmc_u_step_ext/GND undriven or does not
     drive anything - clipped.
Block stm13/ppmc_reg_S118M_inst/inst_ppmc_u_step_ext/VCC undriven or does not
     drive anything - clipped.
Block stm13/ppmc_reg_S118M_inst/inst_ppmc_plsgen/GND undriven or does not drive
     anything - clipped.
Block stm13/ppmc_reg_S118M_inst/inst_ppmc_plsgen/VCC undriven or does not drive
     anything - clipped.
Block stm13/ppmc_reg_S118M_inst/inst_ppmc_plsgen/ppmc_acc_tim_gen_inst/GND
     undriven or does not drive anything - clipped.
Block stm13/ppmc_reg_S118M_inst/inst_ppmc_plsgen/ppmc_speed_cnt_inst/GND
     undriven or does not drive anything - clipped.
Block stm13/ppmc_reg_S118M_inst/inst_ppmc_plsgen/ppmc_timer_cnt_inst/GND
     undriven or does not drive anything - clipped.
Block stm13/ppmc_reg_S118M_inst/inst_ppmc_plsgen/ppmc_pls_cnt_inst/GND undriven
     or does not drive anything - clipped.
Block stm13/ppmc_reg_S118M_inst/inst_ppmc_dec/GND undriven or does not drive
     anything - clipped.
Block stm13/ppmc_reg_S118M_inst/inst_ppmc_dec/VCC undriven or does not drive
     anything - clipped.
Block stm13/ppmc_reg_S118M_inst/inst_ppmc_rgstr/VCC undriven or does not drive
     anything - clipped.
Block stm13/ppmc_reg_S118M_inst/inst_ppmc_enblr/GND undriven or does not drive
     anything - clipped.
Block stm13/ppmc_reg_S118M_inst/inst_ppmc_ctrl/GND undriven or does not drive
     anything - clipped.
Block stm13/ppmc_reg_S118M_inst/inst_ppmc_cmdchk/GND undriven or does not drive
     anything - clipped.
Block gpio01/GND undriven or does not drive anything - clipped.
Block gpio01/VCC undriven or does not drive anything - clipped.
Block gpio01/fc_dec_inst/GND undriven or does not drive anything - clipped.
Block gpio01/fc_dec_inst/VCC undriven or does not drive anything - clipped.
Block gpio01/fc_sel_inst/GND undriven or does not drive anything - clipped.
Block gpio01/fc_sel_inst/VCC undriven or does not drive anything - clipped.
Block gpio01/gpio_reg_inst/GND undriven or does not drive anything - clipped.
Block gpio01/gpio_reg_inst/VCC undriven or does not drive anything - clipped.
Block gpio01/gpio_reg_inst/gpio_op_reg_inst0/GND undriven or does not drive
     anything - clipped.
Block gpio01/gpio_reg_inst/gpio_op_reg_inst0/VCC undriven or does not drive
     anything - clipped.
Block gpio01/gpio_reg_inst/gpio_ip_reg_inst0/GND undriven or does not drive
     anything - clipped.
Block gpio01/gpio_reg_inst/gpio_ip_reg_inst0/VCC undriven or does not drive
     anything - clipped.
Block gpio01/gpio_reg_inst/gpio_op_reg_inst1/GND undriven or does not drive
     anything - clipped.
Block gpio01/gpio_reg_inst/gpio_op_reg_inst1/VCC undriven or does not drive

                                   Page 50




Design:  SP0557                                        Date:  02/28/26  21:16:30

Removed logic (cont)
--------------------
     anything - clipped.
Block gpio01/gpio_reg_inst/gpio_ip_reg_inst1/GND undriven or does not drive
     anything - clipped.
Block gpio01/gpio_reg_inst/gpio_ip_reg_inst1/VCC undriven or does not drive
     anything - clipped.
Block gpio01/gpio_reg_inst/gpio_op_reg_inst2/GND undriven or does not drive
     anything - clipped.
Block gpio01/gpio_reg_inst/gpio_op_reg_inst2/VCC undriven or does not drive
     anything - clipped.
Block gpio01/gpio_reg_inst/gpio_ip_reg_inst2/GND undriven or does not drive
     anything - clipped.
Block gpio01/gpio_reg_inst/gpio_ip_reg_inst2/VCC undriven or does not drive
     anything - clipped.
Block gpio01/gpio_reg_inst/gpio_op_reg_inst3/GND undriven or does not drive
     anything - clipped.
Block gpio01/gpio_reg_inst/gpio_op_reg_inst3/VCC undriven or does not drive
     anything - clipped.
Block gpio01/gpio_reg_inst/gpio_ip_reg_inst3/VCC undriven or does not drive
     anything - clipped.
Block gpio01/gpio_reg_inst/gpio_op_reg_inst4/GND undriven or does not drive
     anything - clipped.
Block gpio01/gpio_reg_inst/gpio_op_reg_inst4/VCC undriven or does not drive
     anything - clipped.
Block gpio01/gpio_reg_inst/gpio_ip_reg_inst4/GND undriven or does not drive
     anything - clipped.
Block gpio01/gpio_reg_inst/gpio_ip_reg_inst4/VCC undriven or does not drive
     anything - clipped.
Block gpio01/gpio_reg_inst/gpio_op_reg_inst5/GND undriven or does not drive
     anything - clipped.
Block gpio01/gpio_reg_inst/gpio_op_reg_inst5/VCC undriven or does not drive
     anything - clipped.
Block gpio01/gpio_reg_inst/gpio_ip_reg_inst5/GND undriven or does not drive
     anything - clipped.
Block gpio01/gpio_reg_inst/gpio_ip_reg_inst5/VCC undriven or does not drive
     anything - clipped.
Block gpio01/gpio_reg_inst/gpio_op_reg_inst6/GND undriven or does not drive
     anything - clipped.
Block gpio01/gpio_reg_inst/gpio_op_reg_inst6/VCC undriven or does not drive
     anything - clipped.
Block gpio01/gpio_reg_inst/gpio_ip_reg_inst6/GND undriven or does not drive
     anything - clipped.
Block gpio01/gpio_reg_inst/gpio_ip_reg_inst6/VCC undriven or does not drive
     anything - clipped.
Block gpio01/gpio_reg_inst/gpio_op_reg_inst7/GND undriven or does not drive
     anything - clipped.
Block gpio01/gpio_reg_inst/gpio_op_reg_inst7/VCC undriven or does not drive
     anything - clipped.
Block gpio01/gpio_reg_inst/gpio_ip_reg_inst7/GND undriven or does not drive
     anything - clipped.
Block gpio01/gpio_reg_inst/gpio_ip_reg_inst7/VCC undriven or does not drive
     anything - clipped.
Block gpio01/gpio_reg_inst/gpio_op_reg_inst8/GND undriven or does not drive
     anything - clipped.
Block gpio01/gpio_reg_inst/gpio_op_reg_inst8/VCC undriven or does not drive
     anything - clipped.
Block gpio01/gpio_reg_inst/gpio_ip_reg_inst8/GND undriven or does not drive

                                   Page 51




Design:  SP0557                                        Date:  02/28/26  21:16:30

Removed logic (cont)
--------------------
     anything - clipped.
Block gpio01/gpio_reg_inst/gpio_ip_reg_inst8/VCC undriven or does not drive
     anything - clipped.
Block gpio01/gpio_reg_inst/gpio_op_reg_inst9/GND undriven or does not drive
     anything - clipped.
Block gpio01/gpio_reg_inst/gpio_op_reg_inst9/VCC undriven or does not drive
     anything - clipped.
Block gpio01/gpio_reg_inst/gpio_ip_reg_inst9/GND undriven or does not drive
     anything - clipped.
Block gpio01/gpio_reg_inst/gpio_ip_reg_inst9/VCC undriven or does not drive
     anything - clipped.
Block gpio01/gpio_reg_inst/gpio_op_reg_inst10/GND undriven or does not drive
     anything - clipped.
Block gpio01/gpio_reg_inst/gpio_op_reg_inst10/VCC undriven or does not drive
     anything - clipped.
Block gpio01/gpio_reg_inst/gpio_ip_reg_inst10/GND undriven or does not drive
     anything - clipped.
Block gpio01/gpio_reg_inst/gpio_ip_reg_inst10/VCC undriven or does not drive
     anything - clipped.
Block gpio01/gpio_reg_inst/gpio_op_reg_inst11/GND undriven or does not drive
     anything - clipped.
Block gpio01/gpio_reg_inst/gpio_op_reg_inst11/VCC undriven or does not drive
     anything - clipped.
Block gpio01/gpio_reg_inst/gpio_ip_reg_inst11/GND undriven or does not drive
     anything - clipped.
Block gpio01/gpio_reg_inst/gpio_ip_reg_inst11/VCC undriven or does not drive
     anything - clipped.
Block gpio01/gpio_reg_inst/gpio_op_reg_inst12/GND undriven or does not drive
     anything - clipped.
Block gpio01/gpio_reg_inst/gpio_op_reg_inst12/VCC undriven or does not drive
     anything - clipped.
Block gpio01/gpio_reg_inst/gpio_ip_reg_inst12/GND undriven or does not drive
     anything - clipped.
Block gpio01/gpio_reg_inst/gpio_ip_reg_inst12/VCC undriven or does not drive
     anything - clipped.
Block gpio01/gpio_reg_inst/gpio_op_reg_inst13/GND undriven or does not drive
     anything - clipped.
Block gpio01/gpio_reg_inst/gpio_op_reg_inst13/VCC undriven or does not drive
     anything - clipped.
Block gpio01/gpio_reg_inst/gpio_ip_reg_inst13/GND undriven or does not drive
     anything - clipped.
Block gpio01/gpio_reg_inst/gpio_ip_reg_inst13/VCC undriven or does not drive
     anything - clipped.
Block gpio01/gpio_reg_inst/gpio_op_reg_inst14/GND undriven or does not drive
     anything - clipped.
Block gpio01/gpio_reg_inst/gpio_op_reg_inst14/VCC undriven or does not drive
     anything - clipped.
Block gpio01/gpio_reg_inst/gpio_ip_reg_inst14/GND undriven or does not drive
     anything - clipped.
Block gpio01/gpio_reg_inst/gpio_ip_reg_inst14/VCC undriven or does not drive
     anything - clipped.
Block gpio01/gpio_reg_inst/gpio_op_reg_inst15/GND undriven or does not drive
     anything - clipped.
Block gpio01/gpio_reg_inst/gpio_op_reg_inst15/VCC undriven or does not drive
     anything - clipped.
Block gpio01/gpio_reg_inst/gpio_ip_reg_inst15/GND undriven or does not drive

                                   Page 52




Design:  SP0557                                        Date:  02/28/26  21:16:30

Removed logic (cont)
--------------------
     anything - clipped.
Block gpio01/gpio_reg_inst/gpio_ip_reg_inst15/VCC undriven or does not drive
     anything - clipped.
Block gpio01/gpio_reg_inst/gpio_op_reg_inst16/GND undriven or does not drive
     anything - clipped.
Block gpio01/gpio_reg_inst/gpio_op_reg_inst16/VCC undriven or does not drive
     anything - clipped.
Block gpio01/gpio_reg_inst/gpio_ip_reg_inst16/GND undriven or does not drive
     anything - clipped.
Block gpio01/gpio_reg_inst/gpio_ip_reg_inst16/VCC undriven or does not drive
     anything - clipped.
Block gpio01/gpio_reg_inst/gpio_op_reg_inst17/GND undriven or does not drive
     anything - clipped.
Block gpio01/gpio_reg_inst/gpio_op_reg_inst17/VCC undriven or does not drive
     anything - clipped.
Block gpio01/gpio_reg_inst/gpio_ip_reg_inst17/GND undriven or does not drive
     anything - clipped.
Block gpio01/gpio_reg_inst/gpio_ip_reg_inst17/VCC undriven or does not drive
     anything - clipped.
Block gpio01/gpio_reg_inst/gpio_op_reg_inst18/GND undriven or does not drive
     anything - clipped.
Block gpio01/gpio_reg_inst/gpio_op_reg_inst18/VCC undriven or does not drive
     anything - clipped.
Block gpio01/gpio_reg_inst/gpio_ip_reg_inst18/GND undriven or does not drive
     anything - clipped.
Block gpio01/gpio_reg_inst/gpio_ip_reg_inst18/VCC undriven or does not drive
     anything - clipped.
Block gpio01/gpio_reg_inst/gpio_op_reg_inst19/GND undriven or does not drive
     anything - clipped.
Block gpio01/gpio_reg_inst/gpio_op_reg_inst19/VCC undriven or does not drive
     anything - clipped.
Block gpio01/gpio_reg_inst/gpio_ip_reg_inst19/GND undriven or does not drive
     anything - clipped.
Block gpio01/gpio_reg_inst/gpio_ip_reg_inst19/VCC undriven or does not drive
     anything - clipped.
Block gpio01/gpio_reg_inst/gpio_ip_reg_inst20/GND undriven or does not drive
     anything - clipped.
Block gpio01/gpio_reg_inst/gpio_ip_reg_inst20/VCC undriven or does not drive
     anything - clipped.
Block gpio01/gpio_reg_inst/gpio_ip_reg_inst21/GND undriven or does not drive
     anything - clipped.
Block gpio01/gpio_reg_inst/gpio_ip_reg_inst21/VCC undriven or does not drive
     anything - clipped.
Block gpio01/gpio_reg_inst/gpio_ip_reg_inst22/GND undriven or does not drive
     anything - clipped.
Block gpio01/gpio_reg_inst/gpio_ip_reg_inst22/VCC undriven or does not drive
     anything - clipped.
Block gpio01/gpio_reg_inst/gpio_ip_reg_inst23/GND undriven or does not drive
     anything - clipped.
Block gpio01/gpio_reg_inst/gpio_ip_reg_inst23/VCC undriven or does not drive
     anything - clipped.
Block gpio01/gpio_reg_inst/gpio_ip_reg_inst24/GND undriven or does not drive
     anything - clipped.
Block gpio01/gpio_reg_inst/gpio_ip_reg_inst24/VCC undriven or does not drive
     anything - clipped.
Block gpio01/gpio_reg_inst/gpio_ip_reg_inst25/GND undriven or does not drive

                                   Page 53




Design:  SP0557                                        Date:  02/28/26  21:16:30

Removed logic (cont)
--------------------
     anything - clipped.
Block gpio01/gpio_reg_inst/gpio_ip_reg_inst25/VCC undriven or does not drive
     anything - clipped.
Block gpio01/gpio_reg_inst/gpio_ip_reg_inst26/GND undriven or does not drive
     anything - clipped.
Block gpio01/gpio_reg_inst/gpio_ip_reg_inst26/VCC undriven or does not drive
     anything - clipped.
Block gpio01/gpio_reg_inst/gpio_ip_reg_inst27/GND undriven or does not drive
     anything - clipped.
Block gpio01/gpio_reg_inst/gpio_ip_reg_inst27/VCC undriven or does not drive
     anything - clipped.
Block gpio01/gpio_reg_inst/gpio_ip_reg_inst28/GND undriven or does not drive
     anything - clipped.
Block gpio01/gpio_reg_inst/gpio_ip_reg_inst28/VCC undriven or does not drive
     anything - clipped.
Block gpio01/gpio_reg_inst/gpio_ip_reg_inst29/GND undriven or does not drive
     anything - clipped.
Block gpio01/gpio_reg_inst/gpio_ip_reg_inst29/VCC undriven or does not drive
     anything - clipped.
Block gpio01/gpio_reg_inst/gpio_ip_reg_inst30/GND undriven or does not drive
     anything - clipped.
Block gpio01/gpio_reg_inst/gpio_ip_reg_inst30/VCC undriven or does not drive
     anything - clipped.
Block gpio01/gpio_reg_inst/gpio_ip_reg_inst31/VCC undriven or does not drive
     anything - clipped.
Block gpio02/GND undriven or does not drive anything - clipped.
Block gpio02/VCC undriven or does not drive anything - clipped.
Block gpio02/fc_dec_inst/GND undriven or does not drive anything - clipped.
Block gpio02/fc_dec_inst/VCC undriven or does not drive anything - clipped.
Block gpio02/fc_sel_inst/GND undriven or does not drive anything - clipped.
Block gpio02/fc_sel_inst/VCC undriven or does not drive anything - clipped.
Block gpio02/gpio_reg_inst/GND undriven or does not drive anything - clipped.
Block gpio02/gpio_reg_inst/VCC undriven or does not drive anything - clipped.
Block gpio02/gpio_reg_inst/gpio_op_reg_inst0/GND undriven or does not drive
     anything - clipped.
Block gpio02/gpio_reg_inst/gpio_op_reg_inst0/VCC undriven or does not drive
     anything - clipped.
Block gpio02/gpio_reg_inst/gpio_ip_reg_inst0/GND undriven or does not drive
     anything - clipped.
Block gpio02/gpio_reg_inst/gpio_ip_reg_inst0/VCC undriven or does not drive
     anything - clipped.
Block gpio02/gpio_reg_inst/gpio_op_reg_inst1/GND undriven or does not drive
     anything - clipped.
Block gpio02/gpio_reg_inst/gpio_op_reg_inst1/VCC undriven or does not drive
     anything - clipped.
Block gpio02/gpio_reg_inst/gpio_ip_reg_inst1/GND undriven or does not drive
     anything - clipped.
Block gpio02/gpio_reg_inst/gpio_ip_reg_inst1/VCC undriven or does not drive
     anything - clipped.
Block gpio02/gpio_reg_inst/gpio_op_reg_inst2/GND undriven or does not drive
     anything - clipped.
Block gpio02/gpio_reg_inst/gpio_op_reg_inst2/VCC undriven or does not drive
     anything - clipped.
Block gpio02/gpio_reg_inst/gpio_ip_reg_inst2/GND undriven or does not drive
     anything - clipped.
Block gpio02/gpio_reg_inst/gpio_ip_reg_inst2/VCC undriven or does not drive

                                   Page 54




Design:  SP0557                                        Date:  02/28/26  21:16:30

Removed logic (cont)
--------------------
     anything - clipped.
Block gpio02/gpio_reg_inst/gpio_op_reg_inst3/GND undriven or does not drive
     anything - clipped.
Block gpio02/gpio_reg_inst/gpio_op_reg_inst3/VCC undriven or does not drive
     anything - clipped.
Block gpio02/gpio_reg_inst/gpio_ip_reg_inst3/GND undriven or does not drive
     anything - clipped.
Block gpio02/gpio_reg_inst/gpio_ip_reg_inst3/VCC undriven or does not drive
     anything - clipped.
Block gpio02/gpio_reg_inst/gpio_op_reg_inst4/GND undriven or does not drive
     anything - clipped.
Block gpio02/gpio_reg_inst/gpio_op_reg_inst4/VCC undriven or does not drive
     anything - clipped.
Block gpio02/gpio_reg_inst/gpio_ip_reg_inst4/GND undriven or does not drive
     anything - clipped.
Block gpio02/gpio_reg_inst/gpio_ip_reg_inst4/VCC undriven or does not drive
     anything - clipped.
Block gpio02/gpio_reg_inst/gpio_op_reg_inst5/GND undriven or does not drive
     anything - clipped.
Block gpio02/gpio_reg_inst/gpio_op_reg_inst5/VCC undriven or does not drive
     anything - clipped.
Block gpio02/gpio_reg_inst/gpio_ip_reg_inst5/GND undriven or does not drive
     anything - clipped.
Block gpio02/gpio_reg_inst/gpio_ip_reg_inst5/VCC undriven or does not drive
     anything - clipped.
Block gpio02/gpio_reg_inst/gpio_op_reg_inst6/GND undriven or does not drive
     anything - clipped.
Block gpio02/gpio_reg_inst/gpio_op_reg_inst6/VCC undriven or does not drive
     anything - clipped.
Block gpio02/gpio_reg_inst/gpio_ip_reg_inst6/VCC undriven or does not drive
     anything - clipped.
Block gpio02/gpio_reg_inst/gpio_op_reg_inst7/GND undriven or does not drive
     anything - clipped.
Block gpio02/gpio_reg_inst/gpio_op_reg_inst7/VCC undriven or does not drive
     anything - clipped.
Block gpio02/gpio_reg_inst/gpio_ip_reg_inst7/GND undriven or does not drive
     anything - clipped.
Block gpio02/gpio_reg_inst/gpio_ip_reg_inst7/VCC undriven or does not drive
     anything - clipped.
Block gpio02/gpio_reg_inst/gpio_op_reg_inst8/GND undriven or does not drive
     anything - clipped.
Block gpio02/gpio_reg_inst/gpio_op_reg_inst8/VCC undriven or does not drive
     anything - clipped.
Block gpio02/gpio_reg_inst/gpio_ip_reg_inst8/VCC undriven or does not drive
     anything - clipped.
Block gpio02/gpio_reg_inst/gpio_op_reg_inst9/GND undriven or does not drive
     anything - clipped.
Block gpio02/gpio_reg_inst/gpio_op_reg_inst9/VCC undriven or does not drive
     anything - clipped.
Block gpio02/gpio_reg_inst/gpio_ip_reg_inst9/GND undriven or does not drive
     anything - clipped.
Block gpio02/gpio_reg_inst/gpio_ip_reg_inst9/VCC undriven or does not drive
     anything - clipped.
Block gpio02/gpio_reg_inst/gpio_op_reg_inst10/GND undriven or does not drive
     anything - clipped.
Block gpio02/gpio_reg_inst/gpio_op_reg_inst10/VCC undriven or does not drive

                                   Page 55




Design:  SP0557                                        Date:  02/28/26  21:16:30

Removed logic (cont)
--------------------
     anything - clipped.
Block gpio02/gpio_reg_inst/gpio_ip_reg_inst10/VCC undriven or does not drive
     anything - clipped.
Block gpio02/gpio_reg_inst/gpio_op_reg_inst11/GND undriven or does not drive
     anything - clipped.
Block gpio02/gpio_reg_inst/gpio_op_reg_inst11/VCC undriven or does not drive
     anything - clipped.
Block gpio02/gpio_reg_inst/gpio_ip_reg_inst11/GND undriven or does not drive
     anything - clipped.
Block gpio02/gpio_reg_inst/gpio_ip_reg_inst11/VCC undriven or does not drive
     anything - clipped.
Block gpio02/gpio_reg_inst/gpio_op_reg_inst12/GND undriven or does not drive
     anything - clipped.
Block gpio02/gpio_reg_inst/gpio_op_reg_inst12/VCC undriven or does not drive
     anything - clipped.
Block gpio02/gpio_reg_inst/gpio_ip_reg_inst12/VCC undriven or does not drive
     anything - clipped.
Block gpio02/gpio_reg_inst/gpio_op_reg_inst13/GND undriven or does not drive
     anything - clipped.
Block gpio02/gpio_reg_inst/gpio_op_reg_inst13/VCC undriven or does not drive
     anything - clipped.
Block gpio02/gpio_reg_inst/gpio_ip_reg_inst13/GND undriven or does not drive
     anything - clipped.
Block gpio02/gpio_reg_inst/gpio_ip_reg_inst13/VCC undriven or does not drive
     anything - clipped.
Block gpio02/gpio_reg_inst/gpio_op_reg_inst14/GND undriven or does not drive
     anything - clipped.
Block gpio02/gpio_reg_inst/gpio_op_reg_inst14/VCC undriven or does not drive
     anything - clipped.
Block gpio02/gpio_reg_inst/gpio_ip_reg_inst14/VCC undriven or does not drive
     anything - clipped.
Block gpio02/gpio_reg_inst/gpio_op_reg_inst15/GND undriven or does not drive
     anything - clipped.
Block gpio02/gpio_reg_inst/gpio_op_reg_inst15/VCC undriven or does not drive
     anything - clipped.
Block gpio02/gpio_reg_inst/gpio_ip_reg_inst15/VCC undriven or does not drive
     anything - clipped.
Block gpio02/gpio_reg_inst/gpio_op_reg_inst16/GND undriven or does not drive
     anything - clipped.
Block gpio02/gpio_reg_inst/gpio_op_reg_inst16/VCC undriven or does not drive
     anything - clipped.
Block gpio02/gpio_reg_inst/gpio_ip_reg_inst16/VCC undriven or does not drive
     anything - clipped.
Block gpio02/gpio_reg_inst/gpio_ip_reg_inst17/VCC undriven or does not drive
     anything - clipped.
Block gpio02/gpio_reg_inst/gpio_ip_reg_inst18/VCC undriven or does not drive
     anything - clipped.
Block gpio02/gpio_reg_inst/gpio_op_reg_inst19/GND undriven or does not drive
     anything - clipped.
Block gpio02/gpio_reg_inst/gpio_op_reg_inst19/VCC undriven or does not drive
     anything - clipped.
Block gpio02/gpio_reg_inst/gpio_ip_reg_inst19/VCC undriven or does not drive
     anything - clipped.
Block gpio02/gpio_reg_inst/gpio_ip_reg_inst20/VCC undriven or does not drive
     anything - clipped.
Block gpio02/gpio_reg_inst/gpio_ip_reg_inst21/VCC undriven or does not drive

                                   Page 56




Design:  SP0557                                        Date:  02/28/26  21:16:30

Removed logic (cont)
--------------------
     anything - clipped.
Block gpio02/gpio_reg_inst/gpio_ip_reg_inst22/VCC undriven or does not drive
     anything - clipped.
Block gpio02/gpio_reg_inst/gpio_ip_reg_inst23/VCC undriven or does not drive
     anything - clipped.
Block gpio02/gpio_reg_inst/gpio_ip_reg_inst24/VCC undriven or does not drive
     anything - clipped.
Block gpio02/gpio_reg_inst/gpio_ip_reg_inst25/VCC undriven or does not drive
     anything - clipped.
Block gpio02/gpio_reg_inst/gpio_ip_reg_inst26/VCC undriven or does not drive
     anything - clipped.
Block gpio02/gpio_reg_inst/gpio_ip_reg_inst27/VCC undriven or does not drive
     anything - clipped.
Block gpio02/gpio_reg_inst/gpio_ip_reg_inst28/VCC undriven or does not drive
     anything - clipped.
Block gpio02/gpio_reg_inst/gpio_ip_reg_inst29/VCC undriven or does not drive
     anything - clipped.
Block gpio02/gpio_reg_inst/gpio_ip_reg_inst30/VCC undriven or does not drive
     anything - clipped.
Block gpio02/gpio_reg_inst/gpio_ip_reg_inst31/VCC undriven or does not drive
     anything - clipped.
Signal PORb_c_i was merged into signal PORb_c
Signal slv_com_top_inst/rst_cnt_inst/clk2An_cntr_i[8] was merged into signal
     slv_com_top_inst/clk2An_cntr[8]
Signal slv_com_top_inst/rst_cnt_inst/clk2Ap_cntr_i[8] was merged into signal
     slv_com_top_inst/rst_cnt_inst/clk2Ap_cntr[8]
Signal slv_com_top_inst/rst_cnt_inst/clk2n_cntr_i[8] was merged into signal
     slv_com_top_inst/rst_cnt_inst/clk2n_cntr[8]
Signal slv_com_top_inst/rst_cnt_inst/clk2p_cntr_i[8] was merged into signal
     slv_com_top_inst/rst_cnt_inst/clk2p_cntr[8]
Signal slv_com_top_inst/rst_cnt_inst/CLK_RSTb_OUT_i_i was merged into signal
     slv_com_top_inst.CLK_RSTb_OUT_i
Signal s_LRSTb_i was merged into signal s_LRSTb_r46
Signal slv_com_top_inst/tx_com_inst/enc8b10b_wrapper_inst/reset_n_reg_i was
     merged into signal
     slv_com_top_inst/tx_com_inst/enc8b10b_wrapper_inst/reset_n_reg
Signal slv_com_top_inst/CN_1 was merged into signal slv_com_top_inst.CLK1
Signal slv_com_top_inst/tx_com_inst/tx_cont_b1_inst/tx_dcfifo1_48_inst/invout_0
     was merged into signal
     slv_com_top_inst/tx_com_inst/tx_cont_b1_inst/TX_WREMPTY
Signal slv_com_top_inst/tx_com_inst/tx_cont_b1_inst/tx_dcfifo1_48_inst/invout_1
     was merged into signal slv_com_top_inst/TX_FULL
Signal slv_com_top_inst/TX_FULL_i was merged into signal
     slv_com_top_inst/TX_FULL
Signal slv_com_top_inst/tx_com_inst/tx_cont_b1_inst/tx_dcfifo1_48_inst/rRst was
     merged into signal slv_com_top_inst/TX_RSTb_i_r7
Signal slv_com_top_inst/tx_com_inst/tx_cont_b2_inst/tx_ck_dcfifo1_48_inst/rRst
     was merged into signal slv_com_top_inst/TX_RSTb_i_r11
Signal slv_com_top_inst/tx_com_inst/tx_cont_b2_inst/tx_ck_dcfifo1_48_inst/invout
     _0 was merged into signal
     slv_com_top_inst/tx_com_inst/tx_cont_b2_inst/TXCF_RDEMPTY
Signal slv_com_top_inst/tx_com_inst/tx_cont_b2_inst/tx_ck_dcfifo1_48_inst/invout
     _1 was merged into signal
     slv_com_top_inst/tx_com_inst/tx_cont_b2_inst/tx_ck_dcfifo1_48_inst/Full
Signal slv_com_top_inst/rx_com_inst/dec8b10b_wrapper_inst/reset_n_reg_i was
     merged into signal

                                   Page 57




Design:  SP0557                                        Date:  02/28/26  21:16:30

Removed logic (cont)
--------------------
     slv_com_top_inst.rx_com_inst.dec8b10b_wrapper_inst.reset_n_reg
Signal slv_com_top_inst/rx_com_inst/rx_cont_b1_inst/rx_ck_dcfifo1_48_inst/rRst
     was merged into signal
     slv_com_top_inst.slv_ctrl_top_inst.slv_rx_ctrl_inst.TX_RSTb_0_i
Signal slv_com_top_inst/rx_com_inst/rx_cont_b1_inst/rx_ck_dcfifo1_48_inst/invout
     _0 was merged into signal slv_com_top_inst/rx_com_inst/rx_cont_b1_inst/rx_c
     k_dcfifo1_48_inst/RXCF_RDEMPTY
Signal slv_com_top_inst/rx_com_inst/rx_cont_b1_inst/rx_ck_dcfifo1_48_inst/invout
     _1 was merged into signal
     slv_com_top_inst/rx_com_inst/rx_cont_b1_inst/rx_ck_dcfifo1_48_inst/Full
Signal slv_com_top_inst/rx_com_inst/rx_data_c_i[10] was merged into signal slv_c
     om_top_inst/rx_com_inst/rx_cont_b1_inst/rx_ck_dcfifo1_48_inst/rx_data_c[10]
     
Signal slv_com_top_inst/rx_com_inst/rx_cont_b2_inst/rx_dcfifo1_48_inst/rRst was
     merged into signal
     slv_com_top_inst.slv_ctrl_top_inst.slv_rx_ctrl_inst.TX_RSTb_0_i
Signal slv_com_top_inst/rx_com_inst/rx_cont_b2_inst/rx_dcfifo1_48_inst/invout_0
     was merged into signal slv_com_top_inst/RX_EMPTY
Signal slv_com_top_inst/rx_com_inst/rx_cont_b2_inst/rx_dcfifo1_48_inst/invout_1
     was merged into signal
     slv_com_top_inst/rx_com_inst/rx_cont_b2_inst/rx_dcfifo1_48_inst/Full
Signal slv_com_top_inst/CN_0 was merged into signal slv_com_top_inst.CLKCOM_OUT
Signal slv_com_top_inst/CN was merged into signal slv_com_top_inst/CLK2A
Signal U_DAC43608_top/U03/s_LATCH_1_i[12] was merged into signal
     U_DAC43608_top/U03/s_LATCH_1[12]
Signal U_DAC43608_top/U03/s_LATCH_1_i[11] was merged into signal
     U_DAC43608_top/U03/s_LATCH_1[11]
Signal U_DAC43608_top/U03/s_LATCH_1_i[10] was merged into signal
     U_DAC43608_top/U03/s_LATCH_1[10]
Signal U_DAC43608_top/U03/s_LATCH_1_i[9] was merged into signal
     U_DAC43608_top/U03/s_LATCH_1[9]
Signal U_DAC43608_top/U03/s_LATCH_1_i[8] was merged into signal
     U_DAC43608_top/U03/s_LATCH_1[8]
Signal U_DAC43608_top/U03/s_LATCH_1_i[7] was merged into signal
     U_DAC43608_top/U03/s_LATCH_1[7]
Signal U_DAC43608_top/U03/s_LATCH_1_i[6] was merged into signal
     U_DAC43608_top/U03/s_LATCH_1[6]
Signal U_DAC43608_top/U03/s_LATCH_1_i[5] was merged into signal
     U_DAC43608_top/U03/s_LATCH_1[5]
Signal U_DAC43608_top/U03/s_LATCH_1_i[4] was merged into signal
     U_DAC43608_top/U03/s_LATCH_1[4]
Signal U_DAC43608_top/U03/s_LATCH_1_i[3] was merged into signal
     U_DAC43608_top/U03/s_LATCH_1[3]
Signal U_DAC43608_top/U03/s_LATCH_1_i[2] was merged into signal
     U_DAC43608_top/U03/s_LATCH_1[2]
Signal U_DAC43608_top/U03/s_LATCH_1_i[1] was merged into signal
     U_DAC43608_top/U03/s_LATCH_1[1]
Signal U_DAC43608_top/U03/s_LATCH_1_i[0] was merged into signal
     U_DAC43608_top/U03/s_LATCH_1[0]
Signal GND undriven or does not drive anything - clipped.
Signal VCC undriven or does not drive anything - clipped.
Signal slv_com_top_inst/rst_cnt_inst/VCC undriven or does not drive anything -
     clipped.
Signal slv_com_top_inst/slv_ctrl_top_inst/GND undriven or does not drive
     anything - clipped.
Signal slv_com_top_inst/slv_ctrl_top_inst/slv_tx_ctrl_inst/VCC undriven or does

                                   Page 58




Design:  SP0557                                        Date:  02/28/26  21:16:30

Removed logic (cont)
--------------------
     not drive anything - clipped.
Signal slv_com_top_inst/slv_ctrl_top_inst/slv_rx_ctrl_inst/VCC undriven or does
     not drive anything - clipped.
Signal slv_com_top_inst/slv_ctrl_top_inst/nd_sel_inst/VCC undriven or does not
     drive anything - clipped.
Signal slv_com_top_inst/slvadr_cnv_inst/VCC undriven or does not drive anything
     - clipped.
Signal slv_com_top_inst/tx_com_inst/tx_cont_b1_inst/tx_dcfifo1_48_inst/VCC
     undriven or does not drive anything - clipped.
Signal slv_com_top_inst/tx_com_inst/tx_cont_b1_inst/tx_ctl_1st_inst/VCC undriven
     or does not drive anything - clipped.
Signal slv_com_top_inst/tx_com_inst/tx_cont_b2_inst/tx_ck_dcfifo1_48_inst/VCC
     undriven or does not drive anything - clipped.
Signal slv_com_top_inst/rx_com_inst/rx_cont_b1_inst/rx_ck_dcfifo1_48_inst/VCC
     undriven or does not drive anything - clipped.
Signal slv_com_top_inst/rx_com_inst/rx_cont_b2_inst/rx_dcfifo1_48_inst/VCC
     undriven or does not drive anything - clipped.
Signal slv_com_top_inst/rx_com_inst/rx_cont_b2_inst/rx_ctl_3rd_inst/VCC undriven
     or does not drive anything - clipped.
Signal sp_conv_inst/SIO_inst1/U_SPI_master/VCC undriven or does not drive
     anything - clipped.
Signal U_DAC43608_top/U01/bit_controller/VCC undriven or does not drive anything
     - clipped.
Signal U_DAC43608_top/U03/VCC undriven or does not drive anything - clipped.
Signal LEDLT/GND undriven or does not drive anything - clipped.
Signal LEDLT/VCC undriven or does not drive anything - clipped.
Signal LEDLT/TLC5916/VCC undriven or does not drive anything - clipped.
Signal LEDLT/AD8402/U_ad8402/VCC undriven or does not drive anything - clipped.
Signal ENC_inst/enc_func.1.enc_top_inst/encoder_inst/VCC undriven or does not
     drive anything - clipped.
Signal ENC_inst/enc_func.1.enc_top_inst/U_enc_lmt/VCC undriven or does not drive
     anything - clipped.
Signal ENC_inst/enc_func.11.enc_top_inst/encoder_inst/VCC undriven or does not
     drive anything - clipped.
Signal ENC_inst/enc_func.11.enc_top_inst/U_enc_lmt/VCC undriven or does not
     drive anything - clipped.
Signal ENC_inst/enc_func.8.enc_top_inst/encoder_inst/VCC undriven or does not
     drive anything - clipped.
Signal ENC_inst/enc_func.8.enc_top_inst/U_enc_lmt/VCC undriven or does not drive
     anything - clipped.
Signal ENC_inst/enc_func.5.enc_top_inst/encoder_inst/VCC undriven or does not
     drive anything - clipped.
Signal ENC_inst/enc_func.5.enc_top_inst/U_enc_lmt/VCC undriven or does not drive
     anything - clipped.
Signal ENC_inst/enc_func.2.enc_top_inst/encoder_inst/VCC undriven or does not
     drive anything - clipped.
Signal ENC_inst/enc_func.2.enc_top_inst/U_enc_lmt/VCC undriven or does not drive
     anything - clipped.
Signal ENC_inst/enc_func.12.enc_top_inst/encoder_inst/VCC undriven or does not
     drive anything - clipped.
Signal ENC_inst/enc_func.12.enc_top_inst/U_enc_lmt/VCC undriven or does not
     drive anything - clipped.
Signal ENC_inst/enc_func.9.enc_top_inst/encoder_inst/VCC undriven or does not
     drive anything - clipped.
Signal ENC_inst/enc_func.9.enc_top_inst/U_enc_lmt/VCC undriven or does not drive
     anything - clipped.

                                   Page 59




Design:  SP0557                                        Date:  02/28/26  21:16:30

Removed logic (cont)
--------------------
Signal ENC_inst/enc_func.6.enc_top_inst/encoder_inst/VCC undriven or does not
     drive anything - clipped.
Signal ENC_inst/enc_func.6.enc_top_inst/U_enc_lmt/VCC undriven or does not drive
     anything - clipped.
Signal ENC_inst/enc_func.3.enc_top_inst/encoder_inst/VCC undriven or does not
     drive anything - clipped.
Signal ENC_inst/enc_func.3.enc_top_inst/U_enc_lmt/VCC undriven or does not drive
     anything - clipped.
Signal ENC_inst/enc_func.13.enc_top_inst/encoder_inst/VCC undriven or does not
     drive anything - clipped.
Signal ENC_inst/enc_func.13.enc_top_inst/U_enc_lmt/VCC undriven or does not
     drive anything - clipped.
Signal ENC_inst/enc_func.10.enc_top_inst/encoder_inst/VCC undriven or does not
     drive anything - clipped.
Signal ENC_inst/enc_func.10.enc_top_inst/U_enc_lmt/VCC undriven or does not
     drive anything - clipped.
Signal ENC_inst/enc_func.7.enc_top_inst/encoder_inst/VCC undriven or does not
     drive anything - clipped.
Signal ENC_inst/enc_func.7.enc_top_inst/U_enc_lmt/VCC undriven or does not drive
     anything - clipped.
Signal ENC_inst/enc_func.4.enc_top_inst/encoder_inst/VCC undriven or does not
     drive anything - clipped.
Signal ENC_inst/enc_func.4.enc_top_inst/U_enc_lmt/VCC undriven or does not drive
     anything - clipped.
Signal stm01/ppmc_reg_S118M_inst/inst_ppmc_plsgen/ppmc_acc_tim_gen_inst/VCC
     undriven or does not drive anything - clipped.
Signal stm01/ppmc_reg_S118M_inst/inst_ppmc_plsgen/ppmc_speed_cnt_inst/VCC
     undriven or does not drive anything - clipped.
Signal stm01/ppmc_reg_S118M_inst/inst_ppmc_plsgen/ppmc_timer_cnt_inst/VCC
     undriven or does not drive anything - clipped.
Signal stm01/ppmc_reg_S118M_inst/inst_ppmc_plsgen/ppmc_pls_cnt_inst/VCC undriven
     or does not drive anything - clipped.
Signal stm01/ppmc_reg_S118M_inst/inst_ppmc_rgstr/GND undriven or does not drive
     anything - clipped.
Signal stm01/ppmc_reg_S118M_inst/inst_ppmc_enblr/VCC undriven or does not drive
     anything - clipped.
Signal stm01/ppmc_reg_S118M_inst/inst_ppmc_ctrl/VCC undriven or does not drive
     anything - clipped.
Signal stm01/ppmc_reg_S118M_inst/inst_ppmc_cmdchk/VCC undriven or does not drive
     anything - clipped.
Signal stm02/ppmc_reg_S118M_inst/inst_ppmc_plsgen/ppmc_acc_tim_gen_inst/VCC
     undriven or does not drive anything - clipped.
Signal stm02/ppmc_reg_S118M_inst/inst_ppmc_plsgen/ppmc_speed_cnt_inst/VCC
     undriven or does not drive anything - clipped.
Signal stm02/ppmc_reg_S118M_inst/inst_ppmc_plsgen/ppmc_timer_cnt_inst/VCC
     undriven or does not drive anything - clipped.
Signal stm02/ppmc_reg_S118M_inst/inst_ppmc_plsgen/ppmc_pls_cnt_inst/VCC undriven
     or does not drive anything - clipped.
Signal stm02/ppmc_reg_S118M_inst/inst_ppmc_rgstr/GND undriven or does not drive
     anything - clipped.
Signal stm02/ppmc_reg_S118M_inst/inst_ppmc_enblr/VCC undriven or does not drive
     anything - clipped.
Signal stm02/ppmc_reg_S118M_inst/inst_ppmc_ctrl/VCC undriven or does not drive
     anything - clipped.
Signal stm02/ppmc_reg_S118M_inst/inst_ppmc_cmdchk/VCC undriven or does not drive
     anything - clipped.

                                   Page 60




Design:  SP0557                                        Date:  02/28/26  21:16:30

Removed logic (cont)
--------------------
Signal stm03/ppmc_reg_S118M_inst/inst_ppmc_plsgen/ppmc_acc_tim_gen_inst/VCC
     undriven or does not drive anything - clipped.
Signal stm03/ppmc_reg_S118M_inst/inst_ppmc_plsgen/ppmc_speed_cnt_inst/VCC
     undriven or does not drive anything - clipped.
Signal stm03/ppmc_reg_S118M_inst/inst_ppmc_plsgen/ppmc_timer_cnt_inst/VCC
     undriven or does not drive anything - clipped.
Signal stm03/ppmc_reg_S118M_inst/inst_ppmc_plsgen/ppmc_pls_cnt_inst/VCC undriven
     or does not drive anything - clipped.
Signal stm03/ppmc_reg_S118M_inst/inst_ppmc_rgstr/GND undriven or does not drive
     anything - clipped.
Signal stm03/ppmc_reg_S118M_inst/inst_ppmc_enblr/VCC undriven or does not drive
     anything - clipped.
Signal stm03/ppmc_reg_S118M_inst/inst_ppmc_ctrl/VCC undriven or does not drive
     anything - clipped.
Signal stm03/ppmc_reg_S118M_inst/inst_ppmc_cmdchk/VCC undriven or does not drive
     anything - clipped.
Signal stm04/ppmc_reg_S118M_inst/inst_ppmc_plsgen/ppmc_acc_tim_gen_inst/VCC
     undriven or does not drive anything - clipped.
Signal stm04/ppmc_reg_S118M_inst/inst_ppmc_plsgen/ppmc_speed_cnt_inst/VCC
     undriven or does not drive anything - clipped.
Signal stm04/ppmc_reg_S118M_inst/inst_ppmc_plsgen/ppmc_timer_cnt_inst/VCC
     undriven or does not drive anything - clipped.
Signal stm04/ppmc_reg_S118M_inst/inst_ppmc_plsgen/ppmc_pls_cnt_inst/VCC undriven
     or does not drive anything - clipped.
Signal stm04/ppmc_reg_S118M_inst/inst_ppmc_rgstr/GND undriven or does not drive
     anything - clipped.
Signal stm04/ppmc_reg_S118M_inst/inst_ppmc_enblr/VCC undriven or does not drive
     anything - clipped.
Signal stm04/ppmc_reg_S118M_inst/inst_ppmc_ctrl/VCC undriven or does not drive
     anything - clipped.
Signal stm04/ppmc_reg_S118M_inst/inst_ppmc_cmdchk/VCC undriven or does not drive
     anything - clipped.
Signal stm05/ppmc_reg_S118M_inst/inst_ppmc_plsgen/ppmc_acc_tim_gen_inst/VCC
     undriven or does not drive anything - clipped.
Signal stm05/ppmc_reg_S118M_inst/inst_ppmc_plsgen/ppmc_speed_cnt_inst/VCC
     undriven or does not drive anything - clipped.
Signal stm05/ppmc_reg_S118M_inst/inst_ppmc_plsgen/ppmc_timer_cnt_inst/VCC
     undriven or does not drive anything - clipped.
Signal stm05/ppmc_reg_S118M_inst/inst_ppmc_plsgen/ppmc_pls_cnt_inst/VCC undriven
     or does not drive anything - clipped.
Signal stm05/ppmc_reg_S118M_inst/inst_ppmc_rgstr/GND undriven or does not drive
     anything - clipped.
Signal stm05/ppmc_reg_S118M_inst/inst_ppmc_enblr/VCC undriven or does not drive
     anything - clipped.
Signal stm05/ppmc_reg_S118M_inst/inst_ppmc_ctrl/VCC undriven or does not drive
     anything - clipped.
Signal stm05/ppmc_reg_S118M_inst/inst_ppmc_cmdchk/VCC undriven or does not drive
     anything - clipped.
Signal stm06/ppmc_reg_S118M_inst/inst_ppmc_plsgen/ppmc_acc_tim_gen_inst/VCC
     undriven or does not drive anything - clipped.
Signal stm06/ppmc_reg_S118M_inst/inst_ppmc_plsgen/ppmc_speed_cnt_inst/VCC
     undriven or does not drive anything - clipped.
Signal stm06/ppmc_reg_S118M_inst/inst_ppmc_plsgen/ppmc_timer_cnt_inst/VCC
     undriven or does not drive anything - clipped.
Signal stm06/ppmc_reg_S118M_inst/inst_ppmc_plsgen/ppmc_pls_cnt_inst/VCC undriven
     or does not drive anything - clipped.

                                   Page 61




Design:  SP0557                                        Date:  02/28/26  21:16:30

Removed logic (cont)
--------------------
Signal stm06/ppmc_reg_S118M_inst/inst_ppmc_rgstr/GND undriven or does not drive
     anything - clipped.
Signal stm06/ppmc_reg_S118M_inst/inst_ppmc_enblr/VCC undriven or does not drive
     anything - clipped.
Signal stm06/ppmc_reg_S118M_inst/inst_ppmc_ctrl/VCC undriven or does not drive
     anything - clipped.
Signal stm06/ppmc_reg_S118M_inst/inst_ppmc_cmdchk/VCC undriven or does not drive
     anything - clipped.
Signal stm07/ppmc_reg_S118M_inst/inst_ppmc_plsgen/ppmc_acc_tim_gen_inst/VCC
     undriven or does not drive anything - clipped.
Signal stm07/ppmc_reg_S118M_inst/inst_ppmc_plsgen/ppmc_speed_cnt_inst/VCC
     undriven or does not drive anything - clipped.
Signal stm07/ppmc_reg_S118M_inst/inst_ppmc_plsgen/ppmc_timer_cnt_inst/VCC
     undriven or does not drive anything - clipped.
Signal stm07/ppmc_reg_S118M_inst/inst_ppmc_plsgen/ppmc_pls_cnt_inst/VCC undriven
     or does not drive anything - clipped.
Signal stm07/ppmc_reg_S118M_inst/inst_ppmc_enblr/VCC undriven or does not drive
     anything - clipped.
Signal stm07/ppmc_reg_S118M_inst/inst_ppmc_ctrl/VCC undriven or does not drive
     anything - clipped.
Signal stm07/ppmc_reg_S118M_inst/inst_ppmc_cmdchk/VCC undriven or does not drive
     anything - clipped.
Signal stm08/ppmc_reg_S118M_inst/inst_ppmc_plsgen/ppmc_acc_tim_gen_inst/VCC
     undriven or does not drive anything - clipped.
Signal stm08/ppmc_reg_S118M_inst/inst_ppmc_plsgen/ppmc_speed_cnt_inst/VCC
     undriven or does not drive anything - clipped.
Signal stm08/ppmc_reg_S118M_inst/inst_ppmc_plsgen/ppmc_timer_cnt_inst/VCC
     undriven or does not drive anything - clipped.
Signal stm08/ppmc_reg_S118M_inst/inst_ppmc_plsgen/ppmc_pls_cnt_inst/VCC undriven
     or does not drive anything - clipped.
Signal stm08/ppmc_reg_S118M_inst/inst_ppmc_rgstr/GND undriven or does not drive
     anything - clipped.
Signal stm08/ppmc_reg_S118M_inst/inst_ppmc_enblr/VCC undriven or does not drive
     anything - clipped.
Signal stm08/ppmc_reg_S118M_inst/inst_ppmc_ctrl/VCC undriven or does not drive
     anything - clipped.
Signal stm08/ppmc_reg_S118M_inst/inst_ppmc_cmdchk/VCC undriven or does not drive
     anything - clipped.
Signal stm09/ppmc_reg_S118M_inst/inst_ppmc_plsgen/ppmc_acc_tim_gen_inst/VCC
     undriven or does not drive anything - clipped.
Signal stm09/ppmc_reg_S118M_inst/inst_ppmc_plsgen/ppmc_speed_cnt_inst/VCC
     undriven or does not drive anything - clipped.
Signal stm09/ppmc_reg_S118M_inst/inst_ppmc_plsgen/ppmc_timer_cnt_inst/VCC
     undriven or does not drive anything - clipped.
Signal stm09/ppmc_reg_S118M_inst/inst_ppmc_plsgen/ppmc_pls_cnt_inst/VCC undriven
     or does not drive anything - clipped.
Signal stm09/ppmc_reg_S118M_inst/inst_ppmc_rgstr/GND undriven or does not drive
     anything - clipped.
Signal stm09/ppmc_reg_S118M_inst/inst_ppmc_enblr/VCC undriven or does not drive
     anything - clipped.
Signal stm09/ppmc_reg_S118M_inst/inst_ppmc_ctrl/VCC undriven or does not drive
     anything - clipped.
Signal stm09/ppmc_reg_S118M_inst/inst_ppmc_cmdchk/VCC undriven or does not drive
     anything - clipped.
Signal stm10/ppmc_reg_S118M_inst/inst_ppmc_plsgen/ppmc_acc_tim_gen_inst/VCC
     undriven or does not drive anything - clipped.

                                   Page 62




Design:  SP0557                                        Date:  02/28/26  21:16:30

Removed logic (cont)
--------------------
Signal stm10/ppmc_reg_S118M_inst/inst_ppmc_plsgen/ppmc_speed_cnt_inst/VCC
     undriven or does not drive anything - clipped.
Signal stm10/ppmc_reg_S118M_inst/inst_ppmc_plsgen/ppmc_timer_cnt_inst/VCC
     undriven or does not drive anything - clipped.
Signal stm10/ppmc_reg_S118M_inst/inst_ppmc_plsgen/ppmc_pls_cnt_inst/VCC undriven
     or does not drive anything - clipped.
Signal stm10/ppmc_reg_S118M_inst/inst_ppmc_rgstr/GND undriven or does not drive
     anything - clipped.
Signal stm10/ppmc_reg_S118M_inst/inst_ppmc_enblr/VCC undriven or does not drive
     anything - clipped.
Signal stm10/ppmc_reg_S118M_inst/inst_ppmc_ctrl/VCC undriven or does not drive
     anything - clipped.
Signal stm10/ppmc_reg_S118M_inst/inst_ppmc_cmdchk/VCC undriven or does not drive
     anything - clipped.
Signal stm11/ppmc_reg_S118M_inst/inst_ppmc_plsgen/ppmc_acc_tim_gen_inst/VCC
     undriven or does not drive anything - clipped.
Signal stm11/ppmc_reg_S118M_inst/inst_ppmc_plsgen/ppmc_speed_cnt_inst/VCC
     undriven or does not drive anything - clipped.
Signal stm11/ppmc_reg_S118M_inst/inst_ppmc_plsgen/ppmc_timer_cnt_inst/VCC
     undriven or does not drive anything - clipped.
Signal stm11/ppmc_reg_S118M_inst/inst_ppmc_plsgen/ppmc_pls_cnt_inst/VCC undriven
     or does not drive anything - clipped.
Signal stm11/ppmc_reg_S118M_inst/inst_ppmc_rgstr/GND undriven or does not drive
     anything - clipped.
Signal stm11/ppmc_reg_S118M_inst/inst_ppmc_enblr/VCC undriven or does not drive
     anything - clipped.
Signal stm11/ppmc_reg_S118M_inst/inst_ppmc_ctrl/VCC undriven or does not drive
     anything - clipped.
Signal stm11/ppmc_reg_S118M_inst/inst_ppmc_cmdchk/VCC undriven or does not drive
     anything - clipped.
Signal stm12/ppmc_reg_S118M_inst/inst_ppmc_plsgen/ppmc_acc_tim_gen_inst/VCC
     undriven or does not drive anything - clipped.
Signal stm12/ppmc_reg_S118M_inst/inst_ppmc_plsgen/ppmc_speed_cnt_inst/VCC
     undriven or does not drive anything - clipped.
Signal stm12/ppmc_reg_S118M_inst/inst_ppmc_plsgen/ppmc_timer_cnt_inst/VCC
     undriven or does not drive anything - clipped.
Signal stm12/ppmc_reg_S118M_inst/inst_ppmc_plsgen/ppmc_pls_cnt_inst/VCC undriven
     or does not drive anything - clipped.
Signal stm12/ppmc_reg_S118M_inst/inst_ppmc_rgstr/GND undriven or does not drive
     anything - clipped.
Signal stm12/ppmc_reg_S118M_inst/inst_ppmc_enblr/VCC undriven or does not drive
     anything - clipped.
Signal stm12/ppmc_reg_S118M_inst/inst_ppmc_ctrl/VCC undriven or does not drive
     anything - clipped.
Signal stm12/ppmc_reg_S118M_inst/inst_ppmc_cmdchk/VCC undriven or does not drive
     anything - clipped.
Signal stm13/ppmc_reg_S118M_inst/inst_ppmc_plsgen/ppmc_acc_tim_gen_inst/VCC
     undriven or does not drive anything - clipped.
Signal stm13/ppmc_reg_S118M_inst/inst_ppmc_plsgen/ppmc_speed_cnt_inst/VCC
     undriven or does not drive anything - clipped.
Signal stm13/ppmc_reg_S118M_inst/inst_ppmc_plsgen/ppmc_timer_cnt_inst/VCC
     undriven or does not drive anything - clipped.
Signal stm13/ppmc_reg_S118M_inst/inst_ppmc_plsgen/ppmc_pls_cnt_inst/VCC undriven
     or does not drive anything - clipped.
Signal stm13/ppmc_reg_S118M_inst/inst_ppmc_rgstr/GND undriven or does not drive
     anything - clipped.

                                   Page 63




Design:  SP0557                                        Date:  02/28/26  21:16:30

Removed logic (cont)
--------------------
Signal stm13/ppmc_reg_S118M_inst/inst_ppmc_enblr/VCC undriven or does not drive
     anything - clipped.
Signal stm13/ppmc_reg_S118M_inst/inst_ppmc_ctrl/VCC undriven or does not drive
     anything - clipped.
Signal stm13/ppmc_reg_S118M_inst/inst_ppmc_cmdchk/VCC undriven or does not drive
     anything - clipped.
Signal slv_com_top_inst/rst_cnt_inst/clk2An_cntr_cry_0_COUT[7] undriven or does
     not drive anything - clipped.
Signal slv_com_top_inst/rst_cnt_inst/clk2An_cntr_cry_0_S0[0] undriven or does
     not drive anything - clipped.
Signal slv_com_top_inst/rst_cnt_inst/N_1 undriven or does not drive anything -
     clipped.
Signal slv_com_top_inst/rst_cnt_inst/clk2Ap_cntr_cry_0_COUT[7] undriven or does
     not drive anything - clipped.
Signal slv_com_top_inst/rst_cnt_inst/clk2Ap_cntr_cry_0_S0[0] undriven or does
     not drive anything - clipped.
Signal slv_com_top_inst/rst_cnt_inst/N_2 undriven or does not drive anything -
     clipped.
Signal slv_com_top_inst/rst_cnt_inst/clk2n_cntr_cry_0_COUT[7] undriven or does
     not drive anything - clipped.
Signal slv_com_top_inst/rst_cnt_inst/clk2n_cntr_cry_0_S0[0] undriven or does not
     drive anything - clipped.
Signal slv_com_top_inst/rst_cnt_inst/N_3 undriven or does not drive anything -
     clipped.
Signal slv_com_top_inst/rst_cnt_inst/clk2p_cntr_cry_0_COUT[7] undriven or does
     not drive anything - clipped.
Signal slv_com_top_inst/rst_cnt_inst/clk2p_cntr_cry_0_S0[0] undriven or does not
     drive anything - clipped.
Signal slv_com_top_inst/rst_cnt_inst/N_4 undriven or does not drive anything -
     clipped.
Signal slv_com_top_inst/rst_cnt_inst/clk_cntr_cry_0_COUT[7] undriven or does not
     drive anything - clipped.
Signal slv_com_top_inst/rst_cnt_inst/clk_cntr_cry_0_S0[0] undriven or does not
     drive anything - clipped.
Signal slv_com_top_inst/rst_cnt_inst/N_5 undriven or does not drive anything -
     clipped.
Signal slv_com_top_inst/slv_ctrl_top_inst/slv_tx_ctrl_inst/LA_cry_0_COUT[3]
     undriven or does not drive anything - clipped.
Signal slv_com_top_inst/slv_ctrl_top_inst/slv_tx_ctrl_inst/LA_cry_0_S0[0]
     undriven or does not drive anything - clipped.
Signal slv_com_top_inst/slv_ctrl_top_inst/slv_tx_ctrl_inst/N_12 undriven or does
     not drive anything - clipped.
Signal slv_com_top_inst/slv_ctrl_top_inst/slv_rx_ctrl_inst/LA_cry_0_COUT_0[3]
     undriven or does not drive anything - clipped.
Signal slv_com_top_inst/slv_ctrl_top_inst/slv_rx_ctrl_inst/LA_cry_0_S0_0[0]
     undriven or does not drive anything - clipped.
Signal slv_com_top_inst/slv_ctrl_top_inst/slv_rx_ctrl_inst/N_24 undriven or does
     not drive anything - clipped.
Signal slv_com_top_inst/slv_ctrl_top_inst/nd_sel_inst/LDO_prm_1_0_0_S1 undriven
     or does not drive anything - clipped.
Signal slv_com_top_inst/slv_ctrl_top_inst/nd_sel_inst/LDO_prm_1_0_0_COUT
     undriven or does not drive anything - clipped.
Signal slv_com_top_inst/slv_ctrl_top_inst/nd_sel_inst/LDO_prm_2_0_0_S1 undriven
     or does not drive anything - clipped.
Signal slv_com_top_inst/slv_ctrl_top_inst/nd_sel_inst/LDO_prm_2_0_0_S0 undriven
     or does not drive anything - clipped.

                                   Page 64




Design:  SP0557                                        Date:  02/28/26  21:16:30

Removed logic (cont)
--------------------
Signal slv_com_top_inst/slv_ctrl_top_inst/nd_sel_inst/LDO_prm_4_0_0_S1 undriven
     or does not drive anything - clipped.
Signal slv_com_top_inst/slv_ctrl_top_inst/nd_sel_inst/LDO_prm_4_0_0_S0 undriven
     or does not drive anything - clipped.
Signal slv_com_top_inst/slv_ctrl_top_inst/nd_sel_inst/LDO_prm_6_0_0_S1 undriven
     or does not drive anything - clipped.
Signal slv_com_top_inst/slv_ctrl_top_inst/nd_sel_inst/LDO_prm_6_0_0_S0 undriven
     or does not drive anything - clipped.
Signal slv_com_top_inst/slv_ctrl_top_inst/nd_sel_inst/LDO_prm_8_0_0_S1 undriven
     or does not drive anything - clipped.
Signal slv_com_top_inst/slv_ctrl_top_inst/nd_sel_inst/LDO_prm_8_0_0_S0 undriven
     or does not drive anything - clipped.
Signal slv_com_top_inst/slv_ctrl_top_inst/nd_sel_inst/LDO_prm_10_0_0_S1 undriven
     or does not drive anything - clipped.
Signal slv_com_top_inst/slv_ctrl_top_inst/nd_sel_inst/LDO_prm_10_0_0_S0 undriven
     or does not drive anything - clipped.
Signal slv_com_top_inst/slv_ctrl_top_inst/nd_sel_inst/LDO_prm_12_0_0_S1 undriven
     or does not drive anything - clipped.
Signal slv_com_top_inst/slv_ctrl_top_inst/nd_sel_inst/LDO_prm_12_0_0_S0 undriven
     or does not drive anything - clipped.
Signal slv_com_top_inst/slv_ctrl_top_inst/nd_sel_inst/LDO_prm_14_0_0_S1 undriven
     or does not drive anything - clipped.
Signal slv_com_top_inst/slv_ctrl_top_inst/nd_sel_inst/LDO_prm_14_0_0_S0 undriven
     or does not drive anything - clipped.
Signal slv_com_top_inst/slv_ctrl_top_inst/nd_sel_inst/LDO_prm_15_0_0_S1 undriven
     or does not drive anything - clipped.
Signal slv_com_top_inst/slv_ctrl_top_inst/nd_sel_inst/LDO_prm_15_0_0_S0 undriven
     or does not drive anything - clipped.
Signal slv_com_top_inst/slv_ctrl_top_inst/nd_sel_inst/N_1 undriven or does not
     drive anything - clipped.
Signal slv_com_top_inst/slv_ctrl_top_inst/nd_sel_inst/LDO_prm_1_1_0_S1 undriven
     or does not drive anything - clipped.
Signal slv_com_top_inst/slv_ctrl_top_inst/nd_sel_inst/LDO_prm_1_1_0_COUT
     undriven or does not drive anything - clipped.
Signal slv_com_top_inst/slv_ctrl_top_inst/nd_sel_inst/LDO_prm_2_1_0_S1 undriven
     or does not drive anything - clipped.
Signal slv_com_top_inst/slv_ctrl_top_inst/nd_sel_inst/LDO_prm_2_1_0_S0 undriven
     or does not drive anything - clipped.
Signal slv_com_top_inst/slv_ctrl_top_inst/nd_sel_inst/LDO_prm_4_1_0_S1 undriven
     or does not drive anything - clipped.
Signal slv_com_top_inst/slv_ctrl_top_inst/nd_sel_inst/LDO_prm_4_1_0_S0 undriven
     or does not drive anything - clipped.
Signal slv_com_top_inst/slv_ctrl_top_inst/nd_sel_inst/LDO_prm_6_1_0_S1 undriven
     or does not drive anything - clipped.
Signal slv_com_top_inst/slv_ctrl_top_inst/nd_sel_inst/LDO_prm_6_1_0_S0 undriven
     or does not drive anything - clipped.
Signal slv_com_top_inst/slv_ctrl_top_inst/nd_sel_inst/LDO_prm_8_1_0_S1 undriven
     or does not drive anything - clipped.
Signal slv_com_top_inst/slv_ctrl_top_inst/nd_sel_inst/LDO_prm_8_1_0_S0 undriven
     or does not drive anything - clipped.
Signal slv_com_top_inst/slv_ctrl_top_inst/nd_sel_inst/LDO_prm_10_1_0_S1 undriven
     or does not drive anything - clipped.
Signal slv_com_top_inst/slv_ctrl_top_inst/nd_sel_inst/LDO_prm_10_1_0_S0 undriven
     or does not drive anything - clipped.
Signal slv_com_top_inst/slv_ctrl_top_inst/nd_sel_inst/LDO_prm_12_1_0_S1 undriven
     or does not drive anything - clipped.

                                   Page 65




Design:  SP0557                                        Date:  02/28/26  21:16:30

Removed logic (cont)
--------------------
Signal slv_com_top_inst/slv_ctrl_top_inst/nd_sel_inst/LDO_prm_12_1_0_S0 undriven
     or does not drive anything - clipped.
Signal slv_com_top_inst/slv_ctrl_top_inst/nd_sel_inst/LDO_prm_14_1_0_S1 undriven
     or does not drive anything - clipped.
Signal slv_com_top_inst/slv_ctrl_top_inst/nd_sel_inst/LDO_prm_14_1_0_S0 undriven
     or does not drive anything - clipped.
Signal slv_com_top_inst/slv_ctrl_top_inst/nd_sel_inst/LDO_prm_15_1_0_S1 undriven
     or does not drive anything - clipped.
Signal slv_com_top_inst/slv_ctrl_top_inst/nd_sel_inst/LDO_prm_15_1_0_S0 undriven
     or does not drive anything - clipped.
Signal slv_com_top_inst/slv_ctrl_top_inst/nd_sel_inst/N_2 undriven or does not
     drive anything - clipped.
Signal slv_com_top_inst/slv_ctrl_top_inst/nd_sel_inst/LDO_prm_1_2_0_S1 undriven
     or does not drive anything - clipped.
Signal slv_com_top_inst/slv_ctrl_top_inst/nd_sel_inst/LDO_prm_1_2_0_COUT
     undriven or does not drive anything - clipped.
Signal slv_com_top_inst/slv_ctrl_top_inst/nd_sel_inst/LDO_prm_2_2_0_S1 undriven
     or does not drive anything - clipped.
Signal slv_com_top_inst/slv_ctrl_top_inst/nd_sel_inst/LDO_prm_2_2_0_S0 undriven
     or does not drive anything - clipped.
Signal slv_com_top_inst/slv_ctrl_top_inst/nd_sel_inst/LDO_prm_4_2_0_S1 undriven
     or does not drive anything - clipped.
Signal slv_com_top_inst/slv_ctrl_top_inst/nd_sel_inst/LDO_prm_4_2_0_S0 undriven
     or does not drive anything - clipped.
Signal slv_com_top_inst/slv_ctrl_top_inst/nd_sel_inst/LDO_prm_6_2_0_S1 undriven
     or does not drive anything - clipped.
Signal slv_com_top_inst/slv_ctrl_top_inst/nd_sel_inst/LDO_prm_6_2_0_S0 undriven
     or does not drive anything - clipped.
Signal slv_com_top_inst/slv_ctrl_top_inst/nd_sel_inst/LDO_prm_8_2_0_S1 undriven
     or does not drive anything - clipped.
Signal slv_com_top_inst/slv_ctrl_top_inst/nd_sel_inst/LDO_prm_8_2_0_S0 undriven
     or does not drive anything - clipped.
Signal slv_com_top_inst/slv_ctrl_top_inst/nd_sel_inst/LDO_prm_10_2_0_S1 undriven
     or does not drive anything - clipped.
Signal slv_com_top_inst/slv_ctrl_top_inst/nd_sel_inst/LDO_prm_10_2_0_S0 undriven
     or does not drive anything - clipped.
Signal slv_com_top_inst/slv_ctrl_top_inst/nd_sel_inst/LDO_prm_12_2_0_S1 undriven
     or does not drive anything - clipped.
Signal slv_com_top_inst/slv_ctrl_top_inst/nd_sel_inst/LDO_prm_12_2_0_S0 undriven
     or does not drive anything - clipped.
Signal slv_com_top_inst/slv_ctrl_top_inst/nd_sel_inst/LDO_prm_14_2_0_S1 undriven
     or does not drive anything - clipped.
Signal slv_com_top_inst/slv_ctrl_top_inst/nd_sel_inst/LDO_prm_14_2_0_S0 undriven
     or does not drive anything - clipped.
Signal slv_com_top_inst/slv_ctrl_top_inst/nd_sel_inst/LDO_prm_15_2_0_S1 undriven
     or does not drive anything - clipped.
Signal slv_com_top_inst/slv_ctrl_top_inst/nd_sel_inst/LDO_prm_15_2_0_S0 undriven
     or does not drive anything - clipped.
Signal slv_com_top_inst/slv_ctrl_top_inst/nd_sel_inst/N_3 undriven or does not
     drive anything - clipped.
Signal slv_com_top_inst/slv_ctrl_top_inst/nd_sel_inst/LDO_prm_1_3_0_S1 undriven
     or does not drive anything - clipped.
Signal slv_com_top_inst/slv_ctrl_top_inst/nd_sel_inst/LDO_prm_1_3_0_COUT
     undriven or does not drive anything - clipped.
Signal slv_com_top_inst/slv_ctrl_top_inst/nd_sel_inst/LDO_prm_2_3_0_S1 undriven
     or does not drive anything - clipped.

                                   Page 66




Design:  SP0557                                        Date:  02/28/26  21:16:30

Removed logic (cont)
--------------------
Signal slv_com_top_inst/slv_ctrl_top_inst/nd_sel_inst/LDO_prm_2_3_0_S0 undriven
     or does not drive anything - clipped.
Signal slv_com_top_inst/slv_ctrl_top_inst/nd_sel_inst/LDO_prm_4_3_0_S1 undriven
     or does not drive anything - clipped.
Signal slv_com_top_inst/slv_ctrl_top_inst/nd_sel_inst/LDO_prm_4_3_0_S0 undriven
     or does not drive anything - clipped.
Signal slv_com_top_inst/slv_ctrl_top_inst/nd_sel_inst/LDO_prm_6_3_0_S1 undriven
     or does not drive anything - clipped.
Signal slv_com_top_inst/slv_ctrl_top_inst/nd_sel_inst/LDO_prm_6_3_0_S0 undriven
     or does not drive anything - clipped.
Signal slv_com_top_inst/slv_ctrl_top_inst/nd_sel_inst/LDO_prm_8_3_0_S1 undriven
     or does not drive anything - clipped.
Signal slv_com_top_inst/slv_ctrl_top_inst/nd_sel_inst/LDO_prm_8_3_0_S0 undriven
     or does not drive anything - clipped.
Signal slv_com_top_inst/slv_ctrl_top_inst/nd_sel_inst/LDO_prm_10_3_0_S1 undriven
     or does not drive anything - clipped.
Signal slv_com_top_inst/slv_ctrl_top_inst/nd_sel_inst/LDO_prm_10_3_0_S0 undriven
     or does not drive anything - clipped.
Signal slv_com_top_inst/slv_ctrl_top_inst/nd_sel_inst/LDO_prm_12_3_0_S1 undriven
     or does not drive anything - clipped.
Signal slv_com_top_inst/slv_ctrl_top_inst/nd_sel_inst/LDO_prm_12_3_0_S0 undriven
     or does not drive anything - clipped.
Signal slv_com_top_inst/slv_ctrl_top_inst/nd_sel_inst/LDO_prm_14_3_0_S1 undriven
     or does not drive anything - clipped.
Signal slv_com_top_inst/slv_ctrl_top_inst/nd_sel_inst/LDO_prm_14_3_0_S0 undriven
     or does not drive anything - clipped.
Signal slv_com_top_inst/slv_ctrl_top_inst/nd_sel_inst/LDO_prm_15_3_0_S1 undriven
     or does not drive anything - clipped.
Signal slv_com_top_inst/slv_ctrl_top_inst/nd_sel_inst/LDO_prm_15_3_0_S0 undriven
     or does not drive anything - clipped.
Signal slv_com_top_inst/slv_ctrl_top_inst/nd_sel_inst/N_4 undriven or does not
     drive anything - clipped.
Signal slv_com_top_inst/slv_ctrl_top_inst/nd_sel_inst/LDO_prm_1_4_0_S1 undriven
     or does not drive anything - clipped.
Signal slv_com_top_inst/slv_ctrl_top_inst/nd_sel_inst/LDO_prm_1_4_0_COUT
     undriven or does not drive anything - clipped.
Signal slv_com_top_inst/slv_ctrl_top_inst/nd_sel_inst/LDO_prm_2_4_0_S1 undriven
     or does not drive anything - clipped.
Signal slv_com_top_inst/slv_ctrl_top_inst/nd_sel_inst/LDO_prm_2_4_0_S0 undriven
     or does not drive anything - clipped.
Signal slv_com_top_inst/slv_ctrl_top_inst/nd_sel_inst/LDO_prm_4_4_0_S1 undriven
     or does not drive anything - clipped.
Signal slv_com_top_inst/slv_ctrl_top_inst/nd_sel_inst/LDO_prm_4_4_0_S0 undriven
     or does not drive anything - clipped.
Signal slv_com_top_inst/slv_ctrl_top_inst/nd_sel_inst/LDO_prm_6_4_0_S1 undriven
     or does not drive anything - clipped.
Signal slv_com_top_inst/slv_ctrl_top_inst/nd_sel_inst/LDO_prm_6_4_0_S0 undriven
     or does not drive anything - clipped.
Signal slv_com_top_inst/slv_ctrl_top_inst/nd_sel_inst/LDO_prm_8_4_0_S1 undriven
     or does not drive anything - clipped.
Signal slv_com_top_inst/slv_ctrl_top_inst/nd_sel_inst/LDO_prm_8_4_0_S0 undriven
     or does not drive anything - clipped.
Signal slv_com_top_inst/slv_ctrl_top_inst/nd_sel_inst/LDO_prm_10_4_0_S1 undriven
     or does not drive anything - clipped.
Signal slv_com_top_inst/slv_ctrl_top_inst/nd_sel_inst/LDO_prm_10_4_0_S0 undriven
     or does not drive anything - clipped.

                                   Page 67




Design:  SP0557                                        Date:  02/28/26  21:16:30

Removed logic (cont)
--------------------
Signal slv_com_top_inst/slv_ctrl_top_inst/nd_sel_inst/LDO_prm_12_4_0_S1 undriven
     or does not drive anything - clipped.
Signal slv_com_top_inst/slv_ctrl_top_inst/nd_sel_inst/LDO_prm_12_4_0_S0 undriven
     or does not drive anything - clipped.
Signal slv_com_top_inst/slv_ctrl_top_inst/nd_sel_inst/LDO_prm_14_4_0_S1 undriven
     or does not drive anything - clipped.
Signal slv_com_top_inst/slv_ctrl_top_inst/nd_sel_inst/LDO_prm_14_4_0_S0 undriven
     or does not drive anything - clipped.
Signal slv_com_top_inst/slv_ctrl_top_inst/nd_sel_inst/LDO_prm_15_4_0_S1 undriven
     or does not drive anything - clipped.
Signal slv_com_top_inst/slv_ctrl_top_inst/nd_sel_inst/LDO_prm_15_4_0_S0 undriven
     or does not drive anything - clipped.
Signal slv_com_top_inst/slv_ctrl_top_inst/nd_sel_inst/N_5 undriven or does not
     drive anything - clipped.
Signal slv_com_top_inst/slv_ctrl_top_inst/nd_sel_inst/LDO_prm_1_5_0_S1 undriven
     or does not drive anything - clipped.
Signal slv_com_top_inst/slv_ctrl_top_inst/nd_sel_inst/LDO_prm_1_5_0_COUT
     undriven or does not drive anything - clipped.
Signal slv_com_top_inst/slv_ctrl_top_inst/nd_sel_inst/LDO_prm_2_5_0_S1 undriven
     or does not drive anything - clipped.
Signal slv_com_top_inst/slv_ctrl_top_inst/nd_sel_inst/LDO_prm_2_5_0_S0 undriven
     or does not drive anything - clipped.
Signal slv_com_top_inst/slv_ctrl_top_inst/nd_sel_inst/LDO_prm_4_5_0_S1 undriven
     or does not drive anything - clipped.
Signal slv_com_top_inst/slv_ctrl_top_inst/nd_sel_inst/LDO_prm_4_5_0_S0 undriven
     or does not drive anything - clipped.
Signal slv_com_top_inst/slv_ctrl_top_inst/nd_sel_inst/LDO_prm_6_5_0_S1 undriven
     or does not drive anything - clipped.
Signal slv_com_top_inst/slv_ctrl_top_inst/nd_sel_inst/LDO_prm_6_5_0_S0 undriven
     or does not drive anything - clipped.
Signal slv_com_top_inst/slv_ctrl_top_inst/nd_sel_inst/LDO_prm_8_5_0_S1 undriven
     or does not drive anything - clipped.
Signal slv_com_top_inst/slv_ctrl_top_inst/nd_sel_inst/LDO_prm_8_5_0_S0 undriven
     or does not drive anything - clipped.
Signal slv_com_top_inst/slv_ctrl_top_inst/nd_sel_inst/LDO_prm_10_5_0_S1 undriven
     or does not drive anything - clipped.
Signal slv_com_top_inst/slv_ctrl_top_inst/nd_sel_inst/LDO_prm_10_5_0_S0 undriven
     or does not drive anything - clipped.
Signal slv_com_top_inst/slv_ctrl_top_inst/nd_sel_inst/LDO_prm_12_5_0_S1 undriven
     or does not drive anything - clipped.
Signal slv_com_top_inst/slv_ctrl_top_inst/nd_sel_inst/LDO_prm_12_5_0_S0 undriven
     or does not drive anything - clipped.
Signal slv_com_top_inst/slv_ctrl_top_inst/nd_sel_inst/LDO_prm_14_5_0_S1 undriven
     or does not drive anything - clipped.
Signal slv_com_top_inst/slv_ctrl_top_inst/nd_sel_inst/LDO_prm_14_5_0_S0 undriven
     or does not drive anything - clipped.
Signal slv_com_top_inst/slv_ctrl_top_inst/nd_sel_inst/LDO_prm_15_5_0_S1 undriven
     or does not drive anything - clipped.
Signal slv_com_top_inst/slv_ctrl_top_inst/nd_sel_inst/LDO_prm_15_5_0_S0 undriven
     or does not drive anything - clipped.
Signal slv_com_top_inst/slv_ctrl_top_inst/nd_sel_inst/N_6 undriven or does not
     drive anything - clipped.
Signal slv_com_top_inst/slv_ctrl_top_inst/nd_sel_inst/LDO_prm_1_6_0_S1 undriven
     or does not drive anything - clipped.
Signal slv_com_top_inst/slv_ctrl_top_inst/nd_sel_inst/LDO_prm_1_6_0_COUT
     undriven or does not drive anything - clipped.

                                   Page 68




Design:  SP0557                                        Date:  02/28/26  21:16:30

Removed logic (cont)
--------------------
Signal slv_com_top_inst/slv_ctrl_top_inst/nd_sel_inst/LDO_prm_2_6_0_S1 undriven
     or does not drive anything - clipped.
Signal slv_com_top_inst/slv_ctrl_top_inst/nd_sel_inst/LDO_prm_2_6_0_S0 undriven
     or does not drive anything - clipped.
Signal slv_com_top_inst/slv_ctrl_top_inst/nd_sel_inst/LDO_prm_4_6_0_S1 undriven
     or does not drive anything - clipped.
Signal slv_com_top_inst/slv_ctrl_top_inst/nd_sel_inst/LDO_prm_4_6_0_S0 undriven
     or does not drive anything - clipped.
Signal slv_com_top_inst/slv_ctrl_top_inst/nd_sel_inst/LDO_prm_6_6_0_S1 undriven
     or does not drive anything - clipped.
Signal slv_com_top_inst/slv_ctrl_top_inst/nd_sel_inst/LDO_prm_6_6_0_S0 undriven
     or does not drive anything - clipped.
Signal slv_com_top_inst/slv_ctrl_top_inst/nd_sel_inst/LDO_prm_8_6_0_S1 undriven
     or does not drive anything - clipped.
Signal slv_com_top_inst/slv_ctrl_top_inst/nd_sel_inst/LDO_prm_8_6_0_S0 undriven
     or does not drive anything - clipped.
Signal slv_com_top_inst/slv_ctrl_top_inst/nd_sel_inst/LDO_prm_10_6_0_S1 undriven
     or does not drive anything - clipped.
Signal slv_com_top_inst/slv_ctrl_top_inst/nd_sel_inst/LDO_prm_10_6_0_S0 undriven
     or does not drive anything - clipped.
Signal slv_com_top_inst/slv_ctrl_top_inst/nd_sel_inst/LDO_prm_12_6_0_S1 undriven
     or does not drive anything - clipped.
Signal slv_com_top_inst/slv_ctrl_top_inst/nd_sel_inst/LDO_prm_12_6_0_S0 undriven
     or does not drive anything - clipped.
Signal slv_com_top_inst/slv_ctrl_top_inst/nd_sel_inst/LDO_prm_14_6_0_S1 undriven
     or does not drive anything - clipped.
Signal slv_com_top_inst/slv_ctrl_top_inst/nd_sel_inst/LDO_prm_14_6_0_S0 undriven
     or does not drive anything - clipped.
Signal slv_com_top_inst/slv_ctrl_top_inst/nd_sel_inst/LDO_prm_15_6_0_S1 undriven
     or does not drive anything - clipped.
Signal slv_com_top_inst/slv_ctrl_top_inst/nd_sel_inst/LDO_prm_15_6_0_S0 undriven
     or does not drive anything - clipped.
Signal slv_com_top_inst/slv_ctrl_top_inst/nd_sel_inst/N_7 undriven or does not
     drive anything - clipped.
Signal slv_com_top_inst/slv_ctrl_top_inst/nd_sel_inst/LDO_prm_1_7_0_S1 undriven
     or does not drive anything - clipped.
Signal slv_com_top_inst/slv_ctrl_top_inst/nd_sel_inst/LDO_prm_1_7_0_COUT
     undriven or does not drive anything - clipped.
Signal slv_com_top_inst/slv_ctrl_top_inst/nd_sel_inst/LDO_prm_2_7_0_S1 undriven
     or does not drive anything - clipped.
Signal slv_com_top_inst/slv_ctrl_top_inst/nd_sel_inst/LDO_prm_2_7_0_S0 undriven
     or does not drive anything - clipped.
Signal slv_com_top_inst/slv_ctrl_top_inst/nd_sel_inst/LDO_prm_4_7_0_S1 undriven
     or does not drive anything - clipped.
Signal slv_com_top_inst/slv_ctrl_top_inst/nd_sel_inst/LDO_prm_4_7_0_S0 undriven
     or does not drive anything - clipped.
Signal slv_com_top_inst/slv_ctrl_top_inst/nd_sel_inst/LDO_prm_6_7_0_S1 undriven
     or does not drive anything - clipped.
Signal slv_com_top_inst/slv_ctrl_top_inst/nd_sel_inst/LDO_prm_6_7_0_S0 undriven
     or does not drive anything - clipped.
Signal slv_com_top_inst/slv_ctrl_top_inst/nd_sel_inst/LDO_prm_8_7_0_S1 undriven
     or does not drive anything - clipped.
Signal slv_com_top_inst/slv_ctrl_top_inst/nd_sel_inst/LDO_prm_8_7_0_S0 undriven
     or does not drive anything - clipped.
Signal slv_com_top_inst/slv_ctrl_top_inst/nd_sel_inst/LDO_prm_10_7_0_S1 undriven
     or does not drive anything - clipped.

                                   Page 69




Design:  SP0557                                        Date:  02/28/26  21:16:30

Removed logic (cont)
--------------------
Signal slv_com_top_inst/slv_ctrl_top_inst/nd_sel_inst/LDO_prm_10_7_0_S0 undriven
     or does not drive anything - clipped.
Signal slv_com_top_inst/slv_ctrl_top_inst/nd_sel_inst/LDO_prm_12_7_0_S1 undriven
     or does not drive anything - clipped.
Signal slv_com_top_inst/slv_ctrl_top_inst/nd_sel_inst/LDO_prm_12_7_0_S0 undriven
     or does not drive anything - clipped.
Signal slv_com_top_inst/slv_ctrl_top_inst/nd_sel_inst/LDO_prm_14_7_0_S1 undriven
     or does not drive anything - clipped.
Signal slv_com_top_inst/slv_ctrl_top_inst/nd_sel_inst/LDO_prm_14_7_0_S0 undriven
     or does not drive anything - clipped.
Signal slv_com_top_inst/slv_ctrl_top_inst/nd_sel_inst/LDO_prm_15_7_0_S1 undriven
     or does not drive anything - clipped.
Signal slv_com_top_inst/slv_ctrl_top_inst/nd_sel_inst/LDO_prm_15_7_0_S0 undriven
     or does not drive anything - clipped.
Signal slv_com_top_inst/slv_ctrl_top_inst/nd_sel_inst/N_8 undriven or does not
     drive anything - clipped.
Signal slv_com_top_inst/slvadr_cnv_inst/un15_s3_cry_4_0_COUT undriven or does
     not drive anything - clipped.
Signal slv_com_top_inst/slvadr_cnv_inst/un15_s3_cry_1_0_S1 undriven or does not
     drive anything - clipped.
Signal slv_com_top_inst/slvadr_cnv_inst/un15_s3_cry_1_0_S0 undriven or does not
     drive anything - clipped.
Signal slv_com_top_inst/slvadr_cnv_inst/N_1 undriven or does not drive anything
     - clipped.
Signal slv_com_top_inst/clk_gen_inst2/PLL_inst/CLKINTFB undriven or does not
     drive anything - clipped.
Signal slv_com_top_inst/clk_gen_inst2/PLL_inst/REFCLK undriven or does not drive
     anything - clipped.
Signal slv_com_top_inst/clk_gen_inst2/PLL_inst/INTLOCK undriven or does not
     drive anything - clipped.
Signal slv_com_top_inst/tx_com_inst/tx_cont_b1_inst/tx_dcfifo1_48_inst/a1_S1
     undriven or does not drive anything - clipped.
Signal slv_com_top_inst/tx_com_inst/tx_cont_b1_inst/tx_dcfifo1_48_inst/a1_COUT
     undriven or does not drive anything - clipped.
Signal slv_com_top_inst/tx_com_inst/tx_cont_b1_inst/tx_dcfifo1_48_inst/full_cmp_
     3_S1 undriven or does not drive anything - clipped.
Signal slv_com_top_inst/tx_com_inst/tx_cont_b1_inst/tx_dcfifo1_48_inst/full_cmp_
     3_S0 undriven or does not drive anything - clipped.
Signal slv_com_top_inst/tx_com_inst/tx_cont_b1_inst/tx_dcfifo1_48_inst/full_cmp_
     2_S1 undriven or does not drive anything - clipped.
Signal slv_com_top_inst/tx_com_inst/tx_cont_b1_inst/tx_dcfifo1_48_inst/full_cmp_
     2_S0 undriven or does not drive anything - clipped.
Signal slv_com_top_inst/tx_com_inst/tx_cont_b1_inst/tx_dcfifo1_48_inst/full_cmp_
     1_S1 undriven or does not drive anything - clipped.
Signal slv_com_top_inst/tx_com_inst/tx_cont_b1_inst/tx_dcfifo1_48_inst/full_cmp_
     1_S0 undriven or does not drive anything - clipped.
Signal slv_com_top_inst/tx_com_inst/tx_cont_b1_inst/tx_dcfifo1_48_inst/full_cmp_
     0_S1 undriven or does not drive anything - clipped.
Signal slv_com_top_inst/tx_com_inst/tx_cont_b1_inst/tx_dcfifo1_48_inst/full_cmp_
     0_S0 undriven or does not drive anything - clipped.
Signal slv_com_top_inst/tx_com_inst/tx_cont_b1_inst/tx_dcfifo1_48_inst/full_cmp_
     ci_a_S1 undriven or does not drive anything - clipped.
Signal slv_com_top_inst/tx_com_inst/tx_cont_b1_inst/tx_dcfifo1_48_inst/full_cmp_
     ci_a_S0 undriven or does not drive anything - clipped.
Signal slv_com_top_inst/tx_com_inst/tx_cont_b1_inst/tx_dcfifo1_48_inst/CIN
     undriven or does not drive anything - clipped.

                                   Page 70




Design:  SP0557                                        Date:  02/28/26  21:16:30

Removed logic (cont)
--------------------
Signal slv_com_top_inst/tx_com_inst/tx_cont_b1_inst/tx_dcfifo1_48_inst/a0_S1
     undriven or does not drive anything - clipped.
Signal slv_com_top_inst/tx_com_inst/tx_cont_b1_inst/tx_dcfifo1_48_inst/a0_COUT
     undriven or does not drive anything - clipped.
Signal slv_com_top_inst/tx_com_inst/tx_cont_b1_inst/tx_dcfifo1_48_inst/empty_cmp
     _3_S1 undriven or does not drive anything - clipped.
Signal slv_com_top_inst/tx_com_inst/tx_cont_b1_inst/tx_dcfifo1_48_inst/empty_cmp
     _3_S0 undriven or does not drive anything - clipped.
Signal slv_com_top_inst/tx_com_inst/tx_cont_b1_inst/tx_dcfifo1_48_inst/empty_cmp
     _2_S1 undriven or does not drive anything - clipped.
Signal slv_com_top_inst/tx_com_inst/tx_cont_b1_inst/tx_dcfifo1_48_inst/empty_cmp
     _2_S0 undriven or does not drive anything - clipped.
Signal slv_com_top_inst/tx_com_inst/tx_cont_b1_inst/tx_dcfifo1_48_inst/empty_cmp
     _1_S1 undriven or does not drive anything - clipped.
Signal slv_com_top_inst/tx_com_inst/tx_cont_b1_inst/tx_dcfifo1_48_inst/empty_cmp
     _1_S0 undriven or does not drive anything - clipped.
Signal slv_com_top_inst/tx_com_inst/tx_cont_b1_inst/tx_dcfifo1_48_inst/empty_cmp
     _0_S1 undriven or does not drive anything - clipped.
Signal slv_com_top_inst/tx_com_inst/tx_cont_b1_inst/tx_dcfifo1_48_inst/empty_cmp
     _0_S0 undriven or does not drive anything - clipped.
Signal slv_com_top_inst/tx_com_inst/tx_cont_b1_inst/tx_dcfifo1_48_inst/empty_cmp
     _ci_a_S1 undriven or does not drive anything - clipped.
Signal slv_com_top_inst/tx_com_inst/tx_cont_b1_inst/tx_dcfifo1_48_inst/empty_cmp
     _ci_a_S0 undriven or does not drive anything - clipped.
Signal slv_com_top_inst/tx_com_inst/tx_cont_b1_inst/tx_dcfifo1_48_inst/CIN_0
     undriven or does not drive anything - clipped.
Signal slv_com_top_inst/tx_com_inst/tx_cont_b1_inst/tx_dcfifo1_48_inst/r_gctr_3_
     S1 undriven or does not drive anything - clipped.
Signal slv_com_top_inst/tx_com_inst/tx_cont_b1_inst/tx_dcfifo1_48_inst/co3_1
     undriven or does not drive anything - clipped.
Signal slv_com_top_inst/tx_com_inst/tx_cont_b1_inst/tx_dcfifo1_48_inst/r_gctr_ci
     a_S1 undriven or does not drive anything - clipped.
Signal slv_com_top_inst/tx_com_inst/tx_cont_b1_inst/tx_dcfifo1_48_inst/r_gctr_ci
     a_S0 undriven or does not drive anything - clipped.
Signal slv_com_top_inst/tx_com_inst/tx_cont_b1_inst/tx_dcfifo1_48_inst/CIN_1
     undriven or does not drive anything - clipped.
Signal slv_com_top_inst/tx_com_inst/tx_cont_b1_inst/tx_dcfifo1_48_inst/w_gctr_3_
     S1 undriven or does not drive anything - clipped.
Signal slv_com_top_inst/tx_com_inst/tx_cont_b1_inst/tx_dcfifo1_48_inst/co3
     undriven or does not drive anything - clipped.
Signal slv_com_top_inst/tx_com_inst/tx_cont_b1_inst/tx_dcfifo1_48_inst/w_gctr_ci
     a_S1 undriven or does not drive anything - clipped.
Signal slv_com_top_inst/tx_com_inst/tx_cont_b1_inst/tx_dcfifo1_48_inst/w_gctr_ci
     a_S0 undriven or does not drive anything - clipped.
Signal slv_com_top_inst/tx_com_inst/tx_cont_b1_inst/tx_dcfifo1_48_inst/CIN_2
     undriven or does not drive anything - clipped.
Signal slv_com_top_inst/tx_com_inst/tx_cont_b1_inst/tx_dcfifo1_48_inst/pdp_ram_0
     _0_0_DOB17 undriven or does not drive anything - clipped.
Signal slv_com_top_inst/tx_com_inst/tx_cont_b1_inst/tx_dcfifo1_48_inst/pdp_ram_0
     _0_0_DOB16 undriven or does not drive anything - clipped.
Signal slv_com_top_inst/tx_com_inst/tx_cont_b1_inst/tx_dcfifo1_48_inst/pdp_ram_0
     _0_0_DOB15 undriven or does not drive anything - clipped.
Signal slv_com_top_inst/tx_com_inst/tx_cont_b1_inst/tx_dcfifo1_48_inst/pdp_ram_0
     _0_0_DOB14 undriven or does not drive anything - clipped.
Signal slv_com_top_inst/tx_com_inst/tx_cont_b1_inst/tx_dcfifo1_48_inst/pdp_ram_0
     _0_0_DOB13 undriven or does not drive anything - clipped.

                                   Page 71




Design:  SP0557                                        Date:  02/28/26  21:16:30

Removed logic (cont)
--------------------
Signal slv_com_top_inst/tx_com_inst/tx_cont_b1_inst/tx_dcfifo1_48_inst/pdp_ram_0
     _0_0_DOB12 undriven or does not drive anything - clipped.
Signal slv_com_top_inst/tx_com_inst/tx_cont_b1_inst/tx_dcfifo1_48_inst/pdp_ram_0
     _0_0_DOB11 undriven or does not drive anything - clipped.
Signal slv_com_top_inst/tx_com_inst/tx_cont_b1_inst/tx_dcfifo1_48_inst/pdp_ram_0
     _0_0_DOB10 undriven or does not drive anything - clipped.
Signal slv_com_top_inst/tx_com_inst/tx_cont_b1_inst/tx_dcfifo1_48_inst/pdp_ram_0
     _0_0_DOB9 undriven or does not drive anything - clipped.
Signal slv_com_top_inst/tx_com_inst/tx_cont_b1_inst/tx_dcfifo1_48_inst/pdp_ram_0
     _0_0_DOB8 undriven or does not drive anything - clipped.
Signal slv_com_top_inst/tx_com_inst/tx_cont_b1_inst/tx_dcfifo1_48_inst/pdp_ram_0
     _0_0_DOA17 undriven or does not drive anything - clipped.
Signal slv_com_top_inst/tx_com_inst/tx_cont_b1_inst/tx_dcfifo1_48_inst/pdp_ram_0
     _0_0_DOA16 undriven or does not drive anything - clipped.
Signal slv_com_top_inst/tx_com_inst/tx_cont_b1_inst/tx_dcfifo1_48_inst/pdp_ram_0
     _0_0_DOA15 undriven or does not drive anything - clipped.
Signal slv_com_top_inst/tx_com_inst/tx_cont_b1_inst/tx_dcfifo1_48_inst/pdp_ram_0
     _0_0_DOA14 undriven or does not drive anything - clipped.
Signal slv_com_top_inst/tx_com_inst/tx_cont_b1_inst/tx_dcfifo1_48_inst/pdp_ram_0
     _0_0_DOA13 undriven or does not drive anything - clipped.
Signal slv_com_top_inst/tx_com_inst/tx_cont_b1_inst/tx_dcfifo1_48_inst/pdp_ram_0
     _0_0_DOA12 undriven or does not drive anything - clipped.
Signal slv_com_top_inst/tx_com_inst/tx_cont_b1_inst/tx_dcfifo1_48_inst/pdp_ram_0
     _0_0_DOA11 undriven or does not drive anything - clipped.
Signal slv_com_top_inst/tx_com_inst/tx_cont_b1_inst/tx_dcfifo1_48_inst/pdp_ram_0
     _0_0_DOA10 undriven or does not drive anything - clipped.
Signal slv_com_top_inst/tx_com_inst/tx_cont_b1_inst/tx_dcfifo1_48_inst/pdp_ram_0
     _0_0_DOA9 undriven or does not drive anything - clipped.
Signal slv_com_top_inst/tx_com_inst/tx_cont_b1_inst/tx_dcfifo1_48_inst/pdp_ram_0
     _0_0_DOA8 undriven or does not drive anything - clipped.
Signal slv_com_top_inst/tx_com_inst/tx_cont_b1_inst/tx_dcfifo1_48_inst/pdp_ram_0
     _0_0_DOA7 undriven or does not drive anything - clipped.
Signal slv_com_top_inst/tx_com_inst/tx_cont_b1_inst/tx_dcfifo1_48_inst/pdp_ram_0
     _0_0_DOA6 undriven or does not drive anything - clipped.
Signal slv_com_top_inst/tx_com_inst/tx_cont_b1_inst/tx_dcfifo1_48_inst/pdp_ram_0
     _0_0_DOA5 undriven or does not drive anything - clipped.
Signal slv_com_top_inst/tx_com_inst/tx_cont_b1_inst/tx_dcfifo1_48_inst/pdp_ram_0
     _0_0_DOA4 undriven or does not drive anything - clipped.
Signal slv_com_top_inst/tx_com_inst/tx_cont_b1_inst/tx_dcfifo1_48_inst/pdp_ram_0
     _0_0_DOA3 undriven or does not drive anything - clipped.
Signal slv_com_top_inst/tx_com_inst/tx_cont_b1_inst/tx_dcfifo1_48_inst/pdp_ram_0
     _0_0_DOA2 undriven or does not drive anything - clipped.
Signal slv_com_top_inst/tx_com_inst/tx_cont_b1_inst/tx_dcfifo1_48_inst/pdp_ram_0
     _0_0_DOA1 undriven or does not drive anything - clipped.
Signal slv_com_top_inst/tx_com_inst/tx_cont_b1_inst/tx_dcfifo1_48_inst/pdp_ram_0
     _0_0_DOA0 undriven or does not drive anything - clipped.
Signal slv_com_top_inst/tx_com_inst/tx_cont_b1_inst/tx_ctl_1st_inst/un1_dn_count
     _2_s_7_0_S1 undriven or does not drive anything - clipped.
Signal slv_com_top_inst/tx_com_inst/tx_cont_b1_inst/tx_ctl_1st_inst/un1_dn_count
     _2_s_7_0_COUT undriven or does not drive anything - clipped.
Signal slv_com_top_inst/tx_com_inst/tx_cont_b1_inst/tx_ctl_1st_inst/un1_dn_count
     _2_cry_0_0_S1 undriven or does not drive anything - clipped.
Signal slv_com_top_inst/tx_com_inst/tx_cont_b1_inst/tx_ctl_1st_inst/un1_dn_count
     _2_cry_0_0_S0 undriven or does not drive anything - clipped.
Signal slv_com_top_inst/tx_com_inst/tx_cont_b1_inst/tx_ctl_1st_inst/N_1 undriven
     or does not drive anything - clipped.

                                   Page 72




Design:  SP0557                                        Date:  02/28/26  21:16:30

Removed logic (cont)
--------------------
Signal
     slv_com_top_inst/tx_com_inst/tx_cont_b2_inst/tx_ck_dcfifo1_48_inst/a1_S1_0
     undriven or does not drive anything - clipped.
Signal slv_com_top_inst/tx_com_inst/tx_cont_b2_inst/tx_ck_dcfifo1_48_inst/a1_COU
     T_0 undriven or does not drive anything - clipped.
Signal slv_com_top_inst/tx_com_inst/tx_cont_b2_inst/tx_ck_dcfifo1_48_inst/full_c
     mp_3_S1_0 undriven or does not drive anything - clipped.
Signal slv_com_top_inst/tx_com_inst/tx_cont_b2_inst/tx_ck_dcfifo1_48_inst/full_c
     mp_3_S0_0 undriven or does not drive anything - clipped.
Signal slv_com_top_inst/tx_com_inst/tx_cont_b2_inst/tx_ck_dcfifo1_48_inst/full_c
     mp_2_S1_0 undriven or does not drive anything - clipped.
Signal slv_com_top_inst/tx_com_inst/tx_cont_b2_inst/tx_ck_dcfifo1_48_inst/full_c
     mp_2_S0_0 undriven or does not drive anything - clipped.
Signal slv_com_top_inst/tx_com_inst/tx_cont_b2_inst/tx_ck_dcfifo1_48_inst/full_c
     mp_1_S1_0 undriven or does not drive anything - clipped.
Signal slv_com_top_inst/tx_com_inst/tx_cont_b2_inst/tx_ck_dcfifo1_48_inst/full_c
     mp_1_S0_0 undriven or does not drive anything - clipped.
Signal slv_com_top_inst/tx_com_inst/tx_cont_b2_inst/tx_ck_dcfifo1_48_inst/full_c
     mp_0_S1_0 undriven or does not drive anything - clipped.
Signal slv_com_top_inst/tx_com_inst/tx_cont_b2_inst/tx_ck_dcfifo1_48_inst/full_c
     mp_0_S0_0 undriven or does not drive anything - clipped.
Signal slv_com_top_inst/tx_com_inst/tx_cont_b2_inst/tx_ck_dcfifo1_48_inst/full_c
     mp_ci_a_S1_0 undriven or does not drive anything - clipped.
Signal slv_com_top_inst/tx_com_inst/tx_cont_b2_inst/tx_ck_dcfifo1_48_inst/full_c
     mp_ci_a_S0_0 undriven or does not drive anything - clipped.
Signal slv_com_top_inst/tx_com_inst/tx_cont_b2_inst/tx_ck_dcfifo1_48_inst/CIN
     undriven or does not drive anything - clipped.
Signal
     slv_com_top_inst/tx_com_inst/tx_cont_b2_inst/tx_ck_dcfifo1_48_inst/a0_S1_0
     undriven or does not drive anything - clipped.
Signal slv_com_top_inst/tx_com_inst/tx_cont_b2_inst/tx_ck_dcfifo1_48_inst/a0_COU
     T_0 undriven or does not drive anything - clipped.
Signal slv_com_top_inst/tx_com_inst/tx_cont_b2_inst/tx_ck_dcfifo1_48_inst/empty_
     cmp_3_S1_0 undriven or does not drive anything - clipped.
Signal slv_com_top_inst/tx_com_inst/tx_cont_b2_inst/tx_ck_dcfifo1_48_inst/empty_
     cmp_3_S0_0 undriven or does not drive anything - clipped.
Signal slv_com_top_inst/tx_com_inst/tx_cont_b2_inst/tx_ck_dcfifo1_48_inst/empty_
     cmp_2_S1_0 undriven or does not drive anything - clipped.
Signal slv_com_top_inst/tx_com_inst/tx_cont_b2_inst/tx_ck_dcfifo1_48_inst/empty_
     cmp_2_S0_0 undriven or does not drive anything - clipped.
Signal slv_com_top_inst/tx_com_inst/tx_cont_b2_inst/tx_ck_dcfifo1_48_inst/empty_
     cmp_1_S1_0 undriven or does not drive anything - clipped.
Signal slv_com_top_inst/tx_com_inst/tx_cont_b2_inst/tx_ck_dcfifo1_48_inst/empty_
     cmp_1_S0_0 undriven or does not drive anything - clipped.
Signal slv_com_top_inst/tx_com_inst/tx_cont_b2_inst/tx_ck_dcfifo1_48_inst/empty_
     cmp_0_S1_0 undriven or does not drive anything - clipped.
Signal slv_com_top_inst/tx_com_inst/tx_cont_b2_inst/tx_ck_dcfifo1_48_inst/empty_
     cmp_0_S0_0 undriven or does not drive anything - clipped.
Signal slv_com_top_inst/tx_com_inst/tx_cont_b2_inst/tx_ck_dcfifo1_48_inst/empty_
     cmp_ci_a_S1_0 undriven or does not drive anything - clipped.
Signal slv_com_top_inst/tx_com_inst/tx_cont_b2_inst/tx_ck_dcfifo1_48_inst/empty_
     cmp_ci_a_S0_0 undriven or does not drive anything - clipped.
Signal slv_com_top_inst/tx_com_inst/tx_cont_b2_inst/tx_ck_dcfifo1_48_inst/CIN_0
     undriven or does not drive anything - clipped.
Signal slv_com_top_inst/tx_com_inst/tx_cont_b2_inst/tx_ck_dcfifo1_48_inst/r_gctr
     _3_S1_0 undriven or does not drive anything - clipped.

                                   Page 73




Design:  SP0557                                        Date:  02/28/26  21:16:30

Removed logic (cont)
--------------------
Signal slv_com_top_inst/tx_com_inst/tx_cont_b2_inst/tx_ck_dcfifo1_48_inst/co3_1
     undriven or does not drive anything - clipped.
Signal slv_com_top_inst/tx_com_inst/tx_cont_b2_inst/tx_ck_dcfifo1_48_inst/r_gctr
     _cia_S1_0 undriven or does not drive anything - clipped.
Signal slv_com_top_inst/tx_com_inst/tx_cont_b2_inst/tx_ck_dcfifo1_48_inst/r_gctr
     _cia_S0_0 undriven or does not drive anything - clipped.
Signal slv_com_top_inst/tx_com_inst/tx_cont_b2_inst/tx_ck_dcfifo1_48_inst/CIN_1
     undriven or does not drive anything - clipped.
Signal slv_com_top_inst/tx_com_inst/tx_cont_b2_inst/tx_ck_dcfifo1_48_inst/w_gctr
     _3_S1_0 undriven or does not drive anything - clipped.
Signal slv_com_top_inst/tx_com_inst/tx_cont_b2_inst/tx_ck_dcfifo1_48_inst/co3
     undriven or does not drive anything - clipped.
Signal slv_com_top_inst/tx_com_inst/tx_cont_b2_inst/tx_ck_dcfifo1_48_inst/w_gctr
     _cia_S1_0 undriven or does not drive anything - clipped.
Signal slv_com_top_inst/tx_com_inst/tx_cont_b2_inst/tx_ck_dcfifo1_48_inst/w_gctr
     _cia_S0_0 undriven or does not drive anything - clipped.
Signal slv_com_top_inst/tx_com_inst/tx_cont_b2_inst/tx_ck_dcfifo1_48_inst/CIN_2
     undriven or does not drive anything - clipped.
Signal slv_com_top_inst/tx_com_inst/tx_cont_b2_inst/tx_ck_dcfifo1_48_inst/pdp_ra
     m_0_0_0_DOB17_0 undriven or does not drive anything - clipped.
Signal slv_com_top_inst/tx_com_inst/tx_cont_b2_inst/tx_ck_dcfifo1_48_inst/pdp_ra
     m_0_0_0_DOB16_0 undriven or does not drive anything - clipped.
Signal slv_com_top_inst/tx_com_inst/tx_cont_b2_inst/tx_ck_dcfifo1_48_inst/pdp_ra
     m_0_0_0_DOB15_0 undriven or does not drive anything - clipped.
Signal slv_com_top_inst/tx_com_inst/tx_cont_b2_inst/tx_ck_dcfifo1_48_inst/pdp_ra
     m_0_0_0_DOB14_0 undriven or does not drive anything - clipped.
Signal slv_com_top_inst/tx_com_inst/tx_cont_b2_inst/tx_ck_dcfifo1_48_inst/pdp_ra
     m_0_0_0_DOB13_0 undriven or does not drive anything - clipped.
Signal slv_com_top_inst/tx_com_inst/tx_cont_b2_inst/tx_ck_dcfifo1_48_inst/pdp_ra
     m_0_0_0_DOB12_0 undriven or does not drive anything - clipped.
Signal slv_com_top_inst/tx_com_inst/tx_cont_b2_inst/tx_ck_dcfifo1_48_inst/pdp_ra
     m_0_0_0_DOB11_0 undriven or does not drive anything - clipped.
Signal slv_com_top_inst/tx_com_inst/tx_cont_b2_inst/tx_ck_dcfifo1_48_inst/pdp_ra
     m_0_0_0_DOB10_0 undriven or does not drive anything - clipped.
Signal slv_com_top_inst/tx_com_inst/tx_cont_b2_inst/tx_ck_dcfifo1_48_inst/pdp_ra
     m_0_0_0_DOA17_0 undriven or does not drive anything - clipped.
Signal slv_com_top_inst/tx_com_inst/tx_cont_b2_inst/tx_ck_dcfifo1_48_inst/pdp_ra
     m_0_0_0_DOA16_0 undriven or does not drive anything - clipped.
Signal slv_com_top_inst/tx_com_inst/tx_cont_b2_inst/tx_ck_dcfifo1_48_inst/pdp_ra
     m_0_0_0_DOA15_0 undriven or does not drive anything - clipped.
Signal slv_com_top_inst/tx_com_inst/tx_cont_b2_inst/tx_ck_dcfifo1_48_inst/pdp_ra
     m_0_0_0_DOA14_0 undriven or does not drive anything - clipped.
Signal slv_com_top_inst/tx_com_inst/tx_cont_b2_inst/tx_ck_dcfifo1_48_inst/pdp_ra
     m_0_0_0_DOA13_0 undriven or does not drive anything - clipped.
Signal slv_com_top_inst/tx_com_inst/tx_cont_b2_inst/tx_ck_dcfifo1_48_inst/pdp_ra
     m_0_0_0_DOA12_0 undriven or does not drive anything - clipped.
Signal slv_com_top_inst/tx_com_inst/tx_cont_b2_inst/tx_ck_dcfifo1_48_inst/pdp_ra
     m_0_0_0_DOA11_0 undriven or does not drive anything - clipped.
Signal slv_com_top_inst/tx_com_inst/tx_cont_b2_inst/tx_ck_dcfifo1_48_inst/pdp_ra
     m_0_0_0_DOA10_0 undriven or does not drive anything - clipped.
Signal slv_com_top_inst/tx_com_inst/tx_cont_b2_inst/tx_ck_dcfifo1_48_inst/pdp_ra
     m_0_0_0_DOA9_0 undriven or does not drive anything - clipped.
Signal slv_com_top_inst/tx_com_inst/tx_cont_b2_inst/tx_ck_dcfifo1_48_inst/pdp_ra
     m_0_0_0_DOA8_0 undriven or does not drive anything - clipped.
Signal slv_com_top_inst/tx_com_inst/tx_cont_b2_inst/tx_ck_dcfifo1_48_inst/pdp_ra
     m_0_0_0_DOA7_0 undriven or does not drive anything - clipped.

                                   Page 74




Design:  SP0557                                        Date:  02/28/26  21:16:30

Removed logic (cont)
--------------------
Signal slv_com_top_inst/tx_com_inst/tx_cont_b2_inst/tx_ck_dcfifo1_48_inst/pdp_ra
     m_0_0_0_DOA6_0 undriven or does not drive anything - clipped.
Signal slv_com_top_inst/tx_com_inst/tx_cont_b2_inst/tx_ck_dcfifo1_48_inst/pdp_ra
     m_0_0_0_DOA5_0 undriven or does not drive anything - clipped.
Signal slv_com_top_inst/tx_com_inst/tx_cont_b2_inst/tx_ck_dcfifo1_48_inst/pdp_ra
     m_0_0_0_DOA4_0 undriven or does not drive anything - clipped.
Signal slv_com_top_inst/tx_com_inst/tx_cont_b2_inst/tx_ck_dcfifo1_48_inst/pdp_ra
     m_0_0_0_DOA3_0 undriven or does not drive anything - clipped.
Signal slv_com_top_inst/tx_com_inst/tx_cont_b2_inst/tx_ck_dcfifo1_48_inst/pdp_ra
     m_0_0_0_DOA2_0 undriven or does not drive anything - clipped.
Signal slv_com_top_inst/tx_com_inst/tx_cont_b2_inst/tx_ck_dcfifo1_48_inst/pdp_ra
     m_0_0_0_DOA1_0 undriven or does not drive anything - clipped.
Signal slv_com_top_inst/tx_com_inst/tx_cont_b2_inst/tx_ck_dcfifo1_48_inst/pdp_ra
     m_0_0_0_DOA0_0 undriven or does not drive anything - clipped.
Signal
     slv_com_top_inst/rx_com_inst/rx_cont_b1_inst/rx_ck_dcfifo1_48_inst/a1_S1_1
     undriven or does not drive anything - clipped.
Signal slv_com_top_inst/rx_com_inst/rx_cont_b1_inst/rx_ck_dcfifo1_48_inst/a1_COU
     T_1 undriven or does not drive anything - clipped.
Signal slv_com_top_inst/rx_com_inst/rx_cont_b1_inst/rx_ck_dcfifo1_48_inst/full_c
     mp_3_S1_1 undriven or does not drive anything - clipped.
Signal slv_com_top_inst/rx_com_inst/rx_cont_b1_inst/rx_ck_dcfifo1_48_inst/full_c
     mp_3_S0_1 undriven or does not drive anything - clipped.
Signal slv_com_top_inst/rx_com_inst/rx_cont_b1_inst/rx_ck_dcfifo1_48_inst/full_c
     mp_2_S1_1 undriven or does not drive anything - clipped.
Signal slv_com_top_inst/rx_com_inst/rx_cont_b1_inst/rx_ck_dcfifo1_48_inst/full_c
     mp_2_S0_1 undriven or does not drive anything - clipped.
Signal slv_com_top_inst/rx_com_inst/rx_cont_b1_inst/rx_ck_dcfifo1_48_inst/full_c
     mp_1_S1_1 undriven or does not drive anything - clipped.
Signal slv_com_top_inst/rx_com_inst/rx_cont_b1_inst/rx_ck_dcfifo1_48_inst/full_c
     mp_1_S0_1 undriven or does not drive anything - clipped.
Signal slv_com_top_inst/rx_com_inst/rx_cont_b1_inst/rx_ck_dcfifo1_48_inst/full_c
     mp_0_S1_1 undriven or does not drive anything - clipped.
Signal slv_com_top_inst/rx_com_inst/rx_cont_b1_inst/rx_ck_dcfifo1_48_inst/full_c
     mp_0_S0_1 undriven or does not drive anything - clipped.
Signal slv_com_top_inst/rx_com_inst/rx_cont_b1_inst/rx_ck_dcfifo1_48_inst/full_c
     mp_ci_a_S1_1 undriven or does not drive anything - clipped.
Signal slv_com_top_inst/rx_com_inst/rx_cont_b1_inst/rx_ck_dcfifo1_48_inst/full_c
     mp_ci_a_S0_1 undriven or does not drive anything - clipped.
Signal slv_com_top_inst/rx_com_inst/rx_cont_b1_inst/rx_ck_dcfifo1_48_inst/CIN
     undriven or does not drive anything - clipped.
Signal
     slv_com_top_inst/rx_com_inst/rx_cont_b1_inst/rx_ck_dcfifo1_48_inst/a0_S1_1
     undriven or does not drive anything - clipped.
Signal slv_com_top_inst/rx_com_inst/rx_cont_b1_inst/rx_ck_dcfifo1_48_inst/a0_COU
     T_1 undriven or does not drive anything - clipped.
Signal slv_com_top_inst/rx_com_inst/rx_cont_b1_inst/rx_ck_dcfifo1_48_inst/empty_
     cmp_3_S1_1 undriven or does not drive anything - clipped.
Signal slv_com_top_inst/rx_com_inst/rx_cont_b1_inst/rx_ck_dcfifo1_48_inst/empty_
     cmp_3_S0_1 undriven or does not drive anything - clipped.
Signal slv_com_top_inst/rx_com_inst/rx_cont_b1_inst/rx_ck_dcfifo1_48_inst/empty_
     cmp_2_S1_1 undriven or does not drive anything - clipped.
Signal slv_com_top_inst/rx_com_inst/rx_cont_b1_inst/rx_ck_dcfifo1_48_inst/empty_
     cmp_2_S0_1 undriven or does not drive anything - clipped.
Signal slv_com_top_inst/rx_com_inst/rx_cont_b1_inst/rx_ck_dcfifo1_48_inst/empty_
     cmp_1_S1_1 undriven or does not drive anything - clipped.

                                   Page 75




Design:  SP0557                                        Date:  02/28/26  21:16:30

Removed logic (cont)
--------------------
Signal slv_com_top_inst/rx_com_inst/rx_cont_b1_inst/rx_ck_dcfifo1_48_inst/empty_
     cmp_1_S0_1 undriven or does not drive anything - clipped.
Signal slv_com_top_inst/rx_com_inst/rx_cont_b1_inst/rx_ck_dcfifo1_48_inst/empty_
     cmp_0_S1_1 undriven or does not drive anything - clipped.
Signal slv_com_top_inst/rx_com_inst/rx_cont_b1_inst/rx_ck_dcfifo1_48_inst/empty_
     cmp_0_S0_1 undriven or does not drive anything - clipped.
Signal slv_com_top_inst/rx_com_inst/rx_cont_b1_inst/rx_ck_dcfifo1_48_inst/empty_
     cmp_ci_a_S1_1 undriven or does not drive anything - clipped.
Signal slv_com_top_inst/rx_com_inst/rx_cont_b1_inst/rx_ck_dcfifo1_48_inst/empty_
     cmp_ci_a_S0_1 undriven or does not drive anything - clipped.
Signal slv_com_top_inst/rx_com_inst/rx_cont_b1_inst/rx_ck_dcfifo1_48_inst/CIN_0
     undriven or does not drive anything - clipped.
Signal slv_com_top_inst/rx_com_inst/rx_cont_b1_inst/rx_ck_dcfifo1_48_inst/r_gctr
     _3_S1_1 undriven or does not drive anything - clipped.
Signal slv_com_top_inst/rx_com_inst/rx_cont_b1_inst/rx_ck_dcfifo1_48_inst/co3_1
     undriven or does not drive anything - clipped.
Signal slv_com_top_inst/rx_com_inst/rx_cont_b1_inst/rx_ck_dcfifo1_48_inst/r_gctr
     _cia_S1_1 undriven or does not drive anything - clipped.
Signal slv_com_top_inst/rx_com_inst/rx_cont_b1_inst/rx_ck_dcfifo1_48_inst/r_gctr
     _cia_S0_1 undriven or does not drive anything - clipped.
Signal slv_com_top_inst/rx_com_inst/rx_cont_b1_inst/rx_ck_dcfifo1_48_inst/CIN_1
     undriven or does not drive anything - clipped.
Signal slv_com_top_inst/rx_com_inst/rx_cont_b1_inst/rx_ck_dcfifo1_48_inst/w_gctr
     _3_S1_1 undriven or does not drive anything - clipped.
Signal slv_com_top_inst/rx_com_inst/rx_cont_b1_inst/rx_ck_dcfifo1_48_inst/co3
     undriven or does not drive anything - clipped.
Signal slv_com_top_inst/rx_com_inst/rx_cont_b1_inst/rx_ck_dcfifo1_48_inst/w_gctr
     _cia_S1_1 undriven or does not drive anything - clipped.
Signal slv_com_top_inst/rx_com_inst/rx_cont_b1_inst/rx_ck_dcfifo1_48_inst/w_gctr
     _cia_S0_1 undriven or does not drive anything - clipped.
Signal slv_com_top_inst/rx_com_inst/rx_cont_b1_inst/rx_ck_dcfifo1_48_inst/CIN_2
     undriven or does not drive anything - clipped.
Signal slv_com_top_inst/rx_com_inst/rx_cont_b1_inst/rx_ck_dcfifo1_48_inst/pdp_ra
     m_0_0_0_DOB17_1 undriven or does not drive anything - clipped.
Signal slv_com_top_inst/rx_com_inst/rx_cont_b1_inst/rx_ck_dcfifo1_48_inst/pdp_ra
     m_0_0_0_DOB16_1 undriven or does not drive anything - clipped.
Signal slv_com_top_inst/rx_com_inst/rx_cont_b1_inst/rx_ck_dcfifo1_48_inst/pdp_ra
     m_0_0_0_DOB15_1 undriven or does not drive anything - clipped.
Signal slv_com_top_inst/rx_com_inst/rx_cont_b1_inst/rx_ck_dcfifo1_48_inst/pdp_ra
     m_0_0_0_DOB14_1 undriven or does not drive anything - clipped.
Signal slv_com_top_inst/rx_com_inst/rx_cont_b1_inst/rx_ck_dcfifo1_48_inst/pdp_ra
     m_0_0_0_DOB13_1 undriven or does not drive anything - clipped.
Signal slv_com_top_inst/rx_com_inst/rx_cont_b1_inst/rx_ck_dcfifo1_48_inst/pdp_ra
     m_0_0_0_DOB12_1 undriven or does not drive anything - clipped.
Signal slv_com_top_inst/rx_com_inst/rx_cont_b1_inst/rx_ck_dcfifo1_48_inst/pdp_ra
     m_0_0_0_DOB11_1 undriven or does not drive anything - clipped.
Signal slv_com_top_inst/rx_com_inst/rx_cont_b1_inst/rx_ck_dcfifo1_48_inst/pdp_ra
     m_0_0_0_DOA17_1 undriven or does not drive anything - clipped.
Signal slv_com_top_inst/rx_com_inst/rx_cont_b1_inst/rx_ck_dcfifo1_48_inst/pdp_ra
     m_0_0_0_DOA16_1 undriven or does not drive anything - clipped.
Signal slv_com_top_inst/rx_com_inst/rx_cont_b1_inst/rx_ck_dcfifo1_48_inst/pdp_ra
     m_0_0_0_DOA15_1 undriven or does not drive anything - clipped.
Signal slv_com_top_inst/rx_com_inst/rx_cont_b1_inst/rx_ck_dcfifo1_48_inst/pdp_ra
     m_0_0_0_DOA14_1 undriven or does not drive anything - clipped.
Signal slv_com_top_inst/rx_com_inst/rx_cont_b1_inst/rx_ck_dcfifo1_48_inst/pdp_ra
     m_0_0_0_DOA13_1 undriven or does not drive anything - clipped.

                                   Page 76




Design:  SP0557                                        Date:  02/28/26  21:16:30

Removed logic (cont)
--------------------
Signal slv_com_top_inst/rx_com_inst/rx_cont_b1_inst/rx_ck_dcfifo1_48_inst/pdp_ra
     m_0_0_0_DOA12_1 undriven or does not drive anything - clipped.
Signal slv_com_top_inst/rx_com_inst/rx_cont_b1_inst/rx_ck_dcfifo1_48_inst/pdp_ra
     m_0_0_0_DOA11_1 undriven or does not drive anything - clipped.
Signal slv_com_top_inst/rx_com_inst/rx_cont_b1_inst/rx_ck_dcfifo1_48_inst/pdp_ra
     m_0_0_0_DOA10_1 undriven or does not drive anything - clipped.
Signal slv_com_top_inst/rx_com_inst/rx_cont_b1_inst/rx_ck_dcfifo1_48_inst/pdp_ra
     m_0_0_0_DOA9_1 undriven or does not drive anything - clipped.
Signal slv_com_top_inst/rx_com_inst/rx_cont_b1_inst/rx_ck_dcfifo1_48_inst/pdp_ra
     m_0_0_0_DOA8_1 undriven or does not drive anything - clipped.
Signal slv_com_top_inst/rx_com_inst/rx_cont_b1_inst/rx_ck_dcfifo1_48_inst/pdp_ra
     m_0_0_0_DOA7_1 undriven or does not drive anything - clipped.
Signal slv_com_top_inst/rx_com_inst/rx_cont_b1_inst/rx_ck_dcfifo1_48_inst/pdp_ra
     m_0_0_0_DOA6_1 undriven or does not drive anything - clipped.
Signal slv_com_top_inst/rx_com_inst/rx_cont_b1_inst/rx_ck_dcfifo1_48_inst/pdp_ra
     m_0_0_0_DOA5_1 undriven or does not drive anything - clipped.
Signal slv_com_top_inst/rx_com_inst/rx_cont_b1_inst/rx_ck_dcfifo1_48_inst/pdp_ra
     m_0_0_0_DOA4_1 undriven or does not drive anything - clipped.
Signal slv_com_top_inst/rx_com_inst/rx_cont_b1_inst/rx_ck_dcfifo1_48_inst/pdp_ra
     m_0_0_0_DOA3_1 undriven or does not drive anything - clipped.
Signal slv_com_top_inst/rx_com_inst/rx_cont_b1_inst/rx_ck_dcfifo1_48_inst/pdp_ra
     m_0_0_0_DOA2_1 undriven or does not drive anything - clipped.
Signal slv_com_top_inst/rx_com_inst/rx_cont_b1_inst/rx_ck_dcfifo1_48_inst/pdp_ra
     m_0_0_0_DOA1_1 undriven or does not drive anything - clipped.
Signal slv_com_top_inst/rx_com_inst/rx_cont_b1_inst/rx_ck_dcfifo1_48_inst/pdp_ra
     m_0_0_0_DOA0_1 undriven or does not drive anything - clipped.
Signal slv_com_top_inst/rx_com_inst/rx_cont_b2_inst/rx_dcfifo1_48_inst/a1_S1_2
     undriven or does not drive anything - clipped.
Signal slv_com_top_inst/rx_com_inst/rx_cont_b2_inst/rx_dcfifo1_48_inst/a1_COUT_2
     undriven or does not drive anything - clipped.
Signal slv_com_top_inst/rx_com_inst/rx_cont_b2_inst/rx_dcfifo1_48_inst/full_cmp_
     3_S1_2 undriven or does not drive anything - clipped.
Signal slv_com_top_inst/rx_com_inst/rx_cont_b2_inst/rx_dcfifo1_48_inst/full_cmp_
     3_S0_2 undriven or does not drive anything - clipped.
Signal slv_com_top_inst/rx_com_inst/rx_cont_b2_inst/rx_dcfifo1_48_inst/full_cmp_
     2_S1_2 undriven or does not drive anything - clipped.
Signal slv_com_top_inst/rx_com_inst/rx_cont_b2_inst/rx_dcfifo1_48_inst/full_cmp_
     2_S0_2 undriven or does not drive anything - clipped.
Signal slv_com_top_inst/rx_com_inst/rx_cont_b2_inst/rx_dcfifo1_48_inst/full_cmp_
     1_S1_2 undriven or does not drive anything - clipped.
Signal slv_com_top_inst/rx_com_inst/rx_cont_b2_inst/rx_dcfifo1_48_inst/full_cmp_
     1_S0_2 undriven or does not drive anything - clipped.
Signal slv_com_top_inst/rx_com_inst/rx_cont_b2_inst/rx_dcfifo1_48_inst/full_cmp_
     0_S1_2 undriven or does not drive anything - clipped.
Signal slv_com_top_inst/rx_com_inst/rx_cont_b2_inst/rx_dcfifo1_48_inst/full_cmp_
     0_S0_2 undriven or does not drive anything - clipped.
Signal slv_com_top_inst/rx_com_inst/rx_cont_b2_inst/rx_dcfifo1_48_inst/full_cmp_
     ci_a_S1_2 undriven or does not drive anything - clipped.
Signal slv_com_top_inst/rx_com_inst/rx_cont_b2_inst/rx_dcfifo1_48_inst/full_cmp_
     ci_a_S0_2 undriven or does not drive anything - clipped.
Signal slv_com_top_inst/rx_com_inst/rx_cont_b2_inst/rx_dcfifo1_48_inst/CIN
     undriven or does not drive anything - clipped.
Signal slv_com_top_inst/rx_com_inst/rx_cont_b2_inst/rx_dcfifo1_48_inst/a0_S1_2
     undriven or does not drive anything - clipped.
Signal slv_com_top_inst/rx_com_inst/rx_cont_b2_inst/rx_dcfifo1_48_inst/a0_COUT_2
     undriven or does not drive anything - clipped.

                                   Page 77




Design:  SP0557                                        Date:  02/28/26  21:16:30

Removed logic (cont)
--------------------
Signal slv_com_top_inst/rx_com_inst/rx_cont_b2_inst/rx_dcfifo1_48_inst/empty_cmp
     _3_S1_2 undriven or does not drive anything - clipped.
Signal slv_com_top_inst/rx_com_inst/rx_cont_b2_inst/rx_dcfifo1_48_inst/empty_cmp
     _3_S0_2 undriven or does not drive anything - clipped.
Signal slv_com_top_inst/rx_com_inst/rx_cont_b2_inst/rx_dcfifo1_48_inst/empty_cmp
     _2_S1_2 undriven or does not drive anything - clipped.
Signal slv_com_top_inst/rx_com_inst/rx_cont_b2_inst/rx_dcfifo1_48_inst/empty_cmp
     _2_S0_2 undriven or does not drive anything - clipped.
Signal slv_com_top_inst/rx_com_inst/rx_cont_b2_inst/rx_dcfifo1_48_inst/empty_cmp
     _1_S1_2 undriven or does not drive anything - clipped.
Signal slv_com_top_inst/rx_com_inst/rx_cont_b2_inst/rx_dcfifo1_48_inst/empty_cmp
     _1_S0_2 undriven or does not drive anything - clipped.
Signal slv_com_top_inst/rx_com_inst/rx_cont_b2_inst/rx_dcfifo1_48_inst/empty_cmp
     _0_S1_2 undriven or does not drive anything - clipped.
Signal slv_com_top_inst/rx_com_inst/rx_cont_b2_inst/rx_dcfifo1_48_inst/empty_cmp
     _0_S0_2 undriven or does not drive anything - clipped.
Signal slv_com_top_inst/rx_com_inst/rx_cont_b2_inst/rx_dcfifo1_48_inst/empty_cmp
     _ci_a_S1_2 undriven or does not drive anything - clipped.
Signal slv_com_top_inst/rx_com_inst/rx_cont_b2_inst/rx_dcfifo1_48_inst/empty_cmp
     _ci_a_S0_2 undriven or does not drive anything - clipped.
Signal slv_com_top_inst/rx_com_inst/rx_cont_b2_inst/rx_dcfifo1_48_inst/CIN_0
     undriven or does not drive anything - clipped.
Signal slv_com_top_inst/rx_com_inst/rx_cont_b2_inst/rx_dcfifo1_48_inst/r_gctr_3_
     S1_2 undriven or does not drive anything - clipped.
Signal slv_com_top_inst/rx_com_inst/rx_cont_b2_inst/rx_dcfifo1_48_inst/co3_1
     undriven or does not drive anything - clipped.
Signal slv_com_top_inst/rx_com_inst/rx_cont_b2_inst/rx_dcfifo1_48_inst/r_gctr_ci
     a_S1_2 undriven or does not drive anything - clipped.
Signal slv_com_top_inst/rx_com_inst/rx_cont_b2_inst/rx_dcfifo1_48_inst/r_gctr_ci
     a_S0_2 undriven or does not drive anything - clipped.
Signal slv_com_top_inst/rx_com_inst/rx_cont_b2_inst/rx_dcfifo1_48_inst/CIN_1
     undriven or does not drive anything - clipped.
Signal slv_com_top_inst/rx_com_inst/rx_cont_b2_inst/rx_dcfifo1_48_inst/w_gctr_3_
     S1_2 undriven or does not drive anything - clipped.
Signal slv_com_top_inst/rx_com_inst/rx_cont_b2_inst/rx_dcfifo1_48_inst/co3
     undriven or does not drive anything - clipped.
Signal slv_com_top_inst/rx_com_inst/rx_cont_b2_inst/rx_dcfifo1_48_inst/w_gctr_ci
     a_S1_2 undriven or does not drive anything - clipped.
Signal slv_com_top_inst/rx_com_inst/rx_cont_b2_inst/rx_dcfifo1_48_inst/w_gctr_ci
     a_S0_2 undriven or does not drive anything - clipped.
Signal slv_com_top_inst/rx_com_inst/rx_cont_b2_inst/rx_dcfifo1_48_inst/CIN_2
     undriven or does not drive anything - clipped.
Signal slv_com_top_inst/rx_com_inst/rx_cont_b2_inst/rx_dcfifo1_48_inst/pdp_ram_0
     _0_0_DOB17_2 undriven or does not drive anything - clipped.
Signal slv_com_top_inst/rx_com_inst/rx_cont_b2_inst/rx_dcfifo1_48_inst/pdp_ram_0
     _0_0_DOB16_2 undriven or does not drive anything - clipped.
Signal slv_com_top_inst/rx_com_inst/rx_cont_b2_inst/rx_dcfifo1_48_inst/pdp_ram_0
     _0_0_DOB15_2 undriven or does not drive anything - clipped.
Signal slv_com_top_inst/rx_com_inst/rx_cont_b2_inst/rx_dcfifo1_48_inst/pdp_ram_0
     _0_0_DOB14_2 undriven or does not drive anything - clipped.
Signal slv_com_top_inst/rx_com_inst/rx_cont_b2_inst/rx_dcfifo1_48_inst/pdp_ram_0
     _0_0_DOB13_2 undriven or does not drive anything - clipped.
Signal slv_com_top_inst/rx_com_inst/rx_cont_b2_inst/rx_dcfifo1_48_inst/pdp_ram_0
     _0_0_DOB12_2 undriven or does not drive anything - clipped.
Signal slv_com_top_inst/rx_com_inst/rx_cont_b2_inst/rx_dcfifo1_48_inst/pdp_ram_0
     _0_0_DOB11_2 undriven or does not drive anything - clipped.

                                   Page 78




Design:  SP0557                                        Date:  02/28/26  21:16:30

Removed logic (cont)
--------------------
Signal slv_com_top_inst/rx_com_inst/rx_cont_b2_inst/rx_dcfifo1_48_inst/pdp_ram_0
     _0_0_DOB10_1 undriven or does not drive anything - clipped.
Signal slv_com_top_inst/rx_com_inst/rx_cont_b2_inst/rx_dcfifo1_48_inst/pdp_ram_0
     _0_0_DOB9_0 undriven or does not drive anything - clipped.
Signal slv_com_top_inst/rx_com_inst/rx_cont_b2_inst/rx_dcfifo1_48_inst/pdp_ram_0
     _0_0_DOB8_0 undriven or does not drive anything - clipped.
Signal slv_com_top_inst/rx_com_inst/rx_cont_b2_inst/rx_dcfifo1_48_inst/pdp_ram_0
     _0_0_DOA17_2 undriven or does not drive anything - clipped.
Signal slv_com_top_inst/rx_com_inst/rx_cont_b2_inst/rx_dcfifo1_48_inst/pdp_ram_0
     _0_0_DOA16_2 undriven or does not drive anything - clipped.
Signal slv_com_top_inst/rx_com_inst/rx_cont_b2_inst/rx_dcfifo1_48_inst/pdp_ram_0
     _0_0_DOA15_2 undriven or does not drive anything - clipped.
Signal slv_com_top_inst/rx_com_inst/rx_cont_b2_inst/rx_dcfifo1_48_inst/pdp_ram_0
     _0_0_DOA14_2 undriven or does not drive anything - clipped.
Signal slv_com_top_inst/rx_com_inst/rx_cont_b2_inst/rx_dcfifo1_48_inst/pdp_ram_0
     _0_0_DOA13_2 undriven or does not drive anything - clipped.
Signal slv_com_top_inst/rx_com_inst/rx_cont_b2_inst/rx_dcfifo1_48_inst/pdp_ram_0
     _0_0_DOA12_2 undriven or does not drive anything - clipped.
Signal slv_com_top_inst/rx_com_inst/rx_cont_b2_inst/rx_dcfifo1_48_inst/pdp_ram_0
     _0_0_DOA11_2 undriven or does not drive anything - clipped.
Signal slv_com_top_inst/rx_com_inst/rx_cont_b2_inst/rx_dcfifo1_48_inst/pdp_ram_0
     _0_0_DOA10_2 undriven or does not drive anything - clipped.
Signal slv_com_top_inst/rx_com_inst/rx_cont_b2_inst/rx_dcfifo1_48_inst/pdp_ram_0
     _0_0_DOA9_2 undriven or does not drive anything - clipped.
Signal slv_com_top_inst/rx_com_inst/rx_cont_b2_inst/rx_dcfifo1_48_inst/pdp_ram_0
     _0_0_DOA8_2 undriven or does not drive anything - clipped.
Signal slv_com_top_inst/rx_com_inst/rx_cont_b2_inst/rx_dcfifo1_48_inst/pdp_ram_0
     _0_0_DOA7_2 undriven or does not drive anything - clipped.
Signal slv_com_top_inst/rx_com_inst/rx_cont_b2_inst/rx_dcfifo1_48_inst/pdp_ram_0
     _0_0_DOA6_2 undriven or does not drive anything - clipped.
Signal slv_com_top_inst/rx_com_inst/rx_cont_b2_inst/rx_dcfifo1_48_inst/pdp_ram_0
     _0_0_DOA5_2 undriven or does not drive anything - clipped.
Signal slv_com_top_inst/rx_com_inst/rx_cont_b2_inst/rx_dcfifo1_48_inst/pdp_ram_0
     _0_0_DOA4_2 undriven or does not drive anything - clipped.
Signal slv_com_top_inst/rx_com_inst/rx_cont_b2_inst/rx_dcfifo1_48_inst/pdp_ram_0
     _0_0_DOA3_2 undriven or does not drive anything - clipped.
Signal slv_com_top_inst/rx_com_inst/rx_cont_b2_inst/rx_dcfifo1_48_inst/pdp_ram_0
     _0_0_DOA2_2 undriven or does not drive anything - clipped.
Signal slv_com_top_inst/rx_com_inst/rx_cont_b2_inst/rx_dcfifo1_48_inst/pdp_ram_0
     _0_0_DOA1_2 undriven or does not drive anything - clipped.
Signal slv_com_top_inst/rx_com_inst/rx_cont_b2_inst/rx_dcfifo1_48_inst/pdp_ram_0
     _0_0_DOA0_2 undriven or does not drive anything - clipped.
Signal slv_com_top_inst/rx_com_inst/rx_cont_b2_inst/rx_ctl_3rd_inst/un1_dn_count
     _3_s_7_0_S1 undriven or does not drive anything - clipped.
Signal slv_com_top_inst/rx_com_inst/rx_cont_b2_inst/rx_ctl_3rd_inst/un1_dn_count
     _3_s_7_0_COUT undriven or does not drive anything - clipped.
Signal slv_com_top_inst/rx_com_inst/rx_cont_b2_inst/rx_ctl_3rd_inst/un1_dn_count
     _3_cry_0_0_S1 undriven or does not drive anything - clipped.
Signal slv_com_top_inst/rx_com_inst/rx_cont_b2_inst/rx_ctl_3rd_inst/un1_dn_count
     _3_cry_0_0_S0 undriven or does not drive anything - clipped.
Signal slv_com_top_inst/rx_com_inst/rx_cont_b2_inst/rx_ctl_3rd_inst/N_1 undriven
     or does not drive anything - clipped.
Signal sp_conv_inst/SIO_inst1/U_SPI_master/s_cnt_cry_0_COUT[5] undriven or does
     not drive anything - clipped.
Signal sp_conv_inst/SIO_inst1/U_SPI_master/s_cnt_cry_0_S0[0] undriven or does
     not drive anything - clipped.

                                   Page 79




Design:  SP0557                                        Date:  02/28/26  21:16:30

Removed logic (cont)
--------------------
Signal sp_conv_inst/SIO_inst1/U_SPI_master/N_1 undriven or does not drive
     anything - clipped.
Signal U_DAC43608_top/U01/bit_controller/cnt_s_0_S1[15] undriven or does not
     drive anything - clipped.
Signal U_DAC43608_top/U01/bit_controller/cnt_s_0_COUT[15] undriven or does not
     drive anything - clipped.
Signal U_DAC43608_top/U01/bit_controller/cnt_cry_0_S0[0] undriven or does not
     drive anything - clipped.
Signal U_DAC43608_top/U01/bit_controller/N_1 undriven or does not drive anything
     - clipped.
Signal U_DAC43608_top/U03/un1_da_send_12ch_0_I_21_0_S0 undriven or does not
     drive anything - clipped.
Signal U_DAC43608_top/U03/un1_da_send_12ch_0_I_21_0_COUT undriven or does not
     drive anything - clipped.
Signal U_DAC43608_top/U03/un1_da_send_12ch_0_I_9_0_S1 undriven or does not drive
     anything - clipped.
Signal U_DAC43608_top/U03/un1_da_send_12ch_0_I_9_0_S0 undriven or does not drive
     anything - clipped.
Signal U_DAC43608_top/U03/un1_da_send_12ch_0_I_1_0_S1 undriven or does not drive
     anything - clipped.
Signal U_DAC43608_top/U03/un1_da_send_12ch_0_I_1_0_S0 undriven or does not drive
     anything - clipped.
Signal U_DAC43608_top/U03/N_1 undriven or does not drive anything - clipped.
Signal U_DAC43608_top/U03/un1_da_send_13ch_0_I_21_0_S0 undriven or does not
     drive anything - clipped.
Signal U_DAC43608_top/U03/un1_da_send_13ch_0_I_21_0_COUT undriven or does not
     drive anything - clipped.
Signal U_DAC43608_top/U03/un1_da_send_13ch_0_I_9_0_S1 undriven or does not drive
     anything - clipped.
Signal U_DAC43608_top/U03/un1_da_send_13ch_0_I_9_0_S0 undriven or does not drive
     anything - clipped.
Signal U_DAC43608_top/U03/un1_da_send_13ch_0_I_1_0_S1 undriven or does not drive
     anything - clipped.
Signal U_DAC43608_top/U03/un1_da_send_13ch_0_I_1_0_S0 undriven or does not drive
     anything - clipped.
Signal U_DAC43608_top/U03/N_2 undriven or does not drive anything - clipped.
Signal U_DAC43608_top/U03/un1_da_send_1ch_0_I_21_0_S0 undriven or does not drive
     anything - clipped.
Signal U_DAC43608_top/U03/un1_da_send_1ch_0_I_21_0_COUT undriven or does not
     drive anything - clipped.
Signal U_DAC43608_top/U03/un1_da_send_1ch_0_I_9_0_S1 undriven or does not drive
     anything - clipped.
Signal U_DAC43608_top/U03/un1_da_send_1ch_0_I_9_0_S0 undriven or does not drive
     anything - clipped.
Signal U_DAC43608_top/U03/un1_da_send_1ch_0_I_1_0_S1 undriven or does not drive
     anything - clipped.
Signal U_DAC43608_top/U03/un1_da_send_1ch_0_I_1_0_S0 undriven or does not drive
     anything - clipped.
Signal U_DAC43608_top/U03/N_3 undriven or does not drive anything - clipped.
Signal U_DAC43608_top/U03/un1_da_send_2ch_0_I_21_0_S0 undriven or does not drive
     anything - clipped.
Signal U_DAC43608_top/U03/un1_da_send_2ch_0_I_21_0_COUT undriven or does not
     drive anything - clipped.
Signal U_DAC43608_top/U03/un1_da_send_2ch_0_I_9_0_S1 undriven or does not drive
     anything - clipped.
Signal U_DAC43608_top/U03/un1_da_send_2ch_0_I_9_0_S0 undriven or does not drive

                                   Page 80




Design:  SP0557                                        Date:  02/28/26  21:16:30

Removed logic (cont)
--------------------
     anything - clipped.
Signal U_DAC43608_top/U03/un1_da_send_2ch_0_I_1_0_S1 undriven or does not drive
     anything - clipped.
Signal U_DAC43608_top/U03/un1_da_send_2ch_0_I_1_0_S0 undriven or does not drive
     anything - clipped.
Signal U_DAC43608_top/U03/N_4 undriven or does not drive anything - clipped.
Signal U_DAC43608_top/U03/un1_da_send_3ch_0_I_21_0_S0 undriven or does not drive
     anything - clipped.
Signal U_DAC43608_top/U03/un1_da_send_3ch_0_I_21_0_COUT undriven or does not
     drive anything - clipped.
Signal U_DAC43608_top/U03/un1_da_send_3ch_0_I_9_0_S1 undriven or does not drive
     anything - clipped.
Signal U_DAC43608_top/U03/un1_da_send_3ch_0_I_9_0_S0 undriven or does not drive
     anything - clipped.
Signal U_DAC43608_top/U03/un1_da_send_3ch_0_I_1_0_S1 undriven or does not drive
     anything - clipped.
Signal U_DAC43608_top/U03/un1_da_send_3ch_0_I_1_0_S0 undriven or does not drive
     anything - clipped.
Signal U_DAC43608_top/U03/N_5 undriven or does not drive anything - clipped.
Signal U_DAC43608_top/U03/un1_da_send_4ch_0_I_21_0_S0 undriven or does not drive
     anything - clipped.
Signal U_DAC43608_top/U03/un1_da_send_4ch_0_I_21_0_COUT undriven or does not
     drive anything - clipped.
Signal U_DAC43608_top/U03/un1_da_send_4ch_0_I_9_0_S1 undriven or does not drive
     anything - clipped.
Signal U_DAC43608_top/U03/un1_da_send_4ch_0_I_9_0_S0 undriven or does not drive
     anything - clipped.
Signal U_DAC43608_top/U03/un1_da_send_4ch_0_I_1_0_S1 undriven or does not drive
     anything - clipped.
Signal U_DAC43608_top/U03/un1_da_send_4ch_0_I_1_0_S0 undriven or does not drive
     anything - clipped.
Signal U_DAC43608_top/U03/N_6 undriven or does not drive anything - clipped.
Signal U_DAC43608_top/U03/un1_da_send_5ch_0_I_21_0_S0 undriven or does not drive
     anything - clipped.
Signal U_DAC43608_top/U03/un1_da_send_5ch_0_I_21_0_COUT undriven or does not
     drive anything - clipped.
Signal U_DAC43608_top/U03/un1_da_send_5ch_0_I_9_0_S1 undriven or does not drive
     anything - clipped.
Signal U_DAC43608_top/U03/un1_da_send_5ch_0_I_9_0_S0 undriven or does not drive
     anything - clipped.
Signal U_DAC43608_top/U03/un1_da_send_5ch_0_I_1_0_S1 undriven or does not drive
     anything - clipped.
Signal U_DAC43608_top/U03/un1_da_send_5ch_0_I_1_0_S0 undriven or does not drive
     anything - clipped.
Signal U_DAC43608_top/U03/N_7 undriven or does not drive anything - clipped.
Signal U_DAC43608_top/U03/un1_da_send_6ch_0_I_21_0_S0 undriven or does not drive
     anything - clipped.
Signal U_DAC43608_top/U03/un1_da_send_6ch_0_I_21_0_COUT undriven or does not
     drive anything - clipped.
Signal U_DAC43608_top/U03/un1_da_send_6ch_0_I_9_0_S1 undriven or does not drive
     anything - clipped.
Signal U_DAC43608_top/U03/un1_da_send_6ch_0_I_9_0_S0 undriven or does not drive
     anything - clipped.
Signal U_DAC43608_top/U03/un1_da_send_6ch_0_I_1_0_S1 undriven or does not drive
     anything - clipped.
Signal U_DAC43608_top/U03/un1_da_send_6ch_0_I_1_0_S0 undriven or does not drive

                                   Page 81




Design:  SP0557                                        Date:  02/28/26  21:16:30

Removed logic (cont)
--------------------
     anything - clipped.
Signal U_DAC43608_top/U03/N_8 undriven or does not drive anything - clipped.
Signal U_DAC43608_top/U03/un1_da_send_7ch_0_I_21_0_S0 undriven or does not drive
     anything - clipped.
Signal U_DAC43608_top/U03/un1_da_send_7ch_0_I_21_0_COUT undriven or does not
     drive anything - clipped.
Signal U_DAC43608_top/U03/un1_da_send_7ch_0_I_9_0_S1 undriven or does not drive
     anything - clipped.
Signal U_DAC43608_top/U03/un1_da_send_7ch_0_I_9_0_S0 undriven or does not drive
     anything - clipped.
Signal U_DAC43608_top/U03/un1_da_send_7ch_0_I_1_0_S1 undriven or does not drive
     anything - clipped.
Signal U_DAC43608_top/U03/un1_da_send_7ch_0_I_1_0_S0 undriven or does not drive
     anything - clipped.
Signal U_DAC43608_top/U03/N_10 undriven or does not drive anything - clipped.
Signal U_DAC43608_top/U03/un1_da_send_8ch_0_I_21_0_S0 undriven or does not drive
     anything - clipped.
Signal U_DAC43608_top/U03/un1_da_send_8ch_0_I_21_0_COUT undriven or does not
     drive anything - clipped.
Signal U_DAC43608_top/U03/un1_da_send_8ch_0_I_9_0_S1 undriven or does not drive
     anything - clipped.
Signal U_DAC43608_top/U03/un1_da_send_8ch_0_I_9_0_S0 undriven or does not drive
     anything - clipped.
Signal U_DAC43608_top/U03/un1_da_send_8ch_0_I_1_0_S1 undriven or does not drive
     anything - clipped.
Signal U_DAC43608_top/U03/un1_da_send_8ch_0_I_1_0_S0 undriven or does not drive
     anything - clipped.
Signal U_DAC43608_top/U03/N_11 undriven or does not drive anything - clipped.
Signal U_DAC43608_top/U03/un1_da_send_9ch_0_I_21_0_S0 undriven or does not drive
     anything - clipped.
Signal U_DAC43608_top/U03/un1_da_send_9ch_0_I_21_0_COUT undriven or does not
     drive anything - clipped.
Signal U_DAC43608_top/U03/un1_da_send_9ch_0_I_9_0_S1 undriven or does not drive
     anything - clipped.
Signal U_DAC43608_top/U03/un1_da_send_9ch_0_I_9_0_S0 undriven or does not drive
     anything - clipped.
Signal U_DAC43608_top/U03/un1_da_send_9ch_0_I_1_0_S1 undriven or does not drive
     anything - clipped.
Signal U_DAC43608_top/U03/un1_da_send_9ch_0_I_1_0_S0 undriven or does not drive
     anything - clipped.
Signal U_DAC43608_top/U03/N_12 undriven or does not drive anything - clipped.
Signal U_DAC43608_top/U03/un1_da_send_10ch_0_I_21_0_S0 undriven or does not
     drive anything - clipped.
Signal U_DAC43608_top/U03/un1_da_send_10ch_0_I_21_0_COUT undriven or does not
     drive anything - clipped.
Signal U_DAC43608_top/U03/un1_da_send_10ch_0_I_9_0_S1 undriven or does not drive
     anything - clipped.
Signal U_DAC43608_top/U03/un1_da_send_10ch_0_I_9_0_S0 undriven or does not drive
     anything - clipped.
Signal U_DAC43608_top/U03/un1_da_send_10ch_0_I_1_0_S1 undriven or does not drive
     anything - clipped.
Signal U_DAC43608_top/U03/un1_da_send_10ch_0_I_1_0_S0 undriven or does not drive
     anything - clipped.
Signal U_DAC43608_top/U03/N_13 undriven or does not drive anything - clipped.
Signal U_DAC43608_top/U03/un1_da_send_11ch_0_I_21_0_S0 undriven or does not
     drive anything - clipped.

                                   Page 82




Design:  SP0557                                        Date:  02/28/26  21:16:30

Removed logic (cont)
--------------------
Signal U_DAC43608_top/U03/un1_da_send_11ch_0_I_21_0_COUT undriven or does not
     drive anything - clipped.
Signal U_DAC43608_top/U03/un1_da_send_11ch_0_I_9_0_S1 undriven or does not drive
     anything - clipped.
Signal U_DAC43608_top/U03/un1_da_send_11ch_0_I_9_0_S0 undriven or does not drive
     anything - clipped.
Signal U_DAC43608_top/U03/un1_da_send_11ch_0_I_1_0_S1 undriven or does not drive
     anything - clipped.
Signal U_DAC43608_top/U03/un1_da_send_11ch_0_I_1_0_S0 undriven or does not drive
     anything - clipped.
Signal U_DAC43608_top/U03/N_14 undriven or does not drive anything - clipped.
Signal LEDLT/s_AD8402_wait_cnt_cry_0_S0[0] undriven or does not drive anything -
     clipped.
Signal LEDLT/N_1 undriven or does not drive anything - clipped.
Signal LEDLT/s_TLC5916_wait_cnt_s_0_S1[7] undriven or does not drive anything -
     clipped.
Signal LEDLT/s_TLC5916_wait_cnt_s_0_COUT[7] undriven or does not drive anything
     - clipped.
Signal LEDLT/s_TLC5916_wait_cnt_cry_0_S0[0] undriven or does not drive anything
     - clipped.
Signal LEDLT/N_2 undriven or does not drive anything - clipped.
Signal LEDLT/TLC5916/s_cnt_cry_0_COUT[3] undriven or does not drive anything -
     clipped.
Signal LEDLT/TLC5916/s_cnt_cry_0_S0_0[0] undriven or does not drive anything -
     clipped.
Signal LEDLT/TLC5916/N_4 undriven or does not drive anything - clipped.
Signal LEDLT/AD8402/U_ad8402/un1_i_10_s_3_0_S1 undriven or does not drive
     anything - clipped.
Signal LEDLT/AD8402/U_ad8402/un1_i_10_s_3_0_COUT undriven or does not drive
     anything - clipped.
Signal LEDLT/AD8402/U_ad8402/un1_i_10_cry_0_0_S1 undriven or does not drive
     anything - clipped.
Signal LEDLT/AD8402/U_ad8402/un1_i_10_cry_0_0_S0 undriven or does not drive
     anything - clipped.
Signal LEDLT/AD8402/U_ad8402/N_1 undriven or does not drive anything - clipped.
Signal LEDLT/s_AD8402_wait_cnt_s_0_S1[7] undriven or does not drive anything -
     clipped.
Signal LEDLT/s_AD8402_wait_cnt_s_0_COUT[7] undriven or does not drive anything -
     clipped.
Signal ENC_inst/enc_func.1.enc_top_inst/encoder_inst/encdat_cry_0_COUT[14]
     undriven or does not drive anything - clipped.
Signal ENC_inst/enc_func.1.enc_top_inst/encoder_inst/encdat_lcry_0_S1 undriven
     or does not drive anything - clipped.
Signal ENC_inst/enc_func.1.enc_top_inst/encoder_inst/encdat_lcry_0_S0 undriven
     or does not drive anything - clipped.
Signal ENC_inst/enc_func.1.enc_top_inst/encoder_inst/N_1 undriven or does not
     drive anything - clipped.
Signal ENC_inst/enc_func.1.enc_top_inst/encoder_inst/s_ph_b_flt_cry_0_COUT[7]
     undriven or does not drive anything - clipped.
Signal ENC_inst/enc_func.1.enc_top_inst/encoder_inst/s_ph_b_flt_cry_0_S0[0]
     undriven or does not drive anything - clipped.
Signal ENC_inst/enc_func.1.enc_top_inst/encoder_inst/N_2 undriven or does not
     drive anything - clipped.
Signal ENC_inst/enc_func.1.enc_top_inst/encoder_inst/s_ph_a_flt_cry_0_COUT[7]
     undriven or does not drive anything - clipped.
Signal ENC_inst/enc_func.1.enc_top_inst/encoder_inst/s_ph_a_flt_cry_0_S0[0]

                                   Page 83




Design:  SP0557                                        Date:  02/28/26  21:16:30

Removed logic (cont)
--------------------
     undriven or does not drive anything - clipped.
Signal ENC_inst/enc_func.1.enc_top_inst/encoder_inst/N_3 undriven or does not
     drive anything - clipped.
Signal ENC_inst/enc_func.1.enc_top_inst/U_enc_lmt/un28_s_encerr_cry_13_0_S0
     undriven or does not drive anything - clipped.
Signal ENC_inst/enc_func.1.enc_top_inst/U_enc_lmt/un28_s_encerr_cry_13_0_COUT
     undriven or does not drive anything - clipped.
Signal ENC_inst/enc_func.1.enc_top_inst/U_enc_lmt/un28_s_encerr_cry_11_0_S1
     undriven or does not drive anything - clipped.
Signal ENC_inst/enc_func.1.enc_top_inst/U_enc_lmt/un28_s_encerr_cry_11_0_S0
     undriven or does not drive anything - clipped.
Signal ENC_inst/enc_func.1.enc_top_inst/U_enc_lmt/un28_s_encerr_cry_9_0_S1
     undriven or does not drive anything - clipped.
Signal ENC_inst/enc_func.1.enc_top_inst/U_enc_lmt/un28_s_encerr_cry_9_0_S0
     undriven or does not drive anything - clipped.
Signal ENC_inst/enc_func.1.enc_top_inst/U_enc_lmt/un28_s_encerr_cry_7_0_S1
     undriven or does not drive anything - clipped.
Signal ENC_inst/enc_func.1.enc_top_inst/U_enc_lmt/un28_s_encerr_cry_7_0_S0
     undriven or does not drive anything - clipped.
Signal ENC_inst/enc_func.1.enc_top_inst/U_enc_lmt/un28_s_encerr_cry_5_0_S1
     undriven or does not drive anything - clipped.
Signal ENC_inst/enc_func.1.enc_top_inst/U_enc_lmt/un28_s_encerr_cry_5_0_S0
     undriven or does not drive anything - clipped.
Signal ENC_inst/enc_func.1.enc_top_inst/U_enc_lmt/un28_s_encerr_cry_3_0_S1
     undriven or does not drive anything - clipped.
Signal ENC_inst/enc_func.1.enc_top_inst/U_enc_lmt/un28_s_encerr_cry_3_0_S0
     undriven or does not drive anything - clipped.
Signal ENC_inst/enc_func.1.enc_top_inst/U_enc_lmt/un28_s_encerr_cry_1_0_S1
     undriven or does not drive anything - clipped.
Signal ENC_inst/enc_func.1.enc_top_inst/U_enc_lmt/un28_s_encerr_cry_1_0_S0
     undriven or does not drive anything - clipped.
Signal ENC_inst/enc_func.1.enc_top_inst/U_enc_lmt/un28_s_encerr_cry_0_0_S1
     undriven or does not drive anything - clipped.
Signal ENC_inst/enc_func.1.enc_top_inst/U_enc_lmt/un28_s_encerr_cry_0_0_S0
     undriven or does not drive anything - clipped.
Signal ENC_inst/enc_func.1.enc_top_inst/U_enc_lmt/N_1 undriven or does not drive
     anything - clipped.
Signal ENC_inst/enc_func.1.enc_top_inst/U_enc_lmt/un30_s_encerr_cry_13_0_S0
     undriven or does not drive anything - clipped.
Signal ENC_inst/enc_func.1.enc_top_inst/U_enc_lmt/un30_s_encerr_cry_13_0_COUT
     undriven or does not drive anything - clipped.
Signal ENC_inst/enc_func.1.enc_top_inst/U_enc_lmt/un30_s_encerr_cry_11_0_S1
     undriven or does not drive anything - clipped.
Signal ENC_inst/enc_func.1.enc_top_inst/U_enc_lmt/un30_s_encerr_cry_11_0_S0
     undriven or does not drive anything - clipped.
Signal ENC_inst/enc_func.1.enc_top_inst/U_enc_lmt/un30_s_encerr_cry_9_0_S1
     undriven or does not drive anything - clipped.
Signal ENC_inst/enc_func.1.enc_top_inst/U_enc_lmt/un30_s_encerr_cry_9_0_S0
     undriven or does not drive anything - clipped.
Signal ENC_inst/enc_func.1.enc_top_inst/U_enc_lmt/un30_s_encerr_cry_7_0_S1
     undriven or does not drive anything - clipped.
Signal ENC_inst/enc_func.1.enc_top_inst/U_enc_lmt/un30_s_encerr_cry_7_0_S0
     undriven or does not drive anything - clipped.
Signal ENC_inst/enc_func.1.enc_top_inst/U_enc_lmt/un30_s_encerr_cry_5_0_S1
     undriven or does not drive anything - clipped.
Signal ENC_inst/enc_func.1.enc_top_inst/U_enc_lmt/un30_s_encerr_cry_5_0_S0

                                   Page 84




Design:  SP0557                                        Date:  02/28/26  21:16:30

Removed logic (cont)
--------------------
     undriven or does not drive anything - clipped.
Signal ENC_inst/enc_func.1.enc_top_inst/U_enc_lmt/un30_s_encerr_cry_3_0_S1
     undriven or does not drive anything - clipped.
Signal ENC_inst/enc_func.1.enc_top_inst/U_enc_lmt/un30_s_encerr_cry_3_0_S0
     undriven or does not drive anything - clipped.
Signal ENC_inst/enc_func.1.enc_top_inst/U_enc_lmt/un30_s_encerr_cry_1_0_S1
     undriven or does not drive anything - clipped.
Signal ENC_inst/enc_func.1.enc_top_inst/U_enc_lmt/un30_s_encerr_cry_1_0_S0
     undriven or does not drive anything - clipped.
Signal ENC_inst/enc_func.1.enc_top_inst/U_enc_lmt/un30_s_encerr_cry_0_0_S1
     undriven or does not drive anything - clipped.
Signal ENC_inst/enc_func.1.enc_top_inst/U_enc_lmt/un30_s_encerr_cry_0_0_S0
     undriven or does not drive anything - clipped.
Signal ENC_inst/enc_func.1.enc_top_inst/U_enc_lmt/N_2 undriven or does not drive
     anything - clipped.
Signal ENC_inst/enc_func.1.enc_top_inst/U_enc_lmt/un1_s_encerr_1_0_4_s_13_0_S1
     undriven or does not drive anything - clipped.
Signal ENC_inst/enc_func.1.enc_top_inst/U_enc_lmt/un1_s_encerr_1_0_4_s_13_0_COUT
     undriven or does not drive anything - clipped.
Signal ENC_inst/enc_func.1.enc_top_inst/U_enc_lmt/un1_s_encerr_1_0_4_cry_0_0_S1
     undriven or does not drive anything - clipped.
Signal ENC_inst/enc_func.1.enc_top_inst/U_enc_lmt/un1_s_encerr_1_0_4_cry_0_0_S0
     undriven or does not drive anything - clipped.
Signal ENC_inst/enc_func.1.enc_top_inst/U_enc_lmt/N_3 undriven or does not drive
     anything - clipped.
Signal ENC_inst/enc_func.1.enc_top_inst/U_enc_lmt/un1_s_encerr_1_0_6_s_13_0_S1
     undriven or does not drive anything - clipped.
Signal ENC_inst/enc_func.1.enc_top_inst/U_enc_lmt/un1_s_encerr_1_0_6_s_13_0_COUT
     undriven or does not drive anything - clipped.
Signal ENC_inst/enc_func.1.enc_top_inst/U_enc_lmt/un1_s_encerr_1_0_6_cry_0_0_S0
     undriven or does not drive anything - clipped.
Signal ENC_inst/enc_func.1.enc_top_inst/U_enc_lmt/N_4 undriven or does not drive
     anything - clipped.
Signal ENC_inst/enc_func.1.enc_top_inst/U_enc_lmt/un1_s_encerr_1_0_s_13_0_S1
     undriven or does not drive anything - clipped.
Signal ENC_inst/enc_func.1.enc_top_inst/U_enc_lmt/un1_s_encerr_1_0_s_13_0_COUT
     undriven or does not drive anything - clipped.
Signal ENC_inst/enc_func.1.enc_top_inst/U_enc_lmt/un1_s_encerr_1_0_cry_0_0_S1
     undriven or does not drive anything - clipped.
Signal ENC_inst/enc_func.1.enc_top_inst/U_enc_lmt/un1_s_encerr_1_0_cry_0_0_S0
     undriven or does not drive anything - clipped.
Signal ENC_inst/enc_func.1.enc_top_inst/U_enc_lmt/N_6 undriven or does not drive
     anything - clipped.
Signal ENC_inst/enc_func.1.enc_top_inst/U_enc_lmt/un5_s_enc_thh_cry_7_0_COUT_11
     undriven or does not drive anything - clipped.
Signal ENC_inst/enc_func.1.enc_top_inst/U_enc_lmt/un5_s_enc_thh_cry_0_0_S1_11
     undriven or does not drive anything - clipped.
Signal ENC_inst/enc_func.1.enc_top_inst/U_enc_lmt/un5_s_enc_thh_cry_0_0_S0_11
     undriven or does not drive anything - clipped.
Signal ENC_inst/enc_func.1.enc_top_inst/U_enc_lmt/N_7 undriven or does not drive
     anything - clipped.
Signal ENC_inst/enc_func.11.enc_top_inst/encoder_inst/encdat_cry_0_COUT_0[14]
     undriven or does not drive anything - clipped.
Signal ENC_inst/enc_func.11.enc_top_inst/encoder_inst/encdat_lcry_0_S1_0
     undriven or does not drive anything - clipped.
Signal ENC_inst/enc_func.11.enc_top_inst/encoder_inst/encdat_lcry_0_S0_0

                                   Page 85




Design:  SP0557                                        Date:  02/28/26  21:16:30

Removed logic (cont)
--------------------
     undriven or does not drive anything - clipped.
Signal ENC_inst/enc_func.11.enc_top_inst/encoder_inst/N_1 undriven or does not
     drive anything - clipped.
Signal ENC_inst/enc_func.11.enc_top_inst/encoder_inst/s_ph_b_flt_cry_0_COUT_0[7]
     undriven or does not drive anything - clipped.
Signal ENC_inst/enc_func.11.enc_top_inst/encoder_inst/s_ph_b_flt_cry_0_S0_0[0]
     undriven or does not drive anything - clipped.
Signal ENC_inst/enc_func.11.enc_top_inst/encoder_inst/N_2 undriven or does not
     drive anything - clipped.
Signal ENC_inst/enc_func.11.enc_top_inst/encoder_inst/s_ph_a_flt_cry_0_COUT_0[7]
     undriven or does not drive anything - clipped.
Signal ENC_inst/enc_func.11.enc_top_inst/encoder_inst/s_ph_a_flt_cry_0_S0_0[0]
     undriven or does not drive anything - clipped.
Signal ENC_inst/enc_func.11.enc_top_inst/encoder_inst/N_3 undriven or does not
     drive anything - clipped.
Signal ENC_inst/enc_func.11.enc_top_inst/U_enc_lmt/un28_s_encerr_cry_13_0_S0_0
     undriven or does not drive anything - clipped.
Signal ENC_inst/enc_func.11.enc_top_inst/U_enc_lmt/un28_s_encerr_cry_13_0_COUT_0
     undriven or does not drive anything - clipped.
Signal ENC_inst/enc_func.11.enc_top_inst/U_enc_lmt/un28_s_encerr_cry_11_0_S1_0
     undriven or does not drive anything - clipped.
Signal ENC_inst/enc_func.11.enc_top_inst/U_enc_lmt/un28_s_encerr_cry_11_0_S0_0
     undriven or does not drive anything - clipped.
Signal ENC_inst/enc_func.11.enc_top_inst/U_enc_lmt/un28_s_encerr_cry_9_0_S1_0
     undriven or does not drive anything - clipped.
Signal ENC_inst/enc_func.11.enc_top_inst/U_enc_lmt/un28_s_encerr_cry_9_0_S0_0
     undriven or does not drive anything - clipped.
Signal ENC_inst/enc_func.11.enc_top_inst/U_enc_lmt/un28_s_encerr_cry_7_0_S1_0
     undriven or does not drive anything - clipped.
Signal ENC_inst/enc_func.11.enc_top_inst/U_enc_lmt/un28_s_encerr_cry_7_0_S0_0
     undriven or does not drive anything - clipped.
Signal ENC_inst/enc_func.11.enc_top_inst/U_enc_lmt/un28_s_encerr_cry_5_0_S1_0
     undriven or does not drive anything - clipped.
Signal ENC_inst/enc_func.11.enc_top_inst/U_enc_lmt/un28_s_encerr_cry_5_0_S0_0
     undriven or does not drive anything - clipped.
Signal ENC_inst/enc_func.11.enc_top_inst/U_enc_lmt/un28_s_encerr_cry_3_0_S1_0
     undriven or does not drive anything - clipped.
Signal ENC_inst/enc_func.11.enc_top_inst/U_enc_lmt/un28_s_encerr_cry_3_0_S0_0
     undriven or does not drive anything - clipped.
Signal ENC_inst/enc_func.11.enc_top_inst/U_enc_lmt/un28_s_encerr_cry_1_0_S1_0
     undriven or does not drive anything - clipped.
Signal ENC_inst/enc_func.11.enc_top_inst/U_enc_lmt/un28_s_encerr_cry_1_0_S0_0
     undriven or does not drive anything - clipped.
Signal ENC_inst/enc_func.11.enc_top_inst/U_enc_lmt/un28_s_encerr_cry_0_0_S1_0
     undriven or does not drive anything - clipped.
Signal ENC_inst/enc_func.11.enc_top_inst/U_enc_lmt/un28_s_encerr_cry_0_0_S0_0
     undriven or does not drive anything - clipped.
Signal ENC_inst/enc_func.11.enc_top_inst/U_enc_lmt/N_1 undriven or does not
     drive anything - clipped.
Signal ENC_inst/enc_func.11.enc_top_inst/U_enc_lmt/un30_s_encerr_cry_13_0_S0_0
     undriven or does not drive anything - clipped.
Signal ENC_inst/enc_func.11.enc_top_inst/U_enc_lmt/un30_s_encerr_cry_13_0_COUT_0
     undriven or does not drive anything - clipped.
Signal ENC_inst/enc_func.11.enc_top_inst/U_enc_lmt/un30_s_encerr_cry_11_0_S1_0
     undriven or does not drive anything - clipped.
Signal ENC_inst/enc_func.11.enc_top_inst/U_enc_lmt/un30_s_encerr_cry_11_0_S0_0

                                   Page 86




Design:  SP0557                                        Date:  02/28/26  21:16:30

Removed logic (cont)
--------------------
     undriven or does not drive anything - clipped.
Signal ENC_inst/enc_func.11.enc_top_inst/U_enc_lmt/un30_s_encerr_cry_9_0_S1_0
     undriven or does not drive anything - clipped.
Signal ENC_inst/enc_func.11.enc_top_inst/U_enc_lmt/un30_s_encerr_cry_9_0_S0_0
     undriven or does not drive anything - clipped.
Signal ENC_inst/enc_func.11.enc_top_inst/U_enc_lmt/un30_s_encerr_cry_7_0_S1_0
     undriven or does not drive anything - clipped.
Signal ENC_inst/enc_func.11.enc_top_inst/U_enc_lmt/un30_s_encerr_cry_7_0_S0_0
     undriven or does not drive anything - clipped.
Signal ENC_inst/enc_func.11.enc_top_inst/U_enc_lmt/un30_s_encerr_cry_5_0_S1_0
     undriven or does not drive anything - clipped.
Signal ENC_inst/enc_func.11.enc_top_inst/U_enc_lmt/un30_s_encerr_cry_5_0_S0_0
     undriven or does not drive anything - clipped.
Signal ENC_inst/enc_func.11.enc_top_inst/U_enc_lmt/un30_s_encerr_cry_3_0_S1_0
     undriven or does not drive anything - clipped.
Signal ENC_inst/enc_func.11.enc_top_inst/U_enc_lmt/un30_s_encerr_cry_3_0_S0_0
     undriven or does not drive anything - clipped.
Signal ENC_inst/enc_func.11.enc_top_inst/U_enc_lmt/un30_s_encerr_cry_1_0_S1_0
     undriven or does not drive anything - clipped.
Signal ENC_inst/enc_func.11.enc_top_inst/U_enc_lmt/un30_s_encerr_cry_1_0_S0_0
     undriven or does not drive anything - clipped.
Signal ENC_inst/enc_func.11.enc_top_inst/U_enc_lmt/un30_s_encerr_cry_0_0_S1_0
     undriven or does not drive anything - clipped.
Signal ENC_inst/enc_func.11.enc_top_inst/U_enc_lmt/un30_s_encerr_cry_0_0_S0_0
     undriven or does not drive anything - clipped.
Signal ENC_inst/enc_func.11.enc_top_inst/U_enc_lmt/N_2 undriven or does not
     drive anything - clipped.
Signal ENC_inst/enc_func.11.enc_top_inst/U_enc_lmt/un1_s_encerr_1_0_s_13_S1_0
     undriven or does not drive anything - clipped.
Signal ENC_inst/enc_func.11.enc_top_inst/U_enc_lmt/un1_s_encerr_1_0_s_13_COUT_0
     undriven or does not drive anything - clipped.
Signal ENC_inst/enc_func.11.enc_top_inst/U_enc_lmt/un1_s_encerr_1_0_cry_0_S1_0
     undriven or does not drive anything - clipped.
Signal ENC_inst/enc_func.11.enc_top_inst/U_enc_lmt/un1_s_encerr_1_0_cry_0_S0_0
     undriven or does not drive anything - clipped.
Signal ENC_inst/enc_func.11.enc_top_inst/U_enc_lmt/N_3 undriven or does not
     drive anything - clipped.
Signal
     ENC_inst/enc_func.11.enc_top_inst/U_enc_lmt/un1_s_encerr_1_0_4_s_13_0_S1_0
     undriven or does not drive anything - clipped.
Signal ENC_inst/enc_func.11.enc_top_inst/U_enc_lmt/un1_s_encerr_1_0_4_s_13_0_COU
     T_0 undriven or does not drive anything - clipped.
Signal ENC_inst/enc_func.11.enc_top_inst/U_enc_lmt/un1_s_encerr_1_0_4_cry_0_0_S1
     _0 undriven or does not drive anything - clipped.
Signal ENC_inst/enc_func.11.enc_top_inst/U_enc_lmt/un1_s_encerr_1_0_4_cry_0_0_S0
     _0 undriven or does not drive anything - clipped.
Signal ENC_inst/enc_func.11.enc_top_inst/U_enc_lmt/N_4 undriven or does not
     drive anything - clipped.
Signal
     ENC_inst/enc_func.11.enc_top_inst/U_enc_lmt/un1_s_encerr_1_0_6_s_13_0_S1_0
     undriven or does not drive anything - clipped.
Signal ENC_inst/enc_func.11.enc_top_inst/U_enc_lmt/un1_s_encerr_1_0_6_s_13_0_COU
     T_0 undriven or does not drive anything - clipped.
Signal ENC_inst/enc_func.11.enc_top_inst/U_enc_lmt/un1_s_encerr_1_0_6_cry_0_0_S0
     _0 undriven or does not drive anything - clipped.
Signal ENC_inst/enc_func.11.enc_top_inst/U_enc_lmt/N_6 undriven or does not

                                   Page 87




Design:  SP0557                                        Date:  02/28/26  21:16:30

Removed logic (cont)
--------------------
     drive anything - clipped.
Signal ENC_inst/enc_func.11.enc_top_inst/U_enc_lmt/un5_s_enc_thh_cry_7_0_COUT_10
     undriven or does not drive anything - clipped.
Signal ENC_inst/enc_func.11.enc_top_inst/U_enc_lmt/un5_s_enc_thh_cry_0_0_S1_10
     undriven or does not drive anything - clipped.
Signal ENC_inst/enc_func.11.enc_top_inst/U_enc_lmt/un5_s_enc_thh_cry_0_0_S0_10
     undriven or does not drive anything - clipped.
Signal ENC_inst/enc_func.11.enc_top_inst/U_enc_lmt/N_7 undriven or does not
     drive anything - clipped.
Signal ENC_inst/enc_func.8.enc_top_inst/encoder_inst/encdat_cry_0_COUT_1[14]
     undriven or does not drive anything - clipped.
Signal ENC_inst/enc_func.8.enc_top_inst/encoder_inst/encdat_lcry_0_S1_1 undriven
     or does not drive anything - clipped.
Signal ENC_inst/enc_func.8.enc_top_inst/encoder_inst/encdat_lcry_0_S0_1 undriven
     or does not drive anything - clipped.
Signal ENC_inst/enc_func.8.enc_top_inst/encoder_inst/N_1 undriven or does not
     drive anything - clipped.
Signal ENC_inst/enc_func.8.enc_top_inst/encoder_inst/s_ph_b_flt_cry_0_COUT_1[7]
     undriven or does not drive anything - clipped.
Signal ENC_inst/enc_func.8.enc_top_inst/encoder_inst/s_ph_b_flt_cry_0_S0_1[0]
     undriven or does not drive anything - clipped.
Signal ENC_inst/enc_func.8.enc_top_inst/encoder_inst/N_2 undriven or does not
     drive anything - clipped.
Signal ENC_inst/enc_func.8.enc_top_inst/encoder_inst/s_ph_a_flt_cry_0_COUT_1[7]
     undriven or does not drive anything - clipped.
Signal ENC_inst/enc_func.8.enc_top_inst/encoder_inst/s_ph_a_flt_cry_0_S0_1[0]
     undriven or does not drive anything - clipped.
Signal ENC_inst/enc_func.8.enc_top_inst/encoder_inst/N_3 undriven or does not
     drive anything - clipped.
Signal ENC_inst/enc_func.8.enc_top_inst/U_enc_lmt/un28_s_encerr_cry_13_0_S0_1
     undriven or does not drive anything - clipped.
Signal ENC_inst/enc_func.8.enc_top_inst/U_enc_lmt/un28_s_encerr_cry_13_0_COUT_1
     undriven or does not drive anything - clipped.
Signal ENC_inst/enc_func.8.enc_top_inst/U_enc_lmt/un28_s_encerr_cry_11_0_S1_1
     undriven or does not drive anything - clipped.
Signal ENC_inst/enc_func.8.enc_top_inst/U_enc_lmt/un28_s_encerr_cry_11_0_S0_1
     undriven or does not drive anything - clipped.
Signal ENC_inst/enc_func.8.enc_top_inst/U_enc_lmt/un28_s_encerr_cry_9_0_S1_1
     undriven or does not drive anything - clipped.
Signal ENC_inst/enc_func.8.enc_top_inst/U_enc_lmt/un28_s_encerr_cry_9_0_S0_1
     undriven or does not drive anything - clipped.
Signal ENC_inst/enc_func.8.enc_top_inst/U_enc_lmt/un28_s_encerr_cry_7_0_S1_1
     undriven or does not drive anything - clipped.
Signal ENC_inst/enc_func.8.enc_top_inst/U_enc_lmt/un28_s_encerr_cry_7_0_S0_1
     undriven or does not drive anything - clipped.
Signal ENC_inst/enc_func.8.enc_top_inst/U_enc_lmt/un28_s_encerr_cry_5_0_S1_1
     undriven or does not drive anything - clipped.
Signal ENC_inst/enc_func.8.enc_top_inst/U_enc_lmt/un28_s_encerr_cry_5_0_S0_1
     undriven or does not drive anything - clipped.
Signal ENC_inst/enc_func.8.enc_top_inst/U_enc_lmt/un28_s_encerr_cry_3_0_S1_1
     undriven or does not drive anything - clipped.
Signal ENC_inst/enc_func.8.enc_top_inst/U_enc_lmt/un28_s_encerr_cry_3_0_S0_1
     undriven or does not drive anything - clipped.
Signal ENC_inst/enc_func.8.enc_top_inst/U_enc_lmt/un28_s_encerr_cry_1_0_S1_1
     undriven or does not drive anything - clipped.
Signal ENC_inst/enc_func.8.enc_top_inst/U_enc_lmt/un28_s_encerr_cry_1_0_S0_1

                                   Page 88




Design:  SP0557                                        Date:  02/28/26  21:16:30

Removed logic (cont)
--------------------
     undriven or does not drive anything - clipped.
Signal ENC_inst/enc_func.8.enc_top_inst/U_enc_lmt/un28_s_encerr_cry_0_0_S1_1
     undriven or does not drive anything - clipped.
Signal ENC_inst/enc_func.8.enc_top_inst/U_enc_lmt/un28_s_encerr_cry_0_0_S0_1
     undriven or does not drive anything - clipped.
Signal ENC_inst/enc_func.8.enc_top_inst/U_enc_lmt/N_1 undriven or does not drive
     anything - clipped.
Signal ENC_inst/enc_func.8.enc_top_inst/U_enc_lmt/un30_s_encerr_cry_13_0_S0_1
     undriven or does not drive anything - clipped.
Signal ENC_inst/enc_func.8.enc_top_inst/U_enc_lmt/un30_s_encerr_cry_13_0_COUT_1
     undriven or does not drive anything - clipped.
Signal ENC_inst/enc_func.8.enc_top_inst/U_enc_lmt/un30_s_encerr_cry_11_0_S1_1
     undriven or does not drive anything - clipped.
Signal ENC_inst/enc_func.8.enc_top_inst/U_enc_lmt/un30_s_encerr_cry_11_0_S0_1
     undriven or does not drive anything - clipped.
Signal ENC_inst/enc_func.8.enc_top_inst/U_enc_lmt/un30_s_encerr_cry_9_0_S1_1
     undriven or does not drive anything - clipped.
Signal ENC_inst/enc_func.8.enc_top_inst/U_enc_lmt/un30_s_encerr_cry_9_0_S0_1
     undriven or does not drive anything - clipped.
Signal ENC_inst/enc_func.8.enc_top_inst/U_enc_lmt/un30_s_encerr_cry_7_0_S1_1
     undriven or does not drive anything - clipped.
Signal ENC_inst/enc_func.8.enc_top_inst/U_enc_lmt/un30_s_encerr_cry_7_0_S0_1
     undriven or does not drive anything - clipped.
Signal ENC_inst/enc_func.8.enc_top_inst/U_enc_lmt/un30_s_encerr_cry_5_0_S1_1
     undriven or does not drive anything - clipped.
Signal ENC_inst/enc_func.8.enc_top_inst/U_enc_lmt/un30_s_encerr_cry_5_0_S0_1
     undriven or does not drive anything - clipped.
Signal ENC_inst/enc_func.8.enc_top_inst/U_enc_lmt/un30_s_encerr_cry_3_0_S1_1
     undriven or does not drive anything - clipped.
Signal ENC_inst/enc_func.8.enc_top_inst/U_enc_lmt/un30_s_encerr_cry_3_0_S0_1
     undriven or does not drive anything - clipped.
Signal ENC_inst/enc_func.8.enc_top_inst/U_enc_lmt/un30_s_encerr_cry_1_0_S1_1
     undriven or does not drive anything - clipped.
Signal ENC_inst/enc_func.8.enc_top_inst/U_enc_lmt/un30_s_encerr_cry_1_0_S0_1
     undriven or does not drive anything - clipped.
Signal ENC_inst/enc_func.8.enc_top_inst/U_enc_lmt/un30_s_encerr_cry_0_0_S1_1
     undriven or does not drive anything - clipped.
Signal ENC_inst/enc_func.8.enc_top_inst/U_enc_lmt/un30_s_encerr_cry_0_0_S0_1
     undriven or does not drive anything - clipped.
Signal ENC_inst/enc_func.8.enc_top_inst/U_enc_lmt/N_2 undriven or does not drive
     anything - clipped.
Signal ENC_inst/enc_func.8.enc_top_inst/U_enc_lmt/un1_s_encerr_1_0_4_s_13_0_S1_1
     undriven or does not drive anything - clipped.
Signal ENC_inst/enc_func.8.enc_top_inst/U_enc_lmt/un1_s_encerr_1_0_4_s_13_0_COUT
     _1 undriven or does not drive anything - clipped.
Signal
     ENC_inst/enc_func.8.enc_top_inst/U_enc_lmt/un1_s_encerr_1_0_4_cry_0_0_S1_1
     undriven or does not drive anything - clipped.
Signal
     ENC_inst/enc_func.8.enc_top_inst/U_enc_lmt/un1_s_encerr_1_0_4_cry_0_0_S0_1
     undriven or does not drive anything - clipped.
Signal ENC_inst/enc_func.8.enc_top_inst/U_enc_lmt/N_3 undriven or does not drive
     anything - clipped.
Signal ENC_inst/enc_func.8.enc_top_inst/U_enc_lmt/un1_s_encerr_1_0_6_s_13_0_S1_1
     undriven or does not drive anything - clipped.
Signal ENC_inst/enc_func.8.enc_top_inst/U_enc_lmt/un1_s_encerr_1_0_6_s_13_0_COUT

                                   Page 89




Design:  SP0557                                        Date:  02/28/26  21:16:30

Removed logic (cont)
--------------------
     _1 undriven or does not drive anything - clipped.
Signal
     ENC_inst/enc_func.8.enc_top_inst/U_enc_lmt/un1_s_encerr_1_0_6_cry_0_0_S0_1
     undriven or does not drive anything - clipped.
Signal ENC_inst/enc_func.8.enc_top_inst/U_enc_lmt/N_4 undriven or does not drive
     anything - clipped.
Signal ENC_inst/enc_func.8.enc_top_inst/U_enc_lmt/un1_s_encerr_1_0_s_13_S1_1
     undriven or does not drive anything - clipped.
Signal ENC_inst/enc_func.8.enc_top_inst/U_enc_lmt/un1_s_encerr_1_0_s_13_COUT_1
     undriven or does not drive anything - clipped.
Signal ENC_inst/enc_func.8.enc_top_inst/U_enc_lmt/un1_s_encerr_1_0_cry_0_S1_1
     undriven or does not drive anything - clipped.
Signal ENC_inst/enc_func.8.enc_top_inst/U_enc_lmt/un1_s_encerr_1_0_cry_0_S0_1
     undriven or does not drive anything - clipped.
Signal ENC_inst/enc_func.8.enc_top_inst/U_enc_lmt/N_6 undriven or does not drive
     anything - clipped.
Signal ENC_inst/enc_func.8.enc_top_inst/U_enc_lmt/un5_s_enc_thh_cry_7_0_COUT_9
     undriven or does not drive anything - clipped.
Signal ENC_inst/enc_func.8.enc_top_inst/U_enc_lmt/un5_s_enc_thh_cry_0_0_S1_9
     undriven or does not drive anything - clipped.
Signal ENC_inst/enc_func.8.enc_top_inst/U_enc_lmt/un5_s_enc_thh_cry_0_0_S0_9
     undriven or does not drive anything - clipped.
Signal ENC_inst/enc_func.8.enc_top_inst/U_enc_lmt/N_7 undriven or does not drive
     anything - clipped.
Signal ENC_inst/enc_func.5.enc_top_inst/encoder_inst/encdat_cry_0_COUT_2[14]
     undriven or does not drive anything - clipped.
Signal ENC_inst/enc_func.5.enc_top_inst/encoder_inst/encdat_lcry_0_S1_2 undriven
     or does not drive anything - clipped.
Signal ENC_inst/enc_func.5.enc_top_inst/encoder_inst/encdat_lcry_0_S0_2 undriven
     or does not drive anything - clipped.
Signal ENC_inst/enc_func.5.enc_top_inst/encoder_inst/N_1 undriven or does not
     drive anything - clipped.
Signal ENC_inst/enc_func.5.enc_top_inst/encoder_inst/s_ph_b_flt_cry_0_COUT_2[7]
     undriven or does not drive anything - clipped.
Signal ENC_inst/enc_func.5.enc_top_inst/encoder_inst/s_ph_b_flt_cry_0_S0_2[0]
     undriven or does not drive anything - clipped.
Signal ENC_inst/enc_func.5.enc_top_inst/encoder_inst/N_2 undriven or does not
     drive anything - clipped.
Signal ENC_inst/enc_func.5.enc_top_inst/encoder_inst/s_ph_a_flt_cry_0_COUT_2[7]
     undriven or does not drive anything - clipped.
Signal ENC_inst/enc_func.5.enc_top_inst/encoder_inst/s_ph_a_flt_cry_0_S0_2[0]
     undriven or does not drive anything - clipped.
Signal ENC_inst/enc_func.5.enc_top_inst/encoder_inst/N_3 undriven or does not
     drive anything - clipped.
Signal ENC_inst/enc_func.5.enc_top_inst/U_enc_lmt/un28_s_encerr_cry_13_0_S0_2
     undriven or does not drive anything - clipped.
Signal ENC_inst/enc_func.5.enc_top_inst/U_enc_lmt/un28_s_encerr_cry_13_0_COUT_2
     undriven or does not drive anything - clipped.
Signal ENC_inst/enc_func.5.enc_top_inst/U_enc_lmt/un28_s_encerr_cry_11_0_S1_2
     undriven or does not drive anything - clipped.
Signal ENC_inst/enc_func.5.enc_top_inst/U_enc_lmt/un28_s_encerr_cry_11_0_S0_2
     undriven or does not drive anything - clipped.
Signal ENC_inst/enc_func.5.enc_top_inst/U_enc_lmt/un28_s_encerr_cry_9_0_S1_2
     undriven or does not drive anything - clipped.
Signal ENC_inst/enc_func.5.enc_top_inst/U_enc_lmt/un28_s_encerr_cry_9_0_S0_2
     undriven or does not drive anything - clipped.

                                   Page 90




Design:  SP0557                                        Date:  02/28/26  21:16:30

Removed logic (cont)
--------------------
Signal ENC_inst/enc_func.5.enc_top_inst/U_enc_lmt/un28_s_encerr_cry_7_0_S1_2
     undriven or does not drive anything - clipped.
Signal ENC_inst/enc_func.5.enc_top_inst/U_enc_lmt/un28_s_encerr_cry_7_0_S0_2
     undriven or does not drive anything - clipped.
Signal ENC_inst/enc_func.5.enc_top_inst/U_enc_lmt/un28_s_encerr_cry_5_0_S1_2
     undriven or does not drive anything - clipped.
Signal ENC_inst/enc_func.5.enc_top_inst/U_enc_lmt/un28_s_encerr_cry_5_0_S0_2
     undriven or does not drive anything - clipped.
Signal ENC_inst/enc_func.5.enc_top_inst/U_enc_lmt/un28_s_encerr_cry_3_0_S1_2
     undriven or does not drive anything - clipped.
Signal ENC_inst/enc_func.5.enc_top_inst/U_enc_lmt/un28_s_encerr_cry_3_0_S0_2
     undriven or does not drive anything - clipped.
Signal ENC_inst/enc_func.5.enc_top_inst/U_enc_lmt/un28_s_encerr_cry_1_0_S1_2
     undriven or does not drive anything - clipped.
Signal ENC_inst/enc_func.5.enc_top_inst/U_enc_lmt/un28_s_encerr_cry_1_0_S0_2
     undriven or does not drive anything - clipped.
Signal ENC_inst/enc_func.5.enc_top_inst/U_enc_lmt/un28_s_encerr_cry_0_0_S1_2
     undriven or does not drive anything - clipped.
Signal ENC_inst/enc_func.5.enc_top_inst/U_enc_lmt/un28_s_encerr_cry_0_0_S0_2
     undriven or does not drive anything - clipped.
Signal ENC_inst/enc_func.5.enc_top_inst/U_enc_lmt/N_1 undriven or does not drive
     anything - clipped.
Signal ENC_inst/enc_func.5.enc_top_inst/U_enc_lmt/un30_s_encerr_cry_13_0_S0_2
     undriven or does not drive anything - clipped.
Signal ENC_inst/enc_func.5.enc_top_inst/U_enc_lmt/un30_s_encerr_cry_13_0_COUT_2
     undriven or does not drive anything - clipped.
Signal ENC_inst/enc_func.5.enc_top_inst/U_enc_lmt/un30_s_encerr_cry_11_0_S1_2
     undriven or does not drive anything - clipped.
Signal ENC_inst/enc_func.5.enc_top_inst/U_enc_lmt/un30_s_encerr_cry_11_0_S0_2
     undriven or does not drive anything - clipped.
Signal ENC_inst/enc_func.5.enc_top_inst/U_enc_lmt/un30_s_encerr_cry_9_0_S1_2
     undriven or does not drive anything - clipped.
Signal ENC_inst/enc_func.5.enc_top_inst/U_enc_lmt/un30_s_encerr_cry_9_0_S0_2
     undriven or does not drive anything - clipped.
Signal ENC_inst/enc_func.5.enc_top_inst/U_enc_lmt/un30_s_encerr_cry_7_0_S1_2
     undriven or does not drive anything - clipped.
Signal ENC_inst/enc_func.5.enc_top_inst/U_enc_lmt/un30_s_encerr_cry_7_0_S0_2
     undriven or does not drive anything - clipped.
Signal ENC_inst/enc_func.5.enc_top_inst/U_enc_lmt/un30_s_encerr_cry_5_0_S1_2
     undriven or does not drive anything - clipped.
Signal ENC_inst/enc_func.5.enc_top_inst/U_enc_lmt/un30_s_encerr_cry_5_0_S0_2
     undriven or does not drive anything - clipped.
Signal ENC_inst/enc_func.5.enc_top_inst/U_enc_lmt/un30_s_encerr_cry_3_0_S1_2
     undriven or does not drive anything - clipped.
Signal ENC_inst/enc_func.5.enc_top_inst/U_enc_lmt/un30_s_encerr_cry_3_0_S0_2
     undriven or does not drive anything - clipped.
Signal ENC_inst/enc_func.5.enc_top_inst/U_enc_lmt/un30_s_encerr_cry_1_0_S1_2
     undriven or does not drive anything - clipped.
Signal ENC_inst/enc_func.5.enc_top_inst/U_enc_lmt/un30_s_encerr_cry_1_0_S0_2
     undriven or does not drive anything - clipped.
Signal ENC_inst/enc_func.5.enc_top_inst/U_enc_lmt/un30_s_encerr_cry_0_0_S1_2
     undriven or does not drive anything - clipped.
Signal ENC_inst/enc_func.5.enc_top_inst/U_enc_lmt/un30_s_encerr_cry_0_0_S0_2
     undriven or does not drive anything - clipped.
Signal ENC_inst/enc_func.5.enc_top_inst/U_enc_lmt/N_2 undriven or does not drive
     anything - clipped.

                                   Page 91




Design:  SP0557                                        Date:  02/28/26  21:16:30

Removed logic (cont)
--------------------
Signal ENC_inst/enc_func.5.enc_top_inst/U_enc_lmt/un1_s_encerr_1_0_4_s_13_0_S1_2
     undriven or does not drive anything - clipped.
Signal ENC_inst/enc_func.5.enc_top_inst/U_enc_lmt/un1_s_encerr_1_0_4_s_13_0_COUT
     _2 undriven or does not drive anything - clipped.
Signal
     ENC_inst/enc_func.5.enc_top_inst/U_enc_lmt/un1_s_encerr_1_0_4_cry_0_0_S1_2
     undriven or does not drive anything - clipped.
Signal
     ENC_inst/enc_func.5.enc_top_inst/U_enc_lmt/un1_s_encerr_1_0_4_cry_0_0_S0_2
     undriven or does not drive anything - clipped.
Signal ENC_inst/enc_func.5.enc_top_inst/U_enc_lmt/N_3 undriven or does not drive
     anything - clipped.
Signal ENC_inst/enc_func.5.enc_top_inst/U_enc_lmt/un1_s_encerr_1_0_6_s_13_0_S1_2
     undriven or does not drive anything - clipped.
Signal ENC_inst/enc_func.5.enc_top_inst/U_enc_lmt/un1_s_encerr_1_0_6_s_13_0_COUT
     _2 undriven or does not drive anything - clipped.
Signal
     ENC_inst/enc_func.5.enc_top_inst/U_enc_lmt/un1_s_encerr_1_0_6_cry_0_0_S0_2
     undriven or does not drive anything - clipped.
Signal ENC_inst/enc_func.5.enc_top_inst/U_enc_lmt/N_4 undriven or does not drive
     anything - clipped.
Signal ENC_inst/enc_func.5.enc_top_inst/U_enc_lmt/un1_s_encerr_1_0_s_13_S1_2
     undriven or does not drive anything - clipped.
Signal ENC_inst/enc_func.5.enc_top_inst/U_enc_lmt/un1_s_encerr_1_0_s_13_COUT_2
     undriven or does not drive anything - clipped.
Signal ENC_inst/enc_func.5.enc_top_inst/U_enc_lmt/un1_s_encerr_1_0_cry_0_S1_2
     undriven or does not drive anything - clipped.
Signal ENC_inst/enc_func.5.enc_top_inst/U_enc_lmt/un1_s_encerr_1_0_cry_0_S0_2
     undriven or does not drive anything - clipped.
Signal ENC_inst/enc_func.5.enc_top_inst/U_enc_lmt/N_6 undriven or does not drive
     anything - clipped.
Signal ENC_inst/enc_func.5.enc_top_inst/U_enc_lmt/un5_s_enc_thh_cry_7_0_COUT_8
     undriven or does not drive anything - clipped.
Signal ENC_inst/enc_func.5.enc_top_inst/U_enc_lmt/un5_s_enc_thh_cry_0_0_S1_8
     undriven or does not drive anything - clipped.
Signal ENC_inst/enc_func.5.enc_top_inst/U_enc_lmt/un5_s_enc_thh_cry_0_0_S0_8
     undriven or does not drive anything - clipped.
Signal ENC_inst/enc_func.5.enc_top_inst/U_enc_lmt/N_7 undriven or does not drive
     anything - clipped.
Signal ENC_inst/enc_func.2.enc_top_inst/encoder_inst/encdat_cry_0_COUT_3[14]
     undriven or does not drive anything - clipped.
Signal ENC_inst/enc_func.2.enc_top_inst/encoder_inst/encdat_lcry_0_S1_3 undriven
     or does not drive anything - clipped.
Signal ENC_inst/enc_func.2.enc_top_inst/encoder_inst/encdat_lcry_0_S0_3 undriven
     or does not drive anything - clipped.
Signal ENC_inst/enc_func.2.enc_top_inst/encoder_inst/N_1 undriven or does not
     drive anything - clipped.
Signal ENC_inst/enc_func.2.enc_top_inst/encoder_inst/s_ph_b_flt_cry_0_COUT_3[7]
     undriven or does not drive anything - clipped.
Signal ENC_inst/enc_func.2.enc_top_inst/encoder_inst/s_ph_b_flt_cry_0_S0_3[0]
     undriven or does not drive anything - clipped.
Signal ENC_inst/enc_func.2.enc_top_inst/encoder_inst/N_2 undriven or does not
     drive anything - clipped.
Signal ENC_inst/enc_func.2.enc_top_inst/encoder_inst/s_ph_a_flt_cry_0_COUT_3[7]
     undriven or does not drive anything - clipped.
Signal ENC_inst/enc_func.2.enc_top_inst/encoder_inst/s_ph_a_flt_cry_0_S0_3[0]

                                   Page 92




Design:  SP0557                                        Date:  02/28/26  21:16:30

Removed logic (cont)
--------------------
     undriven or does not drive anything - clipped.
Signal ENC_inst/enc_func.2.enc_top_inst/encoder_inst/N_3 undriven or does not
     drive anything - clipped.
Signal ENC_inst/enc_func.2.enc_top_inst/U_enc_lmt/un28_s_encerr_cry_13_0_S0_3
     undriven or does not drive anything - clipped.
Signal ENC_inst/enc_func.2.enc_top_inst/U_enc_lmt/un28_s_encerr_cry_13_0_COUT_3
     undriven or does not drive anything - clipped.
Signal ENC_inst/enc_func.2.enc_top_inst/U_enc_lmt/un28_s_encerr_cry_11_0_S1_3
     undriven or does not drive anything - clipped.
Signal ENC_inst/enc_func.2.enc_top_inst/U_enc_lmt/un28_s_encerr_cry_11_0_S0_3
     undriven or does not drive anything - clipped.
Signal ENC_inst/enc_func.2.enc_top_inst/U_enc_lmt/un28_s_encerr_cry_9_0_S1_3
     undriven or does not drive anything - clipped.
Signal ENC_inst/enc_func.2.enc_top_inst/U_enc_lmt/un28_s_encerr_cry_9_0_S0_3
     undriven or does not drive anything - clipped.
Signal ENC_inst/enc_func.2.enc_top_inst/U_enc_lmt/un28_s_encerr_cry_7_0_S1_3
     undriven or does not drive anything - clipped.
Signal ENC_inst/enc_func.2.enc_top_inst/U_enc_lmt/un28_s_encerr_cry_7_0_S0_3
     undriven or does not drive anything - clipped.
Signal ENC_inst/enc_func.2.enc_top_inst/U_enc_lmt/un28_s_encerr_cry_5_0_S1_3
     undriven or does not drive anything - clipped.
Signal ENC_inst/enc_func.2.enc_top_inst/U_enc_lmt/un28_s_encerr_cry_5_0_S0_3
     undriven or does not drive anything - clipped.
Signal ENC_inst/enc_func.2.enc_top_inst/U_enc_lmt/un28_s_encerr_cry_3_0_S1_3
     undriven or does not drive anything - clipped.
Signal ENC_inst/enc_func.2.enc_top_inst/U_enc_lmt/un28_s_encerr_cry_3_0_S0_3
     undriven or does not drive anything - clipped.
Signal ENC_inst/enc_func.2.enc_top_inst/U_enc_lmt/un28_s_encerr_cry_1_0_S1_3
     undriven or does not drive anything - clipped.
Signal ENC_inst/enc_func.2.enc_top_inst/U_enc_lmt/un28_s_encerr_cry_1_0_S0_3
     undriven or does not drive anything - clipped.
Signal ENC_inst/enc_func.2.enc_top_inst/U_enc_lmt/un28_s_encerr_cry_0_0_S1_3
     undriven or does not drive anything - clipped.
Signal ENC_inst/enc_func.2.enc_top_inst/U_enc_lmt/un28_s_encerr_cry_0_0_S0_3
     undriven or does not drive anything - clipped.
Signal ENC_inst/enc_func.2.enc_top_inst/U_enc_lmt/N_1 undriven or does not drive
     anything - clipped.
Signal ENC_inst/enc_func.2.enc_top_inst/U_enc_lmt/un30_s_encerr_cry_13_0_S0_3
     undriven or does not drive anything - clipped.
Signal ENC_inst/enc_func.2.enc_top_inst/U_enc_lmt/un30_s_encerr_cry_13_0_COUT_3
     undriven or does not drive anything - clipped.
Signal ENC_inst/enc_func.2.enc_top_inst/U_enc_lmt/un30_s_encerr_cry_11_0_S1_3
     undriven or does not drive anything - clipped.
Signal ENC_inst/enc_func.2.enc_top_inst/U_enc_lmt/un30_s_encerr_cry_11_0_S0_3
     undriven or does not drive anything - clipped.
Signal ENC_inst/enc_func.2.enc_top_inst/U_enc_lmt/un30_s_encerr_cry_9_0_S1_3
     undriven or does not drive anything - clipped.
Signal ENC_inst/enc_func.2.enc_top_inst/U_enc_lmt/un30_s_encerr_cry_9_0_S0_3
     undriven or does not drive anything - clipped.
Signal ENC_inst/enc_func.2.enc_top_inst/U_enc_lmt/un30_s_encerr_cry_7_0_S1_3
     undriven or does not drive anything - clipped.
Signal ENC_inst/enc_func.2.enc_top_inst/U_enc_lmt/un30_s_encerr_cry_7_0_S0_3
     undriven or does not drive anything - clipped.
Signal ENC_inst/enc_func.2.enc_top_inst/U_enc_lmt/un30_s_encerr_cry_5_0_S1_3
     undriven or does not drive anything - clipped.
Signal ENC_inst/enc_func.2.enc_top_inst/U_enc_lmt/un30_s_encerr_cry_5_0_S0_3

                                   Page 93




Design:  SP0557                                        Date:  02/28/26  21:16:30

Removed logic (cont)
--------------------
     undriven or does not drive anything - clipped.
Signal ENC_inst/enc_func.2.enc_top_inst/U_enc_lmt/un30_s_encerr_cry_3_0_S1_3
     undriven or does not drive anything - clipped.
Signal ENC_inst/enc_func.2.enc_top_inst/U_enc_lmt/un30_s_encerr_cry_3_0_S0_3
     undriven or does not drive anything - clipped.
Signal ENC_inst/enc_func.2.enc_top_inst/U_enc_lmt/un30_s_encerr_cry_1_0_S1_3
     undriven or does not drive anything - clipped.
Signal ENC_inst/enc_func.2.enc_top_inst/U_enc_lmt/un30_s_encerr_cry_1_0_S0_3
     undriven or does not drive anything - clipped.
Signal ENC_inst/enc_func.2.enc_top_inst/U_enc_lmt/un30_s_encerr_cry_0_0_S1_3
     undriven or does not drive anything - clipped.
Signal ENC_inst/enc_func.2.enc_top_inst/U_enc_lmt/un30_s_encerr_cry_0_0_S0_3
     undriven or does not drive anything - clipped.
Signal ENC_inst/enc_func.2.enc_top_inst/U_enc_lmt/N_2 undriven or does not drive
     anything - clipped.
Signal ENC_inst/enc_func.2.enc_top_inst/U_enc_lmt/un1_s_encerr_1_0_4_s_13_0_S1_3
     undriven or does not drive anything - clipped.
Signal ENC_inst/enc_func.2.enc_top_inst/U_enc_lmt/un1_s_encerr_1_0_4_s_13_0_COUT
     _3 undriven or does not drive anything - clipped.
Signal
     ENC_inst/enc_func.2.enc_top_inst/U_enc_lmt/un1_s_encerr_1_0_4_cry_0_0_S1_3
     undriven or does not drive anything - clipped.
Signal
     ENC_inst/enc_func.2.enc_top_inst/U_enc_lmt/un1_s_encerr_1_0_4_cry_0_0_S0_3
     undriven or does not drive anything - clipped.
Signal ENC_inst/enc_func.2.enc_top_inst/U_enc_lmt/N_3 undriven or does not drive
     anything - clipped.
Signal ENC_inst/enc_func.2.enc_top_inst/U_enc_lmt/un1_s_encerr_1_0_6_s_13_0_S1_3
     undriven or does not drive anything - clipped.
Signal ENC_inst/enc_func.2.enc_top_inst/U_enc_lmt/un1_s_encerr_1_0_6_s_13_0_COUT
     _3 undriven or does not drive anything - clipped.
Signal
     ENC_inst/enc_func.2.enc_top_inst/U_enc_lmt/un1_s_encerr_1_0_6_cry_0_0_S0_3
     undriven or does not drive anything - clipped.
Signal ENC_inst/enc_func.2.enc_top_inst/U_enc_lmt/N_4 undriven or does not drive
     anything - clipped.
Signal ENC_inst/enc_func.2.enc_top_inst/U_enc_lmt/un1_s_encerr_1_0_s_13_S1_3
     undriven or does not drive anything - clipped.
Signal ENC_inst/enc_func.2.enc_top_inst/U_enc_lmt/un1_s_encerr_1_0_s_13_COUT_3
     undriven or does not drive anything - clipped.
Signal ENC_inst/enc_func.2.enc_top_inst/U_enc_lmt/un1_s_encerr_1_0_cry_0_S1_3
     undriven or does not drive anything - clipped.
Signal ENC_inst/enc_func.2.enc_top_inst/U_enc_lmt/un1_s_encerr_1_0_cry_0_S0_3
     undriven or does not drive anything - clipped.
Signal ENC_inst/enc_func.2.enc_top_inst/U_enc_lmt/N_6 undriven or does not drive
     anything - clipped.
Signal ENC_inst/enc_func.2.enc_top_inst/U_enc_lmt/un5_s_enc_thh_cry_7_0_COUT_7
     undriven or does not drive anything - clipped.
Signal ENC_inst/enc_func.2.enc_top_inst/U_enc_lmt/un5_s_enc_thh_cry_0_0_S1_7
     undriven or does not drive anything - clipped.
Signal ENC_inst/enc_func.2.enc_top_inst/U_enc_lmt/un5_s_enc_thh_cry_0_0_S0_7
     undriven or does not drive anything - clipped.
Signal ENC_inst/enc_func.2.enc_top_inst/U_enc_lmt/N_7 undriven or does not drive
     anything - clipped.
Signal ENC_inst/enc_func.12.enc_top_inst/encoder_inst/encdat_cry_0_COUT_4[14]
     undriven or does not drive anything - clipped.

                                   Page 94




Design:  SP0557                                        Date:  02/28/26  21:16:30

Removed logic (cont)
--------------------
Signal ENC_inst/enc_func.12.enc_top_inst/encoder_inst/encdat_lcry_0_S1_4
     undriven or does not drive anything - clipped.
Signal ENC_inst/enc_func.12.enc_top_inst/encoder_inst/encdat_lcry_0_S0_4
     undriven or does not drive anything - clipped.
Signal ENC_inst/enc_func.12.enc_top_inst/encoder_inst/N_1 undriven or does not
     drive anything - clipped.
Signal ENC_inst/enc_func.12.enc_top_inst/encoder_inst/s_ph_b_flt_cry_0_COUT_4[7]
     undriven or does not drive anything - clipped.
Signal ENC_inst/enc_func.12.enc_top_inst/encoder_inst/s_ph_b_flt_cry_0_S0_4[0]
     undriven or does not drive anything - clipped.
Signal ENC_inst/enc_func.12.enc_top_inst/encoder_inst/N_2 undriven or does not
     drive anything - clipped.
Signal ENC_inst/enc_func.12.enc_top_inst/encoder_inst/s_ph_a_flt_cry_0_COUT_4[7]
     undriven or does not drive anything - clipped.
Signal ENC_inst/enc_func.12.enc_top_inst/encoder_inst/s_ph_a_flt_cry_0_S0_4[0]
     undriven or does not drive anything - clipped.
Signal ENC_inst/enc_func.12.enc_top_inst/encoder_inst/N_3 undriven or does not
     drive anything - clipped.
Signal ENC_inst/enc_func.12.enc_top_inst/U_enc_lmt/un28_s_encerr_cry_13_0_S0_4
     undriven or does not drive anything - clipped.
Signal ENC_inst/enc_func.12.enc_top_inst/U_enc_lmt/un28_s_encerr_cry_13_0_COUT_4
     undriven or does not drive anything - clipped.
Signal ENC_inst/enc_func.12.enc_top_inst/U_enc_lmt/un28_s_encerr_cry_11_0_S1_4
     undriven or does not drive anything - clipped.
Signal ENC_inst/enc_func.12.enc_top_inst/U_enc_lmt/un28_s_encerr_cry_11_0_S0_4
     undriven or does not drive anything - clipped.
Signal ENC_inst/enc_func.12.enc_top_inst/U_enc_lmt/un28_s_encerr_cry_9_0_S1_4
     undriven or does not drive anything - clipped.
Signal ENC_inst/enc_func.12.enc_top_inst/U_enc_lmt/un28_s_encerr_cry_9_0_S0_4
     undriven or does not drive anything - clipped.
Signal ENC_inst/enc_func.12.enc_top_inst/U_enc_lmt/un28_s_encerr_cry_7_0_S1_4
     undriven or does not drive anything - clipped.
Signal ENC_inst/enc_func.12.enc_top_inst/U_enc_lmt/un28_s_encerr_cry_7_0_S0_4
     undriven or does not drive anything - clipped.
Signal ENC_inst/enc_func.12.enc_top_inst/U_enc_lmt/un28_s_encerr_cry_5_0_S1_4
     undriven or does not drive anything - clipped.
Signal ENC_inst/enc_func.12.enc_top_inst/U_enc_lmt/un28_s_encerr_cry_5_0_S0_4
     undriven or does not drive anything - clipped.
Signal ENC_inst/enc_func.12.enc_top_inst/U_enc_lmt/un28_s_encerr_cry_3_0_S1_4
     undriven or does not drive anything - clipped.
Signal ENC_inst/enc_func.12.enc_top_inst/U_enc_lmt/un28_s_encerr_cry_3_0_S0_4
     undriven or does not drive anything - clipped.
Signal ENC_inst/enc_func.12.enc_top_inst/U_enc_lmt/un28_s_encerr_cry_1_0_S1_4
     undriven or does not drive anything - clipped.
Signal ENC_inst/enc_func.12.enc_top_inst/U_enc_lmt/un28_s_encerr_cry_1_0_S0_4
     undriven or does not drive anything - clipped.
Signal ENC_inst/enc_func.12.enc_top_inst/U_enc_lmt/un28_s_encerr_cry_0_0_S1_4
     undriven or does not drive anything - clipped.
Signal ENC_inst/enc_func.12.enc_top_inst/U_enc_lmt/un28_s_encerr_cry_0_0_S0_4
     undriven or does not drive anything - clipped.
Signal ENC_inst/enc_func.12.enc_top_inst/U_enc_lmt/N_1 undriven or does not
     drive anything - clipped.
Signal ENC_inst/enc_func.12.enc_top_inst/U_enc_lmt/un30_s_encerr_cry_13_0_S0_4
     undriven or does not drive anything - clipped.
Signal ENC_inst/enc_func.12.enc_top_inst/U_enc_lmt/un30_s_encerr_cry_13_0_COUT_4
     undriven or does not drive anything - clipped.

                                   Page 95




Design:  SP0557                                        Date:  02/28/26  21:16:30

Removed logic (cont)
--------------------
Signal ENC_inst/enc_func.12.enc_top_inst/U_enc_lmt/un30_s_encerr_cry_11_0_S1_4
     undriven or does not drive anything - clipped.
Signal ENC_inst/enc_func.12.enc_top_inst/U_enc_lmt/un30_s_encerr_cry_11_0_S0_4
     undriven or does not drive anything - clipped.
Signal ENC_inst/enc_func.12.enc_top_inst/U_enc_lmt/un30_s_encerr_cry_9_0_S1_4
     undriven or does not drive anything - clipped.
Signal ENC_inst/enc_func.12.enc_top_inst/U_enc_lmt/un30_s_encerr_cry_9_0_S0_4
     undriven or does not drive anything - clipped.
Signal ENC_inst/enc_func.12.enc_top_inst/U_enc_lmt/un30_s_encerr_cry_7_0_S1_4
     undriven or does not drive anything - clipped.
Signal ENC_inst/enc_func.12.enc_top_inst/U_enc_lmt/un30_s_encerr_cry_7_0_S0_4
     undriven or does not drive anything - clipped.
Signal ENC_inst/enc_func.12.enc_top_inst/U_enc_lmt/un30_s_encerr_cry_5_0_S1_4
     undriven or does not drive anything - clipped.
Signal ENC_inst/enc_func.12.enc_top_inst/U_enc_lmt/un30_s_encerr_cry_5_0_S0_4
     undriven or does not drive anything - clipped.
Signal ENC_inst/enc_func.12.enc_top_inst/U_enc_lmt/un30_s_encerr_cry_3_0_S1_4
     undriven or does not drive anything - clipped.
Signal ENC_inst/enc_func.12.enc_top_inst/U_enc_lmt/un30_s_encerr_cry_3_0_S0_4
     undriven or does not drive anything - clipped.
Signal ENC_inst/enc_func.12.enc_top_inst/U_enc_lmt/un30_s_encerr_cry_1_0_S1_4
     undriven or does not drive anything - clipped.
Signal ENC_inst/enc_func.12.enc_top_inst/U_enc_lmt/un30_s_encerr_cry_1_0_S0_4
     undriven or does not drive anything - clipped.
Signal ENC_inst/enc_func.12.enc_top_inst/U_enc_lmt/un30_s_encerr_cry_0_0_S1_4
     undriven or does not drive anything - clipped.
Signal ENC_inst/enc_func.12.enc_top_inst/U_enc_lmt/un30_s_encerr_cry_0_0_S0_4
     undriven or does not drive anything - clipped.
Signal ENC_inst/enc_func.12.enc_top_inst/U_enc_lmt/N_2 undriven or does not
     drive anything - clipped.
Signal
     ENC_inst/enc_func.12.enc_top_inst/U_enc_lmt/un1_s_encerr_1_0_4_s_13_0_S1_4
     undriven or does not drive anything - clipped.
Signal ENC_inst/enc_func.12.enc_top_inst/U_enc_lmt/un1_s_encerr_1_0_4_s_13_0_COU
     T_4 undriven or does not drive anything - clipped.
Signal ENC_inst/enc_func.12.enc_top_inst/U_enc_lmt/un1_s_encerr_1_0_4_cry_0_0_S1
     _4 undriven or does not drive anything - clipped.
Signal ENC_inst/enc_func.12.enc_top_inst/U_enc_lmt/un1_s_encerr_1_0_4_cry_0_0_S0
     _4 undriven or does not drive anything - clipped.
Signal ENC_inst/enc_func.12.enc_top_inst/U_enc_lmt/N_3 undriven or does not
     drive anything - clipped.
Signal
     ENC_inst/enc_func.12.enc_top_inst/U_enc_lmt/un1_s_encerr_1_0_6_s_13_0_S1_4
     undriven or does not drive anything - clipped.
Signal ENC_inst/enc_func.12.enc_top_inst/U_enc_lmt/un1_s_encerr_1_0_6_s_13_0_COU
     T_4 undriven or does not drive anything - clipped.
Signal ENC_inst/enc_func.12.enc_top_inst/U_enc_lmt/un1_s_encerr_1_0_6_cry_0_0_S0
     _4 undriven or does not drive anything - clipped.
Signal ENC_inst/enc_func.12.enc_top_inst/U_enc_lmt/N_4 undriven or does not
     drive anything - clipped.
Signal ENC_inst/enc_func.12.enc_top_inst/U_enc_lmt/un1_s_encerr_1_0_s_13_S1_4
     undriven or does not drive anything - clipped.
Signal ENC_inst/enc_func.12.enc_top_inst/U_enc_lmt/un1_s_encerr_1_0_s_13_COUT_4
     undriven or does not drive anything - clipped.
Signal ENC_inst/enc_func.12.enc_top_inst/U_enc_lmt/un1_s_encerr_1_0_cry_0_S1_4
     undriven or does not drive anything - clipped.

                                   Page 96




Design:  SP0557                                        Date:  02/28/26  21:16:30

Removed logic (cont)
--------------------
Signal ENC_inst/enc_func.12.enc_top_inst/U_enc_lmt/un1_s_encerr_1_0_cry_0_S0_4
     undriven or does not drive anything - clipped.
Signal ENC_inst/enc_func.12.enc_top_inst/U_enc_lmt/N_6 undriven or does not
     drive anything - clipped.
Signal ENC_inst/enc_func.12.enc_top_inst/U_enc_lmt/un5_s_enc_thh_cry_7_0_COUT_6
     undriven or does not drive anything - clipped.
Signal ENC_inst/enc_func.12.enc_top_inst/U_enc_lmt/un5_s_enc_thh_cry_0_0_S1_6
     undriven or does not drive anything - clipped.
Signal ENC_inst/enc_func.12.enc_top_inst/U_enc_lmt/un5_s_enc_thh_cry_0_0_S0_6
     undriven or does not drive anything - clipped.
Signal ENC_inst/enc_func.12.enc_top_inst/U_enc_lmt/N_7 undriven or does not
     drive anything - clipped.
Signal ENC_inst/enc_func.9.enc_top_inst/encoder_inst/encdat_cry_0_COUT_5[14]
     undriven or does not drive anything - clipped.
Signal ENC_inst/enc_func.9.enc_top_inst/encoder_inst/encdat_lcry_0_S1_5 undriven
     or does not drive anything - clipped.
Signal ENC_inst/enc_func.9.enc_top_inst/encoder_inst/encdat_lcry_0_S0_5 undriven
     or does not drive anything - clipped.
Signal ENC_inst/enc_func.9.enc_top_inst/encoder_inst/N_1 undriven or does not
     drive anything - clipped.
Signal ENC_inst/enc_func.9.enc_top_inst/encoder_inst/s_ph_b_flt_cry_0_COUT_5[7]
     undriven or does not drive anything - clipped.
Signal ENC_inst/enc_func.9.enc_top_inst/encoder_inst/s_ph_b_flt_cry_0_S0_5[0]
     undriven or does not drive anything - clipped.
Signal ENC_inst/enc_func.9.enc_top_inst/encoder_inst/N_2 undriven or does not
     drive anything - clipped.
Signal ENC_inst/enc_func.9.enc_top_inst/encoder_inst/s_ph_a_flt_cry_0_COUT_5[7]
     undriven or does not drive anything - clipped.
Signal ENC_inst/enc_func.9.enc_top_inst/encoder_inst/s_ph_a_flt_cry_0_S0_5[0]
     undriven or does not drive anything - clipped.
Signal ENC_inst/enc_func.9.enc_top_inst/encoder_inst/N_3 undriven or does not
     drive anything - clipped.
Signal ENC_inst/enc_func.9.enc_top_inst/U_enc_lmt/un28_s_encerr_cry_13_0_S0_5
     undriven or does not drive anything - clipped.
Signal ENC_inst/enc_func.9.enc_top_inst/U_enc_lmt/un28_s_encerr_cry_13_0_COUT_5
     undriven or does not drive anything - clipped.
Signal ENC_inst/enc_func.9.enc_top_inst/U_enc_lmt/un28_s_encerr_cry_11_0_S1_5
     undriven or does not drive anything - clipped.
Signal ENC_inst/enc_func.9.enc_top_inst/U_enc_lmt/un28_s_encerr_cry_11_0_S0_5
     undriven or does not drive anything - clipped.
Signal ENC_inst/enc_func.9.enc_top_inst/U_enc_lmt/un28_s_encerr_cry_9_0_S1_5
     undriven or does not drive anything - clipped.
Signal ENC_inst/enc_func.9.enc_top_inst/U_enc_lmt/un28_s_encerr_cry_9_0_S0_5
     undriven or does not drive anything - clipped.
Signal ENC_inst/enc_func.9.enc_top_inst/U_enc_lmt/un28_s_encerr_cry_7_0_S1_5
     undriven or does not drive anything - clipped.
Signal ENC_inst/enc_func.9.enc_top_inst/U_enc_lmt/un28_s_encerr_cry_7_0_S0_5
     undriven or does not drive anything - clipped.
Signal ENC_inst/enc_func.9.enc_top_inst/U_enc_lmt/un28_s_encerr_cry_5_0_S1_5
     undriven or does not drive anything - clipped.
Signal ENC_inst/enc_func.9.enc_top_inst/U_enc_lmt/un28_s_encerr_cry_5_0_S0_5
     undriven or does not drive anything - clipped.
Signal ENC_inst/enc_func.9.enc_top_inst/U_enc_lmt/un28_s_encerr_cry_3_0_S1_5
     undriven or does not drive anything - clipped.
Signal ENC_inst/enc_func.9.enc_top_inst/U_enc_lmt/un28_s_encerr_cry_3_0_S0_5
     undriven or does not drive anything - clipped.

                                   Page 97




Design:  SP0557                                        Date:  02/28/26  21:16:30

Removed logic (cont)
--------------------
Signal ENC_inst/enc_func.9.enc_top_inst/U_enc_lmt/un28_s_encerr_cry_1_0_S1_5
     undriven or does not drive anything - clipped.
Signal ENC_inst/enc_func.9.enc_top_inst/U_enc_lmt/un28_s_encerr_cry_1_0_S0_5
     undriven or does not drive anything - clipped.
Signal ENC_inst/enc_func.9.enc_top_inst/U_enc_lmt/un28_s_encerr_cry_0_0_S1_5
     undriven or does not drive anything - clipped.
Signal ENC_inst/enc_func.9.enc_top_inst/U_enc_lmt/un28_s_encerr_cry_0_0_S0_5
     undriven or does not drive anything - clipped.
Signal ENC_inst/enc_func.9.enc_top_inst/U_enc_lmt/N_1 undriven or does not drive
     anything - clipped.
Signal ENC_inst/enc_func.9.enc_top_inst/U_enc_lmt/un30_s_encerr_cry_13_0_S0_5
     undriven or does not drive anything - clipped.
Signal ENC_inst/enc_func.9.enc_top_inst/U_enc_lmt/un30_s_encerr_cry_13_0_COUT_5
     undriven or does not drive anything - clipped.
Signal ENC_inst/enc_func.9.enc_top_inst/U_enc_lmt/un30_s_encerr_cry_11_0_S1_5
     undriven or does not drive anything - clipped.
Signal ENC_inst/enc_func.9.enc_top_inst/U_enc_lmt/un30_s_encerr_cry_11_0_S0_5
     undriven or does not drive anything - clipped.
Signal ENC_inst/enc_func.9.enc_top_inst/U_enc_lmt/un30_s_encerr_cry_9_0_S1_5
     undriven or does not drive anything - clipped.
Signal ENC_inst/enc_func.9.enc_top_inst/U_enc_lmt/un30_s_encerr_cry_9_0_S0_5
     undriven or does not drive anything - clipped.
Signal ENC_inst/enc_func.9.enc_top_inst/U_enc_lmt/un30_s_encerr_cry_7_0_S1_5
     undriven or does not drive anything - clipped.
Signal ENC_inst/enc_func.9.enc_top_inst/U_enc_lmt/un30_s_encerr_cry_7_0_S0_5
     undriven or does not drive anything - clipped.
Signal ENC_inst/enc_func.9.enc_top_inst/U_enc_lmt/un30_s_encerr_cry_5_0_S1_5
     undriven or does not drive anything - clipped.
Signal ENC_inst/enc_func.9.enc_top_inst/U_enc_lmt/un30_s_encerr_cry_5_0_S0_5
     undriven or does not drive anything - clipped.
Signal ENC_inst/enc_func.9.enc_top_inst/U_enc_lmt/un30_s_encerr_cry_3_0_S1_5
     undriven or does not drive anything - clipped.
Signal ENC_inst/enc_func.9.enc_top_inst/U_enc_lmt/un30_s_encerr_cry_3_0_S0_5
     undriven or does not drive anything - clipped.
Signal ENC_inst/enc_func.9.enc_top_inst/U_enc_lmt/un30_s_encerr_cry_1_0_S1_5
     undriven or does not drive anything - clipped.
Signal ENC_inst/enc_func.9.enc_top_inst/U_enc_lmt/un30_s_encerr_cry_1_0_S0_5
     undriven or does not drive anything - clipped.
Signal ENC_inst/enc_func.9.enc_top_inst/U_enc_lmt/un30_s_encerr_cry_0_0_S1_5
     undriven or does not drive anything - clipped.
Signal ENC_inst/enc_func.9.enc_top_inst/U_enc_lmt/un30_s_encerr_cry_0_0_S0_5
     undriven or does not drive anything - clipped.
Signal ENC_inst/enc_func.9.enc_top_inst/U_enc_lmt/N_2 undriven or does not drive
     anything - clipped.
Signal ENC_inst/enc_func.9.enc_top_inst/U_enc_lmt/un1_s_encerr_1_0_s_13_S1_5
     undriven or does not drive anything - clipped.
Signal ENC_inst/enc_func.9.enc_top_inst/U_enc_lmt/un1_s_encerr_1_0_s_13_COUT_5
     undriven or does not drive anything - clipped.
Signal ENC_inst/enc_func.9.enc_top_inst/U_enc_lmt/un1_s_encerr_1_0_cry_0_S1_5
     undriven or does not drive anything - clipped.
Signal ENC_inst/enc_func.9.enc_top_inst/U_enc_lmt/un1_s_encerr_1_0_cry_0_S0_5
     undriven or does not drive anything - clipped.
Signal ENC_inst/enc_func.9.enc_top_inst/U_enc_lmt/N_3 undriven or does not drive
     anything - clipped.
Signal ENC_inst/enc_func.9.enc_top_inst/U_enc_lmt/un1_s_encerr_1_0_4_s_13_0_S1_5
     undriven or does not drive anything - clipped.

                                   Page 98




Design:  SP0557                                        Date:  02/28/26  21:16:30

Removed logic (cont)
--------------------
Signal ENC_inst/enc_func.9.enc_top_inst/U_enc_lmt/un1_s_encerr_1_0_4_s_13_0_COUT
     _5 undriven or does not drive anything - clipped.
Signal
     ENC_inst/enc_func.9.enc_top_inst/U_enc_lmt/un1_s_encerr_1_0_4_cry_0_0_S1_5
     undriven or does not drive anything - clipped.
Signal
     ENC_inst/enc_func.9.enc_top_inst/U_enc_lmt/un1_s_encerr_1_0_4_cry_0_0_S0_5
     undriven or does not drive anything - clipped.
Signal ENC_inst/enc_func.9.enc_top_inst/U_enc_lmt/N_4 undriven or does not drive
     anything - clipped.
Signal ENC_inst/enc_func.9.enc_top_inst/U_enc_lmt/un1_s_encerr_1_0_6_s_13_0_S1_5
     undriven or does not drive anything - clipped.
Signal ENC_inst/enc_func.9.enc_top_inst/U_enc_lmt/un1_s_encerr_1_0_6_s_13_0_COUT
     _5 undriven or does not drive anything - clipped.
Signal
     ENC_inst/enc_func.9.enc_top_inst/U_enc_lmt/un1_s_encerr_1_0_6_cry_0_0_S0_5
     undriven or does not drive anything - clipped.
Signal ENC_inst/enc_func.9.enc_top_inst/U_enc_lmt/N_6 undriven or does not drive
     anything - clipped.
Signal ENC_inst/enc_func.9.enc_top_inst/U_enc_lmt/un5_s_enc_thh_cry_7_0_COUT_5
     undriven or does not drive anything - clipped.
Signal ENC_inst/enc_func.9.enc_top_inst/U_enc_lmt/un5_s_enc_thh_cry_0_0_S1_5
     undriven or does not drive anything - clipped.
Signal ENC_inst/enc_func.9.enc_top_inst/U_enc_lmt/un5_s_enc_thh_cry_0_0_S0_5
     undriven or does not drive anything - clipped.
Signal ENC_inst/enc_func.9.enc_top_inst/U_enc_lmt/N_7 undriven or does not drive
     anything - clipped.
Signal ENC_inst/enc_func.6.enc_top_inst/encoder_inst/encdat_cry_0_COUT_6[14]
     undriven or does not drive anything - clipped.
Signal ENC_inst/enc_func.6.enc_top_inst/encoder_inst/encdat_lcry_0_S1_6 undriven
     or does not drive anything - clipped.
Signal ENC_inst/enc_func.6.enc_top_inst/encoder_inst/encdat_lcry_0_S0_6 undriven
     or does not drive anything - clipped.
Signal ENC_inst/enc_func.6.enc_top_inst/encoder_inst/N_1 undriven or does not
     drive anything - clipped.
Signal ENC_inst/enc_func.6.enc_top_inst/encoder_inst/s_ph_b_flt_cry_0_COUT_6[7]
     undriven or does not drive anything - clipped.
Signal ENC_inst/enc_func.6.enc_top_inst/encoder_inst/s_ph_b_flt_cry_0_S0_6[0]
     undriven or does not drive anything - clipped.
Signal ENC_inst/enc_func.6.enc_top_inst/encoder_inst/N_2 undriven or does not
     drive anything - clipped.
Signal ENC_inst/enc_func.6.enc_top_inst/encoder_inst/s_ph_a_flt_cry_0_COUT_6[7]
     undriven or does not drive anything - clipped.
Signal ENC_inst/enc_func.6.enc_top_inst/encoder_inst/s_ph_a_flt_cry_0_S0_6[0]
     undriven or does not drive anything - clipped.
Signal ENC_inst/enc_func.6.enc_top_inst/encoder_inst/N_3 undriven or does not
     drive anything - clipped.
Signal ENC_inst/enc_func.6.enc_top_inst/U_enc_lmt/un28_s_encerr_cry_13_0_S0_6
     undriven or does not drive anything - clipped.
Signal ENC_inst/enc_func.6.enc_top_inst/U_enc_lmt/un28_s_encerr_cry_13_0_COUT_6
     undriven or does not drive anything - clipped.
Signal ENC_inst/enc_func.6.enc_top_inst/U_enc_lmt/un28_s_encerr_cry_11_0_S1_6
     undriven or does not drive anything - clipped.
Signal ENC_inst/enc_func.6.enc_top_inst/U_enc_lmt/un28_s_encerr_cry_11_0_S0_6
     undriven or does not drive anything - clipped.
Signal ENC_inst/enc_func.6.enc_top_inst/U_enc_lmt/un28_s_encerr_cry_9_0_S1_6

                                   Page 99




Design:  SP0557                                        Date:  02/28/26  21:16:30

Removed logic (cont)
--------------------
     undriven or does not drive anything - clipped.
Signal ENC_inst/enc_func.6.enc_top_inst/U_enc_lmt/un28_s_encerr_cry_9_0_S0_6
     undriven or does not drive anything - clipped.
Signal ENC_inst/enc_func.6.enc_top_inst/U_enc_lmt/un28_s_encerr_cry_7_0_S1_6
     undriven or does not drive anything - clipped.
Signal ENC_inst/enc_func.6.enc_top_inst/U_enc_lmt/un28_s_encerr_cry_7_0_S0_6
     undriven or does not drive anything - clipped.
Signal ENC_inst/enc_func.6.enc_top_inst/U_enc_lmt/un28_s_encerr_cry_5_0_S1_6
     undriven or does not drive anything - clipped.
Signal ENC_inst/enc_func.6.enc_top_inst/U_enc_lmt/un28_s_encerr_cry_5_0_S0_6
     undriven or does not drive anything - clipped.
Signal ENC_inst/enc_func.6.enc_top_inst/U_enc_lmt/un28_s_encerr_cry_3_0_S1_6
     undriven or does not drive anything - clipped.
Signal ENC_inst/enc_func.6.enc_top_inst/U_enc_lmt/un28_s_encerr_cry_3_0_S0_6
     undriven or does not drive anything - clipped.
Signal ENC_inst/enc_func.6.enc_top_inst/U_enc_lmt/un28_s_encerr_cry_1_0_S1_6
     undriven or does not drive anything - clipped.
Signal ENC_inst/enc_func.6.enc_top_inst/U_enc_lmt/un28_s_encerr_cry_1_0_S0_6
     undriven or does not drive anything - clipped.
Signal ENC_inst/enc_func.6.enc_top_inst/U_enc_lmt/un28_s_encerr_cry_0_0_S1_6
     undriven or does not drive anything - clipped.
Signal ENC_inst/enc_func.6.enc_top_inst/U_enc_lmt/un28_s_encerr_cry_0_0_S0_6
     undriven or does not drive anything - clipped.
Signal ENC_inst/enc_func.6.enc_top_inst/U_enc_lmt/N_1 undriven or does not drive
     anything - clipped.
Signal ENC_inst/enc_func.6.enc_top_inst/U_enc_lmt/un30_s_encerr_cry_13_0_S0_6
     undriven or does not drive anything - clipped.
Signal ENC_inst/enc_func.6.enc_top_inst/U_enc_lmt/un30_s_encerr_cry_13_0_COUT_6
     undriven or does not drive anything - clipped.
Signal ENC_inst/enc_func.6.enc_top_inst/U_enc_lmt/un30_s_encerr_cry_11_0_S1_6
     undriven or does not drive anything - clipped.
Signal ENC_inst/enc_func.6.enc_top_inst/U_enc_lmt/un30_s_encerr_cry_11_0_S0_6
     undriven or does not drive anything - clipped.
Signal ENC_inst/enc_func.6.enc_top_inst/U_enc_lmt/un30_s_encerr_cry_9_0_S1_6
     undriven or does not drive anything - clipped.
Signal ENC_inst/enc_func.6.enc_top_inst/U_enc_lmt/un30_s_encerr_cry_9_0_S0_6
     undriven or does not drive anything - clipped.
Signal ENC_inst/enc_func.6.enc_top_inst/U_enc_lmt/un30_s_encerr_cry_7_0_S1_6
     undriven or does not drive anything - clipped.
Signal ENC_inst/enc_func.6.enc_top_inst/U_enc_lmt/un30_s_encerr_cry_7_0_S0_6
     undriven or does not drive anything - clipped.
Signal ENC_inst/enc_func.6.enc_top_inst/U_enc_lmt/un30_s_encerr_cry_5_0_S1_6
     undriven or does not drive anything - clipped.
Signal ENC_inst/enc_func.6.enc_top_inst/U_enc_lmt/un30_s_encerr_cry_5_0_S0_6
     undriven or does not drive anything - clipped.
Signal ENC_inst/enc_func.6.enc_top_inst/U_enc_lmt/un30_s_encerr_cry_3_0_S1_6
     undriven or does not drive anything - clipped.
Signal ENC_inst/enc_func.6.enc_top_inst/U_enc_lmt/un30_s_encerr_cry_3_0_S0_6
     undriven or does not drive anything - clipped.
Signal ENC_inst/enc_func.6.enc_top_inst/U_enc_lmt/un30_s_encerr_cry_1_0_S1_6
     undriven or does not drive anything - clipped.
Signal ENC_inst/enc_func.6.enc_top_inst/U_enc_lmt/un30_s_encerr_cry_1_0_S0_6
     undriven or does not drive anything - clipped.
Signal ENC_inst/enc_func.6.enc_top_inst/U_enc_lmt/un30_s_encerr_cry_0_0_S1_6
     undriven or does not drive anything - clipped.
Signal ENC_inst/enc_func.6.enc_top_inst/U_enc_lmt/un30_s_encerr_cry_0_0_S0_6

                                   Page 100




Design:  SP0557                                        Date:  02/28/26  21:16:30

Removed logic (cont)
--------------------
     undriven or does not drive anything - clipped.
Signal ENC_inst/enc_func.6.enc_top_inst/U_enc_lmt/N_2 undriven or does not drive
     anything - clipped.
Signal ENC_inst/enc_func.6.enc_top_inst/U_enc_lmt/un1_s_encerr_1_0_4_s_13_0_S1_6
     undriven or does not drive anything - clipped.
Signal ENC_inst/enc_func.6.enc_top_inst/U_enc_lmt/un1_s_encerr_1_0_4_s_13_0_COUT
     _6 undriven or does not drive anything - clipped.
Signal
     ENC_inst/enc_func.6.enc_top_inst/U_enc_lmt/un1_s_encerr_1_0_4_cry_0_0_S1_6
     undriven or does not drive anything - clipped.
Signal
     ENC_inst/enc_func.6.enc_top_inst/U_enc_lmt/un1_s_encerr_1_0_4_cry_0_0_S0_6
     undriven or does not drive anything - clipped.
Signal ENC_inst/enc_func.6.enc_top_inst/U_enc_lmt/N_3 undriven or does not drive
     anything - clipped.
Signal ENC_inst/enc_func.6.enc_top_inst/U_enc_lmt/un1_s_encerr_1_0_6_s_13_0_S1_6
     undriven or does not drive anything - clipped.
Signal ENC_inst/enc_func.6.enc_top_inst/U_enc_lmt/un1_s_encerr_1_0_6_s_13_0_COUT
     _6 undriven or does not drive anything - clipped.
Signal
     ENC_inst/enc_func.6.enc_top_inst/U_enc_lmt/un1_s_encerr_1_0_6_cry_0_0_S0_6
     undriven or does not drive anything - clipped.
Signal ENC_inst/enc_func.6.enc_top_inst/U_enc_lmt/N_4 undriven or does not drive
     anything - clipped.
Signal ENC_inst/enc_func.6.enc_top_inst/U_enc_lmt/un1_s_encerr_1_0_s_13_S1_6
     undriven or does not drive anything - clipped.
Signal ENC_inst/enc_func.6.enc_top_inst/U_enc_lmt/un1_s_encerr_1_0_s_13_COUT_6
     undriven or does not drive anything - clipped.
Signal ENC_inst/enc_func.6.enc_top_inst/U_enc_lmt/un1_s_encerr_1_0_cry_0_S1_6
     undriven or does not drive anything - clipped.
Signal ENC_inst/enc_func.6.enc_top_inst/U_enc_lmt/un1_s_encerr_1_0_cry_0_S0_6
     undriven or does not drive anything - clipped.
Signal ENC_inst/enc_func.6.enc_top_inst/U_enc_lmt/N_6 undriven or does not drive
     anything - clipped.
Signal ENC_inst/enc_func.6.enc_top_inst/U_enc_lmt/un5_s_enc_thh_cry_7_0_COUT_4
     undriven or does not drive anything - clipped.
Signal ENC_inst/enc_func.6.enc_top_inst/U_enc_lmt/un5_s_enc_thh_cry_0_0_S1_4
     undriven or does not drive anything - clipped.
Signal ENC_inst/enc_func.6.enc_top_inst/U_enc_lmt/un5_s_enc_thh_cry_0_0_S0_4
     undriven or does not drive anything - clipped.
Signal ENC_inst/enc_func.6.enc_top_inst/U_enc_lmt/N_7 undriven or does not drive
     anything - clipped.
Signal ENC_inst/enc_func.3.enc_top_inst/encoder_inst/encdat_cry_0_COUT_7[14]
     undriven or does not drive anything - clipped.
Signal ENC_inst/enc_func.3.enc_top_inst/encoder_inst/encdat_lcry_0_S1_7 undriven
     or does not drive anything - clipped.
Signal ENC_inst/enc_func.3.enc_top_inst/encoder_inst/encdat_lcry_0_S0_7 undriven
     or does not drive anything - clipped.
Signal ENC_inst/enc_func.3.enc_top_inst/encoder_inst/N_1 undriven or does not
     drive anything - clipped.
Signal ENC_inst/enc_func.3.enc_top_inst/encoder_inst/s_ph_b_flt_cry_0_COUT_7[7]
     undriven or does not drive anything - clipped.
Signal ENC_inst/enc_func.3.enc_top_inst/encoder_inst/s_ph_b_flt_cry_0_S0_7[0]
     undriven or does not drive anything - clipped.
Signal ENC_inst/enc_func.3.enc_top_inst/encoder_inst/N_2 undriven or does not
     drive anything - clipped.

                                   Page 101




Design:  SP0557                                        Date:  02/28/26  21:16:30

Removed logic (cont)
--------------------
Signal ENC_inst/enc_func.3.enc_top_inst/encoder_inst/s_ph_a_flt_cry_0_COUT_7[7]
     undriven or does not drive anything - clipped.
Signal ENC_inst/enc_func.3.enc_top_inst/encoder_inst/s_ph_a_flt_cry_0_S0_7[0]
     undriven or does not drive anything - clipped.
Signal ENC_inst/enc_func.3.enc_top_inst/encoder_inst/N_3 undriven or does not
     drive anything - clipped.
Signal ENC_inst/enc_func.3.enc_top_inst/U_enc_lmt/un28_s_encerr_cry_13_0_S0_7
     undriven or does not drive anything - clipped.
Signal ENC_inst/enc_func.3.enc_top_inst/U_enc_lmt/un28_s_encerr_cry_13_0_COUT_7
     undriven or does not drive anything - clipped.
Signal ENC_inst/enc_func.3.enc_top_inst/U_enc_lmt/un28_s_encerr_cry_11_0_S1_7
     undriven or does not drive anything - clipped.
Signal ENC_inst/enc_func.3.enc_top_inst/U_enc_lmt/un28_s_encerr_cry_11_0_S0_7
     undriven or does not drive anything - clipped.
Signal ENC_inst/enc_func.3.enc_top_inst/U_enc_lmt/un28_s_encerr_cry_9_0_S1_7
     undriven or does not drive anything - clipped.
Signal ENC_inst/enc_func.3.enc_top_inst/U_enc_lmt/un28_s_encerr_cry_9_0_S0_7
     undriven or does not drive anything - clipped.
Signal ENC_inst/enc_func.3.enc_top_inst/U_enc_lmt/un28_s_encerr_cry_7_0_S1_7
     undriven or does not drive anything - clipped.
Signal ENC_inst/enc_func.3.enc_top_inst/U_enc_lmt/un28_s_encerr_cry_7_0_S0_7
     undriven or does not drive anything - clipped.
Signal ENC_inst/enc_func.3.enc_top_inst/U_enc_lmt/un28_s_encerr_cry_5_0_S1_7
     undriven or does not drive anything - clipped.
Signal ENC_inst/enc_func.3.enc_top_inst/U_enc_lmt/un28_s_encerr_cry_5_0_S0_7
     undriven or does not drive anything - clipped.
Signal ENC_inst/enc_func.3.enc_top_inst/U_enc_lmt/un28_s_encerr_cry_3_0_S1_7
     undriven or does not drive anything - clipped.
Signal ENC_inst/enc_func.3.enc_top_inst/U_enc_lmt/un28_s_encerr_cry_3_0_S0_7
     undriven or does not drive anything - clipped.
Signal ENC_inst/enc_func.3.enc_top_inst/U_enc_lmt/un28_s_encerr_cry_1_0_S1_7
     undriven or does not drive anything - clipped.
Signal ENC_inst/enc_func.3.enc_top_inst/U_enc_lmt/un28_s_encerr_cry_1_0_S0_7
     undriven or does not drive anything - clipped.
Signal ENC_inst/enc_func.3.enc_top_inst/U_enc_lmt/un28_s_encerr_cry_0_0_S1_7
     undriven or does not drive anything - clipped.
Signal ENC_inst/enc_func.3.enc_top_inst/U_enc_lmt/un28_s_encerr_cry_0_0_S0_7
     undriven or does not drive anything - clipped.
Signal ENC_inst/enc_func.3.enc_top_inst/U_enc_lmt/N_1 undriven or does not drive
     anything - clipped.
Signal ENC_inst/enc_func.3.enc_top_inst/U_enc_lmt/un30_s_encerr_cry_13_0_S0_7
     undriven or does not drive anything - clipped.
Signal ENC_inst/enc_func.3.enc_top_inst/U_enc_lmt/un30_s_encerr_cry_13_0_COUT_7
     undriven or does not drive anything - clipped.
Signal ENC_inst/enc_func.3.enc_top_inst/U_enc_lmt/un30_s_encerr_cry_11_0_S1_7
     undriven or does not drive anything - clipped.
Signal ENC_inst/enc_func.3.enc_top_inst/U_enc_lmt/un30_s_encerr_cry_11_0_S0_7
     undriven or does not drive anything - clipped.
Signal ENC_inst/enc_func.3.enc_top_inst/U_enc_lmt/un30_s_encerr_cry_9_0_S1_7
     undriven or does not drive anything - clipped.
Signal ENC_inst/enc_func.3.enc_top_inst/U_enc_lmt/un30_s_encerr_cry_9_0_S0_7
     undriven or does not drive anything - clipped.
Signal ENC_inst/enc_func.3.enc_top_inst/U_enc_lmt/un30_s_encerr_cry_7_0_S1_7
     undriven or does not drive anything - clipped.
Signal ENC_inst/enc_func.3.enc_top_inst/U_enc_lmt/un30_s_encerr_cry_7_0_S0_7
     undriven or does not drive anything - clipped.

                                   Page 102




Design:  SP0557                                        Date:  02/28/26  21:16:30

Removed logic (cont)
--------------------
Signal ENC_inst/enc_func.3.enc_top_inst/U_enc_lmt/un30_s_encerr_cry_5_0_S1_7
     undriven or does not drive anything - clipped.
Signal ENC_inst/enc_func.3.enc_top_inst/U_enc_lmt/un30_s_encerr_cry_5_0_S0_7
     undriven or does not drive anything - clipped.
Signal ENC_inst/enc_func.3.enc_top_inst/U_enc_lmt/un30_s_encerr_cry_3_0_S1_7
     undriven or does not drive anything - clipped.
Signal ENC_inst/enc_func.3.enc_top_inst/U_enc_lmt/un30_s_encerr_cry_3_0_S0_7
     undriven or does not drive anything - clipped.
Signal ENC_inst/enc_func.3.enc_top_inst/U_enc_lmt/un30_s_encerr_cry_1_0_S1_7
     undriven or does not drive anything - clipped.
Signal ENC_inst/enc_func.3.enc_top_inst/U_enc_lmt/un30_s_encerr_cry_1_0_S0_7
     undriven or does not drive anything - clipped.
Signal ENC_inst/enc_func.3.enc_top_inst/U_enc_lmt/un30_s_encerr_cry_0_0_S1_7
     undriven or does not drive anything - clipped.
Signal ENC_inst/enc_func.3.enc_top_inst/U_enc_lmt/un30_s_encerr_cry_0_0_S0_7
     undriven or does not drive anything - clipped.
Signal ENC_inst/enc_func.3.enc_top_inst/U_enc_lmt/N_2 undriven or does not drive
     anything - clipped.
Signal ENC_inst/enc_func.3.enc_top_inst/U_enc_lmt/un1_s_encerr_1_0_4_s_13_0_S1_7
     undriven or does not drive anything - clipped.
Signal ENC_inst/enc_func.3.enc_top_inst/U_enc_lmt/un1_s_encerr_1_0_4_s_13_0_COUT
     _7 undriven or does not drive anything - clipped.
Signal
     ENC_inst/enc_func.3.enc_top_inst/U_enc_lmt/un1_s_encerr_1_0_4_cry_0_0_S1_7
     undriven or does not drive anything - clipped.
Signal
     ENC_inst/enc_func.3.enc_top_inst/U_enc_lmt/un1_s_encerr_1_0_4_cry_0_0_S0_7
     undriven or does not drive anything - clipped.
Signal ENC_inst/enc_func.3.enc_top_inst/U_enc_lmt/N_3 undriven or does not drive
     anything - clipped.
Signal ENC_inst/enc_func.3.enc_top_inst/U_enc_lmt/un1_s_encerr_1_0_6_s_13_0_S1_7
     undriven or does not drive anything - clipped.
Signal ENC_inst/enc_func.3.enc_top_inst/U_enc_lmt/un1_s_encerr_1_0_6_s_13_0_COUT
     _7 undriven or does not drive anything - clipped.
Signal
     ENC_inst/enc_func.3.enc_top_inst/U_enc_lmt/un1_s_encerr_1_0_6_cry_0_0_S0_7
     undriven or does not drive anything - clipped.
Signal ENC_inst/enc_func.3.enc_top_inst/U_enc_lmt/N_4 undriven or does not drive
     anything - clipped.
Signal ENC_inst/enc_func.3.enc_top_inst/U_enc_lmt/un1_s_encerr_1_0_s_13_S1_7
     undriven or does not drive anything - clipped.
Signal ENC_inst/enc_func.3.enc_top_inst/U_enc_lmt/un1_s_encerr_1_0_s_13_COUT_7
     undriven or does not drive anything - clipped.
Signal ENC_inst/enc_func.3.enc_top_inst/U_enc_lmt/un1_s_encerr_1_0_cry_0_S1_7
     undriven or does not drive anything - clipped.
Signal ENC_inst/enc_func.3.enc_top_inst/U_enc_lmt/un1_s_encerr_1_0_cry_0_S0_7
     undriven or does not drive anything - clipped.
Signal ENC_inst/enc_func.3.enc_top_inst/U_enc_lmt/N_5 undriven or does not drive
     anything - clipped.
Signal ENC_inst/enc_func.3.enc_top_inst/U_enc_lmt/un5_s_enc_thh_cry_7_0_COUT_3
     undriven or does not drive anything - clipped.
Signal ENC_inst/enc_func.3.enc_top_inst/U_enc_lmt/un5_s_enc_thh_cry_0_0_S1_3
     undriven or does not drive anything - clipped.
Signal ENC_inst/enc_func.3.enc_top_inst/U_enc_lmt/un5_s_enc_thh_cry_0_0_S0_3
     undriven or does not drive anything - clipped.
Signal ENC_inst/enc_func.3.enc_top_inst/U_enc_lmt/N_6 undriven or does not drive

                                   Page 103




Design:  SP0557                                        Date:  02/28/26  21:16:30

Removed logic (cont)
--------------------
     anything - clipped.
Signal ENC_inst/enc_func.13.enc_top_inst/encoder_inst/encdat_cry_0_COUT_8[14]
     undriven or does not drive anything - clipped.
Signal ENC_inst/enc_func.13.enc_top_inst/encoder_inst/encdat_lcry_0_S1_8
     undriven or does not drive anything - clipped.
Signal ENC_inst/enc_func.13.enc_top_inst/encoder_inst/encdat_lcry_0_S0_8
     undriven or does not drive anything - clipped.
Signal ENC_inst/enc_func.13.enc_top_inst/encoder_inst/N_1 undriven or does not
     drive anything - clipped.
Signal ENC_inst/enc_func.13.enc_top_inst/encoder_inst/s_ph_b_flt_cry_0_COUT_8[7]
     undriven or does not drive anything - clipped.
Signal ENC_inst/enc_func.13.enc_top_inst/encoder_inst/s_ph_b_flt_cry_0_S0_8[0]
     undriven or does not drive anything - clipped.
Signal ENC_inst/enc_func.13.enc_top_inst/encoder_inst/N_2 undriven or does not
     drive anything - clipped.
Signal ENC_inst/enc_func.13.enc_top_inst/encoder_inst/s_ph_a_flt_cry_0_COUT_8[7]
     undriven or does not drive anything - clipped.
Signal ENC_inst/enc_func.13.enc_top_inst/encoder_inst/s_ph_a_flt_cry_0_S0_8[0]
     undriven or does not drive anything - clipped.
Signal ENC_inst/enc_func.13.enc_top_inst/encoder_inst/N_3 undriven or does not
     drive anything - clipped.
Signal ENC_inst/enc_func.13.enc_top_inst/U_enc_lmt/un28_s_encerr_cry_13_0_S0_8
     undriven or does not drive anything - clipped.
Signal ENC_inst/enc_func.13.enc_top_inst/U_enc_lmt/un28_s_encerr_cry_13_0_COUT_8
     undriven or does not drive anything - clipped.
Signal ENC_inst/enc_func.13.enc_top_inst/U_enc_lmt/un28_s_encerr_cry_11_0_S1_8
     undriven or does not drive anything - clipped.
Signal ENC_inst/enc_func.13.enc_top_inst/U_enc_lmt/un28_s_encerr_cry_11_0_S0_8
     undriven or does not drive anything - clipped.
Signal ENC_inst/enc_func.13.enc_top_inst/U_enc_lmt/un28_s_encerr_cry_9_0_S1_8
     undriven or does not drive anything - clipped.
Signal ENC_inst/enc_func.13.enc_top_inst/U_enc_lmt/un28_s_encerr_cry_9_0_S0_8
     undriven or does not drive anything - clipped.
Signal ENC_inst/enc_func.13.enc_top_inst/U_enc_lmt/un28_s_encerr_cry_7_0_S1_8
     undriven or does not drive anything - clipped.
Signal ENC_inst/enc_func.13.enc_top_inst/U_enc_lmt/un28_s_encerr_cry_7_0_S0_8
     undriven or does not drive anything - clipped.
Signal ENC_inst/enc_func.13.enc_top_inst/U_enc_lmt/un28_s_encerr_cry_5_0_S1_8
     undriven or does not drive anything - clipped.
Signal ENC_inst/enc_func.13.enc_top_inst/U_enc_lmt/un28_s_encerr_cry_5_0_S0_8
     undriven or does not drive anything - clipped.
Signal ENC_inst/enc_func.13.enc_top_inst/U_enc_lmt/un28_s_encerr_cry_3_0_S1_8
     undriven or does not drive anything - clipped.
Signal ENC_inst/enc_func.13.enc_top_inst/U_enc_lmt/un28_s_encerr_cry_3_0_S0_8
     undriven or does not drive anything - clipped.
Signal ENC_inst/enc_func.13.enc_top_inst/U_enc_lmt/un28_s_encerr_cry_1_0_S1_8
     undriven or does not drive anything - clipped.
Signal ENC_inst/enc_func.13.enc_top_inst/U_enc_lmt/un28_s_encerr_cry_1_0_S0_8
     undriven or does not drive anything - clipped.
Signal ENC_inst/enc_func.13.enc_top_inst/U_enc_lmt/un28_s_encerr_cry_0_0_S1_8
     undriven or does not drive anything - clipped.
Signal ENC_inst/enc_func.13.enc_top_inst/U_enc_lmt/un28_s_encerr_cry_0_0_S0_8
     undriven or does not drive anything - clipped.
Signal ENC_inst/enc_func.13.enc_top_inst/U_enc_lmt/N_1 undriven or does not
     drive anything - clipped.
Signal ENC_inst/enc_func.13.enc_top_inst/U_enc_lmt/un30_s_encerr_cry_13_0_S0_8

                                   Page 104




Design:  SP0557                                        Date:  02/28/26  21:16:30

Removed logic (cont)
--------------------
     undriven or does not drive anything - clipped.
Signal ENC_inst/enc_func.13.enc_top_inst/U_enc_lmt/un30_s_encerr_cry_13_0_COUT_8
     undriven or does not drive anything - clipped.
Signal ENC_inst/enc_func.13.enc_top_inst/U_enc_lmt/un30_s_encerr_cry_11_0_S1_8
     undriven or does not drive anything - clipped.
Signal ENC_inst/enc_func.13.enc_top_inst/U_enc_lmt/un30_s_encerr_cry_11_0_S0_8
     undriven or does not drive anything - clipped.
Signal ENC_inst/enc_func.13.enc_top_inst/U_enc_lmt/un30_s_encerr_cry_9_0_S1_8
     undriven or does not drive anything - clipped.
Signal ENC_inst/enc_func.13.enc_top_inst/U_enc_lmt/un30_s_encerr_cry_9_0_S0_8
     undriven or does not drive anything - clipped.
Signal ENC_inst/enc_func.13.enc_top_inst/U_enc_lmt/un30_s_encerr_cry_7_0_S1_8
     undriven or does not drive anything - clipped.
Signal ENC_inst/enc_func.13.enc_top_inst/U_enc_lmt/un30_s_encerr_cry_7_0_S0_8
     undriven or does not drive anything - clipped.
Signal ENC_inst/enc_func.13.enc_top_inst/U_enc_lmt/un30_s_encerr_cry_5_0_S1_8
     undriven or does not drive anything - clipped.
Signal ENC_inst/enc_func.13.enc_top_inst/U_enc_lmt/un30_s_encerr_cry_5_0_S0_8
     undriven or does not drive anything - clipped.
Signal ENC_inst/enc_func.13.enc_top_inst/U_enc_lmt/un30_s_encerr_cry_3_0_S1_8
     undriven or does not drive anything - clipped.
Signal ENC_inst/enc_func.13.enc_top_inst/U_enc_lmt/un30_s_encerr_cry_3_0_S0_8
     undriven or does not drive anything - clipped.
Signal ENC_inst/enc_func.13.enc_top_inst/U_enc_lmt/un30_s_encerr_cry_1_0_S1_8
     undriven or does not drive anything - clipped.
Signal ENC_inst/enc_func.13.enc_top_inst/U_enc_lmt/un30_s_encerr_cry_1_0_S0_8
     undriven or does not drive anything - clipped.
Signal ENC_inst/enc_func.13.enc_top_inst/U_enc_lmt/un30_s_encerr_cry_0_0_S1_8
     undriven or does not drive anything - clipped.
Signal ENC_inst/enc_func.13.enc_top_inst/U_enc_lmt/un30_s_encerr_cry_0_0_S0_8
     undriven or does not drive anything - clipped.
Signal ENC_inst/enc_func.13.enc_top_inst/U_enc_lmt/N_2 undriven or does not
     drive anything - clipped.
Signal
     ENC_inst/enc_func.13.enc_top_inst/U_enc_lmt/un1_s_encerr_1_0_4_s_13_0_S1_8
     undriven or does not drive anything - clipped.
Signal ENC_inst/enc_func.13.enc_top_inst/U_enc_lmt/un1_s_encerr_1_0_4_s_13_0_COU
     T_8 undriven or does not drive anything - clipped.
Signal ENC_inst/enc_func.13.enc_top_inst/U_enc_lmt/un1_s_encerr_1_0_4_cry_0_0_S1
     _8 undriven or does not drive anything - clipped.
Signal ENC_inst/enc_func.13.enc_top_inst/U_enc_lmt/un1_s_encerr_1_0_4_cry_0_0_S0
     _8 undriven or does not drive anything - clipped.
Signal ENC_inst/enc_func.13.enc_top_inst/U_enc_lmt/N_3 undriven or does not
     drive anything - clipped.
Signal
     ENC_inst/enc_func.13.enc_top_inst/U_enc_lmt/un1_s_encerr_1_0_6_s_13_0_S1_8
     undriven or does not drive anything - clipped.
Signal ENC_inst/enc_func.13.enc_top_inst/U_enc_lmt/un1_s_encerr_1_0_6_s_13_0_COU
     T_8 undriven or does not drive anything - clipped.
Signal ENC_inst/enc_func.13.enc_top_inst/U_enc_lmt/un1_s_encerr_1_0_6_cry_0_0_S0
     _8 undriven or does not drive anything - clipped.
Signal ENC_inst/enc_func.13.enc_top_inst/U_enc_lmt/N_4 undriven or does not
     drive anything - clipped.
Signal ENC_inst/enc_func.13.enc_top_inst/U_enc_lmt/un1_s_encerr_1_0_s_13_S1_8
     undriven or does not drive anything - clipped.
Signal ENC_inst/enc_func.13.enc_top_inst/U_enc_lmt/un1_s_encerr_1_0_s_13_COUT_8

                                   Page 105




Design:  SP0557                                        Date:  02/28/26  21:16:30

Removed logic (cont)
--------------------
     undriven or does not drive anything - clipped.
Signal ENC_inst/enc_func.13.enc_top_inst/U_enc_lmt/un1_s_encerr_1_0_cry_0_S1_8
     undriven or does not drive anything - clipped.
Signal ENC_inst/enc_func.13.enc_top_inst/U_enc_lmt/un1_s_encerr_1_0_cry_0_S0_8
     undriven or does not drive anything - clipped.
Signal ENC_inst/enc_func.13.enc_top_inst/U_enc_lmt/N_6 undriven or does not
     drive anything - clipped.
Signal ENC_inst/enc_func.13.enc_top_inst/U_enc_lmt/un5_s_enc_thh_cry_7_0_COUT_2
     undriven or does not drive anything - clipped.
Signal ENC_inst/enc_func.13.enc_top_inst/U_enc_lmt/un5_s_enc_thh_cry_0_0_S1_2
     undriven or does not drive anything - clipped.
Signal ENC_inst/enc_func.13.enc_top_inst/U_enc_lmt/un5_s_enc_thh_cry_0_0_S0_2
     undriven or does not drive anything - clipped.
Signal ENC_inst/enc_func.13.enc_top_inst/U_enc_lmt/N_7 undriven or does not
     drive anything - clipped.
Signal ENC_inst/enc_func.10.enc_top_inst/encoder_inst/encdat_cry_0_COUT_9[14]
     undriven or does not drive anything - clipped.
Signal ENC_inst/enc_func.10.enc_top_inst/encoder_inst/encdat_lcry_0_S1_9
     undriven or does not drive anything - clipped.
Signal ENC_inst/enc_func.10.enc_top_inst/encoder_inst/encdat_lcry_0_S0_9
     undriven or does not drive anything - clipped.
Signal ENC_inst/enc_func.10.enc_top_inst/encoder_inst/N_1 undriven or does not
     drive anything - clipped.
Signal ENC_inst/enc_func.10.enc_top_inst/encoder_inst/s_ph_b_flt_cry_0_COUT_9[7]
     undriven or does not drive anything - clipped.
Signal ENC_inst/enc_func.10.enc_top_inst/encoder_inst/s_ph_b_flt_cry_0_S0_9[0]
     undriven or does not drive anything - clipped.
Signal ENC_inst/enc_func.10.enc_top_inst/encoder_inst/N_2 undriven or does not
     drive anything - clipped.
Signal ENC_inst/enc_func.10.enc_top_inst/encoder_inst/s_ph_a_flt_cry_0_COUT_9[7]
     undriven or does not drive anything - clipped.
Signal ENC_inst/enc_func.10.enc_top_inst/encoder_inst/s_ph_a_flt_cry_0_S0_9[0]
     undriven or does not drive anything - clipped.
Signal ENC_inst/enc_func.10.enc_top_inst/encoder_inst/N_3 undriven or does not
     drive anything - clipped.
Signal ENC_inst/enc_func.10.enc_top_inst/U_enc_lmt/un28_s_encerr_cry_13_0_S0_9
     undriven or does not drive anything - clipped.
Signal ENC_inst/enc_func.10.enc_top_inst/U_enc_lmt/un28_s_encerr_cry_13_0_COUT_9
     undriven or does not drive anything - clipped.
Signal ENC_inst/enc_func.10.enc_top_inst/U_enc_lmt/un28_s_encerr_cry_11_0_S1_9
     undriven or does not drive anything - clipped.
Signal ENC_inst/enc_func.10.enc_top_inst/U_enc_lmt/un28_s_encerr_cry_11_0_S0_9
     undriven or does not drive anything - clipped.
Signal ENC_inst/enc_func.10.enc_top_inst/U_enc_lmt/un28_s_encerr_cry_9_0_S1_9
     undriven or does not drive anything - clipped.
Signal ENC_inst/enc_func.10.enc_top_inst/U_enc_lmt/un28_s_encerr_cry_9_0_S0_9
     undriven or does not drive anything - clipped.
Signal ENC_inst/enc_func.10.enc_top_inst/U_enc_lmt/un28_s_encerr_cry_7_0_S1_9
     undriven or does not drive anything - clipped.
Signal ENC_inst/enc_func.10.enc_top_inst/U_enc_lmt/un28_s_encerr_cry_7_0_S0_9
     undriven or does not drive anything - clipped.
Signal ENC_inst/enc_func.10.enc_top_inst/U_enc_lmt/un28_s_encerr_cry_5_0_S1_9
     undriven or does not drive anything - clipped.
Signal ENC_inst/enc_func.10.enc_top_inst/U_enc_lmt/un28_s_encerr_cry_5_0_S0_9
     undriven or does not drive anything - clipped.
Signal ENC_inst/enc_func.10.enc_top_inst/U_enc_lmt/un28_s_encerr_cry_3_0_S1_9

                                   Page 106




Design:  SP0557                                        Date:  02/28/26  21:16:30

Removed logic (cont)
--------------------
     undriven or does not drive anything - clipped.
Signal ENC_inst/enc_func.10.enc_top_inst/U_enc_lmt/un28_s_encerr_cry_3_0_S0_9
     undriven or does not drive anything - clipped.
Signal ENC_inst/enc_func.10.enc_top_inst/U_enc_lmt/un28_s_encerr_cry_1_0_S1_9
     undriven or does not drive anything - clipped.
Signal ENC_inst/enc_func.10.enc_top_inst/U_enc_lmt/un28_s_encerr_cry_1_0_S0_9
     undriven or does not drive anything - clipped.
Signal ENC_inst/enc_func.10.enc_top_inst/U_enc_lmt/un28_s_encerr_cry_0_0_S1_9
     undriven or does not drive anything - clipped.
Signal ENC_inst/enc_func.10.enc_top_inst/U_enc_lmt/un28_s_encerr_cry_0_0_S0_9
     undriven or does not drive anything - clipped.
Signal ENC_inst/enc_func.10.enc_top_inst/U_enc_lmt/N_1 undriven or does not
     drive anything - clipped.
Signal ENC_inst/enc_func.10.enc_top_inst/U_enc_lmt/un30_s_encerr_cry_13_0_S0_9
     undriven or does not drive anything - clipped.
Signal ENC_inst/enc_func.10.enc_top_inst/U_enc_lmt/un30_s_encerr_cry_13_0_COUT_9
     undriven or does not drive anything - clipped.
Signal ENC_inst/enc_func.10.enc_top_inst/U_enc_lmt/un30_s_encerr_cry_11_0_S1_9
     undriven or does not drive anything - clipped.
Signal ENC_inst/enc_func.10.enc_top_inst/U_enc_lmt/un30_s_encerr_cry_11_0_S0_9
     undriven or does not drive anything - clipped.
Signal ENC_inst/enc_func.10.enc_top_inst/U_enc_lmt/un30_s_encerr_cry_9_0_S1_9
     undriven or does not drive anything - clipped.
Signal ENC_inst/enc_func.10.enc_top_inst/U_enc_lmt/un30_s_encerr_cry_9_0_S0_9
     undriven or does not drive anything - clipped.
Signal ENC_inst/enc_func.10.enc_top_inst/U_enc_lmt/un30_s_encerr_cry_7_0_S1_9
     undriven or does not drive anything - clipped.
Signal ENC_inst/enc_func.10.enc_top_inst/U_enc_lmt/un30_s_encerr_cry_7_0_S0_9
     undriven or does not drive anything - clipped.
Signal ENC_inst/enc_func.10.enc_top_inst/U_enc_lmt/un30_s_encerr_cry_5_0_S1_9
     undriven or does not drive anything - clipped.
Signal ENC_inst/enc_func.10.enc_top_inst/U_enc_lmt/un30_s_encerr_cry_5_0_S0_9
     undriven or does not drive anything - clipped.
Signal ENC_inst/enc_func.10.enc_top_inst/U_enc_lmt/un30_s_encerr_cry_3_0_S1_9
     undriven or does not drive anything - clipped.
Signal ENC_inst/enc_func.10.enc_top_inst/U_enc_lmt/un30_s_encerr_cry_3_0_S0_9
     undriven or does not drive anything - clipped.
Signal ENC_inst/enc_func.10.enc_top_inst/U_enc_lmt/un30_s_encerr_cry_1_0_S1_9
     undriven or does not drive anything - clipped.
Signal ENC_inst/enc_func.10.enc_top_inst/U_enc_lmt/un30_s_encerr_cry_1_0_S0_9
     undriven or does not drive anything - clipped.
Signal ENC_inst/enc_func.10.enc_top_inst/U_enc_lmt/un30_s_encerr_cry_0_0_S1_9
     undriven or does not drive anything - clipped.
Signal ENC_inst/enc_func.10.enc_top_inst/U_enc_lmt/un30_s_encerr_cry_0_0_S0_9
     undriven or does not drive anything - clipped.
Signal ENC_inst/enc_func.10.enc_top_inst/U_enc_lmt/N_2 undriven or does not
     drive anything - clipped.
Signal
     ENC_inst/enc_func.10.enc_top_inst/U_enc_lmt/un1_s_encerr_1_0_4_s_13_0_S1_9
     undriven or does not drive anything - clipped.
Signal ENC_inst/enc_func.10.enc_top_inst/U_enc_lmt/un1_s_encerr_1_0_4_s_13_0_COU
     T_9 undriven or does not drive anything - clipped.
Signal ENC_inst/enc_func.10.enc_top_inst/U_enc_lmt/un1_s_encerr_1_0_4_cry_0_0_S1
     _9 undriven or does not drive anything - clipped.
Signal ENC_inst/enc_func.10.enc_top_inst/U_enc_lmt/un1_s_encerr_1_0_4_cry_0_0_S0
     _9 undriven or does not drive anything - clipped.

                                   Page 107




Design:  SP0557                                        Date:  02/28/26  21:16:30

Removed logic (cont)
--------------------
Signal ENC_inst/enc_func.10.enc_top_inst/U_enc_lmt/N_3 undriven or does not
     drive anything - clipped.
Signal
     ENC_inst/enc_func.10.enc_top_inst/U_enc_lmt/un1_s_encerr_1_0_6_s_13_0_S1_9
     undriven or does not drive anything - clipped.
Signal ENC_inst/enc_func.10.enc_top_inst/U_enc_lmt/un1_s_encerr_1_0_6_s_13_0_COU
     T_9 undriven or does not drive anything - clipped.
Signal ENC_inst/enc_func.10.enc_top_inst/U_enc_lmt/un1_s_encerr_1_0_6_cry_0_0_S0
     _9 undriven or does not drive anything - clipped.
Signal ENC_inst/enc_func.10.enc_top_inst/U_enc_lmt/N_4 undriven or does not
     drive anything - clipped.
Signal ENC_inst/enc_func.10.enc_top_inst/U_enc_lmt/un1_s_encerr_1_0_s_13_S1_9
     undriven or does not drive anything - clipped.
Signal ENC_inst/enc_func.10.enc_top_inst/U_enc_lmt/un1_s_encerr_1_0_s_13_COUT_9
     undriven or does not drive anything - clipped.
Signal ENC_inst/enc_func.10.enc_top_inst/U_enc_lmt/un1_s_encerr_1_0_cry_0_S1_9
     undriven or does not drive anything - clipped.
Signal ENC_inst/enc_func.10.enc_top_inst/U_enc_lmt/un1_s_encerr_1_0_cry_0_S0_9
     undriven or does not drive anything - clipped.
Signal ENC_inst/enc_func.10.enc_top_inst/U_enc_lmt/N_6 undriven or does not
     drive anything - clipped.
Signal ENC_inst/enc_func.10.enc_top_inst/U_enc_lmt/un5_s_enc_thh_cry_7_0_COUT_1
     undriven or does not drive anything - clipped.
Signal ENC_inst/enc_func.10.enc_top_inst/U_enc_lmt/un5_s_enc_thh_cry_0_0_S1_1
     undriven or does not drive anything - clipped.
Signal ENC_inst/enc_func.10.enc_top_inst/U_enc_lmt/un5_s_enc_thh_cry_0_0_S0_1
     undriven or does not drive anything - clipped.
Signal ENC_inst/enc_func.10.enc_top_inst/U_enc_lmt/N_7 undriven or does not
     drive anything - clipped.
Signal ENC_inst/enc_func.7.enc_top_inst/encoder_inst/encdat_cry_0_COUT_10[14]
     undriven or does not drive anything - clipped.
Signal ENC_inst/enc_func.7.enc_top_inst/encoder_inst/encdat_lcry_0_S1_10
     undriven or does not drive anything - clipped.
Signal ENC_inst/enc_func.7.enc_top_inst/encoder_inst/encdat_lcry_0_S0_10
     undriven or does not drive anything - clipped.
Signal ENC_inst/enc_func.7.enc_top_inst/encoder_inst/N_1 undriven or does not
     drive anything - clipped.
Signal ENC_inst/enc_func.7.enc_top_inst/encoder_inst/s_ph_b_flt_cry_0_COUT_10[7]
     undriven or does not drive anything - clipped.
Signal ENC_inst/enc_func.7.enc_top_inst/encoder_inst/s_ph_b_flt_cry_0_S0_10[0]
     undriven or does not drive anything - clipped.
Signal ENC_inst/enc_func.7.enc_top_inst/encoder_inst/N_2 undriven or does not
     drive anything - clipped.
Signal ENC_inst/enc_func.7.enc_top_inst/encoder_inst/s_ph_a_flt_cry_0_COUT_10[7]
     undriven or does not drive anything - clipped.
Signal ENC_inst/enc_func.7.enc_top_inst/encoder_inst/s_ph_a_flt_cry_0_S0_10[0]
     undriven or does not drive anything - clipped.
Signal ENC_inst/enc_func.7.enc_top_inst/encoder_inst/N_3 undriven or does not
     drive anything - clipped.
Signal ENC_inst/enc_func.7.enc_top_inst/U_enc_lmt/un28_s_encerr_cry_13_0_S0_10
     undriven or does not drive anything - clipped.
Signal ENC_inst/enc_func.7.enc_top_inst/U_enc_lmt/un28_s_encerr_cry_13_0_COUT_10
     undriven or does not drive anything - clipped.
Signal ENC_inst/enc_func.7.enc_top_inst/U_enc_lmt/un28_s_encerr_cry_11_0_S1_10
     undriven or does not drive anything - clipped.
Signal ENC_inst/enc_func.7.enc_top_inst/U_enc_lmt/un28_s_encerr_cry_11_0_S0_10

                                   Page 108




Design:  SP0557                                        Date:  02/28/26  21:16:30

Removed logic (cont)
--------------------
     undriven or does not drive anything - clipped.
Signal ENC_inst/enc_func.7.enc_top_inst/U_enc_lmt/un28_s_encerr_cry_9_0_S1_10
     undriven or does not drive anything - clipped.
Signal ENC_inst/enc_func.7.enc_top_inst/U_enc_lmt/un28_s_encerr_cry_9_0_S0_10
     undriven or does not drive anything - clipped.
Signal ENC_inst/enc_func.7.enc_top_inst/U_enc_lmt/un28_s_encerr_cry_7_0_S1_10
     undriven or does not drive anything - clipped.
Signal ENC_inst/enc_func.7.enc_top_inst/U_enc_lmt/un28_s_encerr_cry_7_0_S0_10
     undriven or does not drive anything - clipped.
Signal ENC_inst/enc_func.7.enc_top_inst/U_enc_lmt/un28_s_encerr_cry_5_0_S1_10
     undriven or does not drive anything - clipped.
Signal ENC_inst/enc_func.7.enc_top_inst/U_enc_lmt/un28_s_encerr_cry_5_0_S0_10
     undriven or does not drive anything - clipped.
Signal ENC_inst/enc_func.7.enc_top_inst/U_enc_lmt/un28_s_encerr_cry_3_0_S1_10
     undriven or does not drive anything - clipped.
Signal ENC_inst/enc_func.7.enc_top_inst/U_enc_lmt/un28_s_encerr_cry_3_0_S0_10
     undriven or does not drive anything - clipped.
Signal ENC_inst/enc_func.7.enc_top_inst/U_enc_lmt/un28_s_encerr_cry_1_0_S1_10
     undriven or does not drive anything - clipped.
Signal ENC_inst/enc_func.7.enc_top_inst/U_enc_lmt/un28_s_encerr_cry_1_0_S0_10
     undriven or does not drive anything - clipped.
Signal ENC_inst/enc_func.7.enc_top_inst/U_enc_lmt/un28_s_encerr_cry_0_0_S1_10
     undriven or does not drive anything - clipped.
Signal ENC_inst/enc_func.7.enc_top_inst/U_enc_lmt/un28_s_encerr_cry_0_0_S0_10
     undriven or does not drive anything - clipped.
Signal ENC_inst/enc_func.7.enc_top_inst/U_enc_lmt/N_1 undriven or does not drive
     anything - clipped.
Signal ENC_inst/enc_func.7.enc_top_inst/U_enc_lmt/un30_s_encerr_cry_13_0_S0_10
     undriven or does not drive anything - clipped.
Signal ENC_inst/enc_func.7.enc_top_inst/U_enc_lmt/un30_s_encerr_cry_13_0_COUT_10
     undriven or does not drive anything - clipped.
Signal ENC_inst/enc_func.7.enc_top_inst/U_enc_lmt/un30_s_encerr_cry_11_0_S1_10
     undriven or does not drive anything - clipped.
Signal ENC_inst/enc_func.7.enc_top_inst/U_enc_lmt/un30_s_encerr_cry_11_0_S0_10
     undriven or does not drive anything - clipped.
Signal ENC_inst/enc_func.7.enc_top_inst/U_enc_lmt/un30_s_encerr_cry_9_0_S1_10
     undriven or does not drive anything - clipped.
Signal ENC_inst/enc_func.7.enc_top_inst/U_enc_lmt/un30_s_encerr_cry_9_0_S0_10
     undriven or does not drive anything - clipped.
Signal ENC_inst/enc_func.7.enc_top_inst/U_enc_lmt/un30_s_encerr_cry_7_0_S1_10
     undriven or does not drive anything - clipped.
Signal ENC_inst/enc_func.7.enc_top_inst/U_enc_lmt/un30_s_encerr_cry_7_0_S0_10
     undriven or does not drive anything - clipped.
Signal ENC_inst/enc_func.7.enc_top_inst/U_enc_lmt/un30_s_encerr_cry_5_0_S1_10
     undriven or does not drive anything - clipped.
Signal ENC_inst/enc_func.7.enc_top_inst/U_enc_lmt/un30_s_encerr_cry_5_0_S0_10
     undriven or does not drive anything - clipped.
Signal ENC_inst/enc_func.7.enc_top_inst/U_enc_lmt/un30_s_encerr_cry_3_0_S1_10
     undriven or does not drive anything - clipped.
Signal ENC_inst/enc_func.7.enc_top_inst/U_enc_lmt/un30_s_encerr_cry_3_0_S0_10
     undriven or does not drive anything - clipped.
Signal ENC_inst/enc_func.7.enc_top_inst/U_enc_lmt/un30_s_encerr_cry_1_0_S1_10
     undriven or does not drive anything - clipped.
Signal ENC_inst/enc_func.7.enc_top_inst/U_enc_lmt/un30_s_encerr_cry_1_0_S0_10
     undriven or does not drive anything - clipped.
Signal ENC_inst/enc_func.7.enc_top_inst/U_enc_lmt/un30_s_encerr_cry_0_0_S1_10

                                   Page 109




Design:  SP0557                                        Date:  02/28/26  21:16:30

Removed logic (cont)
--------------------
     undriven or does not drive anything - clipped.
Signal ENC_inst/enc_func.7.enc_top_inst/U_enc_lmt/un30_s_encerr_cry_0_0_S0_10
     undriven or does not drive anything - clipped.
Signal ENC_inst/enc_func.7.enc_top_inst/U_enc_lmt/N_2 undriven or does not drive
     anything - clipped.
Signal ENC_inst/enc_func.7.enc_top_inst/U_enc_lmt/un1_s_encerr_1_0_s_13_S1_10
     undriven or does not drive anything - clipped.
Signal ENC_inst/enc_func.7.enc_top_inst/U_enc_lmt/un1_s_encerr_1_0_s_13_COUT_10
     undriven or does not drive anything - clipped.
Signal ENC_inst/enc_func.7.enc_top_inst/U_enc_lmt/un1_s_encerr_1_0_cry_0_S1_10
     undriven or does not drive anything - clipped.
Signal ENC_inst/enc_func.7.enc_top_inst/U_enc_lmt/un1_s_encerr_1_0_cry_0_S0_10
     undriven or does not drive anything - clipped.
Signal ENC_inst/enc_func.7.enc_top_inst/U_enc_lmt/N_3 undriven or does not drive
     anything - clipped.
Signal
     ENC_inst/enc_func.7.enc_top_inst/U_enc_lmt/un1_s_encerr_1_0_4_s_13_0_S1_10
     undriven or does not drive anything - clipped.
Signal ENC_inst/enc_func.7.enc_top_inst/U_enc_lmt/un1_s_encerr_1_0_4_s_13_0_COUT
     _10 undriven or does not drive anything - clipped.
Signal ENC_inst/enc_func.7.enc_top_inst/U_enc_lmt/un1_s_encerr_1_0_4_cry_0_0_S1_
     10 undriven or does not drive anything - clipped.
Signal ENC_inst/enc_func.7.enc_top_inst/U_enc_lmt/un1_s_encerr_1_0_4_cry_0_0_S0_
     10 undriven or does not drive anything - clipped.
Signal ENC_inst/enc_func.7.enc_top_inst/U_enc_lmt/N_4 undriven or does not drive
     anything - clipped.
Signal
     ENC_inst/enc_func.7.enc_top_inst/U_enc_lmt/un1_s_encerr_1_0_6_s_13_0_S1_10
     undriven or does not drive anything - clipped.
Signal ENC_inst/enc_func.7.enc_top_inst/U_enc_lmt/un1_s_encerr_1_0_6_s_13_0_COUT
     _10 undriven or does not drive anything - clipped.
Signal ENC_inst/enc_func.7.enc_top_inst/U_enc_lmt/un1_s_encerr_1_0_6_cry_0_0_S0_
     10 undriven or does not drive anything - clipped.
Signal ENC_inst/enc_func.7.enc_top_inst/U_enc_lmt/N_6 undriven or does not drive
     anything - clipped.
Signal ENC_inst/enc_func.7.enc_top_inst/U_enc_lmt/un5_s_enc_thh_cry_7_0_COUT_0
     undriven or does not drive anything - clipped.
Signal ENC_inst/enc_func.7.enc_top_inst/U_enc_lmt/un5_s_enc_thh_cry_0_0_S1_0
     undriven or does not drive anything - clipped.
Signal ENC_inst/enc_func.7.enc_top_inst/U_enc_lmt/un5_s_enc_thh_cry_0_0_S0_0
     undriven or does not drive anything - clipped.
Signal ENC_inst/enc_func.7.enc_top_inst/U_enc_lmt/N_7 undriven or does not drive
     anything - clipped.
Signal ENC_inst/enc_func.4.enc_top_inst/encoder_inst/encdat_cry_0_COUT_11[14]
     undriven or does not drive anything - clipped.
Signal ENC_inst/enc_func.4.enc_top_inst/encoder_inst/encdat_lcry_0_S1_11
     undriven or does not drive anything - clipped.
Signal ENC_inst/enc_func.4.enc_top_inst/encoder_inst/encdat_lcry_0_S0_11
     undriven or does not drive anything - clipped.
Signal ENC_inst/enc_func.4.enc_top_inst/encoder_inst/N_1 undriven or does not
     drive anything - clipped.
Signal ENC_inst/enc_func.4.enc_top_inst/encoder_inst/s_ph_b_flt_cry_0_COUT_11[7]
     undriven or does not drive anything - clipped.
Signal ENC_inst/enc_func.4.enc_top_inst/encoder_inst/s_ph_b_flt_cry_0_S0_11[0]
     undriven or does not drive anything - clipped.
Signal ENC_inst/enc_func.4.enc_top_inst/encoder_inst/N_2 undriven or does not

                                   Page 110




Design:  SP0557                                        Date:  02/28/26  21:16:30

Removed logic (cont)
--------------------
     drive anything - clipped.
Signal ENC_inst/enc_func.4.enc_top_inst/encoder_inst/s_ph_a_flt_cry_0_COUT_11[7]
     undriven or does not drive anything - clipped.
Signal ENC_inst/enc_func.4.enc_top_inst/encoder_inst/s_ph_a_flt_cry_0_S0_11[0]
     undriven or does not drive anything - clipped.
Signal ENC_inst/enc_func.4.enc_top_inst/encoder_inst/N_3 undriven or does not
     drive anything - clipped.
Signal ENC_inst/enc_func.4.enc_top_inst/U_enc_lmt/un28_s_encerr_cry_13_0_S0_11
     undriven or does not drive anything - clipped.
Signal ENC_inst/enc_func.4.enc_top_inst/U_enc_lmt/un28_s_encerr_cry_13_0_COUT_11
     undriven or does not drive anything - clipped.
Signal ENC_inst/enc_func.4.enc_top_inst/U_enc_lmt/un28_s_encerr_cry_11_0_S1_11
     undriven or does not drive anything - clipped.
Signal ENC_inst/enc_func.4.enc_top_inst/U_enc_lmt/un28_s_encerr_cry_11_0_S0_11
     undriven or does not drive anything - clipped.
Signal ENC_inst/enc_func.4.enc_top_inst/U_enc_lmt/un28_s_encerr_cry_9_0_S1_11
     undriven or does not drive anything - clipped.
Signal ENC_inst/enc_func.4.enc_top_inst/U_enc_lmt/un28_s_encerr_cry_9_0_S0_11
     undriven or does not drive anything - clipped.
Signal ENC_inst/enc_func.4.enc_top_inst/U_enc_lmt/un28_s_encerr_cry_7_0_S1_11
     undriven or does not drive anything - clipped.
Signal ENC_inst/enc_func.4.enc_top_inst/U_enc_lmt/un28_s_encerr_cry_7_0_S0_11
     undriven or does not drive anything - clipped.
Signal ENC_inst/enc_func.4.enc_top_inst/U_enc_lmt/un28_s_encerr_cry_5_0_S1_11
     undriven or does not drive anything - clipped.
Signal ENC_inst/enc_func.4.enc_top_inst/U_enc_lmt/un28_s_encerr_cry_5_0_S0_11
     undriven or does not drive anything - clipped.
Signal ENC_inst/enc_func.4.enc_top_inst/U_enc_lmt/un28_s_encerr_cry_3_0_S1_11
     undriven or does not drive anything - clipped.
Signal ENC_inst/enc_func.4.enc_top_inst/U_enc_lmt/un28_s_encerr_cry_3_0_S0_11
     undriven or does not drive anything - clipped.
Signal ENC_inst/enc_func.4.enc_top_inst/U_enc_lmt/un28_s_encerr_cry_1_0_S1_11
     undriven or does not drive anything - clipped.
Signal ENC_inst/enc_func.4.enc_top_inst/U_enc_lmt/un28_s_encerr_cry_1_0_S0_11
     undriven or does not drive anything - clipped.
Signal ENC_inst/enc_func.4.enc_top_inst/U_enc_lmt/un28_s_encerr_cry_0_0_S1_11
     undriven or does not drive anything - clipped.
Signal ENC_inst/enc_func.4.enc_top_inst/U_enc_lmt/un28_s_encerr_cry_0_0_S0_11
     undriven or does not drive anything - clipped.
Signal ENC_inst/enc_func.4.enc_top_inst/U_enc_lmt/N_1 undriven or does not drive
     anything - clipped.
Signal ENC_inst/enc_func.4.enc_top_inst/U_enc_lmt/un30_s_encerr_cry_13_0_S0_11
     undriven or does not drive anything - clipped.
Signal ENC_inst/enc_func.4.enc_top_inst/U_enc_lmt/un30_s_encerr_cry_13_0_COUT_11
     undriven or does not drive anything - clipped.
Signal ENC_inst/enc_func.4.enc_top_inst/U_enc_lmt/un30_s_encerr_cry_11_0_S1_11
     undriven or does not drive anything - clipped.
Signal ENC_inst/enc_func.4.enc_top_inst/U_enc_lmt/un30_s_encerr_cry_11_0_S0_11
     undriven or does not drive anything - clipped.
Signal ENC_inst/enc_func.4.enc_top_inst/U_enc_lmt/un30_s_encerr_cry_9_0_S1_11
     undriven or does not drive anything - clipped.
Signal ENC_inst/enc_func.4.enc_top_inst/U_enc_lmt/un30_s_encerr_cry_9_0_S0_11
     undriven or does not drive anything - clipped.
Signal ENC_inst/enc_func.4.enc_top_inst/U_enc_lmt/un30_s_encerr_cry_7_0_S1_11
     undriven or does not drive anything - clipped.
Signal ENC_inst/enc_func.4.enc_top_inst/U_enc_lmt/un30_s_encerr_cry_7_0_S0_11

                                   Page 111




Design:  SP0557                                        Date:  02/28/26  21:16:30

Removed logic (cont)
--------------------
     undriven or does not drive anything - clipped.
Signal ENC_inst/enc_func.4.enc_top_inst/U_enc_lmt/un30_s_encerr_cry_5_0_S1_11
     undriven or does not drive anything - clipped.
Signal ENC_inst/enc_func.4.enc_top_inst/U_enc_lmt/un30_s_encerr_cry_5_0_S0_11
     undriven or does not drive anything - clipped.
Signal ENC_inst/enc_func.4.enc_top_inst/U_enc_lmt/un30_s_encerr_cry_3_0_S1_11
     undriven or does not drive anything - clipped.
Signal ENC_inst/enc_func.4.enc_top_inst/U_enc_lmt/un30_s_encerr_cry_3_0_S0_11
     undriven or does not drive anything - clipped.
Signal ENC_inst/enc_func.4.enc_top_inst/U_enc_lmt/un30_s_encerr_cry_1_0_S1_11
     undriven or does not drive anything - clipped.
Signal ENC_inst/enc_func.4.enc_top_inst/U_enc_lmt/un30_s_encerr_cry_1_0_S0_11
     undriven or does not drive anything - clipped.
Signal ENC_inst/enc_func.4.enc_top_inst/U_enc_lmt/un30_s_encerr_cry_0_0_S1_11
     undriven or does not drive anything - clipped.
Signal ENC_inst/enc_func.4.enc_top_inst/U_enc_lmt/un30_s_encerr_cry_0_0_S0_11
     undriven or does not drive anything - clipped.
Signal ENC_inst/enc_func.4.enc_top_inst/U_enc_lmt/N_2 undriven or does not drive
     anything - clipped.
Signal
     ENC_inst/enc_func.4.enc_top_inst/U_enc_lmt/un1_s_encerr_1_0_4_s_13_0_S1_11
     undriven or does not drive anything - clipped.
Signal ENC_inst/enc_func.4.enc_top_inst/U_enc_lmt/un1_s_encerr_1_0_4_s_13_0_COUT
     _11 undriven or does not drive anything - clipped.
Signal ENC_inst/enc_func.4.enc_top_inst/U_enc_lmt/un1_s_encerr_1_0_4_cry_0_0_S1_
     11 undriven or does not drive anything - clipped.
Signal ENC_inst/enc_func.4.enc_top_inst/U_enc_lmt/un1_s_encerr_1_0_4_cry_0_0_S0_
     11 undriven or does not drive anything - clipped.
Signal ENC_inst/enc_func.4.enc_top_inst/U_enc_lmt/N_3 undriven or does not drive
     anything - clipped.
Signal
     ENC_inst/enc_func.4.enc_top_inst/U_enc_lmt/un1_s_encerr_1_0_6_s_13_0_S1_11
     undriven or does not drive anything - clipped.
Signal ENC_inst/enc_func.4.enc_top_inst/U_enc_lmt/un1_s_encerr_1_0_6_s_13_0_COUT
     _11 undriven or does not drive anything - clipped.
Signal ENC_inst/enc_func.4.enc_top_inst/U_enc_lmt/un1_s_encerr_1_0_6_cry_0_0_S0_
     11 undriven or does not drive anything - clipped.
Signal ENC_inst/enc_func.4.enc_top_inst/U_enc_lmt/N_4 undriven or does not drive
     anything - clipped.
Signal ENC_inst/enc_func.4.enc_top_inst/U_enc_lmt/un1_s_encerr_1_0_s_13_S1_11
     undriven or does not drive anything - clipped.
Signal ENC_inst/enc_func.4.enc_top_inst/U_enc_lmt/un1_s_encerr_1_0_s_13_COUT_11
     undriven or does not drive anything - clipped.
Signal ENC_inst/enc_func.4.enc_top_inst/U_enc_lmt/un1_s_encerr_1_0_cry_0_S1_11
     undriven or does not drive anything - clipped.
Signal ENC_inst/enc_func.4.enc_top_inst/U_enc_lmt/un1_s_encerr_1_0_cry_0_S0_11
     undriven or does not drive anything - clipped.
Signal ENC_inst/enc_func.4.enc_top_inst/U_enc_lmt/N_6 undriven or does not drive
     anything - clipped.
Signal ENC_inst/enc_func.4.enc_top_inst/U_enc_lmt/un5_s_enc_thh_cry_7_0_COUT
     undriven or does not drive anything - clipped.
Signal ENC_inst/enc_func.4.enc_top_inst/U_enc_lmt/un5_s_enc_thh_cry_0_0_S1
     undriven or does not drive anything - clipped.
Signal ENC_inst/enc_func.4.enc_top_inst/U_enc_lmt/un5_s_enc_thh_cry_0_0_S0
     undriven or does not drive anything - clipped.
Signal ENC_inst/enc_func.4.enc_top_inst/U_enc_lmt/N_7 undriven or does not drive

                                   Page 112




Design:  SP0557                                        Date:  02/28/26  21:16:30

Removed logic (cont)
--------------------
     anything - clipped.
Signal stm01/ppmc_reg_S118M_inst/inst_ppmc_plsgen/ppmc_acc_tim_gen_inst/un2_reg_
     0_I_21_0_S0 undriven or does not drive anything - clipped.
Signal stm01/ppmc_reg_S118M_inst/inst_ppmc_plsgen/ppmc_acc_tim_gen_inst/un2_reg_
     0_I_21_0_COUT undriven or does not drive anything - clipped.
Signal stm01/ppmc_reg_S118M_inst/inst_ppmc_plsgen/ppmc_acc_tim_gen_inst/un2_reg_
     0_I_33_0_S1 undriven or does not drive anything - clipped.
Signal stm01/ppmc_reg_S118M_inst/inst_ppmc_plsgen/ppmc_acc_tim_gen_inst/un2_reg_
     0_I_33_0_S0 undriven or does not drive anything - clipped.
Signal stm01/ppmc_reg_S118M_inst/inst_ppmc_plsgen/ppmc_acc_tim_gen_inst/un2_reg_
     0_I_27_0_S1 undriven or does not drive anything - clipped.
Signal stm01/ppmc_reg_S118M_inst/inst_ppmc_plsgen/ppmc_acc_tim_gen_inst/un2_reg_
     0_I_27_0_S0 undriven or does not drive anything - clipped.
Signal stm01/ppmc_reg_S118M_inst/inst_ppmc_plsgen/ppmc_acc_tim_gen_inst/un2_reg_
     0_I_9_0_S1 undriven or does not drive anything - clipped.
Signal stm01/ppmc_reg_S118M_inst/inst_ppmc_plsgen/ppmc_acc_tim_gen_inst/un2_reg_
     0_I_9_0_S0 undriven or does not drive anything - clipped.
Signal stm01/ppmc_reg_S118M_inst/inst_ppmc_plsgen/ppmc_acc_tim_gen_inst/un2_reg_
     0_I_1_0_S1 undriven or does not drive anything - clipped.
Signal stm01/ppmc_reg_S118M_inst/inst_ppmc_plsgen/ppmc_acc_tim_gen_inst/un2_reg_
     0_I_1_0_S0 undriven or does not drive anything - clipped.
Signal stm01/ppmc_reg_S118M_inst/inst_ppmc_plsgen/ppmc_acc_tim_gen_inst/N_1
     undriven or does not drive anything - clipped.
Signal stm01/ppmc_reg_S118M_inst/inst_ppmc_plsgen/ppmc_acc_tim_gen_inst/reg_s_0_
     S1[15] undriven or does not drive anything - clipped.
Signal stm01/ppmc_reg_S118M_inst/inst_ppmc_plsgen/ppmc_acc_tim_gen_inst/reg_s_0_
     COUT[15] undriven or does not drive anything - clipped.
Signal stm01/ppmc_reg_S118M_inst/inst_ppmc_plsgen/ppmc_acc_tim_gen_inst/reg_cry_
     0_S0[0] undriven or does not drive anything - clipped.
Signal stm01/ppmc_reg_S118M_inst/inst_ppmc_plsgen/ppmc_acc_tim_gen_inst/N_2
     undriven or does not drive anything - clipped.
Signal stm01/ppmc_reg_S118M_inst/inst_ppmc_plsgen/ppmc_speed_cnt_inst/un2_acc_pu
     lse_cry_15_0_S0 undriven or does not drive anything - clipped.
Signal stm01/ppmc_reg_S118M_inst/inst_ppmc_plsgen/ppmc_speed_cnt_inst/un2_acc_pu
     lse_cry_15_0_COUT undriven or does not drive anything - clipped.
Signal stm01/ppmc_reg_S118M_inst/inst_ppmc_plsgen/ppmc_speed_cnt_inst/un2_acc_pu
     lse_cry_13_0_S1 undriven or does not drive anything - clipped.
Signal stm01/ppmc_reg_S118M_inst/inst_ppmc_plsgen/ppmc_speed_cnt_inst/un2_acc_pu
     lse_cry_13_0_S0 undriven or does not drive anything - clipped.
Signal stm01/ppmc_reg_S118M_inst/inst_ppmc_plsgen/ppmc_speed_cnt_inst/un2_acc_pu
     lse_cry_11_0_S1 undriven or does not drive anything - clipped.
Signal stm01/ppmc_reg_S118M_inst/inst_ppmc_plsgen/ppmc_speed_cnt_inst/un2_acc_pu
     lse_cry_11_0_S0 undriven or does not drive anything - clipped.
Signal stm01/ppmc_reg_S118M_inst/inst_ppmc_plsgen/ppmc_speed_cnt_inst/un2_acc_pu
     lse_cry_9_0_S1 undriven or does not drive anything - clipped.
Signal stm01/ppmc_reg_S118M_inst/inst_ppmc_plsgen/ppmc_speed_cnt_inst/un2_acc_pu
     lse_cry_9_0_S0 undriven or does not drive anything - clipped.
Signal stm01/ppmc_reg_S118M_inst/inst_ppmc_plsgen/ppmc_speed_cnt_inst/un2_acc_pu
     lse_cry_7_0_S1 undriven or does not drive anything - clipped.
Signal stm01/ppmc_reg_S118M_inst/inst_ppmc_plsgen/ppmc_speed_cnt_inst/un2_acc_pu
     lse_cry_7_0_S0 undriven or does not drive anything - clipped.
Signal stm01/ppmc_reg_S118M_inst/inst_ppmc_plsgen/ppmc_speed_cnt_inst/un2_acc_pu
     lse_cry_5_0_S1 undriven or does not drive anything - clipped.
Signal stm01/ppmc_reg_S118M_inst/inst_ppmc_plsgen/ppmc_speed_cnt_inst/un2_acc_pu
     lse_cry_5_0_S0 undriven or does not drive anything - clipped.
Signal stm01/ppmc_reg_S118M_inst/inst_ppmc_plsgen/ppmc_speed_cnt_inst/un2_acc_pu

                                   Page 113




Design:  SP0557                                        Date:  02/28/26  21:16:30

Removed logic (cont)
--------------------
     lse_cry_3_0_S1 undriven or does not drive anything - clipped.
Signal stm01/ppmc_reg_S118M_inst/inst_ppmc_plsgen/ppmc_speed_cnt_inst/un2_acc_pu
     lse_cry_3_0_S0 undriven or does not drive anything - clipped.
Signal stm01/ppmc_reg_S118M_inst/inst_ppmc_plsgen/ppmc_speed_cnt_inst/un2_acc_pu
     lse_cry_1_0_S1 undriven or does not drive anything - clipped.
Signal stm01/ppmc_reg_S118M_inst/inst_ppmc_plsgen/ppmc_speed_cnt_inst/un2_acc_pu
     lse_cry_1_0_S0 undriven or does not drive anything - clipped.
Signal stm01/ppmc_reg_S118M_inst/inst_ppmc_plsgen/ppmc_speed_cnt_inst/un2_acc_pu
     lse_cry_0_0_S1 undriven or does not drive anything - clipped.
Signal stm01/ppmc_reg_S118M_inst/inst_ppmc_plsgen/ppmc_speed_cnt_inst/un2_acc_pu
     lse_cry_0_0_S0 undriven or does not drive anything - clipped.
Signal stm01/ppmc_reg_S118M_inst/inst_ppmc_plsgen/ppmc_speed_cnt_inst/N_6
     undriven or does not drive anything - clipped.
Signal stm01/ppmc_reg_S118M_inst/inst_ppmc_plsgen/ppmc_speed_cnt_inst/un8_acc_pu
     lse_cry_15_0_S0 undriven or does not drive anything - clipped.
Signal stm01/ppmc_reg_S118M_inst/inst_ppmc_plsgen/ppmc_speed_cnt_inst/un8_acc_pu
     lse_cry_15_0_COUT undriven or does not drive anything - clipped.
Signal stm01/ppmc_reg_S118M_inst/inst_ppmc_plsgen/ppmc_speed_cnt_inst/un8_acc_pu
     lse_cry_13_0_S1 undriven or does not drive anything - clipped.
Signal stm01/ppmc_reg_S118M_inst/inst_ppmc_plsgen/ppmc_speed_cnt_inst/un8_acc_pu
     lse_cry_13_0_S0 undriven or does not drive anything - clipped.
Signal stm01/ppmc_reg_S118M_inst/inst_ppmc_plsgen/ppmc_speed_cnt_inst/un8_acc_pu
     lse_cry_11_0_S1 undriven or does not drive anything - clipped.
Signal stm01/ppmc_reg_S118M_inst/inst_ppmc_plsgen/ppmc_speed_cnt_inst/un8_acc_pu
     lse_cry_11_0_S0 undriven or does not drive anything - clipped.
Signal stm01/ppmc_reg_S118M_inst/inst_ppmc_plsgen/ppmc_speed_cnt_inst/un8_acc_pu
     lse_cry_9_0_S1 undriven or does not drive anything - clipped.
Signal stm01/ppmc_reg_S118M_inst/inst_ppmc_plsgen/ppmc_speed_cnt_inst/un8_acc_pu
     lse_cry_9_0_S0 undriven or does not drive anything - clipped.
Signal stm01/ppmc_reg_S118M_inst/inst_ppmc_plsgen/ppmc_speed_cnt_inst/un8_acc_pu
     lse_cry_7_0_S1 undriven or does not drive anything - clipped.
Signal stm01/ppmc_reg_S118M_inst/inst_ppmc_plsgen/ppmc_speed_cnt_inst/un8_acc_pu
     lse_cry_7_0_S0 undriven or does not drive anything - clipped.
Signal stm01/ppmc_reg_S118M_inst/inst_ppmc_plsgen/ppmc_speed_cnt_inst/un8_acc_pu
     lse_cry_5_0_S1 undriven or does not drive anything - clipped.
Signal stm01/ppmc_reg_S118M_inst/inst_ppmc_plsgen/ppmc_speed_cnt_inst/un8_acc_pu
     lse_cry_5_0_S0 undriven or does not drive anything - clipped.
Signal stm01/ppmc_reg_S118M_inst/inst_ppmc_plsgen/ppmc_speed_cnt_inst/un8_acc_pu
     lse_cry_3_0_S1 undriven or does not drive anything - clipped.
Signal stm01/ppmc_reg_S118M_inst/inst_ppmc_plsgen/ppmc_speed_cnt_inst/un8_acc_pu
     lse_cry_3_0_S0 undriven or does not drive anything - clipped.
Signal stm01/ppmc_reg_S118M_inst/inst_ppmc_plsgen/ppmc_speed_cnt_inst/un8_acc_pu
     lse_cry_1_0_S1 undriven or does not drive anything - clipped.
Signal stm01/ppmc_reg_S118M_inst/inst_ppmc_plsgen/ppmc_speed_cnt_inst/un8_acc_pu
     lse_cry_1_0_S0 undriven or does not drive anything - clipped.
Signal stm01/ppmc_reg_S118M_inst/inst_ppmc_plsgen/ppmc_speed_cnt_inst/un8_acc_pu
     lse_cry_0_0_S1 undriven or does not drive anything - clipped.
Signal stm01/ppmc_reg_S118M_inst/inst_ppmc_plsgen/ppmc_speed_cnt_inst/un8_acc_pu
     lse_cry_0_0_S0 undriven or does not drive anything - clipped.
Signal stm01/ppmc_reg_S118M_inst/inst_ppmc_plsgen/ppmc_speed_cnt_inst/N_7
     undriven or does not drive anything - clipped.
Signal stm01/ppmc_reg_S118M_inst/inst_ppmc_plsgen/ppmc_speed_cnt_inst/reg_cry_0_
     COUT[14] undriven or does not drive anything - clipped.
Signal stm01/ppmc_reg_S118M_inst/inst_ppmc_plsgen/ppmc_speed_cnt_inst/reg_lcry_0
     _S1 undriven or does not drive anything - clipped.
Signal stm01/ppmc_reg_S118M_inst/inst_ppmc_plsgen/ppmc_speed_cnt_inst/reg_lcry_0

                                   Page 114




Design:  SP0557                                        Date:  02/28/26  21:16:30

Removed logic (cont)
--------------------
     _S0 undriven or does not drive anything - clipped.
Signal stm01/ppmc_reg_S118M_inst/inst_ppmc_plsgen/ppmc_speed_cnt_inst/N_8
     undriven or does not drive anything - clipped.
Signal stm01/ppmc_reg_S118M_inst/inst_ppmc_plsgen/ppmc_timer_cnt_inst/un5_pulse_
     clk_cry_18_0_S1 undriven or does not drive anything - clipped.
Signal stm01/ppmc_reg_S118M_inst/inst_ppmc_plsgen/ppmc_timer_cnt_inst/un5_pulse_
     clk_cry_18_0_COUT undriven or does not drive anything - clipped.
Signal stm01/ppmc_reg_S118M_inst/inst_ppmc_plsgen/ppmc_timer_cnt_inst/un5_pulse_
     clk_cry_17_0_S1 undriven or does not drive anything - clipped.
Signal stm01/ppmc_reg_S118M_inst/inst_ppmc_plsgen/ppmc_timer_cnt_inst/un5_pulse_
     clk_cry_17_0_S0 undriven or does not drive anything - clipped.
Signal stm01/ppmc_reg_S118M_inst/inst_ppmc_plsgen/ppmc_timer_cnt_inst/un5_pulse_
     clk_cry_15_0_S1 undriven or does not drive anything - clipped.
Signal stm01/ppmc_reg_S118M_inst/inst_ppmc_plsgen/ppmc_timer_cnt_inst/un5_pulse_
     clk_cry_15_0_S0 undriven or does not drive anything - clipped.
Signal stm01/ppmc_reg_S118M_inst/inst_ppmc_plsgen/ppmc_timer_cnt_inst/un5_pulse_
     clk_cry_13_0_S1 undriven or does not drive anything - clipped.
Signal stm01/ppmc_reg_S118M_inst/inst_ppmc_plsgen/ppmc_timer_cnt_inst/un5_pulse_
     clk_cry_13_0_S0 undriven or does not drive anything - clipped.
Signal stm01/ppmc_reg_S118M_inst/inst_ppmc_plsgen/ppmc_timer_cnt_inst/un5_pulse_
     clk_cry_11_0_S1 undriven or does not drive anything - clipped.
Signal stm01/ppmc_reg_S118M_inst/inst_ppmc_plsgen/ppmc_timer_cnt_inst/un5_pulse_
     clk_cry_11_0_S0 undriven or does not drive anything - clipped.
Signal stm01/ppmc_reg_S118M_inst/inst_ppmc_plsgen/ppmc_timer_cnt_inst/un5_pulse_
     clk_cry_9_0_S1 undriven or does not drive anything - clipped.
Signal stm01/ppmc_reg_S118M_inst/inst_ppmc_plsgen/ppmc_timer_cnt_inst/un5_pulse_
     clk_cry_9_0_S0 undriven or does not drive anything - clipped.
Signal stm01/ppmc_reg_S118M_inst/inst_ppmc_plsgen/ppmc_timer_cnt_inst/un5_pulse_
     clk_cry_7_0_S1 undriven or does not drive anything - clipped.
Signal stm01/ppmc_reg_S118M_inst/inst_ppmc_plsgen/ppmc_timer_cnt_inst/un5_pulse_
     clk_cry_7_0_S0 undriven or does not drive anything - clipped.
Signal stm01/ppmc_reg_S118M_inst/inst_ppmc_plsgen/ppmc_timer_cnt_inst/un5_pulse_
     clk_cry_5_0_S1 undriven or does not drive anything - clipped.
Signal stm01/ppmc_reg_S118M_inst/inst_ppmc_plsgen/ppmc_timer_cnt_inst/un5_pulse_
     clk_cry_5_0_S0 undriven or does not drive anything - clipped.
Signal stm01/ppmc_reg_S118M_inst/inst_ppmc_plsgen/ppmc_timer_cnt_inst/un5_pulse_
     clk_cry_3_0_S1 undriven or does not drive anything - clipped.
Signal stm01/ppmc_reg_S118M_inst/inst_ppmc_plsgen/ppmc_timer_cnt_inst/un5_pulse_
     clk_cry_3_0_S0 undriven or does not drive anything - clipped.
Signal stm01/ppmc_reg_S118M_inst/inst_ppmc_plsgen/ppmc_timer_cnt_inst/un5_pulse_
     clk_cry_1_0_S1 undriven or does not drive anything - clipped.
Signal stm01/ppmc_reg_S118M_inst/inst_ppmc_plsgen/ppmc_timer_cnt_inst/un5_pulse_
     clk_cry_1_0_S0 undriven or does not drive anything - clipped.
Signal stm01/ppmc_reg_S118M_inst/inst_ppmc_plsgen/ppmc_timer_cnt_inst/un5_pulse_
     clk_cry_0_0_S1 undriven or does not drive anything - clipped.
Signal stm01/ppmc_reg_S118M_inst/inst_ppmc_plsgen/ppmc_timer_cnt_inst/un5_pulse_
     clk_cry_0_0_S0 undriven or does not drive anything - clipped.
Signal stm01/ppmc_reg_S118M_inst/inst_ppmc_plsgen/ppmc_timer_cnt_inst/N_1
     undriven or does not drive anything - clipped.
Signal stm01/ppmc_reg_S118M_inst/inst_ppmc_plsgen/ppmc_timer_cnt_inst/un1_reg_2_
     cry_17_0_COUT undriven or does not drive anything - clipped.
Signal stm01/ppmc_reg_S118M_inst/inst_ppmc_plsgen/ppmc_timer_cnt_inst/un1_reg_2_
     cry_0_0_S1 undriven or does not drive anything - clipped.
Signal stm01/ppmc_reg_S118M_inst/inst_ppmc_plsgen/ppmc_timer_cnt_inst/un1_reg_2_
     cry_0_0_S0 undriven or does not drive anything - clipped.
Signal stm01/ppmc_reg_S118M_inst/inst_ppmc_plsgen/ppmc_timer_cnt_inst/N_2

                                   Page 115




Design:  SP0557                                        Date:  02/28/26  21:16:30

Removed logic (cont)
--------------------
     undriven or does not drive anything - clipped.
Signal stm01/ppmc_reg_S118M_inst/inst_ppmc_plsgen/ppmc_timer_cnt_inst/un1_reg_2_
     4_cry_17_0_COUT undriven or does not drive anything - clipped.
Signal stm01/ppmc_reg_S118M_inst/inst_ppmc_plsgen/ppmc_timer_cnt_inst/un1_reg_2_
     4_cry_0_0_S1 undriven or does not drive anything - clipped.
Signal stm01/ppmc_reg_S118M_inst/inst_ppmc_plsgen/ppmc_timer_cnt_inst/un1_reg_2_
     4_cry_0_0_S0 undriven or does not drive anything - clipped.
Signal stm01/ppmc_reg_S118M_inst/inst_ppmc_plsgen/ppmc_timer_cnt_inst/N_3
     undriven or does not drive anything - clipped.
Signal stm01/ppmc_reg_S118M_inst/inst_ppmc_plsgen/ppmc_pls_cnt_inst/un4_o_slow_0
     _I_21_0_S0 undriven or does not drive anything - clipped.
Signal stm01/ppmc_reg_S118M_inst/inst_ppmc_plsgen/ppmc_pls_cnt_inst/un4_o_slow_0
     _I_21_0_COUT undriven or does not drive anything - clipped.
Signal stm01/ppmc_reg_S118M_inst/inst_ppmc_plsgen/ppmc_pls_cnt_inst/un4_o_slow_0
     _I_33_0_S1 undriven or does not drive anything - clipped.
Signal stm01/ppmc_reg_S118M_inst/inst_ppmc_plsgen/ppmc_pls_cnt_inst/un4_o_slow_0
     _I_33_0_S0 undriven or does not drive anything - clipped.
Signal stm01/ppmc_reg_S118M_inst/inst_ppmc_plsgen/ppmc_pls_cnt_inst/un4_o_slow_0
     _I_27_0_S1 undriven or does not drive anything - clipped.
Signal stm01/ppmc_reg_S118M_inst/inst_ppmc_plsgen/ppmc_pls_cnt_inst/un4_o_slow_0
     _I_27_0_S0 undriven or does not drive anything - clipped.
Signal stm01/ppmc_reg_S118M_inst/inst_ppmc_plsgen/ppmc_pls_cnt_inst/un4_o_slow_0
     _I_9_0_S1 undriven or does not drive anything - clipped.
Signal stm01/ppmc_reg_S118M_inst/inst_ppmc_plsgen/ppmc_pls_cnt_inst/un4_o_slow_0
     _I_9_0_S0 undriven or does not drive anything - clipped.
Signal stm01/ppmc_reg_S118M_inst/inst_ppmc_plsgen/ppmc_pls_cnt_inst/un4_o_slow_0
     _I_1_0_S1 undriven or does not drive anything - clipped.
Signal stm01/ppmc_reg_S118M_inst/inst_ppmc_plsgen/ppmc_pls_cnt_inst/un4_o_slow_0
     _I_1_0_S0 undriven or does not drive anything - clipped.
Signal stm01/ppmc_reg_S118M_inst/inst_ppmc_plsgen/ppmc_pls_cnt_inst/N_1 undriven
     or does not drive anything - clipped.
Signal stm01/ppmc_reg_S118M_inst/inst_ppmc_plsgen/ppmc_pls_cnt_inst/un5_pout_cry
     _7_0_S0 undriven or does not drive anything - clipped.
Signal stm01/ppmc_reg_S118M_inst/inst_ppmc_plsgen/ppmc_pls_cnt_inst/un5_pout_cry
     _7_0_COUT undriven or does not drive anything - clipped.
Signal stm01/ppmc_reg_S118M_inst/inst_ppmc_plsgen/ppmc_pls_cnt_inst/un5_pout_cry
     _5_0_S1 undriven or does not drive anything - clipped.
Signal stm01/ppmc_reg_S118M_inst/inst_ppmc_plsgen/ppmc_pls_cnt_inst/un5_pout_cry
     _5_0_S0 undriven or does not drive anything - clipped.
Signal stm01/ppmc_reg_S118M_inst/inst_ppmc_plsgen/ppmc_pls_cnt_inst/un5_pout_cry
     _3_0_S1 undriven or does not drive anything - clipped.
Signal stm01/ppmc_reg_S118M_inst/inst_ppmc_plsgen/ppmc_pls_cnt_inst/un5_pout_cry
     _3_0_S0 undriven or does not drive anything - clipped.
Signal stm01/ppmc_reg_S118M_inst/inst_ppmc_plsgen/ppmc_pls_cnt_inst/un5_pout_cry
     _1_0_S1 undriven or does not drive anything - clipped.
Signal stm01/ppmc_reg_S118M_inst/inst_ppmc_plsgen/ppmc_pls_cnt_inst/un5_pout_cry
     _1_0_S0 undriven or does not drive anything - clipped.
Signal stm01/ppmc_reg_S118M_inst/inst_ppmc_plsgen/ppmc_pls_cnt_inst/un5_pout_cry
     _0_0_S1 undriven or does not drive anything - clipped.
Signal stm01/ppmc_reg_S118M_inst/inst_ppmc_plsgen/ppmc_pls_cnt_inst/un5_pout_cry
     _0_0_S0 undriven or does not drive anything - clipped.
Signal stm01/ppmc_reg_S118M_inst/inst_ppmc_plsgen/ppmc_pls_cnt_inst/N_2 undriven
     or does not drive anything - clipped.
Signal stm01/ppmc_reg_S118M_inst/inst_ppmc_plsgen/ppmc_pls_cnt_inst/un2_s_slow_c
     ry_15_0_S0 undriven or does not drive anything - clipped.
Signal stm01/ppmc_reg_S118M_inst/inst_ppmc_plsgen/ppmc_pls_cnt_inst/un2_s_slow_c

                                   Page 116




Design:  SP0557                                        Date:  02/28/26  21:16:30

Removed logic (cont)
--------------------
     ry_15_0_COUT undriven or does not drive anything - clipped.
Signal stm01/ppmc_reg_S118M_inst/inst_ppmc_plsgen/ppmc_pls_cnt_inst/un2_s_slow_c
     ry_13_0_S1 undriven or does not drive anything - clipped.
Signal stm01/ppmc_reg_S118M_inst/inst_ppmc_plsgen/ppmc_pls_cnt_inst/un2_s_slow_c
     ry_13_0_S0 undriven or does not drive anything - clipped.
Signal stm01/ppmc_reg_S118M_inst/inst_ppmc_plsgen/ppmc_pls_cnt_inst/un2_s_slow_c
     ry_11_0_S1 undriven or does not drive anything - clipped.
Signal stm01/ppmc_reg_S118M_inst/inst_ppmc_plsgen/ppmc_pls_cnt_inst/un2_s_slow_c
     ry_11_0_S0 undriven or does not drive anything - clipped.
Signal stm01/ppmc_reg_S118M_inst/inst_ppmc_plsgen/ppmc_pls_cnt_inst/un2_s_slow_c
     ry_9_0_S1 undriven or does not drive anything - clipped.
Signal stm01/ppmc_reg_S118M_inst/inst_ppmc_plsgen/ppmc_pls_cnt_inst/un2_s_slow_c
     ry_9_0_S0 undriven or does not drive anything - clipped.
Signal stm01/ppmc_reg_S118M_inst/inst_ppmc_plsgen/ppmc_pls_cnt_inst/un2_s_slow_c
     ry_7_0_S1 undriven or does not drive anything - clipped.
Signal stm01/ppmc_reg_S118M_inst/inst_ppmc_plsgen/ppmc_pls_cnt_inst/un2_s_slow_c
     ry_7_0_S0 undriven or does not drive anything - clipped.
Signal stm01/ppmc_reg_S118M_inst/inst_ppmc_plsgen/ppmc_pls_cnt_inst/un2_s_slow_c
     ry_5_0_S1 undriven or does not drive anything - clipped.
Signal stm01/ppmc_reg_S118M_inst/inst_ppmc_plsgen/ppmc_pls_cnt_inst/un2_s_slow_c
     ry_5_0_S0 undriven or does not drive anything - clipped.
Signal stm01/ppmc_reg_S118M_inst/inst_ppmc_plsgen/ppmc_pls_cnt_inst/un2_s_slow_c
     ry_3_0_S1 undriven or does not drive anything - clipped.
Signal stm01/ppmc_reg_S118M_inst/inst_ppmc_plsgen/ppmc_pls_cnt_inst/un2_s_slow_c
     ry_3_0_S0 undriven or does not drive anything - clipped.
Signal stm01/ppmc_reg_S118M_inst/inst_ppmc_plsgen/ppmc_pls_cnt_inst/un2_s_slow_c
     ry_1_0_S1 undriven or does not drive anything - clipped.
Signal stm01/ppmc_reg_S118M_inst/inst_ppmc_plsgen/ppmc_pls_cnt_inst/un2_s_slow_c
     ry_1_0_S0 undriven or does not drive anything - clipped.
Signal stm01/ppmc_reg_S118M_inst/inst_ppmc_plsgen/ppmc_pls_cnt_inst/un2_s_slow_c
     ry_0_0_S1 undriven or does not drive anything - clipped.
Signal stm01/ppmc_reg_S118M_inst/inst_ppmc_plsgen/ppmc_pls_cnt_inst/un2_s_slow_c
     ry_0_0_S0 undriven or does not drive anything - clipped.
Signal stm01/ppmc_reg_S118M_inst/inst_ppmc_plsgen/ppmc_pls_cnt_inst/N_3 undriven
     or does not drive anything - clipped.
Signal stm01/ppmc_reg_S118M_inst/inst_ppmc_plsgen/ppmc_pls_cnt_inst/reg_s_0_S1_0
     [15] undriven or does not drive anything - clipped.
Signal stm01/ppmc_reg_S118M_inst/inst_ppmc_plsgen/ppmc_pls_cnt_inst/reg_s_0_COUT
     _0[15] undriven or does not drive anything - clipped.
Signal stm01/ppmc_reg_S118M_inst/inst_ppmc_plsgen/ppmc_pls_cnt_inst/reg_cry_0_S0
     _0[0] undriven or does not drive anything - clipped.
Signal stm01/ppmc_reg_S118M_inst/inst_ppmc_plsgen/ppmc_pls_cnt_inst/N_4 undriven
     or does not drive anything - clipped.
Signal stm01/ppmc_reg_S118M_inst/inst_ppmc_plsgen/ppmc_pls_cnt_inst/pre_pulse_s_
     0_S1[7] undriven or does not drive anything - clipped.
Signal stm01/ppmc_reg_S118M_inst/inst_ppmc_plsgen/ppmc_pls_cnt_inst/pre_pulse_s_
     0_COUT[7] undriven or does not drive anything - clipped.
Signal stm01/ppmc_reg_S118M_inst/inst_ppmc_plsgen/ppmc_pls_cnt_inst/pre_pulse_cr
     y_0_S0[0] undriven or does not drive anything - clipped.
Signal stm01/ppmc_reg_S118M_inst/inst_ppmc_plsgen/ppmc_pls_cnt_inst/N_5 undriven
     or does not drive anything - clipped.
Signal stm01/ppmc_reg_S118M_inst/inst_ppmc_enblr/enb_wait_cnt_s_0_S1[13]
     undriven or does not drive anything - clipped.
Signal stm01/ppmc_reg_S118M_inst/inst_ppmc_enblr/enb_wait_cnt_s_0_COUT[13]
     undriven or does not drive anything - clipped.
Signal stm01/ppmc_reg_S118M_inst/inst_ppmc_enblr/enb_wait_cnt_cry_0_S0[0]

                                   Page 117




Design:  SP0557                                        Date:  02/28/26  21:16:30

Removed logic (cont)
--------------------
     undriven or does not drive anything - clipped.
Signal stm01/ppmc_reg_S118M_inst/inst_ppmc_enblr/N_1 undriven or does not drive
     anything - clipped.
Signal stm01/ppmc_reg_S118M_inst/inst_ppmc_ctrl/speed_0_I_21_0_S0 undriven or
     does not drive anything - clipped.
Signal stm01/ppmc_reg_S118M_inst/inst_ppmc_ctrl/speed_0_I_21_0_COUT undriven or
     does not drive anything - clipped.
Signal stm01/ppmc_reg_S118M_inst/inst_ppmc_ctrl/speed_0_I_33_0_S1 undriven or
     does not drive anything - clipped.
Signal stm01/ppmc_reg_S118M_inst/inst_ppmc_ctrl/speed_0_I_33_0_S0 undriven or
     does not drive anything - clipped.
Signal stm01/ppmc_reg_S118M_inst/inst_ppmc_ctrl/speed_0_I_27_0_S1 undriven or
     does not drive anything - clipped.
Signal stm01/ppmc_reg_S118M_inst/inst_ppmc_ctrl/speed_0_I_27_0_S0 undriven or
     does not drive anything - clipped.
Signal stm01/ppmc_reg_S118M_inst/inst_ppmc_ctrl/speed_0_I_9_0_S1 undriven or
     does not drive anything - clipped.
Signal stm01/ppmc_reg_S118M_inst/inst_ppmc_ctrl/speed_0_I_9_0_S0 undriven or
     does not drive anything - clipped.
Signal stm01/ppmc_reg_S118M_inst/inst_ppmc_ctrl/speed_0_I_1_0_S1 undriven or
     does not drive anything - clipped.
Signal stm01/ppmc_reg_S118M_inst/inst_ppmc_ctrl/speed_0_I_1_0_S0 undriven or
     does not drive anything - clipped.
Signal stm01/ppmc_reg_S118M_inst/inst_ppmc_ctrl/N_1 undriven or does not drive
     anything - clipped.
Signal stm01/ppmc_reg_S118M_inst/inst_ppmc_ctrl/un1_speed_0_I_21_0_S0 undriven
     or does not drive anything - clipped.
Signal stm01/ppmc_reg_S118M_inst/inst_ppmc_ctrl/un1_speed_0_I_21_0_COUT undriven
     or does not drive anything - clipped.
Signal stm01/ppmc_reg_S118M_inst/inst_ppmc_ctrl/un1_speed_0_I_33_0_S1 undriven
     or does not drive anything - clipped.
Signal stm01/ppmc_reg_S118M_inst/inst_ppmc_ctrl/un1_speed_0_I_33_0_S0 undriven
     or does not drive anything - clipped.
Signal stm01/ppmc_reg_S118M_inst/inst_ppmc_ctrl/un1_speed_0_I_27_0_S1 undriven
     or does not drive anything - clipped.
Signal stm01/ppmc_reg_S118M_inst/inst_ppmc_ctrl/un1_speed_0_I_27_0_S0 undriven
     or does not drive anything - clipped.
Signal stm01/ppmc_reg_S118M_inst/inst_ppmc_ctrl/un1_speed_0_I_9_0_S1 undriven or
     does not drive anything - clipped.
Signal stm01/ppmc_reg_S118M_inst/inst_ppmc_ctrl/un1_speed_0_I_9_0_S0 undriven or
     does not drive anything - clipped.
Signal stm01/ppmc_reg_S118M_inst/inst_ppmc_ctrl/un1_speed_0_I_1_0_S1 undriven or
     does not drive anything - clipped.
Signal stm01/ppmc_reg_S118M_inst/inst_ppmc_ctrl/un1_speed_0_I_1_0_S0 undriven or
     does not drive anything - clipped.
Signal stm01/ppmc_reg_S118M_inst/inst_ppmc_ctrl/N_6 undriven or does not drive
     anything - clipped.
Signal stm01/ppmc_reg_S118M_inst/inst_ppmc_ctrl/un6_more_flg_cry_15_0_S0
     undriven or does not drive anything - clipped.
Signal stm01/ppmc_reg_S118M_inst/inst_ppmc_ctrl/un6_more_flg_cry_15_0_COUT
     undriven or does not drive anything - clipped.
Signal stm01/ppmc_reg_S118M_inst/inst_ppmc_ctrl/un6_more_flg_cry_13_0_S1
     undriven or does not drive anything - clipped.
Signal stm01/ppmc_reg_S118M_inst/inst_ppmc_ctrl/un6_more_flg_cry_13_0_S0
     undriven or does not drive anything - clipped.
Signal stm01/ppmc_reg_S118M_inst/inst_ppmc_ctrl/un6_more_flg_cry_11_0_S1

                                   Page 118




Design:  SP0557                                        Date:  02/28/26  21:16:30

Removed logic (cont)
--------------------
     undriven or does not drive anything - clipped.
Signal stm01/ppmc_reg_S118M_inst/inst_ppmc_ctrl/un6_more_flg_cry_11_0_S0
     undriven or does not drive anything - clipped.
Signal stm01/ppmc_reg_S118M_inst/inst_ppmc_ctrl/un6_more_flg_cry_9_0_S1 undriven
     or does not drive anything - clipped.
Signal stm01/ppmc_reg_S118M_inst/inst_ppmc_ctrl/un6_more_flg_cry_9_0_S0 undriven
     or does not drive anything - clipped.
Signal stm01/ppmc_reg_S118M_inst/inst_ppmc_ctrl/un6_more_flg_cry_7_0_S1 undriven
     or does not drive anything - clipped.
Signal stm01/ppmc_reg_S118M_inst/inst_ppmc_ctrl/un6_more_flg_cry_7_0_S0 undriven
     or does not drive anything - clipped.
Signal stm01/ppmc_reg_S118M_inst/inst_ppmc_ctrl/un6_more_flg_cry_5_0_S1 undriven
     or does not drive anything - clipped.
Signal stm01/ppmc_reg_S118M_inst/inst_ppmc_ctrl/un6_more_flg_cry_5_0_S0 undriven
     or does not drive anything - clipped.
Signal stm01/ppmc_reg_S118M_inst/inst_ppmc_ctrl/un6_more_flg_cry_3_0_S1 undriven
     or does not drive anything - clipped.
Signal stm01/ppmc_reg_S118M_inst/inst_ppmc_ctrl/un6_more_flg_cry_3_0_S0 undriven
     or does not drive anything - clipped.
Signal stm01/ppmc_reg_S118M_inst/inst_ppmc_ctrl/un6_more_flg_cry_1_0_S1 undriven
     or does not drive anything - clipped.
Signal stm01/ppmc_reg_S118M_inst/inst_ppmc_ctrl/un6_more_flg_cry_1_0_S0 undriven
     or does not drive anything - clipped.
Signal stm01/ppmc_reg_S118M_inst/inst_ppmc_ctrl/un6_more_flg_cry_0_0_S1 undriven
     or does not drive anything - clipped.
Signal stm01/ppmc_reg_S118M_inst/inst_ppmc_ctrl/un6_more_flg_cry_0_0_S0 undriven
     or does not drive anything - clipped.
Signal stm01/ppmc_reg_S118M_inst/inst_ppmc_ctrl/N_7 undriven or does not drive
     anything - clipped.
Signal stm01/ppmc_reg_S118M_inst/inst_ppmc_ctrl/more_cnt_s_0_S1[15] undriven or
     does not drive anything - clipped.
Signal stm01/ppmc_reg_S118M_inst/inst_ppmc_ctrl/more_cnt_s_0_COUT[15] undriven
     or does not drive anything - clipped.
Signal stm01/ppmc_reg_S118M_inst/inst_ppmc_ctrl/more_cnt_cry_0_S0[0] undriven or
     does not drive anything - clipped.
Signal stm01/ppmc_reg_S118M_inst/inst_ppmc_ctrl/N_8 undriven or does not drive
     anything - clipped.
Signal stm01/ppmc_reg_S118M_inst/inst_ppmc_cmdchk/un13_command_hit_cry_15_0_S0
     undriven or does not drive anything - clipped.
Signal stm01/ppmc_reg_S118M_inst/inst_ppmc_cmdchk/un13_command_hit_cry_15_0_COUT
     undriven or does not drive anything - clipped.
Signal stm01/ppmc_reg_S118M_inst/inst_ppmc_cmdchk/un13_command_hit_cry_13_0_S1
     undriven or does not drive anything - clipped.
Signal stm01/ppmc_reg_S118M_inst/inst_ppmc_cmdchk/un13_command_hit_cry_13_0_S0
     undriven or does not drive anything - clipped.
Signal stm01/ppmc_reg_S118M_inst/inst_ppmc_cmdchk/un13_command_hit_cry_11_0_S1
     undriven or does not drive anything - clipped.
Signal stm01/ppmc_reg_S118M_inst/inst_ppmc_cmdchk/un13_command_hit_cry_11_0_S0
     undriven or does not drive anything - clipped.
Signal stm01/ppmc_reg_S118M_inst/inst_ppmc_cmdchk/un13_command_hit_cry_9_0_S1
     undriven or does not drive anything - clipped.
Signal stm01/ppmc_reg_S118M_inst/inst_ppmc_cmdchk/un13_command_hit_cry_9_0_S0
     undriven or does not drive anything - clipped.
Signal stm01/ppmc_reg_S118M_inst/inst_ppmc_cmdchk/un13_command_hit_cry_7_0_S1
     undriven or does not drive anything - clipped.
Signal stm01/ppmc_reg_S118M_inst/inst_ppmc_cmdchk/un13_command_hit_cry_7_0_S0

                                   Page 119




Design:  SP0557                                        Date:  02/28/26  21:16:30

Removed logic (cont)
--------------------
     undriven or does not drive anything - clipped.
Signal stm01/ppmc_reg_S118M_inst/inst_ppmc_cmdchk/un13_command_hit_cry_5_0_S1
     undriven or does not drive anything - clipped.
Signal stm01/ppmc_reg_S118M_inst/inst_ppmc_cmdchk/un13_command_hit_cry_5_0_S0
     undriven or does not drive anything - clipped.
Signal stm01/ppmc_reg_S118M_inst/inst_ppmc_cmdchk/un13_command_hit_cry_3_0_S1
     undriven or does not drive anything - clipped.
Signal stm01/ppmc_reg_S118M_inst/inst_ppmc_cmdchk/un13_command_hit_cry_3_0_S0
     undriven or does not drive anything - clipped.
Signal stm01/ppmc_reg_S118M_inst/inst_ppmc_cmdchk/un13_command_hit_cry_1_0_S1
     undriven or does not drive anything - clipped.
Signal stm01/ppmc_reg_S118M_inst/inst_ppmc_cmdchk/un13_command_hit_cry_1_0_S0
     undriven or does not drive anything - clipped.
Signal stm01/ppmc_reg_S118M_inst/inst_ppmc_cmdchk/un13_command_hit_cry_0_0_S1
     undriven or does not drive anything - clipped.
Signal stm01/ppmc_reg_S118M_inst/inst_ppmc_cmdchk/un13_command_hit_cry_0_0_S0
     undriven or does not drive anything - clipped.
Signal stm01/ppmc_reg_S118M_inst/inst_ppmc_cmdchk/N_1 undriven or does not drive
     anything - clipped.
Signal stm02/ppmc_reg_S118M_inst/inst_ppmc_plsgen/ppmc_acc_tim_gen_inst/un2_reg_
     0_I_21_0_S0_0 undriven or does not drive anything - clipped.
Signal stm02/ppmc_reg_S118M_inst/inst_ppmc_plsgen/ppmc_acc_tim_gen_inst/un2_reg_
     0_I_21_0_COUT_0 undriven or does not drive anything - clipped.
Signal stm02/ppmc_reg_S118M_inst/inst_ppmc_plsgen/ppmc_acc_tim_gen_inst/un2_reg_
     0_I_33_0_S1_0 undriven or does not drive anything - clipped.
Signal stm02/ppmc_reg_S118M_inst/inst_ppmc_plsgen/ppmc_acc_tim_gen_inst/un2_reg_
     0_I_33_0_S0_0 undriven or does not drive anything - clipped.
Signal stm02/ppmc_reg_S118M_inst/inst_ppmc_plsgen/ppmc_acc_tim_gen_inst/un2_reg_
     0_I_27_0_S1_0 undriven or does not drive anything - clipped.
Signal stm02/ppmc_reg_S118M_inst/inst_ppmc_plsgen/ppmc_acc_tim_gen_inst/un2_reg_
     0_I_27_0_S0_0 undriven or does not drive anything - clipped.
Signal stm02/ppmc_reg_S118M_inst/inst_ppmc_plsgen/ppmc_acc_tim_gen_inst/un2_reg_
     0_I_9_0_S1_0 undriven or does not drive anything - clipped.
Signal stm02/ppmc_reg_S118M_inst/inst_ppmc_plsgen/ppmc_acc_tim_gen_inst/un2_reg_
     0_I_9_0_S0_0 undriven or does not drive anything - clipped.
Signal stm02/ppmc_reg_S118M_inst/inst_ppmc_plsgen/ppmc_acc_tim_gen_inst/un2_reg_
     0_I_1_0_S1_0 undriven or does not drive anything - clipped.
Signal stm02/ppmc_reg_S118M_inst/inst_ppmc_plsgen/ppmc_acc_tim_gen_inst/un2_reg_
     0_I_1_0_S0_0 undriven or does not drive anything - clipped.
Signal stm02/ppmc_reg_S118M_inst/inst_ppmc_plsgen/ppmc_acc_tim_gen_inst/N_1
     undriven or does not drive anything - clipped.
Signal stm02/ppmc_reg_S118M_inst/inst_ppmc_plsgen/ppmc_acc_tim_gen_inst/reg_s_0_
     S1_1[15] undriven or does not drive anything - clipped.
Signal stm02/ppmc_reg_S118M_inst/inst_ppmc_plsgen/ppmc_acc_tim_gen_inst/reg_s_0_
     COUT_1[15] undriven or does not drive anything - clipped.
Signal stm02/ppmc_reg_S118M_inst/inst_ppmc_plsgen/ppmc_acc_tim_gen_inst/reg_cry_
     0_S0_1[0] undriven or does not drive anything - clipped.
Signal stm02/ppmc_reg_S118M_inst/inst_ppmc_plsgen/ppmc_acc_tim_gen_inst/N_2
     undriven or does not drive anything - clipped.
Signal stm02/ppmc_reg_S118M_inst/inst_ppmc_plsgen/ppmc_speed_cnt_inst/un2_acc_pu
     lse_cry_15_0_S0_0 undriven or does not drive anything - clipped.
Signal stm02/ppmc_reg_S118M_inst/inst_ppmc_plsgen/ppmc_speed_cnt_inst/un2_acc_pu
     lse_cry_15_0_COUT_0 undriven or does not drive anything - clipped.
Signal stm02/ppmc_reg_S118M_inst/inst_ppmc_plsgen/ppmc_speed_cnt_inst/un2_acc_pu
     lse_cry_13_0_S1_0 undriven or does not drive anything - clipped.
Signal stm02/ppmc_reg_S118M_inst/inst_ppmc_plsgen/ppmc_speed_cnt_inst/un2_acc_pu

                                   Page 120




Design:  SP0557                                        Date:  02/28/26  21:16:30

Removed logic (cont)
--------------------
     lse_cry_13_0_S0_0 undriven or does not drive anything - clipped.
Signal stm02/ppmc_reg_S118M_inst/inst_ppmc_plsgen/ppmc_speed_cnt_inst/un2_acc_pu
     lse_cry_11_0_S1_0 undriven or does not drive anything - clipped.
Signal stm02/ppmc_reg_S118M_inst/inst_ppmc_plsgen/ppmc_speed_cnt_inst/un2_acc_pu
     lse_cry_11_0_S0_0 undriven or does not drive anything - clipped.
Signal stm02/ppmc_reg_S118M_inst/inst_ppmc_plsgen/ppmc_speed_cnt_inst/un2_acc_pu
     lse_cry_9_0_S1_0 undriven or does not drive anything - clipped.
Signal stm02/ppmc_reg_S118M_inst/inst_ppmc_plsgen/ppmc_speed_cnt_inst/un2_acc_pu
     lse_cry_9_0_S0_0 undriven or does not drive anything - clipped.
Signal stm02/ppmc_reg_S118M_inst/inst_ppmc_plsgen/ppmc_speed_cnt_inst/un2_acc_pu
     lse_cry_7_0_S1_0 undriven or does not drive anything - clipped.
Signal stm02/ppmc_reg_S118M_inst/inst_ppmc_plsgen/ppmc_speed_cnt_inst/un2_acc_pu
     lse_cry_7_0_S0_0 undriven or does not drive anything - clipped.
Signal stm02/ppmc_reg_S118M_inst/inst_ppmc_plsgen/ppmc_speed_cnt_inst/un2_acc_pu
     lse_cry_5_0_S1_0 undriven or does not drive anything - clipped.
Signal stm02/ppmc_reg_S118M_inst/inst_ppmc_plsgen/ppmc_speed_cnt_inst/un2_acc_pu
     lse_cry_5_0_S0_0 undriven or does not drive anything - clipped.
Signal stm02/ppmc_reg_S118M_inst/inst_ppmc_plsgen/ppmc_speed_cnt_inst/un2_acc_pu
     lse_cry_3_0_S1_0 undriven or does not drive anything - clipped.
Signal stm02/ppmc_reg_S118M_inst/inst_ppmc_plsgen/ppmc_speed_cnt_inst/un2_acc_pu
     lse_cry_3_0_S0_0 undriven or does not drive anything - clipped.
Signal stm02/ppmc_reg_S118M_inst/inst_ppmc_plsgen/ppmc_speed_cnt_inst/un2_acc_pu
     lse_cry_1_0_S1_0 undriven or does not drive anything - clipped.
Signal stm02/ppmc_reg_S118M_inst/inst_ppmc_plsgen/ppmc_speed_cnt_inst/un2_acc_pu
     lse_cry_1_0_S0_0 undriven or does not drive anything - clipped.
Signal stm02/ppmc_reg_S118M_inst/inst_ppmc_plsgen/ppmc_speed_cnt_inst/un2_acc_pu
     lse_cry_0_0_S1_0 undriven or does not drive anything - clipped.
Signal stm02/ppmc_reg_S118M_inst/inst_ppmc_plsgen/ppmc_speed_cnt_inst/un2_acc_pu
     lse_cry_0_0_S0_0 undriven or does not drive anything - clipped.
Signal stm02/ppmc_reg_S118M_inst/inst_ppmc_plsgen/ppmc_speed_cnt_inst/N_6
     undriven or does not drive anything - clipped.
Signal stm02/ppmc_reg_S118M_inst/inst_ppmc_plsgen/ppmc_speed_cnt_inst/un8_acc_pu
     lse_cry_15_0_S0_0 undriven or does not drive anything - clipped.
Signal stm02/ppmc_reg_S118M_inst/inst_ppmc_plsgen/ppmc_speed_cnt_inst/un8_acc_pu
     lse_cry_15_0_COUT_0 undriven or does not drive anything - clipped.
Signal stm02/ppmc_reg_S118M_inst/inst_ppmc_plsgen/ppmc_speed_cnt_inst/un8_acc_pu
     lse_cry_13_0_S1_0 undriven or does not drive anything - clipped.
Signal stm02/ppmc_reg_S118M_inst/inst_ppmc_plsgen/ppmc_speed_cnt_inst/un8_acc_pu
     lse_cry_13_0_S0_0 undriven or does not drive anything - clipped.
Signal stm02/ppmc_reg_S118M_inst/inst_ppmc_plsgen/ppmc_speed_cnt_inst/un8_acc_pu
     lse_cry_11_0_S1_0 undriven or does not drive anything - clipped.
Signal stm02/ppmc_reg_S118M_inst/inst_ppmc_plsgen/ppmc_speed_cnt_inst/un8_acc_pu
     lse_cry_11_0_S0_0 undriven or does not drive anything - clipped.
Signal stm02/ppmc_reg_S118M_inst/inst_ppmc_plsgen/ppmc_speed_cnt_inst/un8_acc_pu
     lse_cry_9_0_S1_0 undriven or does not drive anything - clipped.
Signal stm02/ppmc_reg_S118M_inst/inst_ppmc_plsgen/ppmc_speed_cnt_inst/un8_acc_pu
     lse_cry_9_0_S0_0 undriven or does not drive anything - clipped.
Signal stm02/ppmc_reg_S118M_inst/inst_ppmc_plsgen/ppmc_speed_cnt_inst/un8_acc_pu
     lse_cry_7_0_S1_0 undriven or does not drive anything - clipped.
Signal stm02/ppmc_reg_S118M_inst/inst_ppmc_plsgen/ppmc_speed_cnt_inst/un8_acc_pu
     lse_cry_7_0_S0_0 undriven or does not drive anything - clipped.
Signal stm02/ppmc_reg_S118M_inst/inst_ppmc_plsgen/ppmc_speed_cnt_inst/un8_acc_pu
     lse_cry_5_0_S1_0 undriven or does not drive anything - clipped.
Signal stm02/ppmc_reg_S118M_inst/inst_ppmc_plsgen/ppmc_speed_cnt_inst/un8_acc_pu
     lse_cry_5_0_S0_0 undriven or does not drive anything - clipped.
Signal stm02/ppmc_reg_S118M_inst/inst_ppmc_plsgen/ppmc_speed_cnt_inst/un8_acc_pu

                                   Page 121




Design:  SP0557                                        Date:  02/28/26  21:16:30

Removed logic (cont)
--------------------
     lse_cry_3_0_S1_0 undriven or does not drive anything - clipped.
Signal stm02/ppmc_reg_S118M_inst/inst_ppmc_plsgen/ppmc_speed_cnt_inst/un8_acc_pu
     lse_cry_3_0_S0_0 undriven or does not drive anything - clipped.
Signal stm02/ppmc_reg_S118M_inst/inst_ppmc_plsgen/ppmc_speed_cnt_inst/un8_acc_pu
     lse_cry_1_0_S1_0 undriven or does not drive anything - clipped.
Signal stm02/ppmc_reg_S118M_inst/inst_ppmc_plsgen/ppmc_speed_cnt_inst/un8_acc_pu
     lse_cry_1_0_S0_0 undriven or does not drive anything - clipped.
Signal stm02/ppmc_reg_S118M_inst/inst_ppmc_plsgen/ppmc_speed_cnt_inst/un8_acc_pu
     lse_cry_0_0_S1_0 undriven or does not drive anything - clipped.
Signal stm02/ppmc_reg_S118M_inst/inst_ppmc_plsgen/ppmc_speed_cnt_inst/un8_acc_pu
     lse_cry_0_0_S0_0 undriven or does not drive anything - clipped.
Signal stm02/ppmc_reg_S118M_inst/inst_ppmc_plsgen/ppmc_speed_cnt_inst/N_7
     undriven or does not drive anything - clipped.
Signal stm02/ppmc_reg_S118M_inst/inst_ppmc_plsgen/ppmc_speed_cnt_inst/reg_cry_0_
     COUT_0[14] undriven or does not drive anything - clipped.
Signal stm02/ppmc_reg_S118M_inst/inst_ppmc_plsgen/ppmc_speed_cnt_inst/reg_lcry_0
     _S1_0 undriven or does not drive anything - clipped.
Signal stm02/ppmc_reg_S118M_inst/inst_ppmc_plsgen/ppmc_speed_cnt_inst/reg_lcry_0
     _S0_0 undriven or does not drive anything - clipped.
Signal stm02/ppmc_reg_S118M_inst/inst_ppmc_plsgen/ppmc_speed_cnt_inst/N_8
     undriven or does not drive anything - clipped.
Signal stm02/ppmc_reg_S118M_inst/inst_ppmc_plsgen/ppmc_timer_cnt_inst/un5_pulse_
     clk_cry_18_0_S1_0 undriven or does not drive anything - clipped.
Signal stm02/ppmc_reg_S118M_inst/inst_ppmc_plsgen/ppmc_timer_cnt_inst/un5_pulse_
     clk_cry_18_0_COUT_0 undriven or does not drive anything - clipped.
Signal stm02/ppmc_reg_S118M_inst/inst_ppmc_plsgen/ppmc_timer_cnt_inst/un5_pulse_
     clk_cry_17_0_S1_0 undriven or does not drive anything - clipped.
Signal stm02/ppmc_reg_S118M_inst/inst_ppmc_plsgen/ppmc_timer_cnt_inst/un5_pulse_
     clk_cry_17_0_S0_0 undriven or does not drive anything - clipped.
Signal stm02/ppmc_reg_S118M_inst/inst_ppmc_plsgen/ppmc_timer_cnt_inst/un5_pulse_
     clk_cry_15_0_S1_0 undriven or does not drive anything - clipped.
Signal stm02/ppmc_reg_S118M_inst/inst_ppmc_plsgen/ppmc_timer_cnt_inst/un5_pulse_
     clk_cry_15_0_S0_0 undriven or does not drive anything - clipped.
Signal stm02/ppmc_reg_S118M_inst/inst_ppmc_plsgen/ppmc_timer_cnt_inst/un5_pulse_
     clk_cry_13_0_S1_0 undriven or does not drive anything - clipped.
Signal stm02/ppmc_reg_S118M_inst/inst_ppmc_plsgen/ppmc_timer_cnt_inst/un5_pulse_
     clk_cry_13_0_S0_0 undriven or does not drive anything - clipped.
Signal stm02/ppmc_reg_S118M_inst/inst_ppmc_plsgen/ppmc_timer_cnt_inst/un5_pulse_
     clk_cry_11_0_S1_0 undriven or does not drive anything - clipped.
Signal stm02/ppmc_reg_S118M_inst/inst_ppmc_plsgen/ppmc_timer_cnt_inst/un5_pulse_
     clk_cry_11_0_S0_0 undriven or does not drive anything - clipped.
Signal stm02/ppmc_reg_S118M_inst/inst_ppmc_plsgen/ppmc_timer_cnt_inst/un5_pulse_
     clk_cry_9_0_S1_0 undriven or does not drive anything - clipped.
Signal stm02/ppmc_reg_S118M_inst/inst_ppmc_plsgen/ppmc_timer_cnt_inst/un5_pulse_
     clk_cry_9_0_S0_0 undriven or does not drive anything - clipped.
Signal stm02/ppmc_reg_S118M_inst/inst_ppmc_plsgen/ppmc_timer_cnt_inst/un5_pulse_
     clk_cry_7_0_S1_0 undriven or does not drive anything - clipped.
Signal stm02/ppmc_reg_S118M_inst/inst_ppmc_plsgen/ppmc_timer_cnt_inst/un5_pulse_
     clk_cry_7_0_S0_0 undriven or does not drive anything - clipped.
Signal stm02/ppmc_reg_S118M_inst/inst_ppmc_plsgen/ppmc_timer_cnt_inst/un5_pulse_
     clk_cry_5_0_S1_0 undriven or does not drive anything - clipped.
Signal stm02/ppmc_reg_S118M_inst/inst_ppmc_plsgen/ppmc_timer_cnt_inst/un5_pulse_
     clk_cry_5_0_S0_0 undriven or does not drive anything - clipped.
Signal stm02/ppmc_reg_S118M_inst/inst_ppmc_plsgen/ppmc_timer_cnt_inst/un5_pulse_
     clk_cry_3_0_S1_0 undriven or does not drive anything - clipped.
Signal stm02/ppmc_reg_S118M_inst/inst_ppmc_plsgen/ppmc_timer_cnt_inst/un5_pulse_

                                   Page 122




Design:  SP0557                                        Date:  02/28/26  21:16:30

Removed logic (cont)
--------------------
     clk_cry_3_0_S0_0 undriven or does not drive anything - clipped.
Signal stm02/ppmc_reg_S118M_inst/inst_ppmc_plsgen/ppmc_timer_cnt_inst/un5_pulse_
     clk_cry_1_0_S1_0 undriven or does not drive anything - clipped.
Signal stm02/ppmc_reg_S118M_inst/inst_ppmc_plsgen/ppmc_timer_cnt_inst/un5_pulse_
     clk_cry_1_0_S0_0 undriven or does not drive anything - clipped.
Signal stm02/ppmc_reg_S118M_inst/inst_ppmc_plsgen/ppmc_timer_cnt_inst/un5_pulse_
     clk_cry_0_0_S1_0 undriven or does not drive anything - clipped.
Signal stm02/ppmc_reg_S118M_inst/inst_ppmc_plsgen/ppmc_timer_cnt_inst/un5_pulse_
     clk_cry_0_0_S0_0 undriven or does not drive anything - clipped.
Signal stm02/ppmc_reg_S118M_inst/inst_ppmc_plsgen/ppmc_timer_cnt_inst/N_1
     undriven or does not drive anything - clipped.
Signal stm02/ppmc_reg_S118M_inst/inst_ppmc_plsgen/ppmc_timer_cnt_inst/un1_reg_2_
     cry_17_0_COUT_0 undriven or does not drive anything - clipped.
Signal stm02/ppmc_reg_S118M_inst/inst_ppmc_plsgen/ppmc_timer_cnt_inst/un1_reg_2_
     cry_0_0_S1_0 undriven or does not drive anything - clipped.
Signal stm02/ppmc_reg_S118M_inst/inst_ppmc_plsgen/ppmc_timer_cnt_inst/un1_reg_2_
     cry_0_0_S0_0 undriven or does not drive anything - clipped.
Signal stm02/ppmc_reg_S118M_inst/inst_ppmc_plsgen/ppmc_timer_cnt_inst/N_2
     undriven or does not drive anything - clipped.
Signal stm02/ppmc_reg_S118M_inst/inst_ppmc_plsgen/ppmc_timer_cnt_inst/un1_reg_2_
     4_cry_17_COUT_0 undriven or does not drive anything - clipped.
Signal stm02/ppmc_reg_S118M_inst/inst_ppmc_plsgen/ppmc_timer_cnt_inst/un1_reg_2_
     4_cry_0_S1_0 undriven or does not drive anything - clipped.
Signal stm02/ppmc_reg_S118M_inst/inst_ppmc_plsgen/ppmc_timer_cnt_inst/un1_reg_2_
     4_cry_0_S0_0 undriven or does not drive anything - clipped.
Signal stm02/ppmc_reg_S118M_inst/inst_ppmc_plsgen/ppmc_timer_cnt_inst/N_3
     undriven or does not drive anything - clipped.
Signal stm02/ppmc_reg_S118M_inst/inst_ppmc_plsgen/ppmc_pls_cnt_inst/un4_o_slow_0
     _I_21_0_S0_0 undriven or does not drive anything - clipped.
Signal stm02/ppmc_reg_S118M_inst/inst_ppmc_plsgen/ppmc_pls_cnt_inst/un4_o_slow_0
     _I_21_0_COUT_0 undriven or does not drive anything - clipped.
Signal stm02/ppmc_reg_S118M_inst/inst_ppmc_plsgen/ppmc_pls_cnt_inst/un4_o_slow_0
     _I_33_0_S1_0 undriven or does not drive anything - clipped.
Signal stm02/ppmc_reg_S118M_inst/inst_ppmc_plsgen/ppmc_pls_cnt_inst/un4_o_slow_0
     _I_33_0_S0_0 undriven or does not drive anything - clipped.
Signal stm02/ppmc_reg_S118M_inst/inst_ppmc_plsgen/ppmc_pls_cnt_inst/un4_o_slow_0
     _I_27_0_S1_0 undriven or does not drive anything - clipped.
Signal stm02/ppmc_reg_S118M_inst/inst_ppmc_plsgen/ppmc_pls_cnt_inst/un4_o_slow_0
     _I_27_0_S0_0 undriven or does not drive anything - clipped.
Signal stm02/ppmc_reg_S118M_inst/inst_ppmc_plsgen/ppmc_pls_cnt_inst/un4_o_slow_0
     _I_9_0_S1_0 undriven or does not drive anything - clipped.
Signal stm02/ppmc_reg_S118M_inst/inst_ppmc_plsgen/ppmc_pls_cnt_inst/un4_o_slow_0
     _I_9_0_S0_0 undriven or does not drive anything - clipped.
Signal stm02/ppmc_reg_S118M_inst/inst_ppmc_plsgen/ppmc_pls_cnt_inst/un4_o_slow_0
     _I_1_0_S1_0 undriven or does not drive anything - clipped.
Signal stm02/ppmc_reg_S118M_inst/inst_ppmc_plsgen/ppmc_pls_cnt_inst/un4_o_slow_0
     _I_1_0_S0_0 undriven or does not drive anything - clipped.
Signal stm02/ppmc_reg_S118M_inst/inst_ppmc_plsgen/ppmc_pls_cnt_inst/N_1 undriven
     or does not drive anything - clipped.
Signal stm02/ppmc_reg_S118M_inst/inst_ppmc_plsgen/ppmc_pls_cnt_inst/un5_pout_cry
     _7_0_S0_0 undriven or does not drive anything - clipped.
Signal stm02/ppmc_reg_S118M_inst/inst_ppmc_plsgen/ppmc_pls_cnt_inst/un5_pout_cry
     _7_0_COUT_0 undriven or does not drive anything - clipped.
Signal stm02/ppmc_reg_S118M_inst/inst_ppmc_plsgen/ppmc_pls_cnt_inst/un5_pout_cry
     _5_0_S1_0 undriven or does not drive anything - clipped.
Signal stm02/ppmc_reg_S118M_inst/inst_ppmc_plsgen/ppmc_pls_cnt_inst/un5_pout_cry

                                   Page 123




Design:  SP0557                                        Date:  02/28/26  21:16:30

Removed logic (cont)
--------------------
     _5_0_S0_0 undriven or does not drive anything - clipped.
Signal stm02/ppmc_reg_S118M_inst/inst_ppmc_plsgen/ppmc_pls_cnt_inst/un5_pout_cry
     _3_0_S1_0 undriven or does not drive anything - clipped.
Signal stm02/ppmc_reg_S118M_inst/inst_ppmc_plsgen/ppmc_pls_cnt_inst/un5_pout_cry
     _3_0_S0_0 undriven or does not drive anything - clipped.
Signal stm02/ppmc_reg_S118M_inst/inst_ppmc_plsgen/ppmc_pls_cnt_inst/un5_pout_cry
     _1_0_S1_0 undriven or does not drive anything - clipped.
Signal stm02/ppmc_reg_S118M_inst/inst_ppmc_plsgen/ppmc_pls_cnt_inst/un5_pout_cry
     _1_0_S0_0 undriven or does not drive anything - clipped.
Signal stm02/ppmc_reg_S118M_inst/inst_ppmc_plsgen/ppmc_pls_cnt_inst/un5_pout_cry
     _0_0_S1_0 undriven or does not drive anything - clipped.
Signal stm02/ppmc_reg_S118M_inst/inst_ppmc_plsgen/ppmc_pls_cnt_inst/un5_pout_cry
     _0_0_S0_0 undriven or does not drive anything - clipped.
Signal stm02/ppmc_reg_S118M_inst/inst_ppmc_plsgen/ppmc_pls_cnt_inst/N_2 undriven
     or does not drive anything - clipped.
Signal stm02/ppmc_reg_S118M_inst/inst_ppmc_plsgen/ppmc_pls_cnt_inst/un2_s_slow_c
     ry_15_0_S0_0 undriven or does not drive anything - clipped.
Signal stm02/ppmc_reg_S118M_inst/inst_ppmc_plsgen/ppmc_pls_cnt_inst/un2_s_slow_c
     ry_15_0_COUT_0 undriven or does not drive anything - clipped.
Signal stm02/ppmc_reg_S118M_inst/inst_ppmc_plsgen/ppmc_pls_cnt_inst/un2_s_slow_c
     ry_13_0_S1_0 undriven or does not drive anything - clipped.
Signal stm02/ppmc_reg_S118M_inst/inst_ppmc_plsgen/ppmc_pls_cnt_inst/un2_s_slow_c
     ry_13_0_S0_0 undriven or does not drive anything - clipped.
Signal stm02/ppmc_reg_S118M_inst/inst_ppmc_plsgen/ppmc_pls_cnt_inst/un2_s_slow_c
     ry_11_0_S1_0 undriven or does not drive anything - clipped.
Signal stm02/ppmc_reg_S118M_inst/inst_ppmc_plsgen/ppmc_pls_cnt_inst/un2_s_slow_c
     ry_11_0_S0_0 undriven or does not drive anything - clipped.
Signal stm02/ppmc_reg_S118M_inst/inst_ppmc_plsgen/ppmc_pls_cnt_inst/un2_s_slow_c
     ry_9_0_S1_0 undriven or does not drive anything - clipped.
Signal stm02/ppmc_reg_S118M_inst/inst_ppmc_plsgen/ppmc_pls_cnt_inst/un2_s_slow_c
     ry_9_0_S0_0 undriven or does not drive anything - clipped.
Signal stm02/ppmc_reg_S118M_inst/inst_ppmc_plsgen/ppmc_pls_cnt_inst/un2_s_slow_c
     ry_7_0_S1_0 undriven or does not drive anything - clipped.
Signal stm02/ppmc_reg_S118M_inst/inst_ppmc_plsgen/ppmc_pls_cnt_inst/un2_s_slow_c
     ry_7_0_S0_0 undriven or does not drive anything - clipped.
Signal stm02/ppmc_reg_S118M_inst/inst_ppmc_plsgen/ppmc_pls_cnt_inst/un2_s_slow_c
     ry_5_0_S1_0 undriven or does not drive anything - clipped.
Signal stm02/ppmc_reg_S118M_inst/inst_ppmc_plsgen/ppmc_pls_cnt_inst/un2_s_slow_c
     ry_5_0_S0_0 undriven or does not drive anything - clipped.
Signal stm02/ppmc_reg_S118M_inst/inst_ppmc_plsgen/ppmc_pls_cnt_inst/un2_s_slow_c
     ry_3_0_S1_0 undriven or does not drive anything - clipped.
Signal stm02/ppmc_reg_S118M_inst/inst_ppmc_plsgen/ppmc_pls_cnt_inst/un2_s_slow_c
     ry_3_0_S0_0 undriven or does not drive anything - clipped.
Signal stm02/ppmc_reg_S118M_inst/inst_ppmc_plsgen/ppmc_pls_cnt_inst/un2_s_slow_c
     ry_1_0_S1_0 undriven or does not drive anything - clipped.
Signal stm02/ppmc_reg_S118M_inst/inst_ppmc_plsgen/ppmc_pls_cnt_inst/un2_s_slow_c
     ry_1_0_S0_0 undriven or does not drive anything - clipped.
Signal stm02/ppmc_reg_S118M_inst/inst_ppmc_plsgen/ppmc_pls_cnt_inst/un2_s_slow_c
     ry_0_0_S1_0 undriven or does not drive anything - clipped.
Signal stm02/ppmc_reg_S118M_inst/inst_ppmc_plsgen/ppmc_pls_cnt_inst/un2_s_slow_c
     ry_0_0_S0_0 undriven or does not drive anything - clipped.
Signal stm02/ppmc_reg_S118M_inst/inst_ppmc_plsgen/ppmc_pls_cnt_inst/N_3 undriven
     or does not drive anything - clipped.
Signal stm02/ppmc_reg_S118M_inst/inst_ppmc_plsgen/ppmc_pls_cnt_inst/reg_s_0_S1_2
     [15] undriven or does not drive anything - clipped.
Signal stm02/ppmc_reg_S118M_inst/inst_ppmc_plsgen/ppmc_pls_cnt_inst/reg_s_0_COUT

                                   Page 124




Design:  SP0557                                        Date:  02/28/26  21:16:30

Removed logic (cont)
--------------------
     _2[15] undriven or does not drive anything - clipped.
Signal stm02/ppmc_reg_S118M_inst/inst_ppmc_plsgen/ppmc_pls_cnt_inst/reg_cry_0_S0
     _2[0] undriven or does not drive anything - clipped.
Signal stm02/ppmc_reg_S118M_inst/inst_ppmc_plsgen/ppmc_pls_cnt_inst/N_4 undriven
     or does not drive anything - clipped.
Signal stm02/ppmc_reg_S118M_inst/inst_ppmc_plsgen/ppmc_pls_cnt_inst/pre_pulse_s_
     0_S1_0[7] undriven or does not drive anything - clipped.
Signal stm02/ppmc_reg_S118M_inst/inst_ppmc_plsgen/ppmc_pls_cnt_inst/pre_pulse_s_
     0_COUT_0[7] undriven or does not drive anything - clipped.
Signal stm02/ppmc_reg_S118M_inst/inst_ppmc_plsgen/ppmc_pls_cnt_inst/pre_pulse_cr
     y_0_S0_0[0] undriven or does not drive anything - clipped.
Signal stm02/ppmc_reg_S118M_inst/inst_ppmc_plsgen/ppmc_pls_cnt_inst/N_5 undriven
     or does not drive anything - clipped.
Signal stm02/ppmc_reg_S118M_inst/inst_ppmc_enblr/enb_wait_cnt_s_0_S1_0[13]
     undriven or does not drive anything - clipped.
Signal stm02/ppmc_reg_S118M_inst/inst_ppmc_enblr/enb_wait_cnt_s_0_COUT_0[13]
     undriven or does not drive anything - clipped.
Signal stm02/ppmc_reg_S118M_inst/inst_ppmc_enblr/enb_wait_cnt_cry_0_S0_0[0]
     undriven or does not drive anything - clipped.
Signal stm02/ppmc_reg_S118M_inst/inst_ppmc_enblr/N_1 undriven or does not drive
     anything - clipped.
Signal stm02/ppmc_reg_S118M_inst/inst_ppmc_ctrl/speed_0_I_21_0_S0_0 undriven or
     does not drive anything - clipped.
Signal stm02/ppmc_reg_S118M_inst/inst_ppmc_ctrl/speed_0_I_21_0_COUT_0 undriven
     or does not drive anything - clipped.
Signal stm02/ppmc_reg_S118M_inst/inst_ppmc_ctrl/speed_0_I_33_0_S1_0 undriven or
     does not drive anything - clipped.
Signal stm02/ppmc_reg_S118M_inst/inst_ppmc_ctrl/speed_0_I_33_0_S0_0 undriven or
     does not drive anything - clipped.
Signal stm02/ppmc_reg_S118M_inst/inst_ppmc_ctrl/speed_0_I_27_0_S1_0 undriven or
     does not drive anything - clipped.
Signal stm02/ppmc_reg_S118M_inst/inst_ppmc_ctrl/speed_0_I_27_0_S0_0 undriven or
     does not drive anything - clipped.
Signal stm02/ppmc_reg_S118M_inst/inst_ppmc_ctrl/speed_0_I_9_0_S1_0 undriven or
     does not drive anything - clipped.
Signal stm02/ppmc_reg_S118M_inst/inst_ppmc_ctrl/speed_0_I_9_0_S0_0 undriven or
     does not drive anything - clipped.
Signal stm02/ppmc_reg_S118M_inst/inst_ppmc_ctrl/speed_0_I_1_0_S1_0 undriven or
     does not drive anything - clipped.
Signal stm02/ppmc_reg_S118M_inst/inst_ppmc_ctrl/speed_0_I_1_0_S0_0 undriven or
     does not drive anything - clipped.
Signal stm02/ppmc_reg_S118M_inst/inst_ppmc_ctrl/N_1 undriven or does not drive
     anything - clipped.
Signal stm02/ppmc_reg_S118M_inst/inst_ppmc_ctrl/un1_speed_0_I_21_0_S0_0 undriven
     or does not drive anything - clipped.
Signal stm02/ppmc_reg_S118M_inst/inst_ppmc_ctrl/un1_speed_0_I_21_0_COUT_0
     undriven or does not drive anything - clipped.
Signal stm02/ppmc_reg_S118M_inst/inst_ppmc_ctrl/un1_speed_0_I_33_0_S1_0 undriven
     or does not drive anything - clipped.
Signal stm02/ppmc_reg_S118M_inst/inst_ppmc_ctrl/un1_speed_0_I_33_0_S0_0 undriven
     or does not drive anything - clipped.
Signal stm02/ppmc_reg_S118M_inst/inst_ppmc_ctrl/un1_speed_0_I_27_0_S1_0 undriven
     or does not drive anything - clipped.
Signal stm02/ppmc_reg_S118M_inst/inst_ppmc_ctrl/un1_speed_0_I_27_0_S0_0 undriven
     or does not drive anything - clipped.
Signal stm02/ppmc_reg_S118M_inst/inst_ppmc_ctrl/un1_speed_0_I_9_0_S1_0 undriven

                                   Page 125




Design:  SP0557                                        Date:  02/28/26  21:16:30

Removed logic (cont)
--------------------
     or does not drive anything - clipped.
Signal stm02/ppmc_reg_S118M_inst/inst_ppmc_ctrl/un1_speed_0_I_9_0_S0_0 undriven
     or does not drive anything - clipped.
Signal stm02/ppmc_reg_S118M_inst/inst_ppmc_ctrl/un1_speed_0_I_1_0_S1_0 undriven
     or does not drive anything - clipped.
Signal stm02/ppmc_reg_S118M_inst/inst_ppmc_ctrl/un1_speed_0_I_1_0_S0_0 undriven
     or does not drive anything - clipped.
Signal stm02/ppmc_reg_S118M_inst/inst_ppmc_ctrl/N_6 undriven or does not drive
     anything - clipped.
Signal stm02/ppmc_reg_S118M_inst/inst_ppmc_ctrl/un6_more_flg_cry_15_0_S0_0
     undriven or does not drive anything - clipped.
Signal stm02/ppmc_reg_S118M_inst/inst_ppmc_ctrl/un6_more_flg_cry_15_0_COUT_0
     undriven or does not drive anything - clipped.
Signal stm02/ppmc_reg_S118M_inst/inst_ppmc_ctrl/un6_more_flg_cry_13_0_S1_0
     undriven or does not drive anything - clipped.
Signal stm02/ppmc_reg_S118M_inst/inst_ppmc_ctrl/un6_more_flg_cry_13_0_S0_0
     undriven or does not drive anything - clipped.
Signal stm02/ppmc_reg_S118M_inst/inst_ppmc_ctrl/un6_more_flg_cry_11_0_S1_0
     undriven or does not drive anything - clipped.
Signal stm02/ppmc_reg_S118M_inst/inst_ppmc_ctrl/un6_more_flg_cry_11_0_S0_0
     undriven or does not drive anything - clipped.
Signal stm02/ppmc_reg_S118M_inst/inst_ppmc_ctrl/un6_more_flg_cry_9_0_S1_0
     undriven or does not drive anything - clipped.
Signal stm02/ppmc_reg_S118M_inst/inst_ppmc_ctrl/un6_more_flg_cry_9_0_S0_0
     undriven or does not drive anything - clipped.
Signal stm02/ppmc_reg_S118M_inst/inst_ppmc_ctrl/un6_more_flg_cry_7_0_S1_0
     undriven or does not drive anything - clipped.
Signal stm02/ppmc_reg_S118M_inst/inst_ppmc_ctrl/un6_more_flg_cry_7_0_S0_0
     undriven or does not drive anything - clipped.
Signal stm02/ppmc_reg_S118M_inst/inst_ppmc_ctrl/un6_more_flg_cry_5_0_S1_0
     undriven or does not drive anything - clipped.
Signal stm02/ppmc_reg_S118M_inst/inst_ppmc_ctrl/un6_more_flg_cry_5_0_S0_0
     undriven or does not drive anything - clipped.
Signal stm02/ppmc_reg_S118M_inst/inst_ppmc_ctrl/un6_more_flg_cry_3_0_S1_0
     undriven or does not drive anything - clipped.
Signal stm02/ppmc_reg_S118M_inst/inst_ppmc_ctrl/un6_more_flg_cry_3_0_S0_0
     undriven or does not drive anything - clipped.
Signal stm02/ppmc_reg_S118M_inst/inst_ppmc_ctrl/un6_more_flg_cry_1_0_S1_0
     undriven or does not drive anything - clipped.
Signal stm02/ppmc_reg_S118M_inst/inst_ppmc_ctrl/un6_more_flg_cry_1_0_S0_0
     undriven or does not drive anything - clipped.
Signal stm02/ppmc_reg_S118M_inst/inst_ppmc_ctrl/un6_more_flg_cry_0_0_S1_0
     undriven or does not drive anything - clipped.
Signal stm02/ppmc_reg_S118M_inst/inst_ppmc_ctrl/un6_more_flg_cry_0_0_S0_0
     undriven or does not drive anything - clipped.
Signal stm02/ppmc_reg_S118M_inst/inst_ppmc_ctrl/N_7 undriven or does not drive
     anything - clipped.
Signal stm02/ppmc_reg_S118M_inst/inst_ppmc_ctrl/more_cnt_s_0_S1_0[15] undriven
     or does not drive anything - clipped.
Signal stm02/ppmc_reg_S118M_inst/inst_ppmc_ctrl/more_cnt_s_0_COUT_0[15] undriven
     or does not drive anything - clipped.
Signal stm02/ppmc_reg_S118M_inst/inst_ppmc_ctrl/more_cnt_cry_0_S0_0[0] undriven
     or does not drive anything - clipped.
Signal stm02/ppmc_reg_S118M_inst/inst_ppmc_ctrl/N_8 undriven or does not drive
     anything - clipped.
Signal stm02/ppmc_reg_S118M_inst/inst_ppmc_cmdchk/un13_command_hit_cry_15_0_S0_0

                                   Page 126




Design:  SP0557                                        Date:  02/28/26  21:16:30

Removed logic (cont)
--------------------
     undriven or does not drive anything - clipped.
Signal stm02/ppmc_reg_S118M_inst/inst_ppmc_cmdchk/un13_command_hit_cry_15_0_COUT
     _0 undriven or does not drive anything - clipped.
Signal stm02/ppmc_reg_S118M_inst/inst_ppmc_cmdchk/un13_command_hit_cry_13_0_S1_0
     undriven or does not drive anything - clipped.
Signal stm02/ppmc_reg_S118M_inst/inst_ppmc_cmdchk/un13_command_hit_cry_13_0_S0_0
     undriven or does not drive anything - clipped.
Signal stm02/ppmc_reg_S118M_inst/inst_ppmc_cmdchk/un13_command_hit_cry_11_0_S1_0
     undriven or does not drive anything - clipped.
Signal stm02/ppmc_reg_S118M_inst/inst_ppmc_cmdchk/un13_command_hit_cry_11_0_S0_0
     undriven or does not drive anything - clipped.
Signal stm02/ppmc_reg_S118M_inst/inst_ppmc_cmdchk/un13_command_hit_cry_9_0_S1_0
     undriven or does not drive anything - clipped.
Signal stm02/ppmc_reg_S118M_inst/inst_ppmc_cmdchk/un13_command_hit_cry_9_0_S0_0
     undriven or does not drive anything - clipped.
Signal stm02/ppmc_reg_S118M_inst/inst_ppmc_cmdchk/un13_command_hit_cry_7_0_S1_0
     undriven or does not drive anything - clipped.
Signal stm02/ppmc_reg_S118M_inst/inst_ppmc_cmdchk/un13_command_hit_cry_7_0_S0_0
     undriven or does not drive anything - clipped.
Signal stm02/ppmc_reg_S118M_inst/inst_ppmc_cmdchk/un13_command_hit_cry_5_0_S1_0
     undriven or does not drive anything - clipped.
Signal stm02/ppmc_reg_S118M_inst/inst_ppmc_cmdchk/un13_command_hit_cry_5_0_S0_0
     undriven or does not drive anything - clipped.
Signal stm02/ppmc_reg_S118M_inst/inst_ppmc_cmdchk/un13_command_hit_cry_3_0_S1_0
     undriven or does not drive anything - clipped.
Signal stm02/ppmc_reg_S118M_inst/inst_ppmc_cmdchk/un13_command_hit_cry_3_0_S0_0
     undriven or does not drive anything - clipped.
Signal stm02/ppmc_reg_S118M_inst/inst_ppmc_cmdchk/un13_command_hit_cry_1_0_S1_0
     undriven or does not drive anything - clipped.
Signal stm02/ppmc_reg_S118M_inst/inst_ppmc_cmdchk/un13_command_hit_cry_1_0_S0_0
     undriven or does not drive anything - clipped.
Signal stm02/ppmc_reg_S118M_inst/inst_ppmc_cmdchk/un13_command_hit_cry_0_0_S1_0
     undriven or does not drive anything - clipped.
Signal stm02/ppmc_reg_S118M_inst/inst_ppmc_cmdchk/un13_command_hit_cry_0_0_S0_0
     undriven or does not drive anything - clipped.
Signal stm02/ppmc_reg_S118M_inst/inst_ppmc_cmdchk/N_1 undriven or does not drive
     anything - clipped.
Signal stm03/ppmc_reg_S118M_inst/inst_ppmc_plsgen/ppmc_acc_tim_gen_inst/un2_reg_
     0_I_21_0_S0_1 undriven or does not drive anything - clipped.
Signal stm03/ppmc_reg_S118M_inst/inst_ppmc_plsgen/ppmc_acc_tim_gen_inst/un2_reg_
     0_I_21_0_COUT_1 undriven or does not drive anything - clipped.
Signal stm03/ppmc_reg_S118M_inst/inst_ppmc_plsgen/ppmc_acc_tim_gen_inst/un2_reg_
     0_I_33_0_S1_1 undriven or does not drive anything - clipped.
Signal stm03/ppmc_reg_S118M_inst/inst_ppmc_plsgen/ppmc_acc_tim_gen_inst/un2_reg_
     0_I_33_0_S0_1 undriven or does not drive anything - clipped.
Signal stm03/ppmc_reg_S118M_inst/inst_ppmc_plsgen/ppmc_acc_tim_gen_inst/un2_reg_
     0_I_27_0_S1_1 undriven or does not drive anything - clipped.
Signal stm03/ppmc_reg_S118M_inst/inst_ppmc_plsgen/ppmc_acc_tim_gen_inst/un2_reg_
     0_I_27_0_S0_1 undriven or does not drive anything - clipped.
Signal stm03/ppmc_reg_S118M_inst/inst_ppmc_plsgen/ppmc_acc_tim_gen_inst/un2_reg_
     0_I_9_0_S1_1 undriven or does not drive anything - clipped.
Signal stm03/ppmc_reg_S118M_inst/inst_ppmc_plsgen/ppmc_acc_tim_gen_inst/un2_reg_
     0_I_9_0_S0_1 undriven or does not drive anything - clipped.
Signal stm03/ppmc_reg_S118M_inst/inst_ppmc_plsgen/ppmc_acc_tim_gen_inst/un2_reg_
     0_I_1_0_S1_1 undriven or does not drive anything - clipped.
Signal stm03/ppmc_reg_S118M_inst/inst_ppmc_plsgen/ppmc_acc_tim_gen_inst/un2_reg_

                                   Page 127




Design:  SP0557                                        Date:  02/28/26  21:16:30

Removed logic (cont)
--------------------
     0_I_1_0_S0_1 undriven or does not drive anything - clipped.
Signal stm03/ppmc_reg_S118M_inst/inst_ppmc_plsgen/ppmc_acc_tim_gen_inst/N_1
     undriven or does not drive anything - clipped.
Signal stm03/ppmc_reg_S118M_inst/inst_ppmc_plsgen/ppmc_acc_tim_gen_inst/reg_s_0_
     S1_3[15] undriven or does not drive anything - clipped.
Signal stm03/ppmc_reg_S118M_inst/inst_ppmc_plsgen/ppmc_acc_tim_gen_inst/reg_s_0_
     COUT_3[15] undriven or does not drive anything - clipped.
Signal stm03/ppmc_reg_S118M_inst/inst_ppmc_plsgen/ppmc_acc_tim_gen_inst/reg_cry_
     0_S0_3[0] undriven or does not drive anything - clipped.
Signal stm03/ppmc_reg_S118M_inst/inst_ppmc_plsgen/ppmc_acc_tim_gen_inst/N_2
     undriven or does not drive anything - clipped.
Signal stm03/ppmc_reg_S118M_inst/inst_ppmc_plsgen/ppmc_speed_cnt_inst/un2_acc_pu
     lse_cry_15_0_S0_1 undriven or does not drive anything - clipped.
Signal stm03/ppmc_reg_S118M_inst/inst_ppmc_plsgen/ppmc_speed_cnt_inst/un2_acc_pu
     lse_cry_15_0_COUT_1 undriven or does not drive anything - clipped.
Signal stm03/ppmc_reg_S118M_inst/inst_ppmc_plsgen/ppmc_speed_cnt_inst/un2_acc_pu
     lse_cry_13_0_S1_1 undriven or does not drive anything - clipped.
Signal stm03/ppmc_reg_S118M_inst/inst_ppmc_plsgen/ppmc_speed_cnt_inst/un2_acc_pu
     lse_cry_13_0_S0_1 undriven or does not drive anything - clipped.
Signal stm03/ppmc_reg_S118M_inst/inst_ppmc_plsgen/ppmc_speed_cnt_inst/un2_acc_pu
     lse_cry_11_0_S1_1 undriven or does not drive anything - clipped.
Signal stm03/ppmc_reg_S118M_inst/inst_ppmc_plsgen/ppmc_speed_cnt_inst/un2_acc_pu
     lse_cry_11_0_S0_1 undriven or does not drive anything - clipped.
Signal stm03/ppmc_reg_S118M_inst/inst_ppmc_plsgen/ppmc_speed_cnt_inst/un2_acc_pu
     lse_cry_9_0_S1_1 undriven or does not drive anything - clipped.
Signal stm03/ppmc_reg_S118M_inst/inst_ppmc_plsgen/ppmc_speed_cnt_inst/un2_acc_pu
     lse_cry_9_0_S0_1 undriven or does not drive anything - clipped.
Signal stm03/ppmc_reg_S118M_inst/inst_ppmc_plsgen/ppmc_speed_cnt_inst/un2_acc_pu
     lse_cry_7_0_S1_1 undriven or does not drive anything - clipped.
Signal stm03/ppmc_reg_S118M_inst/inst_ppmc_plsgen/ppmc_speed_cnt_inst/un2_acc_pu
     lse_cry_7_0_S0_1 undriven or does not drive anything - clipped.
Signal stm03/ppmc_reg_S118M_inst/inst_ppmc_plsgen/ppmc_speed_cnt_inst/un2_acc_pu
     lse_cry_5_0_S1_1 undriven or does not drive anything - clipped.
Signal stm03/ppmc_reg_S118M_inst/inst_ppmc_plsgen/ppmc_speed_cnt_inst/un2_acc_pu
     lse_cry_5_0_S0_1 undriven or does not drive anything - clipped.
Signal stm03/ppmc_reg_S118M_inst/inst_ppmc_plsgen/ppmc_speed_cnt_inst/un2_acc_pu
     lse_cry_3_0_S1_1 undriven or does not drive anything - clipped.
Signal stm03/ppmc_reg_S118M_inst/inst_ppmc_plsgen/ppmc_speed_cnt_inst/un2_acc_pu
     lse_cry_3_0_S0_1 undriven or does not drive anything - clipped.
Signal stm03/ppmc_reg_S118M_inst/inst_ppmc_plsgen/ppmc_speed_cnt_inst/un2_acc_pu
     lse_cry_1_0_S1_1 undriven or does not drive anything - clipped.
Signal stm03/ppmc_reg_S118M_inst/inst_ppmc_plsgen/ppmc_speed_cnt_inst/un2_acc_pu
     lse_cry_1_0_S0_1 undriven or does not drive anything - clipped.
Signal stm03/ppmc_reg_S118M_inst/inst_ppmc_plsgen/ppmc_speed_cnt_inst/un2_acc_pu
     lse_cry_0_0_S1_1 undriven or does not drive anything - clipped.
Signal stm03/ppmc_reg_S118M_inst/inst_ppmc_plsgen/ppmc_speed_cnt_inst/un2_acc_pu
     lse_cry_0_0_S0_1 undriven or does not drive anything - clipped.
Signal stm03/ppmc_reg_S118M_inst/inst_ppmc_plsgen/ppmc_speed_cnt_inst/N_6
     undriven or does not drive anything - clipped.
Signal stm03/ppmc_reg_S118M_inst/inst_ppmc_plsgen/ppmc_speed_cnt_inst/un8_acc_pu
     lse_cry_15_0_S0_1 undriven or does not drive anything - clipped.
Signal stm03/ppmc_reg_S118M_inst/inst_ppmc_plsgen/ppmc_speed_cnt_inst/un8_acc_pu
     lse_cry_15_0_COUT_1 undriven or does not drive anything - clipped.
Signal stm03/ppmc_reg_S118M_inst/inst_ppmc_plsgen/ppmc_speed_cnt_inst/un8_acc_pu
     lse_cry_13_0_S1_1 undriven or does not drive anything - clipped.
Signal stm03/ppmc_reg_S118M_inst/inst_ppmc_plsgen/ppmc_speed_cnt_inst/un8_acc_pu

                                   Page 128




Design:  SP0557                                        Date:  02/28/26  21:16:30

Removed logic (cont)
--------------------
     lse_cry_13_0_S0_1 undriven or does not drive anything - clipped.
Signal stm03/ppmc_reg_S118M_inst/inst_ppmc_plsgen/ppmc_speed_cnt_inst/un8_acc_pu
     lse_cry_11_0_S1_1 undriven or does not drive anything - clipped.
Signal stm03/ppmc_reg_S118M_inst/inst_ppmc_plsgen/ppmc_speed_cnt_inst/un8_acc_pu
     lse_cry_11_0_S0_1 undriven or does not drive anything - clipped.
Signal stm03/ppmc_reg_S118M_inst/inst_ppmc_plsgen/ppmc_speed_cnt_inst/un8_acc_pu
     lse_cry_9_0_S1_1 undriven or does not drive anything - clipped.
Signal stm03/ppmc_reg_S118M_inst/inst_ppmc_plsgen/ppmc_speed_cnt_inst/un8_acc_pu
     lse_cry_9_0_S0_1 undriven or does not drive anything - clipped.
Signal stm03/ppmc_reg_S118M_inst/inst_ppmc_plsgen/ppmc_speed_cnt_inst/un8_acc_pu
     lse_cry_7_0_S1_1 undriven or does not drive anything - clipped.
Signal stm03/ppmc_reg_S118M_inst/inst_ppmc_plsgen/ppmc_speed_cnt_inst/un8_acc_pu
     lse_cry_7_0_S0_1 undriven or does not drive anything - clipped.
Signal stm03/ppmc_reg_S118M_inst/inst_ppmc_plsgen/ppmc_speed_cnt_inst/un8_acc_pu
     lse_cry_5_0_S1_1 undriven or does not drive anything - clipped.
Signal stm03/ppmc_reg_S118M_inst/inst_ppmc_plsgen/ppmc_speed_cnt_inst/un8_acc_pu
     lse_cry_5_0_S0_1 undriven or does not drive anything - clipped.
Signal stm03/ppmc_reg_S118M_inst/inst_ppmc_plsgen/ppmc_speed_cnt_inst/un8_acc_pu
     lse_cry_3_0_S1_1 undriven or does not drive anything - clipped.
Signal stm03/ppmc_reg_S118M_inst/inst_ppmc_plsgen/ppmc_speed_cnt_inst/un8_acc_pu
     lse_cry_3_0_S0_1 undriven or does not drive anything - clipped.
Signal stm03/ppmc_reg_S118M_inst/inst_ppmc_plsgen/ppmc_speed_cnt_inst/un8_acc_pu
     lse_cry_1_0_S1_1 undriven or does not drive anything - clipped.
Signal stm03/ppmc_reg_S118M_inst/inst_ppmc_plsgen/ppmc_speed_cnt_inst/un8_acc_pu
     lse_cry_1_0_S0_1 undriven or does not drive anything - clipped.
Signal stm03/ppmc_reg_S118M_inst/inst_ppmc_plsgen/ppmc_speed_cnt_inst/un8_acc_pu
     lse_cry_0_0_S1_1 undriven or does not drive anything - clipped.
Signal stm03/ppmc_reg_S118M_inst/inst_ppmc_plsgen/ppmc_speed_cnt_inst/un8_acc_pu
     lse_cry_0_0_S0_1 undriven or does not drive anything - clipped.
Signal stm03/ppmc_reg_S118M_inst/inst_ppmc_plsgen/ppmc_speed_cnt_inst/N_7
     undriven or does not drive anything - clipped.
Signal stm03/ppmc_reg_S118M_inst/inst_ppmc_plsgen/ppmc_speed_cnt_inst/reg_cry_0_
     COUT_1[14] undriven or does not drive anything - clipped.
Signal stm03/ppmc_reg_S118M_inst/inst_ppmc_plsgen/ppmc_speed_cnt_inst/reg_lcry_0
     _S1_1 undriven or does not drive anything - clipped.
Signal stm03/ppmc_reg_S118M_inst/inst_ppmc_plsgen/ppmc_speed_cnt_inst/reg_lcry_0
     _S0_1 undriven or does not drive anything - clipped.
Signal stm03/ppmc_reg_S118M_inst/inst_ppmc_plsgen/ppmc_speed_cnt_inst/N_8
     undriven or does not drive anything - clipped.
Signal stm03/ppmc_reg_S118M_inst/inst_ppmc_plsgen/ppmc_timer_cnt_inst/un5_pulse_
     clk_cry_18_0_S1_1 undriven or does not drive anything - clipped.
Signal stm03/ppmc_reg_S118M_inst/inst_ppmc_plsgen/ppmc_timer_cnt_inst/un5_pulse_
     clk_cry_18_0_COUT_1 undriven or does not drive anything - clipped.
Signal stm03/ppmc_reg_S118M_inst/inst_ppmc_plsgen/ppmc_timer_cnt_inst/un5_pulse_
     clk_cry_17_0_S1_1 undriven or does not drive anything - clipped.
Signal stm03/ppmc_reg_S118M_inst/inst_ppmc_plsgen/ppmc_timer_cnt_inst/un5_pulse_
     clk_cry_17_0_S0_1 undriven or does not drive anything - clipped.
Signal stm03/ppmc_reg_S118M_inst/inst_ppmc_plsgen/ppmc_timer_cnt_inst/un5_pulse_
     clk_cry_15_0_S1_1 undriven or does not drive anything - clipped.
Signal stm03/ppmc_reg_S118M_inst/inst_ppmc_plsgen/ppmc_timer_cnt_inst/un5_pulse_
     clk_cry_15_0_S0_1 undriven or does not drive anything - clipped.
Signal stm03/ppmc_reg_S118M_inst/inst_ppmc_plsgen/ppmc_timer_cnt_inst/un5_pulse_
     clk_cry_13_0_S1_1 undriven or does not drive anything - clipped.
Signal stm03/ppmc_reg_S118M_inst/inst_ppmc_plsgen/ppmc_timer_cnt_inst/un5_pulse_
     clk_cry_13_0_S0_1 undriven or does not drive anything - clipped.
Signal stm03/ppmc_reg_S118M_inst/inst_ppmc_plsgen/ppmc_timer_cnt_inst/un5_pulse_

                                   Page 129




Design:  SP0557                                        Date:  02/28/26  21:16:30

Removed logic (cont)
--------------------
     clk_cry_11_0_S1_1 undriven or does not drive anything - clipped.
Signal stm03/ppmc_reg_S118M_inst/inst_ppmc_plsgen/ppmc_timer_cnt_inst/un5_pulse_
     clk_cry_11_0_S0_1 undriven or does not drive anything - clipped.
Signal stm03/ppmc_reg_S118M_inst/inst_ppmc_plsgen/ppmc_timer_cnt_inst/un5_pulse_
     clk_cry_9_0_S1_1 undriven or does not drive anything - clipped.
Signal stm03/ppmc_reg_S118M_inst/inst_ppmc_plsgen/ppmc_timer_cnt_inst/un5_pulse_
     clk_cry_9_0_S0_1 undriven or does not drive anything - clipped.
Signal stm03/ppmc_reg_S118M_inst/inst_ppmc_plsgen/ppmc_timer_cnt_inst/un5_pulse_
     clk_cry_7_0_S1_1 undriven or does not drive anything - clipped.
Signal stm03/ppmc_reg_S118M_inst/inst_ppmc_plsgen/ppmc_timer_cnt_inst/un5_pulse_
     clk_cry_7_0_S0_1 undriven or does not drive anything - clipped.
Signal stm03/ppmc_reg_S118M_inst/inst_ppmc_plsgen/ppmc_timer_cnt_inst/un5_pulse_
     clk_cry_5_0_S1_1 undriven or does not drive anything - clipped.
Signal stm03/ppmc_reg_S118M_inst/inst_ppmc_plsgen/ppmc_timer_cnt_inst/un5_pulse_
     clk_cry_5_0_S0_1 undriven or does not drive anything - clipped.
Signal stm03/ppmc_reg_S118M_inst/inst_ppmc_plsgen/ppmc_timer_cnt_inst/un5_pulse_
     clk_cry_3_0_S1_1 undriven or does not drive anything - clipped.
Signal stm03/ppmc_reg_S118M_inst/inst_ppmc_plsgen/ppmc_timer_cnt_inst/un5_pulse_
     clk_cry_3_0_S0_1 undriven or does not drive anything - clipped.
Signal stm03/ppmc_reg_S118M_inst/inst_ppmc_plsgen/ppmc_timer_cnt_inst/un5_pulse_
     clk_cry_1_0_S1_1 undriven or does not drive anything - clipped.
Signal stm03/ppmc_reg_S118M_inst/inst_ppmc_plsgen/ppmc_timer_cnt_inst/un5_pulse_
     clk_cry_1_0_S0_1 undriven or does not drive anything - clipped.
Signal stm03/ppmc_reg_S118M_inst/inst_ppmc_plsgen/ppmc_timer_cnt_inst/un5_pulse_
     clk_cry_0_0_S1_1 undriven or does not drive anything - clipped.
Signal stm03/ppmc_reg_S118M_inst/inst_ppmc_plsgen/ppmc_timer_cnt_inst/un5_pulse_
     clk_cry_0_0_S0_1 undriven or does not drive anything - clipped.
Signal stm03/ppmc_reg_S118M_inst/inst_ppmc_plsgen/ppmc_timer_cnt_inst/N_1
     undriven or does not drive anything - clipped.
Signal stm03/ppmc_reg_S118M_inst/inst_ppmc_plsgen/ppmc_timer_cnt_inst/un1_reg_2_
     cry_17_0_COUT_1 undriven or does not drive anything - clipped.
Signal stm03/ppmc_reg_S118M_inst/inst_ppmc_plsgen/ppmc_timer_cnt_inst/un1_reg_2_
     cry_0_0_S1_1 undriven or does not drive anything - clipped.
Signal stm03/ppmc_reg_S118M_inst/inst_ppmc_plsgen/ppmc_timer_cnt_inst/un1_reg_2_
     cry_0_0_S0_1 undriven or does not drive anything - clipped.
Signal stm03/ppmc_reg_S118M_inst/inst_ppmc_plsgen/ppmc_timer_cnt_inst/N_2
     undriven or does not drive anything - clipped.
Signal stm03/ppmc_reg_S118M_inst/inst_ppmc_plsgen/ppmc_timer_cnt_inst/un1_reg_2_
     4_cry_17_COUT_1 undriven or does not drive anything - clipped.
Signal stm03/ppmc_reg_S118M_inst/inst_ppmc_plsgen/ppmc_timer_cnt_inst/un1_reg_2_
     4_cry_0_S1_1 undriven or does not drive anything - clipped.
Signal stm03/ppmc_reg_S118M_inst/inst_ppmc_plsgen/ppmc_timer_cnt_inst/un1_reg_2_
     4_cry_0_S0_1 undriven or does not drive anything - clipped.
Signal stm03/ppmc_reg_S118M_inst/inst_ppmc_plsgen/ppmc_timer_cnt_inst/N_3
     undriven or does not drive anything - clipped.
Signal stm03/ppmc_reg_S118M_inst/inst_ppmc_plsgen/ppmc_pls_cnt_inst/un4_o_slow_0
     _I_21_0_S0_1 undriven or does not drive anything - clipped.
Signal stm03/ppmc_reg_S118M_inst/inst_ppmc_plsgen/ppmc_pls_cnt_inst/un4_o_slow_0
     _I_21_0_COUT_1 undriven or does not drive anything - clipped.
Signal stm03/ppmc_reg_S118M_inst/inst_ppmc_plsgen/ppmc_pls_cnt_inst/un4_o_slow_0
     _I_33_0_S1_1 undriven or does not drive anything - clipped.
Signal stm03/ppmc_reg_S118M_inst/inst_ppmc_plsgen/ppmc_pls_cnt_inst/un4_o_slow_0
     _I_33_0_S0_1 undriven or does not drive anything - clipped.
Signal stm03/ppmc_reg_S118M_inst/inst_ppmc_plsgen/ppmc_pls_cnt_inst/un4_o_slow_0
     _I_27_0_S1_1 undriven or does not drive anything - clipped.
Signal stm03/ppmc_reg_S118M_inst/inst_ppmc_plsgen/ppmc_pls_cnt_inst/un4_o_slow_0

                                   Page 130




Design:  SP0557                                        Date:  02/28/26  21:16:30

Removed logic (cont)
--------------------
     _I_27_0_S0_1 undriven or does not drive anything - clipped.
Signal stm03/ppmc_reg_S118M_inst/inst_ppmc_plsgen/ppmc_pls_cnt_inst/un4_o_slow_0
     _I_9_0_S1_1 undriven or does not drive anything - clipped.
Signal stm03/ppmc_reg_S118M_inst/inst_ppmc_plsgen/ppmc_pls_cnt_inst/un4_o_slow_0
     _I_9_0_S0_1 undriven or does not drive anything - clipped.
Signal stm03/ppmc_reg_S118M_inst/inst_ppmc_plsgen/ppmc_pls_cnt_inst/un4_o_slow_0
     _I_1_0_S1_1 undriven or does not drive anything - clipped.
Signal stm03/ppmc_reg_S118M_inst/inst_ppmc_plsgen/ppmc_pls_cnt_inst/un4_o_slow_0
     _I_1_0_S0_1 undriven or does not drive anything - clipped.
Signal stm03/ppmc_reg_S118M_inst/inst_ppmc_plsgen/ppmc_pls_cnt_inst/N_1 undriven
     or does not drive anything - clipped.
Signal stm03/ppmc_reg_S118M_inst/inst_ppmc_plsgen/ppmc_pls_cnt_inst/un5_pout_cry
     _7_0_S0_1 undriven or does not drive anything - clipped.
Signal stm03/ppmc_reg_S118M_inst/inst_ppmc_plsgen/ppmc_pls_cnt_inst/un5_pout_cry
     _7_0_COUT_1 undriven or does not drive anything - clipped.
Signal stm03/ppmc_reg_S118M_inst/inst_ppmc_plsgen/ppmc_pls_cnt_inst/un5_pout_cry
     _5_0_S1_1 undriven or does not drive anything - clipped.
Signal stm03/ppmc_reg_S118M_inst/inst_ppmc_plsgen/ppmc_pls_cnt_inst/un5_pout_cry
     _5_0_S0_1 undriven or does not drive anything - clipped.
Signal stm03/ppmc_reg_S118M_inst/inst_ppmc_plsgen/ppmc_pls_cnt_inst/un5_pout_cry
     _3_0_S1_1 undriven or does not drive anything - clipped.
Signal stm03/ppmc_reg_S118M_inst/inst_ppmc_plsgen/ppmc_pls_cnt_inst/un5_pout_cry
     _3_0_S0_1 undriven or does not drive anything - clipped.
Signal stm03/ppmc_reg_S118M_inst/inst_ppmc_plsgen/ppmc_pls_cnt_inst/un5_pout_cry
     _1_0_S1_1 undriven or does not drive anything - clipped.
Signal stm03/ppmc_reg_S118M_inst/inst_ppmc_plsgen/ppmc_pls_cnt_inst/un5_pout_cry
     _1_0_S0_1 undriven or does not drive anything - clipped.
Signal stm03/ppmc_reg_S118M_inst/inst_ppmc_plsgen/ppmc_pls_cnt_inst/un5_pout_cry
     _0_0_S1_1 undriven or does not drive anything - clipped.
Signal stm03/ppmc_reg_S118M_inst/inst_ppmc_plsgen/ppmc_pls_cnt_inst/un5_pout_cry
     _0_0_S0_1 undriven or does not drive anything - clipped.
Signal stm03/ppmc_reg_S118M_inst/inst_ppmc_plsgen/ppmc_pls_cnt_inst/N_2 undriven
     or does not drive anything - clipped.
Signal stm03/ppmc_reg_S118M_inst/inst_ppmc_plsgen/ppmc_pls_cnt_inst/un2_s_slow_c
     ry_15_0_S0_1 undriven or does not drive anything - clipped.
Signal stm03/ppmc_reg_S118M_inst/inst_ppmc_plsgen/ppmc_pls_cnt_inst/un2_s_slow_c
     ry_15_0_COUT_1 undriven or does not drive anything - clipped.
Signal stm03/ppmc_reg_S118M_inst/inst_ppmc_plsgen/ppmc_pls_cnt_inst/un2_s_slow_c
     ry_13_0_S1_1 undriven or does not drive anything - clipped.
Signal stm03/ppmc_reg_S118M_inst/inst_ppmc_plsgen/ppmc_pls_cnt_inst/un2_s_slow_c
     ry_13_0_S0_1 undriven or does not drive anything - clipped.
Signal stm03/ppmc_reg_S118M_inst/inst_ppmc_plsgen/ppmc_pls_cnt_inst/un2_s_slow_c
     ry_11_0_S1_1 undriven or does not drive anything - clipped.
Signal stm03/ppmc_reg_S118M_inst/inst_ppmc_plsgen/ppmc_pls_cnt_inst/un2_s_slow_c
     ry_11_0_S0_1 undriven or does not drive anything - clipped.
Signal stm03/ppmc_reg_S118M_inst/inst_ppmc_plsgen/ppmc_pls_cnt_inst/un2_s_slow_c
     ry_9_0_S1_1 undriven or does not drive anything - clipped.
Signal stm03/ppmc_reg_S118M_inst/inst_ppmc_plsgen/ppmc_pls_cnt_inst/un2_s_slow_c
     ry_9_0_S0_1 undriven or does not drive anything - clipped.
Signal stm03/ppmc_reg_S118M_inst/inst_ppmc_plsgen/ppmc_pls_cnt_inst/un2_s_slow_c
     ry_7_0_S1_1 undriven or does not drive anything - clipped.
Signal stm03/ppmc_reg_S118M_inst/inst_ppmc_plsgen/ppmc_pls_cnt_inst/un2_s_slow_c
     ry_7_0_S0_1 undriven or does not drive anything - clipped.
Signal stm03/ppmc_reg_S118M_inst/inst_ppmc_plsgen/ppmc_pls_cnt_inst/un2_s_slow_c
     ry_5_0_S1_1 undriven or does not drive anything - clipped.
Signal stm03/ppmc_reg_S118M_inst/inst_ppmc_plsgen/ppmc_pls_cnt_inst/un2_s_slow_c

                                   Page 131




Design:  SP0557                                        Date:  02/28/26  21:16:30

Removed logic (cont)
--------------------
     ry_5_0_S0_1 undriven or does not drive anything - clipped.
Signal stm03/ppmc_reg_S118M_inst/inst_ppmc_plsgen/ppmc_pls_cnt_inst/un2_s_slow_c
     ry_3_0_S1_1 undriven or does not drive anything - clipped.
Signal stm03/ppmc_reg_S118M_inst/inst_ppmc_plsgen/ppmc_pls_cnt_inst/un2_s_slow_c
     ry_3_0_S0_1 undriven or does not drive anything - clipped.
Signal stm03/ppmc_reg_S118M_inst/inst_ppmc_plsgen/ppmc_pls_cnt_inst/un2_s_slow_c
     ry_1_0_S1_1 undriven or does not drive anything - clipped.
Signal stm03/ppmc_reg_S118M_inst/inst_ppmc_plsgen/ppmc_pls_cnt_inst/un2_s_slow_c
     ry_1_0_S0_1 undriven or does not drive anything - clipped.
Signal stm03/ppmc_reg_S118M_inst/inst_ppmc_plsgen/ppmc_pls_cnt_inst/un2_s_slow_c
     ry_0_0_S1_1 undriven or does not drive anything - clipped.
Signal stm03/ppmc_reg_S118M_inst/inst_ppmc_plsgen/ppmc_pls_cnt_inst/un2_s_slow_c
     ry_0_0_S0_1 undriven or does not drive anything - clipped.
Signal stm03/ppmc_reg_S118M_inst/inst_ppmc_plsgen/ppmc_pls_cnt_inst/N_3 undriven
     or does not drive anything - clipped.
Signal stm03/ppmc_reg_S118M_inst/inst_ppmc_plsgen/ppmc_pls_cnt_inst/reg_s_0_S1_4
     [15] undriven or does not drive anything - clipped.
Signal stm03/ppmc_reg_S118M_inst/inst_ppmc_plsgen/ppmc_pls_cnt_inst/reg_s_0_COUT
     _4[15] undriven or does not drive anything - clipped.
Signal stm03/ppmc_reg_S118M_inst/inst_ppmc_plsgen/ppmc_pls_cnt_inst/reg_cry_0_S0
     _4[0] undriven or does not drive anything - clipped.
Signal stm03/ppmc_reg_S118M_inst/inst_ppmc_plsgen/ppmc_pls_cnt_inst/N_4 undriven
     or does not drive anything - clipped.
Signal stm03/ppmc_reg_S118M_inst/inst_ppmc_plsgen/ppmc_pls_cnt_inst/pre_pulse_s_
     0_S1_1[7] undriven or does not drive anything - clipped.
Signal stm03/ppmc_reg_S118M_inst/inst_ppmc_plsgen/ppmc_pls_cnt_inst/pre_pulse_s_
     0_COUT_1[7] undriven or does not drive anything - clipped.
Signal stm03/ppmc_reg_S118M_inst/inst_ppmc_plsgen/ppmc_pls_cnt_inst/pre_pulse_cr
     y_0_S0_1[0] undriven or does not drive anything - clipped.
Signal stm03/ppmc_reg_S118M_inst/inst_ppmc_plsgen/ppmc_pls_cnt_inst/N_5 undriven
     or does not drive anything - clipped.
Signal stm03/ppmc_reg_S118M_inst/inst_ppmc_enblr/enb_wait_cnt_s_0_S1_1[13]
     undriven or does not drive anything - clipped.
Signal stm03/ppmc_reg_S118M_inst/inst_ppmc_enblr/enb_wait_cnt_s_0_COUT_1[13]
     undriven or does not drive anything - clipped.
Signal stm03/ppmc_reg_S118M_inst/inst_ppmc_enblr/enb_wait_cnt_cry_0_S0_1[0]
     undriven or does not drive anything - clipped.
Signal stm03/ppmc_reg_S118M_inst/inst_ppmc_enblr/N_1 undriven or does not drive
     anything - clipped.
Signal stm03/ppmc_reg_S118M_inst/inst_ppmc_ctrl/speed_0_I_21_0_S0_1 undriven or
     does not drive anything - clipped.
Signal stm03/ppmc_reg_S118M_inst/inst_ppmc_ctrl/speed_0_I_21_0_COUT_1 undriven
     or does not drive anything - clipped.
Signal stm03/ppmc_reg_S118M_inst/inst_ppmc_ctrl/speed_0_I_33_0_S1_1 undriven or
     does not drive anything - clipped.
Signal stm03/ppmc_reg_S118M_inst/inst_ppmc_ctrl/speed_0_I_33_0_S0_1 undriven or
     does not drive anything - clipped.
Signal stm03/ppmc_reg_S118M_inst/inst_ppmc_ctrl/speed_0_I_27_0_S1_1 undriven or
     does not drive anything - clipped.
Signal stm03/ppmc_reg_S118M_inst/inst_ppmc_ctrl/speed_0_I_27_0_S0_1 undriven or
     does not drive anything - clipped.
Signal stm03/ppmc_reg_S118M_inst/inst_ppmc_ctrl/speed_0_I_9_0_S1_1 undriven or
     does not drive anything - clipped.
Signal stm03/ppmc_reg_S118M_inst/inst_ppmc_ctrl/speed_0_I_9_0_S0_1 undriven or
     does not drive anything - clipped.
Signal stm03/ppmc_reg_S118M_inst/inst_ppmc_ctrl/speed_0_I_1_0_S1_1 undriven or

                                   Page 132




Design:  SP0557                                        Date:  02/28/26  21:16:30

Removed logic (cont)
--------------------
     does not drive anything - clipped.
Signal stm03/ppmc_reg_S118M_inst/inst_ppmc_ctrl/speed_0_I_1_0_S0_1 undriven or
     does not drive anything - clipped.
Signal stm03/ppmc_reg_S118M_inst/inst_ppmc_ctrl/N_1 undriven or does not drive
     anything - clipped.
Signal stm03/ppmc_reg_S118M_inst/inst_ppmc_ctrl/un1_speed_0_I_21_0_S0_1 undriven
     or does not drive anything - clipped.
Signal stm03/ppmc_reg_S118M_inst/inst_ppmc_ctrl/un1_speed_0_I_21_0_COUT_1
     undriven or does not drive anything - clipped.
Signal stm03/ppmc_reg_S118M_inst/inst_ppmc_ctrl/un1_speed_0_I_33_0_S1_1 undriven
     or does not drive anything - clipped.
Signal stm03/ppmc_reg_S118M_inst/inst_ppmc_ctrl/un1_speed_0_I_33_0_S0_1 undriven
     or does not drive anything - clipped.
Signal stm03/ppmc_reg_S118M_inst/inst_ppmc_ctrl/un1_speed_0_I_27_0_S1_1 undriven
     or does not drive anything - clipped.
Signal stm03/ppmc_reg_S118M_inst/inst_ppmc_ctrl/un1_speed_0_I_27_0_S0_1 undriven
     or does not drive anything - clipped.
Signal stm03/ppmc_reg_S118M_inst/inst_ppmc_ctrl/un1_speed_0_I_9_0_S1_1 undriven
     or does not drive anything - clipped.
Signal stm03/ppmc_reg_S118M_inst/inst_ppmc_ctrl/un1_speed_0_I_9_0_S0_1 undriven
     or does not drive anything - clipped.
Signal stm03/ppmc_reg_S118M_inst/inst_ppmc_ctrl/un1_speed_0_I_1_0_S1_1 undriven
     or does not drive anything - clipped.
Signal stm03/ppmc_reg_S118M_inst/inst_ppmc_ctrl/un1_speed_0_I_1_0_S0_1 undriven
     or does not drive anything - clipped.
Signal stm03/ppmc_reg_S118M_inst/inst_ppmc_ctrl/N_6 undriven or does not drive
     anything - clipped.
Signal stm03/ppmc_reg_S118M_inst/inst_ppmc_ctrl/un6_more_flg_cry_15_0_S0_1
     undriven or does not drive anything - clipped.
Signal stm03/ppmc_reg_S118M_inst/inst_ppmc_ctrl/un6_more_flg_cry_15_0_COUT_1
     undriven or does not drive anything - clipped.
Signal stm03/ppmc_reg_S118M_inst/inst_ppmc_ctrl/un6_more_flg_cry_13_0_S1_1
     undriven or does not drive anything - clipped.
Signal stm03/ppmc_reg_S118M_inst/inst_ppmc_ctrl/un6_more_flg_cry_13_0_S0_1
     undriven or does not drive anything - clipped.
Signal stm03/ppmc_reg_S118M_inst/inst_ppmc_ctrl/un6_more_flg_cry_11_0_S1_1
     undriven or does not drive anything - clipped.
Signal stm03/ppmc_reg_S118M_inst/inst_ppmc_ctrl/un6_more_flg_cry_11_0_S0_1
     undriven or does not drive anything - clipped.
Signal stm03/ppmc_reg_S118M_inst/inst_ppmc_ctrl/un6_more_flg_cry_9_0_S1_1
     undriven or does not drive anything - clipped.
Signal stm03/ppmc_reg_S118M_inst/inst_ppmc_ctrl/un6_more_flg_cry_9_0_S0_1
     undriven or does not drive anything - clipped.
Signal stm03/ppmc_reg_S118M_inst/inst_ppmc_ctrl/un6_more_flg_cry_7_0_S1_1
     undriven or does not drive anything - clipped.
Signal stm03/ppmc_reg_S118M_inst/inst_ppmc_ctrl/un6_more_flg_cry_7_0_S0_1
     undriven or does not drive anything - clipped.
Signal stm03/ppmc_reg_S118M_inst/inst_ppmc_ctrl/un6_more_flg_cry_5_0_S1_1
     undriven or does not drive anything - clipped.
Signal stm03/ppmc_reg_S118M_inst/inst_ppmc_ctrl/un6_more_flg_cry_5_0_S0_1
     undriven or does not drive anything - clipped.
Signal stm03/ppmc_reg_S118M_inst/inst_ppmc_ctrl/un6_more_flg_cry_3_0_S1_1
     undriven or does not drive anything - clipped.
Signal stm03/ppmc_reg_S118M_inst/inst_ppmc_ctrl/un6_more_flg_cry_3_0_S0_1
     undriven or does not drive anything - clipped.
Signal stm03/ppmc_reg_S118M_inst/inst_ppmc_ctrl/un6_more_flg_cry_1_0_S1_1

                                   Page 133




Design:  SP0557                                        Date:  02/28/26  21:16:30

Removed logic (cont)
--------------------
     undriven or does not drive anything - clipped.
Signal stm03/ppmc_reg_S118M_inst/inst_ppmc_ctrl/un6_more_flg_cry_1_0_S0_1
     undriven or does not drive anything - clipped.
Signal stm03/ppmc_reg_S118M_inst/inst_ppmc_ctrl/un6_more_flg_cry_0_0_S1_1
     undriven or does not drive anything - clipped.
Signal stm03/ppmc_reg_S118M_inst/inst_ppmc_ctrl/un6_more_flg_cry_0_0_S0_1
     undriven or does not drive anything - clipped.
Signal stm03/ppmc_reg_S118M_inst/inst_ppmc_ctrl/N_7 undriven or does not drive
     anything - clipped.
Signal stm03/ppmc_reg_S118M_inst/inst_ppmc_ctrl/more_cnt_s_0_S1_1[15] undriven
     or does not drive anything - clipped.
Signal stm03/ppmc_reg_S118M_inst/inst_ppmc_ctrl/more_cnt_s_0_COUT_1[15] undriven
     or does not drive anything - clipped.
Signal stm03/ppmc_reg_S118M_inst/inst_ppmc_ctrl/more_cnt_cry_0_S0_1[0] undriven
     or does not drive anything - clipped.
Signal stm03/ppmc_reg_S118M_inst/inst_ppmc_ctrl/N_8 undriven or does not drive
     anything - clipped.
Signal stm03/ppmc_reg_S118M_inst/inst_ppmc_cmdchk/un13_command_hit_cry_15_0_S0_1
     undriven or does not drive anything - clipped.
Signal stm03/ppmc_reg_S118M_inst/inst_ppmc_cmdchk/un13_command_hit_cry_15_0_COUT
     _1 undriven or does not drive anything - clipped.
Signal stm03/ppmc_reg_S118M_inst/inst_ppmc_cmdchk/un13_command_hit_cry_13_0_S1_1
     undriven or does not drive anything - clipped.
Signal stm03/ppmc_reg_S118M_inst/inst_ppmc_cmdchk/un13_command_hit_cry_13_0_S0_1
     undriven or does not drive anything - clipped.
Signal stm03/ppmc_reg_S118M_inst/inst_ppmc_cmdchk/un13_command_hit_cry_11_0_S1_1
     undriven or does not drive anything - clipped.
Signal stm03/ppmc_reg_S118M_inst/inst_ppmc_cmdchk/un13_command_hit_cry_11_0_S0_1
     undriven or does not drive anything - clipped.
Signal stm03/ppmc_reg_S118M_inst/inst_ppmc_cmdchk/un13_command_hit_cry_9_0_S1_1
     undriven or does not drive anything - clipped.
Signal stm03/ppmc_reg_S118M_inst/inst_ppmc_cmdchk/un13_command_hit_cry_9_0_S0_1
     undriven or does not drive anything - clipped.
Signal stm03/ppmc_reg_S118M_inst/inst_ppmc_cmdchk/un13_command_hit_cry_7_0_S1_1
     undriven or does not drive anything - clipped.
Signal stm03/ppmc_reg_S118M_inst/inst_ppmc_cmdchk/un13_command_hit_cry_7_0_S0_1
     undriven or does not drive anything - clipped.
Signal stm03/ppmc_reg_S118M_inst/inst_ppmc_cmdchk/un13_command_hit_cry_5_0_S1_1
     undriven or does not drive anything - clipped.
Signal stm03/ppmc_reg_S118M_inst/inst_ppmc_cmdchk/un13_command_hit_cry_5_0_S0_1
     undriven or does not drive anything - clipped.
Signal stm03/ppmc_reg_S118M_inst/inst_ppmc_cmdchk/un13_command_hit_cry_3_0_S1_1
     undriven or does not drive anything - clipped.
Signal stm03/ppmc_reg_S118M_inst/inst_ppmc_cmdchk/un13_command_hit_cry_3_0_S0_1
     undriven or does not drive anything - clipped.
Signal stm03/ppmc_reg_S118M_inst/inst_ppmc_cmdchk/un13_command_hit_cry_1_0_S1_1
     undriven or does not drive anything - clipped.
Signal stm03/ppmc_reg_S118M_inst/inst_ppmc_cmdchk/un13_command_hit_cry_1_0_S0_1
     undriven or does not drive anything - clipped.
Signal stm03/ppmc_reg_S118M_inst/inst_ppmc_cmdchk/un13_command_hit_cry_0_0_S1_1
     undriven or does not drive anything - clipped.
Signal stm03/ppmc_reg_S118M_inst/inst_ppmc_cmdchk/un13_command_hit_cry_0_0_S0_1
     undriven or does not drive anything - clipped.
Signal stm03/ppmc_reg_S118M_inst/inst_ppmc_cmdchk/N_1 undriven or does not drive
     anything - clipped.
Signal stm04/ppmc_reg_S118M_inst/inst_ppmc_plsgen/ppmc_acc_tim_gen_inst/un2_reg_

                                   Page 134




Design:  SP0557                                        Date:  02/28/26  21:16:30

Removed logic (cont)
--------------------
     0_I_21_0_S0_2 undriven or does not drive anything - clipped.
Signal stm04/ppmc_reg_S118M_inst/inst_ppmc_plsgen/ppmc_acc_tim_gen_inst/un2_reg_
     0_I_21_0_COUT_2 undriven or does not drive anything - clipped.
Signal stm04/ppmc_reg_S118M_inst/inst_ppmc_plsgen/ppmc_acc_tim_gen_inst/un2_reg_
     0_I_33_0_S1_2 undriven or does not drive anything - clipped.
Signal stm04/ppmc_reg_S118M_inst/inst_ppmc_plsgen/ppmc_acc_tim_gen_inst/un2_reg_
     0_I_33_0_S0_2 undriven or does not drive anything - clipped.
Signal stm04/ppmc_reg_S118M_inst/inst_ppmc_plsgen/ppmc_acc_tim_gen_inst/un2_reg_
     0_I_27_0_S1_2 undriven or does not drive anything - clipped.
Signal stm04/ppmc_reg_S118M_inst/inst_ppmc_plsgen/ppmc_acc_tim_gen_inst/un2_reg_
     0_I_27_0_S0_2 undriven or does not drive anything - clipped.
Signal stm04/ppmc_reg_S118M_inst/inst_ppmc_plsgen/ppmc_acc_tim_gen_inst/un2_reg_
     0_I_9_0_S1_2 undriven or does not drive anything - clipped.
Signal stm04/ppmc_reg_S118M_inst/inst_ppmc_plsgen/ppmc_acc_tim_gen_inst/un2_reg_
     0_I_9_0_S0_2 undriven or does not drive anything - clipped.
Signal stm04/ppmc_reg_S118M_inst/inst_ppmc_plsgen/ppmc_acc_tim_gen_inst/un2_reg_
     0_I_1_0_S1_2 undriven or does not drive anything - clipped.
Signal stm04/ppmc_reg_S118M_inst/inst_ppmc_plsgen/ppmc_acc_tim_gen_inst/un2_reg_
     0_I_1_0_S0_2 undriven or does not drive anything - clipped.
Signal stm04/ppmc_reg_S118M_inst/inst_ppmc_plsgen/ppmc_acc_tim_gen_inst/N_1
     undriven or does not drive anything - clipped.
Signal stm04/ppmc_reg_S118M_inst/inst_ppmc_plsgen/ppmc_acc_tim_gen_inst/reg_s_0_
     S1_5[15] undriven or does not drive anything - clipped.
Signal stm04/ppmc_reg_S118M_inst/inst_ppmc_plsgen/ppmc_acc_tim_gen_inst/reg_s_0_
     COUT_5[15] undriven or does not drive anything - clipped.
Signal stm04/ppmc_reg_S118M_inst/inst_ppmc_plsgen/ppmc_acc_tim_gen_inst/reg_cry_
     0_S0_5[0] undriven or does not drive anything - clipped.
Signal stm04/ppmc_reg_S118M_inst/inst_ppmc_plsgen/ppmc_acc_tim_gen_inst/N_2
     undriven or does not drive anything - clipped.
Signal stm04/ppmc_reg_S118M_inst/inst_ppmc_plsgen/ppmc_speed_cnt_inst/un2_acc_pu
     lse_cry_15_0_S0_2 undriven or does not drive anything - clipped.
Signal stm04/ppmc_reg_S118M_inst/inst_ppmc_plsgen/ppmc_speed_cnt_inst/un2_acc_pu
     lse_cry_15_0_COUT_2 undriven or does not drive anything - clipped.
Signal stm04/ppmc_reg_S118M_inst/inst_ppmc_plsgen/ppmc_speed_cnt_inst/un2_acc_pu
     lse_cry_13_0_S1_2 undriven or does not drive anything - clipped.
Signal stm04/ppmc_reg_S118M_inst/inst_ppmc_plsgen/ppmc_speed_cnt_inst/un2_acc_pu
     lse_cry_13_0_S0_2 undriven or does not drive anything - clipped.
Signal stm04/ppmc_reg_S118M_inst/inst_ppmc_plsgen/ppmc_speed_cnt_inst/un2_acc_pu
     lse_cry_11_0_S1_2 undriven or does not drive anything - clipped.
Signal stm04/ppmc_reg_S118M_inst/inst_ppmc_plsgen/ppmc_speed_cnt_inst/un2_acc_pu
     lse_cry_11_0_S0_2 undriven or does not drive anything - clipped.
Signal stm04/ppmc_reg_S118M_inst/inst_ppmc_plsgen/ppmc_speed_cnt_inst/un2_acc_pu
     lse_cry_9_0_S1_2 undriven or does not drive anything - clipped.
Signal stm04/ppmc_reg_S118M_inst/inst_ppmc_plsgen/ppmc_speed_cnt_inst/un2_acc_pu
     lse_cry_9_0_S0_2 undriven or does not drive anything - clipped.
Signal stm04/ppmc_reg_S118M_inst/inst_ppmc_plsgen/ppmc_speed_cnt_inst/un2_acc_pu
     lse_cry_7_0_S1_2 undriven or does not drive anything - clipped.
Signal stm04/ppmc_reg_S118M_inst/inst_ppmc_plsgen/ppmc_speed_cnt_inst/un2_acc_pu
     lse_cry_7_0_S0_2 undriven or does not drive anything - clipped.
Signal stm04/ppmc_reg_S118M_inst/inst_ppmc_plsgen/ppmc_speed_cnt_inst/un2_acc_pu
     lse_cry_5_0_S1_2 undriven or does not drive anything - clipped.
Signal stm04/ppmc_reg_S118M_inst/inst_ppmc_plsgen/ppmc_speed_cnt_inst/un2_acc_pu
     lse_cry_5_0_S0_2 undriven or does not drive anything - clipped.
Signal stm04/ppmc_reg_S118M_inst/inst_ppmc_plsgen/ppmc_speed_cnt_inst/un2_acc_pu
     lse_cry_3_0_S1_2 undriven or does not drive anything - clipped.
Signal stm04/ppmc_reg_S118M_inst/inst_ppmc_plsgen/ppmc_speed_cnt_inst/un2_acc_pu

                                   Page 135




Design:  SP0557                                        Date:  02/28/26  21:16:30

Removed logic (cont)
--------------------
     lse_cry_3_0_S0_2 undriven or does not drive anything - clipped.
Signal stm04/ppmc_reg_S118M_inst/inst_ppmc_plsgen/ppmc_speed_cnt_inst/un2_acc_pu
     lse_cry_1_0_S1_2 undriven or does not drive anything - clipped.
Signal stm04/ppmc_reg_S118M_inst/inst_ppmc_plsgen/ppmc_speed_cnt_inst/un2_acc_pu
     lse_cry_1_0_S0_2 undriven or does not drive anything - clipped.
Signal stm04/ppmc_reg_S118M_inst/inst_ppmc_plsgen/ppmc_speed_cnt_inst/un2_acc_pu
     lse_cry_0_0_S1_2 undriven or does not drive anything - clipped.
Signal stm04/ppmc_reg_S118M_inst/inst_ppmc_plsgen/ppmc_speed_cnt_inst/un2_acc_pu
     lse_cry_0_0_S0_2 undriven or does not drive anything - clipped.
Signal stm04/ppmc_reg_S118M_inst/inst_ppmc_plsgen/ppmc_speed_cnt_inst/N_6
     undriven or does not drive anything - clipped.
Signal stm04/ppmc_reg_S118M_inst/inst_ppmc_plsgen/ppmc_speed_cnt_inst/un8_acc_pu
     lse_cry_15_0_S0_2 undriven or does not drive anything - clipped.
Signal stm04/ppmc_reg_S118M_inst/inst_ppmc_plsgen/ppmc_speed_cnt_inst/un8_acc_pu
     lse_cry_15_0_COUT_2 undriven or does not drive anything - clipped.
Signal stm04/ppmc_reg_S118M_inst/inst_ppmc_plsgen/ppmc_speed_cnt_inst/un8_acc_pu
     lse_cry_13_0_S1_2 undriven or does not drive anything - clipped.
Signal stm04/ppmc_reg_S118M_inst/inst_ppmc_plsgen/ppmc_speed_cnt_inst/un8_acc_pu
     lse_cry_13_0_S0_2 undriven or does not drive anything - clipped.
Signal stm04/ppmc_reg_S118M_inst/inst_ppmc_plsgen/ppmc_speed_cnt_inst/un8_acc_pu
     lse_cry_11_0_S1_2 undriven or does not drive anything - clipped.
Signal stm04/ppmc_reg_S118M_inst/inst_ppmc_plsgen/ppmc_speed_cnt_inst/un8_acc_pu
     lse_cry_11_0_S0_2 undriven or does not drive anything - clipped.
Signal stm04/ppmc_reg_S118M_inst/inst_ppmc_plsgen/ppmc_speed_cnt_inst/un8_acc_pu
     lse_cry_9_0_S1_2 undriven or does not drive anything - clipped.
Signal stm04/ppmc_reg_S118M_inst/inst_ppmc_plsgen/ppmc_speed_cnt_inst/un8_acc_pu
     lse_cry_9_0_S0_2 undriven or does not drive anything - clipped.
Signal stm04/ppmc_reg_S118M_inst/inst_ppmc_plsgen/ppmc_speed_cnt_inst/un8_acc_pu
     lse_cry_7_0_S1_2 undriven or does not drive anything - clipped.
Signal stm04/ppmc_reg_S118M_inst/inst_ppmc_plsgen/ppmc_speed_cnt_inst/un8_acc_pu
     lse_cry_7_0_S0_2 undriven or does not drive anything - clipped.
Signal stm04/ppmc_reg_S118M_inst/inst_ppmc_plsgen/ppmc_speed_cnt_inst/un8_acc_pu
     lse_cry_5_0_S1_2 undriven or does not drive anything - clipped.
Signal stm04/ppmc_reg_S118M_inst/inst_ppmc_plsgen/ppmc_speed_cnt_inst/un8_acc_pu
     lse_cry_5_0_S0_2 undriven or does not drive anything - clipped.
Signal stm04/ppmc_reg_S118M_inst/inst_ppmc_plsgen/ppmc_speed_cnt_inst/un8_acc_pu
     lse_cry_3_0_S1_2 undriven or does not drive anything - clipped.
Signal stm04/ppmc_reg_S118M_inst/inst_ppmc_plsgen/ppmc_speed_cnt_inst/un8_acc_pu
     lse_cry_3_0_S0_2 undriven or does not drive anything - clipped.
Signal stm04/ppmc_reg_S118M_inst/inst_ppmc_plsgen/ppmc_speed_cnt_inst/un8_acc_pu
     lse_cry_1_0_S1_2 undriven or does not drive anything - clipped.
Signal stm04/ppmc_reg_S118M_inst/inst_ppmc_plsgen/ppmc_speed_cnt_inst/un8_acc_pu
     lse_cry_1_0_S0_2 undriven or does not drive anything - clipped.
Signal stm04/ppmc_reg_S118M_inst/inst_ppmc_plsgen/ppmc_speed_cnt_inst/un8_acc_pu
     lse_cry_0_0_S1_2 undriven or does not drive anything - clipped.
Signal stm04/ppmc_reg_S118M_inst/inst_ppmc_plsgen/ppmc_speed_cnt_inst/un8_acc_pu
     lse_cry_0_0_S0_2 undriven or does not drive anything - clipped.
Signal stm04/ppmc_reg_S118M_inst/inst_ppmc_plsgen/ppmc_speed_cnt_inst/N_7
     undriven or does not drive anything - clipped.
Signal stm04/ppmc_reg_S118M_inst/inst_ppmc_plsgen/ppmc_speed_cnt_inst/reg_cry_0_
     COUT_2[14] undriven or does not drive anything - clipped.
Signal stm04/ppmc_reg_S118M_inst/inst_ppmc_plsgen/ppmc_speed_cnt_inst/reg_lcry_0
     _S1_2 undriven or does not drive anything - clipped.
Signal stm04/ppmc_reg_S118M_inst/inst_ppmc_plsgen/ppmc_speed_cnt_inst/reg_lcry_0
     _S0_2 undriven or does not drive anything - clipped.
Signal stm04/ppmc_reg_S118M_inst/inst_ppmc_plsgen/ppmc_speed_cnt_inst/N_8

                                   Page 136




Design:  SP0557                                        Date:  02/28/26  21:16:30

Removed logic (cont)
--------------------
     undriven or does not drive anything - clipped.
Signal stm04/ppmc_reg_S118M_inst/inst_ppmc_plsgen/ppmc_timer_cnt_inst/un5_pulse_
     clk_cry_18_0_S1_2 undriven or does not drive anything - clipped.
Signal stm04/ppmc_reg_S118M_inst/inst_ppmc_plsgen/ppmc_timer_cnt_inst/un5_pulse_
     clk_cry_18_0_COUT_2 undriven or does not drive anything - clipped.
Signal stm04/ppmc_reg_S118M_inst/inst_ppmc_plsgen/ppmc_timer_cnt_inst/un5_pulse_
     clk_cry_17_0_S1_2 undriven or does not drive anything - clipped.
Signal stm04/ppmc_reg_S118M_inst/inst_ppmc_plsgen/ppmc_timer_cnt_inst/un5_pulse_
     clk_cry_17_0_S0_2 undriven or does not drive anything - clipped.
Signal stm04/ppmc_reg_S118M_inst/inst_ppmc_plsgen/ppmc_timer_cnt_inst/un5_pulse_
     clk_cry_15_0_S1_2 undriven or does not drive anything - clipped.
Signal stm04/ppmc_reg_S118M_inst/inst_ppmc_plsgen/ppmc_timer_cnt_inst/un5_pulse_
     clk_cry_15_0_S0_2 undriven or does not drive anything - clipped.
Signal stm04/ppmc_reg_S118M_inst/inst_ppmc_plsgen/ppmc_timer_cnt_inst/un5_pulse_
     clk_cry_13_0_S1_2 undriven or does not drive anything - clipped.
Signal stm04/ppmc_reg_S118M_inst/inst_ppmc_plsgen/ppmc_timer_cnt_inst/un5_pulse_
     clk_cry_13_0_S0_2 undriven or does not drive anything - clipped.
Signal stm04/ppmc_reg_S118M_inst/inst_ppmc_plsgen/ppmc_timer_cnt_inst/un5_pulse_
     clk_cry_11_0_S1_2 undriven or does not drive anything - clipped.
Signal stm04/ppmc_reg_S118M_inst/inst_ppmc_plsgen/ppmc_timer_cnt_inst/un5_pulse_
     clk_cry_11_0_S0_2 undriven or does not drive anything - clipped.
Signal stm04/ppmc_reg_S118M_inst/inst_ppmc_plsgen/ppmc_timer_cnt_inst/un5_pulse_
     clk_cry_9_0_S1_2 undriven or does not drive anything - clipped.
Signal stm04/ppmc_reg_S118M_inst/inst_ppmc_plsgen/ppmc_timer_cnt_inst/un5_pulse_
     clk_cry_9_0_S0_2 undriven or does not drive anything - clipped.
Signal stm04/ppmc_reg_S118M_inst/inst_ppmc_plsgen/ppmc_timer_cnt_inst/un5_pulse_
     clk_cry_7_0_S1_2 undriven or does not drive anything - clipped.
Signal stm04/ppmc_reg_S118M_inst/inst_ppmc_plsgen/ppmc_timer_cnt_inst/un5_pulse_
     clk_cry_7_0_S0_2 undriven or does not drive anything - clipped.
Signal stm04/ppmc_reg_S118M_inst/inst_ppmc_plsgen/ppmc_timer_cnt_inst/un5_pulse_
     clk_cry_5_0_S1_2 undriven or does not drive anything - clipped.
Signal stm04/ppmc_reg_S118M_inst/inst_ppmc_plsgen/ppmc_timer_cnt_inst/un5_pulse_
     clk_cry_5_0_S0_2 undriven or does not drive anything - clipped.
Signal stm04/ppmc_reg_S118M_inst/inst_ppmc_plsgen/ppmc_timer_cnt_inst/un5_pulse_
     clk_cry_3_0_S1_2 undriven or does not drive anything - clipped.
Signal stm04/ppmc_reg_S118M_inst/inst_ppmc_plsgen/ppmc_timer_cnt_inst/un5_pulse_
     clk_cry_3_0_S0_2 undriven or does not drive anything - clipped.
Signal stm04/ppmc_reg_S118M_inst/inst_ppmc_plsgen/ppmc_timer_cnt_inst/un5_pulse_
     clk_cry_1_0_S1_2 undriven or does not drive anything - clipped.
Signal stm04/ppmc_reg_S118M_inst/inst_ppmc_plsgen/ppmc_timer_cnt_inst/un5_pulse_
     clk_cry_1_0_S0_2 undriven or does not drive anything - clipped.
Signal stm04/ppmc_reg_S118M_inst/inst_ppmc_plsgen/ppmc_timer_cnt_inst/un5_pulse_
     clk_cry_0_0_S1_2 undriven or does not drive anything - clipped.
Signal stm04/ppmc_reg_S118M_inst/inst_ppmc_plsgen/ppmc_timer_cnt_inst/un5_pulse_
     clk_cry_0_0_S0_2 undriven or does not drive anything - clipped.
Signal stm04/ppmc_reg_S118M_inst/inst_ppmc_plsgen/ppmc_timer_cnt_inst/N_1
     undriven or does not drive anything - clipped.
Signal stm04/ppmc_reg_S118M_inst/inst_ppmc_plsgen/ppmc_timer_cnt_inst/un1_reg_2_
     cry_17_0_COUT_2 undriven or does not drive anything - clipped.
Signal stm04/ppmc_reg_S118M_inst/inst_ppmc_plsgen/ppmc_timer_cnt_inst/un1_reg_2_
     cry_0_0_S1_2 undriven or does not drive anything - clipped.
Signal stm04/ppmc_reg_S118M_inst/inst_ppmc_plsgen/ppmc_timer_cnt_inst/un1_reg_2_
     cry_0_0_S0_2 undriven or does not drive anything - clipped.
Signal stm04/ppmc_reg_S118M_inst/inst_ppmc_plsgen/ppmc_timer_cnt_inst/N_2
     undriven or does not drive anything - clipped.
Signal stm04/ppmc_reg_S118M_inst/inst_ppmc_plsgen/ppmc_timer_cnt_inst/un1_reg_2_

                                   Page 137




Design:  SP0557                                        Date:  02/28/26  21:16:30

Removed logic (cont)
--------------------
     4_cry_17_COUT_2 undriven or does not drive anything - clipped.
Signal stm04/ppmc_reg_S118M_inst/inst_ppmc_plsgen/ppmc_timer_cnt_inst/un1_reg_2_
     4_cry_0_S1_2 undriven or does not drive anything - clipped.
Signal stm04/ppmc_reg_S118M_inst/inst_ppmc_plsgen/ppmc_timer_cnt_inst/un1_reg_2_
     4_cry_0_S0_2 undriven or does not drive anything - clipped.
Signal stm04/ppmc_reg_S118M_inst/inst_ppmc_plsgen/ppmc_timer_cnt_inst/N_3
     undriven or does not drive anything - clipped.
Signal stm04/ppmc_reg_S118M_inst/inst_ppmc_plsgen/ppmc_pls_cnt_inst/un4_o_slow_0
     _I_21_0_S0_2 undriven or does not drive anything - clipped.
Signal stm04/ppmc_reg_S118M_inst/inst_ppmc_plsgen/ppmc_pls_cnt_inst/un4_o_slow_0
     _I_21_0_COUT_2 undriven or does not drive anything - clipped.
Signal stm04/ppmc_reg_S118M_inst/inst_ppmc_plsgen/ppmc_pls_cnt_inst/un4_o_slow_0
     _I_33_0_S1_2 undriven or does not drive anything - clipped.
Signal stm04/ppmc_reg_S118M_inst/inst_ppmc_plsgen/ppmc_pls_cnt_inst/un4_o_slow_0
     _I_33_0_S0_2 undriven or does not drive anything - clipped.
Signal stm04/ppmc_reg_S118M_inst/inst_ppmc_plsgen/ppmc_pls_cnt_inst/un4_o_slow_0
     _I_27_0_S1_2 undriven or does not drive anything - clipped.
Signal stm04/ppmc_reg_S118M_inst/inst_ppmc_plsgen/ppmc_pls_cnt_inst/un4_o_slow_0
     _I_27_0_S0_2 undriven or does not drive anything - clipped.
Signal stm04/ppmc_reg_S118M_inst/inst_ppmc_plsgen/ppmc_pls_cnt_inst/un4_o_slow_0
     _I_9_0_S1_2 undriven or does not drive anything - clipped.
Signal stm04/ppmc_reg_S118M_inst/inst_ppmc_plsgen/ppmc_pls_cnt_inst/un4_o_slow_0
     _I_9_0_S0_2 undriven or does not drive anything - clipped.
Signal stm04/ppmc_reg_S118M_inst/inst_ppmc_plsgen/ppmc_pls_cnt_inst/un4_o_slow_0
     _I_1_0_S1_2 undriven or does not drive anything - clipped.
Signal stm04/ppmc_reg_S118M_inst/inst_ppmc_plsgen/ppmc_pls_cnt_inst/un4_o_slow_0
     _I_1_0_S0_2 undriven or does not drive anything - clipped.
Signal stm04/ppmc_reg_S118M_inst/inst_ppmc_plsgen/ppmc_pls_cnt_inst/N_1 undriven
     or does not drive anything - clipped.
Signal stm04/ppmc_reg_S118M_inst/inst_ppmc_plsgen/ppmc_pls_cnt_inst/un5_pout_cry
     _7_0_S0_2 undriven or does not drive anything - clipped.
Signal stm04/ppmc_reg_S118M_inst/inst_ppmc_plsgen/ppmc_pls_cnt_inst/un5_pout_cry
     _7_0_COUT_2 undriven or does not drive anything - clipped.
Signal stm04/ppmc_reg_S118M_inst/inst_ppmc_plsgen/ppmc_pls_cnt_inst/un5_pout_cry
     _5_0_S1_2 undriven or does not drive anything - clipped.
Signal stm04/ppmc_reg_S118M_inst/inst_ppmc_plsgen/ppmc_pls_cnt_inst/un5_pout_cry
     _5_0_S0_2 undriven or does not drive anything - clipped.
Signal stm04/ppmc_reg_S118M_inst/inst_ppmc_plsgen/ppmc_pls_cnt_inst/un5_pout_cry
     _3_0_S1_2 undriven or does not drive anything - clipped.
Signal stm04/ppmc_reg_S118M_inst/inst_ppmc_plsgen/ppmc_pls_cnt_inst/un5_pout_cry
     _3_0_S0_2 undriven or does not drive anything - clipped.
Signal stm04/ppmc_reg_S118M_inst/inst_ppmc_plsgen/ppmc_pls_cnt_inst/un5_pout_cry
     _1_0_S1_2 undriven or does not drive anything - clipped.
Signal stm04/ppmc_reg_S118M_inst/inst_ppmc_plsgen/ppmc_pls_cnt_inst/un5_pout_cry
     _1_0_S0_2 undriven or does not drive anything - clipped.
Signal stm04/ppmc_reg_S118M_inst/inst_ppmc_plsgen/ppmc_pls_cnt_inst/un5_pout_cry
     _0_0_S1_2 undriven or does not drive anything - clipped.
Signal stm04/ppmc_reg_S118M_inst/inst_ppmc_plsgen/ppmc_pls_cnt_inst/un5_pout_cry
     _0_0_S0_2 undriven or does not drive anything - clipped.
Signal stm04/ppmc_reg_S118M_inst/inst_ppmc_plsgen/ppmc_pls_cnt_inst/N_2 undriven
     or does not drive anything - clipped.
Signal stm04/ppmc_reg_S118M_inst/inst_ppmc_plsgen/ppmc_pls_cnt_inst/un2_s_slow_c
     ry_15_0_S0_2 undriven or does not drive anything - clipped.
Signal stm04/ppmc_reg_S118M_inst/inst_ppmc_plsgen/ppmc_pls_cnt_inst/un2_s_slow_c
     ry_15_0_COUT_2 undriven or does not drive anything - clipped.
Signal stm04/ppmc_reg_S118M_inst/inst_ppmc_plsgen/ppmc_pls_cnt_inst/un2_s_slow_c

                                   Page 138




Design:  SP0557                                        Date:  02/28/26  21:16:30

Removed logic (cont)
--------------------
     ry_13_0_S1_2 undriven or does not drive anything - clipped.
Signal stm04/ppmc_reg_S118M_inst/inst_ppmc_plsgen/ppmc_pls_cnt_inst/un2_s_slow_c
     ry_13_0_S0_2 undriven or does not drive anything - clipped.
Signal stm04/ppmc_reg_S118M_inst/inst_ppmc_plsgen/ppmc_pls_cnt_inst/un2_s_slow_c
     ry_11_0_S1_2 undriven or does not drive anything - clipped.
Signal stm04/ppmc_reg_S118M_inst/inst_ppmc_plsgen/ppmc_pls_cnt_inst/un2_s_slow_c
     ry_11_0_S0_2 undriven or does not drive anything - clipped.
Signal stm04/ppmc_reg_S118M_inst/inst_ppmc_plsgen/ppmc_pls_cnt_inst/un2_s_slow_c
     ry_9_0_S1_2 undriven or does not drive anything - clipped.
Signal stm04/ppmc_reg_S118M_inst/inst_ppmc_plsgen/ppmc_pls_cnt_inst/un2_s_slow_c
     ry_9_0_S0_2 undriven or does not drive anything - clipped.
Signal stm04/ppmc_reg_S118M_inst/inst_ppmc_plsgen/ppmc_pls_cnt_inst/un2_s_slow_c
     ry_7_0_S1_2 undriven or does not drive anything - clipped.
Signal stm04/ppmc_reg_S118M_inst/inst_ppmc_plsgen/ppmc_pls_cnt_inst/un2_s_slow_c
     ry_7_0_S0_2 undriven or does not drive anything - clipped.
Signal stm04/ppmc_reg_S118M_inst/inst_ppmc_plsgen/ppmc_pls_cnt_inst/un2_s_slow_c
     ry_5_0_S1_2 undriven or does not drive anything - clipped.
Signal stm04/ppmc_reg_S118M_inst/inst_ppmc_plsgen/ppmc_pls_cnt_inst/un2_s_slow_c
     ry_5_0_S0_2 undriven or does not drive anything - clipped.
Signal stm04/ppmc_reg_S118M_inst/inst_ppmc_plsgen/ppmc_pls_cnt_inst/un2_s_slow_c
     ry_3_0_S1_2 undriven or does not drive anything - clipped.
Signal stm04/ppmc_reg_S118M_inst/inst_ppmc_plsgen/ppmc_pls_cnt_inst/un2_s_slow_c
     ry_3_0_S0_2 undriven or does not drive anything - clipped.
Signal stm04/ppmc_reg_S118M_inst/inst_ppmc_plsgen/ppmc_pls_cnt_inst/un2_s_slow_c
     ry_1_0_S1_2 undriven or does not drive anything - clipped.
Signal stm04/ppmc_reg_S118M_inst/inst_ppmc_plsgen/ppmc_pls_cnt_inst/un2_s_slow_c
     ry_1_0_S0_2 undriven or does not drive anything - clipped.
Signal stm04/ppmc_reg_S118M_inst/inst_ppmc_plsgen/ppmc_pls_cnt_inst/un2_s_slow_c
     ry_0_0_S1_2 undriven or does not drive anything - clipped.
Signal stm04/ppmc_reg_S118M_inst/inst_ppmc_plsgen/ppmc_pls_cnt_inst/un2_s_slow_c
     ry_0_0_S0_2 undriven or does not drive anything - clipped.
Signal stm04/ppmc_reg_S118M_inst/inst_ppmc_plsgen/ppmc_pls_cnt_inst/N_3 undriven
     or does not drive anything - clipped.
Signal stm04/ppmc_reg_S118M_inst/inst_ppmc_plsgen/ppmc_pls_cnt_inst/reg_s_0_S1_6
     [15] undriven or does not drive anything - clipped.
Signal stm04/ppmc_reg_S118M_inst/inst_ppmc_plsgen/ppmc_pls_cnt_inst/reg_s_0_COUT
     _6[15] undriven or does not drive anything - clipped.
Signal stm04/ppmc_reg_S118M_inst/inst_ppmc_plsgen/ppmc_pls_cnt_inst/reg_cry_0_S0
     _6[0] undriven or does not drive anything - clipped.
Signal stm04/ppmc_reg_S118M_inst/inst_ppmc_plsgen/ppmc_pls_cnt_inst/N_4 undriven
     or does not drive anything - clipped.
Signal stm04/ppmc_reg_S118M_inst/inst_ppmc_plsgen/ppmc_pls_cnt_inst/pre_pulse_s_
     0_S1_2[7] undriven or does not drive anything - clipped.
Signal stm04/ppmc_reg_S118M_inst/inst_ppmc_plsgen/ppmc_pls_cnt_inst/pre_pulse_s_
     0_COUT_2[7] undriven or does not drive anything - clipped.
Signal stm04/ppmc_reg_S118M_inst/inst_ppmc_plsgen/ppmc_pls_cnt_inst/pre_pulse_cr
     y_0_S0_2[0] undriven or does not drive anything - clipped.
Signal stm04/ppmc_reg_S118M_inst/inst_ppmc_plsgen/ppmc_pls_cnt_inst/N_5 undriven
     or does not drive anything - clipped.
Signal stm04/ppmc_reg_S118M_inst/inst_ppmc_enblr/enb_wait_cnt_s_0_S1_2[13]
     undriven or does not drive anything - clipped.
Signal stm04/ppmc_reg_S118M_inst/inst_ppmc_enblr/enb_wait_cnt_s_0_COUT_2[13]
     undriven or does not drive anything - clipped.
Signal stm04/ppmc_reg_S118M_inst/inst_ppmc_enblr/enb_wait_cnt_cry_0_S0_2[0]
     undriven or does not drive anything - clipped.
Signal stm04/ppmc_reg_S118M_inst/inst_ppmc_enblr/N_1 undriven or does not drive

                                   Page 139




Design:  SP0557                                        Date:  02/28/26  21:16:30

Removed logic (cont)
--------------------
     anything - clipped.
Signal stm04/ppmc_reg_S118M_inst/inst_ppmc_ctrl/speed_0_I_21_0_S0_2 undriven or
     does not drive anything - clipped.
Signal stm04/ppmc_reg_S118M_inst/inst_ppmc_ctrl/speed_0_I_21_0_COUT_2 undriven
     or does not drive anything - clipped.
Signal stm04/ppmc_reg_S118M_inst/inst_ppmc_ctrl/speed_0_I_33_0_S1_2 undriven or
     does not drive anything - clipped.
Signal stm04/ppmc_reg_S118M_inst/inst_ppmc_ctrl/speed_0_I_33_0_S0_2 undriven or
     does not drive anything - clipped.
Signal stm04/ppmc_reg_S118M_inst/inst_ppmc_ctrl/speed_0_I_27_0_S1_2 undriven or
     does not drive anything - clipped.
Signal stm04/ppmc_reg_S118M_inst/inst_ppmc_ctrl/speed_0_I_27_0_S0_2 undriven or
     does not drive anything - clipped.
Signal stm04/ppmc_reg_S118M_inst/inst_ppmc_ctrl/speed_0_I_9_0_S1_2 undriven or
     does not drive anything - clipped.
Signal stm04/ppmc_reg_S118M_inst/inst_ppmc_ctrl/speed_0_I_9_0_S0_2 undriven or
     does not drive anything - clipped.
Signal stm04/ppmc_reg_S118M_inst/inst_ppmc_ctrl/speed_0_I_1_0_S1_2 undriven or
     does not drive anything - clipped.
Signal stm04/ppmc_reg_S118M_inst/inst_ppmc_ctrl/speed_0_I_1_0_S0_2 undriven or
     does not drive anything - clipped.
Signal stm04/ppmc_reg_S118M_inst/inst_ppmc_ctrl/N_1 undriven or does not drive
     anything - clipped.
Signal stm04/ppmc_reg_S118M_inst/inst_ppmc_ctrl/un1_speed_0_I_21_0_S0_2 undriven
     or does not drive anything - clipped.
Signal stm04/ppmc_reg_S118M_inst/inst_ppmc_ctrl/un1_speed_0_I_21_0_COUT_2
     undriven or does not drive anything - clipped.
Signal stm04/ppmc_reg_S118M_inst/inst_ppmc_ctrl/un1_speed_0_I_33_0_S1_2 undriven
     or does not drive anything - clipped.
Signal stm04/ppmc_reg_S118M_inst/inst_ppmc_ctrl/un1_speed_0_I_33_0_S0_2 undriven
     or does not drive anything - clipped.
Signal stm04/ppmc_reg_S118M_inst/inst_ppmc_ctrl/un1_speed_0_I_27_0_S1_2 undriven
     or does not drive anything - clipped.
Signal stm04/ppmc_reg_S118M_inst/inst_ppmc_ctrl/un1_speed_0_I_27_0_S0_2 undriven
     or does not drive anything - clipped.
Signal stm04/ppmc_reg_S118M_inst/inst_ppmc_ctrl/un1_speed_0_I_9_0_S1_2 undriven
     or does not drive anything - clipped.
Signal stm04/ppmc_reg_S118M_inst/inst_ppmc_ctrl/un1_speed_0_I_9_0_S0_2 undriven
     or does not drive anything - clipped.
Signal stm04/ppmc_reg_S118M_inst/inst_ppmc_ctrl/un1_speed_0_I_1_0_S1_2 undriven
     or does not drive anything - clipped.
Signal stm04/ppmc_reg_S118M_inst/inst_ppmc_ctrl/un1_speed_0_I_1_0_S0_2 undriven
     or does not drive anything - clipped.
Signal stm04/ppmc_reg_S118M_inst/inst_ppmc_ctrl/N_6 undriven or does not drive
     anything - clipped.
Signal stm04/ppmc_reg_S118M_inst/inst_ppmc_ctrl/un6_more_flg_cry_15_0_S0_2
     undriven or does not drive anything - clipped.
Signal stm04/ppmc_reg_S118M_inst/inst_ppmc_ctrl/un6_more_flg_cry_15_0_COUT_2
     undriven or does not drive anything - clipped.
Signal stm04/ppmc_reg_S118M_inst/inst_ppmc_ctrl/un6_more_flg_cry_13_0_S1_2
     undriven or does not drive anything - clipped.
Signal stm04/ppmc_reg_S118M_inst/inst_ppmc_ctrl/un6_more_flg_cry_13_0_S0_2
     undriven or does not drive anything - clipped.
Signal stm04/ppmc_reg_S118M_inst/inst_ppmc_ctrl/un6_more_flg_cry_11_0_S1_2
     undriven or does not drive anything - clipped.
Signal stm04/ppmc_reg_S118M_inst/inst_ppmc_ctrl/un6_more_flg_cry_11_0_S0_2

                                   Page 140




Design:  SP0557                                        Date:  02/28/26  21:16:30

Removed logic (cont)
--------------------
     undriven or does not drive anything - clipped.
Signal stm04/ppmc_reg_S118M_inst/inst_ppmc_ctrl/un6_more_flg_cry_9_0_S1_2
     undriven or does not drive anything - clipped.
Signal stm04/ppmc_reg_S118M_inst/inst_ppmc_ctrl/un6_more_flg_cry_9_0_S0_2
     undriven or does not drive anything - clipped.
Signal stm04/ppmc_reg_S118M_inst/inst_ppmc_ctrl/un6_more_flg_cry_7_0_S1_2
     undriven or does not drive anything - clipped.
Signal stm04/ppmc_reg_S118M_inst/inst_ppmc_ctrl/un6_more_flg_cry_7_0_S0_2
     undriven or does not drive anything - clipped.
Signal stm04/ppmc_reg_S118M_inst/inst_ppmc_ctrl/un6_more_flg_cry_5_0_S1_2
     undriven or does not drive anything - clipped.
Signal stm04/ppmc_reg_S118M_inst/inst_ppmc_ctrl/un6_more_flg_cry_5_0_S0_2
     undriven or does not drive anything - clipped.
Signal stm04/ppmc_reg_S118M_inst/inst_ppmc_ctrl/un6_more_flg_cry_3_0_S1_2
     undriven or does not drive anything - clipped.
Signal stm04/ppmc_reg_S118M_inst/inst_ppmc_ctrl/un6_more_flg_cry_3_0_S0_2
     undriven or does not drive anything - clipped.
Signal stm04/ppmc_reg_S118M_inst/inst_ppmc_ctrl/un6_more_flg_cry_1_0_S1_2
     undriven or does not drive anything - clipped.
Signal stm04/ppmc_reg_S118M_inst/inst_ppmc_ctrl/un6_more_flg_cry_1_0_S0_2
     undriven or does not drive anything - clipped.
Signal stm04/ppmc_reg_S118M_inst/inst_ppmc_ctrl/un6_more_flg_cry_0_0_S1_2
     undriven or does not drive anything - clipped.
Signal stm04/ppmc_reg_S118M_inst/inst_ppmc_ctrl/un6_more_flg_cry_0_0_S0_2
     undriven or does not drive anything - clipped.
Signal stm04/ppmc_reg_S118M_inst/inst_ppmc_ctrl/N_7 undriven or does not drive
     anything - clipped.
Signal stm04/ppmc_reg_S118M_inst/inst_ppmc_ctrl/more_cnt_s_0_S1_2[15] undriven
     or does not drive anything - clipped.
Signal stm04/ppmc_reg_S118M_inst/inst_ppmc_ctrl/more_cnt_s_0_COUT_2[15] undriven
     or does not drive anything - clipped.
Signal stm04/ppmc_reg_S118M_inst/inst_ppmc_ctrl/more_cnt_cry_0_S0_2[0] undriven
     or does not drive anything - clipped.
Signal stm04/ppmc_reg_S118M_inst/inst_ppmc_ctrl/N_8 undriven or does not drive
     anything - clipped.
Signal stm04/ppmc_reg_S118M_inst/inst_ppmc_cmdchk/un13_command_hit_cry_15_0_S0_2
     undriven or does not drive anything - clipped.
Signal stm04/ppmc_reg_S118M_inst/inst_ppmc_cmdchk/un13_command_hit_cry_15_0_COUT
     _2 undriven or does not drive anything - clipped.
Signal stm04/ppmc_reg_S118M_inst/inst_ppmc_cmdchk/un13_command_hit_cry_13_0_S1_2
     undriven or does not drive anything - clipped.
Signal stm04/ppmc_reg_S118M_inst/inst_ppmc_cmdchk/un13_command_hit_cry_13_0_S0_2
     undriven or does not drive anything - clipped.
Signal stm04/ppmc_reg_S118M_inst/inst_ppmc_cmdchk/un13_command_hit_cry_11_0_S1_2
     undriven or does not drive anything - clipped.
Signal stm04/ppmc_reg_S118M_inst/inst_ppmc_cmdchk/un13_command_hit_cry_11_0_S0_2
     undriven or does not drive anything - clipped.
Signal stm04/ppmc_reg_S118M_inst/inst_ppmc_cmdchk/un13_command_hit_cry_9_0_S1_2
     undriven or does not drive anything - clipped.
Signal stm04/ppmc_reg_S118M_inst/inst_ppmc_cmdchk/un13_command_hit_cry_9_0_S0_2
     undriven or does not drive anything - clipped.
Signal stm04/ppmc_reg_S118M_inst/inst_ppmc_cmdchk/un13_command_hit_cry_7_0_S1_2
     undriven or does not drive anything - clipped.
Signal stm04/ppmc_reg_S118M_inst/inst_ppmc_cmdchk/un13_command_hit_cry_7_0_S0_2
     undriven or does not drive anything - clipped.
Signal stm04/ppmc_reg_S118M_inst/inst_ppmc_cmdchk/un13_command_hit_cry_5_0_S1_2

                                   Page 141




Design:  SP0557                                        Date:  02/28/26  21:16:30

Removed logic (cont)
--------------------
     undriven or does not drive anything - clipped.
Signal stm04/ppmc_reg_S118M_inst/inst_ppmc_cmdchk/un13_command_hit_cry_5_0_S0_2
     undriven or does not drive anything - clipped.
Signal stm04/ppmc_reg_S118M_inst/inst_ppmc_cmdchk/un13_command_hit_cry_3_0_S1_2
     undriven or does not drive anything - clipped.
Signal stm04/ppmc_reg_S118M_inst/inst_ppmc_cmdchk/un13_command_hit_cry_3_0_S0_2
     undriven or does not drive anything - clipped.
Signal stm04/ppmc_reg_S118M_inst/inst_ppmc_cmdchk/un13_command_hit_cry_1_0_S1_2
     undriven or does not drive anything - clipped.
Signal stm04/ppmc_reg_S118M_inst/inst_ppmc_cmdchk/un13_command_hit_cry_1_0_S0_2
     undriven or does not drive anything - clipped.
Signal stm04/ppmc_reg_S118M_inst/inst_ppmc_cmdchk/un13_command_hit_cry_0_0_S1_2
     undriven or does not drive anything - clipped.
Signal stm04/ppmc_reg_S118M_inst/inst_ppmc_cmdchk/un13_command_hit_cry_0_0_S0_2
     undriven or does not drive anything - clipped.
Signal stm04/ppmc_reg_S118M_inst/inst_ppmc_cmdchk/N_1 undriven or does not drive
     anything - clipped.
Signal stm05/ppmc_reg_S118M_inst/inst_ppmc_plsgen/ppmc_acc_tim_gen_inst/un2_reg_
     0_I_21_0_S0_3 undriven or does not drive anything - clipped.
Signal stm05/ppmc_reg_S118M_inst/inst_ppmc_plsgen/ppmc_acc_tim_gen_inst/un2_reg_
     0_I_21_0_COUT_3 undriven or does not drive anything - clipped.
Signal stm05/ppmc_reg_S118M_inst/inst_ppmc_plsgen/ppmc_acc_tim_gen_inst/un2_reg_
     0_I_33_0_S1_3 undriven or does not drive anything - clipped.
Signal stm05/ppmc_reg_S118M_inst/inst_ppmc_plsgen/ppmc_acc_tim_gen_inst/un2_reg_
     0_I_33_0_S0_3 undriven or does not drive anything - clipped.
Signal stm05/ppmc_reg_S118M_inst/inst_ppmc_plsgen/ppmc_acc_tim_gen_inst/un2_reg_
     0_I_27_0_S1_3 undriven or does not drive anything - clipped.
Signal stm05/ppmc_reg_S118M_inst/inst_ppmc_plsgen/ppmc_acc_tim_gen_inst/un2_reg_
     0_I_27_0_S0_3 undriven or does not drive anything - clipped.
Signal stm05/ppmc_reg_S118M_inst/inst_ppmc_plsgen/ppmc_acc_tim_gen_inst/un2_reg_
     0_I_9_0_S1_3 undriven or does not drive anything - clipped.
Signal stm05/ppmc_reg_S118M_inst/inst_ppmc_plsgen/ppmc_acc_tim_gen_inst/un2_reg_
     0_I_9_0_S0_3 undriven or does not drive anything - clipped.
Signal stm05/ppmc_reg_S118M_inst/inst_ppmc_plsgen/ppmc_acc_tim_gen_inst/un2_reg_
     0_I_1_0_S1_3 undriven or does not drive anything - clipped.
Signal stm05/ppmc_reg_S118M_inst/inst_ppmc_plsgen/ppmc_acc_tim_gen_inst/un2_reg_
     0_I_1_0_S0_3 undriven or does not drive anything - clipped.
Signal stm05/ppmc_reg_S118M_inst/inst_ppmc_plsgen/ppmc_acc_tim_gen_inst/N_1
     undriven or does not drive anything - clipped.
Signal stm05/ppmc_reg_S118M_inst/inst_ppmc_plsgen/ppmc_acc_tim_gen_inst/reg_s_0_
     S1_7[15] undriven or does not drive anything - clipped.
Signal stm05/ppmc_reg_S118M_inst/inst_ppmc_plsgen/ppmc_acc_tim_gen_inst/reg_s_0_
     COUT_7[15] undriven or does not drive anything - clipped.
Signal stm05/ppmc_reg_S118M_inst/inst_ppmc_plsgen/ppmc_acc_tim_gen_inst/reg_cry_
     0_S0_7[0] undriven or does not drive anything - clipped.
Signal stm05/ppmc_reg_S118M_inst/inst_ppmc_plsgen/ppmc_acc_tim_gen_inst/N_2
     undriven or does not drive anything - clipped.
Signal stm05/ppmc_reg_S118M_inst/inst_ppmc_plsgen/ppmc_speed_cnt_inst/un2_acc_pu
     lse_cry_15_0_S0_3 undriven or does not drive anything - clipped.
Signal stm05/ppmc_reg_S118M_inst/inst_ppmc_plsgen/ppmc_speed_cnt_inst/un2_acc_pu
     lse_cry_15_0_COUT_3 undriven or does not drive anything - clipped.
Signal stm05/ppmc_reg_S118M_inst/inst_ppmc_plsgen/ppmc_speed_cnt_inst/un2_acc_pu
     lse_cry_13_0_S1_3 undriven or does not drive anything - clipped.
Signal stm05/ppmc_reg_S118M_inst/inst_ppmc_plsgen/ppmc_speed_cnt_inst/un2_acc_pu
     lse_cry_13_0_S0_3 undriven or does not drive anything - clipped.
Signal stm05/ppmc_reg_S118M_inst/inst_ppmc_plsgen/ppmc_speed_cnt_inst/un2_acc_pu

                                   Page 142




Design:  SP0557                                        Date:  02/28/26  21:16:30

Removed logic (cont)
--------------------
     lse_cry_11_0_S1_3 undriven or does not drive anything - clipped.
Signal stm05/ppmc_reg_S118M_inst/inst_ppmc_plsgen/ppmc_speed_cnt_inst/un2_acc_pu
     lse_cry_11_0_S0_3 undriven or does not drive anything - clipped.
Signal stm05/ppmc_reg_S118M_inst/inst_ppmc_plsgen/ppmc_speed_cnt_inst/un2_acc_pu
     lse_cry_9_0_S1_3 undriven or does not drive anything - clipped.
Signal stm05/ppmc_reg_S118M_inst/inst_ppmc_plsgen/ppmc_speed_cnt_inst/un2_acc_pu
     lse_cry_9_0_S0_3 undriven or does not drive anything - clipped.
Signal stm05/ppmc_reg_S118M_inst/inst_ppmc_plsgen/ppmc_speed_cnt_inst/un2_acc_pu
     lse_cry_7_0_S1_3 undriven or does not drive anything - clipped.
Signal stm05/ppmc_reg_S118M_inst/inst_ppmc_plsgen/ppmc_speed_cnt_inst/un2_acc_pu
     lse_cry_7_0_S0_3 undriven or does not drive anything - clipped.
Signal stm05/ppmc_reg_S118M_inst/inst_ppmc_plsgen/ppmc_speed_cnt_inst/un2_acc_pu
     lse_cry_5_0_S1_3 undriven or does not drive anything - clipped.
Signal stm05/ppmc_reg_S118M_inst/inst_ppmc_plsgen/ppmc_speed_cnt_inst/un2_acc_pu
     lse_cry_5_0_S0_3 undriven or does not drive anything - clipped.
Signal stm05/ppmc_reg_S118M_inst/inst_ppmc_plsgen/ppmc_speed_cnt_inst/un2_acc_pu
     lse_cry_3_0_S1_3 undriven or does not drive anything - clipped.
Signal stm05/ppmc_reg_S118M_inst/inst_ppmc_plsgen/ppmc_speed_cnt_inst/un2_acc_pu
     lse_cry_3_0_S0_3 undriven or does not drive anything - clipped.
Signal stm05/ppmc_reg_S118M_inst/inst_ppmc_plsgen/ppmc_speed_cnt_inst/un2_acc_pu
     lse_cry_1_0_S1_3 undriven or does not drive anything - clipped.
Signal stm05/ppmc_reg_S118M_inst/inst_ppmc_plsgen/ppmc_speed_cnt_inst/un2_acc_pu
     lse_cry_1_0_S0_3 undriven or does not drive anything - clipped.
Signal stm05/ppmc_reg_S118M_inst/inst_ppmc_plsgen/ppmc_speed_cnt_inst/un2_acc_pu
     lse_cry_0_0_S1_3 undriven or does not drive anything - clipped.
Signal stm05/ppmc_reg_S118M_inst/inst_ppmc_plsgen/ppmc_speed_cnt_inst/un2_acc_pu
     lse_cry_0_0_S0_3 undriven or does not drive anything - clipped.
Signal stm05/ppmc_reg_S118M_inst/inst_ppmc_plsgen/ppmc_speed_cnt_inst/N_6
     undriven or does not drive anything - clipped.
Signal stm05/ppmc_reg_S118M_inst/inst_ppmc_plsgen/ppmc_speed_cnt_inst/un8_acc_pu
     lse_cry_15_0_S0_3 undriven or does not drive anything - clipped.
Signal stm05/ppmc_reg_S118M_inst/inst_ppmc_plsgen/ppmc_speed_cnt_inst/un8_acc_pu
     lse_cry_15_0_COUT_3 undriven or does not drive anything - clipped.
Signal stm05/ppmc_reg_S118M_inst/inst_ppmc_plsgen/ppmc_speed_cnt_inst/un8_acc_pu
     lse_cry_13_0_S1_3 undriven or does not drive anything - clipped.
Signal stm05/ppmc_reg_S118M_inst/inst_ppmc_plsgen/ppmc_speed_cnt_inst/un8_acc_pu
     lse_cry_13_0_S0_3 undriven or does not drive anything - clipped.
Signal stm05/ppmc_reg_S118M_inst/inst_ppmc_plsgen/ppmc_speed_cnt_inst/un8_acc_pu
     lse_cry_11_0_S1_3 undriven or does not drive anything - clipped.
Signal stm05/ppmc_reg_S118M_inst/inst_ppmc_plsgen/ppmc_speed_cnt_inst/un8_acc_pu
     lse_cry_11_0_S0_3 undriven or does not drive anything - clipped.
Signal stm05/ppmc_reg_S118M_inst/inst_ppmc_plsgen/ppmc_speed_cnt_inst/un8_acc_pu
     lse_cry_9_0_S1_3 undriven or does not drive anything - clipped.
Signal stm05/ppmc_reg_S118M_inst/inst_ppmc_plsgen/ppmc_speed_cnt_inst/un8_acc_pu
     lse_cry_9_0_S0_3 undriven or does not drive anything - clipped.
Signal stm05/ppmc_reg_S118M_inst/inst_ppmc_plsgen/ppmc_speed_cnt_inst/un8_acc_pu
     lse_cry_7_0_S1_3 undriven or does not drive anything - clipped.
Signal stm05/ppmc_reg_S118M_inst/inst_ppmc_plsgen/ppmc_speed_cnt_inst/un8_acc_pu
     lse_cry_7_0_S0_3 undriven or does not drive anything - clipped.
Signal stm05/ppmc_reg_S118M_inst/inst_ppmc_plsgen/ppmc_speed_cnt_inst/un8_acc_pu
     lse_cry_5_0_S1_3 undriven or does not drive anything - clipped.
Signal stm05/ppmc_reg_S118M_inst/inst_ppmc_plsgen/ppmc_speed_cnt_inst/un8_acc_pu
     lse_cry_5_0_S0_3 undriven or does not drive anything - clipped.
Signal stm05/ppmc_reg_S118M_inst/inst_ppmc_plsgen/ppmc_speed_cnt_inst/un8_acc_pu
     lse_cry_3_0_S1_3 undriven or does not drive anything - clipped.
Signal stm05/ppmc_reg_S118M_inst/inst_ppmc_plsgen/ppmc_speed_cnt_inst/un8_acc_pu

                                   Page 143




Design:  SP0557                                        Date:  02/28/26  21:16:30

Removed logic (cont)
--------------------
     lse_cry_3_0_S0_3 undriven or does not drive anything - clipped.
Signal stm05/ppmc_reg_S118M_inst/inst_ppmc_plsgen/ppmc_speed_cnt_inst/un8_acc_pu
     lse_cry_1_0_S1_3 undriven or does not drive anything - clipped.
Signal stm05/ppmc_reg_S118M_inst/inst_ppmc_plsgen/ppmc_speed_cnt_inst/un8_acc_pu
     lse_cry_1_0_S0_3 undriven or does not drive anything - clipped.
Signal stm05/ppmc_reg_S118M_inst/inst_ppmc_plsgen/ppmc_speed_cnt_inst/un8_acc_pu
     lse_cry_0_0_S1_3 undriven or does not drive anything - clipped.
Signal stm05/ppmc_reg_S118M_inst/inst_ppmc_plsgen/ppmc_speed_cnt_inst/un8_acc_pu
     lse_cry_0_0_S0_3 undriven or does not drive anything - clipped.
Signal stm05/ppmc_reg_S118M_inst/inst_ppmc_plsgen/ppmc_speed_cnt_inst/N_7
     undriven or does not drive anything - clipped.
Signal stm05/ppmc_reg_S118M_inst/inst_ppmc_plsgen/ppmc_speed_cnt_inst/reg_cry_0_
     COUT_3[14] undriven or does not drive anything - clipped.
Signal stm05/ppmc_reg_S118M_inst/inst_ppmc_plsgen/ppmc_speed_cnt_inst/reg_lcry_0
     _S1_3 undriven or does not drive anything - clipped.
Signal stm05/ppmc_reg_S118M_inst/inst_ppmc_plsgen/ppmc_speed_cnt_inst/reg_lcry_0
     _S0_3 undriven or does not drive anything - clipped.
Signal stm05/ppmc_reg_S118M_inst/inst_ppmc_plsgen/ppmc_speed_cnt_inst/N_8
     undriven or does not drive anything - clipped.
Signal stm05/ppmc_reg_S118M_inst/inst_ppmc_plsgen/ppmc_timer_cnt_inst/un5_pulse_
     clk_cry_18_0_S1_3 undriven or does not drive anything - clipped.
Signal stm05/ppmc_reg_S118M_inst/inst_ppmc_plsgen/ppmc_timer_cnt_inst/un5_pulse_
     clk_cry_18_0_COUT_3 undriven or does not drive anything - clipped.
Signal stm05/ppmc_reg_S118M_inst/inst_ppmc_plsgen/ppmc_timer_cnt_inst/un5_pulse_
     clk_cry_17_0_S1_3 undriven or does not drive anything - clipped.
Signal stm05/ppmc_reg_S118M_inst/inst_ppmc_plsgen/ppmc_timer_cnt_inst/un5_pulse_
     clk_cry_17_0_S0_3 undriven or does not drive anything - clipped.
Signal stm05/ppmc_reg_S118M_inst/inst_ppmc_plsgen/ppmc_timer_cnt_inst/un5_pulse_
     clk_cry_15_0_S1_3 undriven or does not drive anything - clipped.
Signal stm05/ppmc_reg_S118M_inst/inst_ppmc_plsgen/ppmc_timer_cnt_inst/un5_pulse_
     clk_cry_15_0_S0_3 undriven or does not drive anything - clipped.
Signal stm05/ppmc_reg_S118M_inst/inst_ppmc_plsgen/ppmc_timer_cnt_inst/un5_pulse_
     clk_cry_13_0_S1_3 undriven or does not drive anything - clipped.
Signal stm05/ppmc_reg_S118M_inst/inst_ppmc_plsgen/ppmc_timer_cnt_inst/un5_pulse_
     clk_cry_13_0_S0_3 undriven or does not drive anything - clipped.
Signal stm05/ppmc_reg_S118M_inst/inst_ppmc_plsgen/ppmc_timer_cnt_inst/un5_pulse_
     clk_cry_11_0_S1_3 undriven or does not drive anything - clipped.
Signal stm05/ppmc_reg_S118M_inst/inst_ppmc_plsgen/ppmc_timer_cnt_inst/un5_pulse_
     clk_cry_11_0_S0_3 undriven or does not drive anything - clipped.
Signal stm05/ppmc_reg_S118M_inst/inst_ppmc_plsgen/ppmc_timer_cnt_inst/un5_pulse_
     clk_cry_9_0_S1_3 undriven or does not drive anything - clipped.
Signal stm05/ppmc_reg_S118M_inst/inst_ppmc_plsgen/ppmc_timer_cnt_inst/un5_pulse_
     clk_cry_9_0_S0_3 undriven or does not drive anything - clipped.
Signal stm05/ppmc_reg_S118M_inst/inst_ppmc_plsgen/ppmc_timer_cnt_inst/un5_pulse_
     clk_cry_7_0_S1_3 undriven or does not drive anything - clipped.
Signal stm05/ppmc_reg_S118M_inst/inst_ppmc_plsgen/ppmc_timer_cnt_inst/un5_pulse_
     clk_cry_7_0_S0_3 undriven or does not drive anything - clipped.
Signal stm05/ppmc_reg_S118M_inst/inst_ppmc_plsgen/ppmc_timer_cnt_inst/un5_pulse_
     clk_cry_5_0_S1_3 undriven or does not drive anything - clipped.
Signal stm05/ppmc_reg_S118M_inst/inst_ppmc_plsgen/ppmc_timer_cnt_inst/un5_pulse_
     clk_cry_5_0_S0_3 undriven or does not drive anything - clipped.
Signal stm05/ppmc_reg_S118M_inst/inst_ppmc_plsgen/ppmc_timer_cnt_inst/un5_pulse_
     clk_cry_3_0_S1_3 undriven or does not drive anything - clipped.
Signal stm05/ppmc_reg_S118M_inst/inst_ppmc_plsgen/ppmc_timer_cnt_inst/un5_pulse_
     clk_cry_3_0_S0_3 undriven or does not drive anything - clipped.
Signal stm05/ppmc_reg_S118M_inst/inst_ppmc_plsgen/ppmc_timer_cnt_inst/un5_pulse_

                                   Page 144




Design:  SP0557                                        Date:  02/28/26  21:16:30

Removed logic (cont)
--------------------
     clk_cry_1_0_S1_3 undriven or does not drive anything - clipped.
Signal stm05/ppmc_reg_S118M_inst/inst_ppmc_plsgen/ppmc_timer_cnt_inst/un5_pulse_
     clk_cry_1_0_S0_3 undriven or does not drive anything - clipped.
Signal stm05/ppmc_reg_S118M_inst/inst_ppmc_plsgen/ppmc_timer_cnt_inst/un5_pulse_
     clk_cry_0_0_S1_3 undriven or does not drive anything - clipped.
Signal stm05/ppmc_reg_S118M_inst/inst_ppmc_plsgen/ppmc_timer_cnt_inst/un5_pulse_
     clk_cry_0_0_S0_3 undriven or does not drive anything - clipped.
Signal stm05/ppmc_reg_S118M_inst/inst_ppmc_plsgen/ppmc_timer_cnt_inst/N_1
     undriven or does not drive anything - clipped.
Signal stm05/ppmc_reg_S118M_inst/inst_ppmc_plsgen/ppmc_timer_cnt_inst/un1_reg_2_
     cry_17_0_COUT_3 undriven or does not drive anything - clipped.
Signal stm05/ppmc_reg_S118M_inst/inst_ppmc_plsgen/ppmc_timer_cnt_inst/un1_reg_2_
     cry_0_0_S1_3 undriven or does not drive anything - clipped.
Signal stm05/ppmc_reg_S118M_inst/inst_ppmc_plsgen/ppmc_timer_cnt_inst/un1_reg_2_
     cry_0_0_S0_3 undriven or does not drive anything - clipped.
Signal stm05/ppmc_reg_S118M_inst/inst_ppmc_plsgen/ppmc_timer_cnt_inst/N_2
     undriven or does not drive anything - clipped.
Signal stm05/ppmc_reg_S118M_inst/inst_ppmc_plsgen/ppmc_timer_cnt_inst/un1_reg_2_
     4_cry_17_COUT_3 undriven or does not drive anything - clipped.
Signal stm05/ppmc_reg_S118M_inst/inst_ppmc_plsgen/ppmc_timer_cnt_inst/un1_reg_2_
     4_cry_0_S1_3 undriven or does not drive anything - clipped.
Signal stm05/ppmc_reg_S118M_inst/inst_ppmc_plsgen/ppmc_timer_cnt_inst/un1_reg_2_
     4_cry_0_S0_3 undriven or does not drive anything - clipped.
Signal stm05/ppmc_reg_S118M_inst/inst_ppmc_plsgen/ppmc_timer_cnt_inst/N_3
     undriven or does not drive anything - clipped.
Signal stm05/ppmc_reg_S118M_inst/inst_ppmc_plsgen/ppmc_pls_cnt_inst/un4_o_slow_0
     _I_21_0_S0_3 undriven or does not drive anything - clipped.
Signal stm05/ppmc_reg_S118M_inst/inst_ppmc_plsgen/ppmc_pls_cnt_inst/un4_o_slow_0
     _I_21_0_COUT_3 undriven or does not drive anything - clipped.
Signal stm05/ppmc_reg_S118M_inst/inst_ppmc_plsgen/ppmc_pls_cnt_inst/un4_o_slow_0
     _I_33_0_S1_3 undriven or does not drive anything - clipped.
Signal stm05/ppmc_reg_S118M_inst/inst_ppmc_plsgen/ppmc_pls_cnt_inst/un4_o_slow_0
     _I_33_0_S0_3 undriven or does not drive anything - clipped.
Signal stm05/ppmc_reg_S118M_inst/inst_ppmc_plsgen/ppmc_pls_cnt_inst/un4_o_slow_0
     _I_27_0_S1_3 undriven or does not drive anything - clipped.
Signal stm05/ppmc_reg_S118M_inst/inst_ppmc_plsgen/ppmc_pls_cnt_inst/un4_o_slow_0
     _I_27_0_S0_3 undriven or does not drive anything - clipped.
Signal stm05/ppmc_reg_S118M_inst/inst_ppmc_plsgen/ppmc_pls_cnt_inst/un4_o_slow_0
     _I_9_0_S1_3 undriven or does not drive anything - clipped.
Signal stm05/ppmc_reg_S118M_inst/inst_ppmc_plsgen/ppmc_pls_cnt_inst/un4_o_slow_0
     _I_9_0_S0_3 undriven or does not drive anything - clipped.
Signal stm05/ppmc_reg_S118M_inst/inst_ppmc_plsgen/ppmc_pls_cnt_inst/un4_o_slow_0
     _I_1_0_S1_3 undriven or does not drive anything - clipped.
Signal stm05/ppmc_reg_S118M_inst/inst_ppmc_plsgen/ppmc_pls_cnt_inst/un4_o_slow_0
     _I_1_0_S0_3 undriven or does not drive anything - clipped.
Signal stm05/ppmc_reg_S118M_inst/inst_ppmc_plsgen/ppmc_pls_cnt_inst/N_1 undriven
     or does not drive anything - clipped.
Signal stm05/ppmc_reg_S118M_inst/inst_ppmc_plsgen/ppmc_pls_cnt_inst/un5_pout_cry
     _7_0_S0_3 undriven or does not drive anything - clipped.
Signal stm05/ppmc_reg_S118M_inst/inst_ppmc_plsgen/ppmc_pls_cnt_inst/un5_pout_cry
     _7_0_COUT_3 undriven or does not drive anything - clipped.
Signal stm05/ppmc_reg_S118M_inst/inst_ppmc_plsgen/ppmc_pls_cnt_inst/un5_pout_cry
     _5_0_S1_3 undriven or does not drive anything - clipped.
Signal stm05/ppmc_reg_S118M_inst/inst_ppmc_plsgen/ppmc_pls_cnt_inst/un5_pout_cry
     _5_0_S0_3 undriven or does not drive anything - clipped.
Signal stm05/ppmc_reg_S118M_inst/inst_ppmc_plsgen/ppmc_pls_cnt_inst/un5_pout_cry

                                   Page 145




Design:  SP0557                                        Date:  02/28/26  21:16:30

Removed logic (cont)
--------------------
     _3_0_S1_3 undriven or does not drive anything - clipped.
Signal stm05/ppmc_reg_S118M_inst/inst_ppmc_plsgen/ppmc_pls_cnt_inst/un5_pout_cry
     _3_0_S0_3 undriven or does not drive anything - clipped.
Signal stm05/ppmc_reg_S118M_inst/inst_ppmc_plsgen/ppmc_pls_cnt_inst/un5_pout_cry
     _1_0_S1_3 undriven or does not drive anything - clipped.
Signal stm05/ppmc_reg_S118M_inst/inst_ppmc_plsgen/ppmc_pls_cnt_inst/un5_pout_cry
     _1_0_S0_3 undriven or does not drive anything - clipped.
Signal stm05/ppmc_reg_S118M_inst/inst_ppmc_plsgen/ppmc_pls_cnt_inst/un5_pout_cry
     _0_0_S1_3 undriven or does not drive anything - clipped.
Signal stm05/ppmc_reg_S118M_inst/inst_ppmc_plsgen/ppmc_pls_cnt_inst/un5_pout_cry
     _0_0_S0_3 undriven or does not drive anything - clipped.
Signal stm05/ppmc_reg_S118M_inst/inst_ppmc_plsgen/ppmc_pls_cnt_inst/N_2 undriven
     or does not drive anything - clipped.
Signal stm05/ppmc_reg_S118M_inst/inst_ppmc_plsgen/ppmc_pls_cnt_inst/un2_s_slow_c
     ry_15_0_S0_3 undriven or does not drive anything - clipped.
Signal stm05/ppmc_reg_S118M_inst/inst_ppmc_plsgen/ppmc_pls_cnt_inst/un2_s_slow_c
     ry_15_0_COUT_3 undriven or does not drive anything - clipped.
Signal stm05/ppmc_reg_S118M_inst/inst_ppmc_plsgen/ppmc_pls_cnt_inst/un2_s_slow_c
     ry_13_0_S1_3 undriven or does not drive anything - clipped.
Signal stm05/ppmc_reg_S118M_inst/inst_ppmc_plsgen/ppmc_pls_cnt_inst/un2_s_slow_c
     ry_13_0_S0_3 undriven or does not drive anything - clipped.
Signal stm05/ppmc_reg_S118M_inst/inst_ppmc_plsgen/ppmc_pls_cnt_inst/un2_s_slow_c
     ry_11_0_S1_3 undriven or does not drive anything - clipped.
Signal stm05/ppmc_reg_S118M_inst/inst_ppmc_plsgen/ppmc_pls_cnt_inst/un2_s_slow_c
     ry_11_0_S0_3 undriven or does not drive anything - clipped.
Signal stm05/ppmc_reg_S118M_inst/inst_ppmc_plsgen/ppmc_pls_cnt_inst/un2_s_slow_c
     ry_9_0_S1_3 undriven or does not drive anything - clipped.
Signal stm05/ppmc_reg_S118M_inst/inst_ppmc_plsgen/ppmc_pls_cnt_inst/un2_s_slow_c
     ry_9_0_S0_3 undriven or does not drive anything - clipped.
Signal stm05/ppmc_reg_S118M_inst/inst_ppmc_plsgen/ppmc_pls_cnt_inst/un2_s_slow_c
     ry_7_0_S1_3 undriven or does not drive anything - clipped.
Signal stm05/ppmc_reg_S118M_inst/inst_ppmc_plsgen/ppmc_pls_cnt_inst/un2_s_slow_c
     ry_7_0_S0_3 undriven or does not drive anything - clipped.
Signal stm05/ppmc_reg_S118M_inst/inst_ppmc_plsgen/ppmc_pls_cnt_inst/un2_s_slow_c
     ry_5_0_S1_3 undriven or does not drive anything - clipped.
Signal stm05/ppmc_reg_S118M_inst/inst_ppmc_plsgen/ppmc_pls_cnt_inst/un2_s_slow_c
     ry_5_0_S0_3 undriven or does not drive anything - clipped.
Signal stm05/ppmc_reg_S118M_inst/inst_ppmc_plsgen/ppmc_pls_cnt_inst/un2_s_slow_c
     ry_3_0_S1_3 undriven or does not drive anything - clipped.
Signal stm05/ppmc_reg_S118M_inst/inst_ppmc_plsgen/ppmc_pls_cnt_inst/un2_s_slow_c
     ry_3_0_S0_3 undriven or does not drive anything - clipped.
Signal stm05/ppmc_reg_S118M_inst/inst_ppmc_plsgen/ppmc_pls_cnt_inst/un2_s_slow_c
     ry_1_0_S1_3 undriven or does not drive anything - clipped.
Signal stm05/ppmc_reg_S118M_inst/inst_ppmc_plsgen/ppmc_pls_cnt_inst/un2_s_slow_c
     ry_1_0_S0_3 undriven or does not drive anything - clipped.
Signal stm05/ppmc_reg_S118M_inst/inst_ppmc_plsgen/ppmc_pls_cnt_inst/un2_s_slow_c
     ry_0_0_S1_3 undriven or does not drive anything - clipped.
Signal stm05/ppmc_reg_S118M_inst/inst_ppmc_plsgen/ppmc_pls_cnt_inst/un2_s_slow_c
     ry_0_0_S0_3 undriven or does not drive anything - clipped.
Signal stm05/ppmc_reg_S118M_inst/inst_ppmc_plsgen/ppmc_pls_cnt_inst/N_3 undriven
     or does not drive anything - clipped.
Signal stm05/ppmc_reg_S118M_inst/inst_ppmc_plsgen/ppmc_pls_cnt_inst/reg_s_0_S1_8
     [15] undriven or does not drive anything - clipped.
Signal stm05/ppmc_reg_S118M_inst/inst_ppmc_plsgen/ppmc_pls_cnt_inst/reg_s_0_COUT
     _8[15] undriven or does not drive anything - clipped.
Signal stm05/ppmc_reg_S118M_inst/inst_ppmc_plsgen/ppmc_pls_cnt_inst/reg_cry_0_S0

                                   Page 146




Design:  SP0557                                        Date:  02/28/26  21:16:30

Removed logic (cont)
--------------------
     _8[0] undriven or does not drive anything - clipped.
Signal stm05/ppmc_reg_S118M_inst/inst_ppmc_plsgen/ppmc_pls_cnt_inst/N_4 undriven
     or does not drive anything - clipped.
Signal stm05/ppmc_reg_S118M_inst/inst_ppmc_plsgen/ppmc_pls_cnt_inst/pre_pulse_s_
     0_S1_3[7] undriven or does not drive anything - clipped.
Signal stm05/ppmc_reg_S118M_inst/inst_ppmc_plsgen/ppmc_pls_cnt_inst/pre_pulse_s_
     0_COUT_3[7] undriven or does not drive anything - clipped.
Signal stm05/ppmc_reg_S118M_inst/inst_ppmc_plsgen/ppmc_pls_cnt_inst/pre_pulse_cr
     y_0_S0_3[0] undriven or does not drive anything - clipped.
Signal stm05/ppmc_reg_S118M_inst/inst_ppmc_plsgen/ppmc_pls_cnt_inst/N_5 undriven
     or does not drive anything - clipped.
Signal stm05/ppmc_reg_S118M_inst/inst_ppmc_enblr/enb_wait_cnt_s_0_S1_3[13]
     undriven or does not drive anything - clipped.
Signal stm05/ppmc_reg_S118M_inst/inst_ppmc_enblr/enb_wait_cnt_s_0_COUT_3[13]
     undriven or does not drive anything - clipped.
Signal stm05/ppmc_reg_S118M_inst/inst_ppmc_enblr/enb_wait_cnt_cry_0_S0_3[0]
     undriven or does not drive anything - clipped.
Signal stm05/ppmc_reg_S118M_inst/inst_ppmc_enblr/N_1 undriven or does not drive
     anything - clipped.
Signal stm05/ppmc_reg_S118M_inst/inst_ppmc_ctrl/speed_0_I_21_0_S0_3 undriven or
     does not drive anything - clipped.
Signal stm05/ppmc_reg_S118M_inst/inst_ppmc_ctrl/speed_0_I_21_0_COUT_3 undriven
     or does not drive anything - clipped.
Signal stm05/ppmc_reg_S118M_inst/inst_ppmc_ctrl/speed_0_I_33_0_S1_3 undriven or
     does not drive anything - clipped.
Signal stm05/ppmc_reg_S118M_inst/inst_ppmc_ctrl/speed_0_I_33_0_S0_3 undriven or
     does not drive anything - clipped.
Signal stm05/ppmc_reg_S118M_inst/inst_ppmc_ctrl/speed_0_I_27_0_S1_3 undriven or
     does not drive anything - clipped.
Signal stm05/ppmc_reg_S118M_inst/inst_ppmc_ctrl/speed_0_I_27_0_S0_3 undriven or
     does not drive anything - clipped.
Signal stm05/ppmc_reg_S118M_inst/inst_ppmc_ctrl/speed_0_I_9_0_S1_3 undriven or
     does not drive anything - clipped.
Signal stm05/ppmc_reg_S118M_inst/inst_ppmc_ctrl/speed_0_I_9_0_S0_3 undriven or
     does not drive anything - clipped.
Signal stm05/ppmc_reg_S118M_inst/inst_ppmc_ctrl/speed_0_I_1_0_S1_3 undriven or
     does not drive anything - clipped.
Signal stm05/ppmc_reg_S118M_inst/inst_ppmc_ctrl/speed_0_I_1_0_S0_3 undriven or
     does not drive anything - clipped.
Signal stm05/ppmc_reg_S118M_inst/inst_ppmc_ctrl/N_1 undriven or does not drive
     anything - clipped.
Signal stm05/ppmc_reg_S118M_inst/inst_ppmc_ctrl/un1_speed_0_I_21_0_S0_3 undriven
     or does not drive anything - clipped.
Signal stm05/ppmc_reg_S118M_inst/inst_ppmc_ctrl/un1_speed_0_I_21_0_COUT_3
     undriven or does not drive anything - clipped.
Signal stm05/ppmc_reg_S118M_inst/inst_ppmc_ctrl/un1_speed_0_I_33_0_S1_3 undriven
     or does not drive anything - clipped.
Signal stm05/ppmc_reg_S118M_inst/inst_ppmc_ctrl/un1_speed_0_I_33_0_S0_3 undriven
     or does not drive anything - clipped.
Signal stm05/ppmc_reg_S118M_inst/inst_ppmc_ctrl/un1_speed_0_I_27_0_S1_3 undriven
     or does not drive anything - clipped.
Signal stm05/ppmc_reg_S118M_inst/inst_ppmc_ctrl/un1_speed_0_I_27_0_S0_3 undriven
     or does not drive anything - clipped.
Signal stm05/ppmc_reg_S118M_inst/inst_ppmc_ctrl/un1_speed_0_I_9_0_S1_3 undriven
     or does not drive anything - clipped.
Signal stm05/ppmc_reg_S118M_inst/inst_ppmc_ctrl/un1_speed_0_I_9_0_S0_3 undriven

                                   Page 147




Design:  SP0557                                        Date:  02/28/26  21:16:30

Removed logic (cont)
--------------------
     or does not drive anything - clipped.
Signal stm05/ppmc_reg_S118M_inst/inst_ppmc_ctrl/un1_speed_0_I_1_0_S1_3 undriven
     or does not drive anything - clipped.
Signal stm05/ppmc_reg_S118M_inst/inst_ppmc_ctrl/un1_speed_0_I_1_0_S0_3 undriven
     or does not drive anything - clipped.
Signal stm05/ppmc_reg_S118M_inst/inst_ppmc_ctrl/N_6 undriven or does not drive
     anything - clipped.
Signal stm05/ppmc_reg_S118M_inst/inst_ppmc_ctrl/un6_more_flg_cry_15_0_S0_3
     undriven or does not drive anything - clipped.
Signal stm05/ppmc_reg_S118M_inst/inst_ppmc_ctrl/un6_more_flg_cry_15_0_COUT_3
     undriven or does not drive anything - clipped.
Signal stm05/ppmc_reg_S118M_inst/inst_ppmc_ctrl/un6_more_flg_cry_13_0_S1_3
     undriven or does not drive anything - clipped.
Signal stm05/ppmc_reg_S118M_inst/inst_ppmc_ctrl/un6_more_flg_cry_13_0_S0_3
     undriven or does not drive anything - clipped.
Signal stm05/ppmc_reg_S118M_inst/inst_ppmc_ctrl/un6_more_flg_cry_11_0_S1_3
     undriven or does not drive anything - clipped.
Signal stm05/ppmc_reg_S118M_inst/inst_ppmc_ctrl/un6_more_flg_cry_11_0_S0_3
     undriven or does not drive anything - clipped.
Signal stm05/ppmc_reg_S118M_inst/inst_ppmc_ctrl/un6_more_flg_cry_9_0_S1_3
     undriven or does not drive anything - clipped.
Signal stm05/ppmc_reg_S118M_inst/inst_ppmc_ctrl/un6_more_flg_cry_9_0_S0_3
     undriven or does not drive anything - clipped.
Signal stm05/ppmc_reg_S118M_inst/inst_ppmc_ctrl/un6_more_flg_cry_7_0_S1_3
     undriven or does not drive anything - clipped.
Signal stm05/ppmc_reg_S118M_inst/inst_ppmc_ctrl/un6_more_flg_cry_7_0_S0_3
     undriven or does not drive anything - clipped.
Signal stm05/ppmc_reg_S118M_inst/inst_ppmc_ctrl/un6_more_flg_cry_5_0_S1_3
     undriven or does not drive anything - clipped.
Signal stm05/ppmc_reg_S118M_inst/inst_ppmc_ctrl/un6_more_flg_cry_5_0_S0_3
     undriven or does not drive anything - clipped.
Signal stm05/ppmc_reg_S118M_inst/inst_ppmc_ctrl/un6_more_flg_cry_3_0_S1_3
     undriven or does not drive anything - clipped.
Signal stm05/ppmc_reg_S118M_inst/inst_ppmc_ctrl/un6_more_flg_cry_3_0_S0_3
     undriven or does not drive anything - clipped.
Signal stm05/ppmc_reg_S118M_inst/inst_ppmc_ctrl/un6_more_flg_cry_1_0_S1_3
     undriven or does not drive anything - clipped.
Signal stm05/ppmc_reg_S118M_inst/inst_ppmc_ctrl/un6_more_flg_cry_1_0_S0_3
     undriven or does not drive anything - clipped.
Signal stm05/ppmc_reg_S118M_inst/inst_ppmc_ctrl/un6_more_flg_cry_0_0_S1_3
     undriven or does not drive anything - clipped.
Signal stm05/ppmc_reg_S118M_inst/inst_ppmc_ctrl/un6_more_flg_cry_0_0_S0_3
     undriven or does not drive anything - clipped.
Signal stm05/ppmc_reg_S118M_inst/inst_ppmc_ctrl/N_7 undriven or does not drive
     anything - clipped.
Signal stm05/ppmc_reg_S118M_inst/inst_ppmc_ctrl/more_cnt_s_0_S1_3[15] undriven
     or does not drive anything - clipped.
Signal stm05/ppmc_reg_S118M_inst/inst_ppmc_ctrl/more_cnt_s_0_COUT_3[15] undriven
     or does not drive anything - clipped.
Signal stm05/ppmc_reg_S118M_inst/inst_ppmc_ctrl/more_cnt_cry_0_S0_3[0] undriven
     or does not drive anything - clipped.
Signal stm05/ppmc_reg_S118M_inst/inst_ppmc_ctrl/N_8 undriven or does not drive
     anything - clipped.
Signal stm05/ppmc_reg_S118M_inst/inst_ppmc_cmdchk/un13_command_hit_cry_15_0_S0_3
     undriven or does not drive anything - clipped.
Signal stm05/ppmc_reg_S118M_inst/inst_ppmc_cmdchk/un13_command_hit_cry_15_0_COUT

                                   Page 148




Design:  SP0557                                        Date:  02/28/26  21:16:30

Removed logic (cont)
--------------------
     _3 undriven or does not drive anything - clipped.
Signal stm05/ppmc_reg_S118M_inst/inst_ppmc_cmdchk/un13_command_hit_cry_13_0_S1_3
     undriven or does not drive anything - clipped.
Signal stm05/ppmc_reg_S118M_inst/inst_ppmc_cmdchk/un13_command_hit_cry_13_0_S0_3
     undriven or does not drive anything - clipped.
Signal stm05/ppmc_reg_S118M_inst/inst_ppmc_cmdchk/un13_command_hit_cry_11_0_S1_3
     undriven or does not drive anything - clipped.
Signal stm05/ppmc_reg_S118M_inst/inst_ppmc_cmdchk/un13_command_hit_cry_11_0_S0_3
     undriven or does not drive anything - clipped.
Signal stm05/ppmc_reg_S118M_inst/inst_ppmc_cmdchk/un13_command_hit_cry_9_0_S1_3
     undriven or does not drive anything - clipped.
Signal stm05/ppmc_reg_S118M_inst/inst_ppmc_cmdchk/un13_command_hit_cry_9_0_S0_3
     undriven or does not drive anything - clipped.
Signal stm05/ppmc_reg_S118M_inst/inst_ppmc_cmdchk/un13_command_hit_cry_7_0_S1_3
     undriven or does not drive anything - clipped.
Signal stm05/ppmc_reg_S118M_inst/inst_ppmc_cmdchk/un13_command_hit_cry_7_0_S0_3
     undriven or does not drive anything - clipped.
Signal stm05/ppmc_reg_S118M_inst/inst_ppmc_cmdchk/un13_command_hit_cry_5_0_S1_3
     undriven or does not drive anything - clipped.
Signal stm05/ppmc_reg_S118M_inst/inst_ppmc_cmdchk/un13_command_hit_cry_5_0_S0_3
     undriven or does not drive anything - clipped.
Signal stm05/ppmc_reg_S118M_inst/inst_ppmc_cmdchk/un13_command_hit_cry_3_0_S1_3
     undriven or does not drive anything - clipped.
Signal stm05/ppmc_reg_S118M_inst/inst_ppmc_cmdchk/un13_command_hit_cry_3_0_S0_3
     undriven or does not drive anything - clipped.
Signal stm05/ppmc_reg_S118M_inst/inst_ppmc_cmdchk/un13_command_hit_cry_1_0_S1_3
     undriven or does not drive anything - clipped.
Signal stm05/ppmc_reg_S118M_inst/inst_ppmc_cmdchk/un13_command_hit_cry_1_0_S0_3
     undriven or does not drive anything - clipped.
Signal stm05/ppmc_reg_S118M_inst/inst_ppmc_cmdchk/un13_command_hit_cry_0_0_S1_3
     undriven or does not drive anything - clipped.
Signal stm05/ppmc_reg_S118M_inst/inst_ppmc_cmdchk/un13_command_hit_cry_0_0_S0_3
     undriven or does not drive anything - clipped.
Signal stm05/ppmc_reg_S118M_inst/inst_ppmc_cmdchk/N_1 undriven or does not drive
     anything - clipped.
Signal stm06/ppmc_reg_S118M_inst/inst_ppmc_plsgen/ppmc_acc_tim_gen_inst/un2_reg_
     0_I_21_0_S0_4 undriven or does not drive anything - clipped.
Signal stm06/ppmc_reg_S118M_inst/inst_ppmc_plsgen/ppmc_acc_tim_gen_inst/un2_reg_
     0_I_21_0_COUT_4 undriven or does not drive anything - clipped.
Signal stm06/ppmc_reg_S118M_inst/inst_ppmc_plsgen/ppmc_acc_tim_gen_inst/un2_reg_
     0_I_33_0_S1_4 undriven or does not drive anything - clipped.
Signal stm06/ppmc_reg_S118M_inst/inst_ppmc_plsgen/ppmc_acc_tim_gen_inst/un2_reg_
     0_I_33_0_S0_4 undriven or does not drive anything - clipped.
Signal stm06/ppmc_reg_S118M_inst/inst_ppmc_plsgen/ppmc_acc_tim_gen_inst/un2_reg_
     0_I_27_0_S1_4 undriven or does not drive anything - clipped.
Signal stm06/ppmc_reg_S118M_inst/inst_ppmc_plsgen/ppmc_acc_tim_gen_inst/un2_reg_
     0_I_27_0_S0_4 undriven or does not drive anything - clipped.
Signal stm06/ppmc_reg_S118M_inst/inst_ppmc_plsgen/ppmc_acc_tim_gen_inst/un2_reg_
     0_I_9_0_S1_4 undriven or does not drive anything - clipped.
Signal stm06/ppmc_reg_S118M_inst/inst_ppmc_plsgen/ppmc_acc_tim_gen_inst/un2_reg_
     0_I_9_0_S0_4 undriven or does not drive anything - clipped.
Signal stm06/ppmc_reg_S118M_inst/inst_ppmc_plsgen/ppmc_acc_tim_gen_inst/un2_reg_
     0_I_1_0_S1_4 undriven or does not drive anything - clipped.
Signal stm06/ppmc_reg_S118M_inst/inst_ppmc_plsgen/ppmc_acc_tim_gen_inst/un2_reg_
     0_I_1_0_S0_4 undriven or does not drive anything - clipped.
Signal stm06/ppmc_reg_S118M_inst/inst_ppmc_plsgen/ppmc_acc_tim_gen_inst/N_1

                                   Page 149




Design:  SP0557                                        Date:  02/28/26  21:16:30

Removed logic (cont)
--------------------
     undriven or does not drive anything - clipped.
Signal stm06/ppmc_reg_S118M_inst/inst_ppmc_plsgen/ppmc_acc_tim_gen_inst/reg_s_0_
     S1_9[15] undriven or does not drive anything - clipped.
Signal stm06/ppmc_reg_S118M_inst/inst_ppmc_plsgen/ppmc_acc_tim_gen_inst/reg_s_0_
     COUT_9[15] undriven or does not drive anything - clipped.
Signal stm06/ppmc_reg_S118M_inst/inst_ppmc_plsgen/ppmc_acc_tim_gen_inst/reg_cry_
     0_S0_9[0] undriven or does not drive anything - clipped.
Signal stm06/ppmc_reg_S118M_inst/inst_ppmc_plsgen/ppmc_acc_tim_gen_inst/N_2
     undriven or does not drive anything - clipped.
Signal stm06/ppmc_reg_S118M_inst/inst_ppmc_plsgen/ppmc_speed_cnt_inst/un2_acc_pu
     lse_cry_15_0_S0_4 undriven or does not drive anything - clipped.
Signal stm06/ppmc_reg_S118M_inst/inst_ppmc_plsgen/ppmc_speed_cnt_inst/un2_acc_pu
     lse_cry_15_0_COUT_4 undriven or does not drive anything - clipped.
Signal stm06/ppmc_reg_S118M_inst/inst_ppmc_plsgen/ppmc_speed_cnt_inst/un2_acc_pu
     lse_cry_13_0_S1_4 undriven or does not drive anything - clipped.
Signal stm06/ppmc_reg_S118M_inst/inst_ppmc_plsgen/ppmc_speed_cnt_inst/un2_acc_pu
     lse_cry_13_0_S0_4 undriven or does not drive anything - clipped.
Signal stm06/ppmc_reg_S118M_inst/inst_ppmc_plsgen/ppmc_speed_cnt_inst/un2_acc_pu
     lse_cry_11_0_S1_4 undriven or does not drive anything - clipped.
Signal stm06/ppmc_reg_S118M_inst/inst_ppmc_plsgen/ppmc_speed_cnt_inst/un2_acc_pu
     lse_cry_11_0_S0_4 undriven or does not drive anything - clipped.
Signal stm06/ppmc_reg_S118M_inst/inst_ppmc_plsgen/ppmc_speed_cnt_inst/un2_acc_pu
     lse_cry_9_0_S1_4 undriven or does not drive anything - clipped.
Signal stm06/ppmc_reg_S118M_inst/inst_ppmc_plsgen/ppmc_speed_cnt_inst/un2_acc_pu
     lse_cry_9_0_S0_4 undriven or does not drive anything - clipped.
Signal stm06/ppmc_reg_S118M_inst/inst_ppmc_plsgen/ppmc_speed_cnt_inst/un2_acc_pu
     lse_cry_7_0_S1_4 undriven or does not drive anything - clipped.
Signal stm06/ppmc_reg_S118M_inst/inst_ppmc_plsgen/ppmc_speed_cnt_inst/un2_acc_pu
     lse_cry_7_0_S0_4 undriven or does not drive anything - clipped.
Signal stm06/ppmc_reg_S118M_inst/inst_ppmc_plsgen/ppmc_speed_cnt_inst/un2_acc_pu
     lse_cry_5_0_S1_4 undriven or does not drive anything - clipped.
Signal stm06/ppmc_reg_S118M_inst/inst_ppmc_plsgen/ppmc_speed_cnt_inst/un2_acc_pu
     lse_cry_5_0_S0_4 undriven or does not drive anything - clipped.
Signal stm06/ppmc_reg_S118M_inst/inst_ppmc_plsgen/ppmc_speed_cnt_inst/un2_acc_pu
     lse_cry_3_0_S1_4 undriven or does not drive anything - clipped.
Signal stm06/ppmc_reg_S118M_inst/inst_ppmc_plsgen/ppmc_speed_cnt_inst/un2_acc_pu
     lse_cry_3_0_S0_4 undriven or does not drive anything - clipped.
Signal stm06/ppmc_reg_S118M_inst/inst_ppmc_plsgen/ppmc_speed_cnt_inst/un2_acc_pu
     lse_cry_1_0_S1_4 undriven or does not drive anything - clipped.
Signal stm06/ppmc_reg_S118M_inst/inst_ppmc_plsgen/ppmc_speed_cnt_inst/un2_acc_pu
     lse_cry_1_0_S0_4 undriven or does not drive anything - clipped.
Signal stm06/ppmc_reg_S118M_inst/inst_ppmc_plsgen/ppmc_speed_cnt_inst/un2_acc_pu
     lse_cry_0_0_S1_4 undriven or does not drive anything - clipped.
Signal stm06/ppmc_reg_S118M_inst/inst_ppmc_plsgen/ppmc_speed_cnt_inst/un2_acc_pu
     lse_cry_0_0_S0_4 undriven or does not drive anything - clipped.
Signal stm06/ppmc_reg_S118M_inst/inst_ppmc_plsgen/ppmc_speed_cnt_inst/N_6
     undriven or does not drive anything - clipped.
Signal stm06/ppmc_reg_S118M_inst/inst_ppmc_plsgen/ppmc_speed_cnt_inst/un8_acc_pu
     lse_cry_15_0_S0_4 undriven or does not drive anything - clipped.
Signal stm06/ppmc_reg_S118M_inst/inst_ppmc_plsgen/ppmc_speed_cnt_inst/un8_acc_pu
     lse_cry_15_0_COUT_4 undriven or does not drive anything - clipped.
Signal stm06/ppmc_reg_S118M_inst/inst_ppmc_plsgen/ppmc_speed_cnt_inst/un8_acc_pu
     lse_cry_13_0_S1_4 undriven or does not drive anything - clipped.
Signal stm06/ppmc_reg_S118M_inst/inst_ppmc_plsgen/ppmc_speed_cnt_inst/un8_acc_pu
     lse_cry_13_0_S0_4 undriven or does not drive anything - clipped.
Signal stm06/ppmc_reg_S118M_inst/inst_ppmc_plsgen/ppmc_speed_cnt_inst/un8_acc_pu

                                   Page 150




Design:  SP0557                                        Date:  02/28/26  21:16:30

Removed logic (cont)
--------------------
     lse_cry_11_0_S1_4 undriven or does not drive anything - clipped.
Signal stm06/ppmc_reg_S118M_inst/inst_ppmc_plsgen/ppmc_speed_cnt_inst/un8_acc_pu
     lse_cry_11_0_S0_4 undriven or does not drive anything - clipped.
Signal stm06/ppmc_reg_S118M_inst/inst_ppmc_plsgen/ppmc_speed_cnt_inst/un8_acc_pu
     lse_cry_9_0_S1_4 undriven or does not drive anything - clipped.
Signal stm06/ppmc_reg_S118M_inst/inst_ppmc_plsgen/ppmc_speed_cnt_inst/un8_acc_pu
     lse_cry_9_0_S0_4 undriven or does not drive anything - clipped.
Signal stm06/ppmc_reg_S118M_inst/inst_ppmc_plsgen/ppmc_speed_cnt_inst/un8_acc_pu
     lse_cry_7_0_S1_4 undriven or does not drive anything - clipped.
Signal stm06/ppmc_reg_S118M_inst/inst_ppmc_plsgen/ppmc_speed_cnt_inst/un8_acc_pu
     lse_cry_7_0_S0_4 undriven or does not drive anything - clipped.
Signal stm06/ppmc_reg_S118M_inst/inst_ppmc_plsgen/ppmc_speed_cnt_inst/un8_acc_pu
     lse_cry_5_0_S1_4 undriven or does not drive anything - clipped.
Signal stm06/ppmc_reg_S118M_inst/inst_ppmc_plsgen/ppmc_speed_cnt_inst/un8_acc_pu
     lse_cry_5_0_S0_4 undriven or does not drive anything - clipped.
Signal stm06/ppmc_reg_S118M_inst/inst_ppmc_plsgen/ppmc_speed_cnt_inst/un8_acc_pu
     lse_cry_3_0_S1_4 undriven or does not drive anything - clipped.
Signal stm06/ppmc_reg_S118M_inst/inst_ppmc_plsgen/ppmc_speed_cnt_inst/un8_acc_pu
     lse_cry_3_0_S0_4 undriven or does not drive anything - clipped.
Signal stm06/ppmc_reg_S118M_inst/inst_ppmc_plsgen/ppmc_speed_cnt_inst/un8_acc_pu
     lse_cry_1_0_S1_4 undriven or does not drive anything - clipped.
Signal stm06/ppmc_reg_S118M_inst/inst_ppmc_plsgen/ppmc_speed_cnt_inst/un8_acc_pu
     lse_cry_1_0_S0_4 undriven or does not drive anything - clipped.
Signal stm06/ppmc_reg_S118M_inst/inst_ppmc_plsgen/ppmc_speed_cnt_inst/un8_acc_pu
     lse_cry_0_0_S1_4 undriven or does not drive anything - clipped.
Signal stm06/ppmc_reg_S118M_inst/inst_ppmc_plsgen/ppmc_speed_cnt_inst/un8_acc_pu
     lse_cry_0_0_S0_4 undriven or does not drive anything - clipped.
Signal stm06/ppmc_reg_S118M_inst/inst_ppmc_plsgen/ppmc_speed_cnt_inst/N_7
     undriven or does not drive anything - clipped.
Signal stm06/ppmc_reg_S118M_inst/inst_ppmc_plsgen/ppmc_speed_cnt_inst/reg_cry_0_
     COUT_4[14] undriven or does not drive anything - clipped.
Signal stm06/ppmc_reg_S118M_inst/inst_ppmc_plsgen/ppmc_speed_cnt_inst/reg_lcry_0
     _S1_4 undriven or does not drive anything - clipped.
Signal stm06/ppmc_reg_S118M_inst/inst_ppmc_plsgen/ppmc_speed_cnt_inst/reg_lcry_0
     _S0_4 undriven or does not drive anything - clipped.
Signal stm06/ppmc_reg_S118M_inst/inst_ppmc_plsgen/ppmc_speed_cnt_inst/N_8
     undriven or does not drive anything - clipped.
Signal stm06/ppmc_reg_S118M_inst/inst_ppmc_plsgen/ppmc_timer_cnt_inst/un5_pulse_
     clk_cry_18_0_S1_4 undriven or does not drive anything - clipped.
Signal stm06/ppmc_reg_S118M_inst/inst_ppmc_plsgen/ppmc_timer_cnt_inst/un5_pulse_
     clk_cry_18_0_COUT_4 undriven or does not drive anything - clipped.
Signal stm06/ppmc_reg_S118M_inst/inst_ppmc_plsgen/ppmc_timer_cnt_inst/un5_pulse_
     clk_cry_17_0_S1_4 undriven or does not drive anything - clipped.
Signal stm06/ppmc_reg_S118M_inst/inst_ppmc_plsgen/ppmc_timer_cnt_inst/un5_pulse_
     clk_cry_17_0_S0_4 undriven or does not drive anything - clipped.
Signal stm06/ppmc_reg_S118M_inst/inst_ppmc_plsgen/ppmc_timer_cnt_inst/un5_pulse_
     clk_cry_15_0_S1_4 undriven or does not drive anything - clipped.
Signal stm06/ppmc_reg_S118M_inst/inst_ppmc_plsgen/ppmc_timer_cnt_inst/un5_pulse_
     clk_cry_15_0_S0_4 undriven or does not drive anything - clipped.
Signal stm06/ppmc_reg_S118M_inst/inst_ppmc_plsgen/ppmc_timer_cnt_inst/un5_pulse_
     clk_cry_13_0_S1_4 undriven or does not drive anything - clipped.
Signal stm06/ppmc_reg_S118M_inst/inst_ppmc_plsgen/ppmc_timer_cnt_inst/un5_pulse_
     clk_cry_13_0_S0_4 undriven or does not drive anything - clipped.
Signal stm06/ppmc_reg_S118M_inst/inst_ppmc_plsgen/ppmc_timer_cnt_inst/un5_pulse_
     clk_cry_11_0_S1_4 undriven or does not drive anything - clipped.
Signal stm06/ppmc_reg_S118M_inst/inst_ppmc_plsgen/ppmc_timer_cnt_inst/un5_pulse_

                                   Page 151




Design:  SP0557                                        Date:  02/28/26  21:16:30

Removed logic (cont)
--------------------
     clk_cry_11_0_S0_4 undriven or does not drive anything - clipped.
Signal stm06/ppmc_reg_S118M_inst/inst_ppmc_plsgen/ppmc_timer_cnt_inst/un5_pulse_
     clk_cry_9_0_S1_4 undriven or does not drive anything - clipped.
Signal stm06/ppmc_reg_S118M_inst/inst_ppmc_plsgen/ppmc_timer_cnt_inst/un5_pulse_
     clk_cry_9_0_S0_4 undriven or does not drive anything - clipped.
Signal stm06/ppmc_reg_S118M_inst/inst_ppmc_plsgen/ppmc_timer_cnt_inst/un5_pulse_
     clk_cry_7_0_S1_4 undriven or does not drive anything - clipped.
Signal stm06/ppmc_reg_S118M_inst/inst_ppmc_plsgen/ppmc_timer_cnt_inst/un5_pulse_
     clk_cry_7_0_S0_4 undriven or does not drive anything - clipped.
Signal stm06/ppmc_reg_S118M_inst/inst_ppmc_plsgen/ppmc_timer_cnt_inst/un5_pulse_
     clk_cry_5_0_S1_4 undriven or does not drive anything - clipped.
Signal stm06/ppmc_reg_S118M_inst/inst_ppmc_plsgen/ppmc_timer_cnt_inst/un5_pulse_
     clk_cry_5_0_S0_4 undriven or does not drive anything - clipped.
Signal stm06/ppmc_reg_S118M_inst/inst_ppmc_plsgen/ppmc_timer_cnt_inst/un5_pulse_
     clk_cry_3_0_S1_4 undriven or does not drive anything - clipped.
Signal stm06/ppmc_reg_S118M_inst/inst_ppmc_plsgen/ppmc_timer_cnt_inst/un5_pulse_
     clk_cry_3_0_S0_4 undriven or does not drive anything - clipped.
Signal stm06/ppmc_reg_S118M_inst/inst_ppmc_plsgen/ppmc_timer_cnt_inst/un5_pulse_
     clk_cry_1_0_S1_4 undriven or does not drive anything - clipped.
Signal stm06/ppmc_reg_S118M_inst/inst_ppmc_plsgen/ppmc_timer_cnt_inst/un5_pulse_
     clk_cry_1_0_S0_4 undriven or does not drive anything - clipped.
Signal stm06/ppmc_reg_S118M_inst/inst_ppmc_plsgen/ppmc_timer_cnt_inst/un5_pulse_
     clk_cry_0_0_S1_4 undriven or does not drive anything - clipped.
Signal stm06/ppmc_reg_S118M_inst/inst_ppmc_plsgen/ppmc_timer_cnt_inst/un5_pulse_
     clk_cry_0_0_S0_4 undriven or does not drive anything - clipped.
Signal stm06/ppmc_reg_S118M_inst/inst_ppmc_plsgen/ppmc_timer_cnt_inst/N_1
     undriven or does not drive anything - clipped.
Signal stm06/ppmc_reg_S118M_inst/inst_ppmc_plsgen/ppmc_timer_cnt_inst/un1_reg_2_
     cry_17_0_COUT_4 undriven or does not drive anything - clipped.
Signal stm06/ppmc_reg_S118M_inst/inst_ppmc_plsgen/ppmc_timer_cnt_inst/un1_reg_2_
     cry_0_0_S1_4 undriven or does not drive anything - clipped.
Signal stm06/ppmc_reg_S118M_inst/inst_ppmc_plsgen/ppmc_timer_cnt_inst/un1_reg_2_
     cry_0_0_S0_4 undriven or does not drive anything - clipped.
Signal stm06/ppmc_reg_S118M_inst/inst_ppmc_plsgen/ppmc_timer_cnt_inst/N_2
     undriven or does not drive anything - clipped.
Signal stm06/ppmc_reg_S118M_inst/inst_ppmc_plsgen/ppmc_timer_cnt_inst/un1_reg_2_
     4_cry_17_COUT_4 undriven or does not drive anything - clipped.
Signal stm06/ppmc_reg_S118M_inst/inst_ppmc_plsgen/ppmc_timer_cnt_inst/un1_reg_2_
     4_cry_0_S1_4 undriven or does not drive anything - clipped.
Signal stm06/ppmc_reg_S118M_inst/inst_ppmc_plsgen/ppmc_timer_cnt_inst/un1_reg_2_
     4_cry_0_S0_4 undriven or does not drive anything - clipped.
Signal stm06/ppmc_reg_S118M_inst/inst_ppmc_plsgen/ppmc_timer_cnt_inst/N_3
     undriven or does not drive anything - clipped.
Signal stm06/ppmc_reg_S118M_inst/inst_ppmc_plsgen/ppmc_pls_cnt_inst/un4_o_slow_0
     _I_21_0_S0_4 undriven or does not drive anything - clipped.
Signal stm06/ppmc_reg_S118M_inst/inst_ppmc_plsgen/ppmc_pls_cnt_inst/un4_o_slow_0
     _I_21_0_COUT_4 undriven or does not drive anything - clipped.
Signal stm06/ppmc_reg_S118M_inst/inst_ppmc_plsgen/ppmc_pls_cnt_inst/un4_o_slow_0
     _I_33_0_S1_4 undriven or does not drive anything - clipped.
Signal stm06/ppmc_reg_S118M_inst/inst_ppmc_plsgen/ppmc_pls_cnt_inst/un4_o_slow_0
     _I_33_0_S0_4 undriven or does not drive anything - clipped.
Signal stm06/ppmc_reg_S118M_inst/inst_ppmc_plsgen/ppmc_pls_cnt_inst/un4_o_slow_0
     _I_27_0_S1_4 undriven or does not drive anything - clipped.
Signal stm06/ppmc_reg_S118M_inst/inst_ppmc_plsgen/ppmc_pls_cnt_inst/un4_o_slow_0
     _I_27_0_S0_4 undriven or does not drive anything - clipped.
Signal stm06/ppmc_reg_S118M_inst/inst_ppmc_plsgen/ppmc_pls_cnt_inst/un4_o_slow_0

                                   Page 152




Design:  SP0557                                        Date:  02/28/26  21:16:30

Removed logic (cont)
--------------------
     _I_9_0_S1_4 undriven or does not drive anything - clipped.
Signal stm06/ppmc_reg_S118M_inst/inst_ppmc_plsgen/ppmc_pls_cnt_inst/un4_o_slow_0
     _I_9_0_S0_4 undriven or does not drive anything - clipped.
Signal stm06/ppmc_reg_S118M_inst/inst_ppmc_plsgen/ppmc_pls_cnt_inst/un4_o_slow_0
     _I_1_0_S1_4 undriven or does not drive anything - clipped.
Signal stm06/ppmc_reg_S118M_inst/inst_ppmc_plsgen/ppmc_pls_cnt_inst/un4_o_slow_0
     _I_1_0_S0_4 undriven or does not drive anything - clipped.
Signal stm06/ppmc_reg_S118M_inst/inst_ppmc_plsgen/ppmc_pls_cnt_inst/N_1 undriven
     or does not drive anything - clipped.
Signal stm06/ppmc_reg_S118M_inst/inst_ppmc_plsgen/ppmc_pls_cnt_inst/un5_pout_cry
     _7_0_S0_4 undriven or does not drive anything - clipped.
Signal stm06/ppmc_reg_S118M_inst/inst_ppmc_plsgen/ppmc_pls_cnt_inst/un5_pout_cry
     _7_0_COUT_4 undriven or does not drive anything - clipped.
Signal stm06/ppmc_reg_S118M_inst/inst_ppmc_plsgen/ppmc_pls_cnt_inst/un5_pout_cry
     _5_0_S1_4 undriven or does not drive anything - clipped.
Signal stm06/ppmc_reg_S118M_inst/inst_ppmc_plsgen/ppmc_pls_cnt_inst/un5_pout_cry
     _5_0_S0_4 undriven or does not drive anything - clipped.
Signal stm06/ppmc_reg_S118M_inst/inst_ppmc_plsgen/ppmc_pls_cnt_inst/un5_pout_cry
     _3_0_S1_4 undriven or does not drive anything - clipped.
Signal stm06/ppmc_reg_S118M_inst/inst_ppmc_plsgen/ppmc_pls_cnt_inst/un5_pout_cry
     _3_0_S0_4 undriven or does not drive anything - clipped.
Signal stm06/ppmc_reg_S118M_inst/inst_ppmc_plsgen/ppmc_pls_cnt_inst/un5_pout_cry
     _1_0_S1_4 undriven or does not drive anything - clipped.
Signal stm06/ppmc_reg_S118M_inst/inst_ppmc_plsgen/ppmc_pls_cnt_inst/un5_pout_cry
     _1_0_S0_4 undriven or does not drive anything - clipped.
Signal stm06/ppmc_reg_S118M_inst/inst_ppmc_plsgen/ppmc_pls_cnt_inst/un5_pout_cry
     _0_0_S1_4 undriven or does not drive anything - clipped.
Signal stm06/ppmc_reg_S118M_inst/inst_ppmc_plsgen/ppmc_pls_cnt_inst/un5_pout_cry
     _0_0_S0_4 undriven or does not drive anything - clipped.
Signal stm06/ppmc_reg_S118M_inst/inst_ppmc_plsgen/ppmc_pls_cnt_inst/N_2 undriven
     or does not drive anything - clipped.
Signal stm06/ppmc_reg_S118M_inst/inst_ppmc_plsgen/ppmc_pls_cnt_inst/un2_s_slow_c
     ry_15_0_S0_4 undriven or does not drive anything - clipped.
Signal stm06/ppmc_reg_S118M_inst/inst_ppmc_plsgen/ppmc_pls_cnt_inst/un2_s_slow_c
     ry_15_0_COUT_4 undriven or does not drive anything - clipped.
Signal stm06/ppmc_reg_S118M_inst/inst_ppmc_plsgen/ppmc_pls_cnt_inst/un2_s_slow_c
     ry_13_0_S1_4 undriven or does not drive anything - clipped.
Signal stm06/ppmc_reg_S118M_inst/inst_ppmc_plsgen/ppmc_pls_cnt_inst/un2_s_slow_c
     ry_13_0_S0_4 undriven or does not drive anything - clipped.
Signal stm06/ppmc_reg_S118M_inst/inst_ppmc_plsgen/ppmc_pls_cnt_inst/un2_s_slow_c
     ry_11_0_S1_4 undriven or does not drive anything - clipped.
Signal stm06/ppmc_reg_S118M_inst/inst_ppmc_plsgen/ppmc_pls_cnt_inst/un2_s_slow_c
     ry_11_0_S0_4 undriven or does not drive anything - clipped.
Signal stm06/ppmc_reg_S118M_inst/inst_ppmc_plsgen/ppmc_pls_cnt_inst/un2_s_slow_c
     ry_9_0_S1_4 undriven or does not drive anything - clipped.
Signal stm06/ppmc_reg_S118M_inst/inst_ppmc_plsgen/ppmc_pls_cnt_inst/un2_s_slow_c
     ry_9_0_S0_4 undriven or does not drive anything - clipped.
Signal stm06/ppmc_reg_S118M_inst/inst_ppmc_plsgen/ppmc_pls_cnt_inst/un2_s_slow_c
     ry_7_0_S1_4 undriven or does not drive anything - clipped.
Signal stm06/ppmc_reg_S118M_inst/inst_ppmc_plsgen/ppmc_pls_cnt_inst/un2_s_slow_c
     ry_7_0_S0_4 undriven or does not drive anything - clipped.
Signal stm06/ppmc_reg_S118M_inst/inst_ppmc_plsgen/ppmc_pls_cnt_inst/un2_s_slow_c
     ry_5_0_S1_4 undriven or does not drive anything - clipped.
Signal stm06/ppmc_reg_S118M_inst/inst_ppmc_plsgen/ppmc_pls_cnt_inst/un2_s_slow_c
     ry_5_0_S0_4 undriven or does not drive anything - clipped.
Signal stm06/ppmc_reg_S118M_inst/inst_ppmc_plsgen/ppmc_pls_cnt_inst/un2_s_slow_c

                                   Page 153




Design:  SP0557                                        Date:  02/28/26  21:16:30

Removed logic (cont)
--------------------
     ry_3_0_S1_4 undriven or does not drive anything - clipped.
Signal stm06/ppmc_reg_S118M_inst/inst_ppmc_plsgen/ppmc_pls_cnt_inst/un2_s_slow_c
     ry_3_0_S0_4 undriven or does not drive anything - clipped.
Signal stm06/ppmc_reg_S118M_inst/inst_ppmc_plsgen/ppmc_pls_cnt_inst/un2_s_slow_c
     ry_1_0_S1_4 undriven or does not drive anything - clipped.
Signal stm06/ppmc_reg_S118M_inst/inst_ppmc_plsgen/ppmc_pls_cnt_inst/un2_s_slow_c
     ry_1_0_S0_4 undriven or does not drive anything - clipped.
Signal stm06/ppmc_reg_S118M_inst/inst_ppmc_plsgen/ppmc_pls_cnt_inst/un2_s_slow_c
     ry_0_0_S1_4 undriven or does not drive anything - clipped.
Signal stm06/ppmc_reg_S118M_inst/inst_ppmc_plsgen/ppmc_pls_cnt_inst/un2_s_slow_c
     ry_0_0_S0_4 undriven or does not drive anything - clipped.
Signal stm06/ppmc_reg_S118M_inst/inst_ppmc_plsgen/ppmc_pls_cnt_inst/N_3 undriven
     or does not drive anything - clipped.
Signal stm06/ppmc_reg_S118M_inst/inst_ppmc_plsgen/ppmc_pls_cnt_inst/reg_s_0_S1_1
     0[15] undriven or does not drive anything - clipped.
Signal stm06/ppmc_reg_S118M_inst/inst_ppmc_plsgen/ppmc_pls_cnt_inst/reg_s_0_COUT
     _10[15] undriven or does not drive anything - clipped.
Signal stm06/ppmc_reg_S118M_inst/inst_ppmc_plsgen/ppmc_pls_cnt_inst/reg_cry_0_S0
     _10[0] undriven or does not drive anything - clipped.
Signal stm06/ppmc_reg_S118M_inst/inst_ppmc_plsgen/ppmc_pls_cnt_inst/N_4 undriven
     or does not drive anything - clipped.
Signal stm06/ppmc_reg_S118M_inst/inst_ppmc_plsgen/ppmc_pls_cnt_inst/pre_pulse_s_
     0_S1_4[7] undriven or does not drive anything - clipped.
Signal stm06/ppmc_reg_S118M_inst/inst_ppmc_plsgen/ppmc_pls_cnt_inst/pre_pulse_s_
     0_COUT_4[7] undriven or does not drive anything - clipped.
Signal stm06/ppmc_reg_S118M_inst/inst_ppmc_plsgen/ppmc_pls_cnt_inst/pre_pulse_cr
     y_0_S0_4[0] undriven or does not drive anything - clipped.
Signal stm06/ppmc_reg_S118M_inst/inst_ppmc_plsgen/ppmc_pls_cnt_inst/N_5 undriven
     or does not drive anything - clipped.
Signal stm06/ppmc_reg_S118M_inst/inst_ppmc_enblr/enb_wait_cnt_s_0_S1_4[13]
     undriven or does not drive anything - clipped.
Signal stm06/ppmc_reg_S118M_inst/inst_ppmc_enblr/enb_wait_cnt_s_0_COUT_4[13]
     undriven or does not drive anything - clipped.
Signal stm06/ppmc_reg_S118M_inst/inst_ppmc_enblr/enb_wait_cnt_cry_0_S0_4[0]
     undriven or does not drive anything - clipped.
Signal stm06/ppmc_reg_S118M_inst/inst_ppmc_enblr/N_1 undriven or does not drive
     anything - clipped.
Signal stm06/ppmc_reg_S118M_inst/inst_ppmc_ctrl/speed_0_I_21_0_S0_4 undriven or
     does not drive anything - clipped.
Signal stm06/ppmc_reg_S118M_inst/inst_ppmc_ctrl/speed_0_I_21_0_COUT_4 undriven
     or does not drive anything - clipped.
Signal stm06/ppmc_reg_S118M_inst/inst_ppmc_ctrl/speed_0_I_33_0_S1_4 undriven or
     does not drive anything - clipped.
Signal stm06/ppmc_reg_S118M_inst/inst_ppmc_ctrl/speed_0_I_33_0_S0_4 undriven or
     does not drive anything - clipped.
Signal stm06/ppmc_reg_S118M_inst/inst_ppmc_ctrl/speed_0_I_27_0_S1_4 undriven or
     does not drive anything - clipped.
Signal stm06/ppmc_reg_S118M_inst/inst_ppmc_ctrl/speed_0_I_27_0_S0_4 undriven or
     does not drive anything - clipped.
Signal stm06/ppmc_reg_S118M_inst/inst_ppmc_ctrl/speed_0_I_9_0_S1_4 undriven or
     does not drive anything - clipped.
Signal stm06/ppmc_reg_S118M_inst/inst_ppmc_ctrl/speed_0_I_9_0_S0_4 undriven or
     does not drive anything - clipped.
Signal stm06/ppmc_reg_S118M_inst/inst_ppmc_ctrl/speed_0_I_1_0_S1_4 undriven or
     does not drive anything - clipped.
Signal stm06/ppmc_reg_S118M_inst/inst_ppmc_ctrl/speed_0_I_1_0_S0_4 undriven or

                                   Page 154




Design:  SP0557                                        Date:  02/28/26  21:16:30

Removed logic (cont)
--------------------
     does not drive anything - clipped.
Signal stm06/ppmc_reg_S118M_inst/inst_ppmc_ctrl/N_1 undriven or does not drive
     anything - clipped.
Signal stm06/ppmc_reg_S118M_inst/inst_ppmc_ctrl/un1_speed_0_I_21_0_S0_4 undriven
     or does not drive anything - clipped.
Signal stm06/ppmc_reg_S118M_inst/inst_ppmc_ctrl/un1_speed_0_I_21_0_COUT_4
     undriven or does not drive anything - clipped.
Signal stm06/ppmc_reg_S118M_inst/inst_ppmc_ctrl/un1_speed_0_I_33_0_S1_4 undriven
     or does not drive anything - clipped.
Signal stm06/ppmc_reg_S118M_inst/inst_ppmc_ctrl/un1_speed_0_I_33_0_S0_4 undriven
     or does not drive anything - clipped.
Signal stm06/ppmc_reg_S118M_inst/inst_ppmc_ctrl/un1_speed_0_I_27_0_S1_4 undriven
     or does not drive anything - clipped.
Signal stm06/ppmc_reg_S118M_inst/inst_ppmc_ctrl/un1_speed_0_I_27_0_S0_4 undriven
     or does not drive anything - clipped.
Signal stm06/ppmc_reg_S118M_inst/inst_ppmc_ctrl/un1_speed_0_I_9_0_S1_4 undriven
     or does not drive anything - clipped.
Signal stm06/ppmc_reg_S118M_inst/inst_ppmc_ctrl/un1_speed_0_I_9_0_S0_4 undriven
     or does not drive anything - clipped.
Signal stm06/ppmc_reg_S118M_inst/inst_ppmc_ctrl/un1_speed_0_I_1_0_S1_4 undriven
     or does not drive anything - clipped.
Signal stm06/ppmc_reg_S118M_inst/inst_ppmc_ctrl/un1_speed_0_I_1_0_S0_4 undriven
     or does not drive anything - clipped.
Signal stm06/ppmc_reg_S118M_inst/inst_ppmc_ctrl/N_6 undriven or does not drive
     anything - clipped.
Signal stm06/ppmc_reg_S118M_inst/inst_ppmc_ctrl/un6_more_flg_cry_15_0_S0_4
     undriven or does not drive anything - clipped.
Signal stm06/ppmc_reg_S118M_inst/inst_ppmc_ctrl/un6_more_flg_cry_15_0_COUT_4
     undriven or does not drive anything - clipped.
Signal stm06/ppmc_reg_S118M_inst/inst_ppmc_ctrl/un6_more_flg_cry_13_0_S1_4
     undriven or does not drive anything - clipped.
Signal stm06/ppmc_reg_S118M_inst/inst_ppmc_ctrl/un6_more_flg_cry_13_0_S0_4
     undriven or does not drive anything - clipped.
Signal stm06/ppmc_reg_S118M_inst/inst_ppmc_ctrl/un6_more_flg_cry_11_0_S1_4
     undriven or does not drive anything - clipped.
Signal stm06/ppmc_reg_S118M_inst/inst_ppmc_ctrl/un6_more_flg_cry_11_0_S0_4
     undriven or does not drive anything - clipped.
Signal stm06/ppmc_reg_S118M_inst/inst_ppmc_ctrl/un6_more_flg_cry_9_0_S1_4
     undriven or does not drive anything - clipped.
Signal stm06/ppmc_reg_S118M_inst/inst_ppmc_ctrl/un6_more_flg_cry_9_0_S0_4
     undriven or does not drive anything - clipped.
Signal stm06/ppmc_reg_S118M_inst/inst_ppmc_ctrl/un6_more_flg_cry_7_0_S1_4
     undriven or does not drive anything - clipped.
Signal stm06/ppmc_reg_S118M_inst/inst_ppmc_ctrl/un6_more_flg_cry_7_0_S0_4
     undriven or does not drive anything - clipped.
Signal stm06/ppmc_reg_S118M_inst/inst_ppmc_ctrl/un6_more_flg_cry_5_0_S1_4
     undriven or does not drive anything - clipped.
Signal stm06/ppmc_reg_S118M_inst/inst_ppmc_ctrl/un6_more_flg_cry_5_0_S0_4
     undriven or does not drive anything - clipped.
Signal stm06/ppmc_reg_S118M_inst/inst_ppmc_ctrl/un6_more_flg_cry_3_0_S1_4
     undriven or does not drive anything - clipped.
Signal stm06/ppmc_reg_S118M_inst/inst_ppmc_ctrl/un6_more_flg_cry_3_0_S0_4
     undriven or does not drive anything - clipped.
Signal stm06/ppmc_reg_S118M_inst/inst_ppmc_ctrl/un6_more_flg_cry_1_0_S1_4
     undriven or does not drive anything - clipped.
Signal stm06/ppmc_reg_S118M_inst/inst_ppmc_ctrl/un6_more_flg_cry_1_0_S0_4

                                   Page 155




Design:  SP0557                                        Date:  02/28/26  21:16:30

Removed logic (cont)
--------------------
     undriven or does not drive anything - clipped.
Signal stm06/ppmc_reg_S118M_inst/inst_ppmc_ctrl/un6_more_flg_cry_0_0_S1_4
     undriven or does not drive anything - clipped.
Signal stm06/ppmc_reg_S118M_inst/inst_ppmc_ctrl/un6_more_flg_cry_0_0_S0_4
     undriven or does not drive anything - clipped.
Signal stm06/ppmc_reg_S118M_inst/inst_ppmc_ctrl/N_7 undriven or does not drive
     anything - clipped.
Signal stm06/ppmc_reg_S118M_inst/inst_ppmc_ctrl/more_cnt_s_0_S1_4[15] undriven
     or does not drive anything - clipped.
Signal stm06/ppmc_reg_S118M_inst/inst_ppmc_ctrl/more_cnt_s_0_COUT_4[15] undriven
     or does not drive anything - clipped.
Signal stm06/ppmc_reg_S118M_inst/inst_ppmc_ctrl/more_cnt_cry_0_S0_4[0] undriven
     or does not drive anything - clipped.
Signal stm06/ppmc_reg_S118M_inst/inst_ppmc_ctrl/N_8 undriven or does not drive
     anything - clipped.
Signal stm06/ppmc_reg_S118M_inst/inst_ppmc_cmdchk/un13_command_hit_cry_15_0_S0_4
     undriven or does not drive anything - clipped.
Signal stm06/ppmc_reg_S118M_inst/inst_ppmc_cmdchk/un13_command_hit_cry_15_0_COUT
     _4 undriven or does not drive anything - clipped.
Signal stm06/ppmc_reg_S118M_inst/inst_ppmc_cmdchk/un13_command_hit_cry_13_0_S1_4
     undriven or does not drive anything - clipped.
Signal stm06/ppmc_reg_S118M_inst/inst_ppmc_cmdchk/un13_command_hit_cry_13_0_S0_4
     undriven or does not drive anything - clipped.
Signal stm06/ppmc_reg_S118M_inst/inst_ppmc_cmdchk/un13_command_hit_cry_11_0_S1_4
     undriven or does not drive anything - clipped.
Signal stm06/ppmc_reg_S118M_inst/inst_ppmc_cmdchk/un13_command_hit_cry_11_0_S0_4
     undriven or does not drive anything - clipped.
Signal stm06/ppmc_reg_S118M_inst/inst_ppmc_cmdchk/un13_command_hit_cry_9_0_S1_4
     undriven or does not drive anything - clipped.
Signal stm06/ppmc_reg_S118M_inst/inst_ppmc_cmdchk/un13_command_hit_cry_9_0_S0_4
     undriven or does not drive anything - clipped.
Signal stm06/ppmc_reg_S118M_inst/inst_ppmc_cmdchk/un13_command_hit_cry_7_0_S1_4
     undriven or does not drive anything - clipped.
Signal stm06/ppmc_reg_S118M_inst/inst_ppmc_cmdchk/un13_command_hit_cry_7_0_S0_4
     undriven or does not drive anything - clipped.
Signal stm06/ppmc_reg_S118M_inst/inst_ppmc_cmdchk/un13_command_hit_cry_5_0_S1_4
     undriven or does not drive anything - clipped.
Signal stm06/ppmc_reg_S118M_inst/inst_ppmc_cmdchk/un13_command_hit_cry_5_0_S0_4
     undriven or does not drive anything - clipped.
Signal stm06/ppmc_reg_S118M_inst/inst_ppmc_cmdchk/un13_command_hit_cry_3_0_S1_4
     undriven or does not drive anything - clipped.
Signal stm06/ppmc_reg_S118M_inst/inst_ppmc_cmdchk/un13_command_hit_cry_3_0_S0_4
     undriven or does not drive anything - clipped.
Signal stm06/ppmc_reg_S118M_inst/inst_ppmc_cmdchk/un13_command_hit_cry_1_0_S1_4
     undriven or does not drive anything - clipped.
Signal stm06/ppmc_reg_S118M_inst/inst_ppmc_cmdchk/un13_command_hit_cry_1_0_S0_4
     undriven or does not drive anything - clipped.
Signal stm06/ppmc_reg_S118M_inst/inst_ppmc_cmdchk/un13_command_hit_cry_0_0_S1_4
     undriven or does not drive anything - clipped.
Signal stm06/ppmc_reg_S118M_inst/inst_ppmc_cmdchk/un13_command_hit_cry_0_0_S0_4
     undriven or does not drive anything - clipped.
Signal stm06/ppmc_reg_S118M_inst/inst_ppmc_cmdchk/N_1 undriven or does not drive
     anything - clipped.
Signal stm07/ppmc_reg_S118M_inst/inst_ppmc_plsgen/ppmc_acc_tim_gen_inst/un2_reg_
     0_I_21_0_S0_5 undriven or does not drive anything - clipped.
Signal stm07/ppmc_reg_S118M_inst/inst_ppmc_plsgen/ppmc_acc_tim_gen_inst/un2_reg_

                                   Page 156




Design:  SP0557                                        Date:  02/28/26  21:16:30

Removed logic (cont)
--------------------
     0_I_21_0_COUT_5 undriven or does not drive anything - clipped.
Signal stm07/ppmc_reg_S118M_inst/inst_ppmc_plsgen/ppmc_acc_tim_gen_inst/un2_reg_
     0_I_33_0_S1_5 undriven or does not drive anything - clipped.
Signal stm07/ppmc_reg_S118M_inst/inst_ppmc_plsgen/ppmc_acc_tim_gen_inst/un2_reg_
     0_I_33_0_S0_5 undriven or does not drive anything - clipped.
Signal stm07/ppmc_reg_S118M_inst/inst_ppmc_plsgen/ppmc_acc_tim_gen_inst/un2_reg_
     0_I_27_0_S1_5 undriven or does not drive anything - clipped.
Signal stm07/ppmc_reg_S118M_inst/inst_ppmc_plsgen/ppmc_acc_tim_gen_inst/un2_reg_
     0_I_27_0_S0_5 undriven or does not drive anything - clipped.
Signal stm07/ppmc_reg_S118M_inst/inst_ppmc_plsgen/ppmc_acc_tim_gen_inst/un2_reg_
     0_I_9_0_S1_5 undriven or does not drive anything - clipped.
Signal stm07/ppmc_reg_S118M_inst/inst_ppmc_plsgen/ppmc_acc_tim_gen_inst/un2_reg_
     0_I_9_0_S0_5 undriven or does not drive anything - clipped.
Signal stm07/ppmc_reg_S118M_inst/inst_ppmc_plsgen/ppmc_acc_tim_gen_inst/un2_reg_
     0_I_1_0_S1_5 undriven or does not drive anything - clipped.
Signal stm07/ppmc_reg_S118M_inst/inst_ppmc_plsgen/ppmc_acc_tim_gen_inst/un2_reg_
     0_I_1_0_S0_5 undriven or does not drive anything - clipped.
Signal stm07/ppmc_reg_S118M_inst/inst_ppmc_plsgen/ppmc_acc_tim_gen_inst/N_1
     undriven or does not drive anything - clipped.
Signal stm07/ppmc_reg_S118M_inst/inst_ppmc_plsgen/ppmc_acc_tim_gen_inst/reg_s_0_
     S1_11[15] undriven or does not drive anything - clipped.
Signal stm07/ppmc_reg_S118M_inst/inst_ppmc_plsgen/ppmc_acc_tim_gen_inst/reg_s_0_
     COUT_11[15] undriven or does not drive anything - clipped.
Signal stm07/ppmc_reg_S118M_inst/inst_ppmc_plsgen/ppmc_acc_tim_gen_inst/reg_cry_
     0_S0_11[0] undriven or does not drive anything - clipped.
Signal stm07/ppmc_reg_S118M_inst/inst_ppmc_plsgen/ppmc_acc_tim_gen_inst/N_2
     undriven or does not drive anything - clipped.
Signal stm07/ppmc_reg_S118M_inst/inst_ppmc_plsgen/ppmc_speed_cnt_inst/un2_acc_pu
     lse_cry_15_0_S0_5 undriven or does not drive anything - clipped.
Signal stm07/ppmc_reg_S118M_inst/inst_ppmc_plsgen/ppmc_speed_cnt_inst/un2_acc_pu
     lse_cry_15_0_COUT_5 undriven or does not drive anything - clipped.
Signal stm07/ppmc_reg_S118M_inst/inst_ppmc_plsgen/ppmc_speed_cnt_inst/un2_acc_pu
     lse_cry_13_0_S1_5 undriven or does not drive anything - clipped.
Signal stm07/ppmc_reg_S118M_inst/inst_ppmc_plsgen/ppmc_speed_cnt_inst/un2_acc_pu
     lse_cry_13_0_S0_5 undriven or does not drive anything - clipped.
Signal stm07/ppmc_reg_S118M_inst/inst_ppmc_plsgen/ppmc_speed_cnt_inst/un2_acc_pu
     lse_cry_11_0_S1_5 undriven or does not drive anything - clipped.
Signal stm07/ppmc_reg_S118M_inst/inst_ppmc_plsgen/ppmc_speed_cnt_inst/un2_acc_pu
     lse_cry_11_0_S0_5 undriven or does not drive anything - clipped.
Signal stm07/ppmc_reg_S118M_inst/inst_ppmc_plsgen/ppmc_speed_cnt_inst/un2_acc_pu
     lse_cry_9_0_S1_5 undriven or does not drive anything - clipped.
Signal stm07/ppmc_reg_S118M_inst/inst_ppmc_plsgen/ppmc_speed_cnt_inst/un2_acc_pu
     lse_cry_9_0_S0_5 undriven or does not drive anything - clipped.
Signal stm07/ppmc_reg_S118M_inst/inst_ppmc_plsgen/ppmc_speed_cnt_inst/un2_acc_pu
     lse_cry_7_0_S1_5 undriven or does not drive anything - clipped.
Signal stm07/ppmc_reg_S118M_inst/inst_ppmc_plsgen/ppmc_speed_cnt_inst/un2_acc_pu
     lse_cry_7_0_S0_5 undriven or does not drive anything - clipped.
Signal stm07/ppmc_reg_S118M_inst/inst_ppmc_plsgen/ppmc_speed_cnt_inst/un2_acc_pu
     lse_cry_5_0_S1_5 undriven or does not drive anything - clipped.
Signal stm07/ppmc_reg_S118M_inst/inst_ppmc_plsgen/ppmc_speed_cnt_inst/un2_acc_pu
     lse_cry_5_0_S0_5 undriven or does not drive anything - clipped.
Signal stm07/ppmc_reg_S118M_inst/inst_ppmc_plsgen/ppmc_speed_cnt_inst/un2_acc_pu
     lse_cry_3_0_S1_5 undriven or does not drive anything - clipped.
Signal stm07/ppmc_reg_S118M_inst/inst_ppmc_plsgen/ppmc_speed_cnt_inst/un2_acc_pu
     lse_cry_3_0_S0_5 undriven or does not drive anything - clipped.
Signal stm07/ppmc_reg_S118M_inst/inst_ppmc_plsgen/ppmc_speed_cnt_inst/un2_acc_pu

                                   Page 157




Design:  SP0557                                        Date:  02/28/26  21:16:30

Removed logic (cont)
--------------------
     lse_cry_1_0_S1_5 undriven or does not drive anything - clipped.
Signal stm07/ppmc_reg_S118M_inst/inst_ppmc_plsgen/ppmc_speed_cnt_inst/un2_acc_pu
     lse_cry_1_0_S0_5 undriven or does not drive anything - clipped.
Signal stm07/ppmc_reg_S118M_inst/inst_ppmc_plsgen/ppmc_speed_cnt_inst/un2_acc_pu
     lse_cry_0_0_S1_5 undriven or does not drive anything - clipped.
Signal stm07/ppmc_reg_S118M_inst/inst_ppmc_plsgen/ppmc_speed_cnt_inst/un2_acc_pu
     lse_cry_0_0_S0_5 undriven or does not drive anything - clipped.
Signal stm07/ppmc_reg_S118M_inst/inst_ppmc_plsgen/ppmc_speed_cnt_inst/N_6
     undriven or does not drive anything - clipped.
Signal stm07/ppmc_reg_S118M_inst/inst_ppmc_plsgen/ppmc_speed_cnt_inst/un8_acc_pu
     lse_cry_15_0_S0_5 undriven or does not drive anything - clipped.
Signal stm07/ppmc_reg_S118M_inst/inst_ppmc_plsgen/ppmc_speed_cnt_inst/un8_acc_pu
     lse_cry_15_0_COUT_5 undriven or does not drive anything - clipped.
Signal stm07/ppmc_reg_S118M_inst/inst_ppmc_plsgen/ppmc_speed_cnt_inst/un8_acc_pu
     lse_cry_13_0_S1_5 undriven or does not drive anything - clipped.
Signal stm07/ppmc_reg_S118M_inst/inst_ppmc_plsgen/ppmc_speed_cnt_inst/un8_acc_pu
     lse_cry_13_0_S0_5 undriven or does not drive anything - clipped.
Signal stm07/ppmc_reg_S118M_inst/inst_ppmc_plsgen/ppmc_speed_cnt_inst/un8_acc_pu
     lse_cry_11_0_S1_5 undriven or does not drive anything - clipped.
Signal stm07/ppmc_reg_S118M_inst/inst_ppmc_plsgen/ppmc_speed_cnt_inst/un8_acc_pu
     lse_cry_11_0_S0_5 undriven or does not drive anything - clipped.
Signal stm07/ppmc_reg_S118M_inst/inst_ppmc_plsgen/ppmc_speed_cnt_inst/un8_acc_pu
     lse_cry_9_0_S1_5 undriven or does not drive anything - clipped.
Signal stm07/ppmc_reg_S118M_inst/inst_ppmc_plsgen/ppmc_speed_cnt_inst/un8_acc_pu
     lse_cry_9_0_S0_5 undriven or does not drive anything - clipped.
Signal stm07/ppmc_reg_S118M_inst/inst_ppmc_plsgen/ppmc_speed_cnt_inst/un8_acc_pu
     lse_cry_7_0_S1_5 undriven or does not drive anything - clipped.
Signal stm07/ppmc_reg_S118M_inst/inst_ppmc_plsgen/ppmc_speed_cnt_inst/un8_acc_pu
     lse_cry_7_0_S0_5 undriven or does not drive anything - clipped.
Signal stm07/ppmc_reg_S118M_inst/inst_ppmc_plsgen/ppmc_speed_cnt_inst/un8_acc_pu
     lse_cry_5_0_S1_5 undriven or does not drive anything - clipped.
Signal stm07/ppmc_reg_S118M_inst/inst_ppmc_plsgen/ppmc_speed_cnt_inst/un8_acc_pu
     lse_cry_5_0_S0_5 undriven or does not drive anything - clipped.
Signal stm07/ppmc_reg_S118M_inst/inst_ppmc_plsgen/ppmc_speed_cnt_inst/un8_acc_pu
     lse_cry_3_0_S1_5 undriven or does not drive anything - clipped.
Signal stm07/ppmc_reg_S118M_inst/inst_ppmc_plsgen/ppmc_speed_cnt_inst/un8_acc_pu
     lse_cry_3_0_S0_5 undriven or does not drive anything - clipped.
Signal stm07/ppmc_reg_S118M_inst/inst_ppmc_plsgen/ppmc_speed_cnt_inst/un8_acc_pu
     lse_cry_1_0_S1_5 undriven or does not drive anything - clipped.
Signal stm07/ppmc_reg_S118M_inst/inst_ppmc_plsgen/ppmc_speed_cnt_inst/un8_acc_pu
     lse_cry_1_0_S0_5 undriven or does not drive anything - clipped.
Signal stm07/ppmc_reg_S118M_inst/inst_ppmc_plsgen/ppmc_speed_cnt_inst/un8_acc_pu
     lse_cry_0_0_S1_5 undriven or does not drive anything - clipped.
Signal stm07/ppmc_reg_S118M_inst/inst_ppmc_plsgen/ppmc_speed_cnt_inst/un8_acc_pu
     lse_cry_0_0_S0_5 undriven or does not drive anything - clipped.
Signal stm07/ppmc_reg_S118M_inst/inst_ppmc_plsgen/ppmc_speed_cnt_inst/N_7
     undriven or does not drive anything - clipped.
Signal stm07/ppmc_reg_S118M_inst/inst_ppmc_plsgen/ppmc_speed_cnt_inst/reg_cry_0_
     COUT_5[14] undriven or does not drive anything - clipped.
Signal stm07/ppmc_reg_S118M_inst/inst_ppmc_plsgen/ppmc_speed_cnt_inst/reg_lcry_0
     _S1_5 undriven or does not drive anything - clipped.
Signal stm07/ppmc_reg_S118M_inst/inst_ppmc_plsgen/ppmc_speed_cnt_inst/reg_lcry_0
     _S0_5 undriven or does not drive anything - clipped.
Signal stm07/ppmc_reg_S118M_inst/inst_ppmc_plsgen/ppmc_speed_cnt_inst/N_8
     undriven or does not drive anything - clipped.
Signal stm07/ppmc_reg_S118M_inst/inst_ppmc_plsgen/ppmc_timer_cnt_inst/un5_pulse_

                                   Page 158




Design:  SP0557                                        Date:  02/28/26  21:16:30

Removed logic (cont)
--------------------
     clk_cry_18_0_S1_5 undriven or does not drive anything - clipped.
Signal stm07/ppmc_reg_S118M_inst/inst_ppmc_plsgen/ppmc_timer_cnt_inst/un5_pulse_
     clk_cry_18_0_COUT_5 undriven or does not drive anything - clipped.
Signal stm07/ppmc_reg_S118M_inst/inst_ppmc_plsgen/ppmc_timer_cnt_inst/un5_pulse_
     clk_cry_17_0_S1_5 undriven or does not drive anything - clipped.
Signal stm07/ppmc_reg_S118M_inst/inst_ppmc_plsgen/ppmc_timer_cnt_inst/un5_pulse_
     clk_cry_17_0_S0_5 undriven or does not drive anything - clipped.
Signal stm07/ppmc_reg_S118M_inst/inst_ppmc_plsgen/ppmc_timer_cnt_inst/un5_pulse_
     clk_cry_15_0_S1_5 undriven or does not drive anything - clipped.
Signal stm07/ppmc_reg_S118M_inst/inst_ppmc_plsgen/ppmc_timer_cnt_inst/un5_pulse_
     clk_cry_15_0_S0_5 undriven or does not drive anything - clipped.
Signal stm07/ppmc_reg_S118M_inst/inst_ppmc_plsgen/ppmc_timer_cnt_inst/un5_pulse_
     clk_cry_13_0_S1_5 undriven or does not drive anything - clipped.
Signal stm07/ppmc_reg_S118M_inst/inst_ppmc_plsgen/ppmc_timer_cnt_inst/un5_pulse_
     clk_cry_13_0_S0_5 undriven or does not drive anything - clipped.
Signal stm07/ppmc_reg_S118M_inst/inst_ppmc_plsgen/ppmc_timer_cnt_inst/un5_pulse_
     clk_cry_11_0_S1_5 undriven or does not drive anything - clipped.
Signal stm07/ppmc_reg_S118M_inst/inst_ppmc_plsgen/ppmc_timer_cnt_inst/un5_pulse_
     clk_cry_11_0_S0_5 undriven or does not drive anything - clipped.
Signal stm07/ppmc_reg_S118M_inst/inst_ppmc_plsgen/ppmc_timer_cnt_inst/un5_pulse_
     clk_cry_9_0_S1_5 undriven or does not drive anything - clipped.
Signal stm07/ppmc_reg_S118M_inst/inst_ppmc_plsgen/ppmc_timer_cnt_inst/un5_pulse_
     clk_cry_9_0_S0_5 undriven or does not drive anything - clipped.
Signal stm07/ppmc_reg_S118M_inst/inst_ppmc_plsgen/ppmc_timer_cnt_inst/un5_pulse_
     clk_cry_7_0_S1_5 undriven or does not drive anything - clipped.
Signal stm07/ppmc_reg_S118M_inst/inst_ppmc_plsgen/ppmc_timer_cnt_inst/un5_pulse_
     clk_cry_7_0_S0_5 undriven or does not drive anything - clipped.
Signal stm07/ppmc_reg_S118M_inst/inst_ppmc_plsgen/ppmc_timer_cnt_inst/un5_pulse_
     clk_cry_5_0_S1_5 undriven or does not drive anything - clipped.
Signal stm07/ppmc_reg_S118M_inst/inst_ppmc_plsgen/ppmc_timer_cnt_inst/un5_pulse_
     clk_cry_5_0_S0_5 undriven or does not drive anything - clipped.
Signal stm07/ppmc_reg_S118M_inst/inst_ppmc_plsgen/ppmc_timer_cnt_inst/un5_pulse_
     clk_cry_3_0_S1_5 undriven or does not drive anything - clipped.
Signal stm07/ppmc_reg_S118M_inst/inst_ppmc_plsgen/ppmc_timer_cnt_inst/un5_pulse_
     clk_cry_3_0_S0_5 undriven or does not drive anything - clipped.
Signal stm07/ppmc_reg_S118M_inst/inst_ppmc_plsgen/ppmc_timer_cnt_inst/un5_pulse_
     clk_cry_1_0_S1_5 undriven or does not drive anything - clipped.
Signal stm07/ppmc_reg_S118M_inst/inst_ppmc_plsgen/ppmc_timer_cnt_inst/un5_pulse_
     clk_cry_1_0_S0_5 undriven or does not drive anything - clipped.
Signal stm07/ppmc_reg_S118M_inst/inst_ppmc_plsgen/ppmc_timer_cnt_inst/un5_pulse_
     clk_cry_0_0_S1_5 undriven or does not drive anything - clipped.
Signal stm07/ppmc_reg_S118M_inst/inst_ppmc_plsgen/ppmc_timer_cnt_inst/un5_pulse_
     clk_cry_0_0_S0_5 undriven or does not drive anything - clipped.
Signal stm07/ppmc_reg_S118M_inst/inst_ppmc_plsgen/ppmc_timer_cnt_inst/N_1
     undriven or does not drive anything - clipped.
Signal stm07/ppmc_reg_S118M_inst/inst_ppmc_plsgen/ppmc_timer_cnt_inst/un1_reg_2_
     cry_17_0_COUT_5 undriven or does not drive anything - clipped.
Signal stm07/ppmc_reg_S118M_inst/inst_ppmc_plsgen/ppmc_timer_cnt_inst/un1_reg_2_
     cry_0_0_S1_5 undriven or does not drive anything - clipped.
Signal stm07/ppmc_reg_S118M_inst/inst_ppmc_plsgen/ppmc_timer_cnt_inst/un1_reg_2_
     cry_0_0_S0_5 undriven or does not drive anything - clipped.
Signal stm07/ppmc_reg_S118M_inst/inst_ppmc_plsgen/ppmc_timer_cnt_inst/N_2
     undriven or does not drive anything - clipped.
Signal stm07/ppmc_reg_S118M_inst/inst_ppmc_plsgen/ppmc_timer_cnt_inst/un1_reg_2_
     4_cry_17_COUT_5 undriven or does not drive anything - clipped.
Signal stm07/ppmc_reg_S118M_inst/inst_ppmc_plsgen/ppmc_timer_cnt_inst/un1_reg_2_

                                   Page 159




Design:  SP0557                                        Date:  02/28/26  21:16:30

Removed logic (cont)
--------------------
     4_cry_0_S1_5 undriven or does not drive anything - clipped.
Signal stm07/ppmc_reg_S118M_inst/inst_ppmc_plsgen/ppmc_timer_cnt_inst/un1_reg_2_
     4_cry_0_S0_5 undriven or does not drive anything - clipped.
Signal stm07/ppmc_reg_S118M_inst/inst_ppmc_plsgen/ppmc_timer_cnt_inst/N_3
     undriven or does not drive anything - clipped.
Signal stm07/ppmc_reg_S118M_inst/inst_ppmc_plsgen/ppmc_pls_cnt_inst/un4_o_slow_0
     _I_21_0_S0_5 undriven or does not drive anything - clipped.
Signal stm07/ppmc_reg_S118M_inst/inst_ppmc_plsgen/ppmc_pls_cnt_inst/un4_o_slow_0
     _I_21_0_COUT_5 undriven or does not drive anything - clipped.
Signal stm07/ppmc_reg_S118M_inst/inst_ppmc_plsgen/ppmc_pls_cnt_inst/un4_o_slow_0
     _I_33_0_S1_5 undriven or does not drive anything - clipped.
Signal stm07/ppmc_reg_S118M_inst/inst_ppmc_plsgen/ppmc_pls_cnt_inst/un4_o_slow_0
     _I_33_0_S0_5 undriven or does not drive anything - clipped.
Signal stm07/ppmc_reg_S118M_inst/inst_ppmc_plsgen/ppmc_pls_cnt_inst/un4_o_slow_0
     _I_27_0_S1_5 undriven or does not drive anything - clipped.
Signal stm07/ppmc_reg_S118M_inst/inst_ppmc_plsgen/ppmc_pls_cnt_inst/un4_o_slow_0
     _I_27_0_S0_5 undriven or does not drive anything - clipped.
Signal stm07/ppmc_reg_S118M_inst/inst_ppmc_plsgen/ppmc_pls_cnt_inst/un4_o_slow_0
     _I_9_0_S1_5 undriven or does not drive anything - clipped.
Signal stm07/ppmc_reg_S118M_inst/inst_ppmc_plsgen/ppmc_pls_cnt_inst/un4_o_slow_0
     _I_9_0_S0_5 undriven or does not drive anything - clipped.
Signal stm07/ppmc_reg_S118M_inst/inst_ppmc_plsgen/ppmc_pls_cnt_inst/un4_o_slow_0
     _I_1_0_S1_5 undriven or does not drive anything - clipped.
Signal stm07/ppmc_reg_S118M_inst/inst_ppmc_plsgen/ppmc_pls_cnt_inst/un4_o_slow_0
     _I_1_0_S0_5 undriven or does not drive anything - clipped.
Signal stm07/ppmc_reg_S118M_inst/inst_ppmc_plsgen/ppmc_pls_cnt_inst/N_1 undriven
     or does not drive anything - clipped.
Signal stm07/ppmc_reg_S118M_inst/inst_ppmc_plsgen/ppmc_pls_cnt_inst/un5_pout_cry
     _7_0_S0_5 undriven or does not drive anything - clipped.
Signal stm07/ppmc_reg_S118M_inst/inst_ppmc_plsgen/ppmc_pls_cnt_inst/un5_pout_cry
     _7_0_COUT_5 undriven or does not drive anything - clipped.
Signal stm07/ppmc_reg_S118M_inst/inst_ppmc_plsgen/ppmc_pls_cnt_inst/un5_pout_cry
     _5_0_S1_5 undriven or does not drive anything - clipped.
Signal stm07/ppmc_reg_S118M_inst/inst_ppmc_plsgen/ppmc_pls_cnt_inst/un5_pout_cry
     _5_0_S0_5 undriven or does not drive anything - clipped.
Signal stm07/ppmc_reg_S118M_inst/inst_ppmc_plsgen/ppmc_pls_cnt_inst/un5_pout_cry
     _3_0_S1_5 undriven or does not drive anything - clipped.
Signal stm07/ppmc_reg_S118M_inst/inst_ppmc_plsgen/ppmc_pls_cnt_inst/un5_pout_cry
     _3_0_S0_5 undriven or does not drive anything - clipped.
Signal stm07/ppmc_reg_S118M_inst/inst_ppmc_plsgen/ppmc_pls_cnt_inst/un5_pout_cry
     _1_0_S1_5 undriven or does not drive anything - clipped.
Signal stm07/ppmc_reg_S118M_inst/inst_ppmc_plsgen/ppmc_pls_cnt_inst/un5_pout_cry
     _1_0_S0_5 undriven or does not drive anything - clipped.
Signal stm07/ppmc_reg_S118M_inst/inst_ppmc_plsgen/ppmc_pls_cnt_inst/un5_pout_cry
     _0_0_S1_5 undriven or does not drive anything - clipped.
Signal stm07/ppmc_reg_S118M_inst/inst_ppmc_plsgen/ppmc_pls_cnt_inst/un5_pout_cry
     _0_0_S0_5 undriven or does not drive anything - clipped.
Signal stm07/ppmc_reg_S118M_inst/inst_ppmc_plsgen/ppmc_pls_cnt_inst/N_2 undriven
     or does not drive anything - clipped.
Signal stm07/ppmc_reg_S118M_inst/inst_ppmc_plsgen/ppmc_pls_cnt_inst/un2_s_slow_c
     ry_15_0_S0_5 undriven or does not drive anything - clipped.
Signal stm07/ppmc_reg_S118M_inst/inst_ppmc_plsgen/ppmc_pls_cnt_inst/un2_s_slow_c
     ry_15_0_COUT_5 undriven or does not drive anything - clipped.
Signal stm07/ppmc_reg_S118M_inst/inst_ppmc_plsgen/ppmc_pls_cnt_inst/un2_s_slow_c
     ry_13_0_S1_5 undriven or does not drive anything - clipped.
Signal stm07/ppmc_reg_S118M_inst/inst_ppmc_plsgen/ppmc_pls_cnt_inst/un2_s_slow_c

                                   Page 160




Design:  SP0557                                        Date:  02/28/26  21:16:30

Removed logic (cont)
--------------------
     ry_13_0_S0_5 undriven or does not drive anything - clipped.
Signal stm07/ppmc_reg_S118M_inst/inst_ppmc_plsgen/ppmc_pls_cnt_inst/un2_s_slow_c
     ry_11_0_S1_5 undriven or does not drive anything - clipped.
Signal stm07/ppmc_reg_S118M_inst/inst_ppmc_plsgen/ppmc_pls_cnt_inst/un2_s_slow_c
     ry_11_0_S0_5 undriven or does not drive anything - clipped.
Signal stm07/ppmc_reg_S118M_inst/inst_ppmc_plsgen/ppmc_pls_cnt_inst/un2_s_slow_c
     ry_9_0_S1_5 undriven or does not drive anything - clipped.
Signal stm07/ppmc_reg_S118M_inst/inst_ppmc_plsgen/ppmc_pls_cnt_inst/un2_s_slow_c
     ry_9_0_S0_5 undriven or does not drive anything - clipped.
Signal stm07/ppmc_reg_S118M_inst/inst_ppmc_plsgen/ppmc_pls_cnt_inst/un2_s_slow_c
     ry_7_0_S1_5 undriven or does not drive anything - clipped.
Signal stm07/ppmc_reg_S118M_inst/inst_ppmc_plsgen/ppmc_pls_cnt_inst/un2_s_slow_c
     ry_7_0_S0_5 undriven or does not drive anything - clipped.
Signal stm07/ppmc_reg_S118M_inst/inst_ppmc_plsgen/ppmc_pls_cnt_inst/un2_s_slow_c
     ry_5_0_S1_5 undriven or does not drive anything - clipped.
Signal stm07/ppmc_reg_S118M_inst/inst_ppmc_plsgen/ppmc_pls_cnt_inst/un2_s_slow_c
     ry_5_0_S0_5 undriven or does not drive anything - clipped.
Signal stm07/ppmc_reg_S118M_inst/inst_ppmc_plsgen/ppmc_pls_cnt_inst/un2_s_slow_c
     ry_3_0_S1_5 undriven or does not drive anything - clipped.
Signal stm07/ppmc_reg_S118M_inst/inst_ppmc_plsgen/ppmc_pls_cnt_inst/un2_s_slow_c
     ry_3_0_S0_5 undriven or does not drive anything - clipped.
Signal stm07/ppmc_reg_S118M_inst/inst_ppmc_plsgen/ppmc_pls_cnt_inst/un2_s_slow_c
     ry_1_0_S1_5 undriven or does not drive anything - clipped.
Signal stm07/ppmc_reg_S118M_inst/inst_ppmc_plsgen/ppmc_pls_cnt_inst/un2_s_slow_c
     ry_1_0_S0_5 undriven or does not drive anything - clipped.
Signal stm07/ppmc_reg_S118M_inst/inst_ppmc_plsgen/ppmc_pls_cnt_inst/un2_s_slow_c
     ry_0_0_S1_5 undriven or does not drive anything - clipped.
Signal stm07/ppmc_reg_S118M_inst/inst_ppmc_plsgen/ppmc_pls_cnt_inst/un2_s_slow_c
     ry_0_0_S0_5 undriven or does not drive anything - clipped.
Signal stm07/ppmc_reg_S118M_inst/inst_ppmc_plsgen/ppmc_pls_cnt_inst/N_3 undriven
     or does not drive anything - clipped.
Signal stm07/ppmc_reg_S118M_inst/inst_ppmc_plsgen/ppmc_pls_cnt_inst/reg_s_0_S1_1
     2[15] undriven or does not drive anything - clipped.
Signal stm07/ppmc_reg_S118M_inst/inst_ppmc_plsgen/ppmc_pls_cnt_inst/reg_s_0_COUT
     _12[15] undriven or does not drive anything - clipped.
Signal stm07/ppmc_reg_S118M_inst/inst_ppmc_plsgen/ppmc_pls_cnt_inst/reg_cry_0_S0
     _12[0] undriven or does not drive anything - clipped.
Signal stm07/ppmc_reg_S118M_inst/inst_ppmc_plsgen/ppmc_pls_cnt_inst/N_4 undriven
     or does not drive anything - clipped.
Signal stm07/ppmc_reg_S118M_inst/inst_ppmc_plsgen/ppmc_pls_cnt_inst/pre_pulse_s_
     0_S1_5[7] undriven or does not drive anything - clipped.
Signal stm07/ppmc_reg_S118M_inst/inst_ppmc_plsgen/ppmc_pls_cnt_inst/pre_pulse_s_
     0_COUT_5[7] undriven or does not drive anything - clipped.
Signal stm07/ppmc_reg_S118M_inst/inst_ppmc_plsgen/ppmc_pls_cnt_inst/pre_pulse_cr
     y_0_S0_5[0] undriven or does not drive anything - clipped.
Signal stm07/ppmc_reg_S118M_inst/inst_ppmc_plsgen/ppmc_pls_cnt_inst/N_5 undriven
     or does not drive anything - clipped.
Signal stm07/ppmc_reg_S118M_inst/inst_ppmc_enblr/enb_wait_cnt_s_0_S1_5[13]
     undriven or does not drive anything - clipped.
Signal stm07/ppmc_reg_S118M_inst/inst_ppmc_enblr/enb_wait_cnt_s_0_COUT_5[13]
     undriven or does not drive anything - clipped.
Signal stm07/ppmc_reg_S118M_inst/inst_ppmc_enblr/enb_wait_cnt_cry_0_S0_5[0]
     undriven or does not drive anything - clipped.
Signal stm07/ppmc_reg_S118M_inst/inst_ppmc_enblr/N_1 undriven or does not drive
     anything - clipped.
Signal stm07/ppmc_reg_S118M_inst/inst_ppmc_ctrl/speed_0_I_21_0_S0_5 undriven or

                                   Page 161




Design:  SP0557                                        Date:  02/28/26  21:16:30

Removed logic (cont)
--------------------
     does not drive anything - clipped.
Signal stm07/ppmc_reg_S118M_inst/inst_ppmc_ctrl/speed_0_I_21_0_COUT_5 undriven
     or does not drive anything - clipped.
Signal stm07/ppmc_reg_S118M_inst/inst_ppmc_ctrl/speed_0_I_33_0_S1_5 undriven or
     does not drive anything - clipped.
Signal stm07/ppmc_reg_S118M_inst/inst_ppmc_ctrl/speed_0_I_33_0_S0_5 undriven or
     does not drive anything - clipped.
Signal stm07/ppmc_reg_S118M_inst/inst_ppmc_ctrl/speed_0_I_27_0_S1_5 undriven or
     does not drive anything - clipped.
Signal stm07/ppmc_reg_S118M_inst/inst_ppmc_ctrl/speed_0_I_27_0_S0_5 undriven or
     does not drive anything - clipped.
Signal stm07/ppmc_reg_S118M_inst/inst_ppmc_ctrl/speed_0_I_9_0_S1_5 undriven or
     does not drive anything - clipped.
Signal stm07/ppmc_reg_S118M_inst/inst_ppmc_ctrl/speed_0_I_9_0_S0_5 undriven or
     does not drive anything - clipped.
Signal stm07/ppmc_reg_S118M_inst/inst_ppmc_ctrl/speed_0_I_1_0_S1_5 undriven or
     does not drive anything - clipped.
Signal stm07/ppmc_reg_S118M_inst/inst_ppmc_ctrl/speed_0_I_1_0_S0_5 undriven or
     does not drive anything - clipped.
Signal stm07/ppmc_reg_S118M_inst/inst_ppmc_ctrl/N_1 undriven or does not drive
     anything - clipped.
Signal stm07/ppmc_reg_S118M_inst/inst_ppmc_ctrl/un1_speed_0_I_21_0_S0_5 undriven
     or does not drive anything - clipped.
Signal stm07/ppmc_reg_S118M_inst/inst_ppmc_ctrl/un1_speed_0_I_21_0_COUT_5
     undriven or does not drive anything - clipped.
Signal stm07/ppmc_reg_S118M_inst/inst_ppmc_ctrl/un1_speed_0_I_33_0_S1_5 undriven
     or does not drive anything - clipped.
Signal stm07/ppmc_reg_S118M_inst/inst_ppmc_ctrl/un1_speed_0_I_33_0_S0_5 undriven
     or does not drive anything - clipped.
Signal stm07/ppmc_reg_S118M_inst/inst_ppmc_ctrl/un1_speed_0_I_27_0_S1_5 undriven
     or does not drive anything - clipped.
Signal stm07/ppmc_reg_S118M_inst/inst_ppmc_ctrl/un1_speed_0_I_27_0_S0_5 undriven
     or does not drive anything - clipped.
Signal stm07/ppmc_reg_S118M_inst/inst_ppmc_ctrl/un1_speed_0_I_9_0_S1_5 undriven
     or does not drive anything - clipped.
Signal stm07/ppmc_reg_S118M_inst/inst_ppmc_ctrl/un1_speed_0_I_9_0_S0_5 undriven
     or does not drive anything - clipped.
Signal stm07/ppmc_reg_S118M_inst/inst_ppmc_ctrl/un1_speed_0_I_1_0_S1_5 undriven
     or does not drive anything - clipped.
Signal stm07/ppmc_reg_S118M_inst/inst_ppmc_ctrl/un1_speed_0_I_1_0_S0_5 undriven
     or does not drive anything - clipped.
Signal stm07/ppmc_reg_S118M_inst/inst_ppmc_ctrl/N_6 undriven or does not drive
     anything - clipped.
Signal stm07/ppmc_reg_S118M_inst/inst_ppmc_ctrl/un6_more_flg_cry_15_0_S0_5
     undriven or does not drive anything - clipped.
Signal stm07/ppmc_reg_S118M_inst/inst_ppmc_ctrl/un6_more_flg_cry_15_0_COUT_5
     undriven or does not drive anything - clipped.
Signal stm07/ppmc_reg_S118M_inst/inst_ppmc_ctrl/un6_more_flg_cry_13_0_S1_5
     undriven or does not drive anything - clipped.
Signal stm07/ppmc_reg_S118M_inst/inst_ppmc_ctrl/un6_more_flg_cry_13_0_S0_5
     undriven or does not drive anything - clipped.
Signal stm07/ppmc_reg_S118M_inst/inst_ppmc_ctrl/un6_more_flg_cry_11_0_S1_5
     undriven or does not drive anything - clipped.
Signal stm07/ppmc_reg_S118M_inst/inst_ppmc_ctrl/un6_more_flg_cry_11_0_S0_5
     undriven or does not drive anything - clipped.
Signal stm07/ppmc_reg_S118M_inst/inst_ppmc_ctrl/un6_more_flg_cry_9_0_S1_5

                                   Page 162




Design:  SP0557                                        Date:  02/28/26  21:16:30

Removed logic (cont)
--------------------
     undriven or does not drive anything - clipped.
Signal stm07/ppmc_reg_S118M_inst/inst_ppmc_ctrl/un6_more_flg_cry_9_0_S0_5
     undriven or does not drive anything - clipped.
Signal stm07/ppmc_reg_S118M_inst/inst_ppmc_ctrl/un6_more_flg_cry_7_0_S1_5
     undriven or does not drive anything - clipped.
Signal stm07/ppmc_reg_S118M_inst/inst_ppmc_ctrl/un6_more_flg_cry_7_0_S0_5
     undriven or does not drive anything - clipped.
Signal stm07/ppmc_reg_S118M_inst/inst_ppmc_ctrl/un6_more_flg_cry_5_0_S1_5
     undriven or does not drive anything - clipped.
Signal stm07/ppmc_reg_S118M_inst/inst_ppmc_ctrl/un6_more_flg_cry_5_0_S0_5
     undriven or does not drive anything - clipped.
Signal stm07/ppmc_reg_S118M_inst/inst_ppmc_ctrl/un6_more_flg_cry_3_0_S1_5
     undriven or does not drive anything - clipped.
Signal stm07/ppmc_reg_S118M_inst/inst_ppmc_ctrl/un6_more_flg_cry_3_0_S0_5
     undriven or does not drive anything - clipped.
Signal stm07/ppmc_reg_S118M_inst/inst_ppmc_ctrl/un6_more_flg_cry_1_0_S1_5
     undriven or does not drive anything - clipped.
Signal stm07/ppmc_reg_S118M_inst/inst_ppmc_ctrl/un6_more_flg_cry_1_0_S0_5
     undriven or does not drive anything - clipped.
Signal stm07/ppmc_reg_S118M_inst/inst_ppmc_ctrl/un6_more_flg_cry_0_0_S1_5
     undriven or does not drive anything - clipped.
Signal stm07/ppmc_reg_S118M_inst/inst_ppmc_ctrl/un6_more_flg_cry_0_0_S0_5
     undriven or does not drive anything - clipped.
Signal stm07/ppmc_reg_S118M_inst/inst_ppmc_ctrl/N_7 undriven or does not drive
     anything - clipped.
Signal stm07/ppmc_reg_S118M_inst/inst_ppmc_ctrl/more_cnt_s_0_S1_5[15] undriven
     or does not drive anything - clipped.
Signal stm07/ppmc_reg_S118M_inst/inst_ppmc_ctrl/more_cnt_s_0_COUT_5[15] undriven
     or does not drive anything - clipped.
Signal stm07/ppmc_reg_S118M_inst/inst_ppmc_ctrl/more_cnt_cry_0_S0_5[0] undriven
     or does not drive anything - clipped.
Signal stm07/ppmc_reg_S118M_inst/inst_ppmc_ctrl/N_8 undriven or does not drive
     anything - clipped.
Signal stm07/ppmc_reg_S118M_inst/inst_ppmc_cmdchk/un13_command_hit_cry_15_0_S0_5
     undriven or does not drive anything - clipped.
Signal stm07/ppmc_reg_S118M_inst/inst_ppmc_cmdchk/un13_command_hit_cry_15_0_COUT
     _5 undriven or does not drive anything - clipped.
Signal stm07/ppmc_reg_S118M_inst/inst_ppmc_cmdchk/un13_command_hit_cry_13_0_S1_5
     undriven or does not drive anything - clipped.
Signal stm07/ppmc_reg_S118M_inst/inst_ppmc_cmdchk/un13_command_hit_cry_13_0_S0_5
     undriven or does not drive anything - clipped.
Signal stm07/ppmc_reg_S118M_inst/inst_ppmc_cmdchk/un13_command_hit_cry_11_0_S1_5
     undriven or does not drive anything - clipped.
Signal stm07/ppmc_reg_S118M_inst/inst_ppmc_cmdchk/un13_command_hit_cry_11_0_S0_5
     undriven or does not drive anything - clipped.
Signal stm07/ppmc_reg_S118M_inst/inst_ppmc_cmdchk/un13_command_hit_cry_9_0_S1_5
     undriven or does not drive anything - clipped.
Signal stm07/ppmc_reg_S118M_inst/inst_ppmc_cmdchk/un13_command_hit_cry_9_0_S0_5
     undriven or does not drive anything - clipped.
Signal stm07/ppmc_reg_S118M_inst/inst_ppmc_cmdchk/un13_command_hit_cry_7_0_S1_5
     undriven or does not drive anything - clipped.
Signal stm07/ppmc_reg_S118M_inst/inst_ppmc_cmdchk/un13_command_hit_cry_7_0_S0_5
     undriven or does not drive anything - clipped.
Signal stm07/ppmc_reg_S118M_inst/inst_ppmc_cmdchk/un13_command_hit_cry_5_0_S1_5
     undriven or does not drive anything - clipped.
Signal stm07/ppmc_reg_S118M_inst/inst_ppmc_cmdchk/un13_command_hit_cry_5_0_S0_5

                                   Page 163




Design:  SP0557                                        Date:  02/28/26  21:16:30

Removed logic (cont)
--------------------
     undriven or does not drive anything - clipped.
Signal stm07/ppmc_reg_S118M_inst/inst_ppmc_cmdchk/un13_command_hit_cry_3_0_S1_5
     undriven or does not drive anything - clipped.
Signal stm07/ppmc_reg_S118M_inst/inst_ppmc_cmdchk/un13_command_hit_cry_3_0_S0_5
     undriven or does not drive anything - clipped.
Signal stm07/ppmc_reg_S118M_inst/inst_ppmc_cmdchk/un13_command_hit_cry_1_0_S1_5
     undriven or does not drive anything - clipped.
Signal stm07/ppmc_reg_S118M_inst/inst_ppmc_cmdchk/un13_command_hit_cry_1_0_S0_5
     undriven or does not drive anything - clipped.
Signal stm07/ppmc_reg_S118M_inst/inst_ppmc_cmdchk/un13_command_hit_cry_0_0_S1_5
     undriven or does not drive anything - clipped.
Signal stm07/ppmc_reg_S118M_inst/inst_ppmc_cmdchk/un13_command_hit_cry_0_0_S0_5
     undriven or does not drive anything - clipped.
Signal stm07/ppmc_reg_S118M_inst/inst_ppmc_cmdchk/N_1 undriven or does not drive
     anything - clipped.
Signal stm08/ppmc_reg_S118M_inst/inst_ppmc_plsgen/ppmc_acc_tim_gen_inst/un2_reg_
     0_I_21_0_S0_6 undriven or does not drive anything - clipped.
Signal stm08/ppmc_reg_S118M_inst/inst_ppmc_plsgen/ppmc_acc_tim_gen_inst/un2_reg_
     0_I_21_0_COUT_6 undriven or does not drive anything - clipped.
Signal stm08/ppmc_reg_S118M_inst/inst_ppmc_plsgen/ppmc_acc_tim_gen_inst/un2_reg_
     0_I_33_0_S1_6 undriven or does not drive anything - clipped.
Signal stm08/ppmc_reg_S118M_inst/inst_ppmc_plsgen/ppmc_acc_tim_gen_inst/un2_reg_
     0_I_33_0_S0_6 undriven or does not drive anything - clipped.
Signal stm08/ppmc_reg_S118M_inst/inst_ppmc_plsgen/ppmc_acc_tim_gen_inst/un2_reg_
     0_I_27_0_S1_6 undriven or does not drive anything - clipped.
Signal stm08/ppmc_reg_S118M_inst/inst_ppmc_plsgen/ppmc_acc_tim_gen_inst/un2_reg_
     0_I_27_0_S0_6 undriven or does not drive anything - clipped.
Signal stm08/ppmc_reg_S118M_inst/inst_ppmc_plsgen/ppmc_acc_tim_gen_inst/un2_reg_
     0_I_9_0_S1_6 undriven or does not drive anything - clipped.
Signal stm08/ppmc_reg_S118M_inst/inst_ppmc_plsgen/ppmc_acc_tim_gen_inst/un2_reg_
     0_I_9_0_S0_6 undriven or does not drive anything - clipped.
Signal stm08/ppmc_reg_S118M_inst/inst_ppmc_plsgen/ppmc_acc_tim_gen_inst/un2_reg_
     0_I_1_0_S1_6 undriven or does not drive anything - clipped.
Signal stm08/ppmc_reg_S118M_inst/inst_ppmc_plsgen/ppmc_acc_tim_gen_inst/un2_reg_
     0_I_1_0_S0_6 undriven or does not drive anything - clipped.
Signal stm08/ppmc_reg_S118M_inst/inst_ppmc_plsgen/ppmc_acc_tim_gen_inst/N_1
     undriven or does not drive anything - clipped.
Signal stm08/ppmc_reg_S118M_inst/inst_ppmc_plsgen/ppmc_acc_tim_gen_inst/reg_s_0_
     S1_13[15] undriven or does not drive anything - clipped.
Signal stm08/ppmc_reg_S118M_inst/inst_ppmc_plsgen/ppmc_acc_tim_gen_inst/reg_s_0_
     COUT_13[15] undriven or does not drive anything - clipped.
Signal stm08/ppmc_reg_S118M_inst/inst_ppmc_plsgen/ppmc_acc_tim_gen_inst/reg_cry_
     0_S0_13[0] undriven or does not drive anything - clipped.
Signal stm08/ppmc_reg_S118M_inst/inst_ppmc_plsgen/ppmc_acc_tim_gen_inst/N_2
     undriven or does not drive anything - clipped.
Signal stm08/ppmc_reg_S118M_inst/inst_ppmc_plsgen/ppmc_speed_cnt_inst/un2_acc_pu
     lse_cry_15_0_S0_6 undriven or does not drive anything - clipped.
Signal stm08/ppmc_reg_S118M_inst/inst_ppmc_plsgen/ppmc_speed_cnt_inst/un2_acc_pu
     lse_cry_15_0_COUT_6 undriven or does not drive anything - clipped.
Signal stm08/ppmc_reg_S118M_inst/inst_ppmc_plsgen/ppmc_speed_cnt_inst/un2_acc_pu
     lse_cry_13_0_S1_6 undriven or does not drive anything - clipped.
Signal stm08/ppmc_reg_S118M_inst/inst_ppmc_plsgen/ppmc_speed_cnt_inst/un2_acc_pu
     lse_cry_13_0_S0_6 undriven or does not drive anything - clipped.
Signal stm08/ppmc_reg_S118M_inst/inst_ppmc_plsgen/ppmc_speed_cnt_inst/un2_acc_pu
     lse_cry_11_0_S1_6 undriven or does not drive anything - clipped.
Signal stm08/ppmc_reg_S118M_inst/inst_ppmc_plsgen/ppmc_speed_cnt_inst/un2_acc_pu

                                   Page 164




Design:  SP0557                                        Date:  02/28/26  21:16:30

Removed logic (cont)
--------------------
     lse_cry_11_0_S0_6 undriven or does not drive anything - clipped.
Signal stm08/ppmc_reg_S118M_inst/inst_ppmc_plsgen/ppmc_speed_cnt_inst/un2_acc_pu
     lse_cry_9_0_S1_6 undriven or does not drive anything - clipped.
Signal stm08/ppmc_reg_S118M_inst/inst_ppmc_plsgen/ppmc_speed_cnt_inst/un2_acc_pu
     lse_cry_9_0_S0_6 undriven or does not drive anything - clipped.
Signal stm08/ppmc_reg_S118M_inst/inst_ppmc_plsgen/ppmc_speed_cnt_inst/un2_acc_pu
     lse_cry_7_0_S1_6 undriven or does not drive anything - clipped.
Signal stm08/ppmc_reg_S118M_inst/inst_ppmc_plsgen/ppmc_speed_cnt_inst/un2_acc_pu
     lse_cry_7_0_S0_6 undriven or does not drive anything - clipped.
Signal stm08/ppmc_reg_S118M_inst/inst_ppmc_plsgen/ppmc_speed_cnt_inst/un2_acc_pu
     lse_cry_5_0_S1_6 undriven or does not drive anything - clipped.
Signal stm08/ppmc_reg_S118M_inst/inst_ppmc_plsgen/ppmc_speed_cnt_inst/un2_acc_pu
     lse_cry_5_0_S0_6 undriven or does not drive anything - clipped.
Signal stm08/ppmc_reg_S118M_inst/inst_ppmc_plsgen/ppmc_speed_cnt_inst/un2_acc_pu
     lse_cry_3_0_S1_6 undriven or does not drive anything - clipped.
Signal stm08/ppmc_reg_S118M_inst/inst_ppmc_plsgen/ppmc_speed_cnt_inst/un2_acc_pu
     lse_cry_3_0_S0_6 undriven or does not drive anything - clipped.
Signal stm08/ppmc_reg_S118M_inst/inst_ppmc_plsgen/ppmc_speed_cnt_inst/un2_acc_pu
     lse_cry_1_0_S1_6 undriven or does not drive anything - clipped.
Signal stm08/ppmc_reg_S118M_inst/inst_ppmc_plsgen/ppmc_speed_cnt_inst/un2_acc_pu
     lse_cry_1_0_S0_6 undriven or does not drive anything - clipped.
Signal stm08/ppmc_reg_S118M_inst/inst_ppmc_plsgen/ppmc_speed_cnt_inst/un2_acc_pu
     lse_cry_0_0_S1_6 undriven or does not drive anything - clipped.
Signal stm08/ppmc_reg_S118M_inst/inst_ppmc_plsgen/ppmc_speed_cnt_inst/un2_acc_pu
     lse_cry_0_0_S0_6 undriven or does not drive anything - clipped.
Signal stm08/ppmc_reg_S118M_inst/inst_ppmc_plsgen/ppmc_speed_cnt_inst/N_6
     undriven or does not drive anything - clipped.
Signal stm08/ppmc_reg_S118M_inst/inst_ppmc_plsgen/ppmc_speed_cnt_inst/un8_acc_pu
     lse_cry_15_0_S0_6 undriven or does not drive anything - clipped.
Signal stm08/ppmc_reg_S118M_inst/inst_ppmc_plsgen/ppmc_speed_cnt_inst/un8_acc_pu
     lse_cry_15_0_COUT_6 undriven or does not drive anything - clipped.
Signal stm08/ppmc_reg_S118M_inst/inst_ppmc_plsgen/ppmc_speed_cnt_inst/un8_acc_pu
     lse_cry_13_0_S1_6 undriven or does not drive anything - clipped.
Signal stm08/ppmc_reg_S118M_inst/inst_ppmc_plsgen/ppmc_speed_cnt_inst/un8_acc_pu
     lse_cry_13_0_S0_6 undriven or does not drive anything - clipped.
Signal stm08/ppmc_reg_S118M_inst/inst_ppmc_plsgen/ppmc_speed_cnt_inst/un8_acc_pu
     lse_cry_11_0_S1_6 undriven or does not drive anything - clipped.
Signal stm08/ppmc_reg_S118M_inst/inst_ppmc_plsgen/ppmc_speed_cnt_inst/un8_acc_pu
     lse_cry_11_0_S0_6 undriven or does not drive anything - clipped.
Signal stm08/ppmc_reg_S118M_inst/inst_ppmc_plsgen/ppmc_speed_cnt_inst/un8_acc_pu
     lse_cry_9_0_S1_6 undriven or does not drive anything - clipped.
Signal stm08/ppmc_reg_S118M_inst/inst_ppmc_plsgen/ppmc_speed_cnt_inst/un8_acc_pu
     lse_cry_9_0_S0_6 undriven or does not drive anything - clipped.
Signal stm08/ppmc_reg_S118M_inst/inst_ppmc_plsgen/ppmc_speed_cnt_inst/un8_acc_pu
     lse_cry_7_0_S1_6 undriven or does not drive anything - clipped.
Signal stm08/ppmc_reg_S118M_inst/inst_ppmc_plsgen/ppmc_speed_cnt_inst/un8_acc_pu
     lse_cry_7_0_S0_6 undriven or does not drive anything - clipped.
Signal stm08/ppmc_reg_S118M_inst/inst_ppmc_plsgen/ppmc_speed_cnt_inst/un8_acc_pu
     lse_cry_5_0_S1_6 undriven or does not drive anything - clipped.
Signal stm08/ppmc_reg_S118M_inst/inst_ppmc_plsgen/ppmc_speed_cnt_inst/un8_acc_pu
     lse_cry_5_0_S0_6 undriven or does not drive anything - clipped.
Signal stm08/ppmc_reg_S118M_inst/inst_ppmc_plsgen/ppmc_speed_cnt_inst/un8_acc_pu
     lse_cry_3_0_S1_6 undriven or does not drive anything - clipped.
Signal stm08/ppmc_reg_S118M_inst/inst_ppmc_plsgen/ppmc_speed_cnt_inst/un8_acc_pu
     lse_cry_3_0_S0_6 undriven or does not drive anything - clipped.
Signal stm08/ppmc_reg_S118M_inst/inst_ppmc_plsgen/ppmc_speed_cnt_inst/un8_acc_pu

                                   Page 165




Design:  SP0557                                        Date:  02/28/26  21:16:30

Removed logic (cont)
--------------------
     lse_cry_1_0_S1_6 undriven or does not drive anything - clipped.
Signal stm08/ppmc_reg_S118M_inst/inst_ppmc_plsgen/ppmc_speed_cnt_inst/un8_acc_pu
     lse_cry_1_0_S0_6 undriven or does not drive anything - clipped.
Signal stm08/ppmc_reg_S118M_inst/inst_ppmc_plsgen/ppmc_speed_cnt_inst/un8_acc_pu
     lse_cry_0_0_S1_6 undriven or does not drive anything - clipped.
Signal stm08/ppmc_reg_S118M_inst/inst_ppmc_plsgen/ppmc_speed_cnt_inst/un8_acc_pu
     lse_cry_0_0_S0_6 undriven or does not drive anything - clipped.
Signal stm08/ppmc_reg_S118M_inst/inst_ppmc_plsgen/ppmc_speed_cnt_inst/N_7
     undriven or does not drive anything - clipped.
Signal stm08/ppmc_reg_S118M_inst/inst_ppmc_plsgen/ppmc_speed_cnt_inst/reg_cry_0_
     COUT_6[14] undriven or does not drive anything - clipped.
Signal stm08/ppmc_reg_S118M_inst/inst_ppmc_plsgen/ppmc_speed_cnt_inst/reg_lcry_0
     _S1_6 undriven or does not drive anything - clipped.
Signal stm08/ppmc_reg_S118M_inst/inst_ppmc_plsgen/ppmc_speed_cnt_inst/reg_lcry_0
     _S0_6 undriven or does not drive anything - clipped.
Signal stm08/ppmc_reg_S118M_inst/inst_ppmc_plsgen/ppmc_speed_cnt_inst/N_8
     undriven or does not drive anything - clipped.
Signal stm08/ppmc_reg_S118M_inst/inst_ppmc_plsgen/ppmc_timer_cnt_inst/un5_pulse_
     clk_cry_18_0_S1_6 undriven or does not drive anything - clipped.
Signal stm08/ppmc_reg_S118M_inst/inst_ppmc_plsgen/ppmc_timer_cnt_inst/un5_pulse_
     clk_cry_18_0_COUT_6 undriven or does not drive anything - clipped.
Signal stm08/ppmc_reg_S118M_inst/inst_ppmc_plsgen/ppmc_timer_cnt_inst/un5_pulse_
     clk_cry_17_0_S1_6 undriven or does not drive anything - clipped.
Signal stm08/ppmc_reg_S118M_inst/inst_ppmc_plsgen/ppmc_timer_cnt_inst/un5_pulse_
     clk_cry_17_0_S0_6 undriven or does not drive anything - clipped.
Signal stm08/ppmc_reg_S118M_inst/inst_ppmc_plsgen/ppmc_timer_cnt_inst/un5_pulse_
     clk_cry_15_0_S1_6 undriven or does not drive anything - clipped.
Signal stm08/ppmc_reg_S118M_inst/inst_ppmc_plsgen/ppmc_timer_cnt_inst/un5_pulse_
     clk_cry_15_0_S0_6 undriven or does not drive anything - clipped.
Signal stm08/ppmc_reg_S118M_inst/inst_ppmc_plsgen/ppmc_timer_cnt_inst/un5_pulse_
     clk_cry_13_0_S1_6 undriven or does not drive anything - clipped.
Signal stm08/ppmc_reg_S118M_inst/inst_ppmc_plsgen/ppmc_timer_cnt_inst/un5_pulse_
     clk_cry_13_0_S0_6 undriven or does not drive anything - clipped.
Signal stm08/ppmc_reg_S118M_inst/inst_ppmc_plsgen/ppmc_timer_cnt_inst/un5_pulse_
     clk_cry_11_0_S1_6 undriven or does not drive anything - clipped.
Signal stm08/ppmc_reg_S118M_inst/inst_ppmc_plsgen/ppmc_timer_cnt_inst/un5_pulse_
     clk_cry_11_0_S0_6 undriven or does not drive anything - clipped.
Signal stm08/ppmc_reg_S118M_inst/inst_ppmc_plsgen/ppmc_timer_cnt_inst/un5_pulse_
     clk_cry_9_0_S1_6 undriven or does not drive anything - clipped.
Signal stm08/ppmc_reg_S118M_inst/inst_ppmc_plsgen/ppmc_timer_cnt_inst/un5_pulse_
     clk_cry_9_0_S0_6 undriven or does not drive anything - clipped.
Signal stm08/ppmc_reg_S118M_inst/inst_ppmc_plsgen/ppmc_timer_cnt_inst/un5_pulse_
     clk_cry_7_0_S1_6 undriven or does not drive anything - clipped.
Signal stm08/ppmc_reg_S118M_inst/inst_ppmc_plsgen/ppmc_timer_cnt_inst/un5_pulse_
     clk_cry_7_0_S0_6 undriven or does not drive anything - clipped.
Signal stm08/ppmc_reg_S118M_inst/inst_ppmc_plsgen/ppmc_timer_cnt_inst/un5_pulse_
     clk_cry_5_0_S1_6 undriven or does not drive anything - clipped.
Signal stm08/ppmc_reg_S118M_inst/inst_ppmc_plsgen/ppmc_timer_cnt_inst/un5_pulse_
     clk_cry_5_0_S0_6 undriven or does not drive anything - clipped.
Signal stm08/ppmc_reg_S118M_inst/inst_ppmc_plsgen/ppmc_timer_cnt_inst/un5_pulse_
     clk_cry_3_0_S1_6 undriven or does not drive anything - clipped.
Signal stm08/ppmc_reg_S118M_inst/inst_ppmc_plsgen/ppmc_timer_cnt_inst/un5_pulse_
     clk_cry_3_0_S0_6 undriven or does not drive anything - clipped.
Signal stm08/ppmc_reg_S118M_inst/inst_ppmc_plsgen/ppmc_timer_cnt_inst/un5_pulse_
     clk_cry_1_0_S1_6 undriven or does not drive anything - clipped.
Signal stm08/ppmc_reg_S118M_inst/inst_ppmc_plsgen/ppmc_timer_cnt_inst/un5_pulse_

                                   Page 166




Design:  SP0557                                        Date:  02/28/26  21:16:30

Removed logic (cont)
--------------------
     clk_cry_1_0_S0_6 undriven or does not drive anything - clipped.
Signal stm08/ppmc_reg_S118M_inst/inst_ppmc_plsgen/ppmc_timer_cnt_inst/un5_pulse_
     clk_cry_0_0_S1_6 undriven or does not drive anything - clipped.
Signal stm08/ppmc_reg_S118M_inst/inst_ppmc_plsgen/ppmc_timer_cnt_inst/un5_pulse_
     clk_cry_0_0_S0_6 undriven or does not drive anything - clipped.
Signal stm08/ppmc_reg_S118M_inst/inst_ppmc_plsgen/ppmc_timer_cnt_inst/N_1
     undriven or does not drive anything - clipped.
Signal stm08/ppmc_reg_S118M_inst/inst_ppmc_plsgen/ppmc_timer_cnt_inst/un1_reg_2_
     cry_17_0_COUT_6 undriven or does not drive anything - clipped.
Signal stm08/ppmc_reg_S118M_inst/inst_ppmc_plsgen/ppmc_timer_cnt_inst/un1_reg_2_
     cry_0_0_S1_6 undriven or does not drive anything - clipped.
Signal stm08/ppmc_reg_S118M_inst/inst_ppmc_plsgen/ppmc_timer_cnt_inst/un1_reg_2_
     cry_0_0_S0_6 undriven or does not drive anything - clipped.
Signal stm08/ppmc_reg_S118M_inst/inst_ppmc_plsgen/ppmc_timer_cnt_inst/N_2
     undriven or does not drive anything - clipped.
Signal stm08/ppmc_reg_S118M_inst/inst_ppmc_plsgen/ppmc_timer_cnt_inst/un1_reg_2_
     4_cry_17_COUT_6 undriven or does not drive anything - clipped.
Signal stm08/ppmc_reg_S118M_inst/inst_ppmc_plsgen/ppmc_timer_cnt_inst/un1_reg_2_
     4_cry_0_S1_6 undriven or does not drive anything - clipped.
Signal stm08/ppmc_reg_S118M_inst/inst_ppmc_plsgen/ppmc_timer_cnt_inst/un1_reg_2_
     4_cry_0_S0_6 undriven or does not drive anything - clipped.
Signal stm08/ppmc_reg_S118M_inst/inst_ppmc_plsgen/ppmc_timer_cnt_inst/N_3
     undriven or does not drive anything - clipped.
Signal stm08/ppmc_reg_S118M_inst/inst_ppmc_plsgen/ppmc_pls_cnt_inst/un4_o_slow_0
     _I_21_0_S0_6 undriven or does not drive anything - clipped.
Signal stm08/ppmc_reg_S118M_inst/inst_ppmc_plsgen/ppmc_pls_cnt_inst/un4_o_slow_0
     _I_21_0_COUT_6 undriven or does not drive anything - clipped.
Signal stm08/ppmc_reg_S118M_inst/inst_ppmc_plsgen/ppmc_pls_cnt_inst/un4_o_slow_0
     _I_33_0_S1_6 undriven or does not drive anything - clipped.
Signal stm08/ppmc_reg_S118M_inst/inst_ppmc_plsgen/ppmc_pls_cnt_inst/un4_o_slow_0
     _I_33_0_S0_6 undriven or does not drive anything - clipped.
Signal stm08/ppmc_reg_S118M_inst/inst_ppmc_plsgen/ppmc_pls_cnt_inst/un4_o_slow_0
     _I_27_0_S1_6 undriven or does not drive anything - clipped.
Signal stm08/ppmc_reg_S118M_inst/inst_ppmc_plsgen/ppmc_pls_cnt_inst/un4_o_slow_0
     _I_27_0_S0_6 undriven or does not drive anything - clipped.
Signal stm08/ppmc_reg_S118M_inst/inst_ppmc_plsgen/ppmc_pls_cnt_inst/un4_o_slow_0
     _I_9_0_S1_6 undriven or does not drive anything - clipped.
Signal stm08/ppmc_reg_S118M_inst/inst_ppmc_plsgen/ppmc_pls_cnt_inst/un4_o_slow_0
     _I_9_0_S0_6 undriven or does not drive anything - clipped.
Signal stm08/ppmc_reg_S118M_inst/inst_ppmc_plsgen/ppmc_pls_cnt_inst/un4_o_slow_0
     _I_1_0_S1_6 undriven or does not drive anything - clipped.
Signal stm08/ppmc_reg_S118M_inst/inst_ppmc_plsgen/ppmc_pls_cnt_inst/un4_o_slow_0
     _I_1_0_S0_6 undriven or does not drive anything - clipped.
Signal stm08/ppmc_reg_S118M_inst/inst_ppmc_plsgen/ppmc_pls_cnt_inst/N_1 undriven
     or does not drive anything - clipped.
Signal stm08/ppmc_reg_S118M_inst/inst_ppmc_plsgen/ppmc_pls_cnt_inst/un5_pout_cry
     _7_0_S0_6 undriven or does not drive anything - clipped.
Signal stm08/ppmc_reg_S118M_inst/inst_ppmc_plsgen/ppmc_pls_cnt_inst/un5_pout_cry
     _7_0_COUT_6 undriven or does not drive anything - clipped.
Signal stm08/ppmc_reg_S118M_inst/inst_ppmc_plsgen/ppmc_pls_cnt_inst/un5_pout_cry
     _5_0_S1_6 undriven or does not drive anything - clipped.
Signal stm08/ppmc_reg_S118M_inst/inst_ppmc_plsgen/ppmc_pls_cnt_inst/un5_pout_cry
     _5_0_S0_6 undriven or does not drive anything - clipped.
Signal stm08/ppmc_reg_S118M_inst/inst_ppmc_plsgen/ppmc_pls_cnt_inst/un5_pout_cry
     _3_0_S1_6 undriven or does not drive anything - clipped.
Signal stm08/ppmc_reg_S118M_inst/inst_ppmc_plsgen/ppmc_pls_cnt_inst/un5_pout_cry

                                   Page 167




Design:  SP0557                                        Date:  02/28/26  21:16:30

Removed logic (cont)
--------------------
     _3_0_S0_6 undriven or does not drive anything - clipped.
Signal stm08/ppmc_reg_S118M_inst/inst_ppmc_plsgen/ppmc_pls_cnt_inst/un5_pout_cry
     _1_0_S1_6 undriven or does not drive anything - clipped.
Signal stm08/ppmc_reg_S118M_inst/inst_ppmc_plsgen/ppmc_pls_cnt_inst/un5_pout_cry
     _1_0_S0_6 undriven or does not drive anything - clipped.
Signal stm08/ppmc_reg_S118M_inst/inst_ppmc_plsgen/ppmc_pls_cnt_inst/un5_pout_cry
     _0_0_S1_6 undriven or does not drive anything - clipped.
Signal stm08/ppmc_reg_S118M_inst/inst_ppmc_plsgen/ppmc_pls_cnt_inst/un5_pout_cry
     _0_0_S0_6 undriven or does not drive anything - clipped.
Signal stm08/ppmc_reg_S118M_inst/inst_ppmc_plsgen/ppmc_pls_cnt_inst/N_2 undriven
     or does not drive anything - clipped.
Signal stm08/ppmc_reg_S118M_inst/inst_ppmc_plsgen/ppmc_pls_cnt_inst/un2_s_slow_c
     ry_15_0_S0_6 undriven or does not drive anything - clipped.
Signal stm08/ppmc_reg_S118M_inst/inst_ppmc_plsgen/ppmc_pls_cnt_inst/un2_s_slow_c
     ry_15_0_COUT_6 undriven or does not drive anything - clipped.
Signal stm08/ppmc_reg_S118M_inst/inst_ppmc_plsgen/ppmc_pls_cnt_inst/un2_s_slow_c
     ry_13_0_S1_6 undriven or does not drive anything - clipped.
Signal stm08/ppmc_reg_S118M_inst/inst_ppmc_plsgen/ppmc_pls_cnt_inst/un2_s_slow_c
     ry_13_0_S0_6 undriven or does not drive anything - clipped.
Signal stm08/ppmc_reg_S118M_inst/inst_ppmc_plsgen/ppmc_pls_cnt_inst/un2_s_slow_c
     ry_11_0_S1_6 undriven or does not drive anything - clipped.
Signal stm08/ppmc_reg_S118M_inst/inst_ppmc_plsgen/ppmc_pls_cnt_inst/un2_s_slow_c
     ry_11_0_S0_6 undriven or does not drive anything - clipped.
Signal stm08/ppmc_reg_S118M_inst/inst_ppmc_plsgen/ppmc_pls_cnt_inst/un2_s_slow_c
     ry_9_0_S1_6 undriven or does not drive anything - clipped.
Signal stm08/ppmc_reg_S118M_inst/inst_ppmc_plsgen/ppmc_pls_cnt_inst/un2_s_slow_c
     ry_9_0_S0_6 undriven or does not drive anything - clipped.
Signal stm08/ppmc_reg_S118M_inst/inst_ppmc_plsgen/ppmc_pls_cnt_inst/un2_s_slow_c
     ry_7_0_S1_6 undriven or does not drive anything - clipped.
Signal stm08/ppmc_reg_S118M_inst/inst_ppmc_plsgen/ppmc_pls_cnt_inst/un2_s_slow_c
     ry_7_0_S0_6 undriven or does not drive anything - clipped.
Signal stm08/ppmc_reg_S118M_inst/inst_ppmc_plsgen/ppmc_pls_cnt_inst/un2_s_slow_c
     ry_5_0_S1_6 undriven or does not drive anything - clipped.
Signal stm08/ppmc_reg_S118M_inst/inst_ppmc_plsgen/ppmc_pls_cnt_inst/un2_s_slow_c
     ry_5_0_S0_6 undriven or does not drive anything - clipped.
Signal stm08/ppmc_reg_S118M_inst/inst_ppmc_plsgen/ppmc_pls_cnt_inst/un2_s_slow_c
     ry_3_0_S1_6 undriven or does not drive anything - clipped.
Signal stm08/ppmc_reg_S118M_inst/inst_ppmc_plsgen/ppmc_pls_cnt_inst/un2_s_slow_c
     ry_3_0_S0_6 undriven or does not drive anything - clipped.
Signal stm08/ppmc_reg_S118M_inst/inst_ppmc_plsgen/ppmc_pls_cnt_inst/un2_s_slow_c
     ry_1_0_S1_6 undriven or does not drive anything - clipped.
Signal stm08/ppmc_reg_S118M_inst/inst_ppmc_plsgen/ppmc_pls_cnt_inst/un2_s_slow_c
     ry_1_0_S0_6 undriven or does not drive anything - clipped.
Signal stm08/ppmc_reg_S118M_inst/inst_ppmc_plsgen/ppmc_pls_cnt_inst/un2_s_slow_c
     ry_0_0_S1_6 undriven or does not drive anything - clipped.
Signal stm08/ppmc_reg_S118M_inst/inst_ppmc_plsgen/ppmc_pls_cnt_inst/un2_s_slow_c
     ry_0_0_S0_6 undriven or does not drive anything - clipped.
Signal stm08/ppmc_reg_S118M_inst/inst_ppmc_plsgen/ppmc_pls_cnt_inst/N_3 undriven
     or does not drive anything - clipped.
Signal stm08/ppmc_reg_S118M_inst/inst_ppmc_plsgen/ppmc_pls_cnt_inst/reg_s_0_S1_1
     4[15] undriven or does not drive anything - clipped.
Signal stm08/ppmc_reg_S118M_inst/inst_ppmc_plsgen/ppmc_pls_cnt_inst/reg_s_0_COUT
     _14[15] undriven or does not drive anything - clipped.
Signal stm08/ppmc_reg_S118M_inst/inst_ppmc_plsgen/ppmc_pls_cnt_inst/reg_cry_0_S0
     _14[0] undriven or does not drive anything - clipped.
Signal stm08/ppmc_reg_S118M_inst/inst_ppmc_plsgen/ppmc_pls_cnt_inst/N_4 undriven

                                   Page 168




Design:  SP0557                                        Date:  02/28/26  21:16:30

Removed logic (cont)
--------------------
     or does not drive anything - clipped.
Signal stm08/ppmc_reg_S118M_inst/inst_ppmc_plsgen/ppmc_pls_cnt_inst/pre_pulse_s_
     0_S1_6[7] undriven or does not drive anything - clipped.
Signal stm08/ppmc_reg_S118M_inst/inst_ppmc_plsgen/ppmc_pls_cnt_inst/pre_pulse_s_
     0_COUT_6[7] undriven or does not drive anything - clipped.
Signal stm08/ppmc_reg_S118M_inst/inst_ppmc_plsgen/ppmc_pls_cnt_inst/pre_pulse_cr
     y_0_S0_6[0] undriven or does not drive anything - clipped.
Signal stm08/ppmc_reg_S118M_inst/inst_ppmc_plsgen/ppmc_pls_cnt_inst/N_5 undriven
     or does not drive anything - clipped.
Signal stm08/ppmc_reg_S118M_inst/inst_ppmc_enblr/enb_wait_cnt_s_0_S1_6[13]
     undriven or does not drive anything - clipped.
Signal stm08/ppmc_reg_S118M_inst/inst_ppmc_enblr/enb_wait_cnt_s_0_COUT_6[13]
     undriven or does not drive anything - clipped.
Signal stm08/ppmc_reg_S118M_inst/inst_ppmc_enblr/enb_wait_cnt_cry_0_S0_6[0]
     undriven or does not drive anything - clipped.
Signal stm08/ppmc_reg_S118M_inst/inst_ppmc_enblr/N_1 undriven or does not drive
     anything - clipped.
Signal stm08/ppmc_reg_S118M_inst/inst_ppmc_ctrl/speed_0_I_21_0_S0_6 undriven or
     does not drive anything - clipped.
Signal stm08/ppmc_reg_S118M_inst/inst_ppmc_ctrl/speed_0_I_21_0_COUT_6 undriven
     or does not drive anything - clipped.
Signal stm08/ppmc_reg_S118M_inst/inst_ppmc_ctrl/speed_0_I_33_0_S1_6 undriven or
     does not drive anything - clipped.
Signal stm08/ppmc_reg_S118M_inst/inst_ppmc_ctrl/speed_0_I_33_0_S0_6 undriven or
     does not drive anything - clipped.
Signal stm08/ppmc_reg_S118M_inst/inst_ppmc_ctrl/speed_0_I_27_0_S1_6 undriven or
     does not drive anything - clipped.
Signal stm08/ppmc_reg_S118M_inst/inst_ppmc_ctrl/speed_0_I_27_0_S0_6 undriven or
     does not drive anything - clipped.
Signal stm08/ppmc_reg_S118M_inst/inst_ppmc_ctrl/speed_0_I_9_0_S1_6 undriven or
     does not drive anything - clipped.
Signal stm08/ppmc_reg_S118M_inst/inst_ppmc_ctrl/speed_0_I_9_0_S0_6 undriven or
     does not drive anything - clipped.
Signal stm08/ppmc_reg_S118M_inst/inst_ppmc_ctrl/speed_0_I_1_0_S1_6 undriven or
     does not drive anything - clipped.
Signal stm08/ppmc_reg_S118M_inst/inst_ppmc_ctrl/speed_0_I_1_0_S0_6 undriven or
     does not drive anything - clipped.
Signal stm08/ppmc_reg_S118M_inst/inst_ppmc_ctrl/N_1 undriven or does not drive
     anything - clipped.
Signal stm08/ppmc_reg_S118M_inst/inst_ppmc_ctrl/un1_speed_0_I_21_0_S0_6 undriven
     or does not drive anything - clipped.
Signal stm08/ppmc_reg_S118M_inst/inst_ppmc_ctrl/un1_speed_0_I_21_0_COUT_6
     undriven or does not drive anything - clipped.
Signal stm08/ppmc_reg_S118M_inst/inst_ppmc_ctrl/un1_speed_0_I_33_0_S1_6 undriven
     or does not drive anything - clipped.
Signal stm08/ppmc_reg_S118M_inst/inst_ppmc_ctrl/un1_speed_0_I_33_0_S0_6 undriven
     or does not drive anything - clipped.
Signal stm08/ppmc_reg_S118M_inst/inst_ppmc_ctrl/un1_speed_0_I_27_0_S1_6 undriven
     or does not drive anything - clipped.
Signal stm08/ppmc_reg_S118M_inst/inst_ppmc_ctrl/un1_speed_0_I_27_0_S0_6 undriven
     or does not drive anything - clipped.
Signal stm08/ppmc_reg_S118M_inst/inst_ppmc_ctrl/un1_speed_0_I_9_0_S1_6 undriven
     or does not drive anything - clipped.
Signal stm08/ppmc_reg_S118M_inst/inst_ppmc_ctrl/un1_speed_0_I_9_0_S0_6 undriven
     or does not drive anything - clipped.
Signal stm08/ppmc_reg_S118M_inst/inst_ppmc_ctrl/un1_speed_0_I_1_0_S1_6 undriven

                                   Page 169




Design:  SP0557                                        Date:  02/28/26  21:16:30

Removed logic (cont)
--------------------
     or does not drive anything - clipped.
Signal stm08/ppmc_reg_S118M_inst/inst_ppmc_ctrl/un1_speed_0_I_1_0_S0_6 undriven
     or does not drive anything - clipped.
Signal stm08/ppmc_reg_S118M_inst/inst_ppmc_ctrl/N_6 undriven or does not drive
     anything - clipped.
Signal stm08/ppmc_reg_S118M_inst/inst_ppmc_ctrl/un6_more_flg_cry_15_0_S0_6
     undriven or does not drive anything - clipped.
Signal stm08/ppmc_reg_S118M_inst/inst_ppmc_ctrl/un6_more_flg_cry_15_0_COUT_6
     undriven or does not drive anything - clipped.
Signal stm08/ppmc_reg_S118M_inst/inst_ppmc_ctrl/un6_more_flg_cry_13_0_S1_6
     undriven or does not drive anything - clipped.
Signal stm08/ppmc_reg_S118M_inst/inst_ppmc_ctrl/un6_more_flg_cry_13_0_S0_6
     undriven or does not drive anything - clipped.
Signal stm08/ppmc_reg_S118M_inst/inst_ppmc_ctrl/un6_more_flg_cry_11_0_S1_6
     undriven or does not drive anything - clipped.
Signal stm08/ppmc_reg_S118M_inst/inst_ppmc_ctrl/un6_more_flg_cry_11_0_S0_6
     undriven or does not drive anything - clipped.
Signal stm08/ppmc_reg_S118M_inst/inst_ppmc_ctrl/un6_more_flg_cry_9_0_S1_6
     undriven or does not drive anything - clipped.
Signal stm08/ppmc_reg_S118M_inst/inst_ppmc_ctrl/un6_more_flg_cry_9_0_S0_6
     undriven or does not drive anything - clipped.
Signal stm08/ppmc_reg_S118M_inst/inst_ppmc_ctrl/un6_more_flg_cry_7_0_S1_6
     undriven or does not drive anything - clipped.
Signal stm08/ppmc_reg_S118M_inst/inst_ppmc_ctrl/un6_more_flg_cry_7_0_S0_6
     undriven or does not drive anything - clipped.
Signal stm08/ppmc_reg_S118M_inst/inst_ppmc_ctrl/un6_more_flg_cry_5_0_S1_6
     undriven or does not drive anything - clipped.
Signal stm08/ppmc_reg_S118M_inst/inst_ppmc_ctrl/un6_more_flg_cry_5_0_S0_6
     undriven or does not drive anything - clipped.
Signal stm08/ppmc_reg_S118M_inst/inst_ppmc_ctrl/un6_more_flg_cry_3_0_S1_6
     undriven or does not drive anything - clipped.
Signal stm08/ppmc_reg_S118M_inst/inst_ppmc_ctrl/un6_more_flg_cry_3_0_S0_6
     undriven or does not drive anything - clipped.
Signal stm08/ppmc_reg_S118M_inst/inst_ppmc_ctrl/un6_more_flg_cry_1_0_S1_6
     undriven or does not drive anything - clipped.
Signal stm08/ppmc_reg_S118M_inst/inst_ppmc_ctrl/un6_more_flg_cry_1_0_S0_6
     undriven or does not drive anything - clipped.
Signal stm08/ppmc_reg_S118M_inst/inst_ppmc_ctrl/un6_more_flg_cry_0_0_S1_6
     undriven or does not drive anything - clipped.
Signal stm08/ppmc_reg_S118M_inst/inst_ppmc_ctrl/un6_more_flg_cry_0_0_S0_6
     undriven or does not drive anything - clipped.
Signal stm08/ppmc_reg_S118M_inst/inst_ppmc_ctrl/N_7 undriven or does not drive
     anything - clipped.
Signal stm08/ppmc_reg_S118M_inst/inst_ppmc_ctrl/more_cnt_s_0_S1_6[15] undriven
     or does not drive anything - clipped.
Signal stm08/ppmc_reg_S118M_inst/inst_ppmc_ctrl/more_cnt_s_0_COUT_6[15] undriven
     or does not drive anything - clipped.
Signal stm08/ppmc_reg_S118M_inst/inst_ppmc_ctrl/more_cnt_cry_0_S0_6[0] undriven
     or does not drive anything - clipped.
Signal stm08/ppmc_reg_S118M_inst/inst_ppmc_ctrl/N_8 undriven or does not drive
     anything - clipped.
Signal stm08/ppmc_reg_S118M_inst/inst_ppmc_cmdchk/un13_command_hit_cry_15_0_S0_6
     undriven or does not drive anything - clipped.
Signal stm08/ppmc_reg_S118M_inst/inst_ppmc_cmdchk/un13_command_hit_cry_15_0_COUT
     _6 undriven or does not drive anything - clipped.
Signal stm08/ppmc_reg_S118M_inst/inst_ppmc_cmdchk/un13_command_hit_cry_13_0_S1_6

                                   Page 170




Design:  SP0557                                        Date:  02/28/26  21:16:30

Removed logic (cont)
--------------------
     undriven or does not drive anything - clipped.
Signal stm08/ppmc_reg_S118M_inst/inst_ppmc_cmdchk/un13_command_hit_cry_13_0_S0_6
     undriven or does not drive anything - clipped.
Signal stm08/ppmc_reg_S118M_inst/inst_ppmc_cmdchk/un13_command_hit_cry_11_0_S1_6
     undriven or does not drive anything - clipped.
Signal stm08/ppmc_reg_S118M_inst/inst_ppmc_cmdchk/un13_command_hit_cry_11_0_S0_6
     undriven or does not drive anything - clipped.
Signal stm08/ppmc_reg_S118M_inst/inst_ppmc_cmdchk/un13_command_hit_cry_9_0_S1_6
     undriven or does not drive anything - clipped.
Signal stm08/ppmc_reg_S118M_inst/inst_ppmc_cmdchk/un13_command_hit_cry_9_0_S0_6
     undriven or does not drive anything - clipped.
Signal stm08/ppmc_reg_S118M_inst/inst_ppmc_cmdchk/un13_command_hit_cry_7_0_S1_6
     undriven or does not drive anything - clipped.
Signal stm08/ppmc_reg_S118M_inst/inst_ppmc_cmdchk/un13_command_hit_cry_7_0_S0_6
     undriven or does not drive anything - clipped.
Signal stm08/ppmc_reg_S118M_inst/inst_ppmc_cmdchk/un13_command_hit_cry_5_0_S1_6
     undriven or does not drive anything - clipped.
Signal stm08/ppmc_reg_S118M_inst/inst_ppmc_cmdchk/un13_command_hit_cry_5_0_S0_6
     undriven or does not drive anything - clipped.
Signal stm08/ppmc_reg_S118M_inst/inst_ppmc_cmdchk/un13_command_hit_cry_3_0_S1_6
     undriven or does not drive anything - clipped.
Signal stm08/ppmc_reg_S118M_inst/inst_ppmc_cmdchk/un13_command_hit_cry_3_0_S0_6
     undriven or does not drive anything - clipped.
Signal stm08/ppmc_reg_S118M_inst/inst_ppmc_cmdchk/un13_command_hit_cry_1_0_S1_6
     undriven or does not drive anything - clipped.
Signal stm08/ppmc_reg_S118M_inst/inst_ppmc_cmdchk/un13_command_hit_cry_1_0_S0_6
     undriven or does not drive anything - clipped.
Signal stm08/ppmc_reg_S118M_inst/inst_ppmc_cmdchk/un13_command_hit_cry_0_0_S1_6
     undriven or does not drive anything - clipped.
Signal stm08/ppmc_reg_S118M_inst/inst_ppmc_cmdchk/un13_command_hit_cry_0_0_S0_6
     undriven or does not drive anything - clipped.
Signal stm08/ppmc_reg_S118M_inst/inst_ppmc_cmdchk/N_1 undriven or does not drive
     anything - clipped.
Signal stm09/ppmc_reg_S118M_inst/inst_ppmc_plsgen/ppmc_acc_tim_gen_inst/un2_reg_
     0_I_21_0_S0_7 undriven or does not drive anything - clipped.
Signal stm09/ppmc_reg_S118M_inst/inst_ppmc_plsgen/ppmc_acc_tim_gen_inst/un2_reg_
     0_I_21_0_COUT_7 undriven or does not drive anything - clipped.
Signal stm09/ppmc_reg_S118M_inst/inst_ppmc_plsgen/ppmc_acc_tim_gen_inst/un2_reg_
     0_I_33_0_S1_7 undriven or does not drive anything - clipped.
Signal stm09/ppmc_reg_S118M_inst/inst_ppmc_plsgen/ppmc_acc_tim_gen_inst/un2_reg_
     0_I_33_0_S0_7 undriven or does not drive anything - clipped.
Signal stm09/ppmc_reg_S118M_inst/inst_ppmc_plsgen/ppmc_acc_tim_gen_inst/un2_reg_
     0_I_27_0_S1_7 undriven or does not drive anything - clipped.
Signal stm09/ppmc_reg_S118M_inst/inst_ppmc_plsgen/ppmc_acc_tim_gen_inst/un2_reg_
     0_I_27_0_S0_7 undriven or does not drive anything - clipped.
Signal stm09/ppmc_reg_S118M_inst/inst_ppmc_plsgen/ppmc_acc_tim_gen_inst/un2_reg_
     0_I_9_0_S1_7 undriven or does not drive anything - clipped.
Signal stm09/ppmc_reg_S118M_inst/inst_ppmc_plsgen/ppmc_acc_tim_gen_inst/un2_reg_
     0_I_9_0_S0_7 undriven or does not drive anything - clipped.
Signal stm09/ppmc_reg_S118M_inst/inst_ppmc_plsgen/ppmc_acc_tim_gen_inst/un2_reg_
     0_I_1_0_S1_7 undriven or does not drive anything - clipped.
Signal stm09/ppmc_reg_S118M_inst/inst_ppmc_plsgen/ppmc_acc_tim_gen_inst/un2_reg_
     0_I_1_0_S0_7 undriven or does not drive anything - clipped.
Signal stm09/ppmc_reg_S118M_inst/inst_ppmc_plsgen/ppmc_acc_tim_gen_inst/N_1
     undriven or does not drive anything - clipped.
Signal stm09/ppmc_reg_S118M_inst/inst_ppmc_plsgen/ppmc_acc_tim_gen_inst/reg_s_0_

                                   Page 171




Design:  SP0557                                        Date:  02/28/26  21:16:30

Removed logic (cont)
--------------------
     S1_15[15] undriven or does not drive anything - clipped.
Signal stm09/ppmc_reg_S118M_inst/inst_ppmc_plsgen/ppmc_acc_tim_gen_inst/reg_s_0_
     COUT_15[15] undriven or does not drive anything - clipped.
Signal stm09/ppmc_reg_S118M_inst/inst_ppmc_plsgen/ppmc_acc_tim_gen_inst/reg_cry_
     0_S0_15[0] undriven or does not drive anything - clipped.
Signal stm09/ppmc_reg_S118M_inst/inst_ppmc_plsgen/ppmc_acc_tim_gen_inst/N_2
     undriven or does not drive anything - clipped.
Signal stm09/ppmc_reg_S118M_inst/inst_ppmc_plsgen/ppmc_speed_cnt_inst/un2_acc_pu
     lse_cry_15_0_S0_7 undriven or does not drive anything - clipped.
Signal stm09/ppmc_reg_S118M_inst/inst_ppmc_plsgen/ppmc_speed_cnt_inst/un2_acc_pu
     lse_cry_15_0_COUT_7 undriven or does not drive anything - clipped.
Signal stm09/ppmc_reg_S118M_inst/inst_ppmc_plsgen/ppmc_speed_cnt_inst/un2_acc_pu
     lse_cry_13_0_S1_7 undriven or does not drive anything - clipped.
Signal stm09/ppmc_reg_S118M_inst/inst_ppmc_plsgen/ppmc_speed_cnt_inst/un2_acc_pu
     lse_cry_13_0_S0_7 undriven or does not drive anything - clipped.
Signal stm09/ppmc_reg_S118M_inst/inst_ppmc_plsgen/ppmc_speed_cnt_inst/un2_acc_pu
     lse_cry_11_0_S1_7 undriven or does not drive anything - clipped.
Signal stm09/ppmc_reg_S118M_inst/inst_ppmc_plsgen/ppmc_speed_cnt_inst/un2_acc_pu
     lse_cry_11_0_S0_7 undriven or does not drive anything - clipped.
Signal stm09/ppmc_reg_S118M_inst/inst_ppmc_plsgen/ppmc_speed_cnt_inst/un2_acc_pu
     lse_cry_9_0_S1_7 undriven or does not drive anything - clipped.
Signal stm09/ppmc_reg_S118M_inst/inst_ppmc_plsgen/ppmc_speed_cnt_inst/un2_acc_pu
     lse_cry_9_0_S0_7 undriven or does not drive anything - clipped.
Signal stm09/ppmc_reg_S118M_inst/inst_ppmc_plsgen/ppmc_speed_cnt_inst/un2_acc_pu
     lse_cry_7_0_S1_7 undriven or does not drive anything - clipped.
Signal stm09/ppmc_reg_S118M_inst/inst_ppmc_plsgen/ppmc_speed_cnt_inst/un2_acc_pu
     lse_cry_7_0_S0_7 undriven or does not drive anything - clipped.
Signal stm09/ppmc_reg_S118M_inst/inst_ppmc_plsgen/ppmc_speed_cnt_inst/un2_acc_pu
     lse_cry_5_0_S1_7 undriven or does not drive anything - clipped.
Signal stm09/ppmc_reg_S118M_inst/inst_ppmc_plsgen/ppmc_speed_cnt_inst/un2_acc_pu
     lse_cry_5_0_S0_7 undriven or does not drive anything - clipped.
Signal stm09/ppmc_reg_S118M_inst/inst_ppmc_plsgen/ppmc_speed_cnt_inst/un2_acc_pu
     lse_cry_3_0_S1_7 undriven or does not drive anything - clipped.
Signal stm09/ppmc_reg_S118M_inst/inst_ppmc_plsgen/ppmc_speed_cnt_inst/un2_acc_pu
     lse_cry_3_0_S0_7 undriven or does not drive anything - clipped.
Signal stm09/ppmc_reg_S118M_inst/inst_ppmc_plsgen/ppmc_speed_cnt_inst/un2_acc_pu
     lse_cry_1_0_S1_7 undriven or does not drive anything - clipped.
Signal stm09/ppmc_reg_S118M_inst/inst_ppmc_plsgen/ppmc_speed_cnt_inst/un2_acc_pu
     lse_cry_1_0_S0_7 undriven or does not drive anything - clipped.
Signal stm09/ppmc_reg_S118M_inst/inst_ppmc_plsgen/ppmc_speed_cnt_inst/un2_acc_pu
     lse_cry_0_0_S1_7 undriven or does not drive anything - clipped.
Signal stm09/ppmc_reg_S118M_inst/inst_ppmc_plsgen/ppmc_speed_cnt_inst/un2_acc_pu
     lse_cry_0_0_S0_7 undriven or does not drive anything - clipped.
Signal stm09/ppmc_reg_S118M_inst/inst_ppmc_plsgen/ppmc_speed_cnt_inst/N_6
     undriven or does not drive anything - clipped.
Signal stm09/ppmc_reg_S118M_inst/inst_ppmc_plsgen/ppmc_speed_cnt_inst/un8_acc_pu
     lse_cry_15_0_S0_7 undriven or does not drive anything - clipped.
Signal stm09/ppmc_reg_S118M_inst/inst_ppmc_plsgen/ppmc_speed_cnt_inst/un8_acc_pu
     lse_cry_15_0_COUT_7 undriven or does not drive anything - clipped.
Signal stm09/ppmc_reg_S118M_inst/inst_ppmc_plsgen/ppmc_speed_cnt_inst/un8_acc_pu
     lse_cry_13_0_S1_7 undriven or does not drive anything - clipped.
Signal stm09/ppmc_reg_S118M_inst/inst_ppmc_plsgen/ppmc_speed_cnt_inst/un8_acc_pu
     lse_cry_13_0_S0_7 undriven or does not drive anything - clipped.
Signal stm09/ppmc_reg_S118M_inst/inst_ppmc_plsgen/ppmc_speed_cnt_inst/un8_acc_pu
     lse_cry_11_0_S1_7 undriven or does not drive anything - clipped.
Signal stm09/ppmc_reg_S118M_inst/inst_ppmc_plsgen/ppmc_speed_cnt_inst/un8_acc_pu

                                   Page 172




Design:  SP0557                                        Date:  02/28/26  21:16:30

Removed logic (cont)
--------------------
     lse_cry_11_0_S0_7 undriven or does not drive anything - clipped.
Signal stm09/ppmc_reg_S118M_inst/inst_ppmc_plsgen/ppmc_speed_cnt_inst/un8_acc_pu
     lse_cry_9_0_S1_7 undriven or does not drive anything - clipped.
Signal stm09/ppmc_reg_S118M_inst/inst_ppmc_plsgen/ppmc_speed_cnt_inst/un8_acc_pu
     lse_cry_9_0_S0_7 undriven or does not drive anything - clipped.
Signal stm09/ppmc_reg_S118M_inst/inst_ppmc_plsgen/ppmc_speed_cnt_inst/un8_acc_pu
     lse_cry_7_0_S1_7 undriven or does not drive anything - clipped.
Signal stm09/ppmc_reg_S118M_inst/inst_ppmc_plsgen/ppmc_speed_cnt_inst/un8_acc_pu
     lse_cry_7_0_S0_7 undriven or does not drive anything - clipped.
Signal stm09/ppmc_reg_S118M_inst/inst_ppmc_plsgen/ppmc_speed_cnt_inst/un8_acc_pu
     lse_cry_5_0_S1_7 undriven or does not drive anything - clipped.
Signal stm09/ppmc_reg_S118M_inst/inst_ppmc_plsgen/ppmc_speed_cnt_inst/un8_acc_pu
     lse_cry_5_0_S0_7 undriven or does not drive anything - clipped.
Signal stm09/ppmc_reg_S118M_inst/inst_ppmc_plsgen/ppmc_speed_cnt_inst/un8_acc_pu
     lse_cry_3_0_S1_7 undriven or does not drive anything - clipped.
Signal stm09/ppmc_reg_S118M_inst/inst_ppmc_plsgen/ppmc_speed_cnt_inst/un8_acc_pu
     lse_cry_3_0_S0_7 undriven or does not drive anything - clipped.
Signal stm09/ppmc_reg_S118M_inst/inst_ppmc_plsgen/ppmc_speed_cnt_inst/un8_acc_pu
     lse_cry_1_0_S1_7 undriven or does not drive anything - clipped.
Signal stm09/ppmc_reg_S118M_inst/inst_ppmc_plsgen/ppmc_speed_cnt_inst/un8_acc_pu
     lse_cry_1_0_S0_7 undriven or does not drive anything - clipped.
Signal stm09/ppmc_reg_S118M_inst/inst_ppmc_plsgen/ppmc_speed_cnt_inst/un8_acc_pu
     lse_cry_0_0_S1_7 undriven or does not drive anything - clipped.
Signal stm09/ppmc_reg_S118M_inst/inst_ppmc_plsgen/ppmc_speed_cnt_inst/un8_acc_pu
     lse_cry_0_0_S0_7 undriven or does not drive anything - clipped.
Signal stm09/ppmc_reg_S118M_inst/inst_ppmc_plsgen/ppmc_speed_cnt_inst/N_7
     undriven or does not drive anything - clipped.
Signal stm09/ppmc_reg_S118M_inst/inst_ppmc_plsgen/ppmc_speed_cnt_inst/reg_cry_0_
     COUT_7[14] undriven or does not drive anything - clipped.
Signal stm09/ppmc_reg_S118M_inst/inst_ppmc_plsgen/ppmc_speed_cnt_inst/reg_lcry_0
     _S1_7 undriven or does not drive anything - clipped.
Signal stm09/ppmc_reg_S118M_inst/inst_ppmc_plsgen/ppmc_speed_cnt_inst/reg_lcry_0
     _S0_7 undriven or does not drive anything - clipped.
Signal stm09/ppmc_reg_S118M_inst/inst_ppmc_plsgen/ppmc_speed_cnt_inst/N_8
     undriven or does not drive anything - clipped.
Signal stm09/ppmc_reg_S118M_inst/inst_ppmc_plsgen/ppmc_timer_cnt_inst/un5_pulse_
     clk_cry_18_0_S1_7 undriven or does not drive anything - clipped.
Signal stm09/ppmc_reg_S118M_inst/inst_ppmc_plsgen/ppmc_timer_cnt_inst/un5_pulse_
     clk_cry_18_0_COUT_7 undriven or does not drive anything - clipped.
Signal stm09/ppmc_reg_S118M_inst/inst_ppmc_plsgen/ppmc_timer_cnt_inst/un5_pulse_
     clk_cry_17_0_S1_7 undriven or does not drive anything - clipped.
Signal stm09/ppmc_reg_S118M_inst/inst_ppmc_plsgen/ppmc_timer_cnt_inst/un5_pulse_
     clk_cry_17_0_S0_7 undriven or does not drive anything - clipped.
Signal stm09/ppmc_reg_S118M_inst/inst_ppmc_plsgen/ppmc_timer_cnt_inst/un5_pulse_
     clk_cry_15_0_S1_7 undriven or does not drive anything - clipped.
Signal stm09/ppmc_reg_S118M_inst/inst_ppmc_plsgen/ppmc_timer_cnt_inst/un5_pulse_
     clk_cry_15_0_S0_7 undriven or does not drive anything - clipped.
Signal stm09/ppmc_reg_S118M_inst/inst_ppmc_plsgen/ppmc_timer_cnt_inst/un5_pulse_
     clk_cry_13_0_S1_7 undriven or does not drive anything - clipped.
Signal stm09/ppmc_reg_S118M_inst/inst_ppmc_plsgen/ppmc_timer_cnt_inst/un5_pulse_
     clk_cry_13_0_S0_7 undriven or does not drive anything - clipped.
Signal stm09/ppmc_reg_S118M_inst/inst_ppmc_plsgen/ppmc_timer_cnt_inst/un5_pulse_
     clk_cry_11_0_S1_7 undriven or does not drive anything - clipped.
Signal stm09/ppmc_reg_S118M_inst/inst_ppmc_plsgen/ppmc_timer_cnt_inst/un5_pulse_
     clk_cry_11_0_S0_7 undriven or does not drive anything - clipped.
Signal stm09/ppmc_reg_S118M_inst/inst_ppmc_plsgen/ppmc_timer_cnt_inst/un5_pulse_

                                   Page 173




Design:  SP0557                                        Date:  02/28/26  21:16:30

Removed logic (cont)
--------------------
     clk_cry_9_0_S1_7 undriven or does not drive anything - clipped.
Signal stm09/ppmc_reg_S118M_inst/inst_ppmc_plsgen/ppmc_timer_cnt_inst/un5_pulse_
     clk_cry_9_0_S0_7 undriven or does not drive anything - clipped.
Signal stm09/ppmc_reg_S118M_inst/inst_ppmc_plsgen/ppmc_timer_cnt_inst/un5_pulse_
     clk_cry_7_0_S1_7 undriven or does not drive anything - clipped.
Signal stm09/ppmc_reg_S118M_inst/inst_ppmc_plsgen/ppmc_timer_cnt_inst/un5_pulse_
     clk_cry_7_0_S0_7 undriven or does not drive anything - clipped.
Signal stm09/ppmc_reg_S118M_inst/inst_ppmc_plsgen/ppmc_timer_cnt_inst/un5_pulse_
     clk_cry_5_0_S1_7 undriven or does not drive anything - clipped.
Signal stm09/ppmc_reg_S118M_inst/inst_ppmc_plsgen/ppmc_timer_cnt_inst/un5_pulse_
     clk_cry_5_0_S0_7 undriven or does not drive anything - clipped.
Signal stm09/ppmc_reg_S118M_inst/inst_ppmc_plsgen/ppmc_timer_cnt_inst/un5_pulse_
     clk_cry_3_0_S1_7 undriven or does not drive anything - clipped.
Signal stm09/ppmc_reg_S118M_inst/inst_ppmc_plsgen/ppmc_timer_cnt_inst/un5_pulse_
     clk_cry_3_0_S0_7 undriven or does not drive anything - clipped.
Signal stm09/ppmc_reg_S118M_inst/inst_ppmc_plsgen/ppmc_timer_cnt_inst/un5_pulse_
     clk_cry_1_0_S1_7 undriven or does not drive anything - clipped.
Signal stm09/ppmc_reg_S118M_inst/inst_ppmc_plsgen/ppmc_timer_cnt_inst/un5_pulse_
     clk_cry_1_0_S0_7 undriven or does not drive anything - clipped.
Signal stm09/ppmc_reg_S118M_inst/inst_ppmc_plsgen/ppmc_timer_cnt_inst/un5_pulse_
     clk_cry_0_0_S1_7 undriven or does not drive anything - clipped.
Signal stm09/ppmc_reg_S118M_inst/inst_ppmc_plsgen/ppmc_timer_cnt_inst/un5_pulse_
     clk_cry_0_0_S0_7 undriven or does not drive anything - clipped.
Signal stm09/ppmc_reg_S118M_inst/inst_ppmc_plsgen/ppmc_timer_cnt_inst/N_1
     undriven or does not drive anything - clipped.
Signal stm09/ppmc_reg_S118M_inst/inst_ppmc_plsgen/ppmc_timer_cnt_inst/un1_reg_2_
     cry_17_0_COUT_7 undriven or does not drive anything - clipped.
Signal stm09/ppmc_reg_S118M_inst/inst_ppmc_plsgen/ppmc_timer_cnt_inst/un1_reg_2_
     cry_0_0_S1_7 undriven or does not drive anything - clipped.
Signal stm09/ppmc_reg_S118M_inst/inst_ppmc_plsgen/ppmc_timer_cnt_inst/un1_reg_2_
     cry_0_0_S0_7 undriven or does not drive anything - clipped.
Signal stm09/ppmc_reg_S118M_inst/inst_ppmc_plsgen/ppmc_timer_cnt_inst/N_2
     undriven or does not drive anything - clipped.
Signal stm09/ppmc_reg_S118M_inst/inst_ppmc_plsgen/ppmc_timer_cnt_inst/un1_reg_2_
     4_cry_17_COUT_7 undriven or does not drive anything - clipped.
Signal stm09/ppmc_reg_S118M_inst/inst_ppmc_plsgen/ppmc_timer_cnt_inst/un1_reg_2_
     4_cry_0_S1_7 undriven or does not drive anything - clipped.
Signal stm09/ppmc_reg_S118M_inst/inst_ppmc_plsgen/ppmc_timer_cnt_inst/un1_reg_2_
     4_cry_0_S0_7 undriven or does not drive anything - clipped.
Signal stm09/ppmc_reg_S118M_inst/inst_ppmc_plsgen/ppmc_timer_cnt_inst/N_3
     undriven or does not drive anything - clipped.
Signal stm09/ppmc_reg_S118M_inst/inst_ppmc_plsgen/ppmc_pls_cnt_inst/un4_o_slow_0
     _I_21_0_S0_7 undriven or does not drive anything - clipped.
Signal stm09/ppmc_reg_S118M_inst/inst_ppmc_plsgen/ppmc_pls_cnt_inst/un4_o_slow_0
     _I_21_0_COUT_7 undriven or does not drive anything - clipped.
Signal stm09/ppmc_reg_S118M_inst/inst_ppmc_plsgen/ppmc_pls_cnt_inst/un4_o_slow_0
     _I_33_0_S1_7 undriven or does not drive anything - clipped.
Signal stm09/ppmc_reg_S118M_inst/inst_ppmc_plsgen/ppmc_pls_cnt_inst/un4_o_slow_0
     _I_33_0_S0_7 undriven or does not drive anything - clipped.
Signal stm09/ppmc_reg_S118M_inst/inst_ppmc_plsgen/ppmc_pls_cnt_inst/un4_o_slow_0
     _I_27_0_S1_7 undriven or does not drive anything - clipped.
Signal stm09/ppmc_reg_S118M_inst/inst_ppmc_plsgen/ppmc_pls_cnt_inst/un4_o_slow_0
     _I_27_0_S0_7 undriven or does not drive anything - clipped.
Signal stm09/ppmc_reg_S118M_inst/inst_ppmc_plsgen/ppmc_pls_cnt_inst/un4_o_slow_0
     _I_9_0_S1_7 undriven or does not drive anything - clipped.
Signal stm09/ppmc_reg_S118M_inst/inst_ppmc_plsgen/ppmc_pls_cnt_inst/un4_o_slow_0

                                   Page 174




Design:  SP0557                                        Date:  02/28/26  21:16:30

Removed logic (cont)
--------------------
     _I_9_0_S0_7 undriven or does not drive anything - clipped.
Signal stm09/ppmc_reg_S118M_inst/inst_ppmc_plsgen/ppmc_pls_cnt_inst/un4_o_slow_0
     _I_1_0_S1_7 undriven or does not drive anything - clipped.
Signal stm09/ppmc_reg_S118M_inst/inst_ppmc_plsgen/ppmc_pls_cnt_inst/un4_o_slow_0
     _I_1_0_S0_7 undriven or does not drive anything - clipped.
Signal stm09/ppmc_reg_S118M_inst/inst_ppmc_plsgen/ppmc_pls_cnt_inst/N_1 undriven
     or does not drive anything - clipped.
Signal stm09/ppmc_reg_S118M_inst/inst_ppmc_plsgen/ppmc_pls_cnt_inst/un5_pout_cry
     _7_0_S0_7 undriven or does not drive anything - clipped.
Signal stm09/ppmc_reg_S118M_inst/inst_ppmc_plsgen/ppmc_pls_cnt_inst/un5_pout_cry
     _7_0_COUT_7 undriven or does not drive anything - clipped.
Signal stm09/ppmc_reg_S118M_inst/inst_ppmc_plsgen/ppmc_pls_cnt_inst/un5_pout_cry
     _5_0_S1_7 undriven or does not drive anything - clipped.
Signal stm09/ppmc_reg_S118M_inst/inst_ppmc_plsgen/ppmc_pls_cnt_inst/un5_pout_cry
     _5_0_S0_7 undriven or does not drive anything - clipped.
Signal stm09/ppmc_reg_S118M_inst/inst_ppmc_plsgen/ppmc_pls_cnt_inst/un5_pout_cry
     _3_0_S1_7 undriven or does not drive anything - clipped.
Signal stm09/ppmc_reg_S118M_inst/inst_ppmc_plsgen/ppmc_pls_cnt_inst/un5_pout_cry
     _3_0_S0_7 undriven or does not drive anything - clipped.
Signal stm09/ppmc_reg_S118M_inst/inst_ppmc_plsgen/ppmc_pls_cnt_inst/un5_pout_cry
     _1_0_S1_7 undriven or does not drive anything - clipped.
Signal stm09/ppmc_reg_S118M_inst/inst_ppmc_plsgen/ppmc_pls_cnt_inst/un5_pout_cry
     _1_0_S0_7 undriven or does not drive anything - clipped.
Signal stm09/ppmc_reg_S118M_inst/inst_ppmc_plsgen/ppmc_pls_cnt_inst/un5_pout_cry
     _0_0_S1_7 undriven or does not drive anything - clipped.
Signal stm09/ppmc_reg_S118M_inst/inst_ppmc_plsgen/ppmc_pls_cnt_inst/un5_pout_cry
     _0_0_S0_7 undriven or does not drive anything - clipped.
Signal stm09/ppmc_reg_S118M_inst/inst_ppmc_plsgen/ppmc_pls_cnt_inst/N_2 undriven
     or does not drive anything - clipped.
Signal stm09/ppmc_reg_S118M_inst/inst_ppmc_plsgen/ppmc_pls_cnt_inst/un2_s_slow_c
     ry_15_0_S0_7 undriven or does not drive anything - clipped.
Signal stm09/ppmc_reg_S118M_inst/inst_ppmc_plsgen/ppmc_pls_cnt_inst/un2_s_slow_c
     ry_15_0_COUT_7 undriven or does not drive anything - clipped.
Signal stm09/ppmc_reg_S118M_inst/inst_ppmc_plsgen/ppmc_pls_cnt_inst/un2_s_slow_c
     ry_13_0_S1_7 undriven or does not drive anything - clipped.
Signal stm09/ppmc_reg_S118M_inst/inst_ppmc_plsgen/ppmc_pls_cnt_inst/un2_s_slow_c
     ry_13_0_S0_7 undriven or does not drive anything - clipped.
Signal stm09/ppmc_reg_S118M_inst/inst_ppmc_plsgen/ppmc_pls_cnt_inst/un2_s_slow_c
     ry_11_0_S1_7 undriven or does not drive anything - clipped.
Signal stm09/ppmc_reg_S118M_inst/inst_ppmc_plsgen/ppmc_pls_cnt_inst/un2_s_slow_c
     ry_11_0_S0_7 undriven or does not drive anything - clipped.
Signal stm09/ppmc_reg_S118M_inst/inst_ppmc_plsgen/ppmc_pls_cnt_inst/un2_s_slow_c
     ry_9_0_S1_7 undriven or does not drive anything - clipped.
Signal stm09/ppmc_reg_S118M_inst/inst_ppmc_plsgen/ppmc_pls_cnt_inst/un2_s_slow_c
     ry_9_0_S0_7 undriven or does not drive anything - clipped.
Signal stm09/ppmc_reg_S118M_inst/inst_ppmc_plsgen/ppmc_pls_cnt_inst/un2_s_slow_c
     ry_7_0_S1_7 undriven or does not drive anything - clipped.
Signal stm09/ppmc_reg_S118M_inst/inst_ppmc_plsgen/ppmc_pls_cnt_inst/un2_s_slow_c
     ry_7_0_S0_7 undriven or does not drive anything - clipped.
Signal stm09/ppmc_reg_S118M_inst/inst_ppmc_plsgen/ppmc_pls_cnt_inst/un2_s_slow_c
     ry_5_0_S1_7 undriven or does not drive anything - clipped.
Signal stm09/ppmc_reg_S118M_inst/inst_ppmc_plsgen/ppmc_pls_cnt_inst/un2_s_slow_c
     ry_5_0_S0_7 undriven or does not drive anything - clipped.
Signal stm09/ppmc_reg_S118M_inst/inst_ppmc_plsgen/ppmc_pls_cnt_inst/un2_s_slow_c
     ry_3_0_S1_7 undriven or does not drive anything - clipped.
Signal stm09/ppmc_reg_S118M_inst/inst_ppmc_plsgen/ppmc_pls_cnt_inst/un2_s_slow_c

                                   Page 175




Design:  SP0557                                        Date:  02/28/26  21:16:30

Removed logic (cont)
--------------------
     ry_3_0_S0_7 undriven or does not drive anything - clipped.
Signal stm09/ppmc_reg_S118M_inst/inst_ppmc_plsgen/ppmc_pls_cnt_inst/un2_s_slow_c
     ry_1_0_S1_7 undriven or does not drive anything - clipped.
Signal stm09/ppmc_reg_S118M_inst/inst_ppmc_plsgen/ppmc_pls_cnt_inst/un2_s_slow_c
     ry_1_0_S0_7 undriven or does not drive anything - clipped.
Signal stm09/ppmc_reg_S118M_inst/inst_ppmc_plsgen/ppmc_pls_cnt_inst/un2_s_slow_c
     ry_0_0_S1_7 undriven or does not drive anything - clipped.
Signal stm09/ppmc_reg_S118M_inst/inst_ppmc_plsgen/ppmc_pls_cnt_inst/un2_s_slow_c
     ry_0_0_S0_7 undriven or does not drive anything - clipped.
Signal stm09/ppmc_reg_S118M_inst/inst_ppmc_plsgen/ppmc_pls_cnt_inst/N_3 undriven
     or does not drive anything - clipped.
Signal stm09/ppmc_reg_S118M_inst/inst_ppmc_plsgen/ppmc_pls_cnt_inst/reg_s_0_S1_1
     6[15] undriven or does not drive anything - clipped.
Signal stm09/ppmc_reg_S118M_inst/inst_ppmc_plsgen/ppmc_pls_cnt_inst/reg_s_0_COUT
     _16[15] undriven or does not drive anything - clipped.
Signal stm09/ppmc_reg_S118M_inst/inst_ppmc_plsgen/ppmc_pls_cnt_inst/reg_cry_0_S0
     _16[0] undriven or does not drive anything - clipped.
Signal stm09/ppmc_reg_S118M_inst/inst_ppmc_plsgen/ppmc_pls_cnt_inst/N_4 undriven
     or does not drive anything - clipped.
Signal stm09/ppmc_reg_S118M_inst/inst_ppmc_plsgen/ppmc_pls_cnt_inst/pre_pulse_s_
     0_S1_7[7] undriven or does not drive anything - clipped.
Signal stm09/ppmc_reg_S118M_inst/inst_ppmc_plsgen/ppmc_pls_cnt_inst/pre_pulse_s_
     0_COUT_7[7] undriven or does not drive anything - clipped.
Signal stm09/ppmc_reg_S118M_inst/inst_ppmc_plsgen/ppmc_pls_cnt_inst/pre_pulse_cr
     y_0_S0_7[0] undriven or does not drive anything - clipped.
Signal stm09/ppmc_reg_S118M_inst/inst_ppmc_plsgen/ppmc_pls_cnt_inst/N_5 undriven
     or does not drive anything - clipped.
Signal stm09/ppmc_reg_S118M_inst/inst_ppmc_enblr/enb_wait_cnt_s_0_S1_7[13]
     undriven or does not drive anything - clipped.
Signal stm09/ppmc_reg_S118M_inst/inst_ppmc_enblr/enb_wait_cnt_s_0_COUT_7[13]
     undriven or does not drive anything - clipped.
Signal stm09/ppmc_reg_S118M_inst/inst_ppmc_enblr/enb_wait_cnt_cry_0_S0_7[0]
     undriven or does not drive anything - clipped.
Signal stm09/ppmc_reg_S118M_inst/inst_ppmc_enblr/N_1 undriven or does not drive
     anything - clipped.
Signal stm09/ppmc_reg_S118M_inst/inst_ppmc_ctrl/speed_0_I_21_0_S0_7 undriven or
     does not drive anything - clipped.
Signal stm09/ppmc_reg_S118M_inst/inst_ppmc_ctrl/speed_0_I_21_0_COUT_7 undriven
     or does not drive anything - clipped.
Signal stm09/ppmc_reg_S118M_inst/inst_ppmc_ctrl/speed_0_I_33_0_S1_7 undriven or
     does not drive anything - clipped.
Signal stm09/ppmc_reg_S118M_inst/inst_ppmc_ctrl/speed_0_I_33_0_S0_7 undriven or
     does not drive anything - clipped.
Signal stm09/ppmc_reg_S118M_inst/inst_ppmc_ctrl/speed_0_I_27_0_S1_7 undriven or
     does not drive anything - clipped.
Signal stm09/ppmc_reg_S118M_inst/inst_ppmc_ctrl/speed_0_I_27_0_S0_7 undriven or
     does not drive anything - clipped.
Signal stm09/ppmc_reg_S118M_inst/inst_ppmc_ctrl/speed_0_I_9_0_S1_7 undriven or
     does not drive anything - clipped.
Signal stm09/ppmc_reg_S118M_inst/inst_ppmc_ctrl/speed_0_I_9_0_S0_7 undriven or
     does not drive anything - clipped.
Signal stm09/ppmc_reg_S118M_inst/inst_ppmc_ctrl/speed_0_I_1_0_S1_7 undriven or
     does not drive anything - clipped.
Signal stm09/ppmc_reg_S118M_inst/inst_ppmc_ctrl/speed_0_I_1_0_S0_7 undriven or
     does not drive anything - clipped.
Signal stm09/ppmc_reg_S118M_inst/inst_ppmc_ctrl/N_1 undriven or does not drive

                                   Page 176




Design:  SP0557                                        Date:  02/28/26  21:16:30

Removed logic (cont)
--------------------
     anything - clipped.
Signal stm09/ppmc_reg_S118M_inst/inst_ppmc_ctrl/un1_speed_0_I_21_0_S0_7 undriven
     or does not drive anything - clipped.
Signal stm09/ppmc_reg_S118M_inst/inst_ppmc_ctrl/un1_speed_0_I_21_0_COUT_7
     undriven or does not drive anything - clipped.
Signal stm09/ppmc_reg_S118M_inst/inst_ppmc_ctrl/un1_speed_0_I_33_0_S1_7 undriven
     or does not drive anything - clipped.
Signal stm09/ppmc_reg_S118M_inst/inst_ppmc_ctrl/un1_speed_0_I_33_0_S0_7 undriven
     or does not drive anything - clipped.
Signal stm09/ppmc_reg_S118M_inst/inst_ppmc_ctrl/un1_speed_0_I_27_0_S1_7 undriven
     or does not drive anything - clipped.
Signal stm09/ppmc_reg_S118M_inst/inst_ppmc_ctrl/un1_speed_0_I_27_0_S0_7 undriven
     or does not drive anything - clipped.
Signal stm09/ppmc_reg_S118M_inst/inst_ppmc_ctrl/un1_speed_0_I_9_0_S1_7 undriven
     or does not drive anything - clipped.
Signal stm09/ppmc_reg_S118M_inst/inst_ppmc_ctrl/un1_speed_0_I_9_0_S0_7 undriven
     or does not drive anything - clipped.
Signal stm09/ppmc_reg_S118M_inst/inst_ppmc_ctrl/un1_speed_0_I_1_0_S1_7 undriven
     or does not drive anything - clipped.
Signal stm09/ppmc_reg_S118M_inst/inst_ppmc_ctrl/un1_speed_0_I_1_0_S0_7 undriven
     or does not drive anything - clipped.
Signal stm09/ppmc_reg_S118M_inst/inst_ppmc_ctrl/N_6 undriven or does not drive
     anything - clipped.
Signal stm09/ppmc_reg_S118M_inst/inst_ppmc_ctrl/un6_more_flg_cry_15_0_S0_7
     undriven or does not drive anything - clipped.
Signal stm09/ppmc_reg_S118M_inst/inst_ppmc_ctrl/un6_more_flg_cry_15_0_COUT_7
     undriven or does not drive anything - clipped.
Signal stm09/ppmc_reg_S118M_inst/inst_ppmc_ctrl/un6_more_flg_cry_13_0_S1_7
     undriven or does not drive anything - clipped.
Signal stm09/ppmc_reg_S118M_inst/inst_ppmc_ctrl/un6_more_flg_cry_13_0_S0_7
     undriven or does not drive anything - clipped.
Signal stm09/ppmc_reg_S118M_inst/inst_ppmc_ctrl/un6_more_flg_cry_11_0_S1_7
     undriven or does not drive anything - clipped.
Signal stm09/ppmc_reg_S118M_inst/inst_ppmc_ctrl/un6_more_flg_cry_11_0_S0_7
     undriven or does not drive anything - clipped.
Signal stm09/ppmc_reg_S118M_inst/inst_ppmc_ctrl/un6_more_flg_cry_9_0_S1_7
     undriven or does not drive anything - clipped.
Signal stm09/ppmc_reg_S118M_inst/inst_ppmc_ctrl/un6_more_flg_cry_9_0_S0_7
     undriven or does not drive anything - clipped.
Signal stm09/ppmc_reg_S118M_inst/inst_ppmc_ctrl/un6_more_flg_cry_7_0_S1_7
     undriven or does not drive anything - clipped.
Signal stm09/ppmc_reg_S118M_inst/inst_ppmc_ctrl/un6_more_flg_cry_7_0_S0_7
     undriven or does not drive anything - clipped.
Signal stm09/ppmc_reg_S118M_inst/inst_ppmc_ctrl/un6_more_flg_cry_5_0_S1_7
     undriven or does not drive anything - clipped.
Signal stm09/ppmc_reg_S118M_inst/inst_ppmc_ctrl/un6_more_flg_cry_5_0_S0_7
     undriven or does not drive anything - clipped.
Signal stm09/ppmc_reg_S118M_inst/inst_ppmc_ctrl/un6_more_flg_cry_3_0_S1_7
     undriven or does not drive anything - clipped.
Signal stm09/ppmc_reg_S118M_inst/inst_ppmc_ctrl/un6_more_flg_cry_3_0_S0_7
     undriven or does not drive anything - clipped.
Signal stm09/ppmc_reg_S118M_inst/inst_ppmc_ctrl/un6_more_flg_cry_1_0_S1_7
     undriven or does not drive anything - clipped.
Signal stm09/ppmc_reg_S118M_inst/inst_ppmc_ctrl/un6_more_flg_cry_1_0_S0_7
     undriven or does not drive anything - clipped.
Signal stm09/ppmc_reg_S118M_inst/inst_ppmc_ctrl/un6_more_flg_cry_0_0_S1_7

                                   Page 177




Design:  SP0557                                        Date:  02/28/26  21:16:30

Removed logic (cont)
--------------------
     undriven or does not drive anything - clipped.
Signal stm09/ppmc_reg_S118M_inst/inst_ppmc_ctrl/un6_more_flg_cry_0_0_S0_7
     undriven or does not drive anything - clipped.
Signal stm09/ppmc_reg_S118M_inst/inst_ppmc_ctrl/N_7 undriven or does not drive
     anything - clipped.
Signal stm09/ppmc_reg_S118M_inst/inst_ppmc_ctrl/more_cnt_s_0_S1_7[15] undriven
     or does not drive anything - clipped.
Signal stm09/ppmc_reg_S118M_inst/inst_ppmc_ctrl/more_cnt_s_0_COUT_7[15] undriven
     or does not drive anything - clipped.
Signal stm09/ppmc_reg_S118M_inst/inst_ppmc_ctrl/more_cnt_cry_0_S0_7[0] undriven
     or does not drive anything - clipped.
Signal stm09/ppmc_reg_S118M_inst/inst_ppmc_ctrl/N_8 undriven or does not drive
     anything - clipped.
Signal stm09/ppmc_reg_S118M_inst/inst_ppmc_cmdchk/un13_command_hit_cry_15_0_S0_7
     undriven or does not drive anything - clipped.
Signal stm09/ppmc_reg_S118M_inst/inst_ppmc_cmdchk/un13_command_hit_cry_15_0_COUT
     _7 undriven or does not drive anything - clipped.
Signal stm09/ppmc_reg_S118M_inst/inst_ppmc_cmdchk/un13_command_hit_cry_13_0_S1_7
     undriven or does not drive anything - clipped.
Signal stm09/ppmc_reg_S118M_inst/inst_ppmc_cmdchk/un13_command_hit_cry_13_0_S0_7
     undriven or does not drive anything - clipped.
Signal stm09/ppmc_reg_S118M_inst/inst_ppmc_cmdchk/un13_command_hit_cry_11_0_S1_7
     undriven or does not drive anything - clipped.
Signal stm09/ppmc_reg_S118M_inst/inst_ppmc_cmdchk/un13_command_hit_cry_11_0_S0_7
     undriven or does not drive anything - clipped.
Signal stm09/ppmc_reg_S118M_inst/inst_ppmc_cmdchk/un13_command_hit_cry_9_0_S1_7
     undriven or does not drive anything - clipped.
Signal stm09/ppmc_reg_S118M_inst/inst_ppmc_cmdchk/un13_command_hit_cry_9_0_S0_7
     undriven or does not drive anything - clipped.
Signal stm09/ppmc_reg_S118M_inst/inst_ppmc_cmdchk/un13_command_hit_cry_7_0_S1_7
     undriven or does not drive anything - clipped.
Signal stm09/ppmc_reg_S118M_inst/inst_ppmc_cmdchk/un13_command_hit_cry_7_0_S0_7
     undriven or does not drive anything - clipped.
Signal stm09/ppmc_reg_S118M_inst/inst_ppmc_cmdchk/un13_command_hit_cry_5_0_S1_7
     undriven or does not drive anything - clipped.
Signal stm09/ppmc_reg_S118M_inst/inst_ppmc_cmdchk/un13_command_hit_cry_5_0_S0_7
     undriven or does not drive anything - clipped.
Signal stm09/ppmc_reg_S118M_inst/inst_ppmc_cmdchk/un13_command_hit_cry_3_0_S1_7
     undriven or does not drive anything - clipped.
Signal stm09/ppmc_reg_S118M_inst/inst_ppmc_cmdchk/un13_command_hit_cry_3_0_S0_7
     undriven or does not drive anything - clipped.
Signal stm09/ppmc_reg_S118M_inst/inst_ppmc_cmdchk/un13_command_hit_cry_1_0_S1_7
     undriven or does not drive anything - clipped.
Signal stm09/ppmc_reg_S118M_inst/inst_ppmc_cmdchk/un13_command_hit_cry_1_0_S0_7
     undriven or does not drive anything - clipped.
Signal stm09/ppmc_reg_S118M_inst/inst_ppmc_cmdchk/un13_command_hit_cry_0_0_S1_7
     undriven or does not drive anything - clipped.
Signal stm09/ppmc_reg_S118M_inst/inst_ppmc_cmdchk/un13_command_hit_cry_0_0_S0_7
     undriven or does not drive anything - clipped.
Signal stm09/ppmc_reg_S118M_inst/inst_ppmc_cmdchk/N_1 undriven or does not drive
     anything - clipped.
Signal stm10/ppmc_reg_S118M_inst/inst_ppmc_plsgen/ppmc_acc_tim_gen_inst/un2_reg_
     0_I_21_0_S0_8 undriven or does not drive anything - clipped.
Signal stm10/ppmc_reg_S118M_inst/inst_ppmc_plsgen/ppmc_acc_tim_gen_inst/un2_reg_
     0_I_21_0_COUT_8 undriven or does not drive anything - clipped.
Signal stm10/ppmc_reg_S118M_inst/inst_ppmc_plsgen/ppmc_acc_tim_gen_inst/un2_reg_

                                   Page 178




Design:  SP0557                                        Date:  02/28/26  21:16:30

Removed logic (cont)
--------------------
     0_I_33_0_S1_8 undriven or does not drive anything - clipped.
Signal stm10/ppmc_reg_S118M_inst/inst_ppmc_plsgen/ppmc_acc_tim_gen_inst/un2_reg_
     0_I_33_0_S0_8 undriven or does not drive anything - clipped.
Signal stm10/ppmc_reg_S118M_inst/inst_ppmc_plsgen/ppmc_acc_tim_gen_inst/un2_reg_
     0_I_27_0_S1_8 undriven or does not drive anything - clipped.
Signal stm10/ppmc_reg_S118M_inst/inst_ppmc_plsgen/ppmc_acc_tim_gen_inst/un2_reg_
     0_I_27_0_S0_8 undriven or does not drive anything - clipped.
Signal stm10/ppmc_reg_S118M_inst/inst_ppmc_plsgen/ppmc_acc_tim_gen_inst/un2_reg_
     0_I_9_0_S1_8 undriven or does not drive anything - clipped.
Signal stm10/ppmc_reg_S118M_inst/inst_ppmc_plsgen/ppmc_acc_tim_gen_inst/un2_reg_
     0_I_9_0_S0_8 undriven or does not drive anything - clipped.
Signal stm10/ppmc_reg_S118M_inst/inst_ppmc_plsgen/ppmc_acc_tim_gen_inst/un2_reg_
     0_I_1_0_S1_8 undriven or does not drive anything - clipped.
Signal stm10/ppmc_reg_S118M_inst/inst_ppmc_plsgen/ppmc_acc_tim_gen_inst/un2_reg_
     0_I_1_0_S0_8 undriven or does not drive anything - clipped.
Signal stm10/ppmc_reg_S118M_inst/inst_ppmc_plsgen/ppmc_acc_tim_gen_inst/N_1
     undriven or does not drive anything - clipped.
Signal stm10/ppmc_reg_S118M_inst/inst_ppmc_plsgen/ppmc_acc_tim_gen_inst/reg_s_0_
     S1_17[15] undriven or does not drive anything - clipped.
Signal stm10/ppmc_reg_S118M_inst/inst_ppmc_plsgen/ppmc_acc_tim_gen_inst/reg_s_0_
     COUT_17[15] undriven or does not drive anything - clipped.
Signal stm10/ppmc_reg_S118M_inst/inst_ppmc_plsgen/ppmc_acc_tim_gen_inst/reg_cry_
     0_S0_17[0] undriven or does not drive anything - clipped.
Signal stm10/ppmc_reg_S118M_inst/inst_ppmc_plsgen/ppmc_acc_tim_gen_inst/N_2
     undriven or does not drive anything - clipped.
Signal stm10/ppmc_reg_S118M_inst/inst_ppmc_plsgen/ppmc_speed_cnt_inst/un2_acc_pu
     lse_cry_15_0_S0_8 undriven or does not drive anything - clipped.
Signal stm10/ppmc_reg_S118M_inst/inst_ppmc_plsgen/ppmc_speed_cnt_inst/un2_acc_pu
     lse_cry_15_0_COUT_8 undriven or does not drive anything - clipped.
Signal stm10/ppmc_reg_S118M_inst/inst_ppmc_plsgen/ppmc_speed_cnt_inst/un2_acc_pu
     lse_cry_13_0_S1_8 undriven or does not drive anything - clipped.
Signal stm10/ppmc_reg_S118M_inst/inst_ppmc_plsgen/ppmc_speed_cnt_inst/un2_acc_pu
     lse_cry_13_0_S0_8 undriven or does not drive anything - clipped.
Signal stm10/ppmc_reg_S118M_inst/inst_ppmc_plsgen/ppmc_speed_cnt_inst/un2_acc_pu
     lse_cry_11_0_S1_8 undriven or does not drive anything - clipped.
Signal stm10/ppmc_reg_S118M_inst/inst_ppmc_plsgen/ppmc_speed_cnt_inst/un2_acc_pu
     lse_cry_11_0_S0_8 undriven or does not drive anything - clipped.
Signal stm10/ppmc_reg_S118M_inst/inst_ppmc_plsgen/ppmc_speed_cnt_inst/un2_acc_pu
     lse_cry_9_0_S1_8 undriven or does not drive anything - clipped.
Signal stm10/ppmc_reg_S118M_inst/inst_ppmc_plsgen/ppmc_speed_cnt_inst/un2_acc_pu
     lse_cry_9_0_S0_8 undriven or does not drive anything - clipped.
Signal stm10/ppmc_reg_S118M_inst/inst_ppmc_plsgen/ppmc_speed_cnt_inst/un2_acc_pu
     lse_cry_7_0_S1_8 undriven or does not drive anything - clipped.
Signal stm10/ppmc_reg_S118M_inst/inst_ppmc_plsgen/ppmc_speed_cnt_inst/un2_acc_pu
     lse_cry_7_0_S0_8 undriven or does not drive anything - clipped.
Signal stm10/ppmc_reg_S118M_inst/inst_ppmc_plsgen/ppmc_speed_cnt_inst/un2_acc_pu
     lse_cry_5_0_S1_8 undriven or does not drive anything - clipped.
Signal stm10/ppmc_reg_S118M_inst/inst_ppmc_plsgen/ppmc_speed_cnt_inst/un2_acc_pu
     lse_cry_5_0_S0_8 undriven or does not drive anything - clipped.
Signal stm10/ppmc_reg_S118M_inst/inst_ppmc_plsgen/ppmc_speed_cnt_inst/un2_acc_pu
     lse_cry_3_0_S1_8 undriven or does not drive anything - clipped.
Signal stm10/ppmc_reg_S118M_inst/inst_ppmc_plsgen/ppmc_speed_cnt_inst/un2_acc_pu
     lse_cry_3_0_S0_8 undriven or does not drive anything - clipped.
Signal stm10/ppmc_reg_S118M_inst/inst_ppmc_plsgen/ppmc_speed_cnt_inst/un2_acc_pu
     lse_cry_1_0_S1_8 undriven or does not drive anything - clipped.
Signal stm10/ppmc_reg_S118M_inst/inst_ppmc_plsgen/ppmc_speed_cnt_inst/un2_acc_pu

                                   Page 179




Design:  SP0557                                        Date:  02/28/26  21:16:30

Removed logic (cont)
--------------------
     lse_cry_1_0_S0_8 undriven or does not drive anything - clipped.
Signal stm10/ppmc_reg_S118M_inst/inst_ppmc_plsgen/ppmc_speed_cnt_inst/un2_acc_pu
     lse_cry_0_0_S1_8 undriven or does not drive anything - clipped.
Signal stm10/ppmc_reg_S118M_inst/inst_ppmc_plsgen/ppmc_speed_cnt_inst/un2_acc_pu
     lse_cry_0_0_S0_8 undriven or does not drive anything - clipped.
Signal stm10/ppmc_reg_S118M_inst/inst_ppmc_plsgen/ppmc_speed_cnt_inst/N_6
     undriven or does not drive anything - clipped.
Signal stm10/ppmc_reg_S118M_inst/inst_ppmc_plsgen/ppmc_speed_cnt_inst/un8_acc_pu
     lse_cry_15_0_S0_8 undriven or does not drive anything - clipped.
Signal stm10/ppmc_reg_S118M_inst/inst_ppmc_plsgen/ppmc_speed_cnt_inst/un8_acc_pu
     lse_cry_15_0_COUT_8 undriven or does not drive anything - clipped.
Signal stm10/ppmc_reg_S118M_inst/inst_ppmc_plsgen/ppmc_speed_cnt_inst/un8_acc_pu
     lse_cry_13_0_S1_8 undriven or does not drive anything - clipped.
Signal stm10/ppmc_reg_S118M_inst/inst_ppmc_plsgen/ppmc_speed_cnt_inst/un8_acc_pu
     lse_cry_13_0_S0_8 undriven or does not drive anything - clipped.
Signal stm10/ppmc_reg_S118M_inst/inst_ppmc_plsgen/ppmc_speed_cnt_inst/un8_acc_pu
     lse_cry_11_0_S1_8 undriven or does not drive anything - clipped.
Signal stm10/ppmc_reg_S118M_inst/inst_ppmc_plsgen/ppmc_speed_cnt_inst/un8_acc_pu
     lse_cry_11_0_S0_8 undriven or does not drive anything - clipped.
Signal stm10/ppmc_reg_S118M_inst/inst_ppmc_plsgen/ppmc_speed_cnt_inst/un8_acc_pu
     lse_cry_9_0_S1_8 undriven or does not drive anything - clipped.
Signal stm10/ppmc_reg_S118M_inst/inst_ppmc_plsgen/ppmc_speed_cnt_inst/un8_acc_pu
     lse_cry_9_0_S0_8 undriven or does not drive anything - clipped.
Signal stm10/ppmc_reg_S118M_inst/inst_ppmc_plsgen/ppmc_speed_cnt_inst/un8_acc_pu
     lse_cry_7_0_S1_8 undriven or does not drive anything - clipped.
Signal stm10/ppmc_reg_S118M_inst/inst_ppmc_plsgen/ppmc_speed_cnt_inst/un8_acc_pu
     lse_cry_7_0_S0_8 undriven or does not drive anything - clipped.
Signal stm10/ppmc_reg_S118M_inst/inst_ppmc_plsgen/ppmc_speed_cnt_inst/un8_acc_pu
     lse_cry_5_0_S1_8 undriven or does not drive anything - clipped.
Signal stm10/ppmc_reg_S118M_inst/inst_ppmc_plsgen/ppmc_speed_cnt_inst/un8_acc_pu
     lse_cry_5_0_S0_8 undriven or does not drive anything - clipped.
Signal stm10/ppmc_reg_S118M_inst/inst_ppmc_plsgen/ppmc_speed_cnt_inst/un8_acc_pu
     lse_cry_3_0_S1_8 undriven or does not drive anything - clipped.
Signal stm10/ppmc_reg_S118M_inst/inst_ppmc_plsgen/ppmc_speed_cnt_inst/un8_acc_pu
     lse_cry_3_0_S0_8 undriven or does not drive anything - clipped.
Signal stm10/ppmc_reg_S118M_inst/inst_ppmc_plsgen/ppmc_speed_cnt_inst/un8_acc_pu
     lse_cry_1_0_S1_8 undriven or does not drive anything - clipped.
Signal stm10/ppmc_reg_S118M_inst/inst_ppmc_plsgen/ppmc_speed_cnt_inst/un8_acc_pu
     lse_cry_1_0_S0_8 undriven or does not drive anything - clipped.
Signal stm10/ppmc_reg_S118M_inst/inst_ppmc_plsgen/ppmc_speed_cnt_inst/un8_acc_pu
     lse_cry_0_0_S1_8 undriven or does not drive anything - clipped.
Signal stm10/ppmc_reg_S118M_inst/inst_ppmc_plsgen/ppmc_speed_cnt_inst/un8_acc_pu
     lse_cry_0_0_S0_8 undriven or does not drive anything - clipped.
Signal stm10/ppmc_reg_S118M_inst/inst_ppmc_plsgen/ppmc_speed_cnt_inst/N_7
     undriven or does not drive anything - clipped.
Signal stm10/ppmc_reg_S118M_inst/inst_ppmc_plsgen/ppmc_speed_cnt_inst/reg_cry_0_
     COUT_8[14] undriven or does not drive anything - clipped.
Signal stm10/ppmc_reg_S118M_inst/inst_ppmc_plsgen/ppmc_speed_cnt_inst/reg_lcry_0
     _S1_8 undriven or does not drive anything - clipped.
Signal stm10/ppmc_reg_S118M_inst/inst_ppmc_plsgen/ppmc_speed_cnt_inst/reg_lcry_0
     _S0_8 undriven or does not drive anything - clipped.
Signal stm10/ppmc_reg_S118M_inst/inst_ppmc_plsgen/ppmc_speed_cnt_inst/N_8
     undriven or does not drive anything - clipped.
Signal stm10/ppmc_reg_S118M_inst/inst_ppmc_plsgen/ppmc_timer_cnt_inst/un5_pulse_
     clk_cry_18_0_S1_8 undriven or does not drive anything - clipped.
Signal stm10/ppmc_reg_S118M_inst/inst_ppmc_plsgen/ppmc_timer_cnt_inst/un5_pulse_

                                   Page 180




Design:  SP0557                                        Date:  02/28/26  21:16:30

Removed logic (cont)
--------------------
     clk_cry_18_0_COUT_8 undriven or does not drive anything - clipped.
Signal stm10/ppmc_reg_S118M_inst/inst_ppmc_plsgen/ppmc_timer_cnt_inst/un5_pulse_
     clk_cry_17_0_S1_8 undriven or does not drive anything - clipped.
Signal stm10/ppmc_reg_S118M_inst/inst_ppmc_plsgen/ppmc_timer_cnt_inst/un5_pulse_
     clk_cry_17_0_S0_8 undriven or does not drive anything - clipped.
Signal stm10/ppmc_reg_S118M_inst/inst_ppmc_plsgen/ppmc_timer_cnt_inst/un5_pulse_
     clk_cry_15_0_S1_8 undriven or does not drive anything - clipped.
Signal stm10/ppmc_reg_S118M_inst/inst_ppmc_plsgen/ppmc_timer_cnt_inst/un5_pulse_
     clk_cry_15_0_S0_8 undriven or does not drive anything - clipped.
Signal stm10/ppmc_reg_S118M_inst/inst_ppmc_plsgen/ppmc_timer_cnt_inst/un5_pulse_
     clk_cry_13_0_S1_8 undriven or does not drive anything - clipped.
Signal stm10/ppmc_reg_S118M_inst/inst_ppmc_plsgen/ppmc_timer_cnt_inst/un5_pulse_
     clk_cry_13_0_S0_8 undriven or does not drive anything - clipped.
Signal stm10/ppmc_reg_S118M_inst/inst_ppmc_plsgen/ppmc_timer_cnt_inst/un5_pulse_
     clk_cry_11_0_S1_8 undriven or does not drive anything - clipped.
Signal stm10/ppmc_reg_S118M_inst/inst_ppmc_plsgen/ppmc_timer_cnt_inst/un5_pulse_
     clk_cry_11_0_S0_8 undriven or does not drive anything - clipped.
Signal stm10/ppmc_reg_S118M_inst/inst_ppmc_plsgen/ppmc_timer_cnt_inst/un5_pulse_
     clk_cry_9_0_S1_8 undriven or does not drive anything - clipped.
Signal stm10/ppmc_reg_S118M_inst/inst_ppmc_plsgen/ppmc_timer_cnt_inst/un5_pulse_
     clk_cry_9_0_S0_8 undriven or does not drive anything - clipped.
Signal stm10/ppmc_reg_S118M_inst/inst_ppmc_plsgen/ppmc_timer_cnt_inst/un5_pulse_
     clk_cry_7_0_S1_8 undriven or does not drive anything - clipped.
Signal stm10/ppmc_reg_S118M_inst/inst_ppmc_plsgen/ppmc_timer_cnt_inst/un5_pulse_
     clk_cry_7_0_S0_8 undriven or does not drive anything - clipped.
Signal stm10/ppmc_reg_S118M_inst/inst_ppmc_plsgen/ppmc_timer_cnt_inst/un5_pulse_
     clk_cry_5_0_S1_8 undriven or does not drive anything - clipped.
Signal stm10/ppmc_reg_S118M_inst/inst_ppmc_plsgen/ppmc_timer_cnt_inst/un5_pulse_
     clk_cry_5_0_S0_8 undriven or does not drive anything - clipped.
Signal stm10/ppmc_reg_S118M_inst/inst_ppmc_plsgen/ppmc_timer_cnt_inst/un5_pulse_
     clk_cry_3_0_S1_8 undriven or does not drive anything - clipped.
Signal stm10/ppmc_reg_S118M_inst/inst_ppmc_plsgen/ppmc_timer_cnt_inst/un5_pulse_
     clk_cry_3_0_S0_8 undriven or does not drive anything - clipped.
Signal stm10/ppmc_reg_S118M_inst/inst_ppmc_plsgen/ppmc_timer_cnt_inst/un5_pulse_
     clk_cry_1_0_S1_8 undriven or does not drive anything - clipped.
Signal stm10/ppmc_reg_S118M_inst/inst_ppmc_plsgen/ppmc_timer_cnt_inst/un5_pulse_
     clk_cry_1_0_S0_8 undriven or does not drive anything - clipped.
Signal stm10/ppmc_reg_S118M_inst/inst_ppmc_plsgen/ppmc_timer_cnt_inst/un5_pulse_
     clk_cry_0_0_S1_8 undriven or does not drive anything - clipped.
Signal stm10/ppmc_reg_S118M_inst/inst_ppmc_plsgen/ppmc_timer_cnt_inst/un5_pulse_
     clk_cry_0_0_S0_8 undriven or does not drive anything - clipped.
Signal stm10/ppmc_reg_S118M_inst/inst_ppmc_plsgen/ppmc_timer_cnt_inst/N_1
     undriven or does not drive anything - clipped.
Signal stm10/ppmc_reg_S118M_inst/inst_ppmc_plsgen/ppmc_timer_cnt_inst/un1_reg_2_
     cry_17_0_COUT_8 undriven or does not drive anything - clipped.
Signal stm10/ppmc_reg_S118M_inst/inst_ppmc_plsgen/ppmc_timer_cnt_inst/un1_reg_2_
     cry_0_0_S1_8 undriven or does not drive anything - clipped.
Signal stm10/ppmc_reg_S118M_inst/inst_ppmc_plsgen/ppmc_timer_cnt_inst/un1_reg_2_
     cry_0_0_S0_8 undriven or does not drive anything - clipped.
Signal stm10/ppmc_reg_S118M_inst/inst_ppmc_plsgen/ppmc_timer_cnt_inst/N_2
     undriven or does not drive anything - clipped.
Signal stm10/ppmc_reg_S118M_inst/inst_ppmc_plsgen/ppmc_timer_cnt_inst/un1_reg_2_
     4_cry_17_COUT_8 undriven or does not drive anything - clipped.
Signal stm10/ppmc_reg_S118M_inst/inst_ppmc_plsgen/ppmc_timer_cnt_inst/un1_reg_2_
     4_cry_0_S1_8 undriven or does not drive anything - clipped.
Signal stm10/ppmc_reg_S118M_inst/inst_ppmc_plsgen/ppmc_timer_cnt_inst/un1_reg_2_

                                   Page 181




Design:  SP0557                                        Date:  02/28/26  21:16:30

Removed logic (cont)
--------------------
     4_cry_0_S0_8 undriven or does not drive anything - clipped.
Signal stm10/ppmc_reg_S118M_inst/inst_ppmc_plsgen/ppmc_timer_cnt_inst/N_3
     undriven or does not drive anything - clipped.
Signal stm10/ppmc_reg_S118M_inst/inst_ppmc_plsgen/ppmc_pls_cnt_inst/un4_o_slow_0
     _I_21_0_S0_8 undriven or does not drive anything - clipped.
Signal stm10/ppmc_reg_S118M_inst/inst_ppmc_plsgen/ppmc_pls_cnt_inst/un4_o_slow_0
     _I_21_0_COUT_8 undriven or does not drive anything - clipped.
Signal stm10/ppmc_reg_S118M_inst/inst_ppmc_plsgen/ppmc_pls_cnt_inst/un4_o_slow_0
     _I_33_0_S1_8 undriven or does not drive anything - clipped.
Signal stm10/ppmc_reg_S118M_inst/inst_ppmc_plsgen/ppmc_pls_cnt_inst/un4_o_slow_0
     _I_33_0_S0_8 undriven or does not drive anything - clipped.
Signal stm10/ppmc_reg_S118M_inst/inst_ppmc_plsgen/ppmc_pls_cnt_inst/un4_o_slow_0
     _I_27_0_S1_8 undriven or does not drive anything - clipped.
Signal stm10/ppmc_reg_S118M_inst/inst_ppmc_plsgen/ppmc_pls_cnt_inst/un4_o_slow_0
     _I_27_0_S0_8 undriven or does not drive anything - clipped.
Signal stm10/ppmc_reg_S118M_inst/inst_ppmc_plsgen/ppmc_pls_cnt_inst/un4_o_slow_0
     _I_9_0_S1_8 undriven or does not drive anything - clipped.
Signal stm10/ppmc_reg_S118M_inst/inst_ppmc_plsgen/ppmc_pls_cnt_inst/un4_o_slow_0
     _I_9_0_S0_8 undriven or does not drive anything - clipped.
Signal stm10/ppmc_reg_S118M_inst/inst_ppmc_plsgen/ppmc_pls_cnt_inst/un4_o_slow_0
     _I_1_0_S1_8 undriven or does not drive anything - clipped.
Signal stm10/ppmc_reg_S118M_inst/inst_ppmc_plsgen/ppmc_pls_cnt_inst/un4_o_slow_0
     _I_1_0_S0_8 undriven or does not drive anything - clipped.
Signal stm10/ppmc_reg_S118M_inst/inst_ppmc_plsgen/ppmc_pls_cnt_inst/N_1 undriven
     or does not drive anything - clipped.
Signal stm10/ppmc_reg_S118M_inst/inst_ppmc_plsgen/ppmc_pls_cnt_inst/un5_pout_cry
     _7_0_S0_8 undriven or does not drive anything - clipped.
Signal stm10/ppmc_reg_S118M_inst/inst_ppmc_plsgen/ppmc_pls_cnt_inst/un5_pout_cry
     _7_0_COUT_8 undriven or does not drive anything - clipped.
Signal stm10/ppmc_reg_S118M_inst/inst_ppmc_plsgen/ppmc_pls_cnt_inst/un5_pout_cry
     _5_0_S1_8 undriven or does not drive anything - clipped.
Signal stm10/ppmc_reg_S118M_inst/inst_ppmc_plsgen/ppmc_pls_cnt_inst/un5_pout_cry
     _5_0_S0_8 undriven or does not drive anything - clipped.
Signal stm10/ppmc_reg_S118M_inst/inst_ppmc_plsgen/ppmc_pls_cnt_inst/un5_pout_cry
     _3_0_S1_8 undriven or does not drive anything - clipped.
Signal stm10/ppmc_reg_S118M_inst/inst_ppmc_plsgen/ppmc_pls_cnt_inst/un5_pout_cry
     _3_0_S0_8 undriven or does not drive anything - clipped.
Signal stm10/ppmc_reg_S118M_inst/inst_ppmc_plsgen/ppmc_pls_cnt_inst/un5_pout_cry
     _1_0_S1_8 undriven or does not drive anything - clipped.
Signal stm10/ppmc_reg_S118M_inst/inst_ppmc_plsgen/ppmc_pls_cnt_inst/un5_pout_cry
     _1_0_S0_8 undriven or does not drive anything - clipped.
Signal stm10/ppmc_reg_S118M_inst/inst_ppmc_plsgen/ppmc_pls_cnt_inst/un5_pout_cry
     _0_0_S1_8 undriven or does not drive anything - clipped.
Signal stm10/ppmc_reg_S118M_inst/inst_ppmc_plsgen/ppmc_pls_cnt_inst/un5_pout_cry
     _0_0_S0_8 undriven or does not drive anything - clipped.
Signal stm10/ppmc_reg_S118M_inst/inst_ppmc_plsgen/ppmc_pls_cnt_inst/N_2 undriven
     or does not drive anything - clipped.
Signal stm10/ppmc_reg_S118M_inst/inst_ppmc_plsgen/ppmc_pls_cnt_inst/un2_s_slow_c
     ry_15_0_S0_8 undriven or does not drive anything - clipped.
Signal stm10/ppmc_reg_S118M_inst/inst_ppmc_plsgen/ppmc_pls_cnt_inst/un2_s_slow_c
     ry_15_0_COUT_8 undriven or does not drive anything - clipped.
Signal stm10/ppmc_reg_S118M_inst/inst_ppmc_plsgen/ppmc_pls_cnt_inst/un2_s_slow_c
     ry_13_0_S1_8 undriven or does not drive anything - clipped.
Signal stm10/ppmc_reg_S118M_inst/inst_ppmc_plsgen/ppmc_pls_cnt_inst/un2_s_slow_c
     ry_13_0_S0_8 undriven or does not drive anything - clipped.
Signal stm10/ppmc_reg_S118M_inst/inst_ppmc_plsgen/ppmc_pls_cnt_inst/un2_s_slow_c

                                   Page 182




Design:  SP0557                                        Date:  02/28/26  21:16:30

Removed logic (cont)
--------------------
     ry_11_0_S1_8 undriven or does not drive anything - clipped.
Signal stm10/ppmc_reg_S118M_inst/inst_ppmc_plsgen/ppmc_pls_cnt_inst/un2_s_slow_c
     ry_11_0_S0_8 undriven or does not drive anything - clipped.
Signal stm10/ppmc_reg_S118M_inst/inst_ppmc_plsgen/ppmc_pls_cnt_inst/un2_s_slow_c
     ry_9_0_S1_8 undriven or does not drive anything - clipped.
Signal stm10/ppmc_reg_S118M_inst/inst_ppmc_plsgen/ppmc_pls_cnt_inst/un2_s_slow_c
     ry_9_0_S0_8 undriven or does not drive anything - clipped.
Signal stm10/ppmc_reg_S118M_inst/inst_ppmc_plsgen/ppmc_pls_cnt_inst/un2_s_slow_c
     ry_7_0_S1_8 undriven or does not drive anything - clipped.
Signal stm10/ppmc_reg_S118M_inst/inst_ppmc_plsgen/ppmc_pls_cnt_inst/un2_s_slow_c
     ry_7_0_S0_8 undriven or does not drive anything - clipped.
Signal stm10/ppmc_reg_S118M_inst/inst_ppmc_plsgen/ppmc_pls_cnt_inst/un2_s_slow_c
     ry_5_0_S1_8 undriven or does not drive anything - clipped.
Signal stm10/ppmc_reg_S118M_inst/inst_ppmc_plsgen/ppmc_pls_cnt_inst/un2_s_slow_c
     ry_5_0_S0_8 undriven or does not drive anything - clipped.
Signal stm10/ppmc_reg_S118M_inst/inst_ppmc_plsgen/ppmc_pls_cnt_inst/un2_s_slow_c
     ry_3_0_S1_8 undriven or does not drive anything - clipped.
Signal stm10/ppmc_reg_S118M_inst/inst_ppmc_plsgen/ppmc_pls_cnt_inst/un2_s_slow_c
     ry_3_0_S0_8 undriven or does not drive anything - clipped.
Signal stm10/ppmc_reg_S118M_inst/inst_ppmc_plsgen/ppmc_pls_cnt_inst/un2_s_slow_c
     ry_1_0_S1_8 undriven or does not drive anything - clipped.
Signal stm10/ppmc_reg_S118M_inst/inst_ppmc_plsgen/ppmc_pls_cnt_inst/un2_s_slow_c
     ry_1_0_S0_8 undriven or does not drive anything - clipped.
Signal stm10/ppmc_reg_S118M_inst/inst_ppmc_plsgen/ppmc_pls_cnt_inst/un2_s_slow_c
     ry_0_0_S1_8 undriven or does not drive anything - clipped.
Signal stm10/ppmc_reg_S118M_inst/inst_ppmc_plsgen/ppmc_pls_cnt_inst/un2_s_slow_c
     ry_0_0_S0_8 undriven or does not drive anything - clipped.
Signal stm10/ppmc_reg_S118M_inst/inst_ppmc_plsgen/ppmc_pls_cnt_inst/N_3 undriven
     or does not drive anything - clipped.
Signal stm10/ppmc_reg_S118M_inst/inst_ppmc_plsgen/ppmc_pls_cnt_inst/reg_s_0_S1_1
     8[15] undriven or does not drive anything - clipped.
Signal stm10/ppmc_reg_S118M_inst/inst_ppmc_plsgen/ppmc_pls_cnt_inst/reg_s_0_COUT
     _18[15] undriven or does not drive anything - clipped.
Signal stm10/ppmc_reg_S118M_inst/inst_ppmc_plsgen/ppmc_pls_cnt_inst/reg_cry_0_S0
     _18[0] undriven or does not drive anything - clipped.
Signal stm10/ppmc_reg_S118M_inst/inst_ppmc_plsgen/ppmc_pls_cnt_inst/N_4 undriven
     or does not drive anything - clipped.
Signal stm10/ppmc_reg_S118M_inst/inst_ppmc_plsgen/ppmc_pls_cnt_inst/pre_pulse_s_
     0_S1_8[7] undriven or does not drive anything - clipped.
Signal stm10/ppmc_reg_S118M_inst/inst_ppmc_plsgen/ppmc_pls_cnt_inst/pre_pulse_s_
     0_COUT_8[7] undriven or does not drive anything - clipped.
Signal stm10/ppmc_reg_S118M_inst/inst_ppmc_plsgen/ppmc_pls_cnt_inst/pre_pulse_cr
     y_0_S0_8[0] undriven or does not drive anything - clipped.
Signal stm10/ppmc_reg_S118M_inst/inst_ppmc_plsgen/ppmc_pls_cnt_inst/N_5 undriven
     or does not drive anything - clipped.
Signal stm10/ppmc_reg_S118M_inst/inst_ppmc_enblr/enb_wait_cnt_s_0_S1_8[13]
     undriven or does not drive anything - clipped.
Signal stm10/ppmc_reg_S118M_inst/inst_ppmc_enblr/enb_wait_cnt_s_0_COUT_8[13]
     undriven or does not drive anything - clipped.
Signal stm10/ppmc_reg_S118M_inst/inst_ppmc_enblr/enb_wait_cnt_cry_0_S0_8[0]
     undriven or does not drive anything - clipped.
Signal stm10/ppmc_reg_S118M_inst/inst_ppmc_enblr/N_1 undriven or does not drive
     anything - clipped.
Signal stm10/ppmc_reg_S118M_inst/inst_ppmc_ctrl/speed_0_I_21_0_S0_8 undriven or
     does not drive anything - clipped.
Signal stm10/ppmc_reg_S118M_inst/inst_ppmc_ctrl/speed_0_I_21_0_COUT_8 undriven

                                   Page 183




Design:  SP0557                                        Date:  02/28/26  21:16:30

Removed logic (cont)
--------------------
     or does not drive anything - clipped.
Signal stm10/ppmc_reg_S118M_inst/inst_ppmc_ctrl/speed_0_I_33_0_S1_8 undriven or
     does not drive anything - clipped.
Signal stm10/ppmc_reg_S118M_inst/inst_ppmc_ctrl/speed_0_I_33_0_S0_8 undriven or
     does not drive anything - clipped.
Signal stm10/ppmc_reg_S118M_inst/inst_ppmc_ctrl/speed_0_I_27_0_S1_8 undriven or
     does not drive anything - clipped.
Signal stm10/ppmc_reg_S118M_inst/inst_ppmc_ctrl/speed_0_I_27_0_S0_8 undriven or
     does not drive anything - clipped.
Signal stm10/ppmc_reg_S118M_inst/inst_ppmc_ctrl/speed_0_I_9_0_S1_8 undriven or
     does not drive anything - clipped.
Signal stm10/ppmc_reg_S118M_inst/inst_ppmc_ctrl/speed_0_I_9_0_S0_8 undriven or
     does not drive anything - clipped.
Signal stm10/ppmc_reg_S118M_inst/inst_ppmc_ctrl/speed_0_I_1_0_S1_8 undriven or
     does not drive anything - clipped.
Signal stm10/ppmc_reg_S118M_inst/inst_ppmc_ctrl/speed_0_I_1_0_S0_8 undriven or
     does not drive anything - clipped.
Signal stm10/ppmc_reg_S118M_inst/inst_ppmc_ctrl/N_1 undriven or does not drive
     anything - clipped.
Signal stm10/ppmc_reg_S118M_inst/inst_ppmc_ctrl/un1_speed_0_I_21_0_S0_8 undriven
     or does not drive anything - clipped.
Signal stm10/ppmc_reg_S118M_inst/inst_ppmc_ctrl/un1_speed_0_I_21_0_COUT_8
     undriven or does not drive anything - clipped.
Signal stm10/ppmc_reg_S118M_inst/inst_ppmc_ctrl/un1_speed_0_I_33_0_S1_8 undriven
     or does not drive anything - clipped.
Signal stm10/ppmc_reg_S118M_inst/inst_ppmc_ctrl/un1_speed_0_I_33_0_S0_8 undriven
     or does not drive anything - clipped.
Signal stm10/ppmc_reg_S118M_inst/inst_ppmc_ctrl/un1_speed_0_I_27_0_S1_8 undriven
     or does not drive anything - clipped.
Signal stm10/ppmc_reg_S118M_inst/inst_ppmc_ctrl/un1_speed_0_I_27_0_S0_8 undriven
     or does not drive anything - clipped.
Signal stm10/ppmc_reg_S118M_inst/inst_ppmc_ctrl/un1_speed_0_I_9_0_S1_8 undriven
     or does not drive anything - clipped.
Signal stm10/ppmc_reg_S118M_inst/inst_ppmc_ctrl/un1_speed_0_I_9_0_S0_8 undriven
     or does not drive anything - clipped.
Signal stm10/ppmc_reg_S118M_inst/inst_ppmc_ctrl/un1_speed_0_I_1_0_S1_8 undriven
     or does not drive anything - clipped.
Signal stm10/ppmc_reg_S118M_inst/inst_ppmc_ctrl/un1_speed_0_I_1_0_S0_8 undriven
     or does not drive anything - clipped.
Signal stm10/ppmc_reg_S118M_inst/inst_ppmc_ctrl/N_6 undriven or does not drive
     anything - clipped.
Signal stm10/ppmc_reg_S118M_inst/inst_ppmc_ctrl/un6_more_flg_cry_15_0_S0_8
     undriven or does not drive anything - clipped.
Signal stm10/ppmc_reg_S118M_inst/inst_ppmc_ctrl/un6_more_flg_cry_15_0_COUT_8
     undriven or does not drive anything - clipped.
Signal stm10/ppmc_reg_S118M_inst/inst_ppmc_ctrl/un6_more_flg_cry_13_0_S1_8
     undriven or does not drive anything - clipped.
Signal stm10/ppmc_reg_S118M_inst/inst_ppmc_ctrl/un6_more_flg_cry_13_0_S0_8
     undriven or does not drive anything - clipped.
Signal stm10/ppmc_reg_S118M_inst/inst_ppmc_ctrl/un6_more_flg_cry_11_0_S1_8
     undriven or does not drive anything - clipped.
Signal stm10/ppmc_reg_S118M_inst/inst_ppmc_ctrl/un6_more_flg_cry_11_0_S0_8
     undriven or does not drive anything - clipped.
Signal stm10/ppmc_reg_S118M_inst/inst_ppmc_ctrl/un6_more_flg_cry_9_0_S1_8
     undriven or does not drive anything - clipped.
Signal stm10/ppmc_reg_S118M_inst/inst_ppmc_ctrl/un6_more_flg_cry_9_0_S0_8

                                   Page 184




Design:  SP0557                                        Date:  02/28/26  21:16:30

Removed logic (cont)
--------------------
     undriven or does not drive anything - clipped.
Signal stm10/ppmc_reg_S118M_inst/inst_ppmc_ctrl/un6_more_flg_cry_7_0_S1_8
     undriven or does not drive anything - clipped.
Signal stm10/ppmc_reg_S118M_inst/inst_ppmc_ctrl/un6_more_flg_cry_7_0_S0_8
     undriven or does not drive anything - clipped.
Signal stm10/ppmc_reg_S118M_inst/inst_ppmc_ctrl/un6_more_flg_cry_5_0_S1_8
     undriven or does not drive anything - clipped.
Signal stm10/ppmc_reg_S118M_inst/inst_ppmc_ctrl/un6_more_flg_cry_5_0_S0_8
     undriven or does not drive anything - clipped.
Signal stm10/ppmc_reg_S118M_inst/inst_ppmc_ctrl/un6_more_flg_cry_3_0_S1_8
     undriven or does not drive anything - clipped.
Signal stm10/ppmc_reg_S118M_inst/inst_ppmc_ctrl/un6_more_flg_cry_3_0_S0_8
     undriven or does not drive anything - clipped.
Signal stm10/ppmc_reg_S118M_inst/inst_ppmc_ctrl/un6_more_flg_cry_1_0_S1_8
     undriven or does not drive anything - clipped.
Signal stm10/ppmc_reg_S118M_inst/inst_ppmc_ctrl/un6_more_flg_cry_1_0_S0_8
     undriven or does not drive anything - clipped.
Signal stm10/ppmc_reg_S118M_inst/inst_ppmc_ctrl/un6_more_flg_cry_0_0_S1_8
     undriven or does not drive anything - clipped.
Signal stm10/ppmc_reg_S118M_inst/inst_ppmc_ctrl/un6_more_flg_cry_0_0_S0_8
     undriven or does not drive anything - clipped.
Signal stm10/ppmc_reg_S118M_inst/inst_ppmc_ctrl/N_7 undriven or does not drive
     anything - clipped.
Signal stm10/ppmc_reg_S118M_inst/inst_ppmc_ctrl/more_cnt_s_0_S1_8[15] undriven
     or does not drive anything - clipped.
Signal stm10/ppmc_reg_S118M_inst/inst_ppmc_ctrl/more_cnt_s_0_COUT_8[15] undriven
     or does not drive anything - clipped.
Signal stm10/ppmc_reg_S118M_inst/inst_ppmc_ctrl/more_cnt_cry_0_S0_8[0] undriven
     or does not drive anything - clipped.
Signal stm10/ppmc_reg_S118M_inst/inst_ppmc_ctrl/N_8 undriven or does not drive
     anything - clipped.
Signal stm10/ppmc_reg_S118M_inst/inst_ppmc_cmdchk/un13_command_hit_cry_15_0_S0_8
     undriven or does not drive anything - clipped.
Signal stm10/ppmc_reg_S118M_inst/inst_ppmc_cmdchk/un13_command_hit_cry_15_0_COUT
     _8 undriven or does not drive anything - clipped.
Signal stm10/ppmc_reg_S118M_inst/inst_ppmc_cmdchk/un13_command_hit_cry_13_0_S1_8
     undriven or does not drive anything - clipped.
Signal stm10/ppmc_reg_S118M_inst/inst_ppmc_cmdchk/un13_command_hit_cry_13_0_S0_8
     undriven or does not drive anything - clipped.
Signal stm10/ppmc_reg_S118M_inst/inst_ppmc_cmdchk/un13_command_hit_cry_11_0_S1_8
     undriven or does not drive anything - clipped.
Signal stm10/ppmc_reg_S118M_inst/inst_ppmc_cmdchk/un13_command_hit_cry_11_0_S0_8
     undriven or does not drive anything - clipped.
Signal stm10/ppmc_reg_S118M_inst/inst_ppmc_cmdchk/un13_command_hit_cry_9_0_S1_8
     undriven or does not drive anything - clipped.
Signal stm10/ppmc_reg_S118M_inst/inst_ppmc_cmdchk/un13_command_hit_cry_9_0_S0_8
     undriven or does not drive anything - clipped.
Signal stm10/ppmc_reg_S118M_inst/inst_ppmc_cmdchk/un13_command_hit_cry_7_0_S1_8
     undriven or does not drive anything - clipped.
Signal stm10/ppmc_reg_S118M_inst/inst_ppmc_cmdchk/un13_command_hit_cry_7_0_S0_8
     undriven or does not drive anything - clipped.
Signal stm10/ppmc_reg_S118M_inst/inst_ppmc_cmdchk/un13_command_hit_cry_5_0_S1_8
     undriven or does not drive anything - clipped.
Signal stm10/ppmc_reg_S118M_inst/inst_ppmc_cmdchk/un13_command_hit_cry_5_0_S0_8
     undriven or does not drive anything - clipped.
Signal stm10/ppmc_reg_S118M_inst/inst_ppmc_cmdchk/un13_command_hit_cry_3_0_S1_8

                                   Page 185




Design:  SP0557                                        Date:  02/28/26  21:16:30

Removed logic (cont)
--------------------
     undriven or does not drive anything - clipped.
Signal stm10/ppmc_reg_S118M_inst/inst_ppmc_cmdchk/un13_command_hit_cry_3_0_S0_8
     undriven or does not drive anything - clipped.
Signal stm10/ppmc_reg_S118M_inst/inst_ppmc_cmdchk/un13_command_hit_cry_1_0_S1_8
     undriven or does not drive anything - clipped.
Signal stm10/ppmc_reg_S118M_inst/inst_ppmc_cmdchk/un13_command_hit_cry_1_0_S0_8
     undriven or does not drive anything - clipped.
Signal stm10/ppmc_reg_S118M_inst/inst_ppmc_cmdchk/un13_command_hit_cry_0_0_S1_8
     undriven or does not drive anything - clipped.
Signal stm10/ppmc_reg_S118M_inst/inst_ppmc_cmdchk/un13_command_hit_cry_0_0_S0_8
     undriven or does not drive anything - clipped.
Signal stm10/ppmc_reg_S118M_inst/inst_ppmc_cmdchk/N_1 undriven or does not drive
     anything - clipped.
Signal stm11/ppmc_reg_S118M_inst/inst_ppmc_plsgen/ppmc_acc_tim_gen_inst/un2_reg_
     0_I_21_0_S0_9 undriven or does not drive anything - clipped.
Signal stm11/ppmc_reg_S118M_inst/inst_ppmc_plsgen/ppmc_acc_tim_gen_inst/un2_reg_
     0_I_21_0_COUT_9 undriven or does not drive anything - clipped.
Signal stm11/ppmc_reg_S118M_inst/inst_ppmc_plsgen/ppmc_acc_tim_gen_inst/un2_reg_
     0_I_33_0_S1_9 undriven or does not drive anything - clipped.
Signal stm11/ppmc_reg_S118M_inst/inst_ppmc_plsgen/ppmc_acc_tim_gen_inst/un2_reg_
     0_I_33_0_S0_9 undriven or does not drive anything - clipped.
Signal stm11/ppmc_reg_S118M_inst/inst_ppmc_plsgen/ppmc_acc_tim_gen_inst/un2_reg_
     0_I_27_0_S1_9 undriven or does not drive anything - clipped.
Signal stm11/ppmc_reg_S118M_inst/inst_ppmc_plsgen/ppmc_acc_tim_gen_inst/un2_reg_
     0_I_27_0_S0_9 undriven or does not drive anything - clipped.
Signal stm11/ppmc_reg_S118M_inst/inst_ppmc_plsgen/ppmc_acc_tim_gen_inst/un2_reg_
     0_I_9_0_S1_9 undriven or does not drive anything - clipped.
Signal stm11/ppmc_reg_S118M_inst/inst_ppmc_plsgen/ppmc_acc_tim_gen_inst/un2_reg_
     0_I_9_0_S0_9 undriven or does not drive anything - clipped.
Signal stm11/ppmc_reg_S118M_inst/inst_ppmc_plsgen/ppmc_acc_tim_gen_inst/un2_reg_
     0_I_1_0_S1_9 undriven or does not drive anything - clipped.
Signal stm11/ppmc_reg_S118M_inst/inst_ppmc_plsgen/ppmc_acc_tim_gen_inst/un2_reg_
     0_I_1_0_S0_9 undriven or does not drive anything - clipped.
Signal stm11/ppmc_reg_S118M_inst/inst_ppmc_plsgen/ppmc_acc_tim_gen_inst/N_1
     undriven or does not drive anything - clipped.
Signal stm11/ppmc_reg_S118M_inst/inst_ppmc_plsgen/ppmc_acc_tim_gen_inst/reg_s_0_
     S1_19[15] undriven or does not drive anything - clipped.
Signal stm11/ppmc_reg_S118M_inst/inst_ppmc_plsgen/ppmc_acc_tim_gen_inst/reg_s_0_
     COUT_19[15] undriven or does not drive anything - clipped.
Signal stm11/ppmc_reg_S118M_inst/inst_ppmc_plsgen/ppmc_acc_tim_gen_inst/reg_cry_
     0_S0_19[0] undriven or does not drive anything - clipped.
Signal stm11/ppmc_reg_S118M_inst/inst_ppmc_plsgen/ppmc_acc_tim_gen_inst/N_2
     undriven or does not drive anything - clipped.
Signal stm11/ppmc_reg_S118M_inst/inst_ppmc_plsgen/ppmc_speed_cnt_inst/un2_acc_pu
     lse_cry_15_0_S0_9 undriven or does not drive anything - clipped.
Signal stm11/ppmc_reg_S118M_inst/inst_ppmc_plsgen/ppmc_speed_cnt_inst/un2_acc_pu
     lse_cry_15_0_COUT_9 undriven or does not drive anything - clipped.
Signal stm11/ppmc_reg_S118M_inst/inst_ppmc_plsgen/ppmc_speed_cnt_inst/un2_acc_pu
     lse_cry_13_0_S1_9 undriven or does not drive anything - clipped.
Signal stm11/ppmc_reg_S118M_inst/inst_ppmc_plsgen/ppmc_speed_cnt_inst/un2_acc_pu
     lse_cry_13_0_S0_9 undriven or does not drive anything - clipped.
Signal stm11/ppmc_reg_S118M_inst/inst_ppmc_plsgen/ppmc_speed_cnt_inst/un2_acc_pu
     lse_cry_11_0_S1_9 undriven or does not drive anything - clipped.
Signal stm11/ppmc_reg_S118M_inst/inst_ppmc_plsgen/ppmc_speed_cnt_inst/un2_acc_pu
     lse_cry_11_0_S0_9 undriven or does not drive anything - clipped.
Signal stm11/ppmc_reg_S118M_inst/inst_ppmc_plsgen/ppmc_speed_cnt_inst/un2_acc_pu

                                   Page 186




Design:  SP0557                                        Date:  02/28/26  21:16:30

Removed logic (cont)
--------------------
     lse_cry_9_0_S1_9 undriven or does not drive anything - clipped.
Signal stm11/ppmc_reg_S118M_inst/inst_ppmc_plsgen/ppmc_speed_cnt_inst/un2_acc_pu
     lse_cry_9_0_S0_9 undriven or does not drive anything - clipped.
Signal stm11/ppmc_reg_S118M_inst/inst_ppmc_plsgen/ppmc_speed_cnt_inst/un2_acc_pu
     lse_cry_7_0_S1_9 undriven or does not drive anything - clipped.
Signal stm11/ppmc_reg_S118M_inst/inst_ppmc_plsgen/ppmc_speed_cnt_inst/un2_acc_pu
     lse_cry_7_0_S0_9 undriven or does not drive anything - clipped.
Signal stm11/ppmc_reg_S118M_inst/inst_ppmc_plsgen/ppmc_speed_cnt_inst/un2_acc_pu
     lse_cry_5_0_S1_9 undriven or does not drive anything - clipped.
Signal stm11/ppmc_reg_S118M_inst/inst_ppmc_plsgen/ppmc_speed_cnt_inst/un2_acc_pu
     lse_cry_5_0_S0_9 undriven or does not drive anything - clipped.
Signal stm11/ppmc_reg_S118M_inst/inst_ppmc_plsgen/ppmc_speed_cnt_inst/un2_acc_pu
     lse_cry_3_0_S1_9 undriven or does not drive anything - clipped.
Signal stm11/ppmc_reg_S118M_inst/inst_ppmc_plsgen/ppmc_speed_cnt_inst/un2_acc_pu
     lse_cry_3_0_S0_9 undriven or does not drive anything - clipped.
Signal stm11/ppmc_reg_S118M_inst/inst_ppmc_plsgen/ppmc_speed_cnt_inst/un2_acc_pu
     lse_cry_1_0_S1_9 undriven or does not drive anything - clipped.
Signal stm11/ppmc_reg_S118M_inst/inst_ppmc_plsgen/ppmc_speed_cnt_inst/un2_acc_pu
     lse_cry_1_0_S0_9 undriven or does not drive anything - clipped.
Signal stm11/ppmc_reg_S118M_inst/inst_ppmc_plsgen/ppmc_speed_cnt_inst/un2_acc_pu
     lse_cry_0_0_S1_9 undriven or does not drive anything - clipped.
Signal stm11/ppmc_reg_S118M_inst/inst_ppmc_plsgen/ppmc_speed_cnt_inst/un2_acc_pu
     lse_cry_0_0_S0_9 undriven or does not drive anything - clipped.
Signal stm11/ppmc_reg_S118M_inst/inst_ppmc_plsgen/ppmc_speed_cnt_inst/N_6
     undriven or does not drive anything - clipped.
Signal stm11/ppmc_reg_S118M_inst/inst_ppmc_plsgen/ppmc_speed_cnt_inst/un8_acc_pu
     lse_cry_15_0_S0_9 undriven or does not drive anything - clipped.
Signal stm11/ppmc_reg_S118M_inst/inst_ppmc_plsgen/ppmc_speed_cnt_inst/un8_acc_pu
     lse_cry_15_0_COUT_9 undriven or does not drive anything - clipped.
Signal stm11/ppmc_reg_S118M_inst/inst_ppmc_plsgen/ppmc_speed_cnt_inst/un8_acc_pu
     lse_cry_13_0_S1_9 undriven or does not drive anything - clipped.
Signal stm11/ppmc_reg_S118M_inst/inst_ppmc_plsgen/ppmc_speed_cnt_inst/un8_acc_pu
     lse_cry_13_0_S0_9 undriven or does not drive anything - clipped.
Signal stm11/ppmc_reg_S118M_inst/inst_ppmc_plsgen/ppmc_speed_cnt_inst/un8_acc_pu
     lse_cry_11_0_S1_9 undriven or does not drive anything - clipped.
Signal stm11/ppmc_reg_S118M_inst/inst_ppmc_plsgen/ppmc_speed_cnt_inst/un8_acc_pu
     lse_cry_11_0_S0_9 undriven or does not drive anything - clipped.
Signal stm11/ppmc_reg_S118M_inst/inst_ppmc_plsgen/ppmc_speed_cnt_inst/un8_acc_pu
     lse_cry_9_0_S1_9 undriven or does not drive anything - clipped.
Signal stm11/ppmc_reg_S118M_inst/inst_ppmc_plsgen/ppmc_speed_cnt_inst/un8_acc_pu
     lse_cry_9_0_S0_9 undriven or does not drive anything - clipped.
Signal stm11/ppmc_reg_S118M_inst/inst_ppmc_plsgen/ppmc_speed_cnt_inst/un8_acc_pu
     lse_cry_7_0_S1_9 undriven or does not drive anything - clipped.
Signal stm11/ppmc_reg_S118M_inst/inst_ppmc_plsgen/ppmc_speed_cnt_inst/un8_acc_pu
     lse_cry_7_0_S0_9 undriven or does not drive anything - clipped.
Signal stm11/ppmc_reg_S118M_inst/inst_ppmc_plsgen/ppmc_speed_cnt_inst/un8_acc_pu
     lse_cry_5_0_S1_9 undriven or does not drive anything - clipped.
Signal stm11/ppmc_reg_S118M_inst/inst_ppmc_plsgen/ppmc_speed_cnt_inst/un8_acc_pu
     lse_cry_5_0_S0_9 undriven or does not drive anything - clipped.
Signal stm11/ppmc_reg_S118M_inst/inst_ppmc_plsgen/ppmc_speed_cnt_inst/un8_acc_pu
     lse_cry_3_0_S1_9 undriven or does not drive anything - clipped.
Signal stm11/ppmc_reg_S118M_inst/inst_ppmc_plsgen/ppmc_speed_cnt_inst/un8_acc_pu
     lse_cry_3_0_S0_9 undriven or does not drive anything - clipped.
Signal stm11/ppmc_reg_S118M_inst/inst_ppmc_plsgen/ppmc_speed_cnt_inst/un8_acc_pu
     lse_cry_1_0_S1_9 undriven or does not drive anything - clipped.
Signal stm11/ppmc_reg_S118M_inst/inst_ppmc_plsgen/ppmc_speed_cnt_inst/un8_acc_pu

                                   Page 187




Design:  SP0557                                        Date:  02/28/26  21:16:30

Removed logic (cont)
--------------------
     lse_cry_1_0_S0_9 undriven or does not drive anything - clipped.
Signal stm11/ppmc_reg_S118M_inst/inst_ppmc_plsgen/ppmc_speed_cnt_inst/un8_acc_pu
     lse_cry_0_0_S1_9 undriven or does not drive anything - clipped.
Signal stm11/ppmc_reg_S118M_inst/inst_ppmc_plsgen/ppmc_speed_cnt_inst/un8_acc_pu
     lse_cry_0_0_S0_9 undriven or does not drive anything - clipped.
Signal stm11/ppmc_reg_S118M_inst/inst_ppmc_plsgen/ppmc_speed_cnt_inst/N_7
     undriven or does not drive anything - clipped.
Signal stm11/ppmc_reg_S118M_inst/inst_ppmc_plsgen/ppmc_speed_cnt_inst/reg_cry_0_
     COUT_9[14] undriven or does not drive anything - clipped.
Signal stm11/ppmc_reg_S118M_inst/inst_ppmc_plsgen/ppmc_speed_cnt_inst/reg_lcry_0
     _S1_9 undriven or does not drive anything - clipped.
Signal stm11/ppmc_reg_S118M_inst/inst_ppmc_plsgen/ppmc_speed_cnt_inst/reg_lcry_0
     _S0_9 undriven or does not drive anything - clipped.
Signal stm11/ppmc_reg_S118M_inst/inst_ppmc_plsgen/ppmc_speed_cnt_inst/N_8
     undriven or does not drive anything - clipped.
Signal stm11/ppmc_reg_S118M_inst/inst_ppmc_plsgen/ppmc_timer_cnt_inst/un5_pulse_
     clk_cry_18_0_S1_9 undriven or does not drive anything - clipped.
Signal stm11/ppmc_reg_S118M_inst/inst_ppmc_plsgen/ppmc_timer_cnt_inst/un5_pulse_
     clk_cry_18_0_COUT_9 undriven or does not drive anything - clipped.
Signal stm11/ppmc_reg_S118M_inst/inst_ppmc_plsgen/ppmc_timer_cnt_inst/un5_pulse_
     clk_cry_17_0_S1_9 undriven or does not drive anything - clipped.
Signal stm11/ppmc_reg_S118M_inst/inst_ppmc_plsgen/ppmc_timer_cnt_inst/un5_pulse_
     clk_cry_17_0_S0_9 undriven or does not drive anything - clipped.
Signal stm11/ppmc_reg_S118M_inst/inst_ppmc_plsgen/ppmc_timer_cnt_inst/un5_pulse_
     clk_cry_15_0_S1_9 undriven or does not drive anything - clipped.
Signal stm11/ppmc_reg_S118M_inst/inst_ppmc_plsgen/ppmc_timer_cnt_inst/un5_pulse_
     clk_cry_15_0_S0_9 undriven or does not drive anything - clipped.
Signal stm11/ppmc_reg_S118M_inst/inst_ppmc_plsgen/ppmc_timer_cnt_inst/un5_pulse_
     clk_cry_13_0_S1_9 undriven or does not drive anything - clipped.
Signal stm11/ppmc_reg_S118M_inst/inst_ppmc_plsgen/ppmc_timer_cnt_inst/un5_pulse_
     clk_cry_13_0_S0_9 undriven or does not drive anything - clipped.
Signal stm11/ppmc_reg_S118M_inst/inst_ppmc_plsgen/ppmc_timer_cnt_inst/un5_pulse_
     clk_cry_11_0_S1_9 undriven or does not drive anything - clipped.
Signal stm11/ppmc_reg_S118M_inst/inst_ppmc_plsgen/ppmc_timer_cnt_inst/un5_pulse_
     clk_cry_11_0_S0_9 undriven or does not drive anything - clipped.
Signal stm11/ppmc_reg_S118M_inst/inst_ppmc_plsgen/ppmc_timer_cnt_inst/un5_pulse_
     clk_cry_9_0_S1_9 undriven or does not drive anything - clipped.
Signal stm11/ppmc_reg_S118M_inst/inst_ppmc_plsgen/ppmc_timer_cnt_inst/un5_pulse_
     clk_cry_9_0_S0_9 undriven or does not drive anything - clipped.
Signal stm11/ppmc_reg_S118M_inst/inst_ppmc_plsgen/ppmc_timer_cnt_inst/un5_pulse_
     clk_cry_7_0_S1_9 undriven or does not drive anything - clipped.
Signal stm11/ppmc_reg_S118M_inst/inst_ppmc_plsgen/ppmc_timer_cnt_inst/un5_pulse_
     clk_cry_7_0_S0_9 undriven or does not drive anything - clipped.
Signal stm11/ppmc_reg_S118M_inst/inst_ppmc_plsgen/ppmc_timer_cnt_inst/un5_pulse_
     clk_cry_5_0_S1_9 undriven or does not drive anything - clipped.
Signal stm11/ppmc_reg_S118M_inst/inst_ppmc_plsgen/ppmc_timer_cnt_inst/un5_pulse_
     clk_cry_5_0_S0_9 undriven or does not drive anything - clipped.
Signal stm11/ppmc_reg_S118M_inst/inst_ppmc_plsgen/ppmc_timer_cnt_inst/un5_pulse_
     clk_cry_3_0_S1_9 undriven or does not drive anything - clipped.
Signal stm11/ppmc_reg_S118M_inst/inst_ppmc_plsgen/ppmc_timer_cnt_inst/un5_pulse_
     clk_cry_3_0_S0_9 undriven or does not drive anything - clipped.
Signal stm11/ppmc_reg_S118M_inst/inst_ppmc_plsgen/ppmc_timer_cnt_inst/un5_pulse_
     clk_cry_1_0_S1_9 undriven or does not drive anything - clipped.
Signal stm11/ppmc_reg_S118M_inst/inst_ppmc_plsgen/ppmc_timer_cnt_inst/un5_pulse_
     clk_cry_1_0_S0_9 undriven or does not drive anything - clipped.
Signal stm11/ppmc_reg_S118M_inst/inst_ppmc_plsgen/ppmc_timer_cnt_inst/un5_pulse_

                                   Page 188




Design:  SP0557                                        Date:  02/28/26  21:16:30

Removed logic (cont)
--------------------
     clk_cry_0_0_S1_9 undriven or does not drive anything - clipped.
Signal stm11/ppmc_reg_S118M_inst/inst_ppmc_plsgen/ppmc_timer_cnt_inst/un5_pulse_
     clk_cry_0_0_S0_9 undriven or does not drive anything - clipped.
Signal stm11/ppmc_reg_S118M_inst/inst_ppmc_plsgen/ppmc_timer_cnt_inst/N_1
     undriven or does not drive anything - clipped.
Signal stm11/ppmc_reg_S118M_inst/inst_ppmc_plsgen/ppmc_timer_cnt_inst/un1_reg_2_
     cry_17_0_COUT_9 undriven or does not drive anything - clipped.
Signal stm11/ppmc_reg_S118M_inst/inst_ppmc_plsgen/ppmc_timer_cnt_inst/un1_reg_2_
     cry_0_0_S1_9 undriven or does not drive anything - clipped.
Signal stm11/ppmc_reg_S118M_inst/inst_ppmc_plsgen/ppmc_timer_cnt_inst/un1_reg_2_
     cry_0_0_S0_9 undriven or does not drive anything - clipped.
Signal stm11/ppmc_reg_S118M_inst/inst_ppmc_plsgen/ppmc_timer_cnt_inst/N_2
     undriven or does not drive anything - clipped.
Signal stm11/ppmc_reg_S118M_inst/inst_ppmc_plsgen/ppmc_timer_cnt_inst/un1_reg_2_
     4_cry_17_COUT_9 undriven or does not drive anything - clipped.
Signal stm11/ppmc_reg_S118M_inst/inst_ppmc_plsgen/ppmc_timer_cnt_inst/un1_reg_2_
     4_cry_0_S1_9 undriven or does not drive anything - clipped.
Signal stm11/ppmc_reg_S118M_inst/inst_ppmc_plsgen/ppmc_timer_cnt_inst/un1_reg_2_
     4_cry_0_S0_9 undriven or does not drive anything - clipped.
Signal stm11/ppmc_reg_S118M_inst/inst_ppmc_plsgen/ppmc_timer_cnt_inst/N_3
     undriven or does not drive anything - clipped.
Signal stm11/ppmc_reg_S118M_inst/inst_ppmc_plsgen/ppmc_pls_cnt_inst/un4_o_slow_0
     _I_21_0_S0_9 undriven or does not drive anything - clipped.
Signal stm11/ppmc_reg_S118M_inst/inst_ppmc_plsgen/ppmc_pls_cnt_inst/un4_o_slow_0
     _I_21_0_COUT_9 undriven or does not drive anything - clipped.
Signal stm11/ppmc_reg_S118M_inst/inst_ppmc_plsgen/ppmc_pls_cnt_inst/un4_o_slow_0
     _I_33_0_S1_9 undriven or does not drive anything - clipped.
Signal stm11/ppmc_reg_S118M_inst/inst_ppmc_plsgen/ppmc_pls_cnt_inst/un4_o_slow_0
     _I_33_0_S0_9 undriven or does not drive anything - clipped.
Signal stm11/ppmc_reg_S118M_inst/inst_ppmc_plsgen/ppmc_pls_cnt_inst/un4_o_slow_0
     _I_27_0_S1_9 undriven or does not drive anything - clipped.
Signal stm11/ppmc_reg_S118M_inst/inst_ppmc_plsgen/ppmc_pls_cnt_inst/un4_o_slow_0
     _I_27_0_S0_9 undriven or does not drive anything - clipped.
Signal stm11/ppmc_reg_S118M_inst/inst_ppmc_plsgen/ppmc_pls_cnt_inst/un4_o_slow_0
     _I_9_0_S1_9 undriven or does not drive anything - clipped.
Signal stm11/ppmc_reg_S118M_inst/inst_ppmc_plsgen/ppmc_pls_cnt_inst/un4_o_slow_0
     _I_9_0_S0_9 undriven or does not drive anything - clipped.
Signal stm11/ppmc_reg_S118M_inst/inst_ppmc_plsgen/ppmc_pls_cnt_inst/un4_o_slow_0
     _I_1_0_S1_9 undriven or does not drive anything - clipped.
Signal stm11/ppmc_reg_S118M_inst/inst_ppmc_plsgen/ppmc_pls_cnt_inst/un4_o_slow_0
     _I_1_0_S0_9 undriven or does not drive anything - clipped.
Signal stm11/ppmc_reg_S118M_inst/inst_ppmc_plsgen/ppmc_pls_cnt_inst/N_1 undriven
     or does not drive anything - clipped.
Signal stm11/ppmc_reg_S118M_inst/inst_ppmc_plsgen/ppmc_pls_cnt_inst/un5_pout_cry
     _7_0_S0_9 undriven or does not drive anything - clipped.
Signal stm11/ppmc_reg_S118M_inst/inst_ppmc_plsgen/ppmc_pls_cnt_inst/un5_pout_cry
     _7_0_COUT_9 undriven or does not drive anything - clipped.
Signal stm11/ppmc_reg_S118M_inst/inst_ppmc_plsgen/ppmc_pls_cnt_inst/un5_pout_cry
     _5_0_S1_9 undriven or does not drive anything - clipped.
Signal stm11/ppmc_reg_S118M_inst/inst_ppmc_plsgen/ppmc_pls_cnt_inst/un5_pout_cry
     _5_0_S0_9 undriven or does not drive anything - clipped.
Signal stm11/ppmc_reg_S118M_inst/inst_ppmc_plsgen/ppmc_pls_cnt_inst/un5_pout_cry
     _3_0_S1_9 undriven or does not drive anything - clipped.
Signal stm11/ppmc_reg_S118M_inst/inst_ppmc_plsgen/ppmc_pls_cnt_inst/un5_pout_cry
     _3_0_S0_9 undriven or does not drive anything - clipped.
Signal stm11/ppmc_reg_S118M_inst/inst_ppmc_plsgen/ppmc_pls_cnt_inst/un5_pout_cry

                                   Page 189




Design:  SP0557                                        Date:  02/28/26  21:16:30

Removed logic (cont)
--------------------
     _1_0_S1_9 undriven or does not drive anything - clipped.
Signal stm11/ppmc_reg_S118M_inst/inst_ppmc_plsgen/ppmc_pls_cnt_inst/un5_pout_cry
     _1_0_S0_9 undriven or does not drive anything - clipped.
Signal stm11/ppmc_reg_S118M_inst/inst_ppmc_plsgen/ppmc_pls_cnt_inst/un5_pout_cry
     _0_0_S1_9 undriven or does not drive anything - clipped.
Signal stm11/ppmc_reg_S118M_inst/inst_ppmc_plsgen/ppmc_pls_cnt_inst/un5_pout_cry
     _0_0_S0_9 undriven or does not drive anything - clipped.
Signal stm11/ppmc_reg_S118M_inst/inst_ppmc_plsgen/ppmc_pls_cnt_inst/N_2 undriven
     or does not drive anything - clipped.
Signal stm11/ppmc_reg_S118M_inst/inst_ppmc_plsgen/ppmc_pls_cnt_inst/un2_s_slow_c
     ry_15_0_S0_9 undriven or does not drive anything - clipped.
Signal stm11/ppmc_reg_S118M_inst/inst_ppmc_plsgen/ppmc_pls_cnt_inst/un2_s_slow_c
     ry_15_0_COUT_9 undriven or does not drive anything - clipped.
Signal stm11/ppmc_reg_S118M_inst/inst_ppmc_plsgen/ppmc_pls_cnt_inst/un2_s_slow_c
     ry_13_0_S1_9 undriven or does not drive anything - clipped.
Signal stm11/ppmc_reg_S118M_inst/inst_ppmc_plsgen/ppmc_pls_cnt_inst/un2_s_slow_c
     ry_13_0_S0_9 undriven or does not drive anything - clipped.
Signal stm11/ppmc_reg_S118M_inst/inst_ppmc_plsgen/ppmc_pls_cnt_inst/un2_s_slow_c
     ry_11_0_S1_9 undriven or does not drive anything - clipped.
Signal stm11/ppmc_reg_S118M_inst/inst_ppmc_plsgen/ppmc_pls_cnt_inst/un2_s_slow_c
     ry_11_0_S0_9 undriven or does not drive anything - clipped.
Signal stm11/ppmc_reg_S118M_inst/inst_ppmc_plsgen/ppmc_pls_cnt_inst/un2_s_slow_c
     ry_9_0_S1_9 undriven or does not drive anything - clipped.
Signal stm11/ppmc_reg_S118M_inst/inst_ppmc_plsgen/ppmc_pls_cnt_inst/un2_s_slow_c
     ry_9_0_S0_9 undriven or does not drive anything - clipped.
Signal stm11/ppmc_reg_S118M_inst/inst_ppmc_plsgen/ppmc_pls_cnt_inst/un2_s_slow_c
     ry_7_0_S1_9 undriven or does not drive anything - clipped.
Signal stm11/ppmc_reg_S118M_inst/inst_ppmc_plsgen/ppmc_pls_cnt_inst/un2_s_slow_c
     ry_7_0_S0_9 undriven or does not drive anything - clipped.
Signal stm11/ppmc_reg_S118M_inst/inst_ppmc_plsgen/ppmc_pls_cnt_inst/un2_s_slow_c
     ry_5_0_S1_9 undriven or does not drive anything - clipped.
Signal stm11/ppmc_reg_S118M_inst/inst_ppmc_plsgen/ppmc_pls_cnt_inst/un2_s_slow_c
     ry_5_0_S0_9 undriven or does not drive anything - clipped.
Signal stm11/ppmc_reg_S118M_inst/inst_ppmc_plsgen/ppmc_pls_cnt_inst/un2_s_slow_c
     ry_3_0_S1_9 undriven or does not drive anything - clipped.
Signal stm11/ppmc_reg_S118M_inst/inst_ppmc_plsgen/ppmc_pls_cnt_inst/un2_s_slow_c
     ry_3_0_S0_9 undriven or does not drive anything - clipped.
Signal stm11/ppmc_reg_S118M_inst/inst_ppmc_plsgen/ppmc_pls_cnt_inst/un2_s_slow_c
     ry_1_0_S1_9 undriven or does not drive anything - clipped.
Signal stm11/ppmc_reg_S118M_inst/inst_ppmc_plsgen/ppmc_pls_cnt_inst/un2_s_slow_c
     ry_1_0_S0_9 undriven or does not drive anything - clipped.
Signal stm11/ppmc_reg_S118M_inst/inst_ppmc_plsgen/ppmc_pls_cnt_inst/un2_s_slow_c
     ry_0_0_S1_9 undriven or does not drive anything - clipped.
Signal stm11/ppmc_reg_S118M_inst/inst_ppmc_plsgen/ppmc_pls_cnt_inst/un2_s_slow_c
     ry_0_0_S0_9 undriven or does not drive anything - clipped.
Signal stm11/ppmc_reg_S118M_inst/inst_ppmc_plsgen/ppmc_pls_cnt_inst/N_3 undriven
     or does not drive anything - clipped.
Signal stm11/ppmc_reg_S118M_inst/inst_ppmc_plsgen/ppmc_pls_cnt_inst/reg_s_0_S1_2
     0[15] undriven or does not drive anything - clipped.
Signal stm11/ppmc_reg_S118M_inst/inst_ppmc_plsgen/ppmc_pls_cnt_inst/reg_s_0_COUT
     _20[15] undriven or does not drive anything - clipped.
Signal stm11/ppmc_reg_S118M_inst/inst_ppmc_plsgen/ppmc_pls_cnt_inst/reg_cry_0_S0
     _20[0] undriven or does not drive anything - clipped.
Signal stm11/ppmc_reg_S118M_inst/inst_ppmc_plsgen/ppmc_pls_cnt_inst/N_4 undriven
     or does not drive anything - clipped.
Signal stm11/ppmc_reg_S118M_inst/inst_ppmc_plsgen/ppmc_pls_cnt_inst/pre_pulse_s_

                                   Page 190




Design:  SP0557                                        Date:  02/28/26  21:16:30

Removed logic (cont)
--------------------
     0_S1_9[7] undriven or does not drive anything - clipped.
Signal stm11/ppmc_reg_S118M_inst/inst_ppmc_plsgen/ppmc_pls_cnt_inst/pre_pulse_s_
     0_COUT_9[7] undriven or does not drive anything - clipped.
Signal stm11/ppmc_reg_S118M_inst/inst_ppmc_plsgen/ppmc_pls_cnt_inst/pre_pulse_cr
     y_0_S0_9[0] undriven or does not drive anything - clipped.
Signal stm11/ppmc_reg_S118M_inst/inst_ppmc_plsgen/ppmc_pls_cnt_inst/N_5 undriven
     or does not drive anything - clipped.
Signal stm11/ppmc_reg_S118M_inst/inst_ppmc_enblr/enb_wait_cnt_s_0_S1_9[13]
     undriven or does not drive anything - clipped.
Signal stm11/ppmc_reg_S118M_inst/inst_ppmc_enblr/enb_wait_cnt_s_0_COUT_9[13]
     undriven or does not drive anything - clipped.
Signal stm11/ppmc_reg_S118M_inst/inst_ppmc_enblr/enb_wait_cnt_cry_0_S0_9[0]
     undriven or does not drive anything - clipped.
Signal stm11/ppmc_reg_S118M_inst/inst_ppmc_enblr/N_1 undriven or does not drive
     anything - clipped.
Signal stm11/ppmc_reg_S118M_inst/inst_ppmc_ctrl/speed_0_I_21_0_S0_9 undriven or
     does not drive anything - clipped.
Signal stm11/ppmc_reg_S118M_inst/inst_ppmc_ctrl/speed_0_I_21_0_COUT_9 undriven
     or does not drive anything - clipped.
Signal stm11/ppmc_reg_S118M_inst/inst_ppmc_ctrl/speed_0_I_33_0_S1_9 undriven or
     does not drive anything - clipped.
Signal stm11/ppmc_reg_S118M_inst/inst_ppmc_ctrl/speed_0_I_33_0_S0_9 undriven or
     does not drive anything - clipped.
Signal stm11/ppmc_reg_S118M_inst/inst_ppmc_ctrl/speed_0_I_27_0_S1_9 undriven or
     does not drive anything - clipped.
Signal stm11/ppmc_reg_S118M_inst/inst_ppmc_ctrl/speed_0_I_27_0_S0_9 undriven or
     does not drive anything - clipped.
Signal stm11/ppmc_reg_S118M_inst/inst_ppmc_ctrl/speed_0_I_9_0_S1_9 undriven or
     does not drive anything - clipped.
Signal stm11/ppmc_reg_S118M_inst/inst_ppmc_ctrl/speed_0_I_9_0_S0_9 undriven or
     does not drive anything - clipped.
Signal stm11/ppmc_reg_S118M_inst/inst_ppmc_ctrl/speed_0_I_1_0_S1_9 undriven or
     does not drive anything - clipped.
Signal stm11/ppmc_reg_S118M_inst/inst_ppmc_ctrl/speed_0_I_1_0_S0_9 undriven or
     does not drive anything - clipped.
Signal stm11/ppmc_reg_S118M_inst/inst_ppmc_ctrl/N_1 undriven or does not drive
     anything - clipped.
Signal stm11/ppmc_reg_S118M_inst/inst_ppmc_ctrl/un1_speed_0_I_21_0_S0_9 undriven
     or does not drive anything - clipped.
Signal stm11/ppmc_reg_S118M_inst/inst_ppmc_ctrl/un1_speed_0_I_21_0_COUT_9
     undriven or does not drive anything - clipped.
Signal stm11/ppmc_reg_S118M_inst/inst_ppmc_ctrl/un1_speed_0_I_33_0_S1_9 undriven
     or does not drive anything - clipped.
Signal stm11/ppmc_reg_S118M_inst/inst_ppmc_ctrl/un1_speed_0_I_33_0_S0_9 undriven
     or does not drive anything - clipped.
Signal stm11/ppmc_reg_S118M_inst/inst_ppmc_ctrl/un1_speed_0_I_27_0_S1_9 undriven
     or does not drive anything - clipped.
Signal stm11/ppmc_reg_S118M_inst/inst_ppmc_ctrl/un1_speed_0_I_27_0_S0_9 undriven
     or does not drive anything - clipped.
Signal stm11/ppmc_reg_S118M_inst/inst_ppmc_ctrl/un1_speed_0_I_9_0_S1_9 undriven
     or does not drive anything - clipped.
Signal stm11/ppmc_reg_S118M_inst/inst_ppmc_ctrl/un1_speed_0_I_9_0_S0_9 undriven
     or does not drive anything - clipped.
Signal stm11/ppmc_reg_S118M_inst/inst_ppmc_ctrl/un1_speed_0_I_1_0_S1_9 undriven
     or does not drive anything - clipped.
Signal stm11/ppmc_reg_S118M_inst/inst_ppmc_ctrl/un1_speed_0_I_1_0_S0_9 undriven

                                   Page 191




Design:  SP0557                                        Date:  02/28/26  21:16:30

Removed logic (cont)
--------------------
     or does not drive anything - clipped.
Signal stm11/ppmc_reg_S118M_inst/inst_ppmc_ctrl/N_6 undriven or does not drive
     anything - clipped.
Signal stm11/ppmc_reg_S118M_inst/inst_ppmc_ctrl/un6_more_flg_cry_15_0_S0_9
     undriven or does not drive anything - clipped.
Signal stm11/ppmc_reg_S118M_inst/inst_ppmc_ctrl/un6_more_flg_cry_15_0_COUT_9
     undriven or does not drive anything - clipped.
Signal stm11/ppmc_reg_S118M_inst/inst_ppmc_ctrl/un6_more_flg_cry_13_0_S1_9
     undriven or does not drive anything - clipped.
Signal stm11/ppmc_reg_S118M_inst/inst_ppmc_ctrl/un6_more_flg_cry_13_0_S0_9
     undriven or does not drive anything - clipped.
Signal stm11/ppmc_reg_S118M_inst/inst_ppmc_ctrl/un6_more_flg_cry_11_0_S1_9
     undriven or does not drive anything - clipped.
Signal stm11/ppmc_reg_S118M_inst/inst_ppmc_ctrl/un6_more_flg_cry_11_0_S0_9
     undriven or does not drive anything - clipped.
Signal stm11/ppmc_reg_S118M_inst/inst_ppmc_ctrl/un6_more_flg_cry_9_0_S1_9
     undriven or does not drive anything - clipped.
Signal stm11/ppmc_reg_S118M_inst/inst_ppmc_ctrl/un6_more_flg_cry_9_0_S0_9
     undriven or does not drive anything - clipped.
Signal stm11/ppmc_reg_S118M_inst/inst_ppmc_ctrl/un6_more_flg_cry_7_0_S1_9
     undriven or does not drive anything - clipped.
Signal stm11/ppmc_reg_S118M_inst/inst_ppmc_ctrl/un6_more_flg_cry_7_0_S0_9
     undriven or does not drive anything - clipped.
Signal stm11/ppmc_reg_S118M_inst/inst_ppmc_ctrl/un6_more_flg_cry_5_0_S1_9
     undriven or does not drive anything - clipped.
Signal stm11/ppmc_reg_S118M_inst/inst_ppmc_ctrl/un6_more_flg_cry_5_0_S0_9
     undriven or does not drive anything - clipped.
Signal stm11/ppmc_reg_S118M_inst/inst_ppmc_ctrl/un6_more_flg_cry_3_0_S1_9
     undriven or does not drive anything - clipped.
Signal stm11/ppmc_reg_S118M_inst/inst_ppmc_ctrl/un6_more_flg_cry_3_0_S0_9
     undriven or does not drive anything - clipped.
Signal stm11/ppmc_reg_S118M_inst/inst_ppmc_ctrl/un6_more_flg_cry_1_0_S1_9
     undriven or does not drive anything - clipped.
Signal stm11/ppmc_reg_S118M_inst/inst_ppmc_ctrl/un6_more_flg_cry_1_0_S0_9
     undriven or does not drive anything - clipped.
Signal stm11/ppmc_reg_S118M_inst/inst_ppmc_ctrl/un6_more_flg_cry_0_0_S1_9
     undriven or does not drive anything - clipped.
Signal stm11/ppmc_reg_S118M_inst/inst_ppmc_ctrl/un6_more_flg_cry_0_0_S0_9
     undriven or does not drive anything - clipped.
Signal stm11/ppmc_reg_S118M_inst/inst_ppmc_ctrl/N_7 undriven or does not drive
     anything - clipped.
Signal stm11/ppmc_reg_S118M_inst/inst_ppmc_ctrl/more_cnt_s_0_S1_9[15] undriven
     or does not drive anything - clipped.
Signal stm11/ppmc_reg_S118M_inst/inst_ppmc_ctrl/more_cnt_s_0_COUT_9[15] undriven
     or does not drive anything - clipped.
Signal stm11/ppmc_reg_S118M_inst/inst_ppmc_ctrl/more_cnt_cry_0_S0_9[0] undriven
     or does not drive anything - clipped.
Signal stm11/ppmc_reg_S118M_inst/inst_ppmc_ctrl/N_8 undriven or does not drive
     anything - clipped.
Signal stm11/ppmc_reg_S118M_inst/inst_ppmc_cmdchk/un13_command_hit_cry_15_0_S0_9
     undriven or does not drive anything - clipped.
Signal stm11/ppmc_reg_S118M_inst/inst_ppmc_cmdchk/un13_command_hit_cry_15_0_COUT
     _9 undriven or does not drive anything - clipped.
Signal stm11/ppmc_reg_S118M_inst/inst_ppmc_cmdchk/un13_command_hit_cry_13_0_S1_9
     undriven or does not drive anything - clipped.
Signal stm11/ppmc_reg_S118M_inst/inst_ppmc_cmdchk/un13_command_hit_cry_13_0_S0_9

                                   Page 192




Design:  SP0557                                        Date:  02/28/26  21:16:30

Removed logic (cont)
--------------------
     undriven or does not drive anything - clipped.
Signal stm11/ppmc_reg_S118M_inst/inst_ppmc_cmdchk/un13_command_hit_cry_11_0_S1_9
     undriven or does not drive anything - clipped.
Signal stm11/ppmc_reg_S118M_inst/inst_ppmc_cmdchk/un13_command_hit_cry_11_0_S0_9
     undriven or does not drive anything - clipped.
Signal stm11/ppmc_reg_S118M_inst/inst_ppmc_cmdchk/un13_command_hit_cry_9_0_S1_9
     undriven or does not drive anything - clipped.
Signal stm11/ppmc_reg_S118M_inst/inst_ppmc_cmdchk/un13_command_hit_cry_9_0_S0_9
     undriven or does not drive anything - clipped.
Signal stm11/ppmc_reg_S118M_inst/inst_ppmc_cmdchk/un13_command_hit_cry_7_0_S1_9
     undriven or does not drive anything - clipped.
Signal stm11/ppmc_reg_S118M_inst/inst_ppmc_cmdchk/un13_command_hit_cry_7_0_S0_9
     undriven or does not drive anything - clipped.
Signal stm11/ppmc_reg_S118M_inst/inst_ppmc_cmdchk/un13_command_hit_cry_5_0_S1_9
     undriven or does not drive anything - clipped.
Signal stm11/ppmc_reg_S118M_inst/inst_ppmc_cmdchk/un13_command_hit_cry_5_0_S0_9
     undriven or does not drive anything - clipped.
Signal stm11/ppmc_reg_S118M_inst/inst_ppmc_cmdchk/un13_command_hit_cry_3_0_S1_9
     undriven or does not drive anything - clipped.
Signal stm11/ppmc_reg_S118M_inst/inst_ppmc_cmdchk/un13_command_hit_cry_3_0_S0_9
     undriven or does not drive anything - clipped.
Signal stm11/ppmc_reg_S118M_inst/inst_ppmc_cmdchk/un13_command_hit_cry_1_0_S1_9
     undriven or does not drive anything - clipped.
Signal stm11/ppmc_reg_S118M_inst/inst_ppmc_cmdchk/un13_command_hit_cry_1_0_S0_9
     undriven or does not drive anything - clipped.
Signal stm11/ppmc_reg_S118M_inst/inst_ppmc_cmdchk/un13_command_hit_cry_0_0_S1_9
     undriven or does not drive anything - clipped.
Signal stm11/ppmc_reg_S118M_inst/inst_ppmc_cmdchk/un13_command_hit_cry_0_0_S0_9
     undriven or does not drive anything - clipped.
Signal stm11/ppmc_reg_S118M_inst/inst_ppmc_cmdchk/N_1 undriven or does not drive
     anything - clipped.
Signal stm12/ppmc_reg_S118M_inst/inst_ppmc_plsgen/ppmc_acc_tim_gen_inst/un2_reg_
     0_I_21_0_S0_10 undriven or does not drive anything - clipped.
Signal stm12/ppmc_reg_S118M_inst/inst_ppmc_plsgen/ppmc_acc_tim_gen_inst/un2_reg_
     0_I_21_0_COUT_10 undriven or does not drive anything - clipped.
Signal stm12/ppmc_reg_S118M_inst/inst_ppmc_plsgen/ppmc_acc_tim_gen_inst/un2_reg_
     0_I_33_0_S1_10 undriven or does not drive anything - clipped.
Signal stm12/ppmc_reg_S118M_inst/inst_ppmc_plsgen/ppmc_acc_tim_gen_inst/un2_reg_
     0_I_33_0_S0_10 undriven or does not drive anything - clipped.
Signal stm12/ppmc_reg_S118M_inst/inst_ppmc_plsgen/ppmc_acc_tim_gen_inst/un2_reg_
     0_I_27_0_S1_10 undriven or does not drive anything - clipped.
Signal stm12/ppmc_reg_S118M_inst/inst_ppmc_plsgen/ppmc_acc_tim_gen_inst/un2_reg_
     0_I_27_0_S0_10 undriven or does not drive anything - clipped.
Signal stm12/ppmc_reg_S118M_inst/inst_ppmc_plsgen/ppmc_acc_tim_gen_inst/un2_reg_
     0_I_9_0_S1_10 undriven or does not drive anything - clipped.
Signal stm12/ppmc_reg_S118M_inst/inst_ppmc_plsgen/ppmc_acc_tim_gen_inst/un2_reg_
     0_I_9_0_S0_10 undriven or does not drive anything - clipped.
Signal stm12/ppmc_reg_S118M_inst/inst_ppmc_plsgen/ppmc_acc_tim_gen_inst/un2_reg_
     0_I_1_0_S1_10 undriven or does not drive anything - clipped.
Signal stm12/ppmc_reg_S118M_inst/inst_ppmc_plsgen/ppmc_acc_tim_gen_inst/un2_reg_
     0_I_1_0_S0_10 undriven or does not drive anything - clipped.
Signal stm12/ppmc_reg_S118M_inst/inst_ppmc_plsgen/ppmc_acc_tim_gen_inst/N_1
     undriven or does not drive anything - clipped.
Signal stm12/ppmc_reg_S118M_inst/inst_ppmc_plsgen/ppmc_acc_tim_gen_inst/reg_s_0_
     S1_21[15] undriven or does not drive anything - clipped.
Signal stm12/ppmc_reg_S118M_inst/inst_ppmc_plsgen/ppmc_acc_tim_gen_inst/reg_s_0_

                                   Page 193




Design:  SP0557                                        Date:  02/28/26  21:16:30

Removed logic (cont)
--------------------
     COUT_21[15] undriven or does not drive anything - clipped.
Signal stm12/ppmc_reg_S118M_inst/inst_ppmc_plsgen/ppmc_acc_tim_gen_inst/reg_cry_
     0_S0_21[0] undriven or does not drive anything - clipped.
Signal stm12/ppmc_reg_S118M_inst/inst_ppmc_plsgen/ppmc_acc_tim_gen_inst/N_2
     undriven or does not drive anything - clipped.
Signal stm12/ppmc_reg_S118M_inst/inst_ppmc_plsgen/ppmc_speed_cnt_inst/un2_acc_pu
     lse_cry_15_0_S0_10 undriven or does not drive anything - clipped.
Signal stm12/ppmc_reg_S118M_inst/inst_ppmc_plsgen/ppmc_speed_cnt_inst/un2_acc_pu
     lse_cry_15_0_COUT_10 undriven or does not drive anything - clipped.
Signal stm12/ppmc_reg_S118M_inst/inst_ppmc_plsgen/ppmc_speed_cnt_inst/un2_acc_pu
     lse_cry_13_0_S1_10 undriven or does not drive anything - clipped.
Signal stm12/ppmc_reg_S118M_inst/inst_ppmc_plsgen/ppmc_speed_cnt_inst/un2_acc_pu
     lse_cry_13_0_S0_10 undriven or does not drive anything - clipped.
Signal stm12/ppmc_reg_S118M_inst/inst_ppmc_plsgen/ppmc_speed_cnt_inst/un2_acc_pu
     lse_cry_11_0_S1_10 undriven or does not drive anything - clipped.
Signal stm12/ppmc_reg_S118M_inst/inst_ppmc_plsgen/ppmc_speed_cnt_inst/un2_acc_pu
     lse_cry_11_0_S0_10 undriven or does not drive anything - clipped.
Signal stm12/ppmc_reg_S118M_inst/inst_ppmc_plsgen/ppmc_speed_cnt_inst/un2_acc_pu
     lse_cry_9_0_S1_10 undriven or does not drive anything - clipped.
Signal stm12/ppmc_reg_S118M_inst/inst_ppmc_plsgen/ppmc_speed_cnt_inst/un2_acc_pu
     lse_cry_9_0_S0_10 undriven or does not drive anything - clipped.
Signal stm12/ppmc_reg_S118M_inst/inst_ppmc_plsgen/ppmc_speed_cnt_inst/un2_acc_pu
     lse_cry_7_0_S1_10 undriven or does not drive anything - clipped.
Signal stm12/ppmc_reg_S118M_inst/inst_ppmc_plsgen/ppmc_speed_cnt_inst/un2_acc_pu
     lse_cry_7_0_S0_10 undriven or does not drive anything - clipped.
Signal stm12/ppmc_reg_S118M_inst/inst_ppmc_plsgen/ppmc_speed_cnt_inst/un2_acc_pu
     lse_cry_5_0_S1_10 undriven or does not drive anything - clipped.
Signal stm12/ppmc_reg_S118M_inst/inst_ppmc_plsgen/ppmc_speed_cnt_inst/un2_acc_pu
     lse_cry_5_0_S0_10 undriven or does not drive anything - clipped.
Signal stm12/ppmc_reg_S118M_inst/inst_ppmc_plsgen/ppmc_speed_cnt_inst/un2_acc_pu
     lse_cry_3_0_S1_10 undriven or does not drive anything - clipped.
Signal stm12/ppmc_reg_S118M_inst/inst_ppmc_plsgen/ppmc_speed_cnt_inst/un2_acc_pu
     lse_cry_3_0_S0_10 undriven or does not drive anything - clipped.
Signal stm12/ppmc_reg_S118M_inst/inst_ppmc_plsgen/ppmc_speed_cnt_inst/un2_acc_pu
     lse_cry_1_0_S1_10 undriven or does not drive anything - clipped.
Signal stm12/ppmc_reg_S118M_inst/inst_ppmc_plsgen/ppmc_speed_cnt_inst/un2_acc_pu
     lse_cry_1_0_S0_10 undriven or does not drive anything - clipped.
Signal stm12/ppmc_reg_S118M_inst/inst_ppmc_plsgen/ppmc_speed_cnt_inst/un2_acc_pu
     lse_cry_0_0_S1_10 undriven or does not drive anything - clipped.
Signal stm12/ppmc_reg_S118M_inst/inst_ppmc_plsgen/ppmc_speed_cnt_inst/un2_acc_pu
     lse_cry_0_0_S0_10 undriven or does not drive anything - clipped.
Signal stm12/ppmc_reg_S118M_inst/inst_ppmc_plsgen/ppmc_speed_cnt_inst/N_6
     undriven or does not drive anything - clipped.
Signal stm12/ppmc_reg_S118M_inst/inst_ppmc_plsgen/ppmc_speed_cnt_inst/un8_acc_pu
     lse_cry_15_0_S0_10 undriven or does not drive anything - clipped.
Signal stm12/ppmc_reg_S118M_inst/inst_ppmc_plsgen/ppmc_speed_cnt_inst/un8_acc_pu
     lse_cry_15_0_COUT_10 undriven or does not drive anything - clipped.
Signal stm12/ppmc_reg_S118M_inst/inst_ppmc_plsgen/ppmc_speed_cnt_inst/un8_acc_pu
     lse_cry_13_0_S1_10 undriven or does not drive anything - clipped.
Signal stm12/ppmc_reg_S118M_inst/inst_ppmc_plsgen/ppmc_speed_cnt_inst/un8_acc_pu
     lse_cry_13_0_S0_10 undriven or does not drive anything - clipped.
Signal stm12/ppmc_reg_S118M_inst/inst_ppmc_plsgen/ppmc_speed_cnt_inst/un8_acc_pu
     lse_cry_11_0_S1_10 undriven or does not drive anything - clipped.
Signal stm12/ppmc_reg_S118M_inst/inst_ppmc_plsgen/ppmc_speed_cnt_inst/un8_acc_pu
     lse_cry_11_0_S0_10 undriven or does not drive anything - clipped.
Signal stm12/ppmc_reg_S118M_inst/inst_ppmc_plsgen/ppmc_speed_cnt_inst/un8_acc_pu

                                   Page 194




Design:  SP0557                                        Date:  02/28/26  21:16:30

Removed logic (cont)
--------------------
     lse_cry_9_0_S1_10 undriven or does not drive anything - clipped.
Signal stm12/ppmc_reg_S118M_inst/inst_ppmc_plsgen/ppmc_speed_cnt_inst/un8_acc_pu
     lse_cry_9_0_S0_10 undriven or does not drive anything - clipped.
Signal stm12/ppmc_reg_S118M_inst/inst_ppmc_plsgen/ppmc_speed_cnt_inst/un8_acc_pu
     lse_cry_7_0_S1_10 undriven or does not drive anything - clipped.
Signal stm12/ppmc_reg_S118M_inst/inst_ppmc_plsgen/ppmc_speed_cnt_inst/un8_acc_pu
     lse_cry_7_0_S0_10 undriven or does not drive anything - clipped.
Signal stm12/ppmc_reg_S118M_inst/inst_ppmc_plsgen/ppmc_speed_cnt_inst/un8_acc_pu
     lse_cry_5_0_S1_10 undriven or does not drive anything - clipped.
Signal stm12/ppmc_reg_S118M_inst/inst_ppmc_plsgen/ppmc_speed_cnt_inst/un8_acc_pu
     lse_cry_5_0_S0_10 undriven or does not drive anything - clipped.
Signal stm12/ppmc_reg_S118M_inst/inst_ppmc_plsgen/ppmc_speed_cnt_inst/un8_acc_pu
     lse_cry_3_0_S1_10 undriven or does not drive anything - clipped.
Signal stm12/ppmc_reg_S118M_inst/inst_ppmc_plsgen/ppmc_speed_cnt_inst/un8_acc_pu
     lse_cry_3_0_S0_10 undriven or does not drive anything - clipped.
Signal stm12/ppmc_reg_S118M_inst/inst_ppmc_plsgen/ppmc_speed_cnt_inst/un8_acc_pu
     lse_cry_1_0_S1_10 undriven or does not drive anything - clipped.
Signal stm12/ppmc_reg_S118M_inst/inst_ppmc_plsgen/ppmc_speed_cnt_inst/un8_acc_pu
     lse_cry_1_0_S0_10 undriven or does not drive anything - clipped.
Signal stm12/ppmc_reg_S118M_inst/inst_ppmc_plsgen/ppmc_speed_cnt_inst/un8_acc_pu
     lse_cry_0_0_S1_10 undriven or does not drive anything - clipped.
Signal stm12/ppmc_reg_S118M_inst/inst_ppmc_plsgen/ppmc_speed_cnt_inst/un8_acc_pu
     lse_cry_0_0_S0_10 undriven or does not drive anything - clipped.
Signal stm12/ppmc_reg_S118M_inst/inst_ppmc_plsgen/ppmc_speed_cnt_inst/N_7
     undriven or does not drive anything - clipped.
Signal stm12/ppmc_reg_S118M_inst/inst_ppmc_plsgen/ppmc_speed_cnt_inst/reg_cry_0_
     COUT_10[14] undriven or does not drive anything - clipped.
Signal stm12/ppmc_reg_S118M_inst/inst_ppmc_plsgen/ppmc_speed_cnt_inst/reg_lcry_0
     _S1_10 undriven or does not drive anything - clipped.
Signal stm12/ppmc_reg_S118M_inst/inst_ppmc_plsgen/ppmc_speed_cnt_inst/reg_lcry_0
     _S0_10 undriven or does not drive anything - clipped.
Signal stm12/ppmc_reg_S118M_inst/inst_ppmc_plsgen/ppmc_speed_cnt_inst/N_8
     undriven or does not drive anything - clipped.
Signal stm12/ppmc_reg_S118M_inst/inst_ppmc_plsgen/ppmc_timer_cnt_inst/un5_pulse_
     clk_cry_18_0_S1_10 undriven or does not drive anything - clipped.
Signal stm12/ppmc_reg_S118M_inst/inst_ppmc_plsgen/ppmc_timer_cnt_inst/un5_pulse_
     clk_cry_18_0_COUT_10 undriven or does not drive anything - clipped.
Signal stm12/ppmc_reg_S118M_inst/inst_ppmc_plsgen/ppmc_timer_cnt_inst/un5_pulse_
     clk_cry_17_0_S1_10 undriven or does not drive anything - clipped.
Signal stm12/ppmc_reg_S118M_inst/inst_ppmc_plsgen/ppmc_timer_cnt_inst/un5_pulse_
     clk_cry_17_0_S0_10 undriven or does not drive anything - clipped.
Signal stm12/ppmc_reg_S118M_inst/inst_ppmc_plsgen/ppmc_timer_cnt_inst/un5_pulse_
     clk_cry_15_0_S1_10 undriven or does not drive anything - clipped.
Signal stm12/ppmc_reg_S118M_inst/inst_ppmc_plsgen/ppmc_timer_cnt_inst/un5_pulse_
     clk_cry_15_0_S0_10 undriven or does not drive anything - clipped.
Signal stm12/ppmc_reg_S118M_inst/inst_ppmc_plsgen/ppmc_timer_cnt_inst/un5_pulse_
     clk_cry_13_0_S1_10 undriven or does not drive anything - clipped.
Signal stm12/ppmc_reg_S118M_inst/inst_ppmc_plsgen/ppmc_timer_cnt_inst/un5_pulse_
     clk_cry_13_0_S0_10 undriven or does not drive anything - clipped.
Signal stm12/ppmc_reg_S118M_inst/inst_ppmc_plsgen/ppmc_timer_cnt_inst/un5_pulse_
     clk_cry_11_0_S1_10 undriven or does not drive anything - clipped.
Signal stm12/ppmc_reg_S118M_inst/inst_ppmc_plsgen/ppmc_timer_cnt_inst/un5_pulse_
     clk_cry_11_0_S0_10 undriven or does not drive anything - clipped.
Signal stm12/ppmc_reg_S118M_inst/inst_ppmc_plsgen/ppmc_timer_cnt_inst/un5_pulse_
     clk_cry_9_0_S1_10 undriven or does not drive anything - clipped.
Signal stm12/ppmc_reg_S118M_inst/inst_ppmc_plsgen/ppmc_timer_cnt_inst/un5_pulse_

                                   Page 195




Design:  SP0557                                        Date:  02/28/26  21:16:30

Removed logic (cont)
--------------------
     clk_cry_9_0_S0_10 undriven or does not drive anything - clipped.
Signal stm12/ppmc_reg_S118M_inst/inst_ppmc_plsgen/ppmc_timer_cnt_inst/un5_pulse_
     clk_cry_7_0_S1_10 undriven or does not drive anything - clipped.
Signal stm12/ppmc_reg_S118M_inst/inst_ppmc_plsgen/ppmc_timer_cnt_inst/un5_pulse_
     clk_cry_7_0_S0_10 undriven or does not drive anything - clipped.
Signal stm12/ppmc_reg_S118M_inst/inst_ppmc_plsgen/ppmc_timer_cnt_inst/un5_pulse_
     clk_cry_5_0_S1_10 undriven or does not drive anything - clipped.
Signal stm12/ppmc_reg_S118M_inst/inst_ppmc_plsgen/ppmc_timer_cnt_inst/un5_pulse_
     clk_cry_5_0_S0_10 undriven or does not drive anything - clipped.
Signal stm12/ppmc_reg_S118M_inst/inst_ppmc_plsgen/ppmc_timer_cnt_inst/un5_pulse_
     clk_cry_3_0_S1_10 undriven or does not drive anything - clipped.
Signal stm12/ppmc_reg_S118M_inst/inst_ppmc_plsgen/ppmc_timer_cnt_inst/un5_pulse_
     clk_cry_3_0_S0_10 undriven or does not drive anything - clipped.
Signal stm12/ppmc_reg_S118M_inst/inst_ppmc_plsgen/ppmc_timer_cnt_inst/un5_pulse_
     clk_cry_1_0_S1_10 undriven or does not drive anything - clipped.
Signal stm12/ppmc_reg_S118M_inst/inst_ppmc_plsgen/ppmc_timer_cnt_inst/un5_pulse_
     clk_cry_1_0_S0_10 undriven or does not drive anything - clipped.
Signal stm12/ppmc_reg_S118M_inst/inst_ppmc_plsgen/ppmc_timer_cnt_inst/un5_pulse_
     clk_cry_0_0_S1_10 undriven or does not drive anything - clipped.
Signal stm12/ppmc_reg_S118M_inst/inst_ppmc_plsgen/ppmc_timer_cnt_inst/un5_pulse_
     clk_cry_0_0_S0_10 undriven or does not drive anything - clipped.
Signal stm12/ppmc_reg_S118M_inst/inst_ppmc_plsgen/ppmc_timer_cnt_inst/N_1
     undriven or does not drive anything - clipped.
Signal stm12/ppmc_reg_S118M_inst/inst_ppmc_plsgen/ppmc_timer_cnt_inst/un1_reg_2_
     cry_17_0_COUT_10 undriven or does not drive anything - clipped.
Signal stm12/ppmc_reg_S118M_inst/inst_ppmc_plsgen/ppmc_timer_cnt_inst/un1_reg_2_
     cry_0_0_S1_10 undriven or does not drive anything - clipped.
Signal stm12/ppmc_reg_S118M_inst/inst_ppmc_plsgen/ppmc_timer_cnt_inst/un1_reg_2_
     cry_0_0_S0_10 undriven or does not drive anything - clipped.
Signal stm12/ppmc_reg_S118M_inst/inst_ppmc_plsgen/ppmc_timer_cnt_inst/N_2
     undriven or does not drive anything - clipped.
Signal stm12/ppmc_reg_S118M_inst/inst_ppmc_plsgen/ppmc_timer_cnt_inst/un1_reg_2_
     4_cry_17_COUT_10 undriven or does not drive anything - clipped.
Signal stm12/ppmc_reg_S118M_inst/inst_ppmc_plsgen/ppmc_timer_cnt_inst/un1_reg_2_
     4_cry_0_S1_10 undriven or does not drive anything - clipped.
Signal stm12/ppmc_reg_S118M_inst/inst_ppmc_plsgen/ppmc_timer_cnt_inst/un1_reg_2_
     4_cry_0_S0_10 undriven or does not drive anything - clipped.
Signal stm12/ppmc_reg_S118M_inst/inst_ppmc_plsgen/ppmc_timer_cnt_inst/N_3
     undriven or does not drive anything - clipped.
Signal stm12/ppmc_reg_S118M_inst/inst_ppmc_plsgen/ppmc_pls_cnt_inst/un4_o_slow_0
     _I_21_0_S0_10 undriven or does not drive anything - clipped.
Signal stm12/ppmc_reg_S118M_inst/inst_ppmc_plsgen/ppmc_pls_cnt_inst/un4_o_slow_0
     _I_21_0_COUT_10 undriven or does not drive anything - clipped.
Signal stm12/ppmc_reg_S118M_inst/inst_ppmc_plsgen/ppmc_pls_cnt_inst/un4_o_slow_0
     _I_33_0_S1_10 undriven or does not drive anything - clipped.
Signal stm12/ppmc_reg_S118M_inst/inst_ppmc_plsgen/ppmc_pls_cnt_inst/un4_o_slow_0
     _I_33_0_S0_10 undriven or does not drive anything - clipped.
Signal stm12/ppmc_reg_S118M_inst/inst_ppmc_plsgen/ppmc_pls_cnt_inst/un4_o_slow_0
     _I_27_0_S1_10 undriven or does not drive anything - clipped.
Signal stm12/ppmc_reg_S118M_inst/inst_ppmc_plsgen/ppmc_pls_cnt_inst/un4_o_slow_0
     _I_27_0_S0_10 undriven or does not drive anything - clipped.
Signal stm12/ppmc_reg_S118M_inst/inst_ppmc_plsgen/ppmc_pls_cnt_inst/un4_o_slow_0
     _I_9_0_S1_10 undriven or does not drive anything - clipped.
Signal stm12/ppmc_reg_S118M_inst/inst_ppmc_plsgen/ppmc_pls_cnt_inst/un4_o_slow_0
     _I_9_0_S0_10 undriven or does not drive anything - clipped.
Signal stm12/ppmc_reg_S118M_inst/inst_ppmc_plsgen/ppmc_pls_cnt_inst/un4_o_slow_0

                                   Page 196




Design:  SP0557                                        Date:  02/28/26  21:16:30

Removed logic (cont)
--------------------
     _I_1_0_S1_10 undriven or does not drive anything - clipped.
Signal stm12/ppmc_reg_S118M_inst/inst_ppmc_plsgen/ppmc_pls_cnt_inst/un4_o_slow_0
     _I_1_0_S0_10 undriven or does not drive anything - clipped.
Signal stm12/ppmc_reg_S118M_inst/inst_ppmc_plsgen/ppmc_pls_cnt_inst/N_1 undriven
     or does not drive anything - clipped.
Signal stm12/ppmc_reg_S118M_inst/inst_ppmc_plsgen/ppmc_pls_cnt_inst/un5_pout_cry
     _7_0_S0_10 undriven or does not drive anything - clipped.
Signal stm12/ppmc_reg_S118M_inst/inst_ppmc_plsgen/ppmc_pls_cnt_inst/un5_pout_cry
     _7_0_COUT_10 undriven or does not drive anything - clipped.
Signal stm12/ppmc_reg_S118M_inst/inst_ppmc_plsgen/ppmc_pls_cnt_inst/un5_pout_cry
     _5_0_S1_10 undriven or does not drive anything - clipped.
Signal stm12/ppmc_reg_S118M_inst/inst_ppmc_plsgen/ppmc_pls_cnt_inst/un5_pout_cry
     _5_0_S0_10 undriven or does not drive anything - clipped.
Signal stm12/ppmc_reg_S118M_inst/inst_ppmc_plsgen/ppmc_pls_cnt_inst/un5_pout_cry
     _3_0_S1_10 undriven or does not drive anything - clipped.
Signal stm12/ppmc_reg_S118M_inst/inst_ppmc_plsgen/ppmc_pls_cnt_inst/un5_pout_cry
     _3_0_S0_10 undriven or does not drive anything - clipped.
Signal stm12/ppmc_reg_S118M_inst/inst_ppmc_plsgen/ppmc_pls_cnt_inst/un5_pout_cry
     _1_0_S1_10 undriven or does not drive anything - clipped.
Signal stm12/ppmc_reg_S118M_inst/inst_ppmc_plsgen/ppmc_pls_cnt_inst/un5_pout_cry
     _1_0_S0_10 undriven or does not drive anything - clipped.
Signal stm12/ppmc_reg_S118M_inst/inst_ppmc_plsgen/ppmc_pls_cnt_inst/un5_pout_cry
     _0_0_S1_10 undriven or does not drive anything - clipped.
Signal stm12/ppmc_reg_S118M_inst/inst_ppmc_plsgen/ppmc_pls_cnt_inst/un5_pout_cry
     _0_0_S0_10 undriven or does not drive anything - clipped.
Signal stm12/ppmc_reg_S118M_inst/inst_ppmc_plsgen/ppmc_pls_cnt_inst/N_2 undriven
     or does not drive anything - clipped.
Signal stm12/ppmc_reg_S118M_inst/inst_ppmc_plsgen/ppmc_pls_cnt_inst/un2_s_slow_c
     ry_15_0_S0_10 undriven or does not drive anything - clipped.
Signal stm12/ppmc_reg_S118M_inst/inst_ppmc_plsgen/ppmc_pls_cnt_inst/un2_s_slow_c
     ry_15_0_COUT_10 undriven or does not drive anything - clipped.
Signal stm12/ppmc_reg_S118M_inst/inst_ppmc_plsgen/ppmc_pls_cnt_inst/un2_s_slow_c
     ry_13_0_S1_10 undriven or does not drive anything - clipped.
Signal stm12/ppmc_reg_S118M_inst/inst_ppmc_plsgen/ppmc_pls_cnt_inst/un2_s_slow_c
     ry_13_0_S0_10 undriven or does not drive anything - clipped.
Signal stm12/ppmc_reg_S118M_inst/inst_ppmc_plsgen/ppmc_pls_cnt_inst/un2_s_slow_c
     ry_11_0_S1_10 undriven or does not drive anything - clipped.
Signal stm12/ppmc_reg_S118M_inst/inst_ppmc_plsgen/ppmc_pls_cnt_inst/un2_s_slow_c
     ry_11_0_S0_10 undriven or does not drive anything - clipped.
Signal stm12/ppmc_reg_S118M_inst/inst_ppmc_plsgen/ppmc_pls_cnt_inst/un2_s_slow_c
     ry_9_0_S1_10 undriven or does not drive anything - clipped.
Signal stm12/ppmc_reg_S118M_inst/inst_ppmc_plsgen/ppmc_pls_cnt_inst/un2_s_slow_c
     ry_9_0_S0_10 undriven or does not drive anything - clipped.
Signal stm12/ppmc_reg_S118M_inst/inst_ppmc_plsgen/ppmc_pls_cnt_inst/un2_s_slow_c
     ry_7_0_S1_10 undriven or does not drive anything - clipped.
Signal stm12/ppmc_reg_S118M_inst/inst_ppmc_plsgen/ppmc_pls_cnt_inst/un2_s_slow_c
     ry_7_0_S0_10 undriven or does not drive anything - clipped.
Signal stm12/ppmc_reg_S118M_inst/inst_ppmc_plsgen/ppmc_pls_cnt_inst/un2_s_slow_c
     ry_5_0_S1_10 undriven or does not drive anything - clipped.
Signal stm12/ppmc_reg_S118M_inst/inst_ppmc_plsgen/ppmc_pls_cnt_inst/un2_s_slow_c
     ry_5_0_S0_10 undriven or does not drive anything - clipped.
Signal stm12/ppmc_reg_S118M_inst/inst_ppmc_plsgen/ppmc_pls_cnt_inst/un2_s_slow_c
     ry_3_0_S1_10 undriven or does not drive anything - clipped.
Signal stm12/ppmc_reg_S118M_inst/inst_ppmc_plsgen/ppmc_pls_cnt_inst/un2_s_slow_c
     ry_3_0_S0_10 undriven or does not drive anything - clipped.
Signal stm12/ppmc_reg_S118M_inst/inst_ppmc_plsgen/ppmc_pls_cnt_inst/un2_s_slow_c

                                   Page 197




Design:  SP0557                                        Date:  02/28/26  21:16:30

Removed logic (cont)
--------------------
     ry_1_0_S1_10 undriven or does not drive anything - clipped.
Signal stm12/ppmc_reg_S118M_inst/inst_ppmc_plsgen/ppmc_pls_cnt_inst/un2_s_slow_c
     ry_1_0_S0_10 undriven or does not drive anything - clipped.
Signal stm12/ppmc_reg_S118M_inst/inst_ppmc_plsgen/ppmc_pls_cnt_inst/un2_s_slow_c
     ry_0_0_S1_10 undriven or does not drive anything - clipped.
Signal stm12/ppmc_reg_S118M_inst/inst_ppmc_plsgen/ppmc_pls_cnt_inst/un2_s_slow_c
     ry_0_0_S0_10 undriven or does not drive anything - clipped.
Signal stm12/ppmc_reg_S118M_inst/inst_ppmc_plsgen/ppmc_pls_cnt_inst/N_3 undriven
     or does not drive anything - clipped.
Signal stm12/ppmc_reg_S118M_inst/inst_ppmc_plsgen/ppmc_pls_cnt_inst/reg_s_0_S1_2
     2[15] undriven or does not drive anything - clipped.
Signal stm12/ppmc_reg_S118M_inst/inst_ppmc_plsgen/ppmc_pls_cnt_inst/reg_s_0_COUT
     _22[15] undriven or does not drive anything - clipped.
Signal stm12/ppmc_reg_S118M_inst/inst_ppmc_plsgen/ppmc_pls_cnt_inst/reg_cry_0_S0
     _22[0] undriven or does not drive anything - clipped.
Signal stm12/ppmc_reg_S118M_inst/inst_ppmc_plsgen/ppmc_pls_cnt_inst/N_4 undriven
     or does not drive anything - clipped.
Signal stm12/ppmc_reg_S118M_inst/inst_ppmc_plsgen/ppmc_pls_cnt_inst/pre_pulse_s_
     0_S1_10[7] undriven or does not drive anything - clipped.
Signal stm12/ppmc_reg_S118M_inst/inst_ppmc_plsgen/ppmc_pls_cnt_inst/pre_pulse_s_
     0_COUT_10[7] undriven or does not drive anything - clipped.
Signal stm12/ppmc_reg_S118M_inst/inst_ppmc_plsgen/ppmc_pls_cnt_inst/pre_pulse_cr
     y_0_S0_10[0] undriven or does not drive anything - clipped.
Signal stm12/ppmc_reg_S118M_inst/inst_ppmc_plsgen/ppmc_pls_cnt_inst/N_5 undriven
     or does not drive anything - clipped.
Signal stm12/ppmc_reg_S118M_inst/inst_ppmc_enblr/enb_wait_cnt_s_0_S1_10[13]
     undriven or does not drive anything - clipped.
Signal stm12/ppmc_reg_S118M_inst/inst_ppmc_enblr/enb_wait_cnt_s_0_COUT_10[13]
     undriven or does not drive anything - clipped.
Signal stm12/ppmc_reg_S118M_inst/inst_ppmc_enblr/enb_wait_cnt_cry_0_S0_10[0]
     undriven or does not drive anything - clipped.
Signal stm12/ppmc_reg_S118M_inst/inst_ppmc_enblr/N_1 undriven or does not drive
     anything - clipped.
Signal stm12/ppmc_reg_S118M_inst/inst_ppmc_ctrl/speed_0_I_21_0_S0_10 undriven or
     does not drive anything - clipped.
Signal stm12/ppmc_reg_S118M_inst/inst_ppmc_ctrl/speed_0_I_21_0_COUT_10 undriven
     or does not drive anything - clipped.
Signal stm12/ppmc_reg_S118M_inst/inst_ppmc_ctrl/speed_0_I_33_0_S1_10 undriven or
     does not drive anything - clipped.
Signal stm12/ppmc_reg_S118M_inst/inst_ppmc_ctrl/speed_0_I_33_0_S0_10 undriven or
     does not drive anything - clipped.
Signal stm12/ppmc_reg_S118M_inst/inst_ppmc_ctrl/speed_0_I_27_0_S1_10 undriven or
     does not drive anything - clipped.
Signal stm12/ppmc_reg_S118M_inst/inst_ppmc_ctrl/speed_0_I_27_0_S0_10 undriven or
     does not drive anything - clipped.
Signal stm12/ppmc_reg_S118M_inst/inst_ppmc_ctrl/speed_0_I_9_0_S1_10 undriven or
     does not drive anything - clipped.
Signal stm12/ppmc_reg_S118M_inst/inst_ppmc_ctrl/speed_0_I_9_0_S0_10 undriven or
     does not drive anything - clipped.
Signal stm12/ppmc_reg_S118M_inst/inst_ppmc_ctrl/speed_0_I_1_0_S1_10 undriven or
     does not drive anything - clipped.
Signal stm12/ppmc_reg_S118M_inst/inst_ppmc_ctrl/speed_0_I_1_0_S0_10 undriven or
     does not drive anything - clipped.
Signal stm12/ppmc_reg_S118M_inst/inst_ppmc_ctrl/N_1 undriven or does not drive
     anything - clipped.
Signal stm12/ppmc_reg_S118M_inst/inst_ppmc_ctrl/un1_speed_0_I_21_0_S0_10

                                   Page 198




Design:  SP0557                                        Date:  02/28/26  21:16:30

Removed logic (cont)
--------------------
     undriven or does not drive anything - clipped.
Signal stm12/ppmc_reg_S118M_inst/inst_ppmc_ctrl/un1_speed_0_I_21_0_COUT_10
     undriven or does not drive anything - clipped.
Signal stm12/ppmc_reg_S118M_inst/inst_ppmc_ctrl/un1_speed_0_I_33_0_S1_10
     undriven or does not drive anything - clipped.
Signal stm12/ppmc_reg_S118M_inst/inst_ppmc_ctrl/un1_speed_0_I_33_0_S0_10
     undriven or does not drive anything - clipped.
Signal stm12/ppmc_reg_S118M_inst/inst_ppmc_ctrl/un1_speed_0_I_27_0_S1_10
     undriven or does not drive anything - clipped.
Signal stm12/ppmc_reg_S118M_inst/inst_ppmc_ctrl/un1_speed_0_I_27_0_S0_10
     undriven or does not drive anything - clipped.
Signal stm12/ppmc_reg_S118M_inst/inst_ppmc_ctrl/un1_speed_0_I_9_0_S1_10 undriven
     or does not drive anything - clipped.
Signal stm12/ppmc_reg_S118M_inst/inst_ppmc_ctrl/un1_speed_0_I_9_0_S0_10 undriven
     or does not drive anything - clipped.
Signal stm12/ppmc_reg_S118M_inst/inst_ppmc_ctrl/un1_speed_0_I_1_0_S1_10 undriven
     or does not drive anything - clipped.
Signal stm12/ppmc_reg_S118M_inst/inst_ppmc_ctrl/un1_speed_0_I_1_0_S0_10 undriven
     or does not drive anything - clipped.
Signal stm12/ppmc_reg_S118M_inst/inst_ppmc_ctrl/N_6 undriven or does not drive
     anything - clipped.
Signal stm12/ppmc_reg_S118M_inst/inst_ppmc_ctrl/un6_more_flg_cry_15_0_S0_10
     undriven or does not drive anything - clipped.
Signal stm12/ppmc_reg_S118M_inst/inst_ppmc_ctrl/un6_more_flg_cry_15_0_COUT_10
     undriven or does not drive anything - clipped.
Signal stm12/ppmc_reg_S118M_inst/inst_ppmc_ctrl/un6_more_flg_cry_13_0_S1_10
     undriven or does not drive anything - clipped.
Signal stm12/ppmc_reg_S118M_inst/inst_ppmc_ctrl/un6_more_flg_cry_13_0_S0_10
     undriven or does not drive anything - clipped.
Signal stm12/ppmc_reg_S118M_inst/inst_ppmc_ctrl/un6_more_flg_cry_11_0_S1_10
     undriven or does not drive anything - clipped.
Signal stm12/ppmc_reg_S118M_inst/inst_ppmc_ctrl/un6_more_flg_cry_11_0_S0_10
     undriven or does not drive anything - clipped.
Signal stm12/ppmc_reg_S118M_inst/inst_ppmc_ctrl/un6_more_flg_cry_9_0_S1_10
     undriven or does not drive anything - clipped.
Signal stm12/ppmc_reg_S118M_inst/inst_ppmc_ctrl/un6_more_flg_cry_9_0_S0_10
     undriven or does not drive anything - clipped.
Signal stm12/ppmc_reg_S118M_inst/inst_ppmc_ctrl/un6_more_flg_cry_7_0_S1_10
     undriven or does not drive anything - clipped.
Signal stm12/ppmc_reg_S118M_inst/inst_ppmc_ctrl/un6_more_flg_cry_7_0_S0_10
     undriven or does not drive anything - clipped.
Signal stm12/ppmc_reg_S118M_inst/inst_ppmc_ctrl/un6_more_flg_cry_5_0_S1_10
     undriven or does not drive anything - clipped.
Signal stm12/ppmc_reg_S118M_inst/inst_ppmc_ctrl/un6_more_flg_cry_5_0_S0_10
     undriven or does not drive anything - clipped.
Signal stm12/ppmc_reg_S118M_inst/inst_ppmc_ctrl/un6_more_flg_cry_3_0_S1_10
     undriven or does not drive anything - clipped.
Signal stm12/ppmc_reg_S118M_inst/inst_ppmc_ctrl/un6_more_flg_cry_3_0_S0_10
     undriven or does not drive anything - clipped.
Signal stm12/ppmc_reg_S118M_inst/inst_ppmc_ctrl/un6_more_flg_cry_1_0_S1_10
     undriven or does not drive anything - clipped.
Signal stm12/ppmc_reg_S118M_inst/inst_ppmc_ctrl/un6_more_flg_cry_1_0_S0_10
     undriven or does not drive anything - clipped.
Signal stm12/ppmc_reg_S118M_inst/inst_ppmc_ctrl/un6_more_flg_cry_0_0_S1_10
     undriven or does not drive anything - clipped.
Signal stm12/ppmc_reg_S118M_inst/inst_ppmc_ctrl/un6_more_flg_cry_0_0_S0_10

                                   Page 199




Design:  SP0557                                        Date:  02/28/26  21:16:30

Removed logic (cont)
--------------------
     undriven or does not drive anything - clipped.
Signal stm12/ppmc_reg_S118M_inst/inst_ppmc_ctrl/N_7 undriven or does not drive
     anything - clipped.
Signal stm12/ppmc_reg_S118M_inst/inst_ppmc_ctrl/more_cnt_s_0_S1_10[15] undriven
     or does not drive anything - clipped.
Signal stm12/ppmc_reg_S118M_inst/inst_ppmc_ctrl/more_cnt_s_0_COUT_10[15]
     undriven or does not drive anything - clipped.
Signal stm12/ppmc_reg_S118M_inst/inst_ppmc_ctrl/more_cnt_cry_0_S0_10[0] undriven
     or does not drive anything - clipped.
Signal stm12/ppmc_reg_S118M_inst/inst_ppmc_ctrl/N_8 undriven or does not drive
     anything - clipped.
Signal
     stm12/ppmc_reg_S118M_inst/inst_ppmc_cmdchk/un13_command_hit_cry_15_0_S0_10
     undriven or does not drive anything - clipped.
Signal stm12/ppmc_reg_S118M_inst/inst_ppmc_cmdchk/un13_command_hit_cry_15_0_COUT
     _10 undriven or does not drive anything - clipped.
Signal
     stm12/ppmc_reg_S118M_inst/inst_ppmc_cmdchk/un13_command_hit_cry_13_0_S1_10
     undriven or does not drive anything - clipped.
Signal
     stm12/ppmc_reg_S118M_inst/inst_ppmc_cmdchk/un13_command_hit_cry_13_0_S0_10
     undriven or does not drive anything - clipped.
Signal
     stm12/ppmc_reg_S118M_inst/inst_ppmc_cmdchk/un13_command_hit_cry_11_0_S1_10
     undriven or does not drive anything - clipped.
Signal
     stm12/ppmc_reg_S118M_inst/inst_ppmc_cmdchk/un13_command_hit_cry_11_0_S0_10
     undriven or does not drive anything - clipped.
Signal stm12/ppmc_reg_S118M_inst/inst_ppmc_cmdchk/un13_command_hit_cry_9_0_S1_10
     undriven or does not drive anything - clipped.
Signal stm12/ppmc_reg_S118M_inst/inst_ppmc_cmdchk/un13_command_hit_cry_9_0_S0_10
     undriven or does not drive anything - clipped.
Signal stm12/ppmc_reg_S118M_inst/inst_ppmc_cmdchk/un13_command_hit_cry_7_0_S1_10
     undriven or does not drive anything - clipped.
Signal stm12/ppmc_reg_S118M_inst/inst_ppmc_cmdchk/un13_command_hit_cry_7_0_S0_10
     undriven or does not drive anything - clipped.
Signal stm12/ppmc_reg_S118M_inst/inst_ppmc_cmdchk/un13_command_hit_cry_5_0_S1_10
     undriven or does not drive anything - clipped.
Signal stm12/ppmc_reg_S118M_inst/inst_ppmc_cmdchk/un13_command_hit_cry_5_0_S0_10
     undriven or does not drive anything - clipped.
Signal stm12/ppmc_reg_S118M_inst/inst_ppmc_cmdchk/un13_command_hit_cry_3_0_S1_10
     undriven or does not drive anything - clipped.
Signal stm12/ppmc_reg_S118M_inst/inst_ppmc_cmdchk/un13_command_hit_cry_3_0_S0_10
     undriven or does not drive anything - clipped.
Signal stm12/ppmc_reg_S118M_inst/inst_ppmc_cmdchk/un13_command_hit_cry_1_0_S1_10
     undriven or does not drive anything - clipped.
Signal stm12/ppmc_reg_S118M_inst/inst_ppmc_cmdchk/un13_command_hit_cry_1_0_S0_10
     undriven or does not drive anything - clipped.
Signal stm12/ppmc_reg_S118M_inst/inst_ppmc_cmdchk/un13_command_hit_cry_0_0_S1_10
     undriven or does not drive anything - clipped.
Signal stm12/ppmc_reg_S118M_inst/inst_ppmc_cmdchk/un13_command_hit_cry_0_0_S0_10
     undriven or does not drive anything - clipped.
Signal stm12/ppmc_reg_S118M_inst/inst_ppmc_cmdchk/N_1 undriven or does not drive
     anything - clipped.
Signal stm13/ppmc_reg_S118M_inst/inst_ppmc_plsgen/ppmc_acc_tim_gen_inst/un2_reg_
     0_I_21_0_S0_11 undriven or does not drive anything - clipped.

                                   Page 200




Design:  SP0557                                        Date:  02/28/26  21:16:30

Removed logic (cont)
--------------------
Signal stm13/ppmc_reg_S118M_inst/inst_ppmc_plsgen/ppmc_acc_tim_gen_inst/un2_reg_
     0_I_21_0_COUT_11 undriven or does not drive anything - clipped.
Signal stm13/ppmc_reg_S118M_inst/inst_ppmc_plsgen/ppmc_acc_tim_gen_inst/un2_reg_
     0_I_33_0_S1_11 undriven or does not drive anything - clipped.
Signal stm13/ppmc_reg_S118M_inst/inst_ppmc_plsgen/ppmc_acc_tim_gen_inst/un2_reg_
     0_I_33_0_S0_11 undriven or does not drive anything - clipped.
Signal stm13/ppmc_reg_S118M_inst/inst_ppmc_plsgen/ppmc_acc_tim_gen_inst/un2_reg_
     0_I_27_0_S1_11 undriven or does not drive anything - clipped.
Signal stm13/ppmc_reg_S118M_inst/inst_ppmc_plsgen/ppmc_acc_tim_gen_inst/un2_reg_
     0_I_27_0_S0_11 undriven or does not drive anything - clipped.
Signal stm13/ppmc_reg_S118M_inst/inst_ppmc_plsgen/ppmc_acc_tim_gen_inst/un2_reg_
     0_I_9_0_S1_11 undriven or does not drive anything - clipped.
Signal stm13/ppmc_reg_S118M_inst/inst_ppmc_plsgen/ppmc_acc_tim_gen_inst/un2_reg_
     0_I_9_0_S0_11 undriven or does not drive anything - clipped.
Signal stm13/ppmc_reg_S118M_inst/inst_ppmc_plsgen/ppmc_acc_tim_gen_inst/un2_reg_
     0_I_1_0_S1_11 undriven or does not drive anything - clipped.
Signal stm13/ppmc_reg_S118M_inst/inst_ppmc_plsgen/ppmc_acc_tim_gen_inst/un2_reg_
     0_I_1_0_S0_11 undriven or does not drive anything - clipped.
Signal stm13/ppmc_reg_S118M_inst/inst_ppmc_plsgen/ppmc_acc_tim_gen_inst/N_1
     undriven or does not drive anything - clipped.
Signal stm13/ppmc_reg_S118M_inst/inst_ppmc_plsgen/ppmc_acc_tim_gen_inst/reg_s_0_
     S1_23[15] undriven or does not drive anything - clipped.
Signal stm13/ppmc_reg_S118M_inst/inst_ppmc_plsgen/ppmc_acc_tim_gen_inst/reg_s_0_
     COUT_23[15] undriven or does not drive anything - clipped.
Signal stm13/ppmc_reg_S118M_inst/inst_ppmc_plsgen/ppmc_acc_tim_gen_inst/reg_cry_
     0_S0_23[0] undriven or does not drive anything - clipped.
Signal stm13/ppmc_reg_S118M_inst/inst_ppmc_plsgen/ppmc_acc_tim_gen_inst/N_2
     undriven or does not drive anything - clipped.
Signal stm13/ppmc_reg_S118M_inst/inst_ppmc_plsgen/ppmc_speed_cnt_inst/un2_acc_pu
     lse_cry_15_0_S0_11 undriven or does not drive anything - clipped.
Signal stm13/ppmc_reg_S118M_inst/inst_ppmc_plsgen/ppmc_speed_cnt_inst/un2_acc_pu
     lse_cry_15_0_COUT_11 undriven or does not drive anything - clipped.
Signal stm13/ppmc_reg_S118M_inst/inst_ppmc_plsgen/ppmc_speed_cnt_inst/un2_acc_pu
     lse_cry_13_0_S1_11 undriven or does not drive anything - clipped.
Signal stm13/ppmc_reg_S118M_inst/inst_ppmc_plsgen/ppmc_speed_cnt_inst/un2_acc_pu
     lse_cry_13_0_S0_11 undriven or does not drive anything - clipped.
Signal stm13/ppmc_reg_S118M_inst/inst_ppmc_plsgen/ppmc_speed_cnt_inst/un2_acc_pu
     lse_cry_11_0_S1_11 undriven or does not drive anything - clipped.
Signal stm13/ppmc_reg_S118M_inst/inst_ppmc_plsgen/ppmc_speed_cnt_inst/un2_acc_pu
     lse_cry_11_0_S0_11 undriven or does not drive anything - clipped.
Signal stm13/ppmc_reg_S118M_inst/inst_ppmc_plsgen/ppmc_speed_cnt_inst/un2_acc_pu
     lse_cry_9_0_S1_11 undriven or does not drive anything - clipped.
Signal stm13/ppmc_reg_S118M_inst/inst_ppmc_plsgen/ppmc_speed_cnt_inst/un2_acc_pu
     lse_cry_9_0_S0_11 undriven or does not drive anything - clipped.
Signal stm13/ppmc_reg_S118M_inst/inst_ppmc_plsgen/ppmc_speed_cnt_inst/un2_acc_pu
     lse_cry_7_0_S1_11 undriven or does not drive anything - clipped.
Signal stm13/ppmc_reg_S118M_inst/inst_ppmc_plsgen/ppmc_speed_cnt_inst/un2_acc_pu
     lse_cry_7_0_S0_11 undriven or does not drive anything - clipped.
Signal stm13/ppmc_reg_S118M_inst/inst_ppmc_plsgen/ppmc_speed_cnt_inst/un2_acc_pu
     lse_cry_5_0_S1_11 undriven or does not drive anything - clipped.
Signal stm13/ppmc_reg_S118M_inst/inst_ppmc_plsgen/ppmc_speed_cnt_inst/un2_acc_pu
     lse_cry_5_0_S0_11 undriven or does not drive anything - clipped.
Signal stm13/ppmc_reg_S118M_inst/inst_ppmc_plsgen/ppmc_speed_cnt_inst/un2_acc_pu
     lse_cry_3_0_S1_11 undriven or does not drive anything - clipped.
Signal stm13/ppmc_reg_S118M_inst/inst_ppmc_plsgen/ppmc_speed_cnt_inst/un2_acc_pu
     lse_cry_3_0_S0_11 undriven or does not drive anything - clipped.

                                   Page 201




Design:  SP0557                                        Date:  02/28/26  21:16:30

Removed logic (cont)
--------------------
Signal stm13/ppmc_reg_S118M_inst/inst_ppmc_plsgen/ppmc_speed_cnt_inst/un2_acc_pu
     lse_cry_1_0_S1_11 undriven or does not drive anything - clipped.
Signal stm13/ppmc_reg_S118M_inst/inst_ppmc_plsgen/ppmc_speed_cnt_inst/un2_acc_pu
     lse_cry_1_0_S0_11 undriven or does not drive anything - clipped.
Signal stm13/ppmc_reg_S118M_inst/inst_ppmc_plsgen/ppmc_speed_cnt_inst/un2_acc_pu
     lse_cry_0_0_S1_11 undriven or does not drive anything - clipped.
Signal stm13/ppmc_reg_S118M_inst/inst_ppmc_plsgen/ppmc_speed_cnt_inst/un2_acc_pu
     lse_cry_0_0_S0_11 undriven or does not drive anything - clipped.
Signal stm13/ppmc_reg_S118M_inst/inst_ppmc_plsgen/ppmc_speed_cnt_inst/N_6
     undriven or does not drive anything - clipped.
Signal stm13/ppmc_reg_S118M_inst/inst_ppmc_plsgen/ppmc_speed_cnt_inst/un8_acc_pu
     lse_cry_15_0_S0_11 undriven or does not drive anything - clipped.
Signal stm13/ppmc_reg_S118M_inst/inst_ppmc_plsgen/ppmc_speed_cnt_inst/un8_acc_pu
     lse_cry_15_0_COUT_11 undriven or does not drive anything - clipped.
Signal stm13/ppmc_reg_S118M_inst/inst_ppmc_plsgen/ppmc_speed_cnt_inst/un8_acc_pu
     lse_cry_13_0_S1_11 undriven or does not drive anything - clipped.
Signal stm13/ppmc_reg_S118M_inst/inst_ppmc_plsgen/ppmc_speed_cnt_inst/un8_acc_pu
     lse_cry_13_0_S0_11 undriven or does not drive anything - clipped.
Signal stm13/ppmc_reg_S118M_inst/inst_ppmc_plsgen/ppmc_speed_cnt_inst/un8_acc_pu
     lse_cry_11_0_S1_11 undriven or does not drive anything - clipped.
Signal stm13/ppmc_reg_S118M_inst/inst_ppmc_plsgen/ppmc_speed_cnt_inst/un8_acc_pu
     lse_cry_11_0_S0_11 undriven or does not drive anything - clipped.
Signal stm13/ppmc_reg_S118M_inst/inst_ppmc_plsgen/ppmc_speed_cnt_inst/un8_acc_pu
     lse_cry_9_0_S1_11 undriven or does not drive anything - clipped.
Signal stm13/ppmc_reg_S118M_inst/inst_ppmc_plsgen/ppmc_speed_cnt_inst/un8_acc_pu
     lse_cry_9_0_S0_11 undriven or does not drive anything - clipped.
Signal stm13/ppmc_reg_S118M_inst/inst_ppmc_plsgen/ppmc_speed_cnt_inst/un8_acc_pu
     lse_cry_7_0_S1_11 undriven or does not drive anything - clipped.
Signal stm13/ppmc_reg_S118M_inst/inst_ppmc_plsgen/ppmc_speed_cnt_inst/un8_acc_pu
     lse_cry_7_0_S0_11 undriven or does not drive anything - clipped.
Signal stm13/ppmc_reg_S118M_inst/inst_ppmc_plsgen/ppmc_speed_cnt_inst/un8_acc_pu
     lse_cry_5_0_S1_11 undriven or does not drive anything - clipped.
Signal stm13/ppmc_reg_S118M_inst/inst_ppmc_plsgen/ppmc_speed_cnt_inst/un8_acc_pu
     lse_cry_5_0_S0_11 undriven or does not drive anything - clipped.
Signal stm13/ppmc_reg_S118M_inst/inst_ppmc_plsgen/ppmc_speed_cnt_inst/un8_acc_pu
     lse_cry_3_0_S1_11 undriven or does not drive anything - clipped.
Signal stm13/ppmc_reg_S118M_inst/inst_ppmc_plsgen/ppmc_speed_cnt_inst/un8_acc_pu
     lse_cry_3_0_S0_11 undriven or does not drive anything - clipped.
Signal stm13/ppmc_reg_S118M_inst/inst_ppmc_plsgen/ppmc_speed_cnt_inst/un8_acc_pu
     lse_cry_1_0_S1_11 undriven or does not drive anything - clipped.
Signal stm13/ppmc_reg_S118M_inst/inst_ppmc_plsgen/ppmc_speed_cnt_inst/un8_acc_pu
     lse_cry_1_0_S0_11 undriven or does not drive anything - clipped.
Signal stm13/ppmc_reg_S118M_inst/inst_ppmc_plsgen/ppmc_speed_cnt_inst/un8_acc_pu
     lse_cry_0_0_S1_11 undriven or does not drive anything - clipped.
Signal stm13/ppmc_reg_S118M_inst/inst_ppmc_plsgen/ppmc_speed_cnt_inst/un8_acc_pu
     lse_cry_0_0_S0_11 undriven or does not drive anything - clipped.
Signal stm13/ppmc_reg_S118M_inst/inst_ppmc_plsgen/ppmc_speed_cnt_inst/N_7
     undriven or does not drive anything - clipped.
Signal stm13/ppmc_reg_S118M_inst/inst_ppmc_plsgen/ppmc_speed_cnt_inst/reg_cry_0_
     COUT_11[14] undriven or does not drive anything - clipped.
Signal stm13/ppmc_reg_S118M_inst/inst_ppmc_plsgen/ppmc_speed_cnt_inst/reg_lcry_0
     _S1_11 undriven or does not drive anything - clipped.
Signal stm13/ppmc_reg_S118M_inst/inst_ppmc_plsgen/ppmc_speed_cnt_inst/reg_lcry_0
     _S0_11 undriven or does not drive anything - clipped.
Signal stm13/ppmc_reg_S118M_inst/inst_ppmc_plsgen/ppmc_speed_cnt_inst/N_8
     undriven or does not drive anything - clipped.

                                   Page 202




Design:  SP0557                                        Date:  02/28/26  21:16:30

Removed logic (cont)
--------------------
Signal stm13/ppmc_reg_S118M_inst/inst_ppmc_plsgen/ppmc_timer_cnt_inst/un5_pulse_
     clk_cry_18_0_S1_11 undriven or does not drive anything - clipped.
Signal stm13/ppmc_reg_S118M_inst/inst_ppmc_plsgen/ppmc_timer_cnt_inst/un5_pulse_
     clk_cry_18_0_COUT_11 undriven or does not drive anything - clipped.
Signal stm13/ppmc_reg_S118M_inst/inst_ppmc_plsgen/ppmc_timer_cnt_inst/un5_pulse_
     clk_cry_17_0_S1_11 undriven or does not drive anything - clipped.
Signal stm13/ppmc_reg_S118M_inst/inst_ppmc_plsgen/ppmc_timer_cnt_inst/un5_pulse_
     clk_cry_17_0_S0_11 undriven or does not drive anything - clipped.
Signal stm13/ppmc_reg_S118M_inst/inst_ppmc_plsgen/ppmc_timer_cnt_inst/un5_pulse_
     clk_cry_15_0_S1_11 undriven or does not drive anything - clipped.
Signal stm13/ppmc_reg_S118M_inst/inst_ppmc_plsgen/ppmc_timer_cnt_inst/un5_pulse_
     clk_cry_15_0_S0_11 undriven or does not drive anything - clipped.
Signal stm13/ppmc_reg_S118M_inst/inst_ppmc_plsgen/ppmc_timer_cnt_inst/un5_pulse_
     clk_cry_13_0_S1_11 undriven or does not drive anything - clipped.
Signal stm13/ppmc_reg_S118M_inst/inst_ppmc_plsgen/ppmc_timer_cnt_inst/un5_pulse_
     clk_cry_13_0_S0_11 undriven or does not drive anything - clipped.
Signal stm13/ppmc_reg_S118M_inst/inst_ppmc_plsgen/ppmc_timer_cnt_inst/un5_pulse_
     clk_cry_11_0_S1_11 undriven or does not drive anything - clipped.
Signal stm13/ppmc_reg_S118M_inst/inst_ppmc_plsgen/ppmc_timer_cnt_inst/un5_pulse_
     clk_cry_11_0_S0_11 undriven or does not drive anything - clipped.
Signal stm13/ppmc_reg_S118M_inst/inst_ppmc_plsgen/ppmc_timer_cnt_inst/un5_pulse_
     clk_cry_9_0_S1_11 undriven or does not drive anything - clipped.
Signal stm13/ppmc_reg_S118M_inst/inst_ppmc_plsgen/ppmc_timer_cnt_inst/un5_pulse_
     clk_cry_9_0_S0_11 undriven or does not drive anything - clipped.
Signal stm13/ppmc_reg_S118M_inst/inst_ppmc_plsgen/ppmc_timer_cnt_inst/un5_pulse_
     clk_cry_7_0_S1_11 undriven or does not drive anything - clipped.
Signal stm13/ppmc_reg_S118M_inst/inst_ppmc_plsgen/ppmc_timer_cnt_inst/un5_pulse_
     clk_cry_7_0_S0_11 undriven or does not drive anything - clipped.
Signal stm13/ppmc_reg_S118M_inst/inst_ppmc_plsgen/ppmc_timer_cnt_inst/un5_pulse_
     clk_cry_5_0_S1_11 undriven or does not drive anything - clipped.
Signal stm13/ppmc_reg_S118M_inst/inst_ppmc_plsgen/ppmc_timer_cnt_inst/un5_pulse_
     clk_cry_5_0_S0_11 undriven or does not drive anything - clipped.
Signal stm13/ppmc_reg_S118M_inst/inst_ppmc_plsgen/ppmc_timer_cnt_inst/un5_pulse_
     clk_cry_3_0_S1_11 undriven or does not drive anything - clipped.
Signal stm13/ppmc_reg_S118M_inst/inst_ppmc_plsgen/ppmc_timer_cnt_inst/un5_pulse_
     clk_cry_3_0_S0_11 undriven or does not drive anything - clipped.
Signal stm13/ppmc_reg_S118M_inst/inst_ppmc_plsgen/ppmc_timer_cnt_inst/un5_pulse_
     clk_cry_1_0_S1_11 undriven or does not drive anything - clipped.
Signal stm13/ppmc_reg_S118M_inst/inst_ppmc_plsgen/ppmc_timer_cnt_inst/un5_pulse_
     clk_cry_1_0_S0_11 undriven or does not drive anything - clipped.
Signal stm13/ppmc_reg_S118M_inst/inst_ppmc_plsgen/ppmc_timer_cnt_inst/un5_pulse_
     clk_cry_0_0_S1_11 undriven or does not drive anything - clipped.
Signal stm13/ppmc_reg_S118M_inst/inst_ppmc_plsgen/ppmc_timer_cnt_inst/un5_pulse_
     clk_cry_0_0_S0_11 undriven or does not drive anything - clipped.
Signal stm13/ppmc_reg_S118M_inst/inst_ppmc_plsgen/ppmc_timer_cnt_inst/N_1
     undriven or does not drive anything - clipped.
Signal stm13/ppmc_reg_S118M_inst/inst_ppmc_plsgen/ppmc_timer_cnt_inst/un1_reg_2_
     cry_17_0_COUT_11 undriven or does not drive anything - clipped.
Signal stm13/ppmc_reg_S118M_inst/inst_ppmc_plsgen/ppmc_timer_cnt_inst/un1_reg_2_
     cry_0_0_S1_11 undriven or does not drive anything - clipped.
Signal stm13/ppmc_reg_S118M_inst/inst_ppmc_plsgen/ppmc_timer_cnt_inst/un1_reg_2_
     cry_0_0_S0_11 undriven or does not drive anything - clipped.
Signal stm13/ppmc_reg_S118M_inst/inst_ppmc_plsgen/ppmc_timer_cnt_inst/N_2
     undriven or does not drive anything - clipped.
Signal stm13/ppmc_reg_S118M_inst/inst_ppmc_plsgen/ppmc_timer_cnt_inst/un1_reg_2_
     4_cry_17_COUT_11 undriven or does not drive anything - clipped.

                                   Page 203




Design:  SP0557                                        Date:  02/28/26  21:16:30

Removed logic (cont)
--------------------
Signal stm13/ppmc_reg_S118M_inst/inst_ppmc_plsgen/ppmc_timer_cnt_inst/un1_reg_2_
     4_cry_0_S1_11 undriven or does not drive anything - clipped.
Signal stm13/ppmc_reg_S118M_inst/inst_ppmc_plsgen/ppmc_timer_cnt_inst/un1_reg_2_
     4_cry_0_S0_11 undriven or does not drive anything - clipped.
Signal stm13/ppmc_reg_S118M_inst/inst_ppmc_plsgen/ppmc_timer_cnt_inst/N_3
     undriven or does not drive anything - clipped.
Signal stm13/ppmc_reg_S118M_inst/inst_ppmc_plsgen/ppmc_pls_cnt_inst/un4_o_slow_0
     _I_21_0_S0_11 undriven or does not drive anything - clipped.
Signal stm13/ppmc_reg_S118M_inst/inst_ppmc_plsgen/ppmc_pls_cnt_inst/un4_o_slow_0
     _I_21_0_COUT_11 undriven or does not drive anything - clipped.
Signal stm13/ppmc_reg_S118M_inst/inst_ppmc_plsgen/ppmc_pls_cnt_inst/un4_o_slow_0
     _I_33_0_S1_11 undriven or does not drive anything - clipped.
Signal stm13/ppmc_reg_S118M_inst/inst_ppmc_plsgen/ppmc_pls_cnt_inst/un4_o_slow_0
     _I_33_0_S0_11 undriven or does not drive anything - clipped.
Signal stm13/ppmc_reg_S118M_inst/inst_ppmc_plsgen/ppmc_pls_cnt_inst/un4_o_slow_0
     _I_27_0_S1_11 undriven or does not drive anything - clipped.
Signal stm13/ppmc_reg_S118M_inst/inst_ppmc_plsgen/ppmc_pls_cnt_inst/un4_o_slow_0
     _I_27_0_S0_11 undriven or does not drive anything - clipped.
Signal stm13/ppmc_reg_S118M_inst/inst_ppmc_plsgen/ppmc_pls_cnt_inst/un4_o_slow_0
     _I_9_0_S1_11 undriven or does not drive anything - clipped.
Signal stm13/ppmc_reg_S118M_inst/inst_ppmc_plsgen/ppmc_pls_cnt_inst/un4_o_slow_0
     _I_9_0_S0_11 undriven or does not drive anything - clipped.
Signal stm13/ppmc_reg_S118M_inst/inst_ppmc_plsgen/ppmc_pls_cnt_inst/un4_o_slow_0
     _I_1_0_S1_11 undriven or does not drive anything - clipped.
Signal stm13/ppmc_reg_S118M_inst/inst_ppmc_plsgen/ppmc_pls_cnt_inst/un4_o_slow_0
     _I_1_0_S0_11 undriven or does not drive anything - clipped.
Signal stm13/ppmc_reg_S118M_inst/inst_ppmc_plsgen/ppmc_pls_cnt_inst/N_1 undriven
     or does not drive anything - clipped.
Signal stm13/ppmc_reg_S118M_inst/inst_ppmc_plsgen/ppmc_pls_cnt_inst/un5_pout_cry
     _7_0_S0_11 undriven or does not drive anything - clipped.
Signal stm13/ppmc_reg_S118M_inst/inst_ppmc_plsgen/ppmc_pls_cnt_inst/un5_pout_cry
     _7_0_COUT_11 undriven or does not drive anything - clipped.
Signal stm13/ppmc_reg_S118M_inst/inst_ppmc_plsgen/ppmc_pls_cnt_inst/un5_pout_cry
     _5_0_S1_11 undriven or does not drive anything - clipped.
Signal stm13/ppmc_reg_S118M_inst/inst_ppmc_plsgen/ppmc_pls_cnt_inst/un5_pout_cry
     _5_0_S0_11 undriven or does not drive anything - clipped.
Signal stm13/ppmc_reg_S118M_inst/inst_ppmc_plsgen/ppmc_pls_cnt_inst/un5_pout_cry
     _3_0_S1_11 undriven or does not drive anything - clipped.
Signal stm13/ppmc_reg_S118M_inst/inst_ppmc_plsgen/ppmc_pls_cnt_inst/un5_pout_cry
     _3_0_S0_11 undriven or does not drive anything - clipped.
Signal stm13/ppmc_reg_S118M_inst/inst_ppmc_plsgen/ppmc_pls_cnt_inst/un5_pout_cry
     _1_0_S1_11 undriven or does not drive anything - clipped.
Signal stm13/ppmc_reg_S118M_inst/inst_ppmc_plsgen/ppmc_pls_cnt_inst/un5_pout_cry
     _1_0_S0_11 undriven or does not drive anything - clipped.
Signal stm13/ppmc_reg_S118M_inst/inst_ppmc_plsgen/ppmc_pls_cnt_inst/un5_pout_cry
     _0_0_S1_11 undriven or does not drive anything - clipped.
Signal stm13/ppmc_reg_S118M_inst/inst_ppmc_plsgen/ppmc_pls_cnt_inst/un5_pout_cry
     _0_0_S0_11 undriven or does not drive anything - clipped.
Signal stm13/ppmc_reg_S118M_inst/inst_ppmc_plsgen/ppmc_pls_cnt_inst/N_2 undriven
     or does not drive anything - clipped.
Signal stm13/ppmc_reg_S118M_inst/inst_ppmc_plsgen/ppmc_pls_cnt_inst/un2_s_slow_c
     ry_15_0_S0_11 undriven or does not drive anything - clipped.
Signal stm13/ppmc_reg_S118M_inst/inst_ppmc_plsgen/ppmc_pls_cnt_inst/un2_s_slow_c
     ry_15_0_COUT_11 undriven or does not drive anything - clipped.
Signal stm13/ppmc_reg_S118M_inst/inst_ppmc_plsgen/ppmc_pls_cnt_inst/un2_s_slow_c
     ry_13_0_S1_11 undriven or does not drive anything - clipped.

                                   Page 204




Design:  SP0557                                        Date:  02/28/26  21:16:30

Removed logic (cont)
--------------------
Signal stm13/ppmc_reg_S118M_inst/inst_ppmc_plsgen/ppmc_pls_cnt_inst/un2_s_slow_c
     ry_13_0_S0_11 undriven or does not drive anything - clipped.
Signal stm13/ppmc_reg_S118M_inst/inst_ppmc_plsgen/ppmc_pls_cnt_inst/un2_s_slow_c
     ry_11_0_S1_11 undriven or does not drive anything - clipped.
Signal stm13/ppmc_reg_S118M_inst/inst_ppmc_plsgen/ppmc_pls_cnt_inst/un2_s_slow_c
     ry_11_0_S0_11 undriven or does not drive anything - clipped.
Signal stm13/ppmc_reg_S118M_inst/inst_ppmc_plsgen/ppmc_pls_cnt_inst/un2_s_slow_c
     ry_9_0_S1_11 undriven or does not drive anything - clipped.
Signal stm13/ppmc_reg_S118M_inst/inst_ppmc_plsgen/ppmc_pls_cnt_inst/un2_s_slow_c
     ry_9_0_S0_11 undriven or does not drive anything - clipped.
Signal stm13/ppmc_reg_S118M_inst/inst_ppmc_plsgen/ppmc_pls_cnt_inst/un2_s_slow_c
     ry_7_0_S1_11 undriven or does not drive anything - clipped.
Signal stm13/ppmc_reg_S118M_inst/inst_ppmc_plsgen/ppmc_pls_cnt_inst/un2_s_slow_c
     ry_7_0_S0_11 undriven or does not drive anything - clipped.
Signal stm13/ppmc_reg_S118M_inst/inst_ppmc_plsgen/ppmc_pls_cnt_inst/un2_s_slow_c
     ry_5_0_S1_11 undriven or does not drive anything - clipped.
Signal stm13/ppmc_reg_S118M_inst/inst_ppmc_plsgen/ppmc_pls_cnt_inst/un2_s_slow_c
     ry_5_0_S0_11 undriven or does not drive anything - clipped.
Signal stm13/ppmc_reg_S118M_inst/inst_ppmc_plsgen/ppmc_pls_cnt_inst/un2_s_slow_c
     ry_3_0_S1_11 undriven or does not drive anything - clipped.
Signal stm13/ppmc_reg_S118M_inst/inst_ppmc_plsgen/ppmc_pls_cnt_inst/un2_s_slow_c
     ry_3_0_S0_11 undriven or does not drive anything - clipped.
Signal stm13/ppmc_reg_S118M_inst/inst_ppmc_plsgen/ppmc_pls_cnt_inst/un2_s_slow_c
     ry_1_0_S1_11 undriven or does not drive anything - clipped.
Signal stm13/ppmc_reg_S118M_inst/inst_ppmc_plsgen/ppmc_pls_cnt_inst/un2_s_slow_c
     ry_1_0_S0_11 undriven or does not drive anything - clipped.
Signal stm13/ppmc_reg_S118M_inst/inst_ppmc_plsgen/ppmc_pls_cnt_inst/un2_s_slow_c
     ry_0_0_S1_11 undriven or does not drive anything - clipped.
Signal stm13/ppmc_reg_S118M_inst/inst_ppmc_plsgen/ppmc_pls_cnt_inst/un2_s_slow_c
     ry_0_0_S0_11 undriven or does not drive anything - clipped.
Signal stm13/ppmc_reg_S118M_inst/inst_ppmc_plsgen/ppmc_pls_cnt_inst/N_3 undriven
     or does not drive anything - clipped.
Signal stm13/ppmc_reg_S118M_inst/inst_ppmc_plsgen/ppmc_pls_cnt_inst/reg_s_0_S1_2
     4[15] undriven or does not drive anything - clipped.
Signal stm13/ppmc_reg_S118M_inst/inst_ppmc_plsgen/ppmc_pls_cnt_inst/reg_s_0_COUT
     _24[15] undriven or does not drive anything - clipped.
Signal stm13/ppmc_reg_S118M_inst/inst_ppmc_plsgen/ppmc_pls_cnt_inst/reg_cry_0_S0
     _24[0] undriven or does not drive anything - clipped.
Signal stm13/ppmc_reg_S118M_inst/inst_ppmc_plsgen/ppmc_pls_cnt_inst/N_4 undriven
     or does not drive anything - clipped.
Signal stm13/ppmc_reg_S118M_inst/inst_ppmc_plsgen/ppmc_pls_cnt_inst/pre_pulse_s_
     0_S1_11[7] undriven or does not drive anything - clipped.
Signal stm13/ppmc_reg_S118M_inst/inst_ppmc_plsgen/ppmc_pls_cnt_inst/pre_pulse_s_
     0_COUT_11[7] undriven or does not drive anything - clipped.
Signal stm13/ppmc_reg_S118M_inst/inst_ppmc_plsgen/ppmc_pls_cnt_inst/pre_pulse_cr
     y_0_S0_11[0] undriven or does not drive anything - clipped.
Signal stm13/ppmc_reg_S118M_inst/inst_ppmc_plsgen/ppmc_pls_cnt_inst/N_5 undriven
     or does not drive anything - clipped.
Signal stm13/ppmc_reg_S118M_inst/inst_ppmc_enblr/enb_wait_cnt_s_0_S1_11[13]
     undriven or does not drive anything - clipped.
Signal stm13/ppmc_reg_S118M_inst/inst_ppmc_enblr/enb_wait_cnt_s_0_COUT_11[13]
     undriven or does not drive anything - clipped.
Signal stm13/ppmc_reg_S118M_inst/inst_ppmc_enblr/enb_wait_cnt_cry_0_S0_11[0]
     undriven or does not drive anything - clipped.
Signal stm13/ppmc_reg_S118M_inst/inst_ppmc_enblr/N_1 undriven or does not drive
     anything - clipped.

                                   Page 205




Design:  SP0557                                        Date:  02/28/26  21:16:30

Removed logic (cont)
--------------------
Signal stm13/ppmc_reg_S118M_inst/inst_ppmc_ctrl/speed_0_I_21_0_S0_11 undriven or
     does not drive anything - clipped.
Signal stm13/ppmc_reg_S118M_inst/inst_ppmc_ctrl/speed_0_I_21_0_COUT_11 undriven
     or does not drive anything - clipped.
Signal stm13/ppmc_reg_S118M_inst/inst_ppmc_ctrl/speed_0_I_33_0_S1_11 undriven or
     does not drive anything - clipped.
Signal stm13/ppmc_reg_S118M_inst/inst_ppmc_ctrl/speed_0_I_33_0_S0_11 undriven or
     does not drive anything - clipped.
Signal stm13/ppmc_reg_S118M_inst/inst_ppmc_ctrl/speed_0_I_27_0_S1_11 undriven or
     does not drive anything - clipped.
Signal stm13/ppmc_reg_S118M_inst/inst_ppmc_ctrl/speed_0_I_27_0_S0_11 undriven or
     does not drive anything - clipped.
Signal stm13/ppmc_reg_S118M_inst/inst_ppmc_ctrl/speed_0_I_9_0_S1_11 undriven or
     does not drive anything - clipped.
Signal stm13/ppmc_reg_S118M_inst/inst_ppmc_ctrl/speed_0_I_9_0_S0_11 undriven or
     does not drive anything - clipped.
Signal stm13/ppmc_reg_S118M_inst/inst_ppmc_ctrl/speed_0_I_1_0_S1_11 undriven or
     does not drive anything - clipped.
Signal stm13/ppmc_reg_S118M_inst/inst_ppmc_ctrl/speed_0_I_1_0_S0_11 undriven or
     does not drive anything - clipped.
Signal stm13/ppmc_reg_S118M_inst/inst_ppmc_ctrl/N_1 undriven or does not drive
     anything - clipped.
Signal stm13/ppmc_reg_S118M_inst/inst_ppmc_ctrl/un1_speed_0_I_21_0_S0_11
     undriven or does not drive anything - clipped.
Signal stm13/ppmc_reg_S118M_inst/inst_ppmc_ctrl/un1_speed_0_I_21_0_COUT_11
     undriven or does not drive anything - clipped.
Signal stm13/ppmc_reg_S118M_inst/inst_ppmc_ctrl/un1_speed_0_I_33_0_S1_11
     undriven or does not drive anything - clipped.
Signal stm13/ppmc_reg_S118M_inst/inst_ppmc_ctrl/un1_speed_0_I_33_0_S0_11
     undriven or does not drive anything - clipped.
Signal stm13/ppmc_reg_S118M_inst/inst_ppmc_ctrl/un1_speed_0_I_27_0_S1_11
     undriven or does not drive anything - clipped.
Signal stm13/ppmc_reg_S118M_inst/inst_ppmc_ctrl/un1_speed_0_I_27_0_S0_11
     undriven or does not drive anything - clipped.
Signal stm13/ppmc_reg_S118M_inst/inst_ppmc_ctrl/un1_speed_0_I_9_0_S1_11 undriven
     or does not drive anything - clipped.
Signal stm13/ppmc_reg_S118M_inst/inst_ppmc_ctrl/un1_speed_0_I_9_0_S0_11 undriven
     or does not drive anything - clipped.
Signal stm13/ppmc_reg_S118M_inst/inst_ppmc_ctrl/un1_speed_0_I_1_0_S1_11 undriven
     or does not drive anything - clipped.
Signal stm13/ppmc_reg_S118M_inst/inst_ppmc_ctrl/un1_speed_0_I_1_0_S0_11 undriven
     or does not drive anything - clipped.
Signal stm13/ppmc_reg_S118M_inst/inst_ppmc_ctrl/N_6 undriven or does not drive
     anything - clipped.
Signal stm13/ppmc_reg_S118M_inst/inst_ppmc_ctrl/un6_more_flg_cry_15_0_S0_11
     undriven or does not drive anything - clipped.
Signal stm13/ppmc_reg_S118M_inst/inst_ppmc_ctrl/un6_more_flg_cry_15_0_COUT_11
     undriven or does not drive anything - clipped.
Signal stm13/ppmc_reg_S118M_inst/inst_ppmc_ctrl/un6_more_flg_cry_13_0_S1_11
     undriven or does not drive anything - clipped.
Signal stm13/ppmc_reg_S118M_inst/inst_ppmc_ctrl/un6_more_flg_cry_13_0_S0_11
     undriven or does not drive anything - clipped.
Signal stm13/ppmc_reg_S118M_inst/inst_ppmc_ctrl/un6_more_flg_cry_11_0_S1_11
     undriven or does not drive anything - clipped.
Signal stm13/ppmc_reg_S118M_inst/inst_ppmc_ctrl/un6_more_flg_cry_11_0_S0_11
     undriven or does not drive anything - clipped.

                                   Page 206




Design:  SP0557                                        Date:  02/28/26  21:16:30

Removed logic (cont)
--------------------
Signal stm13/ppmc_reg_S118M_inst/inst_ppmc_ctrl/un6_more_flg_cry_9_0_S1_11
     undriven or does not drive anything - clipped.
Signal stm13/ppmc_reg_S118M_inst/inst_ppmc_ctrl/un6_more_flg_cry_9_0_S0_11
     undriven or does not drive anything - clipped.
Signal stm13/ppmc_reg_S118M_inst/inst_ppmc_ctrl/un6_more_flg_cry_7_0_S1_11
     undriven or does not drive anything - clipped.
Signal stm13/ppmc_reg_S118M_inst/inst_ppmc_ctrl/un6_more_flg_cry_7_0_S0_11
     undriven or does not drive anything - clipped.
Signal stm13/ppmc_reg_S118M_inst/inst_ppmc_ctrl/un6_more_flg_cry_5_0_S1_11
     undriven or does not drive anything - clipped.
Signal stm13/ppmc_reg_S118M_inst/inst_ppmc_ctrl/un6_more_flg_cry_5_0_S0_11
     undriven or does not drive anything - clipped.
Signal stm13/ppmc_reg_S118M_inst/inst_ppmc_ctrl/un6_more_flg_cry_3_0_S1_11
     undriven or does not drive anything - clipped.
Signal stm13/ppmc_reg_S118M_inst/inst_ppmc_ctrl/un6_more_flg_cry_3_0_S0_11
     undriven or does not drive anything - clipped.
Signal stm13/ppmc_reg_S118M_inst/inst_ppmc_ctrl/un6_more_flg_cry_1_0_S1_11
     undriven or does not drive anything - clipped.
Signal stm13/ppmc_reg_S118M_inst/inst_ppmc_ctrl/un6_more_flg_cry_1_0_S0_11
     undriven or does not drive anything - clipped.
Signal stm13/ppmc_reg_S118M_inst/inst_ppmc_ctrl/un6_more_flg_cry_0_0_S1_11
     undriven or does not drive anything - clipped.
Signal stm13/ppmc_reg_S118M_inst/inst_ppmc_ctrl/un6_more_flg_cry_0_0_S0_11
     undriven or does not drive anything - clipped.
Signal stm13/ppmc_reg_S118M_inst/inst_ppmc_ctrl/N_7 undriven or does not drive
     anything - clipped.
Signal stm13/ppmc_reg_S118M_inst/inst_ppmc_ctrl/more_cnt_s_0_S1_11[15] undriven
     or does not drive anything - clipped.
Signal stm13/ppmc_reg_S118M_inst/inst_ppmc_ctrl/more_cnt_s_0_COUT_11[15]
     undriven or does not drive anything - clipped.
Signal stm13/ppmc_reg_S118M_inst/inst_ppmc_ctrl/more_cnt_cry_0_S0_11[0] undriven
     or does not drive anything - clipped.
Signal stm13/ppmc_reg_S118M_inst/inst_ppmc_ctrl/N_8 undriven or does not drive
     anything - clipped.
Signal
     stm13/ppmc_reg_S118M_inst/inst_ppmc_cmdchk/un13_command_hit_cry_15_0_S0_11
     undriven or does not drive anything - clipped.
Signal stm13/ppmc_reg_S118M_inst/inst_ppmc_cmdchk/un13_command_hit_cry_15_0_COUT
     _11 undriven or does not drive anything - clipped.
Signal
     stm13/ppmc_reg_S118M_inst/inst_ppmc_cmdchk/un13_command_hit_cry_13_0_S1_11
     undriven or does not drive anything - clipped.
Signal
     stm13/ppmc_reg_S118M_inst/inst_ppmc_cmdchk/un13_command_hit_cry_13_0_S0_11
     undriven or does not drive anything - clipped.
Signal
     stm13/ppmc_reg_S118M_inst/inst_ppmc_cmdchk/un13_command_hit_cry_11_0_S1_11
     undriven or does not drive anything - clipped.
Signal
     stm13/ppmc_reg_S118M_inst/inst_ppmc_cmdchk/un13_command_hit_cry_11_0_S0_11
     undriven or does not drive anything - clipped.
Signal stm13/ppmc_reg_S118M_inst/inst_ppmc_cmdchk/un13_command_hit_cry_9_0_S1_11
     undriven or does not drive anything - clipped.
Signal stm13/ppmc_reg_S118M_inst/inst_ppmc_cmdchk/un13_command_hit_cry_9_0_S0_11
     undriven or does not drive anything - clipped.
Signal stm13/ppmc_reg_S118M_inst/inst_ppmc_cmdchk/un13_command_hit_cry_7_0_S1_11

                                   Page 207




Design:  SP0557                                        Date:  02/28/26  21:16:30

Removed logic (cont)
--------------------
     undriven or does not drive anything - clipped.
Signal stm13/ppmc_reg_S118M_inst/inst_ppmc_cmdchk/un13_command_hit_cry_7_0_S0_11
     undriven or does not drive anything - clipped.
Signal stm13/ppmc_reg_S118M_inst/inst_ppmc_cmdchk/un13_command_hit_cry_5_0_S1_11
     undriven or does not drive anything - clipped.
Signal stm13/ppmc_reg_S118M_inst/inst_ppmc_cmdchk/un13_command_hit_cry_5_0_S0_11
     undriven or does not drive anything - clipped.
Signal stm13/ppmc_reg_S118M_inst/inst_ppmc_cmdchk/un13_command_hit_cry_3_0_S1_11
     undriven or does not drive anything - clipped.
Signal stm13/ppmc_reg_S118M_inst/inst_ppmc_cmdchk/un13_command_hit_cry_3_0_S0_11
     undriven or does not drive anything - clipped.
Signal stm13/ppmc_reg_S118M_inst/inst_ppmc_cmdchk/un13_command_hit_cry_1_0_S1_11
     undriven or does not drive anything - clipped.
Signal stm13/ppmc_reg_S118M_inst/inst_ppmc_cmdchk/un13_command_hit_cry_1_0_S0_11
     undriven or does not drive anything - clipped.
Signal stm13/ppmc_reg_S118M_inst/inst_ppmc_cmdchk/un13_command_hit_cry_0_0_S1_11
     undriven or does not drive anything - clipped.
Signal stm13/ppmc_reg_S118M_inst/inst_ppmc_cmdchk/un13_command_hit_cry_0_0_S0_11
     undriven or does not drive anything - clipped.
Signal stm13/ppmc_reg_S118M_inst/inst_ppmc_cmdchk/N_1 undriven or does not drive
     anything - clipped.
Block PORb_pad_RNI71BB3 was optimized away.
Block slv_com_top_inst/rst_cnt_inst/clk2An_cntr_RNIP2OU[8] was optimized away.
Block slv_com_top_inst/rst_cnt_inst/clk2Ap_cntr_RNIRIGG[8] was optimized away.
Block slv_com_top_inst/rst_cnt_inst/clk2n_cntr_RNIOJUC6[8] was optimized away.
Block slv_com_top_inst/rst_cnt_inst/clk2p_cntr_RNIQ3NU5[8] was optimized away.
Block slv_com_top_inst/rst_cnt_inst/clk_cntr_RNIOORL5[8] was optimized away.
Block slv_com_top_inst/slv_ctrl_top_inst/slv_rx_ctrl_inst/LRSTb_r46_RNIL8DS4 was
     optimized away.
Block slv_com_top_inst/tx_com_inst/enc8b10b_wrapper_inst/reset_n_reg_RNIGFB27
     was optimized away.
Block slv_com_top_inst/tx_com_inst/enc8b10b_wrapper_inst/enc8b10b_new_inst/enc8b
     _10b_inst/enc3b_4b_inst/RD_OUT.CN was optimized away.
Block slv_com_top_inst/tx_com_inst/tx_cont_b1_inst/tx_dcfifo1_48_inst/INV_0 was
     optimized away.
Block slv_com_top_inst/tx_com_inst/tx_cont_b1_inst/tx_dcfifo1_48_inst/INV_1 was
     optimized away.
Block slv_com_top_inst/tx_com_inst/tx_cont_b1_inst/tx_dcfifo1_48_inst/FF_0_RNIPL
     TC6 was optimized away.
Block slv_com_top_inst/tx_com_inst/tx_cont_b1_inst/tx_dcfifo1_48_inst/OR2_t12
     was optimized away.
Block slv_com_top_inst/tx_com_inst/tx_cont_b2_inst/tx_ck_dcfifo1_48_inst/OR2_t12
     was optimized away.
Block slv_com_top_inst/tx_com_inst/tx_cont_b2_inst/tx_ck_dcfifo1_48_inst/INV_0
     was optimized away.
Block slv_com_top_inst/tx_com_inst/tx_cont_b2_inst/tx_ck_dcfifo1_48_inst/INV_1
     was optimized away.
Block slv_com_top_inst/rx_com_inst/dec8b10b_wrapper_inst/reset_n_reg_i was
     optimized away.
Block slv_com_top_inst/rx_com_inst/rx_cont_b1_inst/rx_ck_dcfifo1_48_inst/OR2_t12
     was optimized away.
Block slv_com_top_inst/rx_com_inst/rx_cont_b1_inst/rx_ck_dcfifo1_48_inst/INV_0
     was optimized away.
Block slv_com_top_inst/rx_com_inst/rx_cont_b1_inst/rx_ck_dcfifo1_48_inst/INV_1
     was optimized away.
Block slv_com_top_inst/rx_com_inst/rx_cont_b1_inst/rx_ck_dcfifo1_48_inst/pdp_ram

                                   Page 208




Design:  SP0557                                        Date:  02/28/26  21:16:30

Removed logic (cont)
--------------------
     _0_0_0_RNILKJ11 was optimized away.
Block slv_com_top_inst/rx_com_inst/rx_cont_b2_inst/rx_dcfifo1_48_inst/OR2_t12
     was optimized away.
Block slv_com_top_inst/rx_com_inst/rx_cont_b2_inst/rx_dcfifo1_48_inst/INV_0 was
     optimized away.
Block slv_com_top_inst/rx_com_inst/rx_cont_b2_inst/rx_dcfifo1_48_inst/INV_1 was
     optimized away.
Block slv_com_top_inst/cds_inst/dz_1_.CN was optimized away.
Block slv_com_top_inst/cds_inst/dz_0_.CN was optimized away.
Block U_DAC43608_top/U03/s_LATCH_1_RNIGJO12[12] was optimized away.
Block U_DAC43608_top/U03/s_LATCH_1_RNIFIO12[11] was optimized away.
Block U_DAC43608_top/U03/s_LATCH_1_RNIEHO12[10] was optimized away.
Block U_DAC43608_top/U03/s_LATCH_1_RNI67R63[9] was optimized away.
Block U_DAC43608_top/U03/s_LATCH_1_RNI56R63[8] was optimized away.
Block U_DAC43608_top/U03/s_LATCH_1_RNI45R63[7] was optimized away.
Block U_DAC43608_top/U03/s_LATCH_1_RNI34R63[6] was optimized away.
Block U_DAC43608_top/U03/s_LATCH_1_RNI23R63[5] was optimized away.
Block U_DAC43608_top/U03/s_LATCH_1_RNI12R63[4] was optimized away.
Block U_DAC43608_top/U03/s_LATCH_1_RNI01R63[3] was optimized away.
Block U_DAC43608_top/U03/s_LATCH_1_RNIVVQ63[2] was optimized away.
Block U_DAC43608_top/U03/s_LATCH_1_RNIUUQ63[1] was optimized away.
Block U_DAC43608_top/U03/s_LATCH_1_RNITTQ63[0] was optimized away.
Block GND was optimized away.
Block VCC was optimized away.
Block slv_com_top_inst/rst_cnt_inst/VCC was optimized away.
Block slv_com_top_inst/slv_ctrl_top_inst/GND was optimized away.
Block slv_com_top_inst/slv_ctrl_top_inst/slv_tx_ctrl_inst/VCC was optimized
     away.
Block slv_com_top_inst/slv_ctrl_top_inst/slv_rx_ctrl_inst/VCC was optimized
     away.
Block slv_com_top_inst/slv_ctrl_top_inst/nd_sel_inst/VCC was optimized away.
Block slv_com_top_inst/slvadr_cnv_inst/VCC was optimized away.
Block slv_com_top_inst/tx_com_inst/tx_cont_b1_inst/tx_dcfifo1_48_inst/VCC was
     optimized away.
Block slv_com_top_inst/tx_com_inst/tx_cont_b1_inst/tx_ctl_1st_inst/VCC was
     optimized away.
Block slv_com_top_inst/tx_com_inst/tx_cont_b2_inst/tx_ck_dcfifo1_48_inst/VCC was
     optimized away.
Block slv_com_top_inst/rx_com_inst/rx_cont_b1_inst/rx_ck_dcfifo1_48_inst/VCC was
     optimized away.
Block slv_com_top_inst/rx_com_inst/rx_cont_b2_inst/rx_dcfifo1_48_inst/VCC was
     optimized away.
Block slv_com_top_inst/rx_com_inst/rx_cont_b2_inst/rx_ctl_3rd_inst/VCC was
     optimized away.
Block sp_conv_inst/SIO_inst1/U_SPI_master/VCC was optimized away.
Block U_DAC43608_top/U01/bit_controller/VCC was optimized away.
Block U_DAC43608_top/U03/VCC was optimized away.
Block LEDLT/GND was optimized away.
Block LEDLT/VCC was optimized away.
Block LEDLT/TLC5916/VCC was optimized away.
Block LEDLT/AD8402/U_ad8402/VCC was optimized away.
Block ENC_inst/enc_func.1.enc_top_inst/encoder_inst/VCC was optimized away.
Block ENC_inst/enc_func.1.enc_top_inst/U_enc_lmt/VCC was optimized away.
Block ENC_inst/enc_func.11.enc_top_inst/encoder_inst/VCC was optimized away.
Block ENC_inst/enc_func.11.enc_top_inst/U_enc_lmt/VCC was optimized away.
Block ENC_inst/enc_func.8.enc_top_inst/encoder_inst/VCC was optimized away.

                                   Page 209




Design:  SP0557                                        Date:  02/28/26  21:16:30

Removed logic (cont)
--------------------
Block ENC_inst/enc_func.8.enc_top_inst/U_enc_lmt/VCC was optimized away.
Block ENC_inst/enc_func.5.enc_top_inst/encoder_inst/VCC was optimized away.
Block ENC_inst/enc_func.5.enc_top_inst/U_enc_lmt/VCC was optimized away.
Block ENC_inst/enc_func.2.enc_top_inst/encoder_inst/VCC was optimized away.
Block ENC_inst/enc_func.2.enc_top_inst/U_enc_lmt/VCC was optimized away.
Block ENC_inst/enc_func.12.enc_top_inst/encoder_inst/VCC was optimized away.
Block ENC_inst/enc_func.12.enc_top_inst/U_enc_lmt/VCC was optimized away.
Block ENC_inst/enc_func.9.enc_top_inst/encoder_inst/VCC was optimized away.
Block ENC_inst/enc_func.9.enc_top_inst/U_enc_lmt/VCC was optimized away.
Block ENC_inst/enc_func.6.enc_top_inst/encoder_inst/VCC was optimized away.
Block ENC_inst/enc_func.6.enc_top_inst/U_enc_lmt/VCC was optimized away.
Block ENC_inst/enc_func.3.enc_top_inst/encoder_inst/VCC was optimized away.
Block ENC_inst/enc_func.3.enc_top_inst/U_enc_lmt/VCC was optimized away.
Block ENC_inst/enc_func.13.enc_top_inst/encoder_inst/VCC was optimized away.
Block ENC_inst/enc_func.13.enc_top_inst/U_enc_lmt/VCC was optimized away.
Block ENC_inst/enc_func.10.enc_top_inst/encoder_inst/VCC was optimized away.
Block ENC_inst/enc_func.10.enc_top_inst/U_enc_lmt/VCC was optimized away.
Block ENC_inst/enc_func.7.enc_top_inst/encoder_inst/VCC was optimized away.
Block ENC_inst/enc_func.7.enc_top_inst/U_enc_lmt/VCC was optimized away.
Block ENC_inst/enc_func.4.enc_top_inst/encoder_inst/VCC was optimized away.
Block ENC_inst/enc_func.4.enc_top_inst/U_enc_lmt/VCC was optimized away.
Block stm01/ppmc_reg_S118M_inst/inst_ppmc_plsgen/ppmc_acc_tim_gen_inst/VCC was
     optimized away.
Block stm01/ppmc_reg_S118M_inst/inst_ppmc_plsgen/ppmc_speed_cnt_inst/VCC was
     optimized away.
Block stm01/ppmc_reg_S118M_inst/inst_ppmc_plsgen/ppmc_timer_cnt_inst/VCC was
     optimized away.
Block stm01/ppmc_reg_S118M_inst/inst_ppmc_plsgen/ppmc_pls_cnt_inst/VCC was
     optimized away.
Block stm01/ppmc_reg_S118M_inst/inst_ppmc_rgstr/GND was optimized away.
Block stm01/ppmc_reg_S118M_inst/inst_ppmc_enblr/VCC was optimized away.
Block stm01/ppmc_reg_S118M_inst/inst_ppmc_ctrl/VCC was optimized away.
Block stm01/ppmc_reg_S118M_inst/inst_ppmc_cmdchk/VCC was optimized away.
Block stm02/ppmc_reg_S118M_inst/inst_ppmc_plsgen/ppmc_acc_tim_gen_inst/VCC was
     optimized away.
Block stm02/ppmc_reg_S118M_inst/inst_ppmc_plsgen/ppmc_speed_cnt_inst/VCC was
     optimized away.
Block stm02/ppmc_reg_S118M_inst/inst_ppmc_plsgen/ppmc_timer_cnt_inst/VCC was
     optimized away.
Block stm02/ppmc_reg_S118M_inst/inst_ppmc_plsgen/ppmc_pls_cnt_inst/VCC was
     optimized away.
Block stm02/ppmc_reg_S118M_inst/inst_ppmc_rgstr/GND was optimized away.
Block stm02/ppmc_reg_S118M_inst/inst_ppmc_enblr/VCC was optimized away.
Block stm02/ppmc_reg_S118M_inst/inst_ppmc_ctrl/VCC was optimized away.
Block stm02/ppmc_reg_S118M_inst/inst_ppmc_cmdchk/VCC was optimized away.
Block stm03/ppmc_reg_S118M_inst/inst_ppmc_plsgen/ppmc_acc_tim_gen_inst/VCC was
     optimized away.
Block stm03/ppmc_reg_S118M_inst/inst_ppmc_plsgen/ppmc_speed_cnt_inst/VCC was
     optimized away.
Block stm03/ppmc_reg_S118M_inst/inst_ppmc_plsgen/ppmc_timer_cnt_inst/VCC was
     optimized away.
Block stm03/ppmc_reg_S118M_inst/inst_ppmc_plsgen/ppmc_pls_cnt_inst/VCC was
     optimized away.
Block stm03/ppmc_reg_S118M_inst/inst_ppmc_rgstr/GND was optimized away.
Block stm03/ppmc_reg_S118M_inst/inst_ppmc_enblr/VCC was optimized away.
Block stm03/ppmc_reg_S118M_inst/inst_ppmc_ctrl/VCC was optimized away.

                                   Page 210




Design:  SP0557                                        Date:  02/28/26  21:16:30

Removed logic (cont)
--------------------
Block stm03/ppmc_reg_S118M_inst/inst_ppmc_cmdchk/VCC was optimized away.
Block stm04/ppmc_reg_S118M_inst/inst_ppmc_plsgen/ppmc_acc_tim_gen_inst/VCC was
     optimized away.
Block stm04/ppmc_reg_S118M_inst/inst_ppmc_plsgen/ppmc_speed_cnt_inst/VCC was
     optimized away.
Block stm04/ppmc_reg_S118M_inst/inst_ppmc_plsgen/ppmc_timer_cnt_inst/VCC was
     optimized away.
Block stm04/ppmc_reg_S118M_inst/inst_ppmc_plsgen/ppmc_pls_cnt_inst/VCC was
     optimized away.
Block stm04/ppmc_reg_S118M_inst/inst_ppmc_rgstr/GND was optimized away.
Block stm04/ppmc_reg_S118M_inst/inst_ppmc_enblr/VCC was optimized away.
Block stm04/ppmc_reg_S118M_inst/inst_ppmc_ctrl/VCC was optimized away.
Block stm04/ppmc_reg_S118M_inst/inst_ppmc_cmdchk/VCC was optimized away.
Block stm05/ppmc_reg_S118M_inst/inst_ppmc_plsgen/ppmc_acc_tim_gen_inst/VCC was
     optimized away.
Block stm05/ppmc_reg_S118M_inst/inst_ppmc_plsgen/ppmc_speed_cnt_inst/VCC was
     optimized away.
Block stm05/ppmc_reg_S118M_inst/inst_ppmc_plsgen/ppmc_timer_cnt_inst/VCC was
     optimized away.
Block stm05/ppmc_reg_S118M_inst/inst_ppmc_plsgen/ppmc_pls_cnt_inst/VCC was
     optimized away.
Block stm05/ppmc_reg_S118M_inst/inst_ppmc_rgstr/GND was optimized away.
Block stm05/ppmc_reg_S118M_inst/inst_ppmc_enblr/VCC was optimized away.
Block stm05/ppmc_reg_S118M_inst/inst_ppmc_ctrl/VCC was optimized away.
Block stm05/ppmc_reg_S118M_inst/inst_ppmc_cmdchk/VCC was optimized away.
Block stm06/ppmc_reg_S118M_inst/inst_ppmc_plsgen/ppmc_acc_tim_gen_inst/VCC was
     optimized away.
Block stm06/ppmc_reg_S118M_inst/inst_ppmc_plsgen/ppmc_speed_cnt_inst/VCC was
     optimized away.
Block stm06/ppmc_reg_S118M_inst/inst_ppmc_plsgen/ppmc_timer_cnt_inst/VCC was
     optimized away.
Block stm06/ppmc_reg_S118M_inst/inst_ppmc_plsgen/ppmc_pls_cnt_inst/VCC was
     optimized away.
Block stm06/ppmc_reg_S118M_inst/inst_ppmc_rgstr/GND was optimized away.
Block stm06/ppmc_reg_S118M_inst/inst_ppmc_enblr/VCC was optimized away.
Block stm06/ppmc_reg_S118M_inst/inst_ppmc_ctrl/VCC was optimized away.
Block stm06/ppmc_reg_S118M_inst/inst_ppmc_cmdchk/VCC was optimized away.
Block stm07/ppmc_reg_S118M_inst/inst_ppmc_plsgen/ppmc_acc_tim_gen_inst/VCC was
     optimized away.
Block stm07/ppmc_reg_S118M_inst/inst_ppmc_plsgen/ppmc_speed_cnt_inst/VCC was
     optimized away.
Block stm07/ppmc_reg_S118M_inst/inst_ppmc_plsgen/ppmc_timer_cnt_inst/VCC was
     optimized away.
Block stm07/ppmc_reg_S118M_inst/inst_ppmc_plsgen/ppmc_pls_cnt_inst/VCC was
     optimized away.
Block stm07/ppmc_reg_S118M_inst/inst_ppmc_enblr/VCC was optimized away.
Block stm07/ppmc_reg_S118M_inst/inst_ppmc_ctrl/VCC was optimized away.
Block stm07/ppmc_reg_S118M_inst/inst_ppmc_cmdchk/VCC was optimized away.
Block stm08/ppmc_reg_S118M_inst/inst_ppmc_plsgen/ppmc_acc_tim_gen_inst/VCC was
     optimized away.
Block stm08/ppmc_reg_S118M_inst/inst_ppmc_plsgen/ppmc_speed_cnt_inst/VCC was
     optimized away.
Block stm08/ppmc_reg_S118M_inst/inst_ppmc_plsgen/ppmc_timer_cnt_inst/VCC was
     optimized away.
Block stm08/ppmc_reg_S118M_inst/inst_ppmc_plsgen/ppmc_pls_cnt_inst/VCC was
     optimized away.

                                   Page 211




Design:  SP0557                                        Date:  02/28/26  21:16:30

Removed logic (cont)
--------------------
Block stm08/ppmc_reg_S118M_inst/inst_ppmc_rgstr/GND was optimized away.
Block stm08/ppmc_reg_S118M_inst/inst_ppmc_enblr/VCC was optimized away.
Block stm08/ppmc_reg_S118M_inst/inst_ppmc_ctrl/VCC was optimized away.
Block stm08/ppmc_reg_S118M_inst/inst_ppmc_cmdchk/VCC was optimized away.
Block stm09/ppmc_reg_S118M_inst/inst_ppmc_plsgen/ppmc_acc_tim_gen_inst/VCC was
     optimized away.
Block stm09/ppmc_reg_S118M_inst/inst_ppmc_plsgen/ppmc_speed_cnt_inst/VCC was
     optimized away.
Block stm09/ppmc_reg_S118M_inst/inst_ppmc_plsgen/ppmc_timer_cnt_inst/VCC was
     optimized away.
Block stm09/ppmc_reg_S118M_inst/inst_ppmc_plsgen/ppmc_pls_cnt_inst/VCC was
     optimized away.
Block stm09/ppmc_reg_S118M_inst/inst_ppmc_rgstr/GND was optimized away.
Block stm09/ppmc_reg_S118M_inst/inst_ppmc_enblr/VCC was optimized away.
Block stm09/ppmc_reg_S118M_inst/inst_ppmc_ctrl/VCC was optimized away.
Block stm09/ppmc_reg_S118M_inst/inst_ppmc_cmdchk/VCC was optimized away.
Block stm10/ppmc_reg_S118M_inst/inst_ppmc_plsgen/ppmc_acc_tim_gen_inst/VCC was
     optimized away.
Block stm10/ppmc_reg_S118M_inst/inst_ppmc_plsgen/ppmc_speed_cnt_inst/VCC was
     optimized away.
Block stm10/ppmc_reg_S118M_inst/inst_ppmc_plsgen/ppmc_timer_cnt_inst/VCC was
     optimized away.
Block stm10/ppmc_reg_S118M_inst/inst_ppmc_plsgen/ppmc_pls_cnt_inst/VCC was
     optimized away.
Block stm10/ppmc_reg_S118M_inst/inst_ppmc_rgstr/GND was optimized away.
Block stm10/ppmc_reg_S118M_inst/inst_ppmc_enblr/VCC was optimized away.
Block stm10/ppmc_reg_S118M_inst/inst_ppmc_ctrl/VCC was optimized away.
Block stm10/ppmc_reg_S118M_inst/inst_ppmc_cmdchk/VCC was optimized away.
Block stm11/ppmc_reg_S118M_inst/inst_ppmc_plsgen/ppmc_acc_tim_gen_inst/VCC was
     optimized away.
Block stm11/ppmc_reg_S118M_inst/inst_ppmc_plsgen/ppmc_speed_cnt_inst/VCC was
     optimized away.
Block stm11/ppmc_reg_S118M_inst/inst_ppmc_plsgen/ppmc_timer_cnt_inst/VCC was
     optimized away.
Block stm11/ppmc_reg_S118M_inst/inst_ppmc_plsgen/ppmc_pls_cnt_inst/VCC was
     optimized away.
Block stm11/ppmc_reg_S118M_inst/inst_ppmc_rgstr/GND was optimized away.
Block stm11/ppmc_reg_S118M_inst/inst_ppmc_enblr/VCC was optimized away.
Block stm11/ppmc_reg_S118M_inst/inst_ppmc_ctrl/VCC was optimized away.
Block stm11/ppmc_reg_S118M_inst/inst_ppmc_cmdchk/VCC was optimized away.
Block stm12/ppmc_reg_S118M_inst/inst_ppmc_plsgen/ppmc_acc_tim_gen_inst/VCC was
     optimized away.
Block stm12/ppmc_reg_S118M_inst/inst_ppmc_plsgen/ppmc_speed_cnt_inst/VCC was
     optimized away.
Block stm12/ppmc_reg_S118M_inst/inst_ppmc_plsgen/ppmc_timer_cnt_inst/VCC was
     optimized away.
Block stm12/ppmc_reg_S118M_inst/inst_ppmc_plsgen/ppmc_pls_cnt_inst/VCC was
     optimized away.
Block stm12/ppmc_reg_S118M_inst/inst_ppmc_rgstr/GND was optimized away.
Block stm12/ppmc_reg_S118M_inst/inst_ppmc_enblr/VCC was optimized away.
Block stm12/ppmc_reg_S118M_inst/inst_ppmc_ctrl/VCC was optimized away.
Block stm12/ppmc_reg_S118M_inst/inst_ppmc_cmdchk/VCC was optimized away.
Block stm13/ppmc_reg_S118M_inst/inst_ppmc_plsgen/ppmc_acc_tim_gen_inst/VCC was
     optimized away.
Block stm13/ppmc_reg_S118M_inst/inst_ppmc_plsgen/ppmc_speed_cnt_inst/VCC was
     optimized away.

                                   Page 212




Design:  SP0557                                        Date:  02/28/26  21:16:30

Removed logic (cont)
--------------------
Block stm13/ppmc_reg_S118M_inst/inst_ppmc_plsgen/ppmc_timer_cnt_inst/VCC was
     optimized away.
Block stm13/ppmc_reg_S118M_inst/inst_ppmc_plsgen/ppmc_pls_cnt_inst/VCC was
     optimized away.
Block stm13/ppmc_reg_S118M_inst/inst_ppmc_rgstr/GND was optimized away.
Block stm13/ppmc_reg_S118M_inst/inst_ppmc_enblr/VCC was optimized away.
Block stm13/ppmc_reg_S118M_inst/inst_ppmc_ctrl/VCC was optimized away.
Block stm13/ppmc_reg_S118M_inst/inst_ppmc_cmdchk/VCC was optimized away.

Memory Usage
------------

/slv_com_top_inst/rx_com_inst/rx_cont_b1_inst/rx_ck_dcfifo1_48_inst:
    EBRs: 1
    RAM SLICEs: 0
    Logic SLICEs: 58
    PFU Registers: 72
    -Contains EBR pdp_ram_0_0_0:  TYPE= DP16KD,  Width_B= 11,  Depth_A= 64,
         Depth_B= 64,  REGMODE_A= NOREG,  REGMODE_B= NOREG,  RESETMODE= ASYNC,
         ASYNC_RESET_RELEASE= SYNC,  WRITEMODE_A= NORMAL,  WRITEMODE_B= NORMAL,
         GSR= DISABLED,  MEM_LPC_FILE= dcfifo_rx_b1.lpc
/slv_com_top_inst/rx_com_inst/rx_cont_b2_inst/rx_dcfifo1_48_inst:
    EBRs: 1
    RAM SLICEs: 0
    Logic SLICEs: 58
    PFU Registers: 72
    -Contains EBR pdp_ram_0_0_0:  TYPE= DP16KD,  Width_B= 8,  Depth_A= 64,
         Depth_B= 64,  REGMODE_A= NOREG,  REGMODE_B= NOREG,  RESETMODE= ASYNC,
         ASYNC_RESET_RELEASE= SYNC,  WRITEMODE_A= NORMAL,  WRITEMODE_B= NORMAL,
         GSR= DISABLED,  MEM_LPC_FILE= dcfifo_rx_b2.lpc
/slv_com_top_inst/tx_com_inst/tx_cont_b1_inst/tx_dcfifo1_48_inst:
    EBRs: 1
    RAM SLICEs: 0
    Logic SLICEs: 59
    PFU Registers: 72
    -Contains EBR pdp_ram_0_0_0:  TYPE= DP16KD,  Width_B= 8,  Depth_A= 64,
         Depth_B= 64,  REGMODE_A= NOREG,  REGMODE_B= NOREG,  RESETMODE= ASYNC,
         ASYNC_RESET_RELEASE= SYNC,  WRITEMODE_A= NORMAL,  WRITEMODE_B= NORMAL,
         GSR= DISABLED,  MEM_LPC_FILE= dcfifo_tx_b1.lpc
/slv_com_top_inst/tx_com_inst/tx_cont_b2_inst/tx_ck_dcfifo1_48_inst:
    EBRs: 1
    RAM SLICEs: 0
    Logic SLICEs: 58
    PFU Registers: 72
    -Contains EBR pdp_ram_0_0_0:  TYPE= DP16KD,  Width_B= 10,  Depth_A= 64,
         Depth_B= 64,  REGMODE_A= NOREG,  REGMODE_B= NOREG,  RESETMODE= ASYNC,
         ASYNC_RESET_RELEASE= SYNC,  WRITEMODE_A= NORMAL,  WRITEMODE_B= NORMAL,
         GSR= DISABLED,  MEM_LPC_FILE= dcfifo_tx_b2.lpc

     

PLL/DLL Summary
---------------

PLL 1:                                     Pin/Node Value
  PLL Instance Name:                                slv_com_top_inst/clk_gen_ins

                                   Page 213




Design:  SP0557                                        Date:  02/28/26  21:16:30

PLL/DLL Summary (cont)
----------------------
       t2/PLL_inst/PLLInst_0
  PLL Type:                                         EHXPLLL
  Input Clock:                             PIN      UP_CLK_c
  Input Clock2:                                     NONE
  Input Clock select:                               NONE
  Output Clock(P):                         NODE     slv_com_top_inst.CLKCOM_OUT
  Output Clock(S):                         NODE     slv_com_top_inst/CLK2A
  Output Clock(S2):                        NODE     s_PLL_CLK20M
  Output Clock(S3):                        NODE     slv_com_top_inst.CLK1
  Feedback Signal:                         NODE     slv_com_top_inst.CLKCOM_OUT
  Reset Signal:                            NODE
       slv_com_top_inst/clk_gen_inst2/PLL_inst/s_RSTb2_i
  Standby Signal:                          NODE
       slv_com_top_inst/clk_gen_inst2/PLL_inst/GND
  PLL LOCK signal:                         NODE     slv_com_top_inst/LOCKED
  PLL Internal LOCK Signal:                         NONE
  Input Clock Frequency (MHz):                      20.0000
  Output Clock(P) Frequency (MHz):                  100.0000
  Output Clock(S) Frequency (MHz):                  100.0000
  Output Clock(S2) Frequency (MHz):                 20.0000
  Output Clock(S3) Frequency (MHz):                 10.0000
  CLKOP Post Divider A Input:                       DIVA
  CLKOS Post Divider B Input:                       DIVB
  CLKOS2 Post Divider C Input:                      DIVC
  CLKOS3 Post Divider D Input:                      DIVD
  Pre Divider A Input:                              NONE
  Pre Divider B Input:                              NONE
  Pre Divider C Input:                              NONE
  Pre Divider D Input:                              NONE
  FB_MODE:                                          CLKOP
  CLKI Divider:                                     1
  CLKFB Divider:                                    5
  CLKOP Divider:                                    6
  CLKOS Divider:                                    6
  CLKOS2 Divider:                                   30
  CLKOS3 Divider:                                   60
  Fractional N Divider:                             NONE
  CLKOP Desired Phase Shift(degree):                0
  CLKOP Trim Option Rising/Falling:                 FALLING
  CLKOP Trim Option Delay:                          0
  CLKOS Desired Phase Shift(degree):                90
  CLKOS Trim Option Rising/Falling:                 FALLING
  CLKOS Trim Option Delay:                          0
  CLKOS2 Desired Phase Shift(degree):               0
  CLKOS2 Trim Option Rising/Falling:                NONE
  CLKOS2 Trim Option Delay:                         NONE
  CLKOS3 Desired Phase Shift(degree):               0
  CLKOS3 Trim Option Rising/Falling:                NONE
  CLKOS3 Trim Option Delay:                         NONE

ASIC Components
---------------

Instance Name: slv_com_top_inst/rx_com_inst/rx_cont_b2_inst/rx_dcfifo1_48_inst/p
     dp_ram_0_0_0
         Type: DP16KD

                                   Page 214




Design:  SP0557                                        Date:  02/28/26  21:16:30

ASIC Components (cont)
----------------------
Instance Name: slv_com_top_inst/rx_com_inst/rx_cont_b1_inst/rx_ck_dcfifo1_48_ins
     t/pdp_ram_0_0_0
         Type: DP16KD
Instance Name: slv_com_top_inst/tx_com_inst/tx_cont_b2_inst/tx_ck_dcfifo1_48_ins
     t/pdp_ram_0_0_0
         Type: DP16KD
Instance Name: slv_com_top_inst/tx_com_inst/tx_cont_b1_inst/tx_dcfifo1_48_inst/p
     dp_ram_0_0_0
         Type: DP16KD
Instance Name: slv_com_top_inst/clk_gen_inst2/PLL_inst/PLLInst_0
         Type: EHXPLLL

GSR Usage
---------

GSR Component:
   The local reset signal 's_LRSTb_r46' of the design has been inferred as
        Global Set Reset (GSR). The reset signal used for GSR control is
        's_LRSTb_r46'.
        

     GSR Property:
   The design components with GSR property set to ENABLED will respond to global
        set reset while the components with GSR property set to DISABLED will
        not.
        

     Components on inferred reset domain with GSR Property disabled
--------------------------------------------------------------

     These components have the GSR property set to DISABLED and are on the
     inferred reset domain. The components will respond to the reset signal
     's_LRSTb_r46' via the local reset on the component and not the GSR
     component.

     Type and number of components of the type: 
   Register = 8 

     Type and instance name of component: 
   Register : LEDLT_AD8402_U_ad8402_SDIio
   Register : LEDLT/AD8402/U_ad8402/CS
   Register : LEDLT/AD8402/U_ad8402/BUSY
   Register : LEDLT/AD8402/U_ad8402/i[0]
   Register : LEDLT/AD8402/U_ad8402/i[1]
   Register : LEDLT/AD8402/U_ad8402/i[2]
   Register : LEDLT/AD8402/U_ad8402/i[3]
   Register : slv_com_top_inst/tx_com_inst/enc8b10b_wrapper_inst/reset_n_reg

Run Time and Memory Usage
-------------------------

   Total CPU Time: 10 secs  
   Total REAL Time: 10 secs  
   Peak Memory Usage: 267 MB
        


                                   Page 215


Copyright (c) 1991-1994 by NeoCAD Inc. All rights reserved.
     Copyright (c) 1995 AT&T Corp.   All rights reserved.
     Copyright (c) 1995-2001 Lucent Technologies Inc.  All rights reserved.
     Copyright (c) 2001 Agere Systems   All rights reserved.
     Copyright (c) 2002-2024 Lattice Semiconductor Corporation,  All rights
     reserved.
