
Loading design for application trce from file sp0557_sp0557.ncd.
Design name: SP0557
NCD version: 3.3
Vendor:      LATTICE
Device:      LFE5U-25F
Package:     CABGA256
Performance: 6
Loading device for application trce from file 'sa5p25.nph' in environment: C:/lscc/diamond/3.14/ispfpga.
Package Status:                     Final          Version 1.44.
Performance Hardware Data Status:   Final          Version 55.1.
Setup and Hold Report

--------------------------------------------------------------------------------
Lattice TRACE Report - Setup, Version Diamond (64-bit) 3.14.0.75.2
Sat Feb 28 21:22:01 2026

Copyright (c) 1991-1994 by NeoCAD Inc. All rights reserved.
Copyright (c) 1995 AT&T Corp.   All rights reserved.
Copyright (c) 1995-2001 Lucent Technologies Inc.  All rights reserved.
Copyright (c) 2001 Agere Systems   All rights reserved.
Copyright (c) 2002-2024 Lattice Semiconductor Corporation,  All rights reserved.

Report Information
------------------
Command line:    trce -v 10 -gt -sethld -sp 6 -sphld m -o SP0557_SP0557.twr -gui -msgset C:/FPGA work/PCBNo.10081/FPGA/promote.xml SP0557_SP0557.ncd SP0557_SP0557.prf 
Design file:     sp0557_sp0557.ncd
Preference file: sp0557_sp0557.prf
Device,speed:    LFE5U-25F,6
Report level:    verbose report, limited to 10 items per preference
--------------------------------------------------------------------------------

BLOCK ASYNCPATHS
BLOCK RESETPATHS
--------------------------------------------------------------------------------



================================================================================
Preference: FREQUENCY NET "s_PLL_CLK20M" 20.000000 MHz ;
            4096 items scored, 0 timing errors detected.
--------------------------------------------------------------------------------


Passed: The following path meets requirements by 33.418ns

 Logical Details:  Cell type  Pin type       Cell/ASIC name  (clock net +/-)

   Source:         FF         Q              gpio01/gpio_reg_inst/gpio_op_reg_inst0/GPO_r9[0]  (from s_PLL_CLK20M +)
   Destination:    FF         Data in        ENC_inst/enc_func.12.enc_top_inst/U_enc_lmt/s_enc_lmt  (to s_PLL_CLK20M +)

   Delay:              16.848ns  (20.7% logic, 79.3% route), 12 logic levels.

 Constraint Details:

     16.848ns physical path delay gpio01/gpio_reg_inst/gpio_op_reg_inst0/SLICE_4478 to ENC_inst/SLICE_3091 meets
     50.000ns delay constraint less
      0.000ns skew and
     -0.266ns DIN_SET requirement (totaling 50.266ns) by 33.418ns

 Physical Path Details:

      Data path gpio01/gpio_reg_inst/gpio_op_reg_inst0/SLICE_4478 to ENC_inst/SLICE_3091:

   Name    Fanout   Delay (ns)          Site               Resource
REG_DEL     ---     0.525    R12C34A.CLK to     R12C34A.Q0 gpio01/gpio_reg_inst/gpio_op_reg_inst0/SLICE_4478 (from s_PLL_CLK20M)
ROUTE         6     4.711     R12C34A.Q0 to      R6C12C.A1 s_ENC_MODE_r9[0]
CTOF_DEL    ---     0.236      R6C12C.A1 to      R6C12C.F1 ENC_inst/SLICE_9709
ROUTE         6     1.311      R6C12C.F1 to      R4C11D.C1 ENC_inst/sa_ENC_EXT_12[2]
CTOF_DEL    ---     0.236      R4C11D.C1 to      R4C11D.F1 ENC_inst/enc_func.12.enc_top_inst/U_enc_lmt/SLICE_9710
ROUTE        12     2.465      R4C11D.F1 to      R5C34C.C0 ENC_inst/enc_func.12.enc_top_inst/U_enc_lmt/s_enc_th_sm0_i
CTOF_DEL    ---     0.236      R5C34C.C0 to      R5C34C.F0 SLICE_7624
ROUTE         3     1.876      R5C34C.F0 to      R3C10C.B1 ENC_inst/enc_func.12.enc_top_inst/U_enc_lmt/s_enc_th[4]
C1TOFCO_DE  ---     0.447      R3C10C.B1 to     R3C10C.FCO ENC_inst/enc_func.12.enc_top_inst/U_enc_lmt/SLICE_2400
ROUTE         1     0.000     R3C10C.FCO to     R3C10D.FCI ENC_inst/enc_func.12.enc_top_inst/U_enc_lmt/un5_s_enc_thh_cry_4
FCITOF0_DE  ---     0.443     R3C10D.FCI to      R3C10D.F0 ENC_inst/enc_func.12.enc_top_inst/U_enc_lmt/SLICE_2401
ROUTE         1     1.021      R3C10D.F0 to      R2C10D.A0 ENC_inst/enc_func.12.enc_top_inst/U_enc_lmt/un5_s_enc_thh_cry_5_0_S0_4
C0TOFCO_DE  ---     0.447      R2C10D.A0 to     R2C10D.FCO ENC_inst/enc_func.12.enc_top_inst/U_enc_lmt/SLICE_2430
ROUTE         1     0.000     R2C10D.FCO to     R2C11A.FCI ENC_inst/enc_func.12.enc_top_inst/U_enc_lmt/un30_s_encerr_cry_6
FCITOFCO_D  ---     0.071     R2C11A.FCI to     R2C11A.FCO ENC_inst/enc_func.12.enc_top_inst/U_enc_lmt/SLICE_2431
ROUTE         1     0.000     R2C11A.FCO to     R2C11B.FCI ENC_inst/enc_func.12.enc_top_inst/U_enc_lmt/un30_s_encerr_cry_8
FCITOFCO_D  ---     0.071     R2C11B.FCI to     R2C11B.FCO ENC_inst/enc_func.12.enc_top_inst/U_enc_lmt/SLICE_2432
ROUTE         1     0.000     R2C11B.FCO to     R2C11C.FCI ENC_inst/enc_func.12.enc_top_inst/U_enc_lmt/un30_s_encerr_cry_10
FCITOFCO_D  ---     0.071     R2C11C.FCI to     R2C11C.FCO ENC_inst/enc_func.12.enc_top_inst/U_enc_lmt/SLICE_2433
ROUTE         1     0.000     R2C11C.FCO to     R2C11D.FCI ENC_inst/enc_func.12.enc_top_inst/U_enc_lmt/un30_s_encerr_cry_12
FCITOF1_DE  ---     0.474     R2C11D.FCI to      R2C11D.F1 ENC_inst/enc_func.12.enc_top_inst/U_enc_lmt/SLICE_2434
ROUTE         1     1.971      R2C11D.F1 to     R22C25A.D1 ENC_inst/enc_func.12.enc_top_inst/U_enc_lmt/un30_s_encerr_cry_13
CTOF_DEL    ---     0.236     R22C25A.D1 to     R22C25A.F1 ENC_inst/SLICE_3091
ROUTE         1     0.000     R22C25A.F1 to    R22C25A.DI1 ENC_inst/enc_func.12.enc_top_inst/U_enc_lmt/s_enc_lmt_3 (to s_PLL_CLK20M)
                  --------
                   16.848   (20.7% logic, 79.3% route), 12 logic levels.

 Clock Skew Details: 

      Source Clock Path slv_com_top_inst/clk_gen_inst2/PLL_inst/PLLInst_0 to gpio01/gpio_reg_inst/gpio_op_reg_inst0/SLICE_4478:

   Name    Fanout   Delay (ns)          Site               Resource
ROUTE       999     2.137 PLL_BL0.CLKOS2 to    R12C34A.CLK s_PLL_CLK20M
                  --------
                    2.137   (0.0% logic, 100.0% route), 0 logic levels.

      Destination Clock Path slv_com_top_inst/clk_gen_inst2/PLL_inst/PLLInst_0 to ENC_inst/SLICE_3091:

   Name    Fanout   Delay (ns)          Site               Resource
ROUTE       999     2.137 PLL_BL0.CLKOS2 to    R22C25A.CLK s_PLL_CLK20M
                  --------
                    2.137   (0.0% logic, 100.0% route), 0 logic levels.


Passed: The following path meets requirements by 33.630ns

 Logical Details:  Cell type  Pin type       Cell/ASIC name  (clock net +/-)

   Source:         FF         Q              gpio01/gpio_reg_inst/gpio_op_reg_inst0/GPO_r9[0]  (from s_PLL_CLK20M +)
   Destination:    FF         Data in        ENC_inst/enc_func.12.enc_top_inst/U_enc_lmt/s_enc_lmt  (to s_PLL_CLK20M +)

   Delay:              16.636ns  (21.2% logic, 78.8% route), 12 logic levels.

 Constraint Details:

     16.636ns physical path delay gpio01/gpio_reg_inst/gpio_op_reg_inst0/SLICE_4478 to ENC_inst/SLICE_3091 meets
     50.000ns delay constraint less
      0.000ns skew and
     -0.266ns DIN_SET requirement (totaling 50.266ns) by 33.630ns

 Physical Path Details:

      Data path gpio01/gpio_reg_inst/gpio_op_reg_inst0/SLICE_4478 to ENC_inst/SLICE_3091:

   Name    Fanout   Delay (ns)          Site               Resource
REG_DEL     ---     0.525    R12C34A.CLK to     R12C34A.Q0 gpio01/gpio_reg_inst/gpio_op_reg_inst0/SLICE_4478 (from s_PLL_CLK20M)
ROUTE         6     4.711     R12C34A.Q0 to      R6C12C.A1 s_ENC_MODE_r9[0]
CTOF_DEL    ---     0.236      R6C12C.A1 to      R6C12C.F1 ENC_inst/SLICE_9709
ROUTE         6     1.311      R6C12C.F1 to      R4C11D.C1 ENC_inst/sa_ENC_EXT_12[2]
CTOF_DEL    ---     0.236      R4C11D.C1 to      R4C11D.F1 ENC_inst/enc_func.12.enc_top_inst/U_enc_lmt/SLICE_9710
ROUTE        12     2.465      R4C11D.F1 to      R5C34C.C0 ENC_inst/enc_func.12.enc_top_inst/U_enc_lmt/s_enc_th_sm0_i
CTOF_DEL    ---     0.236      R5C34C.C0 to      R5C34C.F0 SLICE_7624
ROUTE         3     1.876      R5C34C.F0 to      R3C10C.B1 ENC_inst/enc_func.12.enc_top_inst/U_enc_lmt/s_enc_th[4]
C1TOFCO_DE  ---     0.447      R3C10C.B1 to     R3C10C.FCO ENC_inst/enc_func.12.enc_top_inst/U_enc_lmt/SLICE_2400
ROUTE         1     0.000     R3C10C.FCO to     R3C10D.FCI ENC_inst/enc_func.12.enc_top_inst/U_enc_lmt/un5_s_enc_thh_cry_4
FCITOFCO_D  ---     0.071     R3C10D.FCI to     R3C10D.FCO ENC_inst/enc_func.12.enc_top_inst/U_enc_lmt/SLICE_2401
ROUTE         1     0.000     R3C10D.FCO to     R3C11A.FCI ENC_inst/enc_func.12.enc_top_inst/U_enc_lmt/un5_s_enc_thh_cry_6
FCITOF1_DE  ---     0.474     R3C11A.FCI to      R3C11A.F1 ENC_inst/enc_func.12.enc_top_inst/U_enc_lmt/SLICE_2402
ROUTE         1     0.778      R3C11A.F1 to      R2C11A.B1 ENC_inst/enc_func.12.enc_top_inst/U_enc_lmt/un5_s_enc_thh_cry_7_0_S1_4
C1TOFCO_DE  ---     0.447      R2C11A.B1 to     R2C11A.FCO ENC_inst/enc_func.12.enc_top_inst/U_enc_lmt/SLICE_2431
ROUTE         1     0.000     R2C11A.FCO to     R2C11B.FCI ENC_inst/enc_func.12.enc_top_inst/U_enc_lmt/un30_s_encerr_cry_8
FCITOFCO_D  ---     0.071     R2C11B.FCI to     R2C11B.FCO ENC_inst/enc_func.12.enc_top_inst/U_enc_lmt/SLICE_2432
ROUTE         1     0.000     R2C11B.FCO to     R2C11C.FCI ENC_inst/enc_func.12.enc_top_inst/U_enc_lmt/un30_s_encerr_cry_10
FCITOFCO_D  ---     0.071     R2C11C.FCI to     R2C11C.FCO ENC_inst/enc_func.12.enc_top_inst/U_enc_lmt/SLICE_2433
ROUTE         1     0.000     R2C11C.FCO to     R2C11D.FCI ENC_inst/enc_func.12.enc_top_inst/U_enc_lmt/un30_s_encerr_cry_12
FCITOF1_DE  ---     0.474     R2C11D.FCI to      R2C11D.F1 ENC_inst/enc_func.12.enc_top_inst/U_enc_lmt/SLICE_2434
ROUTE         1     1.971      R2C11D.F1 to     R22C25A.D1 ENC_inst/enc_func.12.enc_top_inst/U_enc_lmt/un30_s_encerr_cry_13
CTOF_DEL    ---     0.236     R22C25A.D1 to     R22C25A.F1 ENC_inst/SLICE_3091
ROUTE         1     0.000     R22C25A.F1 to    R22C25A.DI1 ENC_inst/enc_func.12.enc_top_inst/U_enc_lmt/s_enc_lmt_3 (to s_PLL_CLK20M)
                  --------
                   16.636   (21.2% logic, 78.8% route), 12 logic levels.

 Clock Skew Details: 

      Source Clock Path slv_com_top_inst/clk_gen_inst2/PLL_inst/PLLInst_0 to gpio01/gpio_reg_inst/gpio_op_reg_inst0/SLICE_4478:

   Name    Fanout   Delay (ns)          Site               Resource
ROUTE       999     2.137 PLL_BL0.CLKOS2 to    R12C34A.CLK s_PLL_CLK20M
                  --------
                    2.137   (0.0% logic, 100.0% route), 0 logic levels.

      Destination Clock Path slv_com_top_inst/clk_gen_inst2/PLL_inst/PLLInst_0 to ENC_inst/SLICE_3091:

   Name    Fanout   Delay (ns)          Site               Resource
ROUTE       999     2.137 PLL_BL0.CLKOS2 to    R22C25A.CLK s_PLL_CLK20M
                  --------
                    2.137   (0.0% logic, 100.0% route), 0 logic levels.


Passed: The following path meets requirements by 33.630ns

 Logical Details:  Cell type  Pin type       Cell/ASIC name  (clock net +/-)

   Source:         FF         Q              gpio01/gpio_reg_inst/gpio_op_reg_inst0/GPO_r9[0]  (from s_PLL_CLK20M +)
   Destination:    FF         Data in        ENC_inst/enc_func.12.enc_top_inst/U_enc_lmt/s_enc_lmt  (to s_PLL_CLK20M +)

   Delay:              16.636ns  (21.2% logic, 78.8% route), 12 logic levels.

 Constraint Details:

     16.636ns physical path delay gpio01/gpio_reg_inst/gpio_op_reg_inst0/SLICE_4478 to ENC_inst/SLICE_3091 meets
     50.000ns delay constraint less
      0.000ns skew and
     -0.266ns DIN_SET requirement (totaling 50.266ns) by 33.630ns

 Physical Path Details:

      Data path gpio01/gpio_reg_inst/gpio_op_reg_inst0/SLICE_4478 to ENC_inst/SLICE_3091:

   Name    Fanout   Delay (ns)          Site               Resource
REG_DEL     ---     0.525    R12C34A.CLK to     R12C34A.Q0 gpio01/gpio_reg_inst/gpio_op_reg_inst0/SLICE_4478 (from s_PLL_CLK20M)
ROUTE         6     4.711     R12C34A.Q0 to      R6C12C.A1 s_ENC_MODE_r9[0]
CTOF_DEL    ---     0.236      R6C12C.A1 to      R6C12C.F1 ENC_inst/SLICE_9709
ROUTE         6     1.311      R6C12C.F1 to      R4C11D.C1 ENC_inst/sa_ENC_EXT_12[2]
CTOF_DEL    ---     0.236      R4C11D.C1 to      R4C11D.F1 ENC_inst/enc_func.12.enc_top_inst/U_enc_lmt/SLICE_9710
ROUTE        12     2.465      R4C11D.F1 to      R5C34C.C0 ENC_inst/enc_func.12.enc_top_inst/U_enc_lmt/s_enc_th_sm0_i
CTOF_DEL    ---     0.236      R5C34C.C0 to      R5C34C.F0 SLICE_7624
ROUTE         3     1.876      R5C34C.F0 to      R3C10C.B1 ENC_inst/enc_func.12.enc_top_inst/U_enc_lmt/s_enc_th[4]
C1TOFCO_DE  ---     0.447      R3C10C.B1 to     R3C10C.FCO ENC_inst/enc_func.12.enc_top_inst/U_enc_lmt/SLICE_2400
ROUTE         1     0.000     R3C10C.FCO to     R3C10D.FCI ENC_inst/enc_func.12.enc_top_inst/U_enc_lmt/un5_s_enc_thh_cry_4
FCITOF1_DE  ---     0.474     R3C10D.FCI to      R3C10D.F1 ENC_inst/enc_func.12.enc_top_inst/U_enc_lmt/SLICE_2401
ROUTE         1     0.778      R3C10D.F1 to      R2C10D.B1 ENC_inst/enc_func.12.enc_top_inst/U_enc_lmt/un5_s_enc_thh_cry_5_0_S1_4
C1TOFCO_DE  ---     0.447      R2C10D.B1 to     R2C10D.FCO ENC_inst/enc_func.12.enc_top_inst/U_enc_lmt/SLICE_2430
ROUTE         1     0.000     R2C10D.FCO to     R2C11A.FCI ENC_inst/enc_func.12.enc_top_inst/U_enc_lmt/un30_s_encerr_cry_6
FCITOFCO_D  ---     0.071     R2C11A.FCI to     R2C11A.FCO ENC_inst/enc_func.12.enc_top_inst/U_enc_lmt/SLICE_2431
ROUTE         1     0.000     R2C11A.FCO to     R2C11B.FCI ENC_inst/enc_func.12.enc_top_inst/U_enc_lmt/un30_s_encerr_cry_8
FCITOFCO_D  ---     0.071     R2C11B.FCI to     R2C11B.FCO ENC_inst/enc_func.12.enc_top_inst/U_enc_lmt/SLICE_2432
ROUTE         1     0.000     R2C11B.FCO to     R2C11C.FCI ENC_inst/enc_func.12.enc_top_inst/U_enc_lmt/un30_s_encerr_cry_10
FCITOFCO_D  ---     0.071     R2C11C.FCI to     R2C11C.FCO ENC_inst/enc_func.12.enc_top_inst/U_enc_lmt/SLICE_2433
ROUTE         1     0.000     R2C11C.FCO to     R2C11D.FCI ENC_inst/enc_func.12.enc_top_inst/U_enc_lmt/un30_s_encerr_cry_12
FCITOF1_DE  ---     0.474     R2C11D.FCI to      R2C11D.F1 ENC_inst/enc_func.12.enc_top_inst/U_enc_lmt/SLICE_2434
ROUTE         1     1.971      R2C11D.F1 to     R22C25A.D1 ENC_inst/enc_func.12.enc_top_inst/U_enc_lmt/un30_s_encerr_cry_13
CTOF_DEL    ---     0.236     R22C25A.D1 to     R22C25A.F1 ENC_inst/SLICE_3091
ROUTE         1     0.000     R22C25A.F1 to    R22C25A.DI1 ENC_inst/enc_func.12.enc_top_inst/U_enc_lmt/s_enc_lmt_3 (to s_PLL_CLK20M)
                  --------
                   16.636   (21.2% logic, 78.8% route), 12 logic levels.

 Clock Skew Details: 

      Source Clock Path slv_com_top_inst/clk_gen_inst2/PLL_inst/PLLInst_0 to gpio01/gpio_reg_inst/gpio_op_reg_inst0/SLICE_4478:

   Name    Fanout   Delay (ns)          Site               Resource
ROUTE       999     2.137 PLL_BL0.CLKOS2 to    R12C34A.CLK s_PLL_CLK20M
                  --------
                    2.137   (0.0% logic, 100.0% route), 0 logic levels.

      Destination Clock Path slv_com_top_inst/clk_gen_inst2/PLL_inst/PLLInst_0 to ENC_inst/SLICE_3091:

   Name    Fanout   Delay (ns)          Site               Resource
ROUTE       999     2.137 PLL_BL0.CLKOS2 to    R22C25A.CLK s_PLL_CLK20M
                  --------
                    2.137   (0.0% logic, 100.0% route), 0 logic levels.


Passed: The following path meets requirements by 33.648ns

 Logical Details:  Cell type  Pin type       Cell/ASIC name  (clock net +/-)

   Source:         FF         Q              gpio01/gpio_reg_inst/gpio_op_reg_inst0/GPO_r9[0]  (from s_PLL_CLK20M +)
   Destination:    FF         Data in        ENC_inst/enc_func.12.enc_top_inst/U_enc_lmt/s_enc_lmt  (to s_PLL_CLK20M +)

   Delay:              16.618ns  (21.0% logic, 79.0% route), 12 logic levels.

 Constraint Details:

     16.618ns physical path delay gpio01/gpio_reg_inst/gpio_op_reg_inst0/SLICE_4478 to ENC_inst/SLICE_3091 meets
     50.000ns delay constraint less
      0.000ns skew and
     -0.266ns DIN_SET requirement (totaling 50.266ns) by 33.648ns

 Physical Path Details:

      Data path gpio01/gpio_reg_inst/gpio_op_reg_inst0/SLICE_4478 to ENC_inst/SLICE_3091:

   Name    Fanout   Delay (ns)          Site               Resource
REG_DEL     ---     0.525    R12C34A.CLK to     R12C34A.Q0 gpio01/gpio_reg_inst/gpio_op_reg_inst0/SLICE_4478 (from s_PLL_CLK20M)
ROUTE         6     4.711     R12C34A.Q0 to      R6C12C.A1 s_ENC_MODE_r9[0]
CTOF_DEL    ---     0.236      R6C12C.A1 to      R6C12C.F1 ENC_inst/SLICE_9709
ROUTE         6     1.311      R6C12C.F1 to      R4C11D.C1 ENC_inst/sa_ENC_EXT_12[2]
CTOF_DEL    ---     0.236      R4C11D.C1 to      R4C11D.F1 ENC_inst/enc_func.12.enc_top_inst/U_enc_lmt/SLICE_9710
ROUTE        12     2.465      R4C11D.F1 to      R5C34C.C0 ENC_inst/enc_func.12.enc_top_inst/U_enc_lmt/s_enc_th_sm0_i
CTOF_DEL    ---     0.236      R5C34C.C0 to      R5C34C.F0 SLICE_7624
ROUTE         3     1.876      R5C34C.F0 to      R3C10C.B1 ENC_inst/enc_func.12.enc_top_inst/U_enc_lmt/s_enc_th[4]
C1TOFCO_DE  ---     0.447      R3C10C.B1 to     R3C10C.FCO ENC_inst/enc_func.12.enc_top_inst/U_enc_lmt/SLICE_2400
ROUTE         1     0.000     R3C10C.FCO to     R3C10D.FCI ENC_inst/enc_func.12.enc_top_inst/U_enc_lmt/un5_s_enc_thh_cry_4
FCITOFCO_D  ---     0.071     R3C10D.FCI to     R3C10D.FCO ENC_inst/enc_func.12.enc_top_inst/U_enc_lmt/SLICE_2401
ROUTE         1     0.000     R3C10D.FCO to     R3C11A.FCI ENC_inst/enc_func.12.enc_top_inst/U_enc_lmt/un5_s_enc_thh_cry_6
FCITOF0_DE  ---     0.443     R3C11A.FCI to      R3C11A.F0 ENC_inst/enc_func.12.enc_top_inst/U_enc_lmt/SLICE_2402
ROUTE         1     0.791      R3C11A.F0 to      R2C11A.B0 ENC_inst/enc_func.12.enc_top_inst/U_enc_lmt/un5_s_enc_thh_cry_7_0_S0_4
C0TOFCO_DE  ---     0.447      R2C11A.B0 to     R2C11A.FCO ENC_inst/enc_func.12.enc_top_inst/U_enc_lmt/SLICE_2431
ROUTE         1     0.000     R2C11A.FCO to     R2C11B.FCI ENC_inst/enc_func.12.enc_top_inst/U_enc_lmt/un30_s_encerr_cry_8
FCITOFCO_D  ---     0.071     R2C11B.FCI to     R2C11B.FCO ENC_inst/enc_func.12.enc_top_inst/U_enc_lmt/SLICE_2432
ROUTE         1     0.000     R2C11B.FCO to     R2C11C.FCI ENC_inst/enc_func.12.enc_top_inst/U_enc_lmt/un30_s_encerr_cry_10
FCITOFCO_D  ---     0.071     R2C11C.FCI to     R2C11C.FCO ENC_inst/enc_func.12.enc_top_inst/U_enc_lmt/SLICE_2433
ROUTE         1     0.000     R2C11C.FCO to     R2C11D.FCI ENC_inst/enc_func.12.enc_top_inst/U_enc_lmt/un30_s_encerr_cry_12
FCITOF1_DE  ---     0.474     R2C11D.FCI to      R2C11D.F1 ENC_inst/enc_func.12.enc_top_inst/U_enc_lmt/SLICE_2434
ROUTE         1     1.971      R2C11D.F1 to     R22C25A.D1 ENC_inst/enc_func.12.enc_top_inst/U_enc_lmt/un30_s_encerr_cry_13
CTOF_DEL    ---     0.236     R22C25A.D1 to     R22C25A.F1 ENC_inst/SLICE_3091
ROUTE         1     0.000     R22C25A.F1 to    R22C25A.DI1 ENC_inst/enc_func.12.enc_top_inst/U_enc_lmt/s_enc_lmt_3 (to s_PLL_CLK20M)
                  --------
                   16.618   (21.0% logic, 79.0% route), 12 logic levels.

 Clock Skew Details: 

      Source Clock Path slv_com_top_inst/clk_gen_inst2/PLL_inst/PLLInst_0 to gpio01/gpio_reg_inst/gpio_op_reg_inst0/SLICE_4478:

   Name    Fanout   Delay (ns)          Site               Resource
ROUTE       999     2.137 PLL_BL0.CLKOS2 to    R12C34A.CLK s_PLL_CLK20M
                  --------
                    2.137   (0.0% logic, 100.0% route), 0 logic levels.

      Destination Clock Path slv_com_top_inst/clk_gen_inst2/PLL_inst/PLLInst_0 to ENC_inst/SLICE_3091:

   Name    Fanout   Delay (ns)          Site               Resource
ROUTE       999     2.137 PLL_BL0.CLKOS2 to    R22C25A.CLK s_PLL_CLK20M
                  --------
                    2.137   (0.0% logic, 100.0% route), 0 logic levels.


Passed: The following path meets requirements by 33.809ns

 Logical Details:  Cell type  Pin type       Cell/ASIC name  (clock net +/-)

   Source:         FF         Q              stm01/ppmc_reg_S118M_inst/inst_ppmc_u_step_ext/M[2]  (from s_PLL_CLK20M +)
   Destination:    FF         Data in        ENC_inst/enc_func.1.enc_top_inst/U_enc_lmt/s_enc_lmt  (to s_PLL_CLK20M +)

   Delay:              16.451ns  (22.8% logic, 77.2% route), 13 logic levels.

 Constraint Details:

     16.451ns physical path delay stm01/ppmc_reg_S118M_inst/inst_ppmc_u_step_ext/SLICE_4746 to ENC_inst/SLICE_3086 meets
     50.000ns delay constraint less
      0.000ns skew and
     -0.260ns DIN_SET requirement (totaling 50.260ns) by 33.809ns

 Physical Path Details:

      Data path stm01/ppmc_reg_S118M_inst/inst_ppmc_u_step_ext/SLICE_4746 to ENC_inst/SLICE_3086:

   Name    Fanout   Delay (ns)          Site               Resource
REG_DEL     ---     0.522    R15C21C.CLK to     R15C21C.Q1 stm01/ppmc_reg_S118M_inst/inst_ppmc_u_step_ext/SLICE_4746 (from s_PLL_CLK20M)
ROUTE         6     2.653     R15C21C.Q1 to      R5C20A.A1 sa_STM_M_1[1]
CTOF_DEL    ---     0.236      R5C20A.A1 to      R5C20A.F1 SLICE_9786
ROUTE         2     0.567      R5C20A.F1 to      R5C20A.B0 sp_conv_inst.sa_STM_M_1_2_0_.N_5
CTOF_DEL    ---     0.236      R5C20A.B0 to      R5C20A.F0 SLICE_9786
ROUTE         6     0.902      R5C20A.F0 to      R4C21B.D1 ENC_inst/enc_func.1.enc_top_inst/U_enc_lmt/N_37
CTOF_DEL    ---     0.236      R4C21B.D1 to      R4C21B.F1 ENC_inst/enc_func.1.enc_top_inst/U_enc_lmt/SLICE_9780
ROUTE        12     2.960      R4C21B.F1 to      R7C46C.D0 ENC_inst/enc_func.1.enc_top_inst/U_enc_lmt/s_enc_th_sm0_i
CTOF_DEL    ---     0.236      R7C46C.D0 to      R7C46C.F0 SLICE_7613
ROUTE         3     2.647      R7C46C.F0 to      R4C19C.A1 ENC_inst/enc_func.1.enc_top_inst/U_enc_lmt/s_enc_th[4]
C1TOFCO_DE  ---     0.447      R4C19C.A1 to     R4C19C.FCO ENC_inst/enc_func.1.enc_top_inst/U_enc_lmt/SLICE_2720
ROUTE         1     0.000     R4C19C.FCO to     R4C19D.FCI ENC_inst/enc_func.1.enc_top_inst/U_enc_lmt/un5_s_enc_thh_cry_4
FCITOF1_DE  ---     0.474     R4C19D.FCI to      R4C19D.F1 ENC_inst/enc_func.1.enc_top_inst/U_enc_lmt/SLICE_2721
ROUTE         1     1.013      R4C19D.F1 to      R3C19D.B1 ENC_inst/enc_func.1.enc_top_inst/U_enc_lmt/un5_s_enc_thh_cry_5_0_S1
C1TOFCO_DE  ---     0.447      R3C19D.B1 to     R3C19D.FCO ENC_inst/enc_func.1.enc_top_inst/U_enc_lmt/SLICE_2750
ROUTE         1     0.000     R3C19D.FCO to     R3C20A.FCI ENC_inst/enc_func.1.enc_top_inst/U_enc_lmt/un30_s_encerr_cry_6
FCITOFCO_D  ---     0.071     R3C20A.FCI to     R3C20A.FCO ENC_inst/enc_func.1.enc_top_inst/U_enc_lmt/SLICE_2751
ROUTE         1     0.000     R3C20A.FCO to     R3C20B.FCI ENC_inst/enc_func.1.enc_top_inst/U_enc_lmt/un30_s_encerr_cry_8
FCITOFCO_D  ---     0.071     R3C20B.FCI to     R3C20B.FCO ENC_inst/enc_func.1.enc_top_inst/U_enc_lmt/SLICE_2752
ROUTE         1     0.000     R3C20B.FCO to     R3C20C.FCI ENC_inst/enc_func.1.enc_top_inst/U_enc_lmt/un30_s_encerr_cry_10
FCITOFCO_D  ---     0.071     R3C20C.FCI to     R3C20C.FCO ENC_inst/enc_func.1.enc_top_inst/U_enc_lmt/SLICE_2753
ROUTE         1     0.000     R3C20C.FCO to     R3C20D.FCI ENC_inst/enc_func.1.enc_top_inst/U_enc_lmt/un30_s_encerr_cry_12
FCITOF1_DE  ---     0.474     R3C20D.FCI to      R3C20D.F1 ENC_inst/enc_func.1.enc_top_inst/U_enc_lmt/SLICE_2754
ROUTE         1     1.952      R3C20D.F1 to     R18C29C.C0 ENC_inst/enc_func.1.enc_top_inst/U_enc_lmt/un30_s_encerr_cry_13
CTOF_DEL    ---     0.236     R18C29C.C0 to     R18C29C.F0 ENC_inst/SLICE_3086
ROUTE         1     0.000     R18C29C.F0 to    R18C29C.DI0 ENC_inst/enc_func.1.enc_top_inst/U_enc_lmt/s_enc_lmt_3 (to s_PLL_CLK20M)
                  --------
                   16.451   (22.8% logic, 77.2% route), 13 logic levels.

 Clock Skew Details: 

      Source Clock Path slv_com_top_inst/clk_gen_inst2/PLL_inst/PLLInst_0 to stm01/ppmc_reg_S118M_inst/inst_ppmc_u_step_ext/SLICE_4746:

   Name    Fanout   Delay (ns)          Site               Resource
ROUTE       999     2.137 PLL_BL0.CLKOS2 to    R15C21C.CLK s_PLL_CLK20M
                  --------
                    2.137   (0.0% logic, 100.0% route), 0 logic levels.

      Destination Clock Path slv_com_top_inst/clk_gen_inst2/PLL_inst/PLLInst_0 to ENC_inst/SLICE_3086:

   Name    Fanout   Delay (ns)          Site               Resource
ROUTE       999     2.137 PLL_BL0.CLKOS2 to    R18C29C.CLK s_PLL_CLK20M
                  --------
                    2.137   (0.0% logic, 100.0% route), 0 logic levels.


Passed: The following path meets requirements by 33.884ns

 Logical Details:  Cell type  Pin type       Cell/ASIC name  (clock net +/-)

   Source:         FF         Q              stm01/ppmc_reg_S118M_inst/inst_ppmc_u_step_ext/M[2]  (from s_PLL_CLK20M +)
   Destination:    FF         Data in        ENC_inst/enc_func.1.enc_top_inst/U_enc_lmt/s_enc_lmt  (to s_PLL_CLK20M +)

   Delay:              16.376ns  (22.8% logic, 77.2% route), 13 logic levels.

 Constraint Details:

     16.376ns physical path delay stm01/ppmc_reg_S118M_inst/inst_ppmc_u_step_ext/SLICE_4746 to ENC_inst/SLICE_3086 meets
     50.000ns delay constraint less
      0.000ns skew and
     -0.260ns DIN_SET requirement (totaling 50.260ns) by 33.884ns

 Physical Path Details:

      Data path stm01/ppmc_reg_S118M_inst/inst_ppmc_u_step_ext/SLICE_4746 to ENC_inst/SLICE_3086:

   Name    Fanout   Delay (ns)          Site               Resource
REG_DEL     ---     0.522    R15C21C.CLK to     R15C21C.Q1 stm01/ppmc_reg_S118M_inst/inst_ppmc_u_step_ext/SLICE_4746 (from s_PLL_CLK20M)
ROUTE         6     2.653     R15C21C.Q1 to      R5C20A.A1 sa_STM_M_1[1]
CTOF_DEL    ---     0.236      R5C20A.A1 to      R5C20A.F1 SLICE_9786
ROUTE         2     0.567      R5C20A.F1 to      R5C20A.B0 sp_conv_inst.sa_STM_M_1_2_0_.N_5
CTOF_DEL    ---     0.236      R5C20A.B0 to      R5C20A.F0 SLICE_9786
ROUTE         6     0.902      R5C20A.F0 to      R4C21B.D1 ENC_inst/enc_func.1.enc_top_inst/U_enc_lmt/N_37
CTOF_DEL    ---     0.236      R4C21B.D1 to      R4C21B.F1 ENC_inst/enc_func.1.enc_top_inst/U_enc_lmt/SLICE_9780
ROUTE        12     2.960      R4C21B.F1 to      R7C46C.D0 ENC_inst/enc_func.1.enc_top_inst/U_enc_lmt/s_enc_th_sm0_i
CTOF_DEL    ---     0.236      R7C46C.D0 to      R7C46C.F0 SLICE_7613
ROUTE         3     2.647      R7C46C.F0 to      R4C19C.A1 ENC_inst/enc_func.1.enc_top_inst/U_enc_lmt/s_enc_th[4]
C1TOFCO_DE  ---     0.447      R4C19C.A1 to     R4C19C.FCO ENC_inst/enc_func.1.enc_top_inst/U_enc_lmt/SLICE_2720
ROUTE         1     0.000     R4C19C.FCO to     R4C19D.FCI ENC_inst/enc_func.1.enc_top_inst/U_enc_lmt/un5_s_enc_thh_cry_4
FCITOF0_DE  ---     0.443     R4C19D.FCI to      R4C19D.F0 ENC_inst/enc_func.1.enc_top_inst/U_enc_lmt/SLICE_2721
ROUTE         1     0.969      R4C19D.F0 to      R3C19D.A0 ENC_inst/enc_func.1.enc_top_inst/U_enc_lmt/un5_s_enc_thh_cry_5_0_S0
C0TOFCO_DE  ---     0.447      R3C19D.A0 to     R3C19D.FCO ENC_inst/enc_func.1.enc_top_inst/U_enc_lmt/SLICE_2750
ROUTE         1     0.000     R3C19D.FCO to     R3C20A.FCI ENC_inst/enc_func.1.enc_top_inst/U_enc_lmt/un30_s_encerr_cry_6
FCITOFCO_D  ---     0.071     R3C20A.FCI to     R3C20A.FCO ENC_inst/enc_func.1.enc_top_inst/U_enc_lmt/SLICE_2751
ROUTE         1     0.000     R3C20A.FCO to     R3C20B.FCI ENC_inst/enc_func.1.enc_top_inst/U_enc_lmt/un30_s_encerr_cry_8
FCITOFCO_D  ---     0.071     R3C20B.FCI to     R3C20B.FCO ENC_inst/enc_func.1.enc_top_inst/U_enc_lmt/SLICE_2752
ROUTE         1     0.000     R3C20B.FCO to     R3C20C.FCI ENC_inst/enc_func.1.enc_top_inst/U_enc_lmt/un30_s_encerr_cry_10
FCITOFCO_D  ---     0.071     R3C20C.FCI to     R3C20C.FCO ENC_inst/enc_func.1.enc_top_inst/U_enc_lmt/SLICE_2753
ROUTE         1     0.000     R3C20C.FCO to     R3C20D.FCI ENC_inst/enc_func.1.enc_top_inst/U_enc_lmt/un30_s_encerr_cry_12
FCITOF1_DE  ---     0.474     R3C20D.FCI to      R3C20D.F1 ENC_inst/enc_func.1.enc_top_inst/U_enc_lmt/SLICE_2754
ROUTE         1     1.952      R3C20D.F1 to     R18C29C.C0 ENC_inst/enc_func.1.enc_top_inst/U_enc_lmt/un30_s_encerr_cry_13
CTOF_DEL    ---     0.236     R18C29C.C0 to     R18C29C.F0 ENC_inst/SLICE_3086
ROUTE         1     0.000     R18C29C.F0 to    R18C29C.DI0 ENC_inst/enc_func.1.enc_top_inst/U_enc_lmt/s_enc_lmt_3 (to s_PLL_CLK20M)
                  --------
                   16.376   (22.8% logic, 77.2% route), 13 logic levels.

 Clock Skew Details: 

      Source Clock Path slv_com_top_inst/clk_gen_inst2/PLL_inst/PLLInst_0 to stm01/ppmc_reg_S118M_inst/inst_ppmc_u_step_ext/SLICE_4746:

   Name    Fanout   Delay (ns)          Site               Resource
ROUTE       999     2.137 PLL_BL0.CLKOS2 to    R15C21C.CLK s_PLL_CLK20M
                  --------
                    2.137   (0.0% logic, 100.0% route), 0 logic levels.

      Destination Clock Path slv_com_top_inst/clk_gen_inst2/PLL_inst/PLLInst_0 to ENC_inst/SLICE_3086:

   Name    Fanout   Delay (ns)          Site               Resource
ROUTE       999     2.137 PLL_BL0.CLKOS2 to    R18C29C.CLK s_PLL_CLK20M
                  --------
                    2.137   (0.0% logic, 100.0% route), 0 logic levels.


Passed: The following path meets requirements by 33.989ns

 Logical Details:  Cell type  Pin type       Cell/ASIC name  (clock net +/-)

   Source:         FF         Q              stm01/ppmc_reg_S118M_inst/inst_ppmc_u_step_ext/M[1]  (from s_PLL_CLK20M +)
   Destination:    FF         Data in        ENC_inst/enc_func.1.enc_top_inst/U_enc_lmt/s_enc_lmt  (to s_PLL_CLK20M +)

   Delay:              16.271ns  (23.1% logic, 76.9% route), 13 logic levels.

 Constraint Details:

     16.271ns physical path delay stm01/ppmc_reg_S118M_inst/inst_ppmc_u_step_ext/SLICE_4746 to ENC_inst/SLICE_3086 meets
     50.000ns delay constraint less
      0.000ns skew and
     -0.260ns DIN_SET requirement (totaling 50.260ns) by 33.989ns

 Physical Path Details:

      Data path stm01/ppmc_reg_S118M_inst/inst_ppmc_u_step_ext/SLICE_4746 to ENC_inst/SLICE_3086:

   Name    Fanout   Delay (ns)          Site               Resource
REG_DEL     ---     0.525    R15C21C.CLK to     R15C21C.Q0 stm01/ppmc_reg_S118M_inst/inst_ppmc_u_step_ext/SLICE_4746 (from s_PLL_CLK20M)
ROUTE         6     2.470     R15C21C.Q0 to      R5C20A.C1 sa_STM_M_1[0]
CTOF_DEL    ---     0.236      R5C20A.C1 to      R5C20A.F1 SLICE_9786
ROUTE         2     0.567      R5C20A.F1 to      R5C20A.B0 sp_conv_inst.sa_STM_M_1_2_0_.N_5
CTOF_DEL    ---     0.236      R5C20A.B0 to      R5C20A.F0 SLICE_9786
ROUTE         6     0.902      R5C20A.F0 to      R4C21B.D1 ENC_inst/enc_func.1.enc_top_inst/U_enc_lmt/N_37
CTOF_DEL    ---     0.236      R4C21B.D1 to      R4C21B.F1 ENC_inst/enc_func.1.enc_top_inst/U_enc_lmt/SLICE_9780
ROUTE        12     2.960      R4C21B.F1 to      R7C46C.D0 ENC_inst/enc_func.1.enc_top_inst/U_enc_lmt/s_enc_th_sm0_i
CTOF_DEL    ---     0.236      R7C46C.D0 to      R7C46C.F0 SLICE_7613
ROUTE         3     2.647      R7C46C.F0 to      R4C19C.A1 ENC_inst/enc_func.1.enc_top_inst/U_enc_lmt/s_enc_th[4]
C1TOFCO_DE  ---     0.447      R4C19C.A1 to     R4C19C.FCO ENC_inst/enc_func.1.enc_top_inst/U_enc_lmt/SLICE_2720
ROUTE         1     0.000     R4C19C.FCO to     R4C19D.FCI ENC_inst/enc_func.1.enc_top_inst/U_enc_lmt/un5_s_enc_thh_cry_4
FCITOF1_DE  ---     0.474     R4C19D.FCI to      R4C19D.F1 ENC_inst/enc_func.1.enc_top_inst/U_enc_lmt/SLICE_2721
ROUTE         1     1.013      R4C19D.F1 to      R3C19D.B1 ENC_inst/enc_func.1.enc_top_inst/U_enc_lmt/un5_s_enc_thh_cry_5_0_S1
C1TOFCO_DE  ---     0.447      R3C19D.B1 to     R3C19D.FCO ENC_inst/enc_func.1.enc_top_inst/U_enc_lmt/SLICE_2750
ROUTE         1     0.000     R3C19D.FCO to     R3C20A.FCI ENC_inst/enc_func.1.enc_top_inst/U_enc_lmt/un30_s_encerr_cry_6
FCITOFCO_D  ---     0.071     R3C20A.FCI to     R3C20A.FCO ENC_inst/enc_func.1.enc_top_inst/U_enc_lmt/SLICE_2751
ROUTE         1     0.000     R3C20A.FCO to     R3C20B.FCI ENC_inst/enc_func.1.enc_top_inst/U_enc_lmt/un30_s_encerr_cry_8
FCITOFCO_D  ---     0.071     R3C20B.FCI to     R3C20B.FCO ENC_inst/enc_func.1.enc_top_inst/U_enc_lmt/SLICE_2752
ROUTE         1     0.000     R3C20B.FCO to     R3C20C.FCI ENC_inst/enc_func.1.enc_top_inst/U_enc_lmt/un30_s_encerr_cry_10
FCITOFCO_D  ---     0.071     R3C20C.FCI to     R3C20C.FCO ENC_inst/enc_func.1.enc_top_inst/U_enc_lmt/SLICE_2753
ROUTE         1     0.000     R3C20C.FCO to     R3C20D.FCI ENC_inst/enc_func.1.enc_top_inst/U_enc_lmt/un30_s_encerr_cry_12
FCITOF1_DE  ---     0.474     R3C20D.FCI to      R3C20D.F1 ENC_inst/enc_func.1.enc_top_inst/U_enc_lmt/SLICE_2754
ROUTE         1     1.952      R3C20D.F1 to     R18C29C.C0 ENC_inst/enc_func.1.enc_top_inst/U_enc_lmt/un30_s_encerr_cry_13
CTOF_DEL    ---     0.236     R18C29C.C0 to     R18C29C.F0 ENC_inst/SLICE_3086
ROUTE         1     0.000     R18C29C.F0 to    R18C29C.DI0 ENC_inst/enc_func.1.enc_top_inst/U_enc_lmt/s_enc_lmt_3 (to s_PLL_CLK20M)
                  --------
                   16.271   (23.1% logic, 76.9% route), 13 logic levels.

 Clock Skew Details: 

      Source Clock Path slv_com_top_inst/clk_gen_inst2/PLL_inst/PLLInst_0 to stm01/ppmc_reg_S118M_inst/inst_ppmc_u_step_ext/SLICE_4746:

   Name    Fanout   Delay (ns)          Site               Resource
ROUTE       999     2.137 PLL_BL0.CLKOS2 to    R15C21C.CLK s_PLL_CLK20M
                  --------
                    2.137   (0.0% logic, 100.0% route), 0 logic levels.

      Destination Clock Path slv_com_top_inst/clk_gen_inst2/PLL_inst/PLLInst_0 to ENC_inst/SLICE_3086:

   Name    Fanout   Delay (ns)          Site               Resource
ROUTE       999     2.137 PLL_BL0.CLKOS2 to    R18C29C.CLK s_PLL_CLK20M
                  --------
                    2.137   (0.0% logic, 100.0% route), 0 logic levels.


Passed: The following path meets requirements by 34.019ns

 Logical Details:  Cell type  Pin type       Cell/ASIC name  (clock net +/-)

   Source:         FF         Q              stm08/ppmc_reg_S118M_inst/inst_ppmc_u_step_ext/M[2]  (from s_PLL_CLK20M +)
   Destination:    FF         Data in        ENC_inst/enc_func.8.enc_top_inst/U_enc_lmt/s_enc_lmt  (to s_PLL_CLK20M +)

   Delay:              16.247ns  (23.1% logic, 76.9% route), 13 logic levels.

 Constraint Details:

     16.247ns physical path delay stm08/ppmc_reg_S118M_inst/inst_ppmc_u_step_ext/SLICE_4760 to ENC_inst/SLICE_3089 meets
     50.000ns delay constraint less
      0.000ns skew and
     -0.266ns DIN_SET requirement (totaling 50.266ns) by 34.019ns

 Physical Path Details:

      Data path stm08/ppmc_reg_S118M_inst/inst_ppmc_u_step_ext/SLICE_4760 to ENC_inst/SLICE_3089:

   Name    Fanout   Delay (ns)          Site               Resource
REG_DEL     ---     0.522    R36C39C.CLK to     R36C39C.Q1 stm08/ppmc_reg_S118M_inst/inst_ppmc_u_step_ext/SLICE_4760 (from s_PLL_CLK20M)
ROUTE         6     2.928     R36C39C.Q1 to     R42C21C.A1 sa_STM_M_8[1]
CTOF_DEL    ---     0.236     R42C21C.A1 to     R42C21C.F1 SLICE_9758
ROUTE         2     0.575     R42C21C.F1 to     R42C21C.A0 sp_conv_inst.sa_STM_M_8_2_0_.N_5
CTOF_DEL    ---     0.236     R42C21C.A0 to     R42C21C.F0 SLICE_9758
ROUTE         6     0.941     R42C21C.F0 to     R42C18D.D1 ENC_inst/enc_func.8.enc_top_inst/U_enc_lmt/N_37
CTOF_DEL    ---     0.236     R42C18D.D1 to     R42C18D.F1 ENC_inst/enc_func.8.enc_top_inst/U_enc_lmt/SLICE_9752
ROUTE        12     3.030     R42C18D.F1 to     R23C31D.C0 ENC_inst/enc_func.8.enc_top_inst/U_enc_lmt/s_enc_th_sm0_i
CTOF_DEL    ---     0.236     R23C31D.C0 to     R23C31D.F0 SLICE_7617
ROUTE         3     2.513     R23C31D.F0 to     R42C17C.A1 ENC_inst/enc_func.8.enc_top_inst/U_enc_lmt/s_enc_th[4]
C1TOFCO_DE  ---     0.447     R42C17C.A1 to    R42C17C.FCO ENC_inst/enc_func.8.enc_top_inst/U_enc_lmt/SLICE_2592
ROUTE         1     0.000    R42C17C.FCO to    R42C17D.FCI ENC_inst/enc_func.8.enc_top_inst/U_enc_lmt/un5_s_enc_thh_cry_4
FCITOF1_DE  ---     0.474    R42C17D.FCI to     R42C17D.F1 ENC_inst/enc_func.8.enc_top_inst/U_enc_lmt/SLICE_2593
ROUTE         1     1.013     R42C17D.F1 to     R41C17D.B1 ENC_inst/enc_func.8.enc_top_inst/U_enc_lmt/un5_s_enc_thh_cry_5_0_S1_1
C1TOFCO_DE  ---     0.447     R41C17D.B1 to    R41C17D.FCO ENC_inst/enc_func.8.enc_top_inst/U_enc_lmt/SLICE_2622
ROUTE         1     0.000    R41C17D.FCO to    R41C18A.FCI ENC_inst/enc_func.8.enc_top_inst/U_enc_lmt/un30_s_encerr_cry_6
FCITOFCO_D  ---     0.071    R41C18A.FCI to    R41C18A.FCO ENC_inst/enc_func.8.enc_top_inst/U_enc_lmt/SLICE_2623
ROUTE         1     0.000    R41C18A.FCO to    R41C18B.FCI ENC_inst/enc_func.8.enc_top_inst/U_enc_lmt/un30_s_encerr_cry_8
FCITOFCO_D  ---     0.071    R41C18B.FCI to    R41C18B.FCO ENC_inst/enc_func.8.enc_top_inst/U_enc_lmt/SLICE_2624
ROUTE         1     0.000    R41C18B.FCO to    R41C18C.FCI ENC_inst/enc_func.8.enc_top_inst/U_enc_lmt/un30_s_encerr_cry_10
FCITOFCO_D  ---     0.071    R41C18C.FCI to    R41C18C.FCO ENC_inst/enc_func.8.enc_top_inst/U_enc_lmt/SLICE_2625
ROUTE         1     0.000    R41C18C.FCO to    R41C18D.FCI ENC_inst/enc_func.8.enc_top_inst/U_enc_lmt/un30_s_encerr_cry_12
FCITOF1_DE  ---     0.474    R41C18D.FCI to     R41C18D.F1 ENC_inst/enc_func.8.enc_top_inst/U_enc_lmt/SLICE_2626
ROUTE         1     1.490     R41C18D.F1 to     R35C30C.C1 ENC_inst/enc_func.8.enc_top_inst/U_enc_lmt/un30_s_encerr_cry_13
CTOF_DEL    ---     0.236     R35C30C.C1 to     R35C30C.F1 ENC_inst/SLICE_3089
ROUTE         1     0.000     R35C30C.F1 to    R35C30C.DI1 ENC_inst/enc_func.8.enc_top_inst/U_enc_lmt/s_enc_lmt_3 (to s_PLL_CLK20M)
                  --------
                   16.247   (23.1% logic, 76.9% route), 13 logic levels.

 Clock Skew Details: 

      Source Clock Path slv_com_top_inst/clk_gen_inst2/PLL_inst/PLLInst_0 to stm08/ppmc_reg_S118M_inst/inst_ppmc_u_step_ext/SLICE_4760:

   Name    Fanout   Delay (ns)          Site               Resource
ROUTE       999     2.137 PLL_BL0.CLKOS2 to    R36C39C.CLK s_PLL_CLK20M
                  --------
                    2.137   (0.0% logic, 100.0% route), 0 logic levels.

      Destination Clock Path slv_com_top_inst/clk_gen_inst2/PLL_inst/PLLInst_0 to ENC_inst/SLICE_3089:

   Name    Fanout   Delay (ns)          Site               Resource
ROUTE       999     2.137 PLL_BL0.CLKOS2 to    R35C30C.CLK s_PLL_CLK20M
                  --------
                    2.137   (0.0% logic, 100.0% route), 0 logic levels.


Passed: The following path meets requirements by 34.044ns

 Logical Details:  Cell type  Pin type       Cell/ASIC name  (clock net +/-)

   Source:         FF         Q              stm01/ppmc_reg_S118M_inst/inst_ppmc_u_step_ext/M[2]  (from s_PLL_CLK20M +)
   Destination:    FF         Data in        ENC_inst/enc_func.1.enc_top_inst/U_enc_lmt/s_enc_lmt  (to s_PLL_CLK20M +)

   Delay:              16.216ns  (23.2% logic, 76.8% route), 13 logic levels.

 Constraint Details:

     16.216ns physical path delay stm01/ppmc_reg_S118M_inst/inst_ppmc_u_step_ext/SLICE_4746 to ENC_inst/SLICE_3086 meets
     50.000ns delay constraint less
      0.000ns skew and
     -0.260ns DIN_SET requirement (totaling 50.260ns) by 34.044ns

 Physical Path Details:

      Data path stm01/ppmc_reg_S118M_inst/inst_ppmc_u_step_ext/SLICE_4746 to ENC_inst/SLICE_3086:

   Name    Fanout   Delay (ns)          Site               Resource
REG_DEL     ---     0.522    R15C21C.CLK to     R15C21C.Q1 stm01/ppmc_reg_S118M_inst/inst_ppmc_u_step_ext/SLICE_4746 (from s_PLL_CLK20M)
ROUTE         6     2.653     R15C21C.Q1 to      R5C20A.A1 sa_STM_M_1[1]
CTOF_DEL    ---     0.236      R5C20A.A1 to      R5C20A.F1 SLICE_9786
ROUTE         2     0.567      R5C20A.F1 to      R5C20A.B0 sp_conv_inst.sa_STM_M_1_2_0_.N_5
CTOF_DEL    ---     0.236      R5C20A.B0 to      R5C20A.F0 SLICE_9786
ROUTE         6     0.902      R5C20A.F0 to      R4C21B.D1 ENC_inst/enc_func.1.enc_top_inst/U_enc_lmt/N_37
CTOF_DEL    ---     0.236      R4C21B.D1 to      R4C21B.F1 ENC_inst/enc_func.1.enc_top_inst/U_enc_lmt/SLICE_9780
ROUTE        12     2.960      R4C21B.F1 to      R7C46C.D0 ENC_inst/enc_func.1.enc_top_inst/U_enc_lmt/s_enc_th_sm0_i
CTOF_DEL    ---     0.236      R7C46C.D0 to      R7C46C.F0 SLICE_7613
ROUTE         3     2.647      R7C46C.F0 to      R4C19C.A1 ENC_inst/enc_func.1.enc_top_inst/U_enc_lmt/s_enc_th[4]
C1TOFCO_DE  ---     0.447      R4C19C.A1 to     R4C19C.FCO ENC_inst/enc_func.1.enc_top_inst/U_enc_lmt/SLICE_2720
ROUTE         1     0.000     R4C19C.FCO to     R4C19D.FCI ENC_inst/enc_func.1.enc_top_inst/U_enc_lmt/un5_s_enc_thh_cry_4
FCITOFCO_D  ---     0.071     R4C19D.FCI to     R4C19D.FCO ENC_inst/enc_func.1.enc_top_inst/U_enc_lmt/SLICE_2721
ROUTE         1     0.000     R4C19D.FCO to     R4C20A.FCI ENC_inst/enc_func.1.enc_top_inst/U_enc_lmt/un5_s_enc_thh_cry_6
FCITOF1_DE  ---     0.474     R4C20A.FCI to      R4C20A.F1 ENC_inst/enc_func.1.enc_top_inst/U_enc_lmt/SLICE_2722
ROUTE         1     0.778      R4C20A.F1 to      R3C20A.B1 ENC_inst/enc_func.1.enc_top_inst/U_enc_lmt/un5_s_enc_thh_cry_7_0_S1
C1TOFCO_DE  ---     0.447      R3C20A.B1 to     R3C20A.FCO ENC_inst/enc_func.1.enc_top_inst/U_enc_lmt/SLICE_2751
ROUTE         1     0.000     R3C20A.FCO to     R3C20B.FCI ENC_inst/enc_func.1.enc_top_inst/U_enc_lmt/un30_s_encerr_cry_8
FCITOFCO_D  ---     0.071     R3C20B.FCI to     R3C20B.FCO ENC_inst/enc_func.1.enc_top_inst/U_enc_lmt/SLICE_2752
ROUTE         1     0.000     R3C20B.FCO to     R3C20C.FCI ENC_inst/enc_func.1.enc_top_inst/U_enc_lmt/un30_s_encerr_cry_10
FCITOFCO_D  ---     0.071     R3C20C.FCI to     R3C20C.FCO ENC_inst/enc_func.1.enc_top_inst/U_enc_lmt/SLICE_2753
ROUTE         1     0.000     R3C20C.FCO to     R3C20D.FCI ENC_inst/enc_func.1.enc_top_inst/U_enc_lmt/un30_s_encerr_cry_12
FCITOF1_DE  ---     0.474     R3C20D.FCI to      R3C20D.F1 ENC_inst/enc_func.1.enc_top_inst/U_enc_lmt/SLICE_2754
ROUTE         1     1.952      R3C20D.F1 to     R18C29C.C0 ENC_inst/enc_func.1.enc_top_inst/U_enc_lmt/un30_s_encerr_cry_13
CTOF_DEL    ---     0.236     R18C29C.C0 to     R18C29C.F0 ENC_inst/SLICE_3086
ROUTE         1     0.000     R18C29C.F0 to    R18C29C.DI0 ENC_inst/enc_func.1.enc_top_inst/U_enc_lmt/s_enc_lmt_3 (to s_PLL_CLK20M)
                  --------
                   16.216   (23.2% logic, 76.8% route), 13 logic levels.

 Clock Skew Details: 

      Source Clock Path slv_com_top_inst/clk_gen_inst2/PLL_inst/PLLInst_0 to stm01/ppmc_reg_S118M_inst/inst_ppmc_u_step_ext/SLICE_4746:

   Name    Fanout   Delay (ns)          Site               Resource
ROUTE       999     2.137 PLL_BL0.CLKOS2 to    R15C21C.CLK s_PLL_CLK20M
                  --------
                    2.137   (0.0% logic, 100.0% route), 0 logic levels.

      Destination Clock Path slv_com_top_inst/clk_gen_inst2/PLL_inst/PLLInst_0 to ENC_inst/SLICE_3086:

   Name    Fanout   Delay (ns)          Site               Resource
ROUTE       999     2.137 PLL_BL0.CLKOS2 to    R18C29C.CLK s_PLL_CLK20M
                  --------
                    2.137   (0.0% logic, 100.0% route), 0 logic levels.


Passed: The following path meets requirements by 34.062ns

 Logical Details:  Cell type  Pin type       Cell/ASIC name  (clock net +/-)

   Source:         FF         Q              stm01/ppmc_reg_S118M_inst/inst_ppmc_u_step_ext/M[2]  (from s_PLL_CLK20M +)
   Destination:    FF         Data in        ENC_inst/enc_func.1.enc_top_inst/U_enc_lmt/s_enc_lmt  (to s_PLL_CLK20M +)

   Delay:              16.198ns  (23.0% logic, 77.0% route), 13 logic levels.

 Constraint Details:

     16.198ns physical path delay stm01/ppmc_reg_S118M_inst/inst_ppmc_u_step_ext/SLICE_4746 to ENC_inst/SLICE_3086 meets
     50.000ns delay constraint less
      0.000ns skew and
     -0.260ns DIN_SET requirement (totaling 50.260ns) by 34.062ns

 Physical Path Details:

      Data path stm01/ppmc_reg_S118M_inst/inst_ppmc_u_step_ext/SLICE_4746 to ENC_inst/SLICE_3086:

   Name    Fanout   Delay (ns)          Site               Resource
REG_DEL     ---     0.522    R15C21C.CLK to     R15C21C.Q1 stm01/ppmc_reg_S118M_inst/inst_ppmc_u_step_ext/SLICE_4746 (from s_PLL_CLK20M)
ROUTE         6     2.653     R15C21C.Q1 to      R5C20A.A1 sa_STM_M_1[1]
CTOF_DEL    ---     0.236      R5C20A.A1 to      R5C20A.F1 SLICE_9786
ROUTE         2     0.567      R5C20A.F1 to      R5C20A.B0 sp_conv_inst.sa_STM_M_1_2_0_.N_5
CTOF_DEL    ---     0.236      R5C20A.B0 to      R5C20A.F0 SLICE_9786
ROUTE         6     0.902      R5C20A.F0 to      R4C21B.D1 ENC_inst/enc_func.1.enc_top_inst/U_enc_lmt/N_37
CTOF_DEL    ---     0.236      R4C21B.D1 to      R4C21B.F1 ENC_inst/enc_func.1.enc_top_inst/U_enc_lmt/SLICE_9780
ROUTE        12     2.960      R4C21B.F1 to      R7C46C.D0 ENC_inst/enc_func.1.enc_top_inst/U_enc_lmt/s_enc_th_sm0_i
CTOF_DEL    ---     0.236      R7C46C.D0 to      R7C46C.F0 SLICE_7613
ROUTE         3     2.647      R7C46C.F0 to      R4C19C.A1 ENC_inst/enc_func.1.enc_top_inst/U_enc_lmt/s_enc_th[4]
C1TOFCO_DE  ---     0.447      R4C19C.A1 to     R4C19C.FCO ENC_inst/enc_func.1.enc_top_inst/U_enc_lmt/SLICE_2720
ROUTE         1     0.000     R4C19C.FCO to     R4C19D.FCI ENC_inst/enc_func.1.enc_top_inst/U_enc_lmt/un5_s_enc_thh_cry_4
FCITOFCO_D  ---     0.071     R4C19D.FCI to     R4C19D.FCO ENC_inst/enc_func.1.enc_top_inst/U_enc_lmt/SLICE_2721
ROUTE         1     0.000     R4C19D.FCO to     R4C20A.FCI ENC_inst/enc_func.1.enc_top_inst/U_enc_lmt/un5_s_enc_thh_cry_6
FCITOF0_DE  ---     0.443     R4C20A.FCI to      R4C20A.F0 ENC_inst/enc_func.1.enc_top_inst/U_enc_lmt/SLICE_2722
ROUTE         1     0.791      R4C20A.F0 to      R3C20A.B0 ENC_inst/enc_func.1.enc_top_inst/U_enc_lmt/un5_s_enc_thh_cry_7_0_S0
C0TOFCO_DE  ---     0.447      R3C20A.B0 to     R3C20A.FCO ENC_inst/enc_func.1.enc_top_inst/U_enc_lmt/SLICE_2751
ROUTE         1     0.000     R3C20A.FCO to     R3C20B.FCI ENC_inst/enc_func.1.enc_top_inst/U_enc_lmt/un30_s_encerr_cry_8
FCITOFCO_D  ---     0.071     R3C20B.FCI to     R3C20B.FCO ENC_inst/enc_func.1.enc_top_inst/U_enc_lmt/SLICE_2752
ROUTE         1     0.000     R3C20B.FCO to     R3C20C.FCI ENC_inst/enc_func.1.enc_top_inst/U_enc_lmt/un30_s_encerr_cry_10
FCITOFCO_D  ---     0.071     R3C20C.FCI to     R3C20C.FCO ENC_inst/enc_func.1.enc_top_inst/U_enc_lmt/SLICE_2753
ROUTE         1     0.000     R3C20C.FCO to     R3C20D.FCI ENC_inst/enc_func.1.enc_top_inst/U_enc_lmt/un30_s_encerr_cry_12
FCITOF1_DE  ---     0.474     R3C20D.FCI to      R3C20D.F1 ENC_inst/enc_func.1.enc_top_inst/U_enc_lmt/SLICE_2754
ROUTE         1     1.952      R3C20D.F1 to     R18C29C.C0 ENC_inst/enc_func.1.enc_top_inst/U_enc_lmt/un30_s_encerr_cry_13
CTOF_DEL    ---     0.236     R18C29C.C0 to     R18C29C.F0 ENC_inst/SLICE_3086
ROUTE         1     0.000     R18C29C.F0 to    R18C29C.DI0 ENC_inst/enc_func.1.enc_top_inst/U_enc_lmt/s_enc_lmt_3 (to s_PLL_CLK20M)
                  --------
                   16.198   (23.0% logic, 77.0% route), 13 logic levels.

 Clock Skew Details: 

      Source Clock Path slv_com_top_inst/clk_gen_inst2/PLL_inst/PLLInst_0 to stm01/ppmc_reg_S118M_inst/inst_ppmc_u_step_ext/SLICE_4746:

   Name    Fanout   Delay (ns)          Site               Resource
ROUTE       999     2.137 PLL_BL0.CLKOS2 to    R15C21C.CLK s_PLL_CLK20M
                  --------
                    2.137   (0.0% logic, 100.0% route), 0 logic levels.

      Destination Clock Path slv_com_top_inst/clk_gen_inst2/PLL_inst/PLLInst_0 to ENC_inst/SLICE_3086:

   Name    Fanout   Delay (ns)          Site               Resource
ROUTE       999     2.137 PLL_BL0.CLKOS2 to    R18C29C.CLK s_PLL_CLK20M
                  --------
                    2.137   (0.0% logic, 100.0% route), 0 logic levels.

Report:   60.306MHz is the maximum frequency for this preference.


================================================================================
Preference: FREQUENCY NET "slv_com_top_inst.CLK1" 10.000000 MHz ;
            4096 items scored, 0 timing errors detected.
--------------------------------------------------------------------------------


Passed: The following path meets requirements by 69.364ns

 Logical Details:  Cell type  Pin type       Cell/ASIC name  (clock net +/-)

   Source:         FF         Q              slv_com_top_inst/slv_ctrl_top_inst/slv_rx_ctrl_inst/LA_fast[3]  (from slv_com_top_inst.CLK1 +)
   Destination:    FF         Data in        slv_com_top_inst/slv_ctrl_top_inst/slv_tx_ctrl_inst/TX_D[3]  (to slv_com_top_inst.CLK1 +)

   Delay:              30.902ns  (14.4% logic, 85.6% route), 20 logic levels.

 Constraint Details:

     30.902ns physical path delay slv_com_top_inst/slv_ctrl_top_inst/slv_rx_ctrl_inst/SLICE_3025 to slv_com_top_inst/slv_ctrl_top_inst/slv_tx_ctrl_inst/SLICE_4790 meets
    100.000ns delay constraint less
      0.000ns skew and
     -0.266ns DIN_SET requirement (totaling 100.266ns) by 69.364ns

 Physical Path Details:

      Data path slv_com_top_inst/slv_ctrl_top_inst/slv_rx_ctrl_inst/SLICE_3025 to slv_com_top_inst/slv_ctrl_top_inst/slv_tx_ctrl_inst/SLICE_4790:

   Name    Fanout   Delay (ns)          Site               Resource
REG_DEL     ---     0.525    R35C54C.CLK to     R35C54C.Q0 slv_com_top_inst/slv_ctrl_top_inst/slv_rx_ctrl_inst/SLICE_3025 (from slv_com_top_inst.CLK1)
ROUTE         6     1.408     R35C54C.Q0 to     R32C43A.C1 slv_com_top_inst.slv_ctrl_top_inst.slv_rx_ctrl_inst.LA_fast[3]
CTOF_DEL    ---     0.236     R32C43A.C1 to     R32C43A.F1 SLICE_8060
ROUTE        70     4.884     R32C43A.F1 to     R33C52B.C0 s_LA[3]
CTOF_DEL    ---     0.236     R33C52B.C0 to     R33C52B.F0 SLICE_8111
ROUTE        28     5.896     R33C52B.F0 to     R18C30B.D0 gpio01.gpio_reg_inst.N_1050
CTOF_DEL    ---     0.236     R18C30B.D0 to     R18C30B.F0 SLICE_10051
ROUTE         1     1.651     R18C30B.F0 to     R18C43C.C1 stm13/ppmc_reg_S118M_inst/inst_ppmc_rgstr/read_data62_s1_13_x_sx
CTOF_DEL    ---     0.236     R18C43C.C1 to     R18C43C.F1 stm13/ppmc_reg_S118M_inst/inst_ppmc_rgstr/SLICE_8252
ROUTE         1     0.615     R18C43C.F1 to     R18C43C.C0 stm13/ppmc_reg_S118M_inst/inst_ppmc_rgstr/read_data62_s1_13_x
CTOF_DEL    ---     0.236     R18C43C.C0 to     R18C43C.F0 stm13/ppmc_reg_S118M_inst/inst_ppmc_rgstr/SLICE_8252
ROUTE         2     0.829     R18C43C.F0 to     R19C42A.C1 stm13/ppmc_reg_S118M_inst/inst_ppmc_rgstr/read_data62_s1_18
CTOF_DEL    ---     0.236     R19C42A.C1 to     R19C42A.F1 stm13/ppmc_reg_S118M_inst/inst_ppmc_rgstr/SLICE_8215
ROUTE         7     2.136     R19C42A.F1 to     R21C28D.D0 stm13/read_data62_s1_1_0
CTOF_DEL    ---     0.236     R21C28D.D0 to     R21C28D.F0 SLICE_10896
ROUTE         1     1.182     R21C28D.F0 to     R17C31B.C1 stm13/fc_sel_inst/LDO_i_0_a2_0[3]
CTOF_DEL    ---     0.236     R17C31B.C1 to     R17C31B.F1 stm13/SLICE_8199
ROUTE         1     1.551     R17C31B.F1 to     R19C41B.B1 stm13/fc_sel_inst/LDO_i_0_a2_11[3]
CTOF_DEL    ---     0.236     R19C41B.B1 to     R19C41B.F1 stm13/SLICE_8194
ROUTE         1     1.079     R19C41B.F1 to     R18C48C.C1 stm13/fc_sel_inst/LDO_i_0_a2_16[3]
CTOF_DEL    ---     0.236     R18C48C.C1 to     R18C48C.F1 stm13/fc_sel_inst/SLICE_8271
ROUTE         1     2.955     R18C48C.F1 to     R28C32B.B1 N_752
C1TOFCO_DE  ---     0.447     R28C32B.B1 to    R28C32B.FCO slv_com_top_inst/slv_ctrl_top_inst/nd_sel_inst/SLICE_2988
ROUTE         1     0.000    R28C32B.FCO to    R28C32C.FCI slv_com_top_inst/slv_ctrl_top_inst/nd_sel_inst/LDO_prm_13_3
FCITOFCO_D  ---     0.071    R28C32C.FCI to    R28C32C.FCO slv_com_top_inst/slv_ctrl_top_inst/nd_sel_inst/SLICE_2989
ROUTE         1     0.000    R28C32C.FCO to    R28C32D.FCI slv_com_top_inst/slv_ctrl_top_inst/nd_sel_inst/LDO_prm_11_3
FCITOFCO_D  ---     0.071    R28C32D.FCI to    R28C32D.FCO slv_com_top_inst/slv_ctrl_top_inst/nd_sel_inst/SLICE_2990
ROUTE         1     0.000    R28C32D.FCO to    R28C33A.FCI slv_com_top_inst/slv_ctrl_top_inst/nd_sel_inst/LDO_prm_9_3
FCITOFCO_D  ---     0.071    R28C33A.FCI to    R28C33A.FCO slv_com_top_inst/slv_ctrl_top_inst/nd_sel_inst/SLICE_2991
ROUTE         1     0.000    R28C33A.FCO to    R28C33B.FCI slv_com_top_inst/slv_ctrl_top_inst/nd_sel_inst/LDO_prm_7_3
FCITOFCO_D  ---     0.071    R28C33B.FCI to    R28C33B.FCO slv_com_top_inst/slv_ctrl_top_inst/nd_sel_inst/SLICE_2992
ROUTE         1     0.000    R28C33B.FCO to    R28C33C.FCI slv_com_top_inst/slv_ctrl_top_inst/nd_sel_inst/LDO_prm_5_3
FCITOFCO_D  ---     0.071    R28C33C.FCI to    R28C33C.FCO slv_com_top_inst/slv_ctrl_top_inst/nd_sel_inst/SLICE_2993
ROUTE         1     0.000    R28C33C.FCO to    R28C33D.FCI slv_com_top_inst/slv_ctrl_top_inst/nd_sel_inst/LDO_prm_3_3
FCITOFCO_D  ---     0.071    R28C33D.FCI to    R28C33D.FCO slv_com_top_inst/slv_ctrl_top_inst/nd_sel_inst/SLICE_2994
ROUTE         1     0.000    R28C33D.FCO to    R28C34A.FCI slv_com_top_inst/slv_ctrl_top_inst/nd_sel_inst/LDO_prm_1_3_cry
FCITOF0_DE  ---     0.443    R28C34A.FCI to     R28C34A.F0 slv_com_top_inst/slv_ctrl_top_inst/nd_sel_inst/SLICE_2995
ROUTE         1     2.279     R28C34A.F0 to     R36C60D.A1 slv_com_top_inst/slv_ctrl_top_inst/LDO[3]
CTOF_DEL    ---     0.236     R36C60D.A1 to     R36C60D.F1 slv_com_top_inst/slv_ctrl_top_inst/slv_tx_ctrl_inst/SLICE_4790
ROUTE         1     0.000     R36C60D.F1 to    R36C60D.DI1 slv_com_top_inst/slv_ctrl_top_inst/slv_tx_ctrl_inst/TX_D_26[3] (to slv_com_top_inst.CLK1)
                  --------
                   30.902   (14.4% logic, 85.6% route), 20 logic levels.

 Clock Skew Details: 

      Source Clock Path slv_com_top_inst/clk_gen_inst2/PLL_inst/PLLInst_0 to slv_com_top_inst/slv_ctrl_top_inst/slv_rx_ctrl_inst/SLICE_3025:

   Name    Fanout   Delay (ns)          Site               Resource
ROUTE       379     2.137 PLL_BL0.CLKOS3 to    R35C54C.CLK slv_com_top_inst.CLK1
                  --------
                    2.137   (0.0% logic, 100.0% route), 0 logic levels.

      Destination Clock Path slv_com_top_inst/clk_gen_inst2/PLL_inst/PLLInst_0 to slv_com_top_inst/slv_ctrl_top_inst/slv_tx_ctrl_inst/SLICE_4790:

   Name    Fanout   Delay (ns)          Site               Resource
ROUTE       379     2.137 PLL_BL0.CLKOS3 to    R36C60D.CLK slv_com_top_inst.CLK1
                  --------
                    2.137   (0.0% logic, 100.0% route), 0 logic levels.


Passed: The following path meets requirements by 69.442ns

 Logical Details:  Cell type  Pin type       Cell/ASIC name  (clock net +/-)

   Source:         FF         Q              slv_com_top_inst/slv_ctrl_top_inst/slv_rx_ctrl_inst/CMD_DATA_fast[2]  (from slv_com_top_inst.CLK1 +)
   Destination:    FF         Data in        slv_com_top_inst/slv_ctrl_top_inst/slv_tx_ctrl_inst/TX_D[2]  (to slv_com_top_inst.CLK1 +)

   Delay:              30.818ns  (14.2% logic, 85.8% route), 17 logic levels.

 Constraint Details:

     30.818ns physical path delay slv_com_top_inst/slv_ctrl_top_inst/slv_rx_ctrl_inst/SLICE_4777 to slv_com_top_inst/slv_ctrl_top_inst/slv_tx_ctrl_inst/SLICE_4790 meets
    100.000ns delay constraint less
      0.000ns skew and
     -0.260ns DIN_SET requirement (totaling 100.260ns) by 69.442ns

 Physical Path Details:

      Data path slv_com_top_inst/slv_ctrl_top_inst/slv_rx_ctrl_inst/SLICE_4777 to slv_com_top_inst/slv_ctrl_top_inst/slv_tx_ctrl_inst/SLICE_4790:

   Name    Fanout   Delay (ns)          Site               Resource
REG_DEL     ---     0.525    R34C50B.CLK to     R34C50B.Q0 slv_com_top_inst/slv_ctrl_top_inst/slv_rx_ctrl_inst/SLICE_4777 (from slv_com_top_inst.CLK1)
ROUTE         9     3.581     R34C50B.Q0 to     R32C29A.B1 slv_com_top_inst.slv_ctrl_top_inst.slv_rx_ctrl_inst.CMD_DATA_fast[2]
CTOF_DEL    ---     0.236     R32C29A.B1 to     R32C29A.F1 SLICE_9608
ROUTE        32     3.433     R32C29A.F1 to     R22C49B.A1 LGSb_1_i_a2_0_a2_0_a2_0_x
CTOF_DEL    ---     0.236     R22C49B.A1 to     R22C49B.F1 SLICE_8169
ROUTE        97     6.697     R22C49B.F1 to      R19C9C.A0 N_800_1
CTOF_DEL    ---     0.236      R19C9C.A0 to      R19C9C.F0 stm05/ppmc_reg_S118M_inst/inst_ppmc_rgstr/SLICE_9154
ROUTE         2     0.388      R19C9C.F0 to      R19C9B.C1 stm05/ppmc_reg_S118M_inst/inst_ppmc_rgstr/read_data82_0
CTOF_DEL    ---     0.236      R19C9B.C1 to      R19C9B.F1 stm05/ppmc_reg_S118M_inst/inst_ppmc_rgstr/SLICE_7876
ROUTE         1     0.837      R19C9B.F1 to      R19C8D.C0 stm05/ppmc_reg_S118M_inst/inst_ppmc_rgstr/read_data82_sx_0
CTOF_DEL    ---     0.236      R19C8D.C0 to      R19C8D.F0 stm05/SLICE_9155
ROUTE         3     0.841      R19C8D.F0 to      R17C7D.C0 stm05/read_data82
CTOF_DEL    ---     0.236      R17C7D.C0 to      R17C7D.F0 stm05/SLICE_9133
ROUTE        32     2.056      R17C7D.F0 to      R12C4C.A0 stm05/read_data65_s4_15
CTOF_DEL    ---     0.236      R12C4C.A0 to      R12C4C.F0 stm05/SLICE_7872
ROUTE         1     0.747      R12C4C.F0 to      R12C4C.A1 stm05/START_STOP_m
CTOF_DEL    ---     0.236      R12C4C.A1 to      R12C4C.F1 stm05/SLICE_7872
ROUTE         1     0.823      R12C4C.F1 to      R15C4D.C1 stm05/fc_sel_inst/LDO_i_0_a2_8[2]
CTOF_DEL    ---     0.236      R15C4D.C1 to      R15C4D.F1 stm05/SLICE_9105
ROUTE         1     1.007      R15C4D.F1 to      R18C4A.A1 stm05/fc_sel_inst/LDO_i_0_a2_14[2]
CTOF_DEL    ---     0.236      R18C4A.A1 to      R18C4A.F1 stm05/SLICE_9102
ROUTE         1     1.263      R18C4A.F1 to      R20C8C.A0 stm05/fc_sel_inst/LDO_i_0_a2_17[2]
CTOF_DEL    ---     0.236      R20C8C.A0 to      R20C8C.F0 stm05/fc_sel_inst/SLICE_9170
ROUTE         1     2.485      R20C8C.F0 to     R29C33B.B1 N_655
C1TOFCO_DE  ---     0.447     R29C33B.B1 to    R29C33B.FCO slv_com_top_inst/slv_ctrl_top_inst/nd_sel_inst/SLICE_3001
ROUTE         1     0.000    R29C33B.FCO to    R29C33C.FCI slv_com_top_inst/slv_ctrl_top_inst/nd_sel_inst/LDO_prm_5_2
FCITOFCO_D  ---     0.071    R29C33C.FCI to    R29C33C.FCO slv_com_top_inst/slv_ctrl_top_inst/nd_sel_inst/SLICE_3002
ROUTE         1     0.000    R29C33C.FCO to    R29C33D.FCI slv_com_top_inst/slv_ctrl_top_inst/nd_sel_inst/LDO_prm_3_2
FCITOFCO_D  ---     0.071    R29C33D.FCI to    R29C33D.FCO slv_com_top_inst/slv_ctrl_top_inst/nd_sel_inst/SLICE_3003
ROUTE         1     0.000    R29C33D.FCO to    R29C34A.FCI slv_com_top_inst/slv_ctrl_top_inst/nd_sel_inst/LDO_prm_1_2_cry
FCITOF0_DE  ---     0.443    R29C34A.FCI to     R29C34A.F0 slv_com_top_inst/slv_ctrl_top_inst/nd_sel_inst/SLICE_3004
ROUTE         1     2.271     R29C34A.F0 to     R36C60D.B0 slv_com_top_inst/slv_ctrl_top_inst/LDO[2]
CTOF_DEL    ---     0.236     R36C60D.B0 to     R36C60D.F0 slv_com_top_inst/slv_ctrl_top_inst/slv_tx_ctrl_inst/SLICE_4790
ROUTE         1     0.000     R36C60D.F0 to    R36C60D.DI0 slv_com_top_inst/slv_ctrl_top_inst/slv_tx_ctrl_inst/TX_D_26[2] (to slv_com_top_inst.CLK1)
                  --------
                   30.818   (14.2% logic, 85.8% route), 17 logic levels.

 Clock Skew Details: 

      Source Clock Path slv_com_top_inst/clk_gen_inst2/PLL_inst/PLLInst_0 to slv_com_top_inst/slv_ctrl_top_inst/slv_rx_ctrl_inst/SLICE_4777:

   Name    Fanout   Delay (ns)          Site               Resource
ROUTE       379     2.137 PLL_BL0.CLKOS3 to    R34C50B.CLK slv_com_top_inst.CLK1
                  --------
                    2.137   (0.0% logic, 100.0% route), 0 logic levels.

      Destination Clock Path slv_com_top_inst/clk_gen_inst2/PLL_inst/PLLInst_0 to slv_com_top_inst/slv_ctrl_top_inst/slv_tx_ctrl_inst/SLICE_4790:

   Name    Fanout   Delay (ns)          Site               Resource
ROUTE       379     2.137 PLL_BL0.CLKOS3 to    R36C60D.CLK slv_com_top_inst.CLK1
                  --------
                    2.137   (0.0% logic, 100.0% route), 0 logic levels.


Passed: The following path meets requirements by 69.460ns

 Logical Details:  Cell type  Pin type       Cell/ASIC name  (clock net +/-)

   Source:         FF         Q              slv_com_top_inst/slv_ctrl_top_inst/slv_rx_ctrl_inst/RX_F_fast  (from slv_com_top_inst.CLK1 +)
   Destination:    FF         Data in        slv_com_top_inst/slv_ctrl_top_inst/slv_tx_ctrl_inst/TX_D[3]  (to slv_com_top_inst.CLK1 +)

   Delay:              30.806ns  (14.4% logic, 85.6% route), 20 logic levels.

 Constraint Details:

     30.806ns physical path delay SLICE_8254 to slv_com_top_inst/slv_ctrl_top_inst/slv_tx_ctrl_inst/SLICE_4790 meets
    100.000ns delay constraint less
      0.000ns skew and
     -0.266ns DIN_SET requirement (totaling 100.266ns) by 69.460ns

 Physical Path Details:

      Data path SLICE_8254 to slv_com_top_inst/slv_ctrl_top_inst/slv_tx_ctrl_inst/SLICE_4790:

   Name    Fanout   Delay (ns)          Site               Resource
REG_DEL     ---     0.525    R32C50A.CLK to     R32C50A.Q0 SLICE_8254 (from slv_com_top_inst.CLK1)
ROUTE        40     1.312     R32C50A.Q0 to     R32C43A.A1 slv_com_top_inst.slv_ctrl_top_inst.RX_F_fast
CTOF_DEL    ---     0.236     R32C43A.A1 to     R32C43A.F1 SLICE_8060
ROUTE        70     4.884     R32C43A.F1 to     R33C52B.C0 s_LA[3]
CTOF_DEL    ---     0.236     R33C52B.C0 to     R33C52B.F0 SLICE_8111
ROUTE        28     5.896     R33C52B.F0 to     R18C30B.D0 gpio01.gpio_reg_inst.N_1050
CTOF_DEL    ---     0.236     R18C30B.D0 to     R18C30B.F0 SLICE_10051
ROUTE         1     1.651     R18C30B.F0 to     R18C43C.C1 stm13/ppmc_reg_S118M_inst/inst_ppmc_rgstr/read_data62_s1_13_x_sx
CTOF_DEL    ---     0.236     R18C43C.C1 to     R18C43C.F1 stm13/ppmc_reg_S118M_inst/inst_ppmc_rgstr/SLICE_8252
ROUTE         1     0.615     R18C43C.F1 to     R18C43C.C0 stm13/ppmc_reg_S118M_inst/inst_ppmc_rgstr/read_data62_s1_13_x
CTOF_DEL    ---     0.236     R18C43C.C0 to     R18C43C.F0 stm13/ppmc_reg_S118M_inst/inst_ppmc_rgstr/SLICE_8252
ROUTE         2     0.829     R18C43C.F0 to     R19C42A.C1 stm13/ppmc_reg_S118M_inst/inst_ppmc_rgstr/read_data62_s1_18
CTOF_DEL    ---     0.236     R19C42A.C1 to     R19C42A.F1 stm13/ppmc_reg_S118M_inst/inst_ppmc_rgstr/SLICE_8215
ROUTE         7     2.136     R19C42A.F1 to     R21C28D.D0 stm13/read_data62_s1_1_0
CTOF_DEL    ---     0.236     R21C28D.D0 to     R21C28D.F0 SLICE_10896
ROUTE         1     1.182     R21C28D.F0 to     R17C31B.C1 stm13/fc_sel_inst/LDO_i_0_a2_0[3]
CTOF_DEL    ---     0.236     R17C31B.C1 to     R17C31B.F1 stm13/SLICE_8199
ROUTE         1     1.551     R17C31B.F1 to     R19C41B.B1 stm13/fc_sel_inst/LDO_i_0_a2_11[3]
CTOF_DEL    ---     0.236     R19C41B.B1 to     R19C41B.F1 stm13/SLICE_8194
ROUTE         1     1.079     R19C41B.F1 to     R18C48C.C1 stm13/fc_sel_inst/LDO_i_0_a2_16[3]
CTOF_DEL    ---     0.236     R18C48C.C1 to     R18C48C.F1 stm13/fc_sel_inst/SLICE_8271
ROUTE         1     2.955     R18C48C.F1 to     R28C32B.B1 N_752
C1TOFCO_DE  ---     0.447     R28C32B.B1 to    R28C32B.FCO slv_com_top_inst/slv_ctrl_top_inst/nd_sel_inst/SLICE_2988
ROUTE         1     0.000    R28C32B.FCO to    R28C32C.FCI slv_com_top_inst/slv_ctrl_top_inst/nd_sel_inst/LDO_prm_13_3
FCITOFCO_D  ---     0.071    R28C32C.FCI to    R28C32C.FCO slv_com_top_inst/slv_ctrl_top_inst/nd_sel_inst/SLICE_2989
ROUTE         1     0.000    R28C32C.FCO to    R28C32D.FCI slv_com_top_inst/slv_ctrl_top_inst/nd_sel_inst/LDO_prm_11_3
FCITOFCO_D  ---     0.071    R28C32D.FCI to    R28C32D.FCO slv_com_top_inst/slv_ctrl_top_inst/nd_sel_inst/SLICE_2990
ROUTE         1     0.000    R28C32D.FCO to    R28C33A.FCI slv_com_top_inst/slv_ctrl_top_inst/nd_sel_inst/LDO_prm_9_3
FCITOFCO_D  ---     0.071    R28C33A.FCI to    R28C33A.FCO slv_com_top_inst/slv_ctrl_top_inst/nd_sel_inst/SLICE_2991
ROUTE         1     0.000    R28C33A.FCO to    R28C33B.FCI slv_com_top_inst/slv_ctrl_top_inst/nd_sel_inst/LDO_prm_7_3
FCITOFCO_D  ---     0.071    R28C33B.FCI to    R28C33B.FCO slv_com_top_inst/slv_ctrl_top_inst/nd_sel_inst/SLICE_2992
ROUTE         1     0.000    R28C33B.FCO to    R28C33C.FCI slv_com_top_inst/slv_ctrl_top_inst/nd_sel_inst/LDO_prm_5_3
FCITOFCO_D  ---     0.071    R28C33C.FCI to    R28C33C.FCO slv_com_top_inst/slv_ctrl_top_inst/nd_sel_inst/SLICE_2993
ROUTE         1     0.000    R28C33C.FCO to    R28C33D.FCI slv_com_top_inst/slv_ctrl_top_inst/nd_sel_inst/LDO_prm_3_3
FCITOFCO_D  ---     0.071    R28C33D.FCI to    R28C33D.FCO slv_com_top_inst/slv_ctrl_top_inst/nd_sel_inst/SLICE_2994
ROUTE         1     0.000    R28C33D.FCO to    R28C34A.FCI slv_com_top_inst/slv_ctrl_top_inst/nd_sel_inst/LDO_prm_1_3_cry
FCITOF0_DE  ---     0.443    R28C34A.FCI to     R28C34A.F0 slv_com_top_inst/slv_ctrl_top_inst/nd_sel_inst/SLICE_2995
ROUTE         1     2.279     R28C34A.F0 to     R36C60D.A1 slv_com_top_inst/slv_ctrl_top_inst/LDO[3]
CTOF_DEL    ---     0.236     R36C60D.A1 to     R36C60D.F1 slv_com_top_inst/slv_ctrl_top_inst/slv_tx_ctrl_inst/SLICE_4790
ROUTE         1     0.000     R36C60D.F1 to    R36C60D.DI1 slv_com_top_inst/slv_ctrl_top_inst/slv_tx_ctrl_inst/TX_D_26[3] (to slv_com_top_inst.CLK1)
                  --------
                   30.806   (14.4% logic, 85.6% route), 20 logic levels.

 Clock Skew Details: 

      Source Clock Path slv_com_top_inst/clk_gen_inst2/PLL_inst/PLLInst_0 to SLICE_8254:

   Name    Fanout   Delay (ns)          Site               Resource
ROUTE       379     2.137 PLL_BL0.CLKOS3 to    R32C50A.CLK slv_com_top_inst.CLK1
                  --------
                    2.137   (0.0% logic, 100.0% route), 0 logic levels.

      Destination Clock Path slv_com_top_inst/clk_gen_inst2/PLL_inst/PLLInst_0 to slv_com_top_inst/slv_ctrl_top_inst/slv_tx_ctrl_inst/SLICE_4790:

   Name    Fanout   Delay (ns)          Site               Resource
ROUTE       379     2.137 PLL_BL0.CLKOS3 to    R36C60D.CLK slv_com_top_inst.CLK1
                  --------
                    2.137   (0.0% logic, 100.0% route), 0 logic levels.


Passed: The following path meets requirements by 69.572ns

 Logical Details:  Cell type  Pin type       Cell/ASIC name  (clock net +/-)

   Source:         FF         Q              slv_com_top_inst/slv_ctrl_top_inst/slv_rx_ctrl_inst/CMD_DATA_fast[2]  (from slv_com_top_inst.CLK1 +)
   Destination:    FF         Data in        slv_com_top_inst/slv_ctrl_top_inst/slv_tx_ctrl_inst/TX_D[2]  (to slv_com_top_inst.CLK1 +)

   Delay:              30.688ns  (13.1% logic, 86.9% route), 14 logic levels.

 Constraint Details:

     30.688ns physical path delay slv_com_top_inst/slv_ctrl_top_inst/slv_rx_ctrl_inst/SLICE_4777 to slv_com_top_inst/slv_ctrl_top_inst/slv_tx_ctrl_inst/SLICE_4790 meets
    100.000ns delay constraint less
      0.000ns skew and
     -0.260ns DIN_SET requirement (totaling 100.260ns) by 69.572ns

 Physical Path Details:

      Data path slv_com_top_inst/slv_ctrl_top_inst/slv_rx_ctrl_inst/SLICE_4777 to slv_com_top_inst/slv_ctrl_top_inst/slv_tx_ctrl_inst/SLICE_4790:

   Name    Fanout   Delay (ns)          Site               Resource
REG_DEL     ---     0.525    R34C50B.CLK to     R34C50B.Q0 slv_com_top_inst/slv_ctrl_top_inst/slv_rx_ctrl_inst/SLICE_4777 (from slv_com_top_inst.CLK1)
ROUTE         9     3.581     R34C50B.Q0 to     R32C29A.B1 slv_com_top_inst.slv_ctrl_top_inst.slv_rx_ctrl_inst.CMD_DATA_fast[2]
CTOF_DEL    ---     0.236     R32C29A.B1 to     R32C29A.F1 SLICE_9608
ROUTE        32     3.433     R32C29A.F1 to     R22C49B.A1 LGSb_1_i_a2_0_a2_0_a2_0_x
CTOF_DEL    ---     0.236     R22C49B.A1 to     R22C49B.F1 SLICE_8169
ROUTE        97     7.264     R22C49B.F1 to     R21C22B.D1 N_800_1
CTOF_DEL    ---     0.236     R21C22B.D1 to     R21C22B.F1 stm01/ppmc_reg_S118M_inst/inst_ppmc_rgstr/SLICE_9578
ROUTE         1     0.837     R21C22B.F1 to     R21C22B.C0 stm01/ppmc_reg_S118M_inst/inst_ppmc_rgstr/read_data76_s15_0
CTOF_DEL    ---     0.236     R21C22B.C0 to     R21C22B.F0 stm01/ppmc_reg_S118M_inst/inst_ppmc_rgstr/SLICE_9578
ROUTE         1     1.182     R21C22B.F0 to     R19C24B.B1 stm01/ppmc_reg_S118M_inst/inst_ppmc_rgstr/read_data76_s15_1
CTOF_DEL    ---     0.236     R19C24B.B1 to     R19C24B.F1 stm01/ppmc_reg_S118M_inst/inst_ppmc_rgstr/SLICE_9572
ROUTE         1     1.300     R19C24B.F1 to     R14C21B.C0 stm01/ppmc_reg_S118M_inst/inst_ppmc_rgstr/read_data76_s15_sx
CTOF_DEL    ---     0.236     R14C21B.C0 to     R14C21B.F0 stm01/SLICE_9586
ROUTE         8     1.325     R14C21B.F0 to     R11C21D.A0 stm01/read_data76_s15
CTOF_DEL    ---     0.236     R11C21D.A0 to     R11C21D.F0 stm01/fc_sel_inst/SLICE_10822
ROUTE         1     1.446     R11C21D.F0 to     R15C20A.A1 stm01/fc_sel_inst/LDO_i_0_a2_8[2]
CTOF_DEL    ---     0.236     R15C20A.A1 to     R15C20A.F1 stm01/SLICE_9524
ROUTE         1     1.144     R15C20A.F1 to     R20C25A.D1 stm01/fc_sel_inst/LDO_i_0_a2_14[2]
CTOF_DEL    ---     0.236     R20C25A.D1 to     R20C25A.F1 stm01/SLICE_9519
ROUTE         1     0.999     R20C25A.F1 to     R22C26B.B1 stm01/fc_sel_inst/LDO_i_0_a2_17[2]
CTOF_DEL    ---     0.236     R22C26B.B1 to     R22C26B.F1 SLICE_7641
ROUTE         1     1.895     R22C26B.F1 to     R29C33D.A1 N_612
C1TOFCO_DE  ---     0.447     R29C33D.A1 to    R29C33D.FCO slv_com_top_inst/slv_ctrl_top_inst/nd_sel_inst/SLICE_3003
ROUTE         1     0.000    R29C33D.FCO to    R29C34A.FCI slv_com_top_inst/slv_ctrl_top_inst/nd_sel_inst/LDO_prm_1_2_cry
FCITOF0_DE  ---     0.443    R29C34A.FCI to     R29C34A.F0 slv_com_top_inst/slv_ctrl_top_inst/nd_sel_inst/SLICE_3004
ROUTE         1     2.271     R29C34A.F0 to     R36C60D.B0 slv_com_top_inst/slv_ctrl_top_inst/LDO[2]
CTOF_DEL    ---     0.236     R36C60D.B0 to     R36C60D.F0 slv_com_top_inst/slv_ctrl_top_inst/slv_tx_ctrl_inst/SLICE_4790
ROUTE         1     0.000     R36C60D.F0 to    R36C60D.DI0 slv_com_top_inst/slv_ctrl_top_inst/slv_tx_ctrl_inst/TX_D_26[2] (to slv_com_top_inst.CLK1)
                  --------
                   30.688   (13.1% logic, 86.9% route), 14 logic levels.

 Clock Skew Details: 

      Source Clock Path slv_com_top_inst/clk_gen_inst2/PLL_inst/PLLInst_0 to slv_com_top_inst/slv_ctrl_top_inst/slv_rx_ctrl_inst/SLICE_4777:

   Name    Fanout   Delay (ns)          Site               Resource
ROUTE       379     2.137 PLL_BL0.CLKOS3 to    R34C50B.CLK slv_com_top_inst.CLK1
                  --------
                    2.137   (0.0% logic, 100.0% route), 0 logic levels.

      Destination Clock Path slv_com_top_inst/clk_gen_inst2/PLL_inst/PLLInst_0 to slv_com_top_inst/slv_ctrl_top_inst/slv_tx_ctrl_inst/SLICE_4790:

   Name    Fanout   Delay (ns)          Site               Resource
ROUTE       379     2.137 PLL_BL0.CLKOS3 to    R36C60D.CLK slv_com_top_inst.CLK1
                  --------
                    2.137   (0.0% logic, 100.0% route), 0 logic levels.


Passed: The following path meets requirements by 69.576ns

 Logical Details:  Cell type  Pin type       Cell/ASIC name  (clock net +/-)

   Source:         FF         Q              slv_com_top_inst/slv_ctrl_top_inst/slv_tx_ctrl_inst/LA_fast[3]  (from slv_com_top_inst.CLK1 +)
   Destination:    FF         Data in        slv_com_top_inst/slv_ctrl_top_inst/slv_tx_ctrl_inst/TX_D[3]  (to slv_com_top_inst.CLK1 +)

   Delay:              30.690ns  (14.4% logic, 85.6% route), 20 logic levels.

 Constraint Details:

     30.690ns physical path delay slv_com_top_inst/slv_ctrl_top_inst/slv_tx_ctrl_inst/SLICE_4780 to slv_com_top_inst/slv_ctrl_top_inst/slv_tx_ctrl_inst/SLICE_4790 meets
    100.000ns delay constraint less
      0.000ns skew and
     -0.266ns DIN_SET requirement (totaling 100.266ns) by 69.576ns

 Physical Path Details:

      Data path slv_com_top_inst/slv_ctrl_top_inst/slv_tx_ctrl_inst/SLICE_4780 to slv_com_top_inst/slv_ctrl_top_inst/slv_tx_ctrl_inst/SLICE_4790:

   Name    Fanout   Delay (ns)          Site               Resource
REG_DEL     ---     0.522    R34C58B.CLK to     R34C58B.Q1 slv_com_top_inst/slv_ctrl_top_inst/slv_tx_ctrl_inst/SLICE_4780 (from slv_com_top_inst.CLK1)
ROUTE         6     1.199     R34C58B.Q1 to     R32C43A.D1 slv_com_top_inst.slv_ctrl_top_inst.slv_tx_ctrl_inst.LA_fast[3]
CTOF_DEL    ---     0.236     R32C43A.D1 to     R32C43A.F1 SLICE_8060
ROUTE        70     4.884     R32C43A.F1 to     R33C52B.C0 s_LA[3]
CTOF_DEL    ---     0.236     R33C52B.C0 to     R33C52B.F0 SLICE_8111
ROUTE        28     5.896     R33C52B.F0 to     R18C30B.D0 gpio01.gpio_reg_inst.N_1050
CTOF_DEL    ---     0.236     R18C30B.D0 to     R18C30B.F0 SLICE_10051
ROUTE         1     1.651     R18C30B.F0 to     R18C43C.C1 stm13/ppmc_reg_S118M_inst/inst_ppmc_rgstr/read_data62_s1_13_x_sx
CTOF_DEL    ---     0.236     R18C43C.C1 to     R18C43C.F1 stm13/ppmc_reg_S118M_inst/inst_ppmc_rgstr/SLICE_8252
ROUTE         1     0.615     R18C43C.F1 to     R18C43C.C0 stm13/ppmc_reg_S118M_inst/inst_ppmc_rgstr/read_data62_s1_13_x
CTOF_DEL    ---     0.236     R18C43C.C0 to     R18C43C.F0 stm13/ppmc_reg_S118M_inst/inst_ppmc_rgstr/SLICE_8252
ROUTE         2     0.829     R18C43C.F0 to     R19C42A.C1 stm13/ppmc_reg_S118M_inst/inst_ppmc_rgstr/read_data62_s1_18
CTOF_DEL    ---     0.236     R19C42A.C1 to     R19C42A.F1 stm13/ppmc_reg_S118M_inst/inst_ppmc_rgstr/SLICE_8215
ROUTE         7     2.136     R19C42A.F1 to     R21C28D.D0 stm13/read_data62_s1_1_0
CTOF_DEL    ---     0.236     R21C28D.D0 to     R21C28D.F0 SLICE_10896
ROUTE         1     1.182     R21C28D.F0 to     R17C31B.C1 stm13/fc_sel_inst/LDO_i_0_a2_0[3]
CTOF_DEL    ---     0.236     R17C31B.C1 to     R17C31B.F1 stm13/SLICE_8199
ROUTE         1     1.551     R17C31B.F1 to     R19C41B.B1 stm13/fc_sel_inst/LDO_i_0_a2_11[3]
CTOF_DEL    ---     0.236     R19C41B.B1 to     R19C41B.F1 stm13/SLICE_8194
ROUTE         1     1.079     R19C41B.F1 to     R18C48C.C1 stm13/fc_sel_inst/LDO_i_0_a2_16[3]
CTOF_DEL    ---     0.236     R18C48C.C1 to     R18C48C.F1 stm13/fc_sel_inst/SLICE_8271
ROUTE         1     2.955     R18C48C.F1 to     R28C32B.B1 N_752
C1TOFCO_DE  ---     0.447     R28C32B.B1 to    R28C32B.FCO slv_com_top_inst/slv_ctrl_top_inst/nd_sel_inst/SLICE_2988
ROUTE         1     0.000    R28C32B.FCO to    R28C32C.FCI slv_com_top_inst/slv_ctrl_top_inst/nd_sel_inst/LDO_prm_13_3
FCITOFCO_D  ---     0.071    R28C32C.FCI to    R28C32C.FCO slv_com_top_inst/slv_ctrl_top_inst/nd_sel_inst/SLICE_2989
ROUTE         1     0.000    R28C32C.FCO to    R28C32D.FCI slv_com_top_inst/slv_ctrl_top_inst/nd_sel_inst/LDO_prm_11_3
FCITOFCO_D  ---     0.071    R28C32D.FCI to    R28C32D.FCO slv_com_top_inst/slv_ctrl_top_inst/nd_sel_inst/SLICE_2990
ROUTE         1     0.000    R28C32D.FCO to    R28C33A.FCI slv_com_top_inst/slv_ctrl_top_inst/nd_sel_inst/LDO_prm_9_3
FCITOFCO_D  ---     0.071    R28C33A.FCI to    R28C33A.FCO slv_com_top_inst/slv_ctrl_top_inst/nd_sel_inst/SLICE_2991
ROUTE         1     0.000    R28C33A.FCO to    R28C33B.FCI slv_com_top_inst/slv_ctrl_top_inst/nd_sel_inst/LDO_prm_7_3
FCITOFCO_D  ---     0.071    R28C33B.FCI to    R28C33B.FCO slv_com_top_inst/slv_ctrl_top_inst/nd_sel_inst/SLICE_2992
ROUTE         1     0.000    R28C33B.FCO to    R28C33C.FCI slv_com_top_inst/slv_ctrl_top_inst/nd_sel_inst/LDO_prm_5_3
FCITOFCO_D  ---     0.071    R28C33C.FCI to    R28C33C.FCO slv_com_top_inst/slv_ctrl_top_inst/nd_sel_inst/SLICE_2993
ROUTE         1     0.000    R28C33C.FCO to    R28C33D.FCI slv_com_top_inst/slv_ctrl_top_inst/nd_sel_inst/LDO_prm_3_3
FCITOFCO_D  ---     0.071    R28C33D.FCI to    R28C33D.FCO slv_com_top_inst/slv_ctrl_top_inst/nd_sel_inst/SLICE_2994
ROUTE         1     0.000    R28C33D.FCO to    R28C34A.FCI slv_com_top_inst/slv_ctrl_top_inst/nd_sel_inst/LDO_prm_1_3_cry
FCITOF0_DE  ---     0.443    R28C34A.FCI to     R28C34A.F0 slv_com_top_inst/slv_ctrl_top_inst/nd_sel_inst/SLICE_2995
ROUTE         1     2.279     R28C34A.F0 to     R36C60D.A1 slv_com_top_inst/slv_ctrl_top_inst/LDO[3]
CTOF_DEL    ---     0.236     R36C60D.A1 to     R36C60D.F1 slv_com_top_inst/slv_ctrl_top_inst/slv_tx_ctrl_inst/SLICE_4790
ROUTE         1     0.000     R36C60D.F1 to    R36C60D.DI1 slv_com_top_inst/slv_ctrl_top_inst/slv_tx_ctrl_inst/TX_D_26[3] (to slv_com_top_inst.CLK1)
                  --------
                   30.690   (14.4% logic, 85.6% route), 20 logic levels.

 Clock Skew Details: 

      Source Clock Path slv_com_top_inst/clk_gen_inst2/PLL_inst/PLLInst_0 to slv_com_top_inst/slv_ctrl_top_inst/slv_tx_ctrl_inst/SLICE_4780:

   Name    Fanout   Delay (ns)          Site               Resource
ROUTE       379     2.137 PLL_BL0.CLKOS3 to    R34C58B.CLK slv_com_top_inst.CLK1
                  --------
                    2.137   (0.0% logic, 100.0% route), 0 logic levels.

      Destination Clock Path slv_com_top_inst/clk_gen_inst2/PLL_inst/PLLInst_0 to slv_com_top_inst/slv_ctrl_top_inst/slv_tx_ctrl_inst/SLICE_4790:

   Name    Fanout   Delay (ns)          Site               Resource
ROUTE       379     2.137 PLL_BL0.CLKOS3 to    R36C60D.CLK slv_com_top_inst.CLK1
                  --------
                    2.137   (0.0% logic, 100.0% route), 0 logic levels.


Passed: The following path meets requirements by 69.594ns

 Logical Details:  Cell type  Pin type       Cell/ASIC name  (clock net +/-)

   Source:         FF         Q              slv_com_top_inst/slv_ctrl_top_inst/slv_rx_ctrl_inst/LA_1_rep1  (from slv_com_top_inst.CLK1 +)
   Destination:    FF         Data in        slv_com_top_inst/slv_ctrl_top_inst/slv_tx_ctrl_inst/TX_D[6]  (to slv_com_top_inst.CLK1 +)

   Delay:              30.666ns  (12.5% logic, 87.5% route), 16 logic levels.

 Constraint Details:

     30.666ns physical path delay SLICE_10826 to slv_com_top_inst/slv_ctrl_top_inst/slv_tx_ctrl_inst/SLICE_4792 meets
    100.000ns delay constraint less
      0.000ns skew and
     -0.260ns DIN_SET requirement (totaling 100.260ns) by 69.594ns

 Physical Path Details:

      Data path SLICE_10826 to slv_com_top_inst/slv_ctrl_top_inst/slv_tx_ctrl_inst/SLICE_4792:

   Name    Fanout   Delay (ns)          Site               Resource
REG_DEL     ---     0.525    R35C53A.CLK to     R35C53A.Q0 SLICE_10826 (from slv_com_top_inst.CLK1)
ROUTE        32     4.202     R35C53A.Q0 to     R34C31B.D1 slv_com_top_inst.slv_ctrl_top_inst.LA_RX_1_rep1
CTOF_DEL    ---     0.236     R34C31B.D1 to     R34C31B.F1 gpio01/gpio_reg_inst/SLICE_8133
ROUTE        26     2.787     R34C31B.F1 to     R26C49B.B1 gpio01.gpio_reg_inst.N_1039
CTOF_DEL    ---     0.236     R26C49B.B1 to     R26C49B.F1 SLICE_7979
ROUTE        58     6.073     R26C49B.F1 to     R20C27D.B0 gpio01.gpio_reg_inst.N_1058
CTOF_DEL    ---     0.236     R20C27D.B0 to     R20C27D.F0 SLICE_10072
ROUTE         1     2.382     R20C27D.F0 to     R12C54A.A0 stm09/ppmc_reg_S118M_inst/inst_ppmc_rgstr/read_data62_s1_0
CTOF_DEL    ---     0.236     R12C54A.A0 to     R12C54A.F0 stm09/SLICE_8695
ROUTE         8     2.045     R12C54A.F0 to     R23C40B.B0 stm09/read_data62_s1
CTOF_DEL    ---     0.236     R23C40B.B0 to     R23C40B.F0 SLICE_10940
ROUTE         1     1.771     R23C40B.F0 to     R11C50D.A1 stm09/fc_sel_inst/LDO_i_i_tz_0[6]
CTOF_DEL    ---     0.236     R11C50D.A1 to     R11C50D.F1 stm09/SLICE_8685
ROUTE         1     1.334     R11C50D.F1 to     R10C55C.A1 stm09/fc_sel_inst/LDO_i_i_tz_11[6]
CTOF_DEL    ---     0.236     R10C55C.A1 to     R10C55C.F1 stm09/SLICE_8670
ROUTE         1     1.080     R10C55C.F1 to     R11C56B.A0 stm09/fc_sel_inst/LDO_i_i_tz_1_0[6]
CTOF_DEL    ---     0.236     R11C56B.A0 to     R11C56B.F0 stm09/fc_sel_inst/SLICE_11075
ROUTE         1     2.890     R11C56B.F0 to     R30C32D.B1 N_251_tz
C1TOFCO_DE  ---     0.447     R30C32D.B1 to    R30C32D.FCO slv_com_top_inst/slv_ctrl_top_inst/nd_sel_inst/SLICE_2963
ROUTE         1     0.000    R30C32D.FCO to    R30C33A.FCI slv_com_top_inst/slv_ctrl_top_inst/nd_sel_inst/LDO_prm_9_6
FCITOFCO_D  ---     0.071    R30C33A.FCI to    R30C33A.FCO slv_com_top_inst/slv_ctrl_top_inst/nd_sel_inst/SLICE_2964
ROUTE         1     0.000    R30C33A.FCO to    R30C33B.FCI slv_com_top_inst/slv_ctrl_top_inst/nd_sel_inst/LDO_prm_7_6
FCITOFCO_D  ---     0.071    R30C33B.FCI to    R30C33B.FCO slv_com_top_inst/slv_ctrl_top_inst/nd_sel_inst/SLICE_2965
ROUTE         1     0.000    R30C33B.FCO to    R30C33C.FCI slv_com_top_inst/slv_ctrl_top_inst/nd_sel_inst/LDO_prm_5_6
FCITOFCO_D  ---     0.071    R30C33C.FCI to    R30C33C.FCO slv_com_top_inst/slv_ctrl_top_inst/nd_sel_inst/SLICE_2966
ROUTE         1     0.000    R30C33C.FCO to    R30C33D.FCI slv_com_top_inst/slv_ctrl_top_inst/nd_sel_inst/LDO_prm_3_6
FCITOFCO_D  ---     0.071    R30C33D.FCI to    R30C33D.FCO slv_com_top_inst/slv_ctrl_top_inst/nd_sel_inst/SLICE_2967
ROUTE         1     0.000    R30C33D.FCO to    R30C34A.FCI slv_com_top_inst/slv_ctrl_top_inst/nd_sel_inst/LDO_prm_1_6_cry
FCITOF0_DE  ---     0.443    R30C34A.FCI to     R30C34A.F0 slv_com_top_inst/slv_ctrl_top_inst/nd_sel_inst/SLICE_2968
ROUTE         1     2.279     R30C34A.F0 to     R35C60B.A0 slv_com_top_inst/slv_ctrl_top_inst/LDO[6]
CTOF_DEL    ---     0.236     R35C60B.A0 to     R35C60B.F0 slv_com_top_inst/slv_ctrl_top_inst/slv_tx_ctrl_inst/SLICE_4792
ROUTE         1     0.000     R35C60B.F0 to    R35C60B.DI0 slv_com_top_inst/slv_ctrl_top_inst/slv_tx_ctrl_inst/TX_D_26[6] (to slv_com_top_inst.CLK1)
                  --------
                   30.666   (12.5% logic, 87.5% route), 16 logic levels.

 Clock Skew Details: 

      Source Clock Path slv_com_top_inst/clk_gen_inst2/PLL_inst/PLLInst_0 to SLICE_10826:

   Name    Fanout   Delay (ns)          Site               Resource
ROUTE       379     2.137 PLL_BL0.CLKOS3 to    R35C53A.CLK slv_com_top_inst.CLK1
                  --------
                    2.137   (0.0% logic, 100.0% route), 0 logic levels.

      Destination Clock Path slv_com_top_inst/clk_gen_inst2/PLL_inst/PLLInst_0 to slv_com_top_inst/slv_ctrl_top_inst/slv_tx_ctrl_inst/SLICE_4792:

   Name    Fanout   Delay (ns)          Site               Resource
ROUTE       379     2.137 PLL_BL0.CLKOS3 to    R35C60B.CLK slv_com_top_inst.CLK1
                  --------
                    2.137   (0.0% logic, 100.0% route), 0 logic levels.


Passed: The following path meets requirements by 69.829ns

 Logical Details:  Cell type  Pin type       Cell/ASIC name  (clock net +/-)

   Source:         FF         Q              slv_com_top_inst/slv_ctrl_top_inst/slv_rx_ctrl_inst/CMD_DATA_fast[2]  (from slv_com_top_inst.CLK1 +)
   Destination:    FF         Data in        slv_com_top_inst/slv_ctrl_top_inst/slv_tx_ctrl_inst/TX_D[7]  (to slv_com_top_inst.CLK1 +)

   Delay:              30.437ns  (14.3% logic, 85.7% route), 19 logic levels.

 Constraint Details:

     30.437ns physical path delay slv_com_top_inst/slv_ctrl_top_inst/slv_rx_ctrl_inst/SLICE_4777 to slv_com_top_inst/slv_ctrl_top_inst/slv_tx_ctrl_inst/SLICE_4792 meets
    100.000ns delay constraint less
      0.000ns skew and
     -0.266ns DIN_SET requirement (totaling 100.266ns) by 69.829ns

 Physical Path Details:

      Data path slv_com_top_inst/slv_ctrl_top_inst/slv_rx_ctrl_inst/SLICE_4777 to slv_com_top_inst/slv_ctrl_top_inst/slv_tx_ctrl_inst/SLICE_4792:

   Name    Fanout   Delay (ns)          Site               Resource
REG_DEL     ---     0.525    R34C50B.CLK to     R34C50B.Q0 slv_com_top_inst/slv_ctrl_top_inst/slv_rx_ctrl_inst/SLICE_4777 (from slv_com_top_inst.CLK1)
ROUTE         9     3.581     R34C50B.Q0 to     R32C29A.B1 slv_com_top_inst.slv_ctrl_top_inst.slv_rx_ctrl_inst.CMD_DATA_fast[2]
CTOF_DEL    ---     0.236     R32C29A.B1 to     R32C29A.F1 SLICE_9608
ROUTE        32     3.433     R32C29A.F1 to     R22C49B.A1 LGSb_1_i_a2_0_a2_0_a2_0_x
CTOF_DEL    ---     0.236     R22C49B.A1 to     R22C49B.F1 SLICE_8169
ROUTE        97     4.310     R22C49B.F1 to     R40C16C.C1 N_800_1
CTOF_DEL    ---     0.236     R40C16C.C1 to     R40C16C.F1 stm12/ppmc_reg_S118M_inst/SLICE_8296
ROUTE         6     1.929     R40C16C.F1 to     R40C14C.A1 stm12/ppmc_reg_S118M_inst/SEL_MORE_L
CTOF_DEL    ---     0.236     R40C14C.A1 to     R40C14C.F1 stm12/ppmc_reg_S118M_inst/inst_ppmc_rgstr/SLICE_8364
ROUTE         6     1.761     R40C14C.F1 to     R41C14B.A1 stm12/ppmc_reg_S118M_inst/inst_ppmc_rgstr/read_data62_s1_11
CTOF_DEL    ---     0.236     R41C14B.A1 to     R41C14B.F1 stm12/ppmc_reg_S118M_inst/inst_ppmc_rgstr/SLICE_8377
ROUTE         1     0.596     R41C14B.F1 to     R41C15C.D1 stm12/ppmc_reg_S118M_inst/inst_ppmc_rgstr/read_data62_s1_18_x_1
CTOF_DEL    ---     0.236     R41C15C.D1 to     R41C15C.F1 stm12/ppmc_reg_S118M_inst/inst_ppmc_rgstr/SLICE_10901
ROUTE         4     1.739     R41C15C.F1 to     R42C13D.C0 stm12/ppmc_reg_S118M_inst/inst_ppmc_rgstr/read_data64_s3_1
CTOF_DEL    ---     0.236     R42C13D.C0 to     R42C13D.F0 stm12/SLICE_8355
ROUTE         5     0.764     R42C13D.F0 to     R42C13C.B0 stm12/read_data64_s3
CTOF_DEL    ---     0.236     R42C13C.B0 to     R42C13C.F0 stm12/ppmc_reg_S118M_inst/inst_ppmc_rgstr/SLICE_8340
ROUTE         1     1.242     R42C13C.F0 to     R42C11D.A0 stm12/ppmc_reg_S118M_inst/inst_ppmc_rgstr/REGDO_0_iv_1[7]
CTOF_DEL    ---     0.236     R42C11D.A0 to     R42C11D.F0 stm12/SLICE_8303
ROUTE         1     0.382     R42C11D.F0 to     R42C11D.C1 stm12/REGDO_0_iv_15[7]
CTOF_DEL    ---     0.236     R42C11D.C1 to     R42C11D.F1 stm12/SLICE_8303
ROUTE         1     3.652     R42C11D.F1 to     R26C31C.B0 LDO_0_0[7]
C0TOFCO_DE  ---     0.447     R26C31C.B0 to    R26C31C.FCO slv_com_top_inst/slv_ctrl_top_inst/nd_sel_inst/SLICE_2953
ROUTE         1     0.000    R26C31C.FCO to    R26C31D.FCI slv_com_top_inst/slv_ctrl_top_inst/nd_sel_inst/LDO_prm_11_7
FCITOFCO_D  ---     0.071    R26C31D.FCI to    R26C31D.FCO slv_com_top_inst/slv_ctrl_top_inst/nd_sel_inst/SLICE_2954
ROUTE         1     0.000    R26C31D.FCO to    R26C32A.FCI slv_com_top_inst/slv_ctrl_top_inst/nd_sel_inst/LDO_prm_9_7
FCITOFCO_D  ---     0.071    R26C32A.FCI to    R26C32A.FCO slv_com_top_inst/slv_ctrl_top_inst/nd_sel_inst/SLICE_2955
ROUTE         1     0.000    R26C32A.FCO to    R26C32B.FCI slv_com_top_inst/slv_ctrl_top_inst/nd_sel_inst/LDO_prm_7_7
FCITOFCO_D  ---     0.071    R26C32B.FCI to    R26C32B.FCO slv_com_top_inst/slv_ctrl_top_inst/nd_sel_inst/SLICE_2956
ROUTE         1     0.000    R26C32B.FCO to    R26C32C.FCI slv_com_top_inst/slv_ctrl_top_inst/nd_sel_inst/LDO_prm_5_7
FCITOFCO_D  ---     0.071    R26C32C.FCI to    R26C32C.FCO slv_com_top_inst/slv_ctrl_top_inst/nd_sel_inst/SLICE_2957
ROUTE         1     0.000    R26C32C.FCO to    R26C32D.FCI slv_com_top_inst/slv_ctrl_top_inst/nd_sel_inst/LDO_prm_3_7
FCITOFCO_D  ---     0.071    R26C32D.FCI to    R26C32D.FCO slv_com_top_inst/slv_ctrl_top_inst/nd_sel_inst/SLICE_2958
ROUTE         1     0.000    R26C32D.FCO to    R26C33A.FCI slv_com_top_inst/slv_ctrl_top_inst/nd_sel_inst/LDO_prm_1_7_cry
FCITOF0_DE  ---     0.443    R26C33A.FCI to     R26C33A.F0 slv_com_top_inst/slv_ctrl_top_inst/nd_sel_inst/SLICE_2959
ROUTE         1     2.682     R26C33A.F0 to     R35C60B.B1 slv_com_top_inst/slv_ctrl_top_inst/LDO_i[7]
CTOF_DEL    ---     0.236     R35C60B.B1 to     R35C60B.F1 slv_com_top_inst/slv_ctrl_top_inst/slv_tx_ctrl_inst/SLICE_4792
ROUTE         1     0.000     R35C60B.F1 to    R35C60B.DI1 slv_com_top_inst/slv_ctrl_top_inst/slv_tx_ctrl_inst/N_377_i (to slv_com_top_inst.CLK1)
                  --------
                   30.437   (14.3% logic, 85.7% route), 19 logic levels.

 Clock Skew Details: 

      Source Clock Path slv_com_top_inst/clk_gen_inst2/PLL_inst/PLLInst_0 to slv_com_top_inst/slv_ctrl_top_inst/slv_rx_ctrl_inst/SLICE_4777:

   Name    Fanout   Delay (ns)          Site               Resource
ROUTE       379     2.137 PLL_BL0.CLKOS3 to    R34C50B.CLK slv_com_top_inst.CLK1
                  --------
                    2.137   (0.0% logic, 100.0% route), 0 logic levels.

      Destination Clock Path slv_com_top_inst/clk_gen_inst2/PLL_inst/PLLInst_0 to slv_com_top_inst/slv_ctrl_top_inst/slv_tx_ctrl_inst/SLICE_4792:

   Name    Fanout   Delay (ns)          Site               Resource
ROUTE       379     2.137 PLL_BL0.CLKOS3 to    R35C60B.CLK slv_com_top_inst.CLK1
                  --------
                    2.137   (0.0% logic, 100.0% route), 0 logic levels.


Passed: The following path meets requirements by 69.940ns

 Logical Details:  Cell type  Pin type       Cell/ASIC name  (clock net +/-)

   Source:         FF         Q              slv_com_top_inst/slv_ctrl_top_inst/slv_rx_ctrl_inst/CMD_DATA_fast[2]  (from slv_com_top_inst.CLK1 +)
   Destination:    FF         Data in        slv_com_top_inst/slv_ctrl_top_inst/slv_tx_ctrl_inst/TX_D[6]  (to slv_com_top_inst.CLK1 +)

   Delay:              30.320ns  (12.5% logic, 87.5% route), 13 logic levels.

 Constraint Details:

     30.320ns physical path delay slv_com_top_inst/slv_ctrl_top_inst/slv_rx_ctrl_inst/SLICE_4777 to slv_com_top_inst/slv_ctrl_top_inst/slv_tx_ctrl_inst/SLICE_4792 meets
    100.000ns delay constraint less
      0.000ns skew and
     -0.260ns DIN_SET requirement (totaling 100.260ns) by 69.940ns

 Physical Path Details:

      Data path slv_com_top_inst/slv_ctrl_top_inst/slv_rx_ctrl_inst/SLICE_4777 to slv_com_top_inst/slv_ctrl_top_inst/slv_tx_ctrl_inst/SLICE_4792:

   Name    Fanout   Delay (ns)          Site               Resource
REG_DEL     ---     0.525    R34C50B.CLK to     R34C50B.Q0 slv_com_top_inst/slv_ctrl_top_inst/slv_rx_ctrl_inst/SLICE_4777 (from slv_com_top_inst.CLK1)
ROUTE         9     3.581     R34C50B.Q0 to     R32C29A.B1 slv_com_top_inst.slv_ctrl_top_inst.slv_rx_ctrl_inst.CMD_DATA_fast[2]
CTOF_DEL    ---     0.236     R32C29A.B1 to     R32C29A.F1 SLICE_9608
ROUTE        32     3.433     R32C29A.F1 to     R22C49B.A1 LGSb_1_i_a2_0_a2_0_a2_0_x
CTOF_DEL    ---     0.236     R22C49B.A1 to     R22C49B.F1 SLICE_8169
ROUTE        97     3.328     R22C49B.F1 to     R23C31C.B1 N_800_1
CTOF_DEL    ---     0.236     R23C31C.B1 to     R23C31C.F1 SLICE_10203
ROUTE         1     2.139     R23C31C.F1 to     R40C31A.B1 stm02/ppmc_reg_S118M_inst/inst_ppmc_rgstr/read_data62_s1_16_0
CTOF_DEL    ---     0.236     R40C31A.B1 to     R40C31A.F1 stm02/ppmc_reg_S118M_inst/inst_ppmc_rgstr/SLICE_9419
ROUTE        29     2.471     R40C31A.F1 to     R40C24D.B0 stm02/ppmc_reg_S118M_inst/inst_ppmc_rgstr/read_data62_s1_16
CTOF_DEL    ---     0.236     R40C24D.B0 to     R40C24D.F0 stm02/ppmc_reg_S118M_inst/inst_ppmc_rgstr/SLICE_9449
ROUTE         8     2.077     R40C24D.F0 to     R41C27B.C1 stm02/ppmc_reg_S118M_inst/inst_ppmc_rgstr/read_data62_s1_18
CTOF_DEL    ---     0.236     R41C27B.C1 to     R41C27B.F1 stm02/ppmc_reg_S118M_inst/inst_ppmc_rgstr/SLICE_9442
ROUTE         8     2.371     R41C27B.F1 to     R23C40B.B1 stm02/read_data62_s1
CTOF_DEL    ---     0.236     R23C40B.B1 to     R23C40B.F1 SLICE_10940
ROUTE         1     2.350     R23C40B.F1 to     R41C29B.A1 stm02/fc_sel_inst/LDO_i_i_tz_0[6]
CTOF_DEL    ---     0.236     R41C29B.A1 to     R41C29B.F1 stm02/SLICE_9441
ROUTE         1     0.786     R41C29B.F1 to     R42C29D.A1 stm02/fc_sel_inst/LDO_i_i_tz_11[6]
CTOF_DEL    ---     0.236     R42C29D.A1 to     R42C29D.F1 stm02/SLICE_5486
ROUTE         1     1.730     R42C29D.F1 to     R30C33D.A0 N_82_tz
C0TOFCO_DE  ---     0.447     R30C33D.A0 to    R30C33D.FCO slv_com_top_inst/slv_ctrl_top_inst/nd_sel_inst/SLICE_2967
ROUTE         1     0.000    R30C33D.FCO to    R30C34A.FCI slv_com_top_inst/slv_ctrl_top_inst/nd_sel_inst/LDO_prm_1_6_cry
FCITOF0_DE  ---     0.443    R30C34A.FCI to     R30C34A.F0 slv_com_top_inst/slv_ctrl_top_inst/nd_sel_inst/SLICE_2968
ROUTE         1     2.279     R30C34A.F0 to     R35C60B.A0 slv_com_top_inst/slv_ctrl_top_inst/LDO[6]
CTOF_DEL    ---     0.236     R35C60B.A0 to     R35C60B.F0 slv_com_top_inst/slv_ctrl_top_inst/slv_tx_ctrl_inst/SLICE_4792
ROUTE         1     0.000     R35C60B.F0 to    R35C60B.DI0 slv_com_top_inst/slv_ctrl_top_inst/slv_tx_ctrl_inst/TX_D_26[6] (to slv_com_top_inst.CLK1)
                  --------
                   30.320   (12.5% logic, 87.5% route), 13 logic levels.

 Clock Skew Details: 

      Source Clock Path slv_com_top_inst/clk_gen_inst2/PLL_inst/PLLInst_0 to slv_com_top_inst/slv_ctrl_top_inst/slv_rx_ctrl_inst/SLICE_4777:

   Name    Fanout   Delay (ns)          Site               Resource
ROUTE       379     2.137 PLL_BL0.CLKOS3 to    R34C50B.CLK slv_com_top_inst.CLK1
                  --------
                    2.137   (0.0% logic, 100.0% route), 0 logic levels.

      Destination Clock Path slv_com_top_inst/clk_gen_inst2/PLL_inst/PLLInst_0 to slv_com_top_inst/slv_ctrl_top_inst/slv_tx_ctrl_inst/SLICE_4792:

   Name    Fanout   Delay (ns)          Site               Resource
ROUTE       379     2.137 PLL_BL0.CLKOS3 to    R35C60B.CLK slv_com_top_inst.CLK1
                  --------
                    2.137   (0.0% logic, 100.0% route), 0 logic levels.


Passed: The following path meets requirements by 69.947ns

 Logical Details:  Cell type  Pin type       Cell/ASIC name  (clock net +/-)

   Source:         FF         Q              slv_com_top_inst/slv_ctrl_top_inst/slv_rx_ctrl_inst/LA_fast[4]  (from slv_com_top_inst.CLK1 +)
   Destination:    FF         Data in        slv_com_top_inst/slv_ctrl_top_inst/slv_tx_ctrl_inst/TX_D[6]  (to slv_com_top_inst.CLK1 +)

   Delay:              30.313ns  (14.2% logic, 85.8% route), 18 logic levels.

 Constraint Details:

     30.313ns physical path delay slv_com_top_inst/slv_ctrl_top_inst/slv_rx_ctrl_inst/SLICE_3025 to slv_com_top_inst/slv_ctrl_top_inst/slv_tx_ctrl_inst/SLICE_4792 meets
    100.000ns delay constraint less
      0.000ns skew and
     -0.260ns DIN_SET requirement (totaling 100.260ns) by 69.947ns

 Physical Path Details:

      Data path slv_com_top_inst/slv_ctrl_top_inst/slv_rx_ctrl_inst/SLICE_3025 to slv_com_top_inst/slv_ctrl_top_inst/slv_tx_ctrl_inst/SLICE_4792:

   Name    Fanout   Delay (ns)          Site               Resource
REG_DEL     ---     0.522    R35C54C.CLK to     R35C54C.Q1 slv_com_top_inst/slv_ctrl_top_inst/slv_rx_ctrl_inst/SLICE_3025 (from slv_com_top_inst.CLK1)
ROUTE         4     1.041     R35C54C.Q1 to     R33C52B.A1 slv_com_top_inst.slv_ctrl_top_inst.slv_rx_ctrl_inst.LA_fast[4]
CTOF_DEL    ---     0.236     R33C52B.A1 to     R33C52B.F1 SLICE_8111
ROUTE        60     5.066     R33C52B.F1 to     R38C24B.D0 s_LA[4]
CTOF_DEL    ---     0.236     R38C24B.D0 to     R38C24B.F0 SLICE_8113
ROUTE        24     4.604     R38C24B.F0 to     R14C50C.C1 gpio01.gpio_reg_inst.N_1046
CTOF_DEL    ---     0.236     R14C50C.C1 to     R14C50C.F1 stm09/ppmc_reg_S118M_inst/SLICE_8640
ROUTE         3     1.042     R14C50C.F1 to     R12C50B.A0 stm09/ppmc_reg_S118M_inst/SEL_MORE_L
CTOF_DEL    ---     0.236     R12C50B.A0 to     R12C50B.F0 stm09/ppmc_reg_S118M_inst/SLICE_8704
ROUTE        13     1.695     R12C50B.F0 to     R11C52D.A1 stm09/ppmc_reg_S118M_inst/inst_ppmc_rgstr/read_data62_s1_11
CTOF_DEL    ---     0.236     R11C52D.A1 to     R11C52D.F1 stm09/ppmc_reg_S118M_inst/inst_ppmc_rgstr/SLICE_8696
ROUTE        11     1.174     R11C52D.F1 to     R12C54A.D0 stm09/read_data62_s1_18
CTOF_DEL    ---     0.236     R12C54A.D0 to     R12C54A.F0 stm09/SLICE_8695
ROUTE         8     2.045     R12C54A.F0 to     R23C40B.B0 stm09/read_data62_s1
CTOF_DEL    ---     0.236     R23C40B.B0 to     R23C40B.F0 SLICE_10940
ROUTE         1     1.771     R23C40B.F0 to     R11C50D.A1 stm09/fc_sel_inst/LDO_i_i_tz_0[6]
CTOF_DEL    ---     0.236     R11C50D.A1 to     R11C50D.F1 stm09/SLICE_8685
ROUTE         1     1.334     R11C50D.F1 to     R10C55C.A1 stm09/fc_sel_inst/LDO_i_i_tz_11[6]
CTOF_DEL    ---     0.236     R10C55C.A1 to     R10C55C.F1 stm09/SLICE_8670
ROUTE         1     1.080     R10C55C.F1 to     R11C56B.A0 stm09/fc_sel_inst/LDO_i_i_tz_1_0[6]
CTOF_DEL    ---     0.236     R11C56B.A0 to     R11C56B.F0 stm09/fc_sel_inst/SLICE_11075
ROUTE         1     2.890     R11C56B.F0 to     R30C32D.B1 N_251_tz
C1TOFCO_DE  ---     0.447     R30C32D.B1 to    R30C32D.FCO slv_com_top_inst/slv_ctrl_top_inst/nd_sel_inst/SLICE_2963
ROUTE         1     0.000    R30C32D.FCO to    R30C33A.FCI slv_com_top_inst/slv_ctrl_top_inst/nd_sel_inst/LDO_prm_9_6
FCITOFCO_D  ---     0.071    R30C33A.FCI to    R30C33A.FCO slv_com_top_inst/slv_ctrl_top_inst/nd_sel_inst/SLICE_2964
ROUTE         1     0.000    R30C33A.FCO to    R30C33B.FCI slv_com_top_inst/slv_ctrl_top_inst/nd_sel_inst/LDO_prm_7_6
FCITOFCO_D  ---     0.071    R30C33B.FCI to    R30C33B.FCO slv_com_top_inst/slv_ctrl_top_inst/nd_sel_inst/SLICE_2965
ROUTE         1     0.000    R30C33B.FCO to    R30C33C.FCI slv_com_top_inst/slv_ctrl_top_inst/nd_sel_inst/LDO_prm_5_6
FCITOFCO_D  ---     0.071    R30C33C.FCI to    R30C33C.FCO slv_com_top_inst/slv_ctrl_top_inst/nd_sel_inst/SLICE_2966
ROUTE         1     0.000    R30C33C.FCO to    R30C33D.FCI slv_com_top_inst/slv_ctrl_top_inst/nd_sel_inst/LDO_prm_3_6
FCITOFCO_D  ---     0.071    R30C33D.FCI to    R30C33D.FCO slv_com_top_inst/slv_ctrl_top_inst/nd_sel_inst/SLICE_2967
ROUTE         1     0.000    R30C33D.FCO to    R30C34A.FCI slv_com_top_inst/slv_ctrl_top_inst/nd_sel_inst/LDO_prm_1_6_cry
FCITOF0_DE  ---     0.443    R30C34A.FCI to     R30C34A.F0 slv_com_top_inst/slv_ctrl_top_inst/nd_sel_inst/SLICE_2968
ROUTE         1     2.279     R30C34A.F0 to     R35C60B.A0 slv_com_top_inst/slv_ctrl_top_inst/LDO[6]
CTOF_DEL    ---     0.236     R35C60B.A0 to     R35C60B.F0 slv_com_top_inst/slv_ctrl_top_inst/slv_tx_ctrl_inst/SLICE_4792
ROUTE         1     0.000     R35C60B.F0 to    R35C60B.DI0 slv_com_top_inst/slv_ctrl_top_inst/slv_tx_ctrl_inst/TX_D_26[6] (to slv_com_top_inst.CLK1)
                  --------
                   30.313   (14.2% logic, 85.8% route), 18 logic levels.

 Clock Skew Details: 

      Source Clock Path slv_com_top_inst/clk_gen_inst2/PLL_inst/PLLInst_0 to slv_com_top_inst/slv_ctrl_top_inst/slv_rx_ctrl_inst/SLICE_3025:

   Name    Fanout   Delay (ns)          Site               Resource
ROUTE       379     2.137 PLL_BL0.CLKOS3 to    R35C54C.CLK slv_com_top_inst.CLK1
                  --------
                    2.137   (0.0% logic, 100.0% route), 0 logic levels.

      Destination Clock Path slv_com_top_inst/clk_gen_inst2/PLL_inst/PLLInst_0 to slv_com_top_inst/slv_ctrl_top_inst/slv_tx_ctrl_inst/SLICE_4792:

   Name    Fanout   Delay (ns)          Site               Resource
ROUTE       379     2.137 PLL_BL0.CLKOS3 to    R35C60B.CLK slv_com_top_inst.CLK1
                  --------
                    2.137   (0.0% logic, 100.0% route), 0 logic levels.


Passed: The following path meets requirements by 70.113ns

 Logical Details:  Cell type  Pin type       Cell/ASIC name  (clock net +/-)

   Source:         FF         Q              slv_com_top_inst/slv_ctrl_top_inst/slv_rx_ctrl_inst/CMD_DATA_fast[2]  (from slv_com_top_inst.CLK1 +)
   Destination:    FF         Data in        slv_com_top_inst/slv_ctrl_top_inst/slv_tx_ctrl_inst/TX_D[4]  (to slv_com_top_inst.CLK1 +)

   Delay:              30.147ns  (14.6% logic, 85.4% route), 17 logic levels.

 Constraint Details:

     30.147ns physical path delay slv_com_top_inst/slv_ctrl_top_inst/slv_rx_ctrl_inst/SLICE_4777 to slv_com_top_inst/slv_ctrl_top_inst/slv_tx_ctrl_inst/SLICE_4791 meets
    100.000ns delay constraint less
      0.000ns skew and
     -0.260ns DIN_SET requirement (totaling 100.260ns) by 70.113ns

 Physical Path Details:

      Data path slv_com_top_inst/slv_ctrl_top_inst/slv_rx_ctrl_inst/SLICE_4777 to slv_com_top_inst/slv_ctrl_top_inst/slv_tx_ctrl_inst/SLICE_4791:

   Name    Fanout   Delay (ns)          Site               Resource
REG_DEL     ---     0.525    R34C50B.CLK to     R34C50B.Q0 slv_com_top_inst/slv_ctrl_top_inst/slv_rx_ctrl_inst/SLICE_4777 (from slv_com_top_inst.CLK1)
ROUTE         9     3.581     R34C50B.Q0 to     R32C29A.B1 slv_com_top_inst.slv_ctrl_top_inst.slv_rx_ctrl_inst.CMD_DATA_fast[2]
CTOF_DEL    ---     0.236     R32C29A.B1 to     R32C29A.F1 SLICE_9608
ROUTE        32     3.433     R32C29A.F1 to     R22C49B.A1 LGSb_1_i_a2_0_a2_0_a2_0_x
CTOF_DEL    ---     0.236     R22C49B.A1 to     R22C49B.F1 SLICE_8169
ROUTE        97     6.697     R22C49B.F1 to      R19C9C.A0 N_800_1
CTOF_DEL    ---     0.236      R19C9C.A0 to      R19C9C.F0 stm05/ppmc_reg_S118M_inst/inst_ppmc_rgstr/SLICE_9154
ROUTE         2     0.388      R19C9C.F0 to      R19C9B.C1 stm05/ppmc_reg_S118M_inst/inst_ppmc_rgstr/read_data82_0
CTOF_DEL    ---     0.236      R19C9B.C1 to      R19C9B.F1 stm05/ppmc_reg_S118M_inst/inst_ppmc_rgstr/SLICE_7876
ROUTE         1     0.837      R19C9B.F1 to      R19C8D.C0 stm05/ppmc_reg_S118M_inst/inst_ppmc_rgstr/read_data82_sx_0
CTOF_DEL    ---     0.236      R19C8D.C0 to      R19C8D.F0 stm05/SLICE_9155
ROUTE         3     0.841      R19C8D.F0 to      R17C7D.C0 stm05/read_data82
CTOF_DEL    ---     0.236      R17C7D.C0 to      R17C7D.F0 stm05/SLICE_9133
ROUTE        32     2.056      R17C7D.F0 to      R12C4B.A0 stm05/read_data65_s4_15
CTOF_DEL    ---     0.236      R12C4B.A0 to      R12C4B.F0 stm05/SLICE_7869
ROUTE         1     0.193      R12C4B.F0 to      R12C4B.D1 stm05/STATUS_m[4]
CTOF_DEL    ---     0.236      R12C4B.D1 to      R12C4B.F1 stm05/SLICE_7869
ROUTE         1     1.295      R12C4B.F1 to      R15C4B.C1 stm05/fc_sel_inst/LDO_i_0_a2_8[4]
CTOF_DEL    ---     0.236      R15C4B.C1 to      R15C4B.F1 stm05/SLICE_9110
ROUTE         1     1.255      R15C4B.F1 to      R22C5B.B1 stm05/fc_sel_inst/LDO_i_0_a2_14[4]
CTOF_DEL    ---     0.236      R22C5B.B1 to      R22C5B.F1 stm05/SLICE_9179
ROUTE         1     0.786      R22C5B.F1 to      R21C5C.A1 stm05/fc_sel_inst/LDO_i_0_a2_17[4]
CTOF_DEL    ---     0.236      R21C5C.A1 to      R21C5C.F1 stm05/fc_sel_inst/SLICE_9172
ROUTE         1     2.457      R21C5C.F1 to     R27C32B.B1 N_765
C1TOFCO_DE  ---     0.447     R27C32B.B1 to    R27C32B.FCO slv_com_top_inst/slv_ctrl_top_inst/nd_sel_inst/SLICE_2983
ROUTE         1     0.000    R27C32B.FCO to    R27C32C.FCI slv_com_top_inst/slv_ctrl_top_inst/nd_sel_inst/LDO_prm_5_4
FCITOFCO_D  ---     0.071    R27C32C.FCI to    R27C32C.FCO slv_com_top_inst/slv_ctrl_top_inst/nd_sel_inst/SLICE_2984
ROUTE         1     0.000    R27C32C.FCO to    R27C32D.FCI slv_com_top_inst/slv_ctrl_top_inst/nd_sel_inst/LDO_prm_3_4
FCITOFCO_D  ---     0.071    R27C32D.FCI to    R27C32D.FCO slv_com_top_inst/slv_ctrl_top_inst/nd_sel_inst/SLICE_2985
ROUTE         1     0.000    R27C32D.FCO to    R27C33A.FCI slv_com_top_inst/slv_ctrl_top_inst/nd_sel_inst/LDO_prm_1_4_cry
FCITOF0_DE  ---     0.443    R27C33A.FCI to     R27C33A.F0 slv_com_top_inst/slv_ctrl_top_inst/nd_sel_inst/SLICE_2986
ROUTE         1     1.939     R27C33A.F0 to     R35C60C.D0 slv_com_top_inst/slv_ctrl_top_inst/LDO[4]
CTOF_DEL    ---     0.236     R35C60C.D0 to     R35C60C.F0 slv_com_top_inst/slv_ctrl_top_inst/slv_tx_ctrl_inst/SLICE_4791
ROUTE         1     0.000     R35C60C.F0 to    R35C60C.DI0 slv_com_top_inst/slv_ctrl_top_inst/slv_tx_ctrl_inst/TX_D_26[4] (to slv_com_top_inst.CLK1)
                  --------
                   30.147   (14.6% logic, 85.4% route), 17 logic levels.

 Clock Skew Details: 

      Source Clock Path slv_com_top_inst/clk_gen_inst2/PLL_inst/PLLInst_0 to slv_com_top_inst/slv_ctrl_top_inst/slv_rx_ctrl_inst/SLICE_4777:

   Name    Fanout   Delay (ns)          Site               Resource
ROUTE       379     2.137 PLL_BL0.CLKOS3 to    R34C50B.CLK slv_com_top_inst.CLK1
                  --------
                    2.137   (0.0% logic, 100.0% route), 0 logic levels.

      Destination Clock Path slv_com_top_inst/clk_gen_inst2/PLL_inst/PLLInst_0 to slv_com_top_inst/slv_ctrl_top_inst/slv_tx_ctrl_inst/SLICE_4791:

   Name    Fanout   Delay (ns)          Site               Resource
ROUTE       379     2.137 PLL_BL0.CLKOS3 to    R35C60C.CLK slv_com_top_inst.CLK1
                  --------
                    2.137   (0.0% logic, 100.0% route), 0 logic levels.

Report:   32.641MHz is the maximum frequency for this preference.


================================================================================
Preference: FREQUENCY NET "slv_com_top_inst.CLKCOM_OUT" 100.000000 MHz ;
            1194 items scored, 0 timing errors detected.
--------------------------------------------------------------------------------


Passed: The following path meets requirements by 0.161ns

 Logical Details:  Cell type  Pin type       Cell/ASIC name  (clock net +/-)

   Source:         DP16KD     Port           slv_com_top_inst/tx_com_inst/tx_cont_b2_inst/tx_ck_dcfifo1_48_inst/pdp_ram_0_0_0(ASIC)  (from slv_com_top_inst.CLKCOM_OUT +)
   Destination:    FF         Data in        slv_com_top_inst_tx_com_inst_tx_cont_b2_inst_tx_ctl_3rd_inst_ps_dtio[0]  (to slv_com_top_inst.CLKCOM_OUT +)

   Delay:               9.691ns  (62.6% logic, 37.4% route), 2 logic levels.

 Constraint Details:

      9.691ns physical path delay slv_com_top_inst/tx_com_inst/tx_cont_b2_inst/tx_ck_dcfifo1_48_inst/pdp_ram_0_0_0 to UP_TXD_MGIOL meets
     10.000ns delay constraint less
      0.000ns skew and
      0.148ns DO_SET requirement (totaling 9.852ns) by 0.161ns

 Physical Path Details:

      Data path slv_com_top_inst/tx_com_inst/tx_cont_b2_inst/tx_ck_dcfifo1_48_inst/pdp_ram_0_0_0 to UP_TXD_MGIOL:

   Name    Fanout   Delay (ns)          Site               Resource
C2Q_DEL     ---     5.830 *R_R37C55.CLKB to *R_R37C55.DOB0 slv_com_top_inst/tx_com_inst/tx_cont_b2_inst/tx_ck_dcfifo1_48_inst/pdp_ram_0_0_0 (from slv_com_top_inst.CLKCOM_OUT)
ROUTE         1     0.751 *R_R37C55.DOB0 to     R34C55A.D1 slv_com_top_inst/tx_com_inst/tx_cont_b2_inst/TXEN_B[0]
CTOF_DEL    ---     0.236     R34C55A.D1 to     R34C55A.F1 SLICE_7586
ROUTE         1     2.874     R34C55A.F1 to *_L32A.TXDATA0 slv_com_top_inst.tx_com_inst.tx_cont_b2_inst.tx_ctl_3rd_inst.ps_dt_13[0] (to slv_com_top_inst.CLKCOM_OUT)
                  --------
                    9.691   (62.6% logic, 37.4% route), 2 logic levels.

 Clock Skew Details: 

      Source Clock Path slv_com_top_inst/clk_gen_inst2/PLL_inst/PLLInst_0 to slv_com_top_inst/tx_com_inst/tx_cont_b2_inst/tx_ck_dcfifo1_48_inst/pdp_ram_0_0_0:

   Name    Fanout   Delay (ns)          Site               Resource
ROUTE       173     2.237  PLL_BL0.CLKOP to *R_R37C55.CLKB slv_com_top_inst.CLKCOM_OUT
                  --------
                    2.237   (0.0% logic, 100.0% route), 0 logic levels.

      Destination Clock Path slv_com_top_inst/clk_gen_inst2/PLL_inst/PLLInst_0 to UP_TXD_MGIOL:

   Name    Fanout   Delay (ns)          Site               Resource
ROUTE       173     2.237  PLL_BL0.CLKOP to   IOL_L32A.CLK slv_com_top_inst.CLKCOM_OUT
                  --------
                    2.237   (0.0% logic, 100.0% route), 0 logic levels.


Passed: The following path meets requirements by 2.490ns

 Logical Details:  Cell type  Pin type       Cell/ASIC name  (clock net +/-)

   Source:         FF         Q              slv_com_top_inst_cds_inst_azio[0]  (from slv_com_top_inst.CLKCOM_OUT +)
   Destination:    FF         Data in        slv_com_top_inst/cds_inst/data_sel[1]  (to slv_com_top_inst.CLKCOM_OUT +)
                   FF                        slv_com_top_inst/cds_inst/data_sel[0]

   Delay:               7.537ns  (18.8% logic, 81.2% route), 5 logic levels.

 Constraint Details:

      7.537ns physical path delay UP_RXD_MGIOL to slv_com_top_inst/cds_inst/SLICE_4813 meets
     10.000ns delay constraint less
      0.100ns skew and
     -0.127ns CE_SET requirement (totaling 10.027ns) by 2.490ns

 Physical Path Details:

      Data path UP_RXD_MGIOL to slv_com_top_inst/cds_inst/SLICE_4813:

   Name    Fanout   Delay (ns)          Site               Resource
C2INP_DEL   ---     0.474   IOL_L35A.CLK to  IOL_L35A.INFF UP_RXD_MGIOL (from slv_com_top_inst.CLKCOM_OUT)
ROUTE         2     3.921  IOL_L35A.INFF to     R46C56C.D1 slv_com_top_inst.cds_inst.az[0]
CTOF_DEL    ---     0.236     R46C56C.D1 to     R46C56C.F1 slv_com_top_inst/cds_inst/SLICE_9917
ROUTE         1     0.374     R46C56C.F1 to     R46C56C.D0 slv_com_top_inst/cds_inst/un1_hit_domain_a_2_i_a2_6_6
CTOF_DEL    ---     0.236     R46C56C.D0 to     R46C56C.F0 slv_com_top_inst/cds_inst/SLICE_9917
ROUTE         1     0.634     R46C56C.F0 to     R43C56D.D0 slv_com_top_inst/cds_inst/un1_hit_domain_a_2_i_a2_6
CTOF_DEL    ---     0.236     R43C56D.D0 to     R43C56D.F0 slv_com_top_inst/cds_inst/SLICE_9916
ROUTE         1     0.596     R43C56D.F0 to     R43C57C.D0 slv_com_top_inst/cds_inst/un1_hit_domain_a_2_i_0_5
CTOF_DEL    ---     0.236     R43C57C.D0 to     R43C57C.F0 slv_com_top_inst/cds_inst/SLICE_9915
ROUTE         1     0.594     R43C57C.F0 to     R43C56B.CE slv_com_top_inst/cds_inst/N_4 (to slv_com_top_inst.CLKCOM_OUT)
                  --------
                    7.537   (18.8% logic, 81.2% route), 5 logic levels.

 Clock Skew Details: 

      Source Clock Path slv_com_top_inst/clk_gen_inst2/PLL_inst/PLLInst_0 to UP_RXD_MGIOL:

   Name    Fanout   Delay (ns)          Site               Resource
ROUTE       173     2.237  PLL_BL0.CLKOP to   IOL_L35A.CLK slv_com_top_inst.CLKCOM_OUT
                  --------
                    2.237   (0.0% logic, 100.0% route), 0 logic levels.

      Destination Clock Path slv_com_top_inst/clk_gen_inst2/PLL_inst/PLLInst_0 to slv_com_top_inst/cds_inst/SLICE_4813:

   Name    Fanout   Delay (ns)          Site               Resource
ROUTE       173     2.137  PLL_BL0.CLKOP to    R43C56B.CLK slv_com_top_inst.CLKCOM_OUT
                  --------
                    2.137   (0.0% logic, 100.0% route), 0 logic levels.


Passed: The following path meets requirements by 2.872ns

 Logical Details:  Cell type  Pin type       Cell/ASIC name  (clock net +/-)

   Source:         DP16KD     Port           slv_com_top_inst/tx_com_inst/tx_cont_b2_inst/tx_ck_dcfifo1_48_inst/pdp_ram_0_0_0(ASIC)  (from slv_com_top_inst.CLKCOM_OUT +)
   Destination:    FF         Data in        slv_com_top_inst/tx_com_inst/tx_cont_b2_inst/tx_ctl_3rd_inst/ps_dt[7]  (to slv_com_top_inst.CLKCOM_OUT +)

   Delay:               7.288ns  (83.2% logic, 16.8% route), 2 logic levels.

 Constraint Details:

      7.288ns physical path delay slv_com_top_inst/tx_com_inst/tx_cont_b2_inst/tx_ck_dcfifo1_48_inst/pdp_ram_0_0_0 to slv_com_top_inst/tx_com_inst/tx_cont_b2_inst/tx_ctl_3rd_inst/SLICE_5201 meets
     10.000ns delay constraint less
      0.100ns skew and
     -0.260ns DIN_SET requirement (totaling 10.160ns) by 2.872ns

 Physical Path Details:

      Data path slv_com_top_inst/tx_com_inst/tx_cont_b2_inst/tx_ck_dcfifo1_48_inst/pdp_ram_0_0_0 to slv_com_top_inst/tx_com_inst/tx_cont_b2_inst/tx_ctl_3rd_inst/SLICE_5201:

   Name    Fanout   Delay (ns)          Site               Resource
C2Q_DEL     ---     5.830 *R_R37C55.CLKB to *R_R37C55.DOB7 slv_com_top_inst/tx_com_inst/tx_cont_b2_inst/tx_ck_dcfifo1_48_inst/pdp_ram_0_0_0 (from slv_com_top_inst.CLKCOM_OUT)
ROUTE         1     1.222 *R_R37C55.DOB7 to     R38C57A.B0 slv_com_top_inst/tx_com_inst/tx_cont_b2_inst/TXEN_B[7]
CTOF_DEL    ---     0.236     R38C57A.B0 to     R38C57A.F0 slv_com_top_inst/tx_com_inst/tx_cont_b2_inst/tx_ctl_3rd_inst/SLICE_5201
ROUTE         1     0.000     R38C57A.F0 to    R38C57A.DI0 slv_com_top_inst/tx_com_inst/tx_cont_b2_inst/tx_ctl_3rd_inst/ps_dt_13[7] (to slv_com_top_inst.CLKCOM_OUT)
                  --------
                    7.288   (83.2% logic, 16.8% route), 2 logic levels.

 Clock Skew Details: 

      Source Clock Path slv_com_top_inst/clk_gen_inst2/PLL_inst/PLLInst_0 to slv_com_top_inst/tx_com_inst/tx_cont_b2_inst/tx_ck_dcfifo1_48_inst/pdp_ram_0_0_0:

   Name    Fanout   Delay (ns)          Site               Resource
ROUTE       173     2.237  PLL_BL0.CLKOP to *R_R37C55.CLKB slv_com_top_inst.CLKCOM_OUT
                  --------
                    2.237   (0.0% logic, 100.0% route), 0 logic levels.

      Destination Clock Path slv_com_top_inst/clk_gen_inst2/PLL_inst/PLLInst_0 to slv_com_top_inst/tx_com_inst/tx_cont_b2_inst/tx_ctl_3rd_inst/SLICE_5201:

   Name    Fanout   Delay (ns)          Site               Resource
ROUTE       173     2.137  PLL_BL0.CLKOP to    R38C57A.CLK slv_com_top_inst.CLKCOM_OUT
                  --------
                    2.137   (0.0% logic, 100.0% route), 0 logic levels.


Passed: The following path meets requirements by 2.872ns

 Logical Details:  Cell type  Pin type       Cell/ASIC name  (clock net +/-)

   Source:         DP16KD     Port           slv_com_top_inst/tx_com_inst/tx_cont_b2_inst/tx_ck_dcfifo1_48_inst/pdp_ram_0_0_0(ASIC)  (from slv_com_top_inst.CLKCOM_OUT +)
   Destination:    FF         Data in        slv_com_top_inst/tx_com_inst/tx_cont_b2_inst/tx_ctl_3rd_inst/ps_dt[3]  (to slv_com_top_inst.CLKCOM_OUT +)

   Delay:               7.288ns  (83.2% logic, 16.8% route), 2 logic levels.

 Constraint Details:

      7.288ns physical path delay slv_com_top_inst/tx_com_inst/tx_cont_b2_inst/tx_ck_dcfifo1_48_inst/pdp_ram_0_0_0 to slv_com_top_inst/tx_com_inst/tx_cont_b2_inst/tx_ctl_3rd_inst/SLICE_5199 meets
     10.000ns delay constraint less
      0.100ns skew and
     -0.260ns DIN_SET requirement (totaling 10.160ns) by 2.872ns

 Physical Path Details:

      Data path slv_com_top_inst/tx_com_inst/tx_cont_b2_inst/tx_ck_dcfifo1_48_inst/pdp_ram_0_0_0 to slv_com_top_inst/tx_com_inst/tx_cont_b2_inst/tx_ctl_3rd_inst/SLICE_5199:

   Name    Fanout   Delay (ns)          Site               Resource
C2Q_DEL     ---     5.830 *R_R37C55.CLKB to *R_R37C55.DOB3 slv_com_top_inst/tx_com_inst/tx_cont_b2_inst/tx_ck_dcfifo1_48_inst/pdp_ram_0_0_0 (from slv_com_top_inst.CLKCOM_OUT)
ROUTE         1     1.222 *R_R37C55.DOB3 to     R38C57C.B0 slv_com_top_inst/tx_com_inst/tx_cont_b2_inst/TXEN_B[3]
CTOF_DEL    ---     0.236     R38C57C.B0 to     R38C57C.F0 slv_com_top_inst/tx_com_inst/tx_cont_b2_inst/tx_ctl_3rd_inst/SLICE_5199
ROUTE         1     0.000     R38C57C.F0 to    R38C57C.DI0 slv_com_top_inst/tx_com_inst/tx_cont_b2_inst/tx_ctl_3rd_inst/ps_dt_13[3] (to slv_com_top_inst.CLKCOM_OUT)
                  --------
                    7.288   (83.2% logic, 16.8% route), 2 logic levels.

 Clock Skew Details: 

      Source Clock Path slv_com_top_inst/clk_gen_inst2/PLL_inst/PLLInst_0 to slv_com_top_inst/tx_com_inst/tx_cont_b2_inst/tx_ck_dcfifo1_48_inst/pdp_ram_0_0_0:

   Name    Fanout   Delay (ns)          Site               Resource
ROUTE       173     2.237  PLL_BL0.CLKOP to *R_R37C55.CLKB slv_com_top_inst.CLKCOM_OUT
                  --------
                    2.237   (0.0% logic, 100.0% route), 0 logic levels.

      Destination Clock Path slv_com_top_inst/clk_gen_inst2/PLL_inst/PLLInst_0 to slv_com_top_inst/tx_com_inst/tx_cont_b2_inst/tx_ctl_3rd_inst/SLICE_5199:

   Name    Fanout   Delay (ns)          Site               Resource
ROUTE       173     2.137  PLL_BL0.CLKOP to    R38C57C.CLK slv_com_top_inst.CLKCOM_OUT
                  --------
                    2.137   (0.0% logic, 100.0% route), 0 logic levels.


Passed: The following path meets requirements by 2.872ns

 Logical Details:  Cell type  Pin type       Cell/ASIC name  (clock net +/-)

   Source:         DP16KD     Port           slv_com_top_inst/tx_com_inst/tx_cont_b2_inst/tx_ck_dcfifo1_48_inst/pdp_ram_0_0_0(ASIC)  (from slv_com_top_inst.CLKCOM_OUT +)
   Destination:    FF         Data in        slv_com_top_inst/tx_com_inst/tx_cont_b2_inst/tx_ctl_3rd_inst/ps_dt[5]  (to slv_com_top_inst.CLKCOM_OUT +)

   Delay:               7.288ns  (83.2% logic, 16.8% route), 2 logic levels.

 Constraint Details:

      7.288ns physical path delay slv_com_top_inst/tx_com_inst/tx_cont_b2_inst/tx_ck_dcfifo1_48_inst/pdp_ram_0_0_0 to slv_com_top_inst/tx_com_inst/tx_cont_b2_inst/tx_ctl_3rd_inst/SLICE_5200 meets
     10.000ns delay constraint less
      0.100ns skew and
     -0.260ns DIN_SET requirement (totaling 10.160ns) by 2.872ns

 Physical Path Details:

      Data path slv_com_top_inst/tx_com_inst/tx_cont_b2_inst/tx_ck_dcfifo1_48_inst/pdp_ram_0_0_0 to slv_com_top_inst/tx_com_inst/tx_cont_b2_inst/tx_ctl_3rd_inst/SLICE_5200:

   Name    Fanout   Delay (ns)          Site               Resource
C2Q_DEL     ---     5.830 *R_R37C55.CLKB to *R_R37C55.DOB5 slv_com_top_inst/tx_com_inst/tx_cont_b2_inst/tx_ck_dcfifo1_48_inst/pdp_ram_0_0_0 (from slv_com_top_inst.CLKCOM_OUT)
ROUTE         1     1.222 *R_R37C55.DOB5 to     R38C57B.B0 slv_com_top_inst/tx_com_inst/tx_cont_b2_inst/TXEN_B[5]
CTOF_DEL    ---     0.236     R38C57B.B0 to     R38C57B.F0 slv_com_top_inst/tx_com_inst/tx_cont_b2_inst/tx_ctl_3rd_inst/SLICE_5200
ROUTE         1     0.000     R38C57B.F0 to    R38C57B.DI0 slv_com_top_inst/tx_com_inst/tx_cont_b2_inst/tx_ctl_3rd_inst/ps_dt_13[5] (to slv_com_top_inst.CLKCOM_OUT)
                  --------
                    7.288   (83.2% logic, 16.8% route), 2 logic levels.

 Clock Skew Details: 

      Source Clock Path slv_com_top_inst/clk_gen_inst2/PLL_inst/PLLInst_0 to slv_com_top_inst/tx_com_inst/tx_cont_b2_inst/tx_ck_dcfifo1_48_inst/pdp_ram_0_0_0:

   Name    Fanout   Delay (ns)          Site               Resource
ROUTE       173     2.237  PLL_BL0.CLKOP to *R_R37C55.CLKB slv_com_top_inst.CLKCOM_OUT
                  --------
                    2.237   (0.0% logic, 100.0% route), 0 logic levels.

      Destination Clock Path slv_com_top_inst/clk_gen_inst2/PLL_inst/PLLInst_0 to slv_com_top_inst/tx_com_inst/tx_cont_b2_inst/tx_ctl_3rd_inst/SLICE_5200:

   Name    Fanout   Delay (ns)          Site               Resource
ROUTE       173     2.137  PLL_BL0.CLKOP to    R38C57B.CLK slv_com_top_inst.CLKCOM_OUT
                  --------
                    2.137   (0.0% logic, 100.0% route), 0 logic levels.


Passed: The following path meets requirements by 2.984ns

 Logical Details:  Cell type  Pin type       Cell/ASIC name  (clock net +/-)

   Source:         DP16KD     Port           slv_com_top_inst/tx_com_inst/tx_cont_b2_inst/tx_ck_dcfifo1_48_inst/pdp_ram_0_0_0(ASIC)  (from slv_com_top_inst.CLKCOM_OUT +)
   Destination:    FF         Data in        slv_com_top_inst/tx_com_inst/tx_cont_b2_inst/tx_ctl_3rd_inst/ps_dt[1]  (to slv_com_top_inst.CLKCOM_OUT +)

   Delay:               7.176ns  (84.5% logic, 15.5% route), 2 logic levels.

 Constraint Details:

      7.176ns physical path delay slv_com_top_inst/tx_com_inst/tx_cont_b2_inst/tx_ck_dcfifo1_48_inst/pdp_ram_0_0_0 to slv_com_top_inst/tx_com_inst/tx_cont_b2_inst/tx_ctl_3rd_inst/SLICE_5198 meets
     10.000ns delay constraint less
      0.100ns skew and
     -0.260ns DIN_SET requirement (totaling 10.160ns) by 2.984ns

 Physical Path Details:

      Data path slv_com_top_inst/tx_com_inst/tx_cont_b2_inst/tx_ck_dcfifo1_48_inst/pdp_ram_0_0_0 to slv_com_top_inst/tx_com_inst/tx_cont_b2_inst/tx_ctl_3rd_inst/SLICE_5198:

   Name    Fanout   Delay (ns)          Site               Resource
C2Q_DEL     ---     5.830 *R_R37C55.CLKB to *R_R37C55.DOB1 slv_com_top_inst/tx_com_inst/tx_cont_b2_inst/tx_ck_dcfifo1_48_inst/pdp_ram_0_0_0 (from slv_com_top_inst.CLKCOM_OUT)
ROUTE         1     1.110 *R_R37C55.DOB1 to     R36C57C.A0 slv_com_top_inst/tx_com_inst/tx_cont_b2_inst/TXEN_B[1]
CTOF_DEL    ---     0.236     R36C57C.A0 to     R36C57C.F0 slv_com_top_inst/tx_com_inst/tx_cont_b2_inst/tx_ctl_3rd_inst/SLICE_5198
ROUTE         1     0.000     R36C57C.F0 to    R36C57C.DI0 slv_com_top_inst/tx_com_inst/tx_cont_b2_inst/tx_ctl_3rd_inst/ps_dt_13[1] (to slv_com_top_inst.CLKCOM_OUT)
                  --------
                    7.176   (84.5% logic, 15.5% route), 2 logic levels.

 Clock Skew Details: 

      Source Clock Path slv_com_top_inst/clk_gen_inst2/PLL_inst/PLLInst_0 to slv_com_top_inst/tx_com_inst/tx_cont_b2_inst/tx_ck_dcfifo1_48_inst/pdp_ram_0_0_0:

   Name    Fanout   Delay (ns)          Site               Resource
ROUTE       173     2.237  PLL_BL0.CLKOP to *R_R37C55.CLKB slv_com_top_inst.CLKCOM_OUT
                  --------
                    2.237   (0.0% logic, 100.0% route), 0 logic levels.

      Destination Clock Path slv_com_top_inst/clk_gen_inst2/PLL_inst/PLLInst_0 to slv_com_top_inst/tx_com_inst/tx_cont_b2_inst/tx_ctl_3rd_inst/SLICE_5198:

   Name    Fanout   Delay (ns)          Site               Resource
ROUTE       173     2.137  PLL_BL0.CLKOP to    R36C57C.CLK slv_com_top_inst.CLKCOM_OUT
                  --------
                    2.137   (0.0% logic, 100.0% route), 0 logic levels.


Passed: The following path meets requirements by 3.054ns

 Logical Details:  Cell type  Pin type       Cell/ASIC name  (clock net +/-)

   Source:         DP16KD     Port           slv_com_top_inst/tx_com_inst/tx_cont_b2_inst/tx_ck_dcfifo1_48_inst/pdp_ram_0_0_0(ASIC)  (from slv_com_top_inst.CLKCOM_OUT +)
   Destination:    FF         Data in        slv_com_top_inst/tx_com_inst/tx_cont_b2_inst/tx_ctl_3rd_inst/ps_dt[4]  (to slv_com_top_inst.CLKCOM_OUT +)

   Delay:               7.112ns  (85.3% logic, 14.7% route), 2 logic levels.

 Constraint Details:

      7.112ns physical path delay slv_com_top_inst/tx_com_inst/tx_cont_b2_inst/tx_ck_dcfifo1_48_inst/pdp_ram_0_0_0 to slv_com_top_inst/tx_com_inst/tx_cont_b2_inst/tx_ctl_3rd_inst/SLICE_5199 meets
     10.000ns delay constraint less
      0.100ns skew and
     -0.266ns DIN_SET requirement (totaling 10.166ns) by 3.054ns

 Physical Path Details:

      Data path slv_com_top_inst/tx_com_inst/tx_cont_b2_inst/tx_ck_dcfifo1_48_inst/pdp_ram_0_0_0 to slv_com_top_inst/tx_com_inst/tx_cont_b2_inst/tx_ctl_3rd_inst/SLICE_5199:

   Name    Fanout   Delay (ns)          Site               Resource
C2Q_DEL     ---     5.830 *R_R37C55.CLKB to *R_R37C55.DOB4 slv_com_top_inst/tx_com_inst/tx_cont_b2_inst/tx_ck_dcfifo1_48_inst/pdp_ram_0_0_0 (from slv_com_top_inst.CLKCOM_OUT)
ROUTE         1     1.046 *R_R37C55.DOB4 to     R38C57C.C1 slv_com_top_inst/tx_com_inst/tx_cont_b2_inst/TXEN_B[4]
CTOF_DEL    ---     0.236     R38C57C.C1 to     R38C57C.F1 slv_com_top_inst/tx_com_inst/tx_cont_b2_inst/tx_ctl_3rd_inst/SLICE_5199
ROUTE         1     0.000     R38C57C.F1 to    R38C57C.DI1 slv_com_top_inst/tx_com_inst/tx_cont_b2_inst/tx_ctl_3rd_inst/ps_dt_13[4] (to slv_com_top_inst.CLKCOM_OUT)
                  --------
                    7.112   (85.3% logic, 14.7% route), 2 logic levels.

 Clock Skew Details: 

      Source Clock Path slv_com_top_inst/clk_gen_inst2/PLL_inst/PLLInst_0 to slv_com_top_inst/tx_com_inst/tx_cont_b2_inst/tx_ck_dcfifo1_48_inst/pdp_ram_0_0_0:

   Name    Fanout   Delay (ns)          Site               Resource
ROUTE       173     2.237  PLL_BL0.CLKOP to *R_R37C55.CLKB slv_com_top_inst.CLKCOM_OUT
                  --------
                    2.237   (0.0% logic, 100.0% route), 0 logic levels.

      Destination Clock Path slv_com_top_inst/clk_gen_inst2/PLL_inst/PLLInst_0 to slv_com_top_inst/tx_com_inst/tx_cont_b2_inst/tx_ctl_3rd_inst/SLICE_5199:

   Name    Fanout   Delay (ns)          Site               Resource
ROUTE       173     2.137  PLL_BL0.CLKOP to    R38C57C.CLK slv_com_top_inst.CLKCOM_OUT
                  --------
                    2.137   (0.0% logic, 100.0% route), 0 logic levels.


Passed: The following path meets requirements by 3.054ns

 Logical Details:  Cell type  Pin type       Cell/ASIC name  (clock net +/-)

   Source:         DP16KD     Port           slv_com_top_inst/tx_com_inst/tx_cont_b2_inst/tx_ck_dcfifo1_48_inst/pdp_ram_0_0_0(ASIC)  (from slv_com_top_inst.CLKCOM_OUT +)
   Destination:    FF         Data in        slv_com_top_inst/tx_com_inst/tx_cont_b2_inst/tx_ctl_3rd_inst/ps_dt[8]  (to slv_com_top_inst.CLKCOM_OUT +)

   Delay:               7.112ns  (85.3% logic, 14.7% route), 2 logic levels.

 Constraint Details:

      7.112ns physical path delay slv_com_top_inst/tx_com_inst/tx_cont_b2_inst/tx_ck_dcfifo1_48_inst/pdp_ram_0_0_0 to slv_com_top_inst/tx_com_inst/tx_cont_b2_inst/tx_ctl_3rd_inst/SLICE_5201 meets
     10.000ns delay constraint less
      0.100ns skew and
     -0.266ns DIN_SET requirement (totaling 10.166ns) by 3.054ns

 Physical Path Details:

      Data path slv_com_top_inst/tx_com_inst/tx_cont_b2_inst/tx_ck_dcfifo1_48_inst/pdp_ram_0_0_0 to slv_com_top_inst/tx_com_inst/tx_cont_b2_inst/tx_ctl_3rd_inst/SLICE_5201:

   Name    Fanout   Delay (ns)          Site               Resource
C2Q_DEL     ---     5.830 *R_R37C55.CLKB to *R_R37C55.DOB8 slv_com_top_inst/tx_com_inst/tx_cont_b2_inst/tx_ck_dcfifo1_48_inst/pdp_ram_0_0_0 (from slv_com_top_inst.CLKCOM_OUT)
ROUTE         1     1.046 *R_R37C55.DOB8 to     R38C57A.C1 slv_com_top_inst/tx_com_inst/tx_cont_b2_inst/TXEN_B[8]
CTOF_DEL    ---     0.236     R38C57A.C1 to     R38C57A.F1 slv_com_top_inst/tx_com_inst/tx_cont_b2_inst/tx_ctl_3rd_inst/SLICE_5201
ROUTE         1     0.000     R38C57A.F1 to    R38C57A.DI1 slv_com_top_inst/tx_com_inst/tx_cont_b2_inst/tx_ctl_3rd_inst/ps_dt_13[8] (to slv_com_top_inst.CLKCOM_OUT)
                  --------
                    7.112   (85.3% logic, 14.7% route), 2 logic levels.

 Clock Skew Details: 

      Source Clock Path slv_com_top_inst/clk_gen_inst2/PLL_inst/PLLInst_0 to slv_com_top_inst/tx_com_inst/tx_cont_b2_inst/tx_ck_dcfifo1_48_inst/pdp_ram_0_0_0:

   Name    Fanout   Delay (ns)          Site               Resource
ROUTE       173     2.237  PLL_BL0.CLKOP to *R_R37C55.CLKB slv_com_top_inst.CLKCOM_OUT
                  --------
                    2.237   (0.0% logic, 100.0% route), 0 logic levels.

      Destination Clock Path slv_com_top_inst/clk_gen_inst2/PLL_inst/PLLInst_0 to slv_com_top_inst/tx_com_inst/tx_cont_b2_inst/tx_ctl_3rd_inst/SLICE_5201:

   Name    Fanout   Delay (ns)          Site               Resource
ROUTE       173     2.137  PLL_BL0.CLKOP to    R38C57A.CLK slv_com_top_inst.CLKCOM_OUT
                  --------
                    2.137   (0.0% logic, 100.0% route), 0 logic levels.


Passed: The following path meets requirements by 3.174ns

 Logical Details:  Cell type  Pin type       Cell/ASIC name  (clock net +/-)

   Source:         DP16KD     Port           slv_com_top_inst/tx_com_inst/tx_cont_b2_inst/tx_ck_dcfifo1_48_inst/pdp_ram_0_0_0(ASIC)  (from slv_com_top_inst.CLKCOM_OUT +)
   Destination:    FF         Data in        slv_com_top_inst/tx_com_inst/tx_cont_b2_inst/tx_ctl_3rd_inst/ps_dt[2]  (to slv_com_top_inst.CLKCOM_OUT +)

   Delay:               6.992ns  (86.8% logic, 13.2% route), 2 logic levels.

 Constraint Details:

      6.992ns physical path delay slv_com_top_inst/tx_com_inst/tx_cont_b2_inst/tx_ck_dcfifo1_48_inst/pdp_ram_0_0_0 to slv_com_top_inst/tx_com_inst/tx_cont_b2_inst/tx_ctl_3rd_inst/SLICE_5198 meets
     10.000ns delay constraint less
      0.100ns skew and
     -0.266ns DIN_SET requirement (totaling 10.166ns) by 3.174ns

 Physical Path Details:

      Data path slv_com_top_inst/tx_com_inst/tx_cont_b2_inst/tx_ck_dcfifo1_48_inst/pdp_ram_0_0_0 to slv_com_top_inst/tx_com_inst/tx_cont_b2_inst/tx_ctl_3rd_inst/SLICE_5198:

   Name    Fanout   Delay (ns)          Site               Resource
C2Q_DEL     ---     5.830 *R_R37C55.CLKB to *R_R37C55.DOB2 slv_com_top_inst/tx_com_inst/tx_cont_b2_inst/tx_ck_dcfifo1_48_inst/pdp_ram_0_0_0 (from slv_com_top_inst.CLKCOM_OUT)
ROUTE         1     0.926 *R_R37C55.DOB2 to     R36C57C.C1 slv_com_top_inst/tx_com_inst/tx_cont_b2_inst/TXEN_B[2]
CTOF_DEL    ---     0.236     R36C57C.C1 to     R36C57C.F1 slv_com_top_inst/tx_com_inst/tx_cont_b2_inst/tx_ctl_3rd_inst/SLICE_5198
ROUTE         1     0.000     R36C57C.F1 to    R36C57C.DI1 slv_com_top_inst/tx_com_inst/tx_cont_b2_inst/tx_ctl_3rd_inst/ps_dt_13[2] (to slv_com_top_inst.CLKCOM_OUT)
                  --------
                    6.992   (86.8% logic, 13.2% route), 2 logic levels.

 Clock Skew Details: 

      Source Clock Path slv_com_top_inst/clk_gen_inst2/PLL_inst/PLLInst_0 to slv_com_top_inst/tx_com_inst/tx_cont_b2_inst/tx_ck_dcfifo1_48_inst/pdp_ram_0_0_0:

   Name    Fanout   Delay (ns)          Site               Resource
ROUTE       173     2.237  PLL_BL0.CLKOP to *R_R37C55.CLKB slv_com_top_inst.CLKCOM_OUT
                  --------
                    2.237   (0.0% logic, 100.0% route), 0 logic levels.

      Destination Clock Path slv_com_top_inst/clk_gen_inst2/PLL_inst/PLLInst_0 to slv_com_top_inst/tx_com_inst/tx_cont_b2_inst/tx_ctl_3rd_inst/SLICE_5198:

   Name    Fanout   Delay (ns)          Site               Resource
ROUTE       173     2.137  PLL_BL0.CLKOP to    R36C57C.CLK slv_com_top_inst.CLKCOM_OUT
                  --------
                    2.137   (0.0% logic, 100.0% route), 0 logic levels.


Passed: The following path meets requirements by 3.183ns

 Logical Details:  Cell type  Pin type       Cell/ASIC name  (clock net +/-)

   Source:         DP16KD     Port           slv_com_top_inst/tx_com_inst/tx_cont_b2_inst/tx_ck_dcfifo1_48_inst/pdp_ram_0_0_0(ASIC)  (from slv_com_top_inst.CLKCOM_OUT +)
   Destination:    FF         Data in        slv_com_top_inst/tx_com_inst/tx_cont_b2_inst/tx_ctl_3rd_inst/ps_dt[9]  (to slv_com_top_inst.CLKCOM_OUT +)

   Delay:               6.879ns  (84.8% logic, 15.2% route), 1 logic levels.

 Constraint Details:

      6.879ns physical path delay slv_com_top_inst/tx_com_inst/tx_cont_b2_inst/tx_ck_dcfifo1_48_inst/pdp_ram_0_0_0 to slv_com_top_inst/tx_com_inst/tx_cont_b2_inst/tx_ctl_3rd_inst/SLICE_5202 meets
     10.000ns delay constraint less
      0.100ns skew and
     -0.162ns M_SET requirement (totaling 10.062ns) by 3.183ns

 Physical Path Details:

      Data path slv_com_top_inst/tx_com_inst/tx_cont_b2_inst/tx_ck_dcfifo1_48_inst/pdp_ram_0_0_0 to slv_com_top_inst/tx_com_inst/tx_cont_b2_inst/tx_ctl_3rd_inst/SLICE_5202:

   Name    Fanout   Delay (ns)          Site               Resource
C2Q_DEL     ---     5.830 *R_R37C55.CLKB to *R_R37C55.DOB9 slv_com_top_inst/tx_com_inst/tx_cont_b2_inst/tx_ck_dcfifo1_48_inst/pdp_ram_0_0_0 (from slv_com_top_inst.CLKCOM_OUT)
ROUTE         1     1.049 *R_R37C55.DOB9 to     R38C58C.M0 slv_com_top_inst/tx_com_inst/tx_cont_b2_inst/TXEN_B[9] (to slv_com_top_inst.CLKCOM_OUT)
                  --------
                    6.879   (84.8% logic, 15.2% route), 1 logic levels.

 Clock Skew Details: 

      Source Clock Path slv_com_top_inst/clk_gen_inst2/PLL_inst/PLLInst_0 to slv_com_top_inst/tx_com_inst/tx_cont_b2_inst/tx_ck_dcfifo1_48_inst/pdp_ram_0_0_0:

   Name    Fanout   Delay (ns)          Site               Resource
ROUTE       173     2.237  PLL_BL0.CLKOP to *R_R37C55.CLKB slv_com_top_inst.CLKCOM_OUT
                  --------
                    2.237   (0.0% logic, 100.0% route), 0 logic levels.

      Destination Clock Path slv_com_top_inst/clk_gen_inst2/PLL_inst/PLLInst_0 to slv_com_top_inst/tx_com_inst/tx_cont_b2_inst/tx_ctl_3rd_inst/SLICE_5202:

   Name    Fanout   Delay (ns)          Site               Resource
ROUTE       173     2.137  PLL_BL0.CLKOP to    R38C58C.CLK slv_com_top_inst.CLKCOM_OUT
                  --------
                    2.137   (0.0% logic, 100.0% route), 0 logic levels.

Report:  101.636MHz is the maximum frequency for this preference.


================================================================================
Preference: FREQUENCY NET "slv_com_top_inst/CLK2A" 100.000000 MHz ;
            108 items scored, 0 timing errors detected.
--------------------------------------------------------------------------------


Passed: The following path meets requirements by 4.621ns

 Logical Details:  Cell type  Pin type       Cell/ASIC name  (clock net +/-)

   Source:         FF         Q              slv_com_top_inst/rst_cnt_inst/clk2Ap_cntr[8]  (from slv_com_top_inst/CLK2A +)
   Destination:    FF         Data in        slv_com_top_inst/cds_inst/bz[0]  (to slv_com_top_inst/CLK2A +)

   Delay:               4.579ns  (16.6% logic, 83.4% route), 2 logic levels.

 Constraint Details:

      4.579ns physical path delay slv_com_top_inst/rst_cnt_inst/SLICE_4826 to slv_com_top_inst/cds_inst/SLICE_4804 meets
     10.000ns delay constraint less
      0.000ns skew and
      0.800ns LSRREC_SET requirement (totaling 9.200ns) by 4.621ns

 Physical Path Details:

      Data path slv_com_top_inst/rst_cnt_inst/SLICE_4826 to slv_com_top_inst/cds_inst/SLICE_4804:

   Name    Fanout   Delay (ns)          Site               Resource
REG_DEL     ---     0.525     R5C59B.CLK to      R5C59B.Q0 slv_com_top_inst/rst_cnt_inst/SLICE_4826 (from slv_com_top_inst/CLK2A)
ROUTE         8     2.759      R5C59B.Q0 to     R44C54A.D1 slv_com_top_inst/rst_cnt_inst/clk2Ap_cntr[8]
CTOF_DEL    ---     0.236     R44C54A.D1 to     R44C54A.F1 slv_com_top_inst/SLICE_11038
ROUTE         3     1.059     R44C54A.F1 to    R41C52D.LSR slv_com_top_inst/s_RSTb3_2Ap_i (to slv_com_top_inst/CLK2A)
                  --------
                    4.579   (16.6% logic, 83.4% route), 2 logic levels.

 Clock Skew Details: 

      Source Clock Path slv_com_top_inst/clk_gen_inst2/PLL_inst/PLLInst_0 to slv_com_top_inst/rst_cnt_inst/SLICE_4826:

   Name    Fanout   Delay (ns)          Site               Resource
ROUTE        16     2.137  PLL_BL0.CLKOS to     R5C59B.CLK slv_com_top_inst/CLK2A
                  --------
                    2.137   (0.0% logic, 100.0% route), 0 logic levels.

      Destination Clock Path slv_com_top_inst/clk_gen_inst2/PLL_inst/PLLInst_0 to slv_com_top_inst/cds_inst/SLICE_4804:

   Name    Fanout   Delay (ns)          Site               Resource
ROUTE        16     2.137  PLL_BL0.CLKOS to    R41C52D.CLK slv_com_top_inst/CLK2A
                  --------
                    2.137   (0.0% logic, 100.0% route), 0 logic levels.


Passed: The following path meets requirements by 5.063ns

 Logical Details:  Cell type  Pin type       Cell/ASIC name  (clock net +/-)

   Source:         FF         Q              slv_com_top_inst/rst_cnt_inst/clk2Ap_cntr[8]  (from slv_com_top_inst/CLK2A +)
   Destination:    FF         Data in        slv_com_top_inst/cds_inst/dz[2]  (to slv_com_top_inst/CLK2A +)

   Delay:               4.137ns  (18.4% logic, 81.6% route), 2 logic levels.

 Constraint Details:

      4.137ns physical path delay slv_com_top_inst/rst_cnt_inst/SLICE_4826 to slv_com_top_inst/cds_inst/SLICE_4818 meets
     10.000ns delay constraint less
      0.000ns skew and
      0.800ns LSRREC_SET requirement (totaling 9.200ns) by 5.063ns

 Physical Path Details:

      Data path slv_com_top_inst/rst_cnt_inst/SLICE_4826 to slv_com_top_inst/cds_inst/SLICE_4818:

   Name    Fanout   Delay (ns)          Site               Resource
REG_DEL     ---     0.525     R5C59B.CLK to      R5C59B.Q0 slv_com_top_inst/rst_cnt_inst/SLICE_4826 (from slv_com_top_inst/CLK2A)
ROUTE         8     2.759      R5C59B.Q0 to     R44C54A.D1 slv_com_top_inst/rst_cnt_inst/clk2Ap_cntr[8]
CTOF_DEL    ---     0.236     R44C54A.D1 to     R44C54A.F1 slv_com_top_inst/SLICE_11038
ROUTE         3     0.617     R44C54A.F1 to    R43C54D.LSR slv_com_top_inst/s_RSTb3_2Ap_i (to slv_com_top_inst/CLK2A)
                  --------
                    4.137   (18.4% logic, 81.6% route), 2 logic levels.

 Clock Skew Details: 

      Source Clock Path slv_com_top_inst/clk_gen_inst2/PLL_inst/PLLInst_0 to slv_com_top_inst/rst_cnt_inst/SLICE_4826:

   Name    Fanout   Delay (ns)          Site               Resource
ROUTE        16     2.137  PLL_BL0.CLKOS to     R5C59B.CLK slv_com_top_inst/CLK2A
                  --------
                    2.137   (0.0% logic, 100.0% route), 0 logic levels.

      Destination Clock Path slv_com_top_inst/clk_gen_inst2/PLL_inst/PLLInst_0 to slv_com_top_inst/cds_inst/SLICE_4818:

   Name    Fanout   Delay (ns)          Site               Resource
ROUTE        16     2.137  PLL_BL0.CLKOS to    R43C54D.CLK slv_com_top_inst/CLK2A
                  --------
                    2.137   (0.0% logic, 100.0% route), 0 logic levels.


Passed: The following path meets requirements by 5.063ns

 Logical Details:  Cell type  Pin type       Cell/ASIC name  (clock net +/-)

   Source:         FF         Q              slv_com_top_inst/rst_cnt_inst/clk2Ap_cntr[8]  (from slv_com_top_inst/CLK2A +)
   Destination:    FF         Data in        slv_com_top_inst/cds_inst/cz[1]  (to slv_com_top_inst/CLK2A +)

   Delay:               4.137ns  (18.4% logic, 81.6% route), 2 logic levels.

 Constraint Details:

      4.137ns physical path delay slv_com_top_inst/rst_cnt_inst/SLICE_4826 to slv_com_top_inst/cds_inst/SLICE_4810 meets
     10.000ns delay constraint less
      0.000ns skew and
      0.800ns LSRREC_SET requirement (totaling 9.200ns) by 5.063ns

 Physical Path Details:

      Data path slv_com_top_inst/rst_cnt_inst/SLICE_4826 to slv_com_top_inst/cds_inst/SLICE_4810:

   Name    Fanout   Delay (ns)          Site               Resource
REG_DEL     ---     0.525     R5C59B.CLK to      R5C59B.Q0 slv_com_top_inst/rst_cnt_inst/SLICE_4826 (from slv_com_top_inst/CLK2A)
ROUTE         8     2.759      R5C59B.Q0 to     R44C54A.D1 slv_com_top_inst/rst_cnt_inst/clk2Ap_cntr[8]
CTOF_DEL    ---     0.236     R44C54A.D1 to     R44C54A.F1 slv_com_top_inst/SLICE_11038
ROUTE         3     0.617     R44C54A.F1 to    R42C54C.LSR slv_com_top_inst/s_RSTb3_2Ap_i (to slv_com_top_inst/CLK2A)
                  --------
                    4.137   (18.4% logic, 81.6% route), 2 logic levels.

 Clock Skew Details: 

      Source Clock Path slv_com_top_inst/clk_gen_inst2/PLL_inst/PLLInst_0 to slv_com_top_inst/rst_cnt_inst/SLICE_4826:

   Name    Fanout   Delay (ns)          Site               Resource
ROUTE        16     2.137  PLL_BL0.CLKOS to     R5C59B.CLK slv_com_top_inst/CLK2A
                  --------
                    2.137   (0.0% logic, 100.0% route), 0 logic levels.

      Destination Clock Path slv_com_top_inst/clk_gen_inst2/PLL_inst/PLLInst_0 to slv_com_top_inst/cds_inst/SLICE_4810:

   Name    Fanout   Delay (ns)          Site               Resource
ROUTE        16     2.137  PLL_BL0.CLKOS to    R42C54C.CLK slv_com_top_inst/CLK2A
                  --------
                    2.137   (0.0% logic, 100.0% route), 0 logic levels.


Passed: The following path meets requirements by 6.843ns

 Logical Details:  Cell type  Pin type       Cell/ASIC name  (clock net +/-)

   Source:         FF         Q              slv_com_top_inst/rst_cnt_inst/clk2An_cntr[8]  (from slv_com_top_inst/CLK2A -)
   Destination:    FF         Data in        slv_com_top_inst/cds_inst/dz[0]  (to slv_com_top_inst/CLK2A -)

   Delay:               2.325ns  (31.3% logic, 68.7% route), 2 logic levels.

 Constraint Details:

      2.325ns physical path delay slv_com_top_inst/SLICE_4823 to slv_com_top_inst/cds_inst/SLICE_4816 meets
     10.000ns delay constraint less
      0.000ns skew and
      0.832ns LSRREC_SET requirement (totaling 9.168ns) by 6.843ns

 Physical Path Details:

      Data path slv_com_top_inst/SLICE_4823 to slv_com_top_inst/cds_inst/SLICE_4816:

   Name    Fanout   Delay (ns)          Site               Resource
REG_DEL     ---     0.491    R42C57B.CLK to     R42C57B.Q0 slv_com_top_inst/SLICE_4823 (from slv_com_top_inst/CLK2A)
ROUTE         8     0.783     R42C57B.Q0 to     R42C57B.B1 slv_com_top_inst/clk2An_cntr[8]
CTOF_DEL    ---     0.236     R42C57B.B1 to     R42C57B.F1 slv_com_top_inst/SLICE_4823
ROUTE         1     0.815     R42C57B.F1 to    R41C56C.LSR slv_com_top_inst/cds_inst/s_RSTb3_2An_i (to slv_com_top_inst/CLK2A)
                  --------
                    2.325   (31.3% logic, 68.7% route), 2 logic levels.

 Clock Skew Details: 

      Source Clock Path slv_com_top_inst/clk_gen_inst2/PLL_inst/PLLInst_0 to slv_com_top_inst/SLICE_4823:

   Name    Fanout   Delay (ns)          Site               Resource
ROUTE        16     2.137  PLL_BL0.CLKOS to    R42C57B.CLK slv_com_top_inst/CLK2A
                  --------
                    2.137   (0.0% logic, 100.0% route), 0 logic levels.

      Destination Clock Path slv_com_top_inst/clk_gen_inst2/PLL_inst/PLLInst_0 to slv_com_top_inst/cds_inst/SLICE_4816:

   Name    Fanout   Delay (ns)          Site               Resource
ROUTE        16     2.137  PLL_BL0.CLKOS to    R41C56C.CLK slv_com_top_inst/CLK2A
                  --------
                    2.137   (0.0% logic, 100.0% route), 0 logic levels.


Passed: The following path meets requirements by 7.131ns

 Logical Details:  Cell type  Pin type       Cell/ASIC name  (clock net +/-)

   Source:         FF         Q              slv_com_top_inst/rst_cnt_inst/clk2Ap_cntr[1]  (from slv_com_top_inst/CLK2A +)
   Destination:    FF         Data in        slv_com_top_inst/rst_cnt_inst/clk2Ap_cntr[8]  (to slv_com_top_inst/CLK2A +)

   Delay:               3.129ns  (58.3% logic, 41.7% route), 6 logic levels.

 Constraint Details:

      3.129ns physical path delay slv_com_top_inst/rst_cnt_inst/SLICE_3045 to slv_com_top_inst/rst_cnt_inst/SLICE_4826 meets
     10.000ns delay constraint less
      0.000ns skew and
     -0.260ns DIN_SET requirement (totaling 10.260ns) by 7.131ns

 Physical Path Details:

      Data path slv_com_top_inst/rst_cnt_inst/SLICE_3045 to slv_com_top_inst/rst_cnt_inst/SLICE_4826:

   Name    Fanout   Delay (ns)          Site               Resource
REG_DEL     ---     0.525     R5C58B.CLK to      R5C58B.Q0 slv_com_top_inst/rst_cnt_inst/SLICE_3045 (from slv_com_top_inst/CLK2A)
ROUTE         1     0.747      R5C58B.Q0 to      R5C58B.A0 slv_com_top_inst/rst_cnt_inst/clk2Ap_cntr[1]
C0TOFCO_DE  ---     0.447      R5C58B.A0 to     R5C58B.FCO slv_com_top_inst/rst_cnt_inst/SLICE_3045
ROUTE         1     0.000     R5C58B.FCO to     R5C58C.FCI slv_com_top_inst/rst_cnt_inst/clk2Ap_cntr_cry[2]
FCITOFCO_D  ---     0.071     R5C58C.FCI to     R5C58C.FCO slv_com_top_inst/rst_cnt_inst/SLICE_3046
ROUTE         1     0.000     R5C58C.FCO to     R5C58D.FCI slv_com_top_inst/rst_cnt_inst/clk2Ap_cntr_cry[4]
FCITOFCO_D  ---     0.071     R5C58D.FCI to     R5C58D.FCO slv_com_top_inst/rst_cnt_inst/SLICE_3047
ROUTE         1     0.000     R5C58D.FCO to     R5C59A.FCI slv_com_top_inst/rst_cnt_inst/clk2Ap_cntr_cry[6]
FCITOF1_DE  ---     0.474     R5C59A.FCI to      R5C59A.F1 slv_com_top_inst/rst_cnt_inst/SLICE_3048
ROUTE         1     0.558      R5C59A.F1 to      R5C59B.B0 slv_com_top_inst/rst_cnt_inst/clk2Ap_cntr_s[8]
CTOF_DEL    ---     0.236      R5C59B.B0 to      R5C59B.F0 slv_com_top_inst/rst_cnt_inst/SLICE_4826
ROUTE         1     0.000      R5C59B.F0 to     R5C59B.DI0 slv_com_top_inst/rst_cnt_inst/N_64399_0 (to slv_com_top_inst/CLK2A)
                  --------
                    3.129   (58.3% logic, 41.7% route), 6 logic levels.

 Clock Skew Details: 

      Source Clock Path slv_com_top_inst/clk_gen_inst2/PLL_inst/PLLInst_0 to slv_com_top_inst/rst_cnt_inst/SLICE_3045:

   Name    Fanout   Delay (ns)          Site               Resource
ROUTE        16     2.137  PLL_BL0.CLKOS to     R5C58B.CLK slv_com_top_inst/CLK2A
                  --------
                    2.137   (0.0% logic, 100.0% route), 0 logic levels.

      Destination Clock Path slv_com_top_inst/clk_gen_inst2/PLL_inst/PLLInst_0 to slv_com_top_inst/rst_cnt_inst/SLICE_4826:

   Name    Fanout   Delay (ns)          Site               Resource
ROUTE        16     2.137  PLL_BL0.CLKOS to     R5C59B.CLK slv_com_top_inst/CLK2A
                  --------
                    2.137   (0.0% logic, 100.0% route), 0 logic levels.


Passed: The following path meets requirements by 7.139ns

 Logical Details:  Cell type  Pin type       Cell/ASIC name  (clock net +/-)

   Source:         FF         Q              slv_com_top_inst/rst_cnt_inst/clk2An_cntr[1]  (from slv_com_top_inst/CLK2A -)
   Destination:    FF         Data in        slv_com_top_inst/rst_cnt_inst/clk2An_cntr[8]  (to slv_com_top_inst/CLK2A -)

   Delay:               3.095ns  (57.8% logic, 42.2% route), 6 logic levels.

 Constraint Details:

      3.095ns physical path delay slv_com_top_inst/rst_cnt_inst/SLICE_3050 to slv_com_top_inst/SLICE_4823 meets
     10.000ns delay constraint less
      0.000ns skew and
     -0.234ns DIN_SET requirement (totaling 10.234ns) by 7.139ns

 Physical Path Details:

      Data path slv_com_top_inst/rst_cnt_inst/SLICE_3050 to slv_com_top_inst/SLICE_4823:

   Name    Fanout   Delay (ns)          Site               Resource
REG_DEL     ---     0.491    R42C56B.CLK to     R42C56B.Q0 slv_com_top_inst/rst_cnt_inst/SLICE_3050 (from slv_com_top_inst/CLK2A)
ROUTE         1     0.747     R42C56B.Q0 to     R42C56B.A0 slv_com_top_inst/rst_cnt_inst/clk2An_cntr[1]
C0TOFCO_DE  ---     0.447     R42C56B.A0 to    R42C56B.FCO slv_com_top_inst/rst_cnt_inst/SLICE_3050
ROUTE         1     0.000    R42C56B.FCO to    R42C56C.FCI slv_com_top_inst/rst_cnt_inst/clk2An_cntr_cry[2]
FCITOFCO_D  ---     0.071    R42C56C.FCI to    R42C56C.FCO slv_com_top_inst/rst_cnt_inst/SLICE_3051
ROUTE         1     0.000    R42C56C.FCO to    R42C56D.FCI slv_com_top_inst/rst_cnt_inst/clk2An_cntr_cry[4]
FCITOFCO_D  ---     0.071    R42C56D.FCI to    R42C56D.FCO slv_com_top_inst/rst_cnt_inst/SLICE_3052
ROUTE         1     0.000    R42C56D.FCO to    R42C57A.FCI slv_com_top_inst/rst_cnt_inst/clk2An_cntr_cry[6]
FCITOF1_DE  ---     0.474    R42C57A.FCI to     R42C57A.F1 slv_com_top_inst/rst_cnt_inst/SLICE_3053
ROUTE         1     0.558     R42C57A.F1 to     R42C57B.B0 slv_com_top_inst/rst_cnt_inst/clk2An_cntr_s[8]
CTOF_DEL    ---     0.236     R42C57B.B0 to     R42C57B.F0 slv_com_top_inst/SLICE_4823
ROUTE         1     0.000     R42C57B.F0 to    R42C57B.DI0 slv_com_top_inst/rst_cnt_inst/N_64390_0 (to slv_com_top_inst/CLK2A)
                  --------
                    3.095   (57.8% logic, 42.2% route), 6 logic levels.

 Clock Skew Details: 

      Source Clock Path slv_com_top_inst/clk_gen_inst2/PLL_inst/PLLInst_0 to slv_com_top_inst/rst_cnt_inst/SLICE_3050:

   Name    Fanout   Delay (ns)          Site               Resource
ROUTE        16     2.137  PLL_BL0.CLKOS to    R42C56B.CLK slv_com_top_inst/CLK2A
                  --------
                    2.137   (0.0% logic, 100.0% route), 0 logic levels.

      Destination Clock Path slv_com_top_inst/clk_gen_inst2/PLL_inst/PLLInst_0 to slv_com_top_inst/SLICE_4823:

   Name    Fanout   Delay (ns)          Site               Resource
ROUTE        16     2.137  PLL_BL0.CLKOS to    R42C57B.CLK slv_com_top_inst/CLK2A
                  --------
                    2.137   (0.0% logic, 100.0% route), 0 logic levels.


Passed: The following path meets requirements by 7.210ns

 Logical Details:  Cell type  Pin type       Cell/ASIC name  (clock net +/-)

   Source:         FF         Q              slv_com_top_inst/rst_cnt_inst/clk2Ap_cntr[3]  (from slv_com_top_inst/CLK2A +)
   Destination:    FF         Data in        slv_com_top_inst/rst_cnt_inst/clk2Ap_cntr[8]  (to slv_com_top_inst/CLK2A +)

   Delay:               3.050ns  (57.5% logic, 42.5% route), 5 logic levels.

 Constraint Details:

      3.050ns physical path delay slv_com_top_inst/rst_cnt_inst/SLICE_3046 to slv_com_top_inst/rst_cnt_inst/SLICE_4826 meets
     10.000ns delay constraint less
      0.000ns skew and
     -0.260ns DIN_SET requirement (totaling 10.260ns) by 7.210ns

 Physical Path Details:

      Data path slv_com_top_inst/rst_cnt_inst/SLICE_3046 to slv_com_top_inst/rst_cnt_inst/SLICE_4826:

   Name    Fanout   Delay (ns)          Site               Resource
REG_DEL     ---     0.525     R5C58C.CLK to      R5C58C.Q0 slv_com_top_inst/rst_cnt_inst/SLICE_3046 (from slv_com_top_inst/CLK2A)
ROUTE         1     0.739      R5C58C.Q0 to      R5C58C.B0 slv_com_top_inst/rst_cnt_inst/clk2Ap_cntr[3]
C0TOFCO_DE  ---     0.447      R5C58C.B0 to     R5C58C.FCO slv_com_top_inst/rst_cnt_inst/SLICE_3046
ROUTE         1     0.000     R5C58C.FCO to     R5C58D.FCI slv_com_top_inst/rst_cnt_inst/clk2Ap_cntr_cry[4]
FCITOFCO_D  ---     0.071     R5C58D.FCI to     R5C58D.FCO slv_com_top_inst/rst_cnt_inst/SLICE_3047
ROUTE         1     0.000     R5C58D.FCO to     R5C59A.FCI slv_com_top_inst/rst_cnt_inst/clk2Ap_cntr_cry[6]
FCITOF1_DE  ---     0.474     R5C59A.FCI to      R5C59A.F1 slv_com_top_inst/rst_cnt_inst/SLICE_3048
ROUTE         1     0.558      R5C59A.F1 to      R5C59B.B0 slv_com_top_inst/rst_cnt_inst/clk2Ap_cntr_s[8]
CTOF_DEL    ---     0.236      R5C59B.B0 to      R5C59B.F0 slv_com_top_inst/rst_cnt_inst/SLICE_4826
ROUTE         1     0.000      R5C59B.F0 to     R5C59B.DI0 slv_com_top_inst/rst_cnt_inst/N_64399_0 (to slv_com_top_inst/CLK2A)
                  --------
                    3.050   (57.5% logic, 42.5% route), 5 logic levels.

 Clock Skew Details: 

      Source Clock Path slv_com_top_inst/clk_gen_inst2/PLL_inst/PLLInst_0 to slv_com_top_inst/rst_cnt_inst/SLICE_3046:

   Name    Fanout   Delay (ns)          Site               Resource
ROUTE        16     2.137  PLL_BL0.CLKOS to     R5C58C.CLK slv_com_top_inst/CLK2A
                  --------
                    2.137   (0.0% logic, 100.0% route), 0 logic levels.

      Destination Clock Path slv_com_top_inst/clk_gen_inst2/PLL_inst/PLLInst_0 to slv_com_top_inst/rst_cnt_inst/SLICE_4826:

   Name    Fanout   Delay (ns)          Site               Resource
ROUTE        16     2.137  PLL_BL0.CLKOS to     R5C59B.CLK slv_com_top_inst/CLK2A
                  --------
                    2.137   (0.0% logic, 100.0% route), 0 logic levels.


Passed: The following path meets requirements by 7.218ns

 Logical Details:  Cell type  Pin type       Cell/ASIC name  (clock net +/-)

   Source:         FF         Q              slv_com_top_inst/rst_cnt_inst/clk2An_cntr[3]  (from slv_com_top_inst/CLK2A -)
   Destination:    FF         Data in        slv_com_top_inst/rst_cnt_inst/clk2An_cntr[8]  (to slv_com_top_inst/CLK2A -)

   Delay:               3.016ns  (57.0% logic, 43.0% route), 5 logic levels.

 Constraint Details:

      3.016ns physical path delay slv_com_top_inst/rst_cnt_inst/SLICE_3051 to slv_com_top_inst/SLICE_4823 meets
     10.000ns delay constraint less
      0.000ns skew and
     -0.234ns DIN_SET requirement (totaling 10.234ns) by 7.218ns

 Physical Path Details:

      Data path slv_com_top_inst/rst_cnt_inst/SLICE_3051 to slv_com_top_inst/SLICE_4823:

   Name    Fanout   Delay (ns)          Site               Resource
REG_DEL     ---     0.491    R42C56C.CLK to     R42C56C.Q0 slv_com_top_inst/rst_cnt_inst/SLICE_3051 (from slv_com_top_inst/CLK2A)
ROUTE         1     0.739     R42C56C.Q0 to     R42C56C.B0 slv_com_top_inst/rst_cnt_inst/clk2An_cntr[3]
C0TOFCO_DE  ---     0.447     R42C56C.B0 to    R42C56C.FCO slv_com_top_inst/rst_cnt_inst/SLICE_3051
ROUTE         1     0.000    R42C56C.FCO to    R42C56D.FCI slv_com_top_inst/rst_cnt_inst/clk2An_cntr_cry[4]
FCITOFCO_D  ---     0.071    R42C56D.FCI to    R42C56D.FCO slv_com_top_inst/rst_cnt_inst/SLICE_3052
ROUTE         1     0.000    R42C56D.FCO to    R42C57A.FCI slv_com_top_inst/rst_cnt_inst/clk2An_cntr_cry[6]
FCITOF1_DE  ---     0.474    R42C57A.FCI to     R42C57A.F1 slv_com_top_inst/rst_cnt_inst/SLICE_3053
ROUTE         1     0.558     R42C57A.F1 to     R42C57B.B0 slv_com_top_inst/rst_cnt_inst/clk2An_cntr_s[8]
CTOF_DEL    ---     0.236     R42C57B.B0 to     R42C57B.F0 slv_com_top_inst/SLICE_4823
ROUTE         1     0.000     R42C57B.F0 to    R42C57B.DI0 slv_com_top_inst/rst_cnt_inst/N_64390_0 (to slv_com_top_inst/CLK2A)
                  --------
                    3.016   (57.0% logic, 43.0% route), 5 logic levels.

 Clock Skew Details: 

      Source Clock Path slv_com_top_inst/clk_gen_inst2/PLL_inst/PLLInst_0 to slv_com_top_inst/rst_cnt_inst/SLICE_3051:

   Name    Fanout   Delay (ns)          Site               Resource
ROUTE        16     2.137  PLL_BL0.CLKOS to    R42C56C.CLK slv_com_top_inst/CLK2A
                  --------
                    2.137   (0.0% logic, 100.0% route), 0 logic levels.

      Destination Clock Path slv_com_top_inst/clk_gen_inst2/PLL_inst/PLLInst_0 to slv_com_top_inst/SLICE_4823:

   Name    Fanout   Delay (ns)          Site               Resource
ROUTE        16     2.137  PLL_BL0.CLKOS to    R42C57B.CLK slv_com_top_inst/CLK2A
                  --------
                    2.137   (0.0% logic, 100.0% route), 0 logic levels.


Passed: The following path meets requirements by 7.252ns

 Logical Details:  Cell type  Pin type       Cell/ASIC name  (clock net +/-)

   Source:         FF         Q              slv_com_top_inst/rst_cnt_inst/clk2Ap_cntr[0]  (from slv_com_top_inst/CLK2A +)
   Destination:    FF         Data in        slv_com_top_inst/rst_cnt_inst/clk2Ap_cntr[8]  (to slv_com_top_inst/CLK2A +)

   Delay:               3.008ns  (62.9% logic, 37.1% route), 7 logic levels.

 Constraint Details:

      3.008ns physical path delay slv_com_top_inst/rst_cnt_inst/SLICE_3044 to slv_com_top_inst/rst_cnt_inst/SLICE_4826 meets
     10.000ns delay constraint less
      0.000ns skew and
     -0.260ns DIN_SET requirement (totaling 10.260ns) by 7.252ns

 Physical Path Details:

      Data path slv_com_top_inst/rst_cnt_inst/SLICE_3044 to slv_com_top_inst/rst_cnt_inst/SLICE_4826:

   Name    Fanout   Delay (ns)          Site               Resource
REG_DEL     ---     0.522     R5C58A.CLK to      R5C58A.Q1 slv_com_top_inst/rst_cnt_inst/SLICE_3044 (from slv_com_top_inst/CLK2A)
ROUTE         1     0.558      R5C58A.Q1 to      R5C58A.B1 slv_com_top_inst/rst_cnt_inst/clk2Ap_cntr[0]
C1TOFCO_DE  ---     0.447      R5C58A.B1 to     R5C58A.FCO slv_com_top_inst/rst_cnt_inst/SLICE_3044
ROUTE         1     0.000     R5C58A.FCO to     R5C58B.FCI slv_com_top_inst/rst_cnt_inst/clk2Ap_cntr_cry[0]
FCITOFCO_D  ---     0.071     R5C58B.FCI to     R5C58B.FCO slv_com_top_inst/rst_cnt_inst/SLICE_3045
ROUTE         1     0.000     R5C58B.FCO to     R5C58C.FCI slv_com_top_inst/rst_cnt_inst/clk2Ap_cntr_cry[2]
FCITOFCO_D  ---     0.071     R5C58C.FCI to     R5C58C.FCO slv_com_top_inst/rst_cnt_inst/SLICE_3046
ROUTE         1     0.000     R5C58C.FCO to     R5C58D.FCI slv_com_top_inst/rst_cnt_inst/clk2Ap_cntr_cry[4]
FCITOFCO_D  ---     0.071     R5C58D.FCI to     R5C58D.FCO slv_com_top_inst/rst_cnt_inst/SLICE_3047
ROUTE         1     0.000     R5C58D.FCO to     R5C59A.FCI slv_com_top_inst/rst_cnt_inst/clk2Ap_cntr_cry[6]
FCITOF1_DE  ---     0.474     R5C59A.FCI to      R5C59A.F1 slv_com_top_inst/rst_cnt_inst/SLICE_3048
ROUTE         1     0.558      R5C59A.F1 to      R5C59B.B0 slv_com_top_inst/rst_cnt_inst/clk2Ap_cntr_s[8]
CTOF_DEL    ---     0.236      R5C59B.B0 to      R5C59B.F0 slv_com_top_inst/rst_cnt_inst/SLICE_4826
ROUTE         1     0.000      R5C59B.F0 to     R5C59B.DI0 slv_com_top_inst/rst_cnt_inst/N_64399_0 (to slv_com_top_inst/CLK2A)
                  --------
                    3.008   (62.9% logic, 37.1% route), 7 logic levels.

 Clock Skew Details: 

      Source Clock Path slv_com_top_inst/clk_gen_inst2/PLL_inst/PLLInst_0 to slv_com_top_inst/rst_cnt_inst/SLICE_3044:

   Name    Fanout   Delay (ns)          Site               Resource
ROUTE        16     2.137  PLL_BL0.CLKOS to     R5C58A.CLK slv_com_top_inst/CLK2A
                  --------
                    2.137   (0.0% logic, 100.0% route), 0 logic levels.

      Destination Clock Path slv_com_top_inst/clk_gen_inst2/PLL_inst/PLLInst_0 to slv_com_top_inst/rst_cnt_inst/SLICE_4826:

   Name    Fanout   Delay (ns)          Site               Resource
ROUTE        16     2.137  PLL_BL0.CLKOS to     R5C59B.CLK slv_com_top_inst/CLK2A
                  --------
                    2.137   (0.0% logic, 100.0% route), 0 logic levels.


Passed: The following path meets requirements by 7.260ns

 Logical Details:  Cell type  Pin type       Cell/ASIC name  (clock net +/-)

   Source:         FF         Q              slv_com_top_inst/rst_cnt_inst/clk2An_cntr[0]  (from slv_com_top_inst/CLK2A -)
   Destination:    FF         Data in        slv_com_top_inst/rst_cnt_inst/clk2An_cntr[8]  (to slv_com_top_inst/CLK2A -)

   Delay:               2.974ns  (62.5% logic, 37.5% route), 7 logic levels.

 Constraint Details:

      2.974ns physical path delay slv_com_top_inst/rst_cnt_inst/SLICE_3049 to slv_com_top_inst/SLICE_4823 meets
     10.000ns delay constraint less
      0.000ns skew and
     -0.234ns DIN_SET requirement (totaling 10.234ns) by 7.260ns

 Physical Path Details:

      Data path slv_com_top_inst/rst_cnt_inst/SLICE_3049 to slv_com_top_inst/SLICE_4823:

   Name    Fanout   Delay (ns)          Site               Resource
REG_DEL     ---     0.488    R42C56A.CLK to     R42C56A.Q1 slv_com_top_inst/rst_cnt_inst/SLICE_3049 (from slv_com_top_inst/CLK2A)
ROUTE         1     0.558     R42C56A.Q1 to     R42C56A.B1 slv_com_top_inst/rst_cnt_inst/clk2An_cntr[0]
C1TOFCO_DE  ---     0.447     R42C56A.B1 to    R42C56A.FCO slv_com_top_inst/rst_cnt_inst/SLICE_3049
ROUTE         1     0.000    R42C56A.FCO to    R42C56B.FCI slv_com_top_inst/rst_cnt_inst/clk2An_cntr_cry[0]
FCITOFCO_D  ---     0.071    R42C56B.FCI to    R42C56B.FCO slv_com_top_inst/rst_cnt_inst/SLICE_3050
ROUTE         1     0.000    R42C56B.FCO to    R42C56C.FCI slv_com_top_inst/rst_cnt_inst/clk2An_cntr_cry[2]
FCITOFCO_D  ---     0.071    R42C56C.FCI to    R42C56C.FCO slv_com_top_inst/rst_cnt_inst/SLICE_3051
ROUTE         1     0.000    R42C56C.FCO to    R42C56D.FCI slv_com_top_inst/rst_cnt_inst/clk2An_cntr_cry[4]
FCITOFCO_D  ---     0.071    R42C56D.FCI to    R42C56D.FCO slv_com_top_inst/rst_cnt_inst/SLICE_3052
ROUTE         1     0.000    R42C56D.FCO to    R42C57A.FCI slv_com_top_inst/rst_cnt_inst/clk2An_cntr_cry[6]
FCITOF1_DE  ---     0.474    R42C57A.FCI to     R42C57A.F1 slv_com_top_inst/rst_cnt_inst/SLICE_3053
ROUTE         1     0.558     R42C57A.F1 to     R42C57B.B0 slv_com_top_inst/rst_cnt_inst/clk2An_cntr_s[8]
CTOF_DEL    ---     0.236     R42C57B.B0 to     R42C57B.F0 slv_com_top_inst/SLICE_4823
ROUTE         1     0.000     R42C57B.F0 to    R42C57B.DI0 slv_com_top_inst/rst_cnt_inst/N_64390_0 (to slv_com_top_inst/CLK2A)
                  --------
                    2.974   (62.5% logic, 37.5% route), 7 logic levels.

 Clock Skew Details: 

      Source Clock Path slv_com_top_inst/clk_gen_inst2/PLL_inst/PLLInst_0 to slv_com_top_inst/rst_cnt_inst/SLICE_3049:

   Name    Fanout   Delay (ns)          Site               Resource
ROUTE        16     2.137  PLL_BL0.CLKOS to    R42C56A.CLK slv_com_top_inst/CLK2A
                  --------
                    2.137   (0.0% logic, 100.0% route), 0 logic levels.

      Destination Clock Path slv_com_top_inst/clk_gen_inst2/PLL_inst/PLLInst_0 to slv_com_top_inst/SLICE_4823:

   Name    Fanout   Delay (ns)          Site               Resource
ROUTE        16     2.137  PLL_BL0.CLKOS to    R42C57B.CLK slv_com_top_inst/CLK2A
                  --------
                    2.137   (0.0% logic, 100.0% route), 0 logic levels.

Report:  185.908MHz is the maximum frequency for this preference.


================================================================================
Preference: FREQUENCY NET "UP_CLK_c" 20.000000 MHz ;
            0 items scored, 0 timing errors detected.
--------------------------------------------------------------------------------


================================================================================
Preference: FREQUENCY PORT "UP_CLK" 20.000000 MHz ;
            0 items scored, 0 timing errors detected.
--------------------------------------------------------------------------------


Passed:  The following path meets requirements by 45.000ns
         The internal maximum frequency of the following component is 200.000 MHz

 Logical Details:  Cell type  Pin name       Component name

   Destination:    PIO        PAD            UP_CLK

   Delay:               5.000ns -- based on Minimum Pulse Width

Report:  200.000MHz is the maximum frequency for this preference.


================================================================================
Preference: BLOCK PATH FROM CLKNET "CLK20M_c" TO CLKNET "s_PLL_CLK20M" ;
            0 items scored.
--------------------------------------------------------------------------------


================================================================================
Preference: BLOCK PATH FROM CLKNET "CLK20M_c" TO CLKNET "slv_com_top_inst.CLK1" ;
            0 items scored.
--------------------------------------------------------------------------------


================================================================================
Preference: BLOCK PATH FROM CLKNET "CLK20M_c" TO CLKNET "slv_com_top_inst.CLKCOM_OUT" ;
            0 items scored.
--------------------------------------------------------------------------------


================================================================================
Preference: BLOCK PATH FROM CLKNET "CLK20M_c" TO CLKNET "slv_com_top_inst/CLK2A" ;
            0 items scored.
--------------------------------------------------------------------------------


================================================================================
Preference: BLOCK PATH FROM CLKNET "s_PLL_CLK20M" TO CLKNET "CLK20M_c" ;
            0 items scored.
--------------------------------------------------------------------------------


================================================================================
Preference: BLOCK PATH FROM CLKNET "slv_com_top_inst.CLK1" TO CLKNET "CLK20M_c" ;
            0 items scored.
--------------------------------------------------------------------------------


================================================================================
Preference: BLOCK PATH FROM CLKNET "slv_com_top_inst.CLKCOM_OUT" TO CLKNET "CLK20M_c" ;
            0 items scored.
--------------------------------------------------------------------------------


================================================================================
Preference: BLOCK PATH FROM CLKNET "slv_com_top_inst/CLK2A" TO CLKNET "CLK20M_c" ;
            0 items scored.
--------------------------------------------------------------------------------


================================================================================
Preference: MULTICYCLE FROM CLKNET "s_PLL_CLK20M" TO CLKNET "slv_com_top_inst.CLK1" 2.000000 X ;
            3016 items scored, 0 timing errors detected.
--------------------------------------------------------------------------------


Passed: The following path meets requirements by 133.532ns (weighted slack = 178.043ns)

 Logical Details:  Cell type  Pin type       Cell/ASIC name  (clock net +/-)

   Source:         FF         Q              stm13/ppmc_reg_S118M_inst/inst_ppmc_ctrl/slow_reg_o[6]  (from s_PLL_CLK20M +)
   Destination:    FF         Data in        slv_com_top_inst/slv_ctrl_top_inst/slv_tx_ctrl_inst/TX_D[7]  (to slv_com_top_inst.CLK1 +)

   Delay:              16.734ns  (26.7% logic, 73.3% route), 21 logic levels.

 Constraint Details:

     16.734ns physical path delay SLICE_7645 to slv_com_top_inst/slv_ctrl_top_inst/slv_tx_ctrl_inst/SLICE_4792 meets
    150.000ns delay constraint less
      0.000ns skew and
      0.000ns feedback compensation and
     -0.266ns DIN_SET requirement (totaling 150.266ns) by 133.532ns

 Physical Path Details:

      Data path SLICE_7645 to slv_com_top_inst/slv_ctrl_top_inst/slv_tx_ctrl_inst/SLICE_4792:

   Name    Fanout   Delay (ns)          Site               Resource
REG_DEL     ---     0.525    R46C23B.CLK to     R46C23B.Q0 SLICE_7645 (from s_PLL_CLK20M)
ROUTE         2     3.066     R46C23B.Q0 to     R20C37D.B1 stm13/ppmc_reg_S118M_inst/SLOW_REG[6]
C1TOFCO_DE  ---     0.447     R20C37D.B1 to    R20C37D.FCO stm13/ppmc_reg_S118M_inst/inst_ppmc_plsgen/ppmc_pls_cnt_inst/SLICE_62
ROUTE         1     0.000    R20C37D.FCO to    R20C38A.FCI stm13/ppmc_reg_S118M_inst/inst_ppmc_plsgen/ppmc_pls_cnt_inst/un2_s_slow_cry_6
FCITOFCO_D  ---     0.071    R20C38A.FCI to    R20C38A.FCO stm13/ppmc_reg_S118M_inst/inst_ppmc_plsgen/ppmc_pls_cnt_inst/SLICE_63
ROUTE         1     0.000    R20C38A.FCO to    R20C38B.FCI stm13/ppmc_reg_S118M_inst/inst_ppmc_plsgen/ppmc_pls_cnt_inst/un2_s_slow_cry_8
FCITOFCO_D  ---     0.071    R20C38B.FCI to    R20C38B.FCO stm13/ppmc_reg_S118M_inst/inst_ppmc_plsgen/ppmc_pls_cnt_inst/SLICE_64
ROUTE         1     0.000    R20C38B.FCO to    R20C38C.FCI stm13/ppmc_reg_S118M_inst/inst_ppmc_plsgen/ppmc_pls_cnt_inst/un2_s_slow_cry_10
FCITOFCO_D  ---     0.071    R20C38C.FCI to    R20C38C.FCO stm13/ppmc_reg_S118M_inst/inst_ppmc_plsgen/ppmc_pls_cnt_inst/SLICE_65
ROUTE         1     0.000    R20C38C.FCO to    R20C38D.FCI stm13/ppmc_reg_S118M_inst/inst_ppmc_plsgen/ppmc_pls_cnt_inst/un2_s_slow_cry_12
FCITOFCO_D  ---     0.071    R20C38D.FCI to    R20C38D.FCO stm13/ppmc_reg_S118M_inst/inst_ppmc_plsgen/ppmc_pls_cnt_inst/SLICE_66
ROUTE         1     0.000    R20C38D.FCO to    R20C39A.FCI stm13/ppmc_reg_S118M_inst/inst_ppmc_plsgen/ppmc_pls_cnt_inst/un2_s_slow_cry_14
FCITOF1_DE  ---     0.474    R20C39A.FCI to     R20C39A.F1 stm13/ppmc_reg_S118M_inst/inst_ppmc_plsgen/ppmc_pls_cnt_inst/SLICE_67
ROUTE         3     1.545     R20C39A.F1 to     R18C49D.C1 stm13/ppmc_reg_S118M_inst/un2_s_slow_cry_15_i
CTOF_DEL    ---     0.236     R18C49D.C1 to     R18C49D.F1 stm13/ppmc_reg_S118M_inst/SLICE_8190
ROUTE         3     0.575     R18C49D.F1 to     R18C49D.A0 stm13/ppmc_reg_S118M_inst/SLOW
CTOF_DEL    ---     0.236     R18C49D.A0 to     R18C49D.F0 stm13/ppmc_reg_S118M_inst/SLICE_8190
ROUTE         1     1.144     R18C49D.F0 to     R22C44C.D0 stm13/ppmc_reg_S118M_inst/inst_ppmc_rgstr/REGDO_0_iv_7[7]
CTOF_DEL    ---     0.236     R22C44C.D0 to     R22C44C.F0 stm13/SLICE_8184
ROUTE         1     0.747     R22C44C.F0 to     R22C44C.A1 stm13/REGDO_0_iv_16[7]
CTOF_DEL    ---     0.236     R22C44C.A1 to     R22C44C.F1 stm13/SLICE_8184
ROUTE         1     0.778     R22C44C.F1 to     R23C44D.B1 stm13/fc_sel_inst/LDO_0_N_8L16_1
CTOF_DEL    ---     0.236     R23C44D.B1 to     R23C44D.F1 stm13/SLICE_7679
ROUTE         1     1.735     R23C44D.F1 to     R26C31B.A1 LDO_0[7]
C1TOFCO_DE  ---     0.447     R26C31B.A1 to    R26C31B.FCO slv_com_top_inst/slv_ctrl_top_inst/nd_sel_inst/SLICE_2952
ROUTE         1     0.000    R26C31B.FCO to    R26C31C.FCI slv_com_top_inst/slv_ctrl_top_inst/nd_sel_inst/LDO_prm_13_7
FCITOFCO_D  ---     0.071    R26C31C.FCI to    R26C31C.FCO slv_com_top_inst/slv_ctrl_top_inst/nd_sel_inst/SLICE_2953
ROUTE         1     0.000    R26C31C.FCO to    R26C31D.FCI slv_com_top_inst/slv_ctrl_top_inst/nd_sel_inst/LDO_prm_11_7
FCITOFCO_D  ---     0.071    R26C31D.FCI to    R26C31D.FCO slv_com_top_inst/slv_ctrl_top_inst/nd_sel_inst/SLICE_2954
ROUTE         1     0.000    R26C31D.FCO to    R26C32A.FCI slv_com_top_inst/slv_ctrl_top_inst/nd_sel_inst/LDO_prm_9_7
FCITOFCO_D  ---     0.071    R26C32A.FCI to    R26C32A.FCO slv_com_top_inst/slv_ctrl_top_inst/nd_sel_inst/SLICE_2955
ROUTE         1     0.000    R26C32A.FCO to    R26C32B.FCI slv_com_top_inst/slv_ctrl_top_inst/nd_sel_inst/LDO_prm_7_7
FCITOFCO_D  ---     0.071    R26C32B.FCI to    R26C32B.FCO slv_com_top_inst/slv_ctrl_top_inst/nd_sel_inst/SLICE_2956
ROUTE         1     0.000    R26C32B.FCO to    R26C32C.FCI slv_com_top_inst/slv_ctrl_top_inst/nd_sel_inst/LDO_prm_5_7
FCITOFCO_D  ---     0.071    R26C32C.FCI to    R26C32C.FCO slv_com_top_inst/slv_ctrl_top_inst/nd_sel_inst/SLICE_2957
ROUTE         1     0.000    R26C32C.FCO to    R26C32D.FCI slv_com_top_inst/slv_ctrl_top_inst/nd_sel_inst/LDO_prm_3_7
FCITOFCO_D  ---     0.071    R26C32D.FCI to    R26C32D.FCO slv_com_top_inst/slv_ctrl_top_inst/nd_sel_inst/SLICE_2958
ROUTE         1     0.000    R26C32D.FCO to    R26C33A.FCI slv_com_top_inst/slv_ctrl_top_inst/nd_sel_inst/LDO_prm_1_7_cry
FCITOF0_DE  ---     0.443    R26C33A.FCI to     R26C33A.F0 slv_com_top_inst/slv_ctrl_top_inst/nd_sel_inst/SLICE_2959
ROUTE         1     2.682     R26C33A.F0 to     R35C60B.B1 slv_com_top_inst/slv_ctrl_top_inst/LDO_i[7]
CTOF_DEL    ---     0.236     R35C60B.B1 to     R35C60B.F1 slv_com_top_inst/slv_ctrl_top_inst/slv_tx_ctrl_inst/SLICE_4792
ROUTE         1     0.000     R35C60B.F1 to    R35C60B.DI1 slv_com_top_inst/slv_ctrl_top_inst/slv_tx_ctrl_inst/N_377_i (to slv_com_top_inst.CLK1)
                  --------
                   16.734   (26.7% logic, 73.3% route), 21 logic levels.

 Clock Skew Details: 

      Source Clock Path UP_CLK to SLICE_7645:

   Name    Fanout   Delay (ns)          Site               Resource
PADI_DEL    ---     1.140         M1.PAD to       M1.PADDI UP_CLK
ROUTE         1     0.383       M1.PADDI to   PLL_BL0.CLKI UP_CLK_c
CLKI2OS2_D  ---     0.000   PLL_BL0.CLKI to PLL_BL0.CLKOS2 slv_com_top_inst/clk_gen_inst2/PLL_inst/PLLInst_0
ROUTE       999     2.137 PLL_BL0.CLKOS2 to    R46C23B.CLK s_PLL_CLK20M
                  --------
                    3.660   (31.1% logic, 68.9% route), 2 logic levels.

      Source Clock f/b:

   Name    Fanout   Delay (ns)          Site               Resource
CLKFB2OP_D  ---     0.000  PLL_BL0.CLKFB to  PLL_BL0.CLKOP slv_com_top_inst/clk_gen_inst2/PLL_inst/PLLInst_0
ROUTE       173     2.237  PLL_BL0.CLKOP to  PLL_BL0.CLKFB slv_com_top_inst.CLKCOM_OUT
                  --------
                    2.237   (0.0% logic, 100.0% route), 1 logic levels.

      Destination Clock Path UP_CLK to slv_com_top_inst/slv_ctrl_top_inst/slv_tx_ctrl_inst/SLICE_4792:

   Name    Fanout   Delay (ns)          Site               Resource
PADI_DEL    ---     1.140         M1.PAD to       M1.PADDI UP_CLK
ROUTE         1     0.383       M1.PADDI to   PLL_BL0.CLKI UP_CLK_c
CLKI2OS3_D  ---     0.000   PLL_BL0.CLKI to PLL_BL0.CLKOS3 slv_com_top_inst/clk_gen_inst2/PLL_inst/PLLInst_0
ROUTE       379     2.137 PLL_BL0.CLKOS3 to    R35C60B.CLK slv_com_top_inst.CLK1
                  --------
                    3.660   (31.1% logic, 68.9% route), 2 logic levels.

      Destination Clock f/b:

   Name    Fanout   Delay (ns)          Site               Resource
CLKFB2OP_D  ---     0.000  PLL_BL0.CLKFB to  PLL_BL0.CLKOP slv_com_top_inst/clk_gen_inst2/PLL_inst/PLLInst_0
ROUTE       173     2.237  PLL_BL0.CLKOP to  PLL_BL0.CLKFB slv_com_top_inst.CLKCOM_OUT
                  --------
                    2.237   (0.0% logic, 100.0% route), 1 logic levels.


Passed: The following path meets requirements by 133.572ns (weighted slack = 178.096ns)

 Logical Details:  Cell type  Pin type       Cell/ASIC name  (clock net +/-)

   Source:         FF         Q              stm13/ppmc_reg_S118M_inst/inst_ppmc_ctrl/slow_reg_o[7]  (from s_PLL_CLK20M +)
   Destination:    FF         Data in        slv_com_top_inst/slv_ctrl_top_inst/slv_tx_ctrl_inst/TX_D[7]  (to slv_com_top_inst.CLK1 +)

   Delay:              16.694ns  (26.3% logic, 73.7% route), 20 logic levels.

 Constraint Details:

     16.694ns physical path delay SLICE_7645 to slv_com_top_inst/slv_ctrl_top_inst/slv_tx_ctrl_inst/SLICE_4792 meets
    150.000ns delay constraint less
      0.000ns skew and
      0.000ns feedback compensation and
     -0.266ns DIN_SET requirement (totaling 150.266ns) by 133.572ns

 Physical Path Details:

      Data path SLICE_7645 to slv_com_top_inst/slv_ctrl_top_inst/slv_tx_ctrl_inst/SLICE_4792:

   Name    Fanout   Delay (ns)          Site               Resource
REG_DEL     ---     0.522    R46C23B.CLK to     R46C23B.Q1 SLICE_7645 (from s_PLL_CLK20M)
ROUTE         2     3.100     R46C23B.Q1 to     R20C38A.B0 stm13/ppmc_reg_S118M_inst/SLOW_REG[7]
C0TOFCO_DE  ---     0.447     R20C38A.B0 to    R20C38A.FCO stm13/ppmc_reg_S118M_inst/inst_ppmc_plsgen/ppmc_pls_cnt_inst/SLICE_63
ROUTE         1     0.000    R20C38A.FCO to    R20C38B.FCI stm13/ppmc_reg_S118M_inst/inst_ppmc_plsgen/ppmc_pls_cnt_inst/un2_s_slow_cry_8
FCITOFCO_D  ---     0.071    R20C38B.FCI to    R20C38B.FCO stm13/ppmc_reg_S118M_inst/inst_ppmc_plsgen/ppmc_pls_cnt_inst/SLICE_64
ROUTE         1     0.000    R20C38B.FCO to    R20C38C.FCI stm13/ppmc_reg_S118M_inst/inst_ppmc_plsgen/ppmc_pls_cnt_inst/un2_s_slow_cry_10
FCITOFCO_D  ---     0.071    R20C38C.FCI to    R20C38C.FCO stm13/ppmc_reg_S118M_inst/inst_ppmc_plsgen/ppmc_pls_cnt_inst/SLICE_65
ROUTE         1     0.000    R20C38C.FCO to    R20C38D.FCI stm13/ppmc_reg_S118M_inst/inst_ppmc_plsgen/ppmc_pls_cnt_inst/un2_s_slow_cry_12
FCITOFCO_D  ---     0.071    R20C38D.FCI to    R20C38D.FCO stm13/ppmc_reg_S118M_inst/inst_ppmc_plsgen/ppmc_pls_cnt_inst/SLICE_66
ROUTE         1     0.000    R20C38D.FCO to    R20C39A.FCI stm13/ppmc_reg_S118M_inst/inst_ppmc_plsgen/ppmc_pls_cnt_inst/un2_s_slow_cry_14
FCITOF1_DE  ---     0.474    R20C39A.FCI to     R20C39A.F1 stm13/ppmc_reg_S118M_inst/inst_ppmc_plsgen/ppmc_pls_cnt_inst/SLICE_67
ROUTE         3     1.545     R20C39A.F1 to     R18C49D.C1 stm13/ppmc_reg_S118M_inst/un2_s_slow_cry_15_i
CTOF_DEL    ---     0.236     R18C49D.C1 to     R18C49D.F1 stm13/ppmc_reg_S118M_inst/SLICE_8190
ROUTE         3     0.575     R18C49D.F1 to     R18C49D.A0 stm13/ppmc_reg_S118M_inst/SLOW
CTOF_DEL    ---     0.236     R18C49D.A0 to     R18C49D.F0 stm13/ppmc_reg_S118M_inst/SLICE_8190
ROUTE         1     1.144     R18C49D.F0 to     R22C44C.D0 stm13/ppmc_reg_S118M_inst/inst_ppmc_rgstr/REGDO_0_iv_7[7]
CTOF_DEL    ---     0.236     R22C44C.D0 to     R22C44C.F0 stm13/SLICE_8184
ROUTE         1     0.747     R22C44C.F0 to     R22C44C.A1 stm13/REGDO_0_iv_16[7]
CTOF_DEL    ---     0.236     R22C44C.A1 to     R22C44C.F1 stm13/SLICE_8184
ROUTE         1     0.778     R22C44C.F1 to     R23C44D.B1 stm13/fc_sel_inst/LDO_0_N_8L16_1
CTOF_DEL    ---     0.236     R23C44D.B1 to     R23C44D.F1 stm13/SLICE_7679
ROUTE         1     1.735     R23C44D.F1 to     R26C31B.A1 LDO_0[7]
C1TOFCO_DE  ---     0.447     R26C31B.A1 to    R26C31B.FCO slv_com_top_inst/slv_ctrl_top_inst/nd_sel_inst/SLICE_2952
ROUTE         1     0.000    R26C31B.FCO to    R26C31C.FCI slv_com_top_inst/slv_ctrl_top_inst/nd_sel_inst/LDO_prm_13_7
FCITOFCO_D  ---     0.071    R26C31C.FCI to    R26C31C.FCO slv_com_top_inst/slv_ctrl_top_inst/nd_sel_inst/SLICE_2953
ROUTE         1     0.000    R26C31C.FCO to    R26C31D.FCI slv_com_top_inst/slv_ctrl_top_inst/nd_sel_inst/LDO_prm_11_7
FCITOFCO_D  ---     0.071    R26C31D.FCI to    R26C31D.FCO slv_com_top_inst/slv_ctrl_top_inst/nd_sel_inst/SLICE_2954
ROUTE         1     0.000    R26C31D.FCO to    R26C32A.FCI slv_com_top_inst/slv_ctrl_top_inst/nd_sel_inst/LDO_prm_9_7
FCITOFCO_D  ---     0.071    R26C32A.FCI to    R26C32A.FCO slv_com_top_inst/slv_ctrl_top_inst/nd_sel_inst/SLICE_2955
ROUTE         1     0.000    R26C32A.FCO to    R26C32B.FCI slv_com_top_inst/slv_ctrl_top_inst/nd_sel_inst/LDO_prm_7_7
FCITOFCO_D  ---     0.071    R26C32B.FCI to    R26C32B.FCO slv_com_top_inst/slv_ctrl_top_inst/nd_sel_inst/SLICE_2956
ROUTE         1     0.000    R26C32B.FCO to    R26C32C.FCI slv_com_top_inst/slv_ctrl_top_inst/nd_sel_inst/LDO_prm_5_7
FCITOFCO_D  ---     0.071    R26C32C.FCI to    R26C32C.FCO slv_com_top_inst/slv_ctrl_top_inst/nd_sel_inst/SLICE_2957
ROUTE         1     0.000    R26C32C.FCO to    R26C32D.FCI slv_com_top_inst/slv_ctrl_top_inst/nd_sel_inst/LDO_prm_3_7
FCITOFCO_D  ---     0.071    R26C32D.FCI to    R26C32D.FCO slv_com_top_inst/slv_ctrl_top_inst/nd_sel_inst/SLICE_2958
ROUTE         1     0.000    R26C32D.FCO to    R26C33A.FCI slv_com_top_inst/slv_ctrl_top_inst/nd_sel_inst/LDO_prm_1_7_cry
FCITOF0_DE  ---     0.443    R26C33A.FCI to     R26C33A.F0 slv_com_top_inst/slv_ctrl_top_inst/nd_sel_inst/SLICE_2959
ROUTE         1     2.682     R26C33A.F0 to     R35C60B.B1 slv_com_top_inst/slv_ctrl_top_inst/LDO_i[7]
CTOF_DEL    ---     0.236     R35C60B.B1 to     R35C60B.F1 slv_com_top_inst/slv_ctrl_top_inst/slv_tx_ctrl_inst/SLICE_4792
ROUTE         1     0.000     R35C60B.F1 to    R35C60B.DI1 slv_com_top_inst/slv_ctrl_top_inst/slv_tx_ctrl_inst/N_377_i (to slv_com_top_inst.CLK1)
                  --------
                   16.694   (26.3% logic, 73.7% route), 20 logic levels.

 Clock Skew Details: 

      Source Clock Path UP_CLK to SLICE_7645:

   Name    Fanout   Delay (ns)          Site               Resource
PADI_DEL    ---     1.140         M1.PAD to       M1.PADDI UP_CLK
ROUTE         1     0.383       M1.PADDI to   PLL_BL0.CLKI UP_CLK_c
CLKI2OS2_D  ---     0.000   PLL_BL0.CLKI to PLL_BL0.CLKOS2 slv_com_top_inst/clk_gen_inst2/PLL_inst/PLLInst_0
ROUTE       999     2.137 PLL_BL0.CLKOS2 to    R46C23B.CLK s_PLL_CLK20M
                  --------
                    3.660   (31.1% logic, 68.9% route), 2 logic levels.

      Source Clock f/b:

   Name    Fanout   Delay (ns)          Site               Resource
CLKFB2OP_D  ---     0.000  PLL_BL0.CLKFB to  PLL_BL0.CLKOP slv_com_top_inst/clk_gen_inst2/PLL_inst/PLLInst_0
ROUTE       173     2.237  PLL_BL0.CLKOP to  PLL_BL0.CLKFB slv_com_top_inst.CLKCOM_OUT
                  --------
                    2.237   (0.0% logic, 100.0% route), 1 logic levels.

      Destination Clock Path UP_CLK to slv_com_top_inst/slv_ctrl_top_inst/slv_tx_ctrl_inst/SLICE_4792:

   Name    Fanout   Delay (ns)          Site               Resource
PADI_DEL    ---     1.140         M1.PAD to       M1.PADDI UP_CLK
ROUTE         1     0.383       M1.PADDI to   PLL_BL0.CLKI UP_CLK_c
CLKI2OS3_D  ---     0.000   PLL_BL0.CLKI to PLL_BL0.CLKOS3 slv_com_top_inst/clk_gen_inst2/PLL_inst/PLLInst_0
ROUTE       379     2.137 PLL_BL0.CLKOS3 to    R35C60B.CLK slv_com_top_inst.CLK1
                  --------
                    3.660   (31.1% logic, 68.9% route), 2 logic levels.

      Destination Clock f/b:

   Name    Fanout   Delay (ns)          Site               Resource
CLKFB2OP_D  ---     0.000  PLL_BL0.CLKFB to  PLL_BL0.CLKOP slv_com_top_inst/clk_gen_inst2/PLL_inst/PLLInst_0
ROUTE       173     2.237  PLL_BL0.CLKOP to  PLL_BL0.CLKFB slv_com_top_inst.CLKCOM_OUT
                  --------
                    2.237   (0.0% logic, 100.0% route), 1 logic levels.


Passed: The following path meets requirements by 133.866ns (weighted slack = 178.488ns)

 Logical Details:  Cell type  Pin type       Cell/ASIC name  (clock net +/-)

   Source:         FF         Q              stm13/ppmc_reg_S118M_inst/inst_ppmc_ctrl/slow_reg_o[8]  (from s_PLL_CLK20M +)
   Destination:    FF         Data in        slv_com_top_inst/slv_ctrl_top_inst/slv_tx_ctrl_inst/TX_D[7]  (to slv_com_top_inst.CLK1 +)

   Delay:              16.400ns  (26.8% logic, 73.2% route), 20 logic levels.

 Constraint Details:

     16.400ns physical path delay SLICE_7646 to slv_com_top_inst/slv_ctrl_top_inst/slv_tx_ctrl_inst/SLICE_4792 meets
    150.000ns delay constraint less
      0.000ns skew and
      0.000ns feedback compensation and
     -0.266ns DIN_SET requirement (totaling 150.266ns) by 133.866ns

 Physical Path Details:

      Data path SLICE_7646 to slv_com_top_inst/slv_ctrl_top_inst/slv_tx_ctrl_inst/SLICE_4792:

   Name    Fanout   Delay (ns)          Site               Resource
REG_DEL     ---     0.525    R46C28B.CLK to     R46C28B.Q0 SLICE_7646 (from s_PLL_CLK20M)
ROUTE         2     2.803     R46C28B.Q0 to     R20C38A.A1 stm13/ppmc_reg_S118M_inst/SLOW_REG[8]
C1TOFCO_DE  ---     0.447     R20C38A.A1 to    R20C38A.FCO stm13/ppmc_reg_S118M_inst/inst_ppmc_plsgen/ppmc_pls_cnt_inst/SLICE_63
ROUTE         1     0.000    R20C38A.FCO to    R20C38B.FCI stm13/ppmc_reg_S118M_inst/inst_ppmc_plsgen/ppmc_pls_cnt_inst/un2_s_slow_cry_8
FCITOFCO_D  ---     0.071    R20C38B.FCI to    R20C38B.FCO stm13/ppmc_reg_S118M_inst/inst_ppmc_plsgen/ppmc_pls_cnt_inst/SLICE_64
ROUTE         1     0.000    R20C38B.FCO to    R20C38C.FCI stm13/ppmc_reg_S118M_inst/inst_ppmc_plsgen/ppmc_pls_cnt_inst/un2_s_slow_cry_10
FCITOFCO_D  ---     0.071    R20C38C.FCI to    R20C38C.FCO stm13/ppmc_reg_S118M_inst/inst_ppmc_plsgen/ppmc_pls_cnt_inst/SLICE_65
ROUTE         1     0.000    R20C38C.FCO to    R20C38D.FCI stm13/ppmc_reg_S118M_inst/inst_ppmc_plsgen/ppmc_pls_cnt_inst/un2_s_slow_cry_12
FCITOFCO_D  ---     0.071    R20C38D.FCI to    R20C38D.FCO stm13/ppmc_reg_S118M_inst/inst_ppmc_plsgen/ppmc_pls_cnt_inst/SLICE_66
ROUTE         1     0.000    R20C38D.FCO to    R20C39A.FCI stm13/ppmc_reg_S118M_inst/inst_ppmc_plsgen/ppmc_pls_cnt_inst/un2_s_slow_cry_14
FCITOF1_DE  ---     0.474    R20C39A.FCI to     R20C39A.F1 stm13/ppmc_reg_S118M_inst/inst_ppmc_plsgen/ppmc_pls_cnt_inst/SLICE_67
ROUTE         3     1.545     R20C39A.F1 to     R18C49D.C1 stm13/ppmc_reg_S118M_inst/un2_s_slow_cry_15_i
CTOF_DEL    ---     0.236     R18C49D.C1 to     R18C49D.F1 stm13/ppmc_reg_S118M_inst/SLICE_8190
ROUTE         3     0.575     R18C49D.F1 to     R18C49D.A0 stm13/ppmc_reg_S118M_inst/SLOW
CTOF_DEL    ---     0.236     R18C49D.A0 to     R18C49D.F0 stm13/ppmc_reg_S118M_inst/SLICE_8190
ROUTE         1     1.144     R18C49D.F0 to     R22C44C.D0 stm13/ppmc_reg_S118M_inst/inst_ppmc_rgstr/REGDO_0_iv_7[7]
CTOF_DEL    ---     0.236     R22C44C.D0 to     R22C44C.F0 stm13/SLICE_8184
ROUTE         1     0.747     R22C44C.F0 to     R22C44C.A1 stm13/REGDO_0_iv_16[7]
CTOF_DEL    ---     0.236     R22C44C.A1 to     R22C44C.F1 stm13/SLICE_8184
ROUTE         1     0.778     R22C44C.F1 to     R23C44D.B1 stm13/fc_sel_inst/LDO_0_N_8L16_1
CTOF_DEL    ---     0.236     R23C44D.B1 to     R23C44D.F1 stm13/SLICE_7679
ROUTE         1     1.735     R23C44D.F1 to     R26C31B.A1 LDO_0[7]
C1TOFCO_DE  ---     0.447     R26C31B.A1 to    R26C31B.FCO slv_com_top_inst/slv_ctrl_top_inst/nd_sel_inst/SLICE_2952
ROUTE         1     0.000    R26C31B.FCO to    R26C31C.FCI slv_com_top_inst/slv_ctrl_top_inst/nd_sel_inst/LDO_prm_13_7
FCITOFCO_D  ---     0.071    R26C31C.FCI to    R26C31C.FCO slv_com_top_inst/slv_ctrl_top_inst/nd_sel_inst/SLICE_2953
ROUTE         1     0.000    R26C31C.FCO to    R26C31D.FCI slv_com_top_inst/slv_ctrl_top_inst/nd_sel_inst/LDO_prm_11_7
FCITOFCO_D  ---     0.071    R26C31D.FCI to    R26C31D.FCO slv_com_top_inst/slv_ctrl_top_inst/nd_sel_inst/SLICE_2954
ROUTE         1     0.000    R26C31D.FCO to    R26C32A.FCI slv_com_top_inst/slv_ctrl_top_inst/nd_sel_inst/LDO_prm_9_7
FCITOFCO_D  ---     0.071    R26C32A.FCI to    R26C32A.FCO slv_com_top_inst/slv_ctrl_top_inst/nd_sel_inst/SLICE_2955
ROUTE         1     0.000    R26C32A.FCO to    R26C32B.FCI slv_com_top_inst/slv_ctrl_top_inst/nd_sel_inst/LDO_prm_7_7
FCITOFCO_D  ---     0.071    R26C32B.FCI to    R26C32B.FCO slv_com_top_inst/slv_ctrl_top_inst/nd_sel_inst/SLICE_2956
ROUTE         1     0.000    R26C32B.FCO to    R26C32C.FCI slv_com_top_inst/slv_ctrl_top_inst/nd_sel_inst/LDO_prm_5_7
FCITOFCO_D  ---     0.071    R26C32C.FCI to    R26C32C.FCO slv_com_top_inst/slv_ctrl_top_inst/nd_sel_inst/SLICE_2957
ROUTE         1     0.000    R26C32C.FCO to    R26C32D.FCI slv_com_top_inst/slv_ctrl_top_inst/nd_sel_inst/LDO_prm_3_7
FCITOFCO_D  ---     0.071    R26C32D.FCI to    R26C32D.FCO slv_com_top_inst/slv_ctrl_top_inst/nd_sel_inst/SLICE_2958
ROUTE         1     0.000    R26C32D.FCO to    R26C33A.FCI slv_com_top_inst/slv_ctrl_top_inst/nd_sel_inst/LDO_prm_1_7_cry
FCITOF0_DE  ---     0.443    R26C33A.FCI to     R26C33A.F0 slv_com_top_inst/slv_ctrl_top_inst/nd_sel_inst/SLICE_2959
ROUTE         1     2.682     R26C33A.F0 to     R35C60B.B1 slv_com_top_inst/slv_ctrl_top_inst/LDO_i[7]
CTOF_DEL    ---     0.236     R35C60B.B1 to     R35C60B.F1 slv_com_top_inst/slv_ctrl_top_inst/slv_tx_ctrl_inst/SLICE_4792
ROUTE         1     0.000     R35C60B.F1 to    R35C60B.DI1 slv_com_top_inst/slv_ctrl_top_inst/slv_tx_ctrl_inst/N_377_i (to slv_com_top_inst.CLK1)
                  --------
                   16.400   (26.8% logic, 73.2% route), 20 logic levels.

 Clock Skew Details: 

      Source Clock Path UP_CLK to SLICE_7646:

   Name    Fanout   Delay (ns)          Site               Resource
PADI_DEL    ---     1.140         M1.PAD to       M1.PADDI UP_CLK
ROUTE         1     0.383       M1.PADDI to   PLL_BL0.CLKI UP_CLK_c
CLKI2OS2_D  ---     0.000   PLL_BL0.CLKI to PLL_BL0.CLKOS2 slv_com_top_inst/clk_gen_inst2/PLL_inst/PLLInst_0
ROUTE       999     2.137 PLL_BL0.CLKOS2 to    R46C28B.CLK s_PLL_CLK20M
                  --------
                    3.660   (31.1% logic, 68.9% route), 2 logic levels.

      Source Clock f/b:

   Name    Fanout   Delay (ns)          Site               Resource
CLKFB2OP_D  ---     0.000  PLL_BL0.CLKFB to  PLL_BL0.CLKOP slv_com_top_inst/clk_gen_inst2/PLL_inst/PLLInst_0
ROUTE       173     2.237  PLL_BL0.CLKOP to  PLL_BL0.CLKFB slv_com_top_inst.CLKCOM_OUT
                  --------
                    2.237   (0.0% logic, 100.0% route), 1 logic levels.

      Destination Clock Path UP_CLK to slv_com_top_inst/slv_ctrl_top_inst/slv_tx_ctrl_inst/SLICE_4792:

   Name    Fanout   Delay (ns)          Site               Resource
PADI_DEL    ---     1.140         M1.PAD to       M1.PADDI UP_CLK
ROUTE         1     0.383       M1.PADDI to   PLL_BL0.CLKI UP_CLK_c
CLKI2OS3_D  ---     0.000   PLL_BL0.CLKI to PLL_BL0.CLKOS3 slv_com_top_inst/clk_gen_inst2/PLL_inst/PLLInst_0
ROUTE       379     2.137 PLL_BL0.CLKOS3 to    R35C60B.CLK slv_com_top_inst.CLK1
                  --------
                    3.660   (31.1% logic, 68.9% route), 2 logic levels.

      Destination Clock f/b:

   Name    Fanout   Delay (ns)          Site               Resource
CLKFB2OP_D  ---     0.000  PLL_BL0.CLKFB to  PLL_BL0.CLKOP slv_com_top_inst/clk_gen_inst2/PLL_inst/PLLInst_0
ROUTE       173     2.237  PLL_BL0.CLKOP to  PLL_BL0.CLKFB slv_com_top_inst.CLKCOM_OUT
                  --------
                    2.237   (0.0% logic, 100.0% route), 1 logic levels.


Passed: The following path meets requirements by 133.948ns (weighted slack = 178.597ns)

 Logical Details:  Cell type  Pin type       Cell/ASIC name  (clock net +/-)

   Source:         FF         Q              stm13/ppmc_reg_S118M_inst/inst_ppmc_ctrl/slow_reg_o[9]  (from s_PLL_CLK20M +)
   Destination:    FF         Data in        slv_com_top_inst/slv_ctrl_top_inst/slv_tx_ctrl_inst/TX_D[7]  (to slv_com_top_inst.CLK1 +)

   Delay:              16.318ns  (26.5% logic, 73.5% route), 19 logic levels.

 Constraint Details:

     16.318ns physical path delay SLICE_7646 to slv_com_top_inst/slv_ctrl_top_inst/slv_tx_ctrl_inst/SLICE_4792 meets
    150.000ns delay constraint less
      0.000ns skew and
      0.000ns feedback compensation and
     -0.266ns DIN_SET requirement (totaling 150.266ns) by 133.948ns

 Physical Path Details:

      Data path SLICE_7646 to slv_com_top_inst/slv_ctrl_top_inst/slv_tx_ctrl_inst/SLICE_4792:

   Name    Fanout   Delay (ns)          Site               Resource
REG_DEL     ---     0.522    R46C28B.CLK to     R46C28B.Q1 SLICE_7646 (from s_PLL_CLK20M)
ROUTE         2     2.795     R46C28B.Q1 to     R20C38B.B0 stm13/ppmc_reg_S118M_inst/SLOW_REG[9]
C0TOFCO_DE  ---     0.447     R20C38B.B0 to    R20C38B.FCO stm13/ppmc_reg_S118M_inst/inst_ppmc_plsgen/ppmc_pls_cnt_inst/SLICE_64
ROUTE         1     0.000    R20C38B.FCO to    R20C38C.FCI stm13/ppmc_reg_S118M_inst/inst_ppmc_plsgen/ppmc_pls_cnt_inst/un2_s_slow_cry_10
FCITOFCO_D  ---     0.071    R20C38C.FCI to    R20C38C.FCO stm13/ppmc_reg_S118M_inst/inst_ppmc_plsgen/ppmc_pls_cnt_inst/SLICE_65
ROUTE         1     0.000    R20C38C.FCO to    R20C38D.FCI stm13/ppmc_reg_S118M_inst/inst_ppmc_plsgen/ppmc_pls_cnt_inst/un2_s_slow_cry_12
FCITOFCO_D  ---     0.071    R20C38D.FCI to    R20C38D.FCO stm13/ppmc_reg_S118M_inst/inst_ppmc_plsgen/ppmc_pls_cnt_inst/SLICE_66
ROUTE         1     0.000    R20C38D.FCO to    R20C39A.FCI stm13/ppmc_reg_S118M_inst/inst_ppmc_plsgen/ppmc_pls_cnt_inst/un2_s_slow_cry_14
FCITOF1_DE  ---     0.474    R20C39A.FCI to     R20C39A.F1 stm13/ppmc_reg_S118M_inst/inst_ppmc_plsgen/ppmc_pls_cnt_inst/SLICE_67
ROUTE         3     1.545     R20C39A.F1 to     R18C49D.C1 stm13/ppmc_reg_S118M_inst/un2_s_slow_cry_15_i
CTOF_DEL    ---     0.236     R18C49D.C1 to     R18C49D.F1 stm13/ppmc_reg_S118M_inst/SLICE_8190
ROUTE         3     0.575     R18C49D.F1 to     R18C49D.A0 stm13/ppmc_reg_S118M_inst/SLOW
CTOF_DEL    ---     0.236     R18C49D.A0 to     R18C49D.F0 stm13/ppmc_reg_S118M_inst/SLICE_8190
ROUTE         1     1.144     R18C49D.F0 to     R22C44C.D0 stm13/ppmc_reg_S118M_inst/inst_ppmc_rgstr/REGDO_0_iv_7[7]
CTOF_DEL    ---     0.236     R22C44C.D0 to     R22C44C.F0 stm13/SLICE_8184
ROUTE         1     0.747     R22C44C.F0 to     R22C44C.A1 stm13/REGDO_0_iv_16[7]
CTOF_DEL    ---     0.236     R22C44C.A1 to     R22C44C.F1 stm13/SLICE_8184
ROUTE         1     0.778     R22C44C.F1 to     R23C44D.B1 stm13/fc_sel_inst/LDO_0_N_8L16_1
CTOF_DEL    ---     0.236     R23C44D.B1 to     R23C44D.F1 stm13/SLICE_7679
ROUTE         1     1.735     R23C44D.F1 to     R26C31B.A1 LDO_0[7]
C1TOFCO_DE  ---     0.447     R26C31B.A1 to    R26C31B.FCO slv_com_top_inst/slv_ctrl_top_inst/nd_sel_inst/SLICE_2952
ROUTE         1     0.000    R26C31B.FCO to    R26C31C.FCI slv_com_top_inst/slv_ctrl_top_inst/nd_sel_inst/LDO_prm_13_7
FCITOFCO_D  ---     0.071    R26C31C.FCI to    R26C31C.FCO slv_com_top_inst/slv_ctrl_top_inst/nd_sel_inst/SLICE_2953
ROUTE         1     0.000    R26C31C.FCO to    R26C31D.FCI slv_com_top_inst/slv_ctrl_top_inst/nd_sel_inst/LDO_prm_11_7
FCITOFCO_D  ---     0.071    R26C31D.FCI to    R26C31D.FCO slv_com_top_inst/slv_ctrl_top_inst/nd_sel_inst/SLICE_2954
ROUTE         1     0.000    R26C31D.FCO to    R26C32A.FCI slv_com_top_inst/slv_ctrl_top_inst/nd_sel_inst/LDO_prm_9_7
FCITOFCO_D  ---     0.071    R26C32A.FCI to    R26C32A.FCO slv_com_top_inst/slv_ctrl_top_inst/nd_sel_inst/SLICE_2955
ROUTE         1     0.000    R26C32A.FCO to    R26C32B.FCI slv_com_top_inst/slv_ctrl_top_inst/nd_sel_inst/LDO_prm_7_7
FCITOFCO_D  ---     0.071    R26C32B.FCI to    R26C32B.FCO slv_com_top_inst/slv_ctrl_top_inst/nd_sel_inst/SLICE_2956
ROUTE         1     0.000    R26C32B.FCO to    R26C32C.FCI slv_com_top_inst/slv_ctrl_top_inst/nd_sel_inst/LDO_prm_5_7
FCITOFCO_D  ---     0.071    R26C32C.FCI to    R26C32C.FCO slv_com_top_inst/slv_ctrl_top_inst/nd_sel_inst/SLICE_2957
ROUTE         1     0.000    R26C32C.FCO to    R26C32D.FCI slv_com_top_inst/slv_ctrl_top_inst/nd_sel_inst/LDO_prm_3_7
FCITOFCO_D  ---     0.071    R26C32D.FCI to    R26C32D.FCO slv_com_top_inst/slv_ctrl_top_inst/nd_sel_inst/SLICE_2958
ROUTE         1     0.000    R26C32D.FCO to    R26C33A.FCI slv_com_top_inst/slv_ctrl_top_inst/nd_sel_inst/LDO_prm_1_7_cry
FCITOF0_DE  ---     0.443    R26C33A.FCI to     R26C33A.F0 slv_com_top_inst/slv_ctrl_top_inst/nd_sel_inst/SLICE_2959
ROUTE         1     2.682     R26C33A.F0 to     R35C60B.B1 slv_com_top_inst/slv_ctrl_top_inst/LDO_i[7]
CTOF_DEL    ---     0.236     R35C60B.B1 to     R35C60B.F1 slv_com_top_inst/slv_ctrl_top_inst/slv_tx_ctrl_inst/SLICE_4792
ROUTE         1     0.000     R35C60B.F1 to    R35C60B.DI1 slv_com_top_inst/slv_ctrl_top_inst/slv_tx_ctrl_inst/N_377_i (to slv_com_top_inst.CLK1)
                  --------
                   16.318   (26.5% logic, 73.5% route), 19 logic levels.

 Clock Skew Details: 

      Source Clock Path UP_CLK to SLICE_7646:

   Name    Fanout   Delay (ns)          Site               Resource
PADI_DEL    ---     1.140         M1.PAD to       M1.PADDI UP_CLK
ROUTE         1     0.383       M1.PADDI to   PLL_BL0.CLKI UP_CLK_c
CLKI2OS2_D  ---     0.000   PLL_BL0.CLKI to PLL_BL0.CLKOS2 slv_com_top_inst/clk_gen_inst2/PLL_inst/PLLInst_0
ROUTE       999     2.137 PLL_BL0.CLKOS2 to    R46C28B.CLK s_PLL_CLK20M
                  --------
                    3.660   (31.1% logic, 68.9% route), 2 logic levels.

      Source Clock f/b:

   Name    Fanout   Delay (ns)          Site               Resource
CLKFB2OP_D  ---     0.000  PLL_BL0.CLKFB to  PLL_BL0.CLKOP slv_com_top_inst/clk_gen_inst2/PLL_inst/PLLInst_0
ROUTE       173     2.237  PLL_BL0.CLKOP to  PLL_BL0.CLKFB slv_com_top_inst.CLKCOM_OUT
                  --------
                    2.237   (0.0% logic, 100.0% route), 1 logic levels.

      Destination Clock Path UP_CLK to slv_com_top_inst/slv_ctrl_top_inst/slv_tx_ctrl_inst/SLICE_4792:

   Name    Fanout   Delay (ns)          Site               Resource
PADI_DEL    ---     1.140         M1.PAD to       M1.PADDI UP_CLK
ROUTE         1     0.383       M1.PADDI to   PLL_BL0.CLKI UP_CLK_c
CLKI2OS3_D  ---     0.000   PLL_BL0.CLKI to PLL_BL0.CLKOS3 slv_com_top_inst/clk_gen_inst2/PLL_inst/PLLInst_0
ROUTE       379     2.137 PLL_BL0.CLKOS3 to    R35C60B.CLK slv_com_top_inst.CLK1
                  --------
                    3.660   (31.1% logic, 68.9% route), 2 logic levels.

      Destination Clock f/b:

   Name    Fanout   Delay (ns)          Site               Resource
CLKFB2OP_D  ---     0.000  PLL_BL0.CLKFB to  PLL_BL0.CLKOP slv_com_top_inst/clk_gen_inst2/PLL_inst/PLLInst_0
ROUTE       173     2.237  PLL_BL0.CLKOP to  PLL_BL0.CLKFB slv_com_top_inst.CLKCOM_OUT
                  --------
                    2.237   (0.0% logic, 100.0% route), 1 logic levels.


Passed: The following path meets requirements by 134.237ns (weighted slack = 178.983ns)

 Logical Details:  Cell type  Pin type       Cell/ASIC name  (clock net +/-)

   Source:         FF         Q              stm13/ppmc_reg_S118M_inst/inst_ppmc_ctrl/slow_reg_o[0]  (from s_PLL_CLK20M +)
   Destination:    FF         Data in        slv_com_top_inst/slv_ctrl_top_inst/slv_tx_ctrl_inst/TX_D[7]  (to slv_com_top_inst.CLK1 +)

   Delay:              16.029ns  (29.2% logic, 70.8% route), 24 logic levels.

 Constraint Details:

     16.029ns physical path delay SLICE_7642 to slv_com_top_inst/slv_ctrl_top_inst/slv_tx_ctrl_inst/SLICE_4792 meets
    150.000ns delay constraint less
      0.000ns skew and
      0.000ns feedback compensation and
     -0.266ns DIN_SET requirement (totaling 150.266ns) by 134.237ns

 Physical Path Details:

      Data path SLICE_7642 to slv_com_top_inst/slv_ctrl_top_inst/slv_tx_ctrl_inst/SLICE_4792:

   Name    Fanout   Delay (ns)          Site               Resource
REG_DEL     ---     0.525    R10C23D.CLK to     R10C23D.Q0 SLICE_7642 (from s_PLL_CLK20M)
ROUTE         2     2.148     R10C23D.Q0 to     R20C37A.A1 stm13/ppmc_reg_S118M_inst/SLOW_REG[0]
C1TOFCO_DE  ---     0.447     R20C37A.A1 to    R20C37A.FCO stm13/ppmc_reg_S118M_inst/inst_ppmc_plsgen/ppmc_pls_cnt_inst/SLICE_59
ROUTE         1     0.000    R20C37A.FCO to    R20C37B.FCI stm13/ppmc_reg_S118M_inst/inst_ppmc_plsgen/ppmc_pls_cnt_inst/un2_s_slow_cry_0
FCITOFCO_D  ---     0.071    R20C37B.FCI to    R20C37B.FCO stm13/ppmc_reg_S118M_inst/inst_ppmc_plsgen/ppmc_pls_cnt_inst/SLICE_60
ROUTE         1     0.000    R20C37B.FCO to    R20C37C.FCI stm13/ppmc_reg_S118M_inst/inst_ppmc_plsgen/ppmc_pls_cnt_inst/un2_s_slow_cry_2
FCITOFCO_D  ---     0.071    R20C37C.FCI to    R20C37C.FCO stm13/ppmc_reg_S118M_inst/inst_ppmc_plsgen/ppmc_pls_cnt_inst/SLICE_61
ROUTE         1     0.000    R20C37C.FCO to    R20C37D.FCI stm13/ppmc_reg_S118M_inst/inst_ppmc_plsgen/ppmc_pls_cnt_inst/un2_s_slow_cry_4
FCITOFCO_D  ---     0.071    R20C37D.FCI to    R20C37D.FCO stm13/ppmc_reg_S118M_inst/inst_ppmc_plsgen/ppmc_pls_cnt_inst/SLICE_62
ROUTE         1     0.000    R20C37D.FCO to    R20C38A.FCI stm13/ppmc_reg_S118M_inst/inst_ppmc_plsgen/ppmc_pls_cnt_inst/un2_s_slow_cry_6
FCITOFCO_D  ---     0.071    R20C38A.FCI to    R20C38A.FCO stm13/ppmc_reg_S118M_inst/inst_ppmc_plsgen/ppmc_pls_cnt_inst/SLICE_63
ROUTE         1     0.000    R20C38A.FCO to    R20C38B.FCI stm13/ppmc_reg_S118M_inst/inst_ppmc_plsgen/ppmc_pls_cnt_inst/un2_s_slow_cry_8
FCITOFCO_D  ---     0.071    R20C38B.FCI to    R20C38B.FCO stm13/ppmc_reg_S118M_inst/inst_ppmc_plsgen/ppmc_pls_cnt_inst/SLICE_64
ROUTE         1     0.000    R20C38B.FCO to    R20C38C.FCI stm13/ppmc_reg_S118M_inst/inst_ppmc_plsgen/ppmc_pls_cnt_inst/un2_s_slow_cry_10
FCITOFCO_D  ---     0.071    R20C38C.FCI to    R20C38C.FCO stm13/ppmc_reg_S118M_inst/inst_ppmc_plsgen/ppmc_pls_cnt_inst/SLICE_65
ROUTE         1     0.000    R20C38C.FCO to    R20C38D.FCI stm13/ppmc_reg_S118M_inst/inst_ppmc_plsgen/ppmc_pls_cnt_inst/un2_s_slow_cry_12
FCITOFCO_D  ---     0.071    R20C38D.FCI to    R20C38D.FCO stm13/ppmc_reg_S118M_inst/inst_ppmc_plsgen/ppmc_pls_cnt_inst/SLICE_66
ROUTE         1     0.000    R20C38D.FCO to    R20C39A.FCI stm13/ppmc_reg_S118M_inst/inst_ppmc_plsgen/ppmc_pls_cnt_inst/un2_s_slow_cry_14
FCITOF1_DE  ---     0.474    R20C39A.FCI to     R20C39A.F1 stm13/ppmc_reg_S118M_inst/inst_ppmc_plsgen/ppmc_pls_cnt_inst/SLICE_67
ROUTE         3     1.545     R20C39A.F1 to     R18C49D.C1 stm13/ppmc_reg_S118M_inst/un2_s_slow_cry_15_i
CTOF_DEL    ---     0.236     R18C49D.C1 to     R18C49D.F1 stm13/ppmc_reg_S118M_inst/SLICE_8190
ROUTE         3     0.575     R18C49D.F1 to     R18C49D.A0 stm13/ppmc_reg_S118M_inst/SLOW
CTOF_DEL    ---     0.236     R18C49D.A0 to     R18C49D.F0 stm13/ppmc_reg_S118M_inst/SLICE_8190
ROUTE         1     1.144     R18C49D.F0 to     R22C44C.D0 stm13/ppmc_reg_S118M_inst/inst_ppmc_rgstr/REGDO_0_iv_7[7]
CTOF_DEL    ---     0.236     R22C44C.D0 to     R22C44C.F0 stm13/SLICE_8184
ROUTE         1     0.747     R22C44C.F0 to     R22C44C.A1 stm13/REGDO_0_iv_16[7]
CTOF_DEL    ---     0.236     R22C44C.A1 to     R22C44C.F1 stm13/SLICE_8184
ROUTE         1     0.778     R22C44C.F1 to     R23C44D.B1 stm13/fc_sel_inst/LDO_0_N_8L16_1
CTOF_DEL    ---     0.236     R23C44D.B1 to     R23C44D.F1 stm13/SLICE_7679
ROUTE         1     1.735     R23C44D.F1 to     R26C31B.A1 LDO_0[7]
C1TOFCO_DE  ---     0.447     R26C31B.A1 to    R26C31B.FCO slv_com_top_inst/slv_ctrl_top_inst/nd_sel_inst/SLICE_2952
ROUTE         1     0.000    R26C31B.FCO to    R26C31C.FCI slv_com_top_inst/slv_ctrl_top_inst/nd_sel_inst/LDO_prm_13_7
FCITOFCO_D  ---     0.071    R26C31C.FCI to    R26C31C.FCO slv_com_top_inst/slv_ctrl_top_inst/nd_sel_inst/SLICE_2953
ROUTE         1     0.000    R26C31C.FCO to    R26C31D.FCI slv_com_top_inst/slv_ctrl_top_inst/nd_sel_inst/LDO_prm_11_7
FCITOFCO_D  ---     0.071    R26C31D.FCI to    R26C31D.FCO slv_com_top_inst/slv_ctrl_top_inst/nd_sel_inst/SLICE_2954
ROUTE         1     0.000    R26C31D.FCO to    R26C32A.FCI slv_com_top_inst/slv_ctrl_top_inst/nd_sel_inst/LDO_prm_9_7
FCITOFCO_D  ---     0.071    R26C32A.FCI to    R26C32A.FCO slv_com_top_inst/slv_ctrl_top_inst/nd_sel_inst/SLICE_2955
ROUTE         1     0.000    R26C32A.FCO to    R26C32B.FCI slv_com_top_inst/slv_ctrl_top_inst/nd_sel_inst/LDO_prm_7_7
FCITOFCO_D  ---     0.071    R26C32B.FCI to    R26C32B.FCO slv_com_top_inst/slv_ctrl_top_inst/nd_sel_inst/SLICE_2956
ROUTE         1     0.000    R26C32B.FCO to    R26C32C.FCI slv_com_top_inst/slv_ctrl_top_inst/nd_sel_inst/LDO_prm_5_7
FCITOFCO_D  ---     0.071    R26C32C.FCI to    R26C32C.FCO slv_com_top_inst/slv_ctrl_top_inst/nd_sel_inst/SLICE_2957
ROUTE         1     0.000    R26C32C.FCO to    R26C32D.FCI slv_com_top_inst/slv_ctrl_top_inst/nd_sel_inst/LDO_prm_3_7
FCITOFCO_D  ---     0.071    R26C32D.FCI to    R26C32D.FCO slv_com_top_inst/slv_ctrl_top_inst/nd_sel_inst/SLICE_2958
ROUTE         1     0.000    R26C32D.FCO to    R26C33A.FCI slv_com_top_inst/slv_ctrl_top_inst/nd_sel_inst/LDO_prm_1_7_cry
FCITOF0_DE  ---     0.443    R26C33A.FCI to     R26C33A.F0 slv_com_top_inst/slv_ctrl_top_inst/nd_sel_inst/SLICE_2959
ROUTE         1     2.682     R26C33A.F0 to     R35C60B.B1 slv_com_top_inst/slv_ctrl_top_inst/LDO_i[7]
CTOF_DEL    ---     0.236     R35C60B.B1 to     R35C60B.F1 slv_com_top_inst/slv_ctrl_top_inst/slv_tx_ctrl_inst/SLICE_4792
ROUTE         1     0.000     R35C60B.F1 to    R35C60B.DI1 slv_com_top_inst/slv_ctrl_top_inst/slv_tx_ctrl_inst/N_377_i (to slv_com_top_inst.CLK1)
                  --------
                   16.029   (29.2% logic, 70.8% route), 24 logic levels.

 Clock Skew Details: 

      Source Clock Path UP_CLK to SLICE_7642:

   Name    Fanout   Delay (ns)          Site               Resource
PADI_DEL    ---     1.140         M1.PAD to       M1.PADDI UP_CLK
ROUTE         1     0.383       M1.PADDI to   PLL_BL0.CLKI UP_CLK_c
CLKI2OS2_D  ---     0.000   PLL_BL0.CLKI to PLL_BL0.CLKOS2 slv_com_top_inst/clk_gen_inst2/PLL_inst/PLLInst_0
ROUTE       999     2.137 PLL_BL0.CLKOS2 to    R10C23D.CLK s_PLL_CLK20M
                  --------
                    3.660   (31.1% logic, 68.9% route), 2 logic levels.

      Source Clock f/b:

   Name    Fanout   Delay (ns)          Site               Resource
CLKFB2OP_D  ---     0.000  PLL_BL0.CLKFB to  PLL_BL0.CLKOP slv_com_top_inst/clk_gen_inst2/PLL_inst/PLLInst_0
ROUTE       173     2.237  PLL_BL0.CLKOP to  PLL_BL0.CLKFB slv_com_top_inst.CLKCOM_OUT
                  --------
                    2.237   (0.0% logic, 100.0% route), 1 logic levels.

      Destination Clock Path UP_CLK to slv_com_top_inst/slv_ctrl_top_inst/slv_tx_ctrl_inst/SLICE_4792:

   Name    Fanout   Delay (ns)          Site               Resource
PADI_DEL    ---     1.140         M1.PAD to       M1.PADDI UP_CLK
ROUTE         1     0.383       M1.PADDI to   PLL_BL0.CLKI UP_CLK_c
CLKI2OS3_D  ---     0.000   PLL_BL0.CLKI to PLL_BL0.CLKOS3 slv_com_top_inst/clk_gen_inst2/PLL_inst/PLLInst_0
ROUTE       379     2.137 PLL_BL0.CLKOS3 to    R35C60B.CLK slv_com_top_inst.CLK1
                  --------
                    3.660   (31.1% logic, 68.9% route), 2 logic levels.

      Destination Clock f/b:

   Name    Fanout   Delay (ns)          Site               Resource
CLKFB2OP_D  ---     0.000  PLL_BL0.CLKFB to  PLL_BL0.CLKOP slv_com_top_inst/clk_gen_inst2/PLL_inst/PLLInst_0
ROUTE       173     2.237  PLL_BL0.CLKOP to  PLL_BL0.CLKFB slv_com_top_inst.CLKCOM_OUT
                  --------
                    2.237   (0.0% logic, 100.0% route), 1 logic levels.


Passed: The following path meets requirements by 134.311ns (weighted slack = 179.081ns)

 Logical Details:  Cell type  Pin type       Cell/ASIC name  (clock net +/-)

   Source:         FF         Q              stm13/ppmc_reg_S118M_inst/inst_ppmc_ctrl/slow_reg_o[1]  (from s_PLL_CLK20M +)
   Destination:    FF         Data in        slv_com_top_inst/slv_ctrl_top_inst/slv_tx_ctrl_inst/TX_D[7]  (to slv_com_top_inst.CLK1 +)

   Delay:              15.955ns  (28.8% logic, 71.2% route), 23 logic levels.

 Constraint Details:

     15.955ns physical path delay SLICE_7642 to slv_com_top_inst/slv_ctrl_top_inst/slv_tx_ctrl_inst/SLICE_4792 meets
    150.000ns delay constraint less
      0.000ns skew and
      0.000ns feedback compensation and
     -0.266ns DIN_SET requirement (totaling 150.266ns) by 134.311ns

 Physical Path Details:

      Data path SLICE_7642 to slv_com_top_inst/slv_ctrl_top_inst/slv_tx_ctrl_inst/SLICE_4792:

   Name    Fanout   Delay (ns)          Site               Resource
REG_DEL     ---     0.522    R10C23D.CLK to     R10C23D.Q1 SLICE_7642 (from s_PLL_CLK20M)
ROUTE         2     2.148     R10C23D.Q1 to     R20C37B.A0 stm13/ppmc_reg_S118M_inst/SLOW_REG[1]
C0TOFCO_DE  ---     0.447     R20C37B.A0 to    R20C37B.FCO stm13/ppmc_reg_S118M_inst/inst_ppmc_plsgen/ppmc_pls_cnt_inst/SLICE_60
ROUTE         1     0.000    R20C37B.FCO to    R20C37C.FCI stm13/ppmc_reg_S118M_inst/inst_ppmc_plsgen/ppmc_pls_cnt_inst/un2_s_slow_cry_2
FCITOFCO_D  ---     0.071    R20C37C.FCI to    R20C37C.FCO stm13/ppmc_reg_S118M_inst/inst_ppmc_plsgen/ppmc_pls_cnt_inst/SLICE_61
ROUTE         1     0.000    R20C37C.FCO to    R20C37D.FCI stm13/ppmc_reg_S118M_inst/inst_ppmc_plsgen/ppmc_pls_cnt_inst/un2_s_slow_cry_4
FCITOFCO_D  ---     0.071    R20C37D.FCI to    R20C37D.FCO stm13/ppmc_reg_S118M_inst/inst_ppmc_plsgen/ppmc_pls_cnt_inst/SLICE_62
ROUTE         1     0.000    R20C37D.FCO to    R20C38A.FCI stm13/ppmc_reg_S118M_inst/inst_ppmc_plsgen/ppmc_pls_cnt_inst/un2_s_slow_cry_6
FCITOFCO_D  ---     0.071    R20C38A.FCI to    R20C38A.FCO stm13/ppmc_reg_S118M_inst/inst_ppmc_plsgen/ppmc_pls_cnt_inst/SLICE_63
ROUTE         1     0.000    R20C38A.FCO to    R20C38B.FCI stm13/ppmc_reg_S118M_inst/inst_ppmc_plsgen/ppmc_pls_cnt_inst/un2_s_slow_cry_8
FCITOFCO_D  ---     0.071    R20C38B.FCI to    R20C38B.FCO stm13/ppmc_reg_S118M_inst/inst_ppmc_plsgen/ppmc_pls_cnt_inst/SLICE_64
ROUTE         1     0.000    R20C38B.FCO to    R20C38C.FCI stm13/ppmc_reg_S118M_inst/inst_ppmc_plsgen/ppmc_pls_cnt_inst/un2_s_slow_cry_10
FCITOFCO_D  ---     0.071    R20C38C.FCI to    R20C38C.FCO stm13/ppmc_reg_S118M_inst/inst_ppmc_plsgen/ppmc_pls_cnt_inst/SLICE_65
ROUTE         1     0.000    R20C38C.FCO to    R20C38D.FCI stm13/ppmc_reg_S118M_inst/inst_ppmc_plsgen/ppmc_pls_cnt_inst/un2_s_slow_cry_12
FCITOFCO_D  ---     0.071    R20C38D.FCI to    R20C38D.FCO stm13/ppmc_reg_S118M_inst/inst_ppmc_plsgen/ppmc_pls_cnt_inst/SLICE_66
ROUTE         1     0.000    R20C38D.FCO to    R20C39A.FCI stm13/ppmc_reg_S118M_inst/inst_ppmc_plsgen/ppmc_pls_cnt_inst/un2_s_slow_cry_14
FCITOF1_DE  ---     0.474    R20C39A.FCI to     R20C39A.F1 stm13/ppmc_reg_S118M_inst/inst_ppmc_plsgen/ppmc_pls_cnt_inst/SLICE_67
ROUTE         3     1.545     R20C39A.F1 to     R18C49D.C1 stm13/ppmc_reg_S118M_inst/un2_s_slow_cry_15_i
CTOF_DEL    ---     0.236     R18C49D.C1 to     R18C49D.F1 stm13/ppmc_reg_S118M_inst/SLICE_8190
ROUTE         3     0.575     R18C49D.F1 to     R18C49D.A0 stm13/ppmc_reg_S118M_inst/SLOW
CTOF_DEL    ---     0.236     R18C49D.A0 to     R18C49D.F0 stm13/ppmc_reg_S118M_inst/SLICE_8190
ROUTE         1     1.144     R18C49D.F0 to     R22C44C.D0 stm13/ppmc_reg_S118M_inst/inst_ppmc_rgstr/REGDO_0_iv_7[7]
CTOF_DEL    ---     0.236     R22C44C.D0 to     R22C44C.F0 stm13/SLICE_8184
ROUTE         1     0.747     R22C44C.F0 to     R22C44C.A1 stm13/REGDO_0_iv_16[7]
CTOF_DEL    ---     0.236     R22C44C.A1 to     R22C44C.F1 stm13/SLICE_8184
ROUTE         1     0.778     R22C44C.F1 to     R23C44D.B1 stm13/fc_sel_inst/LDO_0_N_8L16_1
CTOF_DEL    ---     0.236     R23C44D.B1 to     R23C44D.F1 stm13/SLICE_7679
ROUTE         1     1.735     R23C44D.F1 to     R26C31B.A1 LDO_0[7]
C1TOFCO_DE  ---     0.447     R26C31B.A1 to    R26C31B.FCO slv_com_top_inst/slv_ctrl_top_inst/nd_sel_inst/SLICE_2952
ROUTE         1     0.000    R26C31B.FCO to    R26C31C.FCI slv_com_top_inst/slv_ctrl_top_inst/nd_sel_inst/LDO_prm_13_7
FCITOFCO_D  ---     0.071    R26C31C.FCI to    R26C31C.FCO slv_com_top_inst/slv_ctrl_top_inst/nd_sel_inst/SLICE_2953
ROUTE         1     0.000    R26C31C.FCO to    R26C31D.FCI slv_com_top_inst/slv_ctrl_top_inst/nd_sel_inst/LDO_prm_11_7
FCITOFCO_D  ---     0.071    R26C31D.FCI to    R26C31D.FCO slv_com_top_inst/slv_ctrl_top_inst/nd_sel_inst/SLICE_2954
ROUTE         1     0.000    R26C31D.FCO to    R26C32A.FCI slv_com_top_inst/slv_ctrl_top_inst/nd_sel_inst/LDO_prm_9_7
FCITOFCO_D  ---     0.071    R26C32A.FCI to    R26C32A.FCO slv_com_top_inst/slv_ctrl_top_inst/nd_sel_inst/SLICE_2955
ROUTE         1     0.000    R26C32A.FCO to    R26C32B.FCI slv_com_top_inst/slv_ctrl_top_inst/nd_sel_inst/LDO_prm_7_7
FCITOFCO_D  ---     0.071    R26C32B.FCI to    R26C32B.FCO slv_com_top_inst/slv_ctrl_top_inst/nd_sel_inst/SLICE_2956
ROUTE         1     0.000    R26C32B.FCO to    R26C32C.FCI slv_com_top_inst/slv_ctrl_top_inst/nd_sel_inst/LDO_prm_5_7
FCITOFCO_D  ---     0.071    R26C32C.FCI to    R26C32C.FCO slv_com_top_inst/slv_ctrl_top_inst/nd_sel_inst/SLICE_2957
ROUTE         1     0.000    R26C32C.FCO to    R26C32D.FCI slv_com_top_inst/slv_ctrl_top_inst/nd_sel_inst/LDO_prm_3_7
FCITOFCO_D  ---     0.071    R26C32D.FCI to    R26C32D.FCO slv_com_top_inst/slv_ctrl_top_inst/nd_sel_inst/SLICE_2958
ROUTE         1     0.000    R26C32D.FCO to    R26C33A.FCI slv_com_top_inst/slv_ctrl_top_inst/nd_sel_inst/LDO_prm_1_7_cry
FCITOF0_DE  ---     0.443    R26C33A.FCI to     R26C33A.F0 slv_com_top_inst/slv_ctrl_top_inst/nd_sel_inst/SLICE_2959
ROUTE         1     2.682     R26C33A.F0 to     R35C60B.B1 slv_com_top_inst/slv_ctrl_top_inst/LDO_i[7]
CTOF_DEL    ---     0.236     R35C60B.B1 to     R35C60B.F1 slv_com_top_inst/slv_ctrl_top_inst/slv_tx_ctrl_inst/SLICE_4792
ROUTE         1     0.000     R35C60B.F1 to    R35C60B.DI1 slv_com_top_inst/slv_ctrl_top_inst/slv_tx_ctrl_inst/N_377_i (to slv_com_top_inst.CLK1)
                  --------
                   15.955   (28.8% logic, 71.2% route), 23 logic levels.

 Clock Skew Details: 

      Source Clock Path UP_CLK to SLICE_7642:

   Name    Fanout   Delay (ns)          Site               Resource
PADI_DEL    ---     1.140         M1.PAD to       M1.PADDI UP_CLK
ROUTE         1     0.383       M1.PADDI to   PLL_BL0.CLKI UP_CLK_c
CLKI2OS2_D  ---     0.000   PLL_BL0.CLKI to PLL_BL0.CLKOS2 slv_com_top_inst/clk_gen_inst2/PLL_inst/PLLInst_0
ROUTE       999     2.137 PLL_BL0.CLKOS2 to    R10C23D.CLK s_PLL_CLK20M
                  --------
                    3.660   (31.1% logic, 68.9% route), 2 logic levels.

      Source Clock f/b:

   Name    Fanout   Delay (ns)          Site               Resource
CLKFB2OP_D  ---     0.000  PLL_BL0.CLKFB to  PLL_BL0.CLKOP slv_com_top_inst/clk_gen_inst2/PLL_inst/PLLInst_0
ROUTE       173     2.237  PLL_BL0.CLKOP to  PLL_BL0.CLKFB slv_com_top_inst.CLKCOM_OUT
                  --------
                    2.237   (0.0% logic, 100.0% route), 1 logic levels.

      Destination Clock Path UP_CLK to slv_com_top_inst/slv_ctrl_top_inst/slv_tx_ctrl_inst/SLICE_4792:

   Name    Fanout   Delay (ns)          Site               Resource
PADI_DEL    ---     1.140         M1.PAD to       M1.PADDI UP_CLK
ROUTE         1     0.383       M1.PADDI to   PLL_BL0.CLKI UP_CLK_c
CLKI2OS3_D  ---     0.000   PLL_BL0.CLKI to PLL_BL0.CLKOS3 slv_com_top_inst/clk_gen_inst2/PLL_inst/PLLInst_0
ROUTE       379     2.137 PLL_BL0.CLKOS3 to    R35C60B.CLK slv_com_top_inst.CLK1
                  --------
                    3.660   (31.1% logic, 68.9% route), 2 logic levels.

      Destination Clock f/b:

   Name    Fanout   Delay (ns)          Site               Resource
CLKFB2OP_D  ---     0.000  PLL_BL0.CLKFB to  PLL_BL0.CLKOP slv_com_top_inst/clk_gen_inst2/PLL_inst/PLLInst_0
ROUTE       173     2.237  PLL_BL0.CLKOP to  PLL_BL0.CLKFB slv_com_top_inst.CLKCOM_OUT
                  --------
                    2.237   (0.0% logic, 100.0% route), 1 logic levels.


Passed: The following path meets requirements by 134.363ns (weighted slack = 179.151ns)

 Logical Details:  Cell type  Pin type       Cell/ASIC name  (clock net +/-)

   Source:         FF         Q              stm13/ppmc_reg_S118M_inst/inst_ppmc_ctrl/slow_reg_o[15]  (from s_PLL_CLK20M +)
   Destination:    FF         Data in        slv_com_top_inst/slv_ctrl_top_inst/slv_tx_ctrl_inst/TX_D[7]  (to slv_com_top_inst.CLK1 +)

   Delay:              15.903ns  (25.0% logic, 75.0% route), 16 logic levels.

 Constraint Details:

     15.903ns physical path delay SLICE_7649 to slv_com_top_inst/slv_ctrl_top_inst/slv_tx_ctrl_inst/SLICE_4792 meets
    150.000ns delay constraint less
      0.000ns skew and
      0.000ns feedback compensation and
     -0.266ns DIN_SET requirement (totaling 150.266ns) by 134.363ns

 Physical Path Details:

      Data path SLICE_7649 to slv_com_top_inst/slv_ctrl_top_inst/slv_tx_ctrl_inst/SLICE_4792:

   Name    Fanout   Delay (ns)          Site               Resource
REG_DEL     ---     0.522    R34C14B.CLK to     R34C14B.Q1 SLICE_7649 (from s_PLL_CLK20M)
ROUTE         2     2.729     R34C14B.Q1 to     R20C39A.A0 stm13/ppmc_reg_S118M_inst/SLOW_REG[15]
CTOF1_DEL   ---     0.714     R20C39A.A0 to     R20C39A.F1 stm13/ppmc_reg_S118M_inst/inst_ppmc_plsgen/ppmc_pls_cnt_inst/SLICE_67
ROUTE         3     1.545     R20C39A.F1 to     R18C49D.C1 stm13/ppmc_reg_S118M_inst/un2_s_slow_cry_15_i
CTOF_DEL    ---     0.236     R18C49D.C1 to     R18C49D.F1 stm13/ppmc_reg_S118M_inst/SLICE_8190
ROUTE         3     0.575     R18C49D.F1 to     R18C49D.A0 stm13/ppmc_reg_S118M_inst/SLOW
CTOF_DEL    ---     0.236     R18C49D.A0 to     R18C49D.F0 stm13/ppmc_reg_S118M_inst/SLICE_8190
ROUTE         1     1.144     R18C49D.F0 to     R22C44C.D0 stm13/ppmc_reg_S118M_inst/inst_ppmc_rgstr/REGDO_0_iv_7[7]
CTOF_DEL    ---     0.236     R22C44C.D0 to     R22C44C.F0 stm13/SLICE_8184
ROUTE         1     0.747     R22C44C.F0 to     R22C44C.A1 stm13/REGDO_0_iv_16[7]
CTOF_DEL    ---     0.236     R22C44C.A1 to     R22C44C.F1 stm13/SLICE_8184
ROUTE         1     0.778     R22C44C.F1 to     R23C44D.B1 stm13/fc_sel_inst/LDO_0_N_8L16_1
CTOF_DEL    ---     0.236     R23C44D.B1 to     R23C44D.F1 stm13/SLICE_7679
ROUTE         1     1.735     R23C44D.F1 to     R26C31B.A1 LDO_0[7]
C1TOFCO_DE  ---     0.447     R26C31B.A1 to    R26C31B.FCO slv_com_top_inst/slv_ctrl_top_inst/nd_sel_inst/SLICE_2952
ROUTE         1     0.000    R26C31B.FCO to    R26C31C.FCI slv_com_top_inst/slv_ctrl_top_inst/nd_sel_inst/LDO_prm_13_7
FCITOFCO_D  ---     0.071    R26C31C.FCI to    R26C31C.FCO slv_com_top_inst/slv_ctrl_top_inst/nd_sel_inst/SLICE_2953
ROUTE         1     0.000    R26C31C.FCO to    R26C31D.FCI slv_com_top_inst/slv_ctrl_top_inst/nd_sel_inst/LDO_prm_11_7
FCITOFCO_D  ---     0.071    R26C31D.FCI to    R26C31D.FCO slv_com_top_inst/slv_ctrl_top_inst/nd_sel_inst/SLICE_2954
ROUTE         1     0.000    R26C31D.FCO to    R26C32A.FCI slv_com_top_inst/slv_ctrl_top_inst/nd_sel_inst/LDO_prm_9_7
FCITOFCO_D  ---     0.071    R26C32A.FCI to    R26C32A.FCO slv_com_top_inst/slv_ctrl_top_inst/nd_sel_inst/SLICE_2955
ROUTE         1     0.000    R26C32A.FCO to    R26C32B.FCI slv_com_top_inst/slv_ctrl_top_inst/nd_sel_inst/LDO_prm_7_7
FCITOFCO_D  ---     0.071    R26C32B.FCI to    R26C32B.FCO slv_com_top_inst/slv_ctrl_top_inst/nd_sel_inst/SLICE_2956
ROUTE         1     0.000    R26C32B.FCO to    R26C32C.FCI slv_com_top_inst/slv_ctrl_top_inst/nd_sel_inst/LDO_prm_5_7
FCITOFCO_D  ---     0.071    R26C32C.FCI to    R26C32C.FCO slv_com_top_inst/slv_ctrl_top_inst/nd_sel_inst/SLICE_2957
ROUTE         1     0.000    R26C32C.FCO to    R26C32D.FCI slv_com_top_inst/slv_ctrl_top_inst/nd_sel_inst/LDO_prm_3_7
FCITOFCO_D  ---     0.071    R26C32D.FCI to    R26C32D.FCO slv_com_top_inst/slv_ctrl_top_inst/nd_sel_inst/SLICE_2958
ROUTE         1     0.000    R26C32D.FCO to    R26C33A.FCI slv_com_top_inst/slv_ctrl_top_inst/nd_sel_inst/LDO_prm_1_7_cry
FCITOF0_DE  ---     0.443    R26C33A.FCI to     R26C33A.F0 slv_com_top_inst/slv_ctrl_top_inst/nd_sel_inst/SLICE_2959
ROUTE         1     2.682     R26C33A.F0 to     R35C60B.B1 slv_com_top_inst/slv_ctrl_top_inst/LDO_i[7]
CTOF_DEL    ---     0.236     R35C60B.B1 to     R35C60B.F1 slv_com_top_inst/slv_ctrl_top_inst/slv_tx_ctrl_inst/SLICE_4792
ROUTE         1     0.000     R35C60B.F1 to    R35C60B.DI1 slv_com_top_inst/slv_ctrl_top_inst/slv_tx_ctrl_inst/N_377_i (to slv_com_top_inst.CLK1)
                  --------
                   15.903   (25.0% logic, 75.0% route), 16 logic levels.

 Clock Skew Details: 

      Source Clock Path UP_CLK to SLICE_7649:

   Name    Fanout   Delay (ns)          Site               Resource
PADI_DEL    ---     1.140         M1.PAD to       M1.PADDI UP_CLK
ROUTE         1     0.383       M1.PADDI to   PLL_BL0.CLKI UP_CLK_c
CLKI2OS2_D  ---     0.000   PLL_BL0.CLKI to PLL_BL0.CLKOS2 slv_com_top_inst/clk_gen_inst2/PLL_inst/PLLInst_0
ROUTE       999     2.137 PLL_BL0.CLKOS2 to    R34C14B.CLK s_PLL_CLK20M
                  --------
                    3.660   (31.1% logic, 68.9% route), 2 logic levels.

      Source Clock f/b:

   Name    Fanout   Delay (ns)          Site               Resource
CLKFB2OP_D  ---     0.000  PLL_BL0.CLKFB to  PLL_BL0.CLKOP slv_com_top_inst/clk_gen_inst2/PLL_inst/PLLInst_0
ROUTE       173     2.237  PLL_BL0.CLKOP to  PLL_BL0.CLKFB slv_com_top_inst.CLKCOM_OUT
                  --------
                    2.237   (0.0% logic, 100.0% route), 1 logic levels.

      Destination Clock Path UP_CLK to slv_com_top_inst/slv_ctrl_top_inst/slv_tx_ctrl_inst/SLICE_4792:

   Name    Fanout   Delay (ns)          Site               Resource
PADI_DEL    ---     1.140         M1.PAD to       M1.PADDI UP_CLK
ROUTE         1     0.383       M1.PADDI to   PLL_BL0.CLKI UP_CLK_c
CLKI2OS3_D  ---     0.000   PLL_BL0.CLKI to PLL_BL0.CLKOS3 slv_com_top_inst/clk_gen_inst2/PLL_inst/PLLInst_0
ROUTE       379     2.137 PLL_BL0.CLKOS3 to    R35C60B.CLK slv_com_top_inst.CLK1
                  --------
                    3.660   (31.1% logic, 68.9% route), 2 logic levels.

      Destination Clock f/b:

   Name    Fanout   Delay (ns)          Site               Resource
CLKFB2OP_D  ---     0.000  PLL_BL0.CLKFB to  PLL_BL0.CLKOP slv_com_top_inst/clk_gen_inst2/PLL_inst/PLLInst_0
ROUTE       173     2.237  PLL_BL0.CLKOP to  PLL_BL0.CLKFB slv_com_top_inst.CLKCOM_OUT
                  --------
                    2.237   (0.0% logic, 100.0% route), 1 logic levels.


Passed: The following path meets requirements by 134.385ns (weighted slack = 179.180ns)

 Logical Details:  Cell type  Pin type       Cell/ASIC name  (clock net +/-)

   Source:         FF         Q              stm13/ppmc_reg_S118M_inst/inst_ppmc_ctrl/slow_reg_o[14]  (from s_PLL_CLK20M +)
   Destination:    FF         Data in        slv_com_top_inst/slv_ctrl_top_inst/slv_tx_ctrl_inst/TX_D[7]  (to slv_com_top_inst.CLK1 +)

   Delay:              15.881ns  (26.3% logic, 73.7% route), 17 logic levels.

 Constraint Details:

     15.881ns physical path delay SLICE_7649 to slv_com_top_inst/slv_ctrl_top_inst/slv_tx_ctrl_inst/SLICE_4792 meets
    150.000ns delay constraint less
      0.000ns skew and
      0.000ns feedback compensation and
     -0.266ns DIN_SET requirement (totaling 150.266ns) by 134.385ns

 Physical Path Details:

      Data path SLICE_7649 to slv_com_top_inst/slv_ctrl_top_inst/slv_tx_ctrl_inst/SLICE_4792:

   Name    Fanout   Delay (ns)          Site               Resource
REG_DEL     ---     0.525    R34C14B.CLK to     R34C14B.Q0 SLICE_7649 (from s_PLL_CLK20M)
ROUTE         2     2.497     R34C14B.Q0 to     R20C38D.B1 stm13/ppmc_reg_S118M_inst/SLOW_REG[14]
C1TOFCO_DE  ---     0.447     R20C38D.B1 to    R20C38D.FCO stm13/ppmc_reg_S118M_inst/inst_ppmc_plsgen/ppmc_pls_cnt_inst/SLICE_66
ROUTE         1     0.000    R20C38D.FCO to    R20C39A.FCI stm13/ppmc_reg_S118M_inst/inst_ppmc_plsgen/ppmc_pls_cnt_inst/un2_s_slow_cry_14
FCITOF1_DE  ---     0.474    R20C39A.FCI to     R20C39A.F1 stm13/ppmc_reg_S118M_inst/inst_ppmc_plsgen/ppmc_pls_cnt_inst/SLICE_67
ROUTE         3     1.545     R20C39A.F1 to     R18C49D.C1 stm13/ppmc_reg_S118M_inst/un2_s_slow_cry_15_i
CTOF_DEL    ---     0.236     R18C49D.C1 to     R18C49D.F1 stm13/ppmc_reg_S118M_inst/SLICE_8190
ROUTE         3     0.575     R18C49D.F1 to     R18C49D.A0 stm13/ppmc_reg_S118M_inst/SLOW
CTOF_DEL    ---     0.236     R18C49D.A0 to     R18C49D.F0 stm13/ppmc_reg_S118M_inst/SLICE_8190
ROUTE         1     1.144     R18C49D.F0 to     R22C44C.D0 stm13/ppmc_reg_S118M_inst/inst_ppmc_rgstr/REGDO_0_iv_7[7]
CTOF_DEL    ---     0.236     R22C44C.D0 to     R22C44C.F0 stm13/SLICE_8184
ROUTE         1     0.747     R22C44C.F0 to     R22C44C.A1 stm13/REGDO_0_iv_16[7]
CTOF_DEL    ---     0.236     R22C44C.A1 to     R22C44C.F1 stm13/SLICE_8184
ROUTE         1     0.778     R22C44C.F1 to     R23C44D.B1 stm13/fc_sel_inst/LDO_0_N_8L16_1
CTOF_DEL    ---     0.236     R23C44D.B1 to     R23C44D.F1 stm13/SLICE_7679
ROUTE         1     1.735     R23C44D.F1 to     R26C31B.A1 LDO_0[7]
C1TOFCO_DE  ---     0.447     R26C31B.A1 to    R26C31B.FCO slv_com_top_inst/slv_ctrl_top_inst/nd_sel_inst/SLICE_2952
ROUTE         1     0.000    R26C31B.FCO to    R26C31C.FCI slv_com_top_inst/slv_ctrl_top_inst/nd_sel_inst/LDO_prm_13_7
FCITOFCO_D  ---     0.071    R26C31C.FCI to    R26C31C.FCO slv_com_top_inst/slv_ctrl_top_inst/nd_sel_inst/SLICE_2953
ROUTE         1     0.000    R26C31C.FCO to    R26C31D.FCI slv_com_top_inst/slv_ctrl_top_inst/nd_sel_inst/LDO_prm_11_7
FCITOFCO_D  ---     0.071    R26C31D.FCI to    R26C31D.FCO slv_com_top_inst/slv_ctrl_top_inst/nd_sel_inst/SLICE_2954
ROUTE         1     0.000    R26C31D.FCO to    R26C32A.FCI slv_com_top_inst/slv_ctrl_top_inst/nd_sel_inst/LDO_prm_9_7
FCITOFCO_D  ---     0.071    R26C32A.FCI to    R26C32A.FCO slv_com_top_inst/slv_ctrl_top_inst/nd_sel_inst/SLICE_2955
ROUTE         1     0.000    R26C32A.FCO to    R26C32B.FCI slv_com_top_inst/slv_ctrl_top_inst/nd_sel_inst/LDO_prm_7_7
FCITOFCO_D  ---     0.071    R26C32B.FCI to    R26C32B.FCO slv_com_top_inst/slv_ctrl_top_inst/nd_sel_inst/SLICE_2956
ROUTE         1     0.000    R26C32B.FCO to    R26C32C.FCI slv_com_top_inst/slv_ctrl_top_inst/nd_sel_inst/LDO_prm_5_7
FCITOFCO_D  ---     0.071    R26C32C.FCI to    R26C32C.FCO slv_com_top_inst/slv_ctrl_top_inst/nd_sel_inst/SLICE_2957
ROUTE         1     0.000    R26C32C.FCO to    R26C32D.FCI slv_com_top_inst/slv_ctrl_top_inst/nd_sel_inst/LDO_prm_3_7
FCITOFCO_D  ---     0.071    R26C32D.FCI to    R26C32D.FCO slv_com_top_inst/slv_ctrl_top_inst/nd_sel_inst/SLICE_2958
ROUTE         1     0.000    R26C32D.FCO to    R26C33A.FCI slv_com_top_inst/slv_ctrl_top_inst/nd_sel_inst/LDO_prm_1_7_cry
FCITOF0_DE  ---     0.443    R26C33A.FCI to     R26C33A.F0 slv_com_top_inst/slv_ctrl_top_inst/nd_sel_inst/SLICE_2959
ROUTE         1     2.682     R26C33A.F0 to     R35C60B.B1 slv_com_top_inst/slv_ctrl_top_inst/LDO_i[7]
CTOF_DEL    ---     0.236     R35C60B.B1 to     R35C60B.F1 slv_com_top_inst/slv_ctrl_top_inst/slv_tx_ctrl_inst/SLICE_4792
ROUTE         1     0.000     R35C60B.F1 to    R35C60B.DI1 slv_com_top_inst/slv_ctrl_top_inst/slv_tx_ctrl_inst/N_377_i (to slv_com_top_inst.CLK1)
                  --------
                   15.881   (26.3% logic, 73.7% route), 17 logic levels.

 Clock Skew Details: 

      Source Clock Path UP_CLK to SLICE_7649:

   Name    Fanout   Delay (ns)          Site               Resource
PADI_DEL    ---     1.140         M1.PAD to       M1.PADDI UP_CLK
ROUTE         1     0.383       M1.PADDI to   PLL_BL0.CLKI UP_CLK_c
CLKI2OS2_D  ---     0.000   PLL_BL0.CLKI to PLL_BL0.CLKOS2 slv_com_top_inst/clk_gen_inst2/PLL_inst/PLLInst_0
ROUTE       999     2.137 PLL_BL0.CLKOS2 to    R34C14B.CLK s_PLL_CLK20M
                  --------
                    3.660   (31.1% logic, 68.9% route), 2 logic levels.

      Source Clock f/b:

   Name    Fanout   Delay (ns)          Site               Resource
CLKFB2OP_D  ---     0.000  PLL_BL0.CLKFB to  PLL_BL0.CLKOP slv_com_top_inst/clk_gen_inst2/PLL_inst/PLLInst_0
ROUTE       173     2.237  PLL_BL0.CLKOP to  PLL_BL0.CLKFB slv_com_top_inst.CLKCOM_OUT
                  --------
                    2.237   (0.0% logic, 100.0% route), 1 logic levels.

      Destination Clock Path UP_CLK to slv_com_top_inst/slv_ctrl_top_inst/slv_tx_ctrl_inst/SLICE_4792:

   Name    Fanout   Delay (ns)          Site               Resource
PADI_DEL    ---     1.140         M1.PAD to       M1.PADDI UP_CLK
ROUTE         1     0.383       M1.PADDI to   PLL_BL0.CLKI UP_CLK_c
CLKI2OS3_D  ---     0.000   PLL_BL0.CLKI to PLL_BL0.CLKOS3 slv_com_top_inst/clk_gen_inst2/PLL_inst/PLLInst_0
ROUTE       379     2.137 PLL_BL0.CLKOS3 to    R35C60B.CLK slv_com_top_inst.CLK1
                  --------
                    3.660   (31.1% logic, 68.9% route), 2 logic levels.

      Destination Clock f/b:

   Name    Fanout   Delay (ns)          Site               Resource
CLKFB2OP_D  ---     0.000  PLL_BL0.CLKFB to  PLL_BL0.CLKOP slv_com_top_inst/clk_gen_inst2/PLL_inst/PLLInst_0
ROUTE       173     2.237  PLL_BL0.CLKOP to  PLL_BL0.CLKFB slv_com_top_inst.CLKCOM_OUT
                  --------
                    2.237   (0.0% logic, 100.0% route), 1 logic levels.


Passed: The following path meets requirements by 134.511ns (weighted slack = 179.348ns)

 Logical Details:  Cell type  Pin type       Cell/ASIC name  (clock net +/-)

   Source:         FF         Q              stm13/ppmc_reg_S118M_inst/inst_ppmc_plsgen/ppmc_pls_cnt_inst/reg[0]  (from s_PLL_CLK20M +)
   Destination:    FF         Data in        slv_com_top_inst/slv_ctrl_top_inst/slv_tx_ctrl_inst/TX_D[7]  (to slv_com_top_inst.CLK1 +)

   Delay:              15.755ns  (29.7% logic, 70.3% route), 24 logic levels.

 Constraint Details:

     15.755ns physical path delay stm13/ppmc_reg_S118M_inst/inst_ppmc_plsgen/ppmc_pls_cnt_inst/SLICE_50 to slv_com_top_inst/slv_ctrl_top_inst/slv_tx_ctrl_inst/SLICE_4792 meets
    150.000ns delay constraint less
      0.000ns skew and
      0.000ns feedback compensation and
     -0.266ns DIN_SET requirement (totaling 150.266ns) by 134.511ns

 Physical Path Details:

      Data path stm13/ppmc_reg_S118M_inst/inst_ppmc_plsgen/ppmc_pls_cnt_inst/SLICE_50 to slv_com_top_inst/slv_ctrl_top_inst/slv_tx_ctrl_inst/SLICE_4792:

   Name    Fanout   Delay (ns)          Site               Resource
REG_DEL     ---     0.522    R19C37A.CLK to     R19C37A.Q1 stm13/ppmc_reg_S118M_inst/inst_ppmc_plsgen/ppmc_pls_cnt_inst/SLICE_50 (from s_PLL_CLK20M)
ROUTE         4     1.877     R19C37A.Q1 to     R20C37A.B1 stm13/PULSE_CNT[0]
C1TOFCO_DE  ---     0.447     R20C37A.B1 to    R20C37A.FCO stm13/ppmc_reg_S118M_inst/inst_ppmc_plsgen/ppmc_pls_cnt_inst/SLICE_59
ROUTE         1     0.000    R20C37A.FCO to    R20C37B.FCI stm13/ppmc_reg_S118M_inst/inst_ppmc_plsgen/ppmc_pls_cnt_inst/un2_s_slow_cry_0
FCITOFCO_D  ---     0.071    R20C37B.FCI to    R20C37B.FCO stm13/ppmc_reg_S118M_inst/inst_ppmc_plsgen/ppmc_pls_cnt_inst/SLICE_60
ROUTE         1     0.000    R20C37B.FCO to    R20C37C.FCI stm13/ppmc_reg_S118M_inst/inst_ppmc_plsgen/ppmc_pls_cnt_inst/un2_s_slow_cry_2
FCITOFCO_D  ---     0.071    R20C37C.FCI to    R20C37C.FCO stm13/ppmc_reg_S118M_inst/inst_ppmc_plsgen/ppmc_pls_cnt_inst/SLICE_61
ROUTE         1     0.000    R20C37C.FCO to    R20C37D.FCI stm13/ppmc_reg_S118M_inst/inst_ppmc_plsgen/ppmc_pls_cnt_inst/un2_s_slow_cry_4
FCITOFCO_D  ---     0.071    R20C37D.FCI to    R20C37D.FCO stm13/ppmc_reg_S118M_inst/inst_ppmc_plsgen/ppmc_pls_cnt_inst/SLICE_62
ROUTE         1     0.000    R20C37D.FCO to    R20C38A.FCI stm13/ppmc_reg_S118M_inst/inst_ppmc_plsgen/ppmc_pls_cnt_inst/un2_s_slow_cry_6
FCITOFCO_D  ---     0.071    R20C38A.FCI to    R20C38A.FCO stm13/ppmc_reg_S118M_inst/inst_ppmc_plsgen/ppmc_pls_cnt_inst/SLICE_63
ROUTE         1     0.000    R20C38A.FCO to    R20C38B.FCI stm13/ppmc_reg_S118M_inst/inst_ppmc_plsgen/ppmc_pls_cnt_inst/un2_s_slow_cry_8
FCITOFCO_D  ---     0.071    R20C38B.FCI to    R20C38B.FCO stm13/ppmc_reg_S118M_inst/inst_ppmc_plsgen/ppmc_pls_cnt_inst/SLICE_64
ROUTE         1     0.000    R20C38B.FCO to    R20C38C.FCI stm13/ppmc_reg_S118M_inst/inst_ppmc_plsgen/ppmc_pls_cnt_inst/un2_s_slow_cry_10
FCITOFCO_D  ---     0.071    R20C38C.FCI to    R20C38C.FCO stm13/ppmc_reg_S118M_inst/inst_ppmc_plsgen/ppmc_pls_cnt_inst/SLICE_65
ROUTE         1     0.000    R20C38C.FCO to    R20C38D.FCI stm13/ppmc_reg_S118M_inst/inst_ppmc_plsgen/ppmc_pls_cnt_inst/un2_s_slow_cry_12
FCITOFCO_D  ---     0.071    R20C38D.FCI to    R20C38D.FCO stm13/ppmc_reg_S118M_inst/inst_ppmc_plsgen/ppmc_pls_cnt_inst/SLICE_66
ROUTE         1     0.000    R20C38D.FCO to    R20C39A.FCI stm13/ppmc_reg_S118M_inst/inst_ppmc_plsgen/ppmc_pls_cnt_inst/un2_s_slow_cry_14
FCITOF1_DE  ---     0.474    R20C39A.FCI to     R20C39A.F1 stm13/ppmc_reg_S118M_inst/inst_ppmc_plsgen/ppmc_pls_cnt_inst/SLICE_67
ROUTE         3     1.545     R20C39A.F1 to     R18C49D.C1 stm13/ppmc_reg_S118M_inst/un2_s_slow_cry_15_i
CTOF_DEL    ---     0.236     R18C49D.C1 to     R18C49D.F1 stm13/ppmc_reg_S118M_inst/SLICE_8190
ROUTE         3     0.575     R18C49D.F1 to     R18C49D.A0 stm13/ppmc_reg_S118M_inst/SLOW
CTOF_DEL    ---     0.236     R18C49D.A0 to     R18C49D.F0 stm13/ppmc_reg_S118M_inst/SLICE_8190
ROUTE         1     1.144     R18C49D.F0 to     R22C44C.D0 stm13/ppmc_reg_S118M_inst/inst_ppmc_rgstr/REGDO_0_iv_7[7]
CTOF_DEL    ---     0.236     R22C44C.D0 to     R22C44C.F0 stm13/SLICE_8184
ROUTE         1     0.747     R22C44C.F0 to     R22C44C.A1 stm13/REGDO_0_iv_16[7]
CTOF_DEL    ---     0.236     R22C44C.A1 to     R22C44C.F1 stm13/SLICE_8184
ROUTE         1     0.778     R22C44C.F1 to     R23C44D.B1 stm13/fc_sel_inst/LDO_0_N_8L16_1
CTOF_DEL    ---     0.236     R23C44D.B1 to     R23C44D.F1 stm13/SLICE_7679
ROUTE         1     1.735     R23C44D.F1 to     R26C31B.A1 LDO_0[7]
C1TOFCO_DE  ---     0.447     R26C31B.A1 to    R26C31B.FCO slv_com_top_inst/slv_ctrl_top_inst/nd_sel_inst/SLICE_2952
ROUTE         1     0.000    R26C31B.FCO to    R26C31C.FCI slv_com_top_inst/slv_ctrl_top_inst/nd_sel_inst/LDO_prm_13_7
FCITOFCO_D  ---     0.071    R26C31C.FCI to    R26C31C.FCO slv_com_top_inst/slv_ctrl_top_inst/nd_sel_inst/SLICE_2953
ROUTE         1     0.000    R26C31C.FCO to    R26C31D.FCI slv_com_top_inst/slv_ctrl_top_inst/nd_sel_inst/LDO_prm_11_7
FCITOFCO_D  ---     0.071    R26C31D.FCI to    R26C31D.FCO slv_com_top_inst/slv_ctrl_top_inst/nd_sel_inst/SLICE_2954
ROUTE         1     0.000    R26C31D.FCO to    R26C32A.FCI slv_com_top_inst/slv_ctrl_top_inst/nd_sel_inst/LDO_prm_9_7
FCITOFCO_D  ---     0.071    R26C32A.FCI to    R26C32A.FCO slv_com_top_inst/slv_ctrl_top_inst/nd_sel_inst/SLICE_2955
ROUTE         1     0.000    R26C32A.FCO to    R26C32B.FCI slv_com_top_inst/slv_ctrl_top_inst/nd_sel_inst/LDO_prm_7_7
FCITOFCO_D  ---     0.071    R26C32B.FCI to    R26C32B.FCO slv_com_top_inst/slv_ctrl_top_inst/nd_sel_inst/SLICE_2956
ROUTE         1     0.000    R26C32B.FCO to    R26C32C.FCI slv_com_top_inst/slv_ctrl_top_inst/nd_sel_inst/LDO_prm_5_7
FCITOFCO_D  ---     0.071    R26C32C.FCI to    R26C32C.FCO slv_com_top_inst/slv_ctrl_top_inst/nd_sel_inst/SLICE_2957
ROUTE         1     0.000    R26C32C.FCO to    R26C32D.FCI slv_com_top_inst/slv_ctrl_top_inst/nd_sel_inst/LDO_prm_3_7
FCITOFCO_D  ---     0.071    R26C32D.FCI to    R26C32D.FCO slv_com_top_inst/slv_ctrl_top_inst/nd_sel_inst/SLICE_2958
ROUTE         1     0.000    R26C32D.FCO to    R26C33A.FCI slv_com_top_inst/slv_ctrl_top_inst/nd_sel_inst/LDO_prm_1_7_cry
FCITOF0_DE  ---     0.443    R26C33A.FCI to     R26C33A.F0 slv_com_top_inst/slv_ctrl_top_inst/nd_sel_inst/SLICE_2959
ROUTE         1     2.682     R26C33A.F0 to     R35C60B.B1 slv_com_top_inst/slv_ctrl_top_inst/LDO_i[7]
CTOF_DEL    ---     0.236     R35C60B.B1 to     R35C60B.F1 slv_com_top_inst/slv_ctrl_top_inst/slv_tx_ctrl_inst/SLICE_4792
ROUTE         1     0.000     R35C60B.F1 to    R35C60B.DI1 slv_com_top_inst/slv_ctrl_top_inst/slv_tx_ctrl_inst/N_377_i (to slv_com_top_inst.CLK1)
                  --------
                   15.755   (29.7% logic, 70.3% route), 24 logic levels.

 Clock Skew Details: 

      Source Clock Path UP_CLK to stm13/ppmc_reg_S118M_inst/inst_ppmc_plsgen/ppmc_pls_cnt_inst/SLICE_50:

   Name    Fanout   Delay (ns)          Site               Resource
PADI_DEL    ---     1.140         M1.PAD to       M1.PADDI UP_CLK
ROUTE         1     0.383       M1.PADDI to   PLL_BL0.CLKI UP_CLK_c
CLKI2OS2_D  ---     0.000   PLL_BL0.CLKI to PLL_BL0.CLKOS2 slv_com_top_inst/clk_gen_inst2/PLL_inst/PLLInst_0
ROUTE       999     2.137 PLL_BL0.CLKOS2 to    R19C37A.CLK s_PLL_CLK20M
                  --------
                    3.660   (31.1% logic, 68.9% route), 2 logic levels.

      Source Clock f/b:

   Name    Fanout   Delay (ns)          Site               Resource
CLKFB2OP_D  ---     0.000  PLL_BL0.CLKFB to  PLL_BL0.CLKOP slv_com_top_inst/clk_gen_inst2/PLL_inst/PLLInst_0
ROUTE       173     2.237  PLL_BL0.CLKOP to  PLL_BL0.CLKFB slv_com_top_inst.CLKCOM_OUT
                  --------
                    2.237   (0.0% logic, 100.0% route), 1 logic levels.

      Destination Clock Path UP_CLK to slv_com_top_inst/slv_ctrl_top_inst/slv_tx_ctrl_inst/SLICE_4792:

   Name    Fanout   Delay (ns)          Site               Resource
PADI_DEL    ---     1.140         M1.PAD to       M1.PADDI UP_CLK
ROUTE         1     0.383       M1.PADDI to   PLL_BL0.CLKI UP_CLK_c
CLKI2OS3_D  ---     0.000   PLL_BL0.CLKI to PLL_BL0.CLKOS3 slv_com_top_inst/clk_gen_inst2/PLL_inst/PLLInst_0
ROUTE       379     2.137 PLL_BL0.CLKOS3 to    R35C60B.CLK slv_com_top_inst.CLK1
                  --------
                    3.660   (31.1% logic, 68.9% route), 2 logic levels.

      Destination Clock f/b:

   Name    Fanout   Delay (ns)          Site               Resource
CLKFB2OP_D  ---     0.000  PLL_BL0.CLKFB to  PLL_BL0.CLKOP slv_com_top_inst/clk_gen_inst2/PLL_inst/PLLInst_0
ROUTE       173     2.237  PLL_BL0.CLKOP to  PLL_BL0.CLKFB slv_com_top_inst.CLKCOM_OUT
                  --------
                    2.237   (0.0% logic, 100.0% route), 1 logic levels.


Passed: The following path meets requirements by 134.603ns (weighted slack = 179.471ns)

 Logical Details:  Cell type  Pin type       Cell/ASIC name  (clock net +/-)

   Source:         FF         Q              stm05/ppmc_reg_S118M_inst/inst_ppmc_ctrl/slow_reg_o[0]  (from s_PLL_CLK20M +)
   Destination:    FF         Data in        slv_com_top_inst/slv_ctrl_top_inst/slv_tx_ctrl_inst/TX_D[7]  (to slv_com_top_inst.CLK1 +)

   Delay:              15.663ns  (28.0% logic, 72.0% route), 20 logic levels.

 Constraint Details:

     15.663ns physical path delay stm05/ppmc_reg_S118M_inst/inst_ppmc_ctrl/SLICE_6142 to slv_com_top_inst/slv_ctrl_top_inst/slv_tx_ctrl_inst/SLICE_4792 meets
    150.000ns delay constraint less
      0.000ns skew and
      0.000ns feedback compensation and
     -0.266ns DIN_SET requirement (totaling 150.266ns) by 134.603ns

 Physical Path Details:

      Data path stm05/ppmc_reg_S118M_inst/inst_ppmc_ctrl/SLICE_6142 to slv_com_top_inst/slv_ctrl_top_inst/slv_tx_ctrl_inst/SLICE_4792:

   Name    Fanout   Delay (ns)          Site               Resource
REG_DEL     ---     0.525     R17C3A.CLK to      R17C3A.Q0 stm05/ppmc_reg_S118M_inst/inst_ppmc_ctrl/SLICE_6142 (from s_PLL_CLK20M)
ROUTE         2     1.202      R17C3A.Q0 to      R19C2A.A1 stm05/ppmc_reg_S118M_inst/SLOW_REG[0]
C1TOFCO_DE  ---     0.447      R19C2A.A1 to     R19C2A.FCO stm05/ppmc_reg_S118M_inst/inst_ppmc_plsgen/ppmc_pls_cnt_inst/SLICE_1259
ROUTE         1     0.000     R19C2A.FCO to     R19C2B.FCI stm05/ppmc_reg_S118M_inst/inst_ppmc_plsgen/ppmc_pls_cnt_inst/un2_s_slow_cry_0
FCITOFCO_D  ---     0.071     R19C2B.FCI to     R19C2B.FCO stm05/ppmc_reg_S118M_inst/inst_ppmc_plsgen/ppmc_pls_cnt_inst/SLICE_1260
ROUTE         1     0.000     R19C2B.FCO to     R19C2C.FCI stm05/ppmc_reg_S118M_inst/inst_ppmc_plsgen/ppmc_pls_cnt_inst/un2_s_slow_cry_2
FCITOFCO_D  ---     0.071     R19C2C.FCI to     R19C2C.FCO stm05/ppmc_reg_S118M_inst/inst_ppmc_plsgen/ppmc_pls_cnt_inst/SLICE_1261
ROUTE         1     0.000     R19C2C.FCO to     R19C2D.FCI stm05/ppmc_reg_S118M_inst/inst_ppmc_plsgen/ppmc_pls_cnt_inst/un2_s_slow_cry_4
FCITOFCO_D  ---     0.071     R19C2D.FCI to     R19C2D.FCO stm05/ppmc_reg_S118M_inst/inst_ppmc_plsgen/ppmc_pls_cnt_inst/SLICE_1262
ROUTE         1     0.000     R19C2D.FCO to     R19C3A.FCI stm05/ppmc_reg_S118M_inst/inst_ppmc_plsgen/ppmc_pls_cnt_inst/un2_s_slow_cry_6
FCITOFCO_D  ---     0.071     R19C3A.FCI to     R19C3A.FCO stm05/ppmc_reg_S118M_inst/inst_ppmc_plsgen/ppmc_pls_cnt_inst/SLICE_1263
ROUTE         1     0.000     R19C3A.FCO to     R19C3B.FCI stm05/ppmc_reg_S118M_inst/inst_ppmc_plsgen/ppmc_pls_cnt_inst/un2_s_slow_cry_8
FCITOFCO_D  ---     0.071     R19C3B.FCI to     R19C3B.FCO stm05/ppmc_reg_S118M_inst/inst_ppmc_plsgen/ppmc_pls_cnt_inst/SLICE_1264
ROUTE         1     0.000     R19C3B.FCO to     R19C3C.FCI stm05/ppmc_reg_S118M_inst/inst_ppmc_plsgen/ppmc_pls_cnt_inst/un2_s_slow_cry_10
FCITOFCO_D  ---     0.071     R19C3C.FCI to     R19C3C.FCO stm05/ppmc_reg_S118M_inst/inst_ppmc_plsgen/ppmc_pls_cnt_inst/SLICE_1265
ROUTE         1     0.000     R19C3C.FCO to     R19C3D.FCI stm05/ppmc_reg_S118M_inst/inst_ppmc_plsgen/ppmc_pls_cnt_inst/un2_s_slow_cry_12
FCITOFCO_D  ---     0.071     R19C3D.FCI to     R19C3D.FCO stm05/ppmc_reg_S118M_inst/inst_ppmc_plsgen/ppmc_pls_cnt_inst/SLICE_1266
ROUTE         1     0.000     R19C3D.FCO to     R19C4A.FCI stm05/ppmc_reg_S118M_inst/inst_ppmc_plsgen/ppmc_pls_cnt_inst/un2_s_slow_cry_14
FCITOF1_DE  ---     0.474     R19C4A.FCI to      R19C4A.F1 stm05/ppmc_reg_S118M_inst/inst_ppmc_plsgen/ppmc_pls_cnt_inst/SLICE_1267
ROUTE         3     0.575      R19C4A.F1 to      R19C4D.B1 stm05/ppmc_reg_S118M_inst/un2_s_slow_cry_15_i
CTOF_DEL    ---     0.236      R19C4D.B1 to      R19C4D.F1 stm05/ppmc_reg_S118M_inst/inst_ppmc_plsgen/ppmc_pls_cnt_inst/SLICE_10985
ROUTE         3     1.508      R19C4D.F1 to      R12C6A.A1 stm05/ppmc_reg_S118M_inst/SLOW
CTOF_DEL    ---     0.236      R12C6A.A1 to      R12C6A.F1 stm05/ppmc_reg_S118M_inst/inst_ppmc_rgstr/SLICE_7868
ROUTE         1     0.558      R12C6A.F1 to      R12C6A.B0 stm05/ppmc_reg_S118M_inst/inst_ppmc_rgstr/STATUS_m[7]
CTOF_DEL    ---     0.236      R12C6A.B0 to      R12C6A.F0 stm05/ppmc_reg_S118M_inst/inst_ppmc_rgstr/SLICE_7868
ROUTE         1     1.275      R12C6A.F0 to      R18C6D.A1 stm05/ppmc_reg_S118M_inst/inst_ppmc_rgstr/REGDO_0_iv_7[7]
CTOF_DEL    ---     0.236      R18C6D.A1 to      R18C6D.F1 stm05/ppmc_reg_S118M_inst/inst_ppmc_rgstr/SLICE_9120
ROUTE         1     0.634      R18C6D.F1 to      R15C6B.D1 stm05/REGDO_0_iv_16[7]
CTOF_DEL    ---     0.236      R15C6B.D1 to      R15C6B.F1 stm05/SLICE_9088
ROUTE         1     2.838      R15C6B.F1 to     R26C32B.A1 LDO_0_7[7]
C1TOFCO_DE  ---     0.447     R26C32B.A1 to    R26C32B.FCO slv_com_top_inst/slv_ctrl_top_inst/nd_sel_inst/SLICE_2956
ROUTE         1     0.000    R26C32B.FCO to    R26C32C.FCI slv_com_top_inst/slv_ctrl_top_inst/nd_sel_inst/LDO_prm_5_7
FCITOFCO_D  ---     0.071    R26C32C.FCI to    R26C32C.FCO slv_com_top_inst/slv_ctrl_top_inst/nd_sel_inst/SLICE_2957
ROUTE         1     0.000    R26C32C.FCO to    R26C32D.FCI slv_com_top_inst/slv_ctrl_top_inst/nd_sel_inst/LDO_prm_3_7
FCITOFCO_D  ---     0.071    R26C32D.FCI to    R26C32D.FCO slv_com_top_inst/slv_ctrl_top_inst/nd_sel_inst/SLICE_2958
ROUTE         1     0.000    R26C32D.FCO to    R26C33A.FCI slv_com_top_inst/slv_ctrl_top_inst/nd_sel_inst/LDO_prm_1_7_cry
FCITOF0_DE  ---     0.443    R26C33A.FCI to     R26C33A.F0 slv_com_top_inst/slv_ctrl_top_inst/nd_sel_inst/SLICE_2959
ROUTE         1     2.682     R26C33A.F0 to     R35C60B.B1 slv_com_top_inst/slv_ctrl_top_inst/LDO_i[7]
CTOF_DEL    ---     0.236     R35C60B.B1 to     R35C60B.F1 slv_com_top_inst/slv_ctrl_top_inst/slv_tx_ctrl_inst/SLICE_4792
ROUTE         1     0.000     R35C60B.F1 to    R35C60B.DI1 slv_com_top_inst/slv_ctrl_top_inst/slv_tx_ctrl_inst/N_377_i (to slv_com_top_inst.CLK1)
                  --------
                   15.663   (28.0% logic, 72.0% route), 20 logic levels.

 Clock Skew Details: 

      Source Clock Path UP_CLK to stm05/ppmc_reg_S118M_inst/inst_ppmc_ctrl/SLICE_6142:

   Name    Fanout   Delay (ns)          Site               Resource
PADI_DEL    ---     1.140         M1.PAD to       M1.PADDI UP_CLK
ROUTE         1     0.383       M1.PADDI to   PLL_BL0.CLKI UP_CLK_c
CLKI2OS2_D  ---     0.000   PLL_BL0.CLKI to PLL_BL0.CLKOS2 slv_com_top_inst/clk_gen_inst2/PLL_inst/PLLInst_0
ROUTE       999     2.137 PLL_BL0.CLKOS2 to     R17C3A.CLK s_PLL_CLK20M
                  --------
                    3.660   (31.1% logic, 68.9% route), 2 logic levels.

      Source Clock f/b:

   Name    Fanout   Delay (ns)          Site               Resource
CLKFB2OP_D  ---     0.000  PLL_BL0.CLKFB to  PLL_BL0.CLKOP slv_com_top_inst/clk_gen_inst2/PLL_inst/PLLInst_0
ROUTE       173     2.237  PLL_BL0.CLKOP to  PLL_BL0.CLKFB slv_com_top_inst.CLKCOM_OUT
                  --------
                    2.237   (0.0% logic, 100.0% route), 1 logic levels.

      Destination Clock Path UP_CLK to slv_com_top_inst/slv_ctrl_top_inst/slv_tx_ctrl_inst/SLICE_4792:

   Name    Fanout   Delay (ns)          Site               Resource
PADI_DEL    ---     1.140         M1.PAD to       M1.PADDI UP_CLK
ROUTE         1     0.383       M1.PADDI to   PLL_BL0.CLKI UP_CLK_c
CLKI2OS3_D  ---     0.000   PLL_BL0.CLKI to PLL_BL0.CLKOS3 slv_com_top_inst/clk_gen_inst2/PLL_inst/PLLInst_0
ROUTE       379     2.137 PLL_BL0.CLKOS3 to    R35C60B.CLK slv_com_top_inst.CLK1
                  --------
                    3.660   (31.1% logic, 68.9% route), 2 logic levels.

      Destination Clock f/b:

   Name    Fanout   Delay (ns)          Site               Resource
CLKFB2OP_D  ---     0.000  PLL_BL0.CLKFB to  PLL_BL0.CLKOP slv_com_top_inst/clk_gen_inst2/PLL_inst/PLLInst_0
ROUTE       173     2.237  PLL_BL0.CLKOP to  PLL_BL0.CLKFB slv_com_top_inst.CLKCOM_OUT
                  --------
                    2.237   (0.0% logic, 100.0% route), 1 logic levels.


================================================================================
Preference: MULTICYCLE FROM CLKNET "slv_com_top_inst.CLK1" TO CLKNET "s_PLL_CLK20M" 2.000000 X ;
            4096 items scored, 0 timing errors detected.
--------------------------------------------------------------------------------


Passed: The following path meets requirements by 78.669ns

 Logical Details:  Cell type  Pin type       Cell/ASIC name  (clock net +/-)

   Source:         FF         Q              slv_com_top_inst/slv_ctrl_top_inst/slv_rx_ctrl_inst/LA[2]  (from slv_com_top_inst.CLK1 +)
   Destination:    FF         Data in        stm07/ppmc_reg_S118M_inst/inst_ppmc_rgstr/CTRL2_REG_O[0]  (to s_PLL_CLK20M +)

   Delay:              21.458ns  (16.7% logic, 83.3% route), 14 logic levels.

 Constraint Details:

     21.458ns physical path delay slv_com_top_inst/slv_ctrl_top_inst/slv_rx_ctrl_inst/SLICE_5004 to stm07/SLICE_8886 meets
    100.000ns delay constraint less
      0.000ns skew and
      0.000ns feedback compensation and
     -0.127ns CE_SET requirement (totaling 100.127ns) by 78.669ns

 Physical Path Details:

      Data path slv_com_top_inst/slv_ctrl_top_inst/slv_rx_ctrl_inst/SLICE_5004 to stm07/SLICE_8886:

   Name    Fanout   Delay (ns)          Site               Resource
REG_DEL     ---     0.525    R35C53B.CLK to     R35C53B.Q0 slv_com_top_inst/slv_ctrl_top_inst/slv_rx_ctrl_inst/SLICE_5004 (from slv_com_top_inst.CLK1)
ROUTE         6     1.418     R35C53B.Q0 to     R40C54B.B1 slv_com_top_inst/slv_ctrl_top_inst/slv_rx_ctrl_inst/LA_RX[2]
CTOF_DEL    ---     0.236     R40C54B.B1 to     R40C54B.F1 slv_com_top_inst/slv_ctrl_top_inst/slv_rx_ctrl_inst/SLICE_9972
ROUTE         4     0.807     R40C54B.F1 to     R41C54B.B0 slv_com_top_inst/slv_ctrl_top_inst/slv_rx_ctrl_inst/N_296
CTOF_DEL    ---     0.236     R41C54B.B0 to     R41C54B.F0 slv_com_top_inst/slv_ctrl_top_inst/slv_rx_ctrl_inst/SLICE_11040
ROUTE         1     0.739     R41C54B.F0 to     R41C54D.B0 slv_com_top_inst/slv_ctrl_top_inst/slv_rx_ctrl_inst/un2_lweb_31_0_a2_12_0[0]
CTOF_DEL    ---     0.236     R41C54D.B0 to     R41C54D.F0 slv_com_top_inst/slv_ctrl_top_inst/slv_rx_ctrl_inst/SLICE_9978
ROUTE         1     0.602     R41C54D.F0 to     R40C54B.C0 slv_com_top_inst/slv_ctrl_top_inst/slv_rx_ctrl_inst/un2_m6_e_0
CTOF_DEL    ---     0.236     R40C54B.C0 to     R40C54B.F0 slv_com_top_inst/slv_ctrl_top_inst/slv_rx_ctrl_inst/SLICE_9972
ROUTE         1     0.193     R40C54B.F0 to     R40C54C.D0 slv_com_top_inst/slv_ctrl_top_inst/slv_rx_ctrl_inst/un2_m6_e_1
CTOF_DEL    ---     0.236     R40C54C.D0 to     R40C54C.F0 slv_com_top_inst/slv_ctrl_top_inst/slv_rx_ctrl_inst/SLICE_9971
ROUTE         1     0.602     R40C54C.F0 to     R40C53D.C1 slv_com_top_inst/slv_ctrl_top_inst/slv_rx_ctrl_inst/un2_m6_e_2
CTOF_DEL    ---     0.236     R40C53D.C1 to     R40C53D.F1 slv_com_top_inst/slv_ctrl_top_inst/slv_rx_ctrl_inst/SLICE_9965
ROUTE         1     0.566     R40C53D.F1 to     R40C53B.A0 slv_com_top_inst/slv_ctrl_top_inst/slv_rx_ctrl_inst/un2_m6_e_4
CTOF_DEL    ---     0.236     R40C53B.A0 to     R40C53B.F0 slv_com_top_inst/slv_ctrl_top_inst/slv_rx_ctrl_inst/SLICE_9970
ROUTE         1     0.413     R40C53B.F0 to     R40C54D.D1 slv_com_top_inst/slv_ctrl_top_inst/slv_rx_ctrl_inst/un2_m6_e_5
CTOF_DEL    ---     0.236     R40C54D.D1 to     R40C54D.F1 slv_com_top_inst/slv_ctrl_top_inst/slv_rx_ctrl_inst/SLICE_7963
ROUTE         1     0.566     R40C54D.F1 to     R40C54D.A0 slv_com_top_inst/slv_ctrl_top_inst/slv_rx_ctrl_inst/un2_m6_e_7
CTOF_DEL    ---     0.236     R40C54D.A0 to     R40C54D.F0 slv_com_top_inst/slv_ctrl_top_inst/slv_rx_ctrl_inst/SLICE_7963
ROUTE         1     0.382     R40C54D.F0 to     R40C54A.C0 slv_com_top_inst/slv_ctrl_top_inst/slv_rx_ctrl_inst/un2_m6_e_8
CTOF_DEL    ---     0.236     R40C54A.C0 to     R40C54A.F0 slv_com_top_inst/slv_ctrl_top_inst/slv_rx_ctrl_inst/SLICE_9969
ROUTE         1     0.957     R40C54A.F0 to     R38C54C.C1 slv_com_top_inst/slv_ctrl_top_inst/slv_rx_ctrl_inst/un2_m6_e_9
CTOF_DEL    ---     0.236     R38C54C.C1 to     R38C54C.F1 slv_com_top_inst/slv_ctrl_top_inst/slv_rx_ctrl_inst/SLICE_9963
ROUTE        40     4.075     R38C54C.F1 to     R19C17D.D1 slv_com_top_inst/slv_ctrl_top_inst/slv_rx_ctrl_inst/un2_m6_e_11
CTOF_DEL    ---     0.236     R19C17D.D1 to     R19C17D.F1 SLICE_8518
ROUTE        93     4.982     R19C17D.F1 to     R40C48B.A1 slv_com_top_inst.slv_ctrl_top_inst.slv_rx_ctrl_inst.un2_N_13_mux_1
CTOF_DEL    ---     0.236     R40C48B.A1 to     R40C48B.F1 stm07/ppmc_reg_S118M_inst/inst_ppmc_rgstr/SLICE_10083
ROUTE         5     1.563     R40C48B.F1 to     R45C50C.CE stm07/ppmc_reg_S118M_inst/inst_ppmc_rgstr/un1_sel_ctrl2_5 (to s_PLL_CLK20M)
                  --------
                   21.458   (16.7% logic, 83.3% route), 14 logic levels.

 Clock Skew Details: 

      Source Clock Path UP_CLK to slv_com_top_inst/slv_ctrl_top_inst/slv_rx_ctrl_inst/SLICE_5004:

   Name    Fanout   Delay (ns)          Site               Resource
PADI_DEL    ---     1.140         M1.PAD to       M1.PADDI UP_CLK
ROUTE         1     0.383       M1.PADDI to   PLL_BL0.CLKI UP_CLK_c
CLKI2OS3_D  ---     0.000   PLL_BL0.CLKI to PLL_BL0.CLKOS3 slv_com_top_inst/clk_gen_inst2/PLL_inst/PLLInst_0
ROUTE       379     2.137 PLL_BL0.CLKOS3 to    R35C53B.CLK slv_com_top_inst.CLK1
                  --------
                    3.660   (31.1% logic, 68.9% route), 2 logic levels.

      Source Clock f/b:

   Name    Fanout   Delay (ns)          Site               Resource
CLKFB2OP_D  ---     0.000  PLL_BL0.CLKFB to  PLL_BL0.CLKOP slv_com_top_inst/clk_gen_inst2/PLL_inst/PLLInst_0
ROUTE       173     2.237  PLL_BL0.CLKOP to  PLL_BL0.CLKFB slv_com_top_inst.CLKCOM_OUT
                  --------
                    2.237   (0.0% logic, 100.0% route), 1 logic levels.

      Destination Clock Path UP_CLK to stm07/SLICE_8886:

   Name    Fanout   Delay (ns)          Site               Resource
PADI_DEL    ---     1.140         M1.PAD to       M1.PADDI UP_CLK
ROUTE         1     0.383       M1.PADDI to   PLL_BL0.CLKI UP_CLK_c
CLKI2OS2_D  ---     0.000   PLL_BL0.CLKI to PLL_BL0.CLKOS2 slv_com_top_inst/clk_gen_inst2/PLL_inst/PLLInst_0
ROUTE       999     2.137 PLL_BL0.CLKOS2 to    R45C50C.CLK s_PLL_CLK20M
                  --------
                    3.660   (31.1% logic, 68.9% route), 2 logic levels.

      Destination Clock f/b:

   Name    Fanout   Delay (ns)          Site               Resource
CLKFB2OP_D  ---     0.000  PLL_BL0.CLKFB to  PLL_BL0.CLKOP slv_com_top_inst/clk_gen_inst2/PLL_inst/PLLInst_0
ROUTE       173     2.237  PLL_BL0.CLKOP to  PLL_BL0.CLKFB slv_com_top_inst.CLKCOM_OUT
                  --------
                    2.237   (0.0% logic, 100.0% route), 1 logic levels.


Passed: The following path meets requirements by 78.669ns

 Logical Details:  Cell type  Pin type       Cell/ASIC name  (clock net +/-)

   Source:         FF         Q              slv_com_top_inst/slv_ctrl_top_inst/slv_rx_ctrl_inst/LA[2]  (from slv_com_top_inst.CLK1 +)
   Destination:    FF         Data in        stm07/ppmc_reg_S118M_inst/inst_ppmc_rgstr/CTRL2_REG_O[6]  (to s_PLL_CLK20M +)
                   FF                        stm07/ppmc_reg_S118M_inst/inst_ppmc_rgstr/CTRL2_REG_O[5]

   Delay:              21.458ns  (16.7% logic, 83.3% route), 14 logic levels.

 Constraint Details:

     21.458ns physical path delay slv_com_top_inst/slv_ctrl_top_inst/slv_rx_ctrl_inst/SLICE_5004 to stm07/ppmc_reg_S118M_inst/inst_ppmc_rgstr/SLICE_6406 meets
    100.000ns delay constraint less
      0.000ns skew and
      0.000ns feedback compensation and
     -0.127ns CE_SET requirement (totaling 100.127ns) by 78.669ns

 Physical Path Details:

      Data path slv_com_top_inst/slv_ctrl_top_inst/slv_rx_ctrl_inst/SLICE_5004 to stm07/ppmc_reg_S118M_inst/inst_ppmc_rgstr/SLICE_6406:

   Name    Fanout   Delay (ns)          Site               Resource
REG_DEL     ---     0.525    R35C53B.CLK to     R35C53B.Q0 slv_com_top_inst/slv_ctrl_top_inst/slv_rx_ctrl_inst/SLICE_5004 (from slv_com_top_inst.CLK1)
ROUTE         6     1.418     R35C53B.Q0 to     R40C54B.B1 slv_com_top_inst/slv_ctrl_top_inst/slv_rx_ctrl_inst/LA_RX[2]
CTOF_DEL    ---     0.236     R40C54B.B1 to     R40C54B.F1 slv_com_top_inst/slv_ctrl_top_inst/slv_rx_ctrl_inst/SLICE_9972
ROUTE         4     0.807     R40C54B.F1 to     R41C54B.B0 slv_com_top_inst/slv_ctrl_top_inst/slv_rx_ctrl_inst/N_296
CTOF_DEL    ---     0.236     R41C54B.B0 to     R41C54B.F0 slv_com_top_inst/slv_ctrl_top_inst/slv_rx_ctrl_inst/SLICE_11040
ROUTE         1     0.739     R41C54B.F0 to     R41C54D.B0 slv_com_top_inst/slv_ctrl_top_inst/slv_rx_ctrl_inst/un2_lweb_31_0_a2_12_0[0]
CTOF_DEL    ---     0.236     R41C54D.B0 to     R41C54D.F0 slv_com_top_inst/slv_ctrl_top_inst/slv_rx_ctrl_inst/SLICE_9978
ROUTE         1     0.602     R41C54D.F0 to     R40C54B.C0 slv_com_top_inst/slv_ctrl_top_inst/slv_rx_ctrl_inst/un2_m6_e_0
CTOF_DEL    ---     0.236     R40C54B.C0 to     R40C54B.F0 slv_com_top_inst/slv_ctrl_top_inst/slv_rx_ctrl_inst/SLICE_9972
ROUTE         1     0.193     R40C54B.F0 to     R40C54C.D0 slv_com_top_inst/slv_ctrl_top_inst/slv_rx_ctrl_inst/un2_m6_e_1
CTOF_DEL    ---     0.236     R40C54C.D0 to     R40C54C.F0 slv_com_top_inst/slv_ctrl_top_inst/slv_rx_ctrl_inst/SLICE_9971
ROUTE         1     0.602     R40C54C.F0 to     R40C53D.C1 slv_com_top_inst/slv_ctrl_top_inst/slv_rx_ctrl_inst/un2_m6_e_2
CTOF_DEL    ---     0.236     R40C53D.C1 to     R40C53D.F1 slv_com_top_inst/slv_ctrl_top_inst/slv_rx_ctrl_inst/SLICE_9965
ROUTE         1     0.566     R40C53D.F1 to     R40C53B.A0 slv_com_top_inst/slv_ctrl_top_inst/slv_rx_ctrl_inst/un2_m6_e_4
CTOF_DEL    ---     0.236     R40C53B.A0 to     R40C53B.F0 slv_com_top_inst/slv_ctrl_top_inst/slv_rx_ctrl_inst/SLICE_9970
ROUTE         1     0.413     R40C53B.F0 to     R40C54D.D1 slv_com_top_inst/slv_ctrl_top_inst/slv_rx_ctrl_inst/un2_m6_e_5
CTOF_DEL    ---     0.236     R40C54D.D1 to     R40C54D.F1 slv_com_top_inst/slv_ctrl_top_inst/slv_rx_ctrl_inst/SLICE_7963
ROUTE         1     0.566     R40C54D.F1 to     R40C54D.A0 slv_com_top_inst/slv_ctrl_top_inst/slv_rx_ctrl_inst/un2_m6_e_7
CTOF_DEL    ---     0.236     R40C54D.A0 to     R40C54D.F0 slv_com_top_inst/slv_ctrl_top_inst/slv_rx_ctrl_inst/SLICE_7963
ROUTE         1     0.382     R40C54D.F0 to     R40C54A.C0 slv_com_top_inst/slv_ctrl_top_inst/slv_rx_ctrl_inst/un2_m6_e_8
CTOF_DEL    ---     0.236     R40C54A.C0 to     R40C54A.F0 slv_com_top_inst/slv_ctrl_top_inst/slv_rx_ctrl_inst/SLICE_9969
ROUTE         1     0.957     R40C54A.F0 to     R38C54C.C1 slv_com_top_inst/slv_ctrl_top_inst/slv_rx_ctrl_inst/un2_m6_e_9
CTOF_DEL    ---     0.236     R38C54C.C1 to     R38C54C.F1 slv_com_top_inst/slv_ctrl_top_inst/slv_rx_ctrl_inst/SLICE_9963
ROUTE        40     4.075     R38C54C.F1 to     R19C17D.D1 slv_com_top_inst/slv_ctrl_top_inst/slv_rx_ctrl_inst/un2_m6_e_11
CTOF_DEL    ---     0.236     R19C17D.D1 to     R19C17D.F1 SLICE_8518
ROUTE        93     4.982     R19C17D.F1 to     R40C48B.A1 slv_com_top_inst.slv_ctrl_top_inst.slv_rx_ctrl_inst.un2_N_13_mux_1
CTOF_DEL    ---     0.236     R40C48B.A1 to     R40C48B.F1 stm07/ppmc_reg_S118M_inst/inst_ppmc_rgstr/SLICE_10083
ROUTE         5     1.563     R40C48B.F1 to     R45C50B.CE stm07/ppmc_reg_S118M_inst/inst_ppmc_rgstr/un1_sel_ctrl2_5 (to s_PLL_CLK20M)
                  --------
                   21.458   (16.7% logic, 83.3% route), 14 logic levels.

 Clock Skew Details: 

      Source Clock Path UP_CLK to slv_com_top_inst/slv_ctrl_top_inst/slv_rx_ctrl_inst/SLICE_5004:

   Name    Fanout   Delay (ns)          Site               Resource
PADI_DEL    ---     1.140         M1.PAD to       M1.PADDI UP_CLK
ROUTE         1     0.383       M1.PADDI to   PLL_BL0.CLKI UP_CLK_c
CLKI2OS3_D  ---     0.000   PLL_BL0.CLKI to PLL_BL0.CLKOS3 slv_com_top_inst/clk_gen_inst2/PLL_inst/PLLInst_0
ROUTE       379     2.137 PLL_BL0.CLKOS3 to    R35C53B.CLK slv_com_top_inst.CLK1
                  --------
                    3.660   (31.1% logic, 68.9% route), 2 logic levels.

      Source Clock f/b:

   Name    Fanout   Delay (ns)          Site               Resource
CLKFB2OP_D  ---     0.000  PLL_BL0.CLKFB to  PLL_BL0.CLKOP slv_com_top_inst/clk_gen_inst2/PLL_inst/PLLInst_0
ROUTE       173     2.237  PLL_BL0.CLKOP to  PLL_BL0.CLKFB slv_com_top_inst.CLKCOM_OUT
                  --------
                    2.237   (0.0% logic, 100.0% route), 1 logic levels.

      Destination Clock Path UP_CLK to stm07/ppmc_reg_S118M_inst/inst_ppmc_rgstr/SLICE_6406:

   Name    Fanout   Delay (ns)          Site               Resource
PADI_DEL    ---     1.140         M1.PAD to       M1.PADDI UP_CLK
ROUTE         1     0.383       M1.PADDI to   PLL_BL0.CLKI UP_CLK_c
CLKI2OS2_D  ---     0.000   PLL_BL0.CLKI to PLL_BL0.CLKOS2 slv_com_top_inst/clk_gen_inst2/PLL_inst/PLLInst_0
ROUTE       999     2.137 PLL_BL0.CLKOS2 to    R45C50B.CLK s_PLL_CLK20M
                  --------
                    3.660   (31.1% logic, 68.9% route), 2 logic levels.

      Destination Clock f/b:

   Name    Fanout   Delay (ns)          Site               Resource
CLKFB2OP_D  ---     0.000  PLL_BL0.CLKFB to  PLL_BL0.CLKOP slv_com_top_inst/clk_gen_inst2/PLL_inst/PLLInst_0
ROUTE       173     2.237  PLL_BL0.CLKOP to  PLL_BL0.CLKFB slv_com_top_inst.CLKCOM_OUT
                  --------
                    2.237   (0.0% logic, 100.0% route), 1 logic levels.


Passed: The following path meets requirements by 78.669ns

 Logical Details:  Cell type  Pin type       Cell/ASIC name  (clock net +/-)

   Source:         FF         Q              slv_com_top_inst/slv_ctrl_top_inst/slv_rx_ctrl_inst/LA[2]  (from slv_com_top_inst.CLK1 +)
   Destination:    FF         Data in        stm07/ppmc_reg_S118M_inst/inst_ppmc_rgstr/CTRL2_REG_O[4]  (to s_PLL_CLK20M +)
                   FF                        stm07/ppmc_reg_S118M_inst/inst_ppmc_rgstr/CTRL2_REG_O[3]

   Delay:              21.458ns  (16.7% logic, 83.3% route), 14 logic levels.

 Constraint Details:

     21.458ns physical path delay slv_com_top_inst/slv_ctrl_top_inst/slv_rx_ctrl_inst/SLICE_5004 to stm07/ppmc_reg_S118M_inst/inst_ppmc_rgstr/SLICE_6405 meets
    100.000ns delay constraint less
      0.000ns skew and
      0.000ns feedback compensation and
     -0.127ns CE_SET requirement (totaling 100.127ns) by 78.669ns

 Physical Path Details:

      Data path slv_com_top_inst/slv_ctrl_top_inst/slv_rx_ctrl_inst/SLICE_5004 to stm07/ppmc_reg_S118M_inst/inst_ppmc_rgstr/SLICE_6405:

   Name    Fanout   Delay (ns)          Site               Resource
REG_DEL     ---     0.525    R35C53B.CLK to     R35C53B.Q0 slv_com_top_inst/slv_ctrl_top_inst/slv_rx_ctrl_inst/SLICE_5004 (from slv_com_top_inst.CLK1)
ROUTE         6     1.418     R35C53B.Q0 to     R40C54B.B1 slv_com_top_inst/slv_ctrl_top_inst/slv_rx_ctrl_inst/LA_RX[2]
CTOF_DEL    ---     0.236     R40C54B.B1 to     R40C54B.F1 slv_com_top_inst/slv_ctrl_top_inst/slv_rx_ctrl_inst/SLICE_9972
ROUTE         4     0.807     R40C54B.F1 to     R41C54B.B0 slv_com_top_inst/slv_ctrl_top_inst/slv_rx_ctrl_inst/N_296
CTOF_DEL    ---     0.236     R41C54B.B0 to     R41C54B.F0 slv_com_top_inst/slv_ctrl_top_inst/slv_rx_ctrl_inst/SLICE_11040
ROUTE         1     0.739     R41C54B.F0 to     R41C54D.B0 slv_com_top_inst/slv_ctrl_top_inst/slv_rx_ctrl_inst/un2_lweb_31_0_a2_12_0[0]
CTOF_DEL    ---     0.236     R41C54D.B0 to     R41C54D.F0 slv_com_top_inst/slv_ctrl_top_inst/slv_rx_ctrl_inst/SLICE_9978
ROUTE         1     0.602     R41C54D.F0 to     R40C54B.C0 slv_com_top_inst/slv_ctrl_top_inst/slv_rx_ctrl_inst/un2_m6_e_0
CTOF_DEL    ---     0.236     R40C54B.C0 to     R40C54B.F0 slv_com_top_inst/slv_ctrl_top_inst/slv_rx_ctrl_inst/SLICE_9972
ROUTE         1     0.193     R40C54B.F0 to     R40C54C.D0 slv_com_top_inst/slv_ctrl_top_inst/slv_rx_ctrl_inst/un2_m6_e_1
CTOF_DEL    ---     0.236     R40C54C.D0 to     R40C54C.F0 slv_com_top_inst/slv_ctrl_top_inst/slv_rx_ctrl_inst/SLICE_9971
ROUTE         1     0.602     R40C54C.F0 to     R40C53D.C1 slv_com_top_inst/slv_ctrl_top_inst/slv_rx_ctrl_inst/un2_m6_e_2
CTOF_DEL    ---     0.236     R40C53D.C1 to     R40C53D.F1 slv_com_top_inst/slv_ctrl_top_inst/slv_rx_ctrl_inst/SLICE_9965
ROUTE         1     0.566     R40C53D.F1 to     R40C53B.A0 slv_com_top_inst/slv_ctrl_top_inst/slv_rx_ctrl_inst/un2_m6_e_4
CTOF_DEL    ---     0.236     R40C53B.A0 to     R40C53B.F0 slv_com_top_inst/slv_ctrl_top_inst/slv_rx_ctrl_inst/SLICE_9970
ROUTE         1     0.413     R40C53B.F0 to     R40C54D.D1 slv_com_top_inst/slv_ctrl_top_inst/slv_rx_ctrl_inst/un2_m6_e_5
CTOF_DEL    ---     0.236     R40C54D.D1 to     R40C54D.F1 slv_com_top_inst/slv_ctrl_top_inst/slv_rx_ctrl_inst/SLICE_7963
ROUTE         1     0.566     R40C54D.F1 to     R40C54D.A0 slv_com_top_inst/slv_ctrl_top_inst/slv_rx_ctrl_inst/un2_m6_e_7
CTOF_DEL    ---     0.236     R40C54D.A0 to     R40C54D.F0 slv_com_top_inst/slv_ctrl_top_inst/slv_rx_ctrl_inst/SLICE_7963
ROUTE         1     0.382     R40C54D.F0 to     R40C54A.C0 slv_com_top_inst/slv_ctrl_top_inst/slv_rx_ctrl_inst/un2_m6_e_8
CTOF_DEL    ---     0.236     R40C54A.C0 to     R40C54A.F0 slv_com_top_inst/slv_ctrl_top_inst/slv_rx_ctrl_inst/SLICE_9969
ROUTE         1     0.957     R40C54A.F0 to     R38C54C.C1 slv_com_top_inst/slv_ctrl_top_inst/slv_rx_ctrl_inst/un2_m6_e_9
CTOF_DEL    ---     0.236     R38C54C.C1 to     R38C54C.F1 slv_com_top_inst/slv_ctrl_top_inst/slv_rx_ctrl_inst/SLICE_9963
ROUTE        40     4.075     R38C54C.F1 to     R19C17D.D1 slv_com_top_inst/slv_ctrl_top_inst/slv_rx_ctrl_inst/un2_m6_e_11
CTOF_DEL    ---     0.236     R19C17D.D1 to     R19C17D.F1 SLICE_8518
ROUTE        93     4.982     R19C17D.F1 to     R40C48B.A1 slv_com_top_inst.slv_ctrl_top_inst.slv_rx_ctrl_inst.un2_N_13_mux_1
CTOF_DEL    ---     0.236     R40C48B.A1 to     R40C48B.F1 stm07/ppmc_reg_S118M_inst/inst_ppmc_rgstr/SLICE_10083
ROUTE         5     1.563     R40C48B.F1 to     R45C49B.CE stm07/ppmc_reg_S118M_inst/inst_ppmc_rgstr/un1_sel_ctrl2_5 (to s_PLL_CLK20M)
                  --------
                   21.458   (16.7% logic, 83.3% route), 14 logic levels.

 Clock Skew Details: 

      Source Clock Path UP_CLK to slv_com_top_inst/slv_ctrl_top_inst/slv_rx_ctrl_inst/SLICE_5004:

   Name    Fanout   Delay (ns)          Site               Resource
PADI_DEL    ---     1.140         M1.PAD to       M1.PADDI UP_CLK
ROUTE         1     0.383       M1.PADDI to   PLL_BL0.CLKI UP_CLK_c
CLKI2OS3_D  ---     0.000   PLL_BL0.CLKI to PLL_BL0.CLKOS3 slv_com_top_inst/clk_gen_inst2/PLL_inst/PLLInst_0
ROUTE       379     2.137 PLL_BL0.CLKOS3 to    R35C53B.CLK slv_com_top_inst.CLK1
                  --------
                    3.660   (31.1% logic, 68.9% route), 2 logic levels.

      Source Clock f/b:

   Name    Fanout   Delay (ns)          Site               Resource
CLKFB2OP_D  ---     0.000  PLL_BL0.CLKFB to  PLL_BL0.CLKOP slv_com_top_inst/clk_gen_inst2/PLL_inst/PLLInst_0
ROUTE       173     2.237  PLL_BL0.CLKOP to  PLL_BL0.CLKFB slv_com_top_inst.CLKCOM_OUT
                  --------
                    2.237   (0.0% logic, 100.0% route), 1 logic levels.

      Destination Clock Path UP_CLK to stm07/ppmc_reg_S118M_inst/inst_ppmc_rgstr/SLICE_6405:

   Name    Fanout   Delay (ns)          Site               Resource
PADI_DEL    ---     1.140         M1.PAD to       M1.PADDI UP_CLK
ROUTE         1     0.383       M1.PADDI to   PLL_BL0.CLKI UP_CLK_c
CLKI2OS2_D  ---     0.000   PLL_BL0.CLKI to PLL_BL0.CLKOS2 slv_com_top_inst/clk_gen_inst2/PLL_inst/PLLInst_0
ROUTE       999     2.137 PLL_BL0.CLKOS2 to    R45C49B.CLK s_PLL_CLK20M
                  --------
                    3.660   (31.1% logic, 68.9% route), 2 logic levels.

      Destination Clock f/b:

   Name    Fanout   Delay (ns)          Site               Resource
CLKFB2OP_D  ---     0.000  PLL_BL0.CLKFB to  PLL_BL0.CLKOP slv_com_top_inst/clk_gen_inst2/PLL_inst/PLLInst_0
ROUTE       173     2.237  PLL_BL0.CLKOP to  PLL_BL0.CLKFB slv_com_top_inst.CLKCOM_OUT
                  --------
                    2.237   (0.0% logic, 100.0% route), 1 logic levels.


Passed: The following path meets requirements by 78.669ns

 Logical Details:  Cell type  Pin type       Cell/ASIC name  (clock net +/-)

   Source:         FF         Q              slv_com_top_inst/slv_ctrl_top_inst/slv_rx_ctrl_inst/LA[2]  (from slv_com_top_inst.CLK1 +)
   Destination:    FF         Data in        stm07/ppmc_reg_S118M_inst/inst_ppmc_rgstr/CTRL2_REG_O[7]  (to s_PLL_CLK20M +)

   Delay:              21.458ns  (16.7% logic, 83.3% route), 14 logic levels.

 Constraint Details:

     21.458ns physical path delay slv_com_top_inst/slv_ctrl_top_inst/slv_rx_ctrl_inst/SLICE_5004 to stm07/ppmc_reg_S118M_inst/inst_ppmc_rgstr/SLICE_8872 meets
    100.000ns delay constraint less
      0.000ns skew and
      0.000ns feedback compensation and
     -0.127ns CE_SET requirement (totaling 100.127ns) by 78.669ns

 Physical Path Details:

      Data path slv_com_top_inst/slv_ctrl_top_inst/slv_rx_ctrl_inst/SLICE_5004 to stm07/ppmc_reg_S118M_inst/inst_ppmc_rgstr/SLICE_8872:

   Name    Fanout   Delay (ns)          Site               Resource
REG_DEL     ---     0.525    R35C53B.CLK to     R35C53B.Q0 slv_com_top_inst/slv_ctrl_top_inst/slv_rx_ctrl_inst/SLICE_5004 (from slv_com_top_inst.CLK1)
ROUTE         6     1.418     R35C53B.Q0 to     R40C54B.B1 slv_com_top_inst/slv_ctrl_top_inst/slv_rx_ctrl_inst/LA_RX[2]
CTOF_DEL    ---     0.236     R40C54B.B1 to     R40C54B.F1 slv_com_top_inst/slv_ctrl_top_inst/slv_rx_ctrl_inst/SLICE_9972
ROUTE         4     0.807     R40C54B.F1 to     R41C54B.B0 slv_com_top_inst/slv_ctrl_top_inst/slv_rx_ctrl_inst/N_296
CTOF_DEL    ---     0.236     R41C54B.B0 to     R41C54B.F0 slv_com_top_inst/slv_ctrl_top_inst/slv_rx_ctrl_inst/SLICE_11040
ROUTE         1     0.739     R41C54B.F0 to     R41C54D.B0 slv_com_top_inst/slv_ctrl_top_inst/slv_rx_ctrl_inst/un2_lweb_31_0_a2_12_0[0]
CTOF_DEL    ---     0.236     R41C54D.B0 to     R41C54D.F0 slv_com_top_inst/slv_ctrl_top_inst/slv_rx_ctrl_inst/SLICE_9978
ROUTE         1     0.602     R41C54D.F0 to     R40C54B.C0 slv_com_top_inst/slv_ctrl_top_inst/slv_rx_ctrl_inst/un2_m6_e_0
CTOF_DEL    ---     0.236     R40C54B.C0 to     R40C54B.F0 slv_com_top_inst/slv_ctrl_top_inst/slv_rx_ctrl_inst/SLICE_9972
ROUTE         1     0.193     R40C54B.F0 to     R40C54C.D0 slv_com_top_inst/slv_ctrl_top_inst/slv_rx_ctrl_inst/un2_m6_e_1
CTOF_DEL    ---     0.236     R40C54C.D0 to     R40C54C.F0 slv_com_top_inst/slv_ctrl_top_inst/slv_rx_ctrl_inst/SLICE_9971
ROUTE         1     0.602     R40C54C.F0 to     R40C53D.C1 slv_com_top_inst/slv_ctrl_top_inst/slv_rx_ctrl_inst/un2_m6_e_2
CTOF_DEL    ---     0.236     R40C53D.C1 to     R40C53D.F1 slv_com_top_inst/slv_ctrl_top_inst/slv_rx_ctrl_inst/SLICE_9965
ROUTE         1     0.566     R40C53D.F1 to     R40C53B.A0 slv_com_top_inst/slv_ctrl_top_inst/slv_rx_ctrl_inst/un2_m6_e_4
CTOF_DEL    ---     0.236     R40C53B.A0 to     R40C53B.F0 slv_com_top_inst/slv_ctrl_top_inst/slv_rx_ctrl_inst/SLICE_9970
ROUTE         1     0.413     R40C53B.F0 to     R40C54D.D1 slv_com_top_inst/slv_ctrl_top_inst/slv_rx_ctrl_inst/un2_m6_e_5
CTOF_DEL    ---     0.236     R40C54D.D1 to     R40C54D.F1 slv_com_top_inst/slv_ctrl_top_inst/slv_rx_ctrl_inst/SLICE_7963
ROUTE         1     0.566     R40C54D.F1 to     R40C54D.A0 slv_com_top_inst/slv_ctrl_top_inst/slv_rx_ctrl_inst/un2_m6_e_7
CTOF_DEL    ---     0.236     R40C54D.A0 to     R40C54D.F0 slv_com_top_inst/slv_ctrl_top_inst/slv_rx_ctrl_inst/SLICE_7963
ROUTE         1     0.382     R40C54D.F0 to     R40C54A.C0 slv_com_top_inst/slv_ctrl_top_inst/slv_rx_ctrl_inst/un2_m6_e_8
CTOF_DEL    ---     0.236     R40C54A.C0 to     R40C54A.F0 slv_com_top_inst/slv_ctrl_top_inst/slv_rx_ctrl_inst/SLICE_9969
ROUTE         1     0.957     R40C54A.F0 to     R38C54C.C1 slv_com_top_inst/slv_ctrl_top_inst/slv_rx_ctrl_inst/un2_m6_e_9
CTOF_DEL    ---     0.236     R38C54C.C1 to     R38C54C.F1 slv_com_top_inst/slv_ctrl_top_inst/slv_rx_ctrl_inst/SLICE_9963
ROUTE        40     4.075     R38C54C.F1 to     R19C17D.D1 slv_com_top_inst/slv_ctrl_top_inst/slv_rx_ctrl_inst/un2_m6_e_11
CTOF_DEL    ---     0.236     R19C17D.D1 to     R19C17D.F1 SLICE_8518
ROUTE        93     4.982     R19C17D.F1 to     R40C48B.A1 slv_com_top_inst.slv_ctrl_top_inst.slv_rx_ctrl_inst.un2_N_13_mux_1
CTOF_DEL    ---     0.236     R40C48B.A1 to     R40C48B.F1 stm07/ppmc_reg_S118M_inst/inst_ppmc_rgstr/SLICE_10083
ROUTE         5     1.563     R40C48B.F1 to     R45C49D.CE stm07/ppmc_reg_S118M_inst/inst_ppmc_rgstr/un1_sel_ctrl2_5 (to s_PLL_CLK20M)
                  --------
                   21.458   (16.7% logic, 83.3% route), 14 logic levels.

 Clock Skew Details: 

      Source Clock Path UP_CLK to slv_com_top_inst/slv_ctrl_top_inst/slv_rx_ctrl_inst/SLICE_5004:

   Name    Fanout   Delay (ns)          Site               Resource
PADI_DEL    ---     1.140         M1.PAD to       M1.PADDI UP_CLK
ROUTE         1     0.383       M1.PADDI to   PLL_BL0.CLKI UP_CLK_c
CLKI2OS3_D  ---     0.000   PLL_BL0.CLKI to PLL_BL0.CLKOS3 slv_com_top_inst/clk_gen_inst2/PLL_inst/PLLInst_0
ROUTE       379     2.137 PLL_BL0.CLKOS3 to    R35C53B.CLK slv_com_top_inst.CLK1
                  --------
                    3.660   (31.1% logic, 68.9% route), 2 logic levels.

      Source Clock f/b:

   Name    Fanout   Delay (ns)          Site               Resource
CLKFB2OP_D  ---     0.000  PLL_BL0.CLKFB to  PLL_BL0.CLKOP slv_com_top_inst/clk_gen_inst2/PLL_inst/PLLInst_0
ROUTE       173     2.237  PLL_BL0.CLKOP to  PLL_BL0.CLKFB slv_com_top_inst.CLKCOM_OUT
                  --------
                    2.237   (0.0% logic, 100.0% route), 1 logic levels.

      Destination Clock Path UP_CLK to stm07/ppmc_reg_S118M_inst/inst_ppmc_rgstr/SLICE_8872:

   Name    Fanout   Delay (ns)          Site               Resource
PADI_DEL    ---     1.140         M1.PAD to       M1.PADDI UP_CLK
ROUTE         1     0.383       M1.PADDI to   PLL_BL0.CLKI UP_CLK_c
CLKI2OS2_D  ---     0.000   PLL_BL0.CLKI to PLL_BL0.CLKOS2 slv_com_top_inst/clk_gen_inst2/PLL_inst/PLLInst_0
ROUTE       999     2.137 PLL_BL0.CLKOS2 to    R45C49D.CLK s_PLL_CLK20M
                  --------
                    3.660   (31.1% logic, 68.9% route), 2 logic levels.

      Destination Clock f/b:

   Name    Fanout   Delay (ns)          Site               Resource
CLKFB2OP_D  ---     0.000  PLL_BL0.CLKFB to  PLL_BL0.CLKOP slv_com_top_inst/clk_gen_inst2/PLL_inst/PLLInst_0
ROUTE       173     2.237  PLL_BL0.CLKOP to  PLL_BL0.CLKFB slv_com_top_inst.CLKCOM_OUT
                  --------
                    2.237   (0.0% logic, 100.0% route), 1 logic levels.


Passed: The following path meets requirements by 78.696ns

 Logical Details:  Cell type  Pin type       Cell/ASIC name  (clock net +/-)

   Source:         FF         Q              slv_com_top_inst/slv_ctrl_top_inst/slv_rx_ctrl_inst/LA[2]  (from slv_com_top_inst.CLK1 +)
   Destination:    FF         Data in        stm07/ppmc_reg_S118M_inst/inst_ppmc_rgstr/PULSE_REG_O[7]  (to s_PLL_CLK20M +)
                   FF                        stm07/ppmc_reg_S118M_inst/inst_ppmc_rgstr/PULSE_REG_O[6]

   Delay:              21.431ns  (16.8% logic, 83.2% route), 14 logic levels.

 Constraint Details:

     21.431ns physical path delay slv_com_top_inst/slv_ctrl_top_inst/slv_rx_ctrl_inst/SLICE_5004 to stm07/ppmc_reg_S118M_inst/inst_ppmc_rgstr/SLICE_6510 meets
    100.000ns delay constraint less
      0.000ns skew and
      0.000ns feedback compensation and
     -0.127ns CE_SET requirement (totaling 100.127ns) by 78.696ns

 Physical Path Details:

      Data path slv_com_top_inst/slv_ctrl_top_inst/slv_rx_ctrl_inst/SLICE_5004 to stm07/ppmc_reg_S118M_inst/inst_ppmc_rgstr/SLICE_6510:

   Name    Fanout   Delay (ns)          Site               Resource
REG_DEL     ---     0.525    R35C53B.CLK to     R35C53B.Q0 slv_com_top_inst/slv_ctrl_top_inst/slv_rx_ctrl_inst/SLICE_5004 (from slv_com_top_inst.CLK1)
ROUTE         6     1.418     R35C53B.Q0 to     R40C54B.B1 slv_com_top_inst/slv_ctrl_top_inst/slv_rx_ctrl_inst/LA_RX[2]
CTOF_DEL    ---     0.236     R40C54B.B1 to     R40C54B.F1 slv_com_top_inst/slv_ctrl_top_inst/slv_rx_ctrl_inst/SLICE_9972
ROUTE         4     0.807     R40C54B.F1 to     R41C54B.B0 slv_com_top_inst/slv_ctrl_top_inst/slv_rx_ctrl_inst/N_296
CTOF_DEL    ---     0.236     R41C54B.B0 to     R41C54B.F0 slv_com_top_inst/slv_ctrl_top_inst/slv_rx_ctrl_inst/SLICE_11040
ROUTE         1     0.739     R41C54B.F0 to     R41C54D.B0 slv_com_top_inst/slv_ctrl_top_inst/slv_rx_ctrl_inst/un2_lweb_31_0_a2_12_0[0]
CTOF_DEL    ---     0.236     R41C54D.B0 to     R41C54D.F0 slv_com_top_inst/slv_ctrl_top_inst/slv_rx_ctrl_inst/SLICE_9978
ROUTE         1     0.602     R41C54D.F0 to     R40C54B.C0 slv_com_top_inst/slv_ctrl_top_inst/slv_rx_ctrl_inst/un2_m6_e_0
CTOF_DEL    ---     0.236     R40C54B.C0 to     R40C54B.F0 slv_com_top_inst/slv_ctrl_top_inst/slv_rx_ctrl_inst/SLICE_9972
ROUTE         1     0.193     R40C54B.F0 to     R40C54C.D0 slv_com_top_inst/slv_ctrl_top_inst/slv_rx_ctrl_inst/un2_m6_e_1
CTOF_DEL    ---     0.236     R40C54C.D0 to     R40C54C.F0 slv_com_top_inst/slv_ctrl_top_inst/slv_rx_ctrl_inst/SLICE_9971
ROUTE         1     0.602     R40C54C.F0 to     R40C53D.C1 slv_com_top_inst/slv_ctrl_top_inst/slv_rx_ctrl_inst/un2_m6_e_2
CTOF_DEL    ---     0.236     R40C53D.C1 to     R40C53D.F1 slv_com_top_inst/slv_ctrl_top_inst/slv_rx_ctrl_inst/SLICE_9965
ROUTE         1     0.566     R40C53D.F1 to     R40C53B.A0 slv_com_top_inst/slv_ctrl_top_inst/slv_rx_ctrl_inst/un2_m6_e_4
CTOF_DEL    ---     0.236     R40C53B.A0 to     R40C53B.F0 slv_com_top_inst/slv_ctrl_top_inst/slv_rx_ctrl_inst/SLICE_9970
ROUTE         1     0.413     R40C53B.F0 to     R40C54D.D1 slv_com_top_inst/slv_ctrl_top_inst/slv_rx_ctrl_inst/un2_m6_e_5
CTOF_DEL    ---     0.236     R40C54D.D1 to     R40C54D.F1 slv_com_top_inst/slv_ctrl_top_inst/slv_rx_ctrl_inst/SLICE_7963
ROUTE         1     0.566     R40C54D.F1 to     R40C54D.A0 slv_com_top_inst/slv_ctrl_top_inst/slv_rx_ctrl_inst/un2_m6_e_7
CTOF_DEL    ---     0.236     R40C54D.A0 to     R40C54D.F0 slv_com_top_inst/slv_ctrl_top_inst/slv_rx_ctrl_inst/SLICE_7963
ROUTE         1     0.382     R40C54D.F0 to     R40C54A.C0 slv_com_top_inst/slv_ctrl_top_inst/slv_rx_ctrl_inst/un2_m6_e_8
CTOF_DEL    ---     0.236     R40C54A.C0 to     R40C54A.F0 slv_com_top_inst/slv_ctrl_top_inst/slv_rx_ctrl_inst/SLICE_9969
ROUTE         1     0.957     R40C54A.F0 to     R38C54C.C1 slv_com_top_inst/slv_ctrl_top_inst/slv_rx_ctrl_inst/un2_m6_e_9
CTOF_DEL    ---     0.236     R38C54C.C1 to     R38C54C.F1 slv_com_top_inst/slv_ctrl_top_inst/slv_rx_ctrl_inst/SLICE_9963
ROUTE        40     4.075     R38C54C.F1 to     R19C17D.D1 slv_com_top_inst/slv_ctrl_top_inst/slv_rx_ctrl_inst/un2_m6_e_11
CTOF_DEL    ---     0.236     R19C17D.D1 to     R19C17D.F1 SLICE_8518
ROUTE        93     5.171     R19C17D.F1 to     R40C47B.B0 slv_com_top_inst.slv_ctrl_top_inst.slv_rx_ctrl_inst.un2_N_13_mux_1
CTOF_DEL    ---     0.236     R40C47B.B0 to     R40C47B.F0 stm07/ppmc_reg_S118M_inst/inst_ppmc_rgstr/SLICE_10082
ROUTE         4     1.347     R40C47B.F0 to     R42C53C.CE stm07/ppmc_reg_S118M_inst/inst_ppmc_rgstr/un1_sel_pls_l_5 (to s_PLL_CLK20M)
                  --------
                   21.431   (16.8% logic, 83.2% route), 14 logic levels.

 Clock Skew Details: 

      Source Clock Path UP_CLK to slv_com_top_inst/slv_ctrl_top_inst/slv_rx_ctrl_inst/SLICE_5004:

   Name    Fanout   Delay (ns)          Site               Resource
PADI_DEL    ---     1.140         M1.PAD to       M1.PADDI UP_CLK
ROUTE         1     0.383       M1.PADDI to   PLL_BL0.CLKI UP_CLK_c
CLKI2OS3_D  ---     0.000   PLL_BL0.CLKI to PLL_BL0.CLKOS3 slv_com_top_inst/clk_gen_inst2/PLL_inst/PLLInst_0
ROUTE       379     2.137 PLL_BL0.CLKOS3 to    R35C53B.CLK slv_com_top_inst.CLK1
                  --------
                    3.660   (31.1% logic, 68.9% route), 2 logic levels.

      Source Clock f/b:

   Name    Fanout   Delay (ns)          Site               Resource
CLKFB2OP_D  ---     0.000  PLL_BL0.CLKFB to  PLL_BL0.CLKOP slv_com_top_inst/clk_gen_inst2/PLL_inst/PLLInst_0
ROUTE       173     2.237  PLL_BL0.CLKOP to  PLL_BL0.CLKFB slv_com_top_inst.CLKCOM_OUT
                  --------
                    2.237   (0.0% logic, 100.0% route), 1 logic levels.

      Destination Clock Path UP_CLK to stm07/ppmc_reg_S118M_inst/inst_ppmc_rgstr/SLICE_6510:

   Name    Fanout   Delay (ns)          Site               Resource
PADI_DEL    ---     1.140         M1.PAD to       M1.PADDI UP_CLK
ROUTE         1     0.383       M1.PADDI to   PLL_BL0.CLKI UP_CLK_c
CLKI2OS2_D  ---     0.000   PLL_BL0.CLKI to PLL_BL0.CLKOS2 slv_com_top_inst/clk_gen_inst2/PLL_inst/PLLInst_0
ROUTE       999     2.137 PLL_BL0.CLKOS2 to    R42C53C.CLK s_PLL_CLK20M
                  --------
                    3.660   (31.1% logic, 68.9% route), 2 logic levels.

      Destination Clock f/b:

   Name    Fanout   Delay (ns)          Site               Resource
CLKFB2OP_D  ---     0.000  PLL_BL0.CLKFB to  PLL_BL0.CLKOP slv_com_top_inst/clk_gen_inst2/PLL_inst/PLLInst_0
ROUTE       173     2.237  PLL_BL0.CLKOP to  PLL_BL0.CLKFB slv_com_top_inst.CLKCOM_OUT
                  --------
                    2.237   (0.0% logic, 100.0% route), 1 logic levels.


Passed: The following path meets requirements by 78.834ns

 Logical Details:  Cell type  Pin type       Cell/ASIC name  (clock net +/-)

   Source:         FF         Q              slv_com_top_inst/slv_ctrl_top_inst/slv_rx_ctrl_inst/LA[2]  (from slv_com_top_inst.CLK1 +)
   Destination:    FF         Data in        stm07/ppmc_reg_S118M_inst/inst_ppmc_rgstr/CTRL2_REG_O[7]  (to s_PLL_CLK20M +)

   Delay:              21.293ns  (16.9% logic, 83.1% route), 14 logic levels.

 Constraint Details:

     21.293ns physical path delay slv_com_top_inst/slv_ctrl_top_inst/slv_rx_ctrl_inst/SLICE_5004 to stm07/ppmc_reg_S118M_inst/inst_ppmc_rgstr/SLICE_8872 meets
    100.000ns delay constraint less
      0.000ns skew and
      0.000ns feedback compensation and
     -0.127ns CE_SET requirement (totaling 100.127ns) by 78.834ns

 Physical Path Details:

      Data path slv_com_top_inst/slv_ctrl_top_inst/slv_rx_ctrl_inst/SLICE_5004 to stm07/ppmc_reg_S118M_inst/inst_ppmc_rgstr/SLICE_8872:

   Name    Fanout   Delay (ns)          Site               Resource
REG_DEL     ---     0.525    R35C53B.CLK to     R35C53B.Q0 slv_com_top_inst/slv_ctrl_top_inst/slv_rx_ctrl_inst/SLICE_5004 (from slv_com_top_inst.CLK1)
ROUTE         6     1.418     R35C53B.Q0 to     R40C54B.B1 slv_com_top_inst/slv_ctrl_top_inst/slv_rx_ctrl_inst/LA_RX[2]
CTOF_DEL    ---     0.236     R40C54B.B1 to     R40C54B.F1 slv_com_top_inst/slv_ctrl_top_inst/slv_rx_ctrl_inst/SLICE_9972
ROUTE         4     0.815     R40C54B.F1 to     R41C54D.A1 slv_com_top_inst/slv_ctrl_top_inst/slv_rx_ctrl_inst/N_296
CTOF_DEL    ---     0.236     R41C54D.A1 to     R41C54D.F1 slv_com_top_inst/slv_ctrl_top_inst/slv_rx_ctrl_inst/SLICE_9978
ROUTE         1     0.566     R41C54D.F1 to     R41C54D.A0 slv_com_top_inst/slv_ctrl_top_inst/slv_rx_ctrl_inst/un2_lweb_31_0_a2_11_0[0]
CTOF_DEL    ---     0.236     R41C54D.A0 to     R41C54D.F0 slv_com_top_inst/slv_ctrl_top_inst/slv_rx_ctrl_inst/SLICE_9978
ROUTE         1     0.602     R41C54D.F0 to     R40C54B.C0 slv_com_top_inst/slv_ctrl_top_inst/slv_rx_ctrl_inst/un2_m6_e_0
CTOF_DEL    ---     0.236     R40C54B.C0 to     R40C54B.F0 slv_com_top_inst/slv_ctrl_top_inst/slv_rx_ctrl_inst/SLICE_9972
ROUTE         1     0.193     R40C54B.F0 to     R40C54C.D0 slv_com_top_inst/slv_ctrl_top_inst/slv_rx_ctrl_inst/un2_m6_e_1
CTOF_DEL    ---     0.236     R40C54C.D0 to     R40C54C.F0 slv_com_top_inst/slv_ctrl_top_inst/slv_rx_ctrl_inst/SLICE_9971
ROUTE         1     0.602     R40C54C.F0 to     R40C53D.C1 slv_com_top_inst/slv_ctrl_top_inst/slv_rx_ctrl_inst/un2_m6_e_2
CTOF_DEL    ---     0.236     R40C53D.C1 to     R40C53D.F1 slv_com_top_inst/slv_ctrl_top_inst/slv_rx_ctrl_inst/SLICE_9965
ROUTE         1     0.566     R40C53D.F1 to     R40C53B.A0 slv_com_top_inst/slv_ctrl_top_inst/slv_rx_ctrl_inst/un2_m6_e_4
CTOF_DEL    ---     0.236     R40C53B.A0 to     R40C53B.F0 slv_com_top_inst/slv_ctrl_top_inst/slv_rx_ctrl_inst/SLICE_9970
ROUTE         1     0.413     R40C53B.F0 to     R40C54D.D1 slv_com_top_inst/slv_ctrl_top_inst/slv_rx_ctrl_inst/un2_m6_e_5
CTOF_DEL    ---     0.236     R40C54D.D1 to     R40C54D.F1 slv_com_top_inst/slv_ctrl_top_inst/slv_rx_ctrl_inst/SLICE_7963
ROUTE         1     0.566     R40C54D.F1 to     R40C54D.A0 slv_com_top_inst/slv_ctrl_top_inst/slv_rx_ctrl_inst/un2_m6_e_7
CTOF_DEL    ---     0.236     R40C54D.A0 to     R40C54D.F0 slv_com_top_inst/slv_ctrl_top_inst/slv_rx_ctrl_inst/SLICE_7963
ROUTE         1     0.382     R40C54D.F0 to     R40C54A.C0 slv_com_top_inst/slv_ctrl_top_inst/slv_rx_ctrl_inst/un2_m6_e_8
CTOF_DEL    ---     0.236     R40C54A.C0 to     R40C54A.F0 slv_com_top_inst/slv_ctrl_top_inst/slv_rx_ctrl_inst/SLICE_9969
ROUTE         1     0.957     R40C54A.F0 to     R38C54C.C1 slv_com_top_inst/slv_ctrl_top_inst/slv_rx_ctrl_inst/un2_m6_e_9
CTOF_DEL    ---     0.236     R38C54C.C1 to     R38C54C.F1 slv_com_top_inst/slv_ctrl_top_inst/slv_rx_ctrl_inst/SLICE_9963
ROUTE        40     4.075     R38C54C.F1 to     R19C17D.D1 slv_com_top_inst/slv_ctrl_top_inst/slv_rx_ctrl_inst/un2_m6_e_11
CTOF_DEL    ---     0.236     R19C17D.D1 to     R19C17D.F1 SLICE_8518
ROUTE        93     4.982     R19C17D.F1 to     R40C48B.A1 slv_com_top_inst.slv_ctrl_top_inst.slv_rx_ctrl_inst.un2_N_13_mux_1
CTOF_DEL    ---     0.236     R40C48B.A1 to     R40C48B.F1 stm07/ppmc_reg_S118M_inst/inst_ppmc_rgstr/SLICE_10083
ROUTE         5     1.563     R40C48B.F1 to     R45C49D.CE stm07/ppmc_reg_S118M_inst/inst_ppmc_rgstr/un1_sel_ctrl2_5 (to s_PLL_CLK20M)
                  --------
                   21.293   (16.9% logic, 83.1% route), 14 logic levels.

 Clock Skew Details: 

      Source Clock Path UP_CLK to slv_com_top_inst/slv_ctrl_top_inst/slv_rx_ctrl_inst/SLICE_5004:

   Name    Fanout   Delay (ns)          Site               Resource
PADI_DEL    ---     1.140         M1.PAD to       M1.PADDI UP_CLK
ROUTE         1     0.383       M1.PADDI to   PLL_BL0.CLKI UP_CLK_c
CLKI2OS3_D  ---     0.000   PLL_BL0.CLKI to PLL_BL0.CLKOS3 slv_com_top_inst/clk_gen_inst2/PLL_inst/PLLInst_0
ROUTE       379     2.137 PLL_BL0.CLKOS3 to    R35C53B.CLK slv_com_top_inst.CLK1
                  --------
                    3.660   (31.1% logic, 68.9% route), 2 logic levels.

      Source Clock f/b:

   Name    Fanout   Delay (ns)          Site               Resource
CLKFB2OP_D  ---     0.000  PLL_BL0.CLKFB to  PLL_BL0.CLKOP slv_com_top_inst/clk_gen_inst2/PLL_inst/PLLInst_0
ROUTE       173     2.237  PLL_BL0.CLKOP to  PLL_BL0.CLKFB slv_com_top_inst.CLKCOM_OUT
                  --------
                    2.237   (0.0% logic, 100.0% route), 1 logic levels.

      Destination Clock Path UP_CLK to stm07/ppmc_reg_S118M_inst/inst_ppmc_rgstr/SLICE_8872:

   Name    Fanout   Delay (ns)          Site               Resource
PADI_DEL    ---     1.140         M1.PAD to       M1.PADDI UP_CLK
ROUTE         1     0.383       M1.PADDI to   PLL_BL0.CLKI UP_CLK_c
CLKI2OS2_D  ---     0.000   PLL_BL0.CLKI to PLL_BL0.CLKOS2 slv_com_top_inst/clk_gen_inst2/PLL_inst/PLLInst_0
ROUTE       999     2.137 PLL_BL0.CLKOS2 to    R45C49D.CLK s_PLL_CLK20M
                  --------
                    3.660   (31.1% logic, 68.9% route), 2 logic levels.

      Destination Clock f/b:

   Name    Fanout   Delay (ns)          Site               Resource
CLKFB2OP_D  ---     0.000  PLL_BL0.CLKFB to  PLL_BL0.CLKOP slv_com_top_inst/clk_gen_inst2/PLL_inst/PLLInst_0
ROUTE       173     2.237  PLL_BL0.CLKOP to  PLL_BL0.CLKFB slv_com_top_inst.CLKCOM_OUT
                  --------
                    2.237   (0.0% logic, 100.0% route), 1 logic levels.


Passed: The following path meets requirements by 78.834ns

 Logical Details:  Cell type  Pin type       Cell/ASIC name  (clock net +/-)

   Source:         FF         Q              slv_com_top_inst/slv_ctrl_top_inst/slv_rx_ctrl_inst/LA[2]  (from slv_com_top_inst.CLK1 +)
   Destination:    FF         Data in        stm07/ppmc_reg_S118M_inst/inst_ppmc_rgstr/CTRL2_REG_O[4]  (to s_PLL_CLK20M +)
                   FF                        stm07/ppmc_reg_S118M_inst/inst_ppmc_rgstr/CTRL2_REG_O[3]

   Delay:              21.293ns  (16.9% logic, 83.1% route), 14 logic levels.

 Constraint Details:

     21.293ns physical path delay slv_com_top_inst/slv_ctrl_top_inst/slv_rx_ctrl_inst/SLICE_5004 to stm07/ppmc_reg_S118M_inst/inst_ppmc_rgstr/SLICE_6405 meets
    100.000ns delay constraint less
      0.000ns skew and
      0.000ns feedback compensation and
     -0.127ns CE_SET requirement (totaling 100.127ns) by 78.834ns

 Physical Path Details:

      Data path slv_com_top_inst/slv_ctrl_top_inst/slv_rx_ctrl_inst/SLICE_5004 to stm07/ppmc_reg_S118M_inst/inst_ppmc_rgstr/SLICE_6405:

   Name    Fanout   Delay (ns)          Site               Resource
REG_DEL     ---     0.525    R35C53B.CLK to     R35C53B.Q0 slv_com_top_inst/slv_ctrl_top_inst/slv_rx_ctrl_inst/SLICE_5004 (from slv_com_top_inst.CLK1)
ROUTE         6     1.418     R35C53B.Q0 to     R40C54B.B1 slv_com_top_inst/slv_ctrl_top_inst/slv_rx_ctrl_inst/LA_RX[2]
CTOF_DEL    ---     0.236     R40C54B.B1 to     R40C54B.F1 slv_com_top_inst/slv_ctrl_top_inst/slv_rx_ctrl_inst/SLICE_9972
ROUTE         4     0.815     R40C54B.F1 to     R41C54D.A1 slv_com_top_inst/slv_ctrl_top_inst/slv_rx_ctrl_inst/N_296
CTOF_DEL    ---     0.236     R41C54D.A1 to     R41C54D.F1 slv_com_top_inst/slv_ctrl_top_inst/slv_rx_ctrl_inst/SLICE_9978
ROUTE         1     0.566     R41C54D.F1 to     R41C54D.A0 slv_com_top_inst/slv_ctrl_top_inst/slv_rx_ctrl_inst/un2_lweb_31_0_a2_11_0[0]
CTOF_DEL    ---     0.236     R41C54D.A0 to     R41C54D.F0 slv_com_top_inst/slv_ctrl_top_inst/slv_rx_ctrl_inst/SLICE_9978
ROUTE         1     0.602     R41C54D.F0 to     R40C54B.C0 slv_com_top_inst/slv_ctrl_top_inst/slv_rx_ctrl_inst/un2_m6_e_0
CTOF_DEL    ---     0.236     R40C54B.C0 to     R40C54B.F0 slv_com_top_inst/slv_ctrl_top_inst/slv_rx_ctrl_inst/SLICE_9972
ROUTE         1     0.193     R40C54B.F0 to     R40C54C.D0 slv_com_top_inst/slv_ctrl_top_inst/slv_rx_ctrl_inst/un2_m6_e_1
CTOF_DEL    ---     0.236     R40C54C.D0 to     R40C54C.F0 slv_com_top_inst/slv_ctrl_top_inst/slv_rx_ctrl_inst/SLICE_9971
ROUTE         1     0.602     R40C54C.F0 to     R40C53D.C1 slv_com_top_inst/slv_ctrl_top_inst/slv_rx_ctrl_inst/un2_m6_e_2
CTOF_DEL    ---     0.236     R40C53D.C1 to     R40C53D.F1 slv_com_top_inst/slv_ctrl_top_inst/slv_rx_ctrl_inst/SLICE_9965
ROUTE         1     0.566     R40C53D.F1 to     R40C53B.A0 slv_com_top_inst/slv_ctrl_top_inst/slv_rx_ctrl_inst/un2_m6_e_4
CTOF_DEL    ---     0.236     R40C53B.A0 to     R40C53B.F0 slv_com_top_inst/slv_ctrl_top_inst/slv_rx_ctrl_inst/SLICE_9970
ROUTE         1     0.413     R40C53B.F0 to     R40C54D.D1 slv_com_top_inst/slv_ctrl_top_inst/slv_rx_ctrl_inst/un2_m6_e_5
CTOF_DEL    ---     0.236     R40C54D.D1 to     R40C54D.F1 slv_com_top_inst/slv_ctrl_top_inst/slv_rx_ctrl_inst/SLICE_7963
ROUTE         1     0.566     R40C54D.F1 to     R40C54D.A0 slv_com_top_inst/slv_ctrl_top_inst/slv_rx_ctrl_inst/un2_m6_e_7
CTOF_DEL    ---     0.236     R40C54D.A0 to     R40C54D.F0 slv_com_top_inst/slv_ctrl_top_inst/slv_rx_ctrl_inst/SLICE_7963
ROUTE         1     0.382     R40C54D.F0 to     R40C54A.C0 slv_com_top_inst/slv_ctrl_top_inst/slv_rx_ctrl_inst/un2_m6_e_8
CTOF_DEL    ---     0.236     R40C54A.C0 to     R40C54A.F0 slv_com_top_inst/slv_ctrl_top_inst/slv_rx_ctrl_inst/SLICE_9969
ROUTE         1     0.957     R40C54A.F0 to     R38C54C.C1 slv_com_top_inst/slv_ctrl_top_inst/slv_rx_ctrl_inst/un2_m6_e_9
CTOF_DEL    ---     0.236     R38C54C.C1 to     R38C54C.F1 slv_com_top_inst/slv_ctrl_top_inst/slv_rx_ctrl_inst/SLICE_9963
ROUTE        40     4.075     R38C54C.F1 to     R19C17D.D1 slv_com_top_inst/slv_ctrl_top_inst/slv_rx_ctrl_inst/un2_m6_e_11
CTOF_DEL    ---     0.236     R19C17D.D1 to     R19C17D.F1 SLICE_8518
ROUTE        93     4.982     R19C17D.F1 to     R40C48B.A1 slv_com_top_inst.slv_ctrl_top_inst.slv_rx_ctrl_inst.un2_N_13_mux_1
CTOF_DEL    ---     0.236     R40C48B.A1 to     R40C48B.F1 stm07/ppmc_reg_S118M_inst/inst_ppmc_rgstr/SLICE_10083
ROUTE         5     1.563     R40C48B.F1 to     R45C49B.CE stm07/ppmc_reg_S118M_inst/inst_ppmc_rgstr/un1_sel_ctrl2_5 (to s_PLL_CLK20M)
                  --------
                   21.293   (16.9% logic, 83.1% route), 14 logic levels.

 Clock Skew Details: 

      Source Clock Path UP_CLK to slv_com_top_inst/slv_ctrl_top_inst/slv_rx_ctrl_inst/SLICE_5004:

   Name    Fanout   Delay (ns)          Site               Resource
PADI_DEL    ---     1.140         M1.PAD to       M1.PADDI UP_CLK
ROUTE         1     0.383       M1.PADDI to   PLL_BL0.CLKI UP_CLK_c
CLKI2OS3_D  ---     0.000   PLL_BL0.CLKI to PLL_BL0.CLKOS3 slv_com_top_inst/clk_gen_inst2/PLL_inst/PLLInst_0
ROUTE       379     2.137 PLL_BL0.CLKOS3 to    R35C53B.CLK slv_com_top_inst.CLK1
                  --------
                    3.660   (31.1% logic, 68.9% route), 2 logic levels.

      Source Clock f/b:

   Name    Fanout   Delay (ns)          Site               Resource
CLKFB2OP_D  ---     0.000  PLL_BL0.CLKFB to  PLL_BL0.CLKOP slv_com_top_inst/clk_gen_inst2/PLL_inst/PLLInst_0
ROUTE       173     2.237  PLL_BL0.CLKOP to  PLL_BL0.CLKFB slv_com_top_inst.CLKCOM_OUT
                  --------
                    2.237   (0.0% logic, 100.0% route), 1 logic levels.

      Destination Clock Path UP_CLK to stm07/ppmc_reg_S118M_inst/inst_ppmc_rgstr/SLICE_6405:

   Name    Fanout   Delay (ns)          Site               Resource
PADI_DEL    ---     1.140         M1.PAD to       M1.PADDI UP_CLK
ROUTE         1     0.383       M1.PADDI to   PLL_BL0.CLKI UP_CLK_c
CLKI2OS2_D  ---     0.000   PLL_BL0.CLKI to PLL_BL0.CLKOS2 slv_com_top_inst/clk_gen_inst2/PLL_inst/PLLInst_0
ROUTE       999     2.137 PLL_BL0.CLKOS2 to    R45C49B.CLK s_PLL_CLK20M
                  --------
                    3.660   (31.1% logic, 68.9% route), 2 logic levels.

      Destination Clock f/b:

   Name    Fanout   Delay (ns)          Site               Resource
CLKFB2OP_D  ---     0.000  PLL_BL0.CLKFB to  PLL_BL0.CLKOP slv_com_top_inst/clk_gen_inst2/PLL_inst/PLLInst_0
ROUTE       173     2.237  PLL_BL0.CLKOP to  PLL_BL0.CLKFB slv_com_top_inst.CLKCOM_OUT
                  --------
                    2.237   (0.0% logic, 100.0% route), 1 logic levels.


Passed: The following path meets requirements by 78.834ns

 Logical Details:  Cell type  Pin type       Cell/ASIC name  (clock net +/-)

   Source:         FF         Q              slv_com_top_inst/slv_ctrl_top_inst/slv_rx_ctrl_inst/LA[2]  (from slv_com_top_inst.CLK1 +)
   Destination:    FF         Data in        stm07/ppmc_reg_S118M_inst/inst_ppmc_rgstr/CTRL2_REG_O[6]  (to s_PLL_CLK20M +)
                   FF                        stm07/ppmc_reg_S118M_inst/inst_ppmc_rgstr/CTRL2_REG_O[5]

   Delay:              21.293ns  (16.9% logic, 83.1% route), 14 logic levels.

 Constraint Details:

     21.293ns physical path delay slv_com_top_inst/slv_ctrl_top_inst/slv_rx_ctrl_inst/SLICE_5004 to stm07/ppmc_reg_S118M_inst/inst_ppmc_rgstr/SLICE_6406 meets
    100.000ns delay constraint less
      0.000ns skew and
      0.000ns feedback compensation and
     -0.127ns CE_SET requirement (totaling 100.127ns) by 78.834ns

 Physical Path Details:

      Data path slv_com_top_inst/slv_ctrl_top_inst/slv_rx_ctrl_inst/SLICE_5004 to stm07/ppmc_reg_S118M_inst/inst_ppmc_rgstr/SLICE_6406:

   Name    Fanout   Delay (ns)          Site               Resource
REG_DEL     ---     0.525    R35C53B.CLK to     R35C53B.Q0 slv_com_top_inst/slv_ctrl_top_inst/slv_rx_ctrl_inst/SLICE_5004 (from slv_com_top_inst.CLK1)
ROUTE         6     1.418     R35C53B.Q0 to     R40C54B.B1 slv_com_top_inst/slv_ctrl_top_inst/slv_rx_ctrl_inst/LA_RX[2]
CTOF_DEL    ---     0.236     R40C54B.B1 to     R40C54B.F1 slv_com_top_inst/slv_ctrl_top_inst/slv_rx_ctrl_inst/SLICE_9972
ROUTE         4     0.815     R40C54B.F1 to     R41C54D.A1 slv_com_top_inst/slv_ctrl_top_inst/slv_rx_ctrl_inst/N_296
CTOF_DEL    ---     0.236     R41C54D.A1 to     R41C54D.F1 slv_com_top_inst/slv_ctrl_top_inst/slv_rx_ctrl_inst/SLICE_9978
ROUTE         1     0.566     R41C54D.F1 to     R41C54D.A0 slv_com_top_inst/slv_ctrl_top_inst/slv_rx_ctrl_inst/un2_lweb_31_0_a2_11_0[0]
CTOF_DEL    ---     0.236     R41C54D.A0 to     R41C54D.F0 slv_com_top_inst/slv_ctrl_top_inst/slv_rx_ctrl_inst/SLICE_9978
ROUTE         1     0.602     R41C54D.F0 to     R40C54B.C0 slv_com_top_inst/slv_ctrl_top_inst/slv_rx_ctrl_inst/un2_m6_e_0
CTOF_DEL    ---     0.236     R40C54B.C0 to     R40C54B.F0 slv_com_top_inst/slv_ctrl_top_inst/slv_rx_ctrl_inst/SLICE_9972
ROUTE         1     0.193     R40C54B.F0 to     R40C54C.D0 slv_com_top_inst/slv_ctrl_top_inst/slv_rx_ctrl_inst/un2_m6_e_1
CTOF_DEL    ---     0.236     R40C54C.D0 to     R40C54C.F0 slv_com_top_inst/slv_ctrl_top_inst/slv_rx_ctrl_inst/SLICE_9971
ROUTE         1     0.602     R40C54C.F0 to     R40C53D.C1 slv_com_top_inst/slv_ctrl_top_inst/slv_rx_ctrl_inst/un2_m6_e_2
CTOF_DEL    ---     0.236     R40C53D.C1 to     R40C53D.F1 slv_com_top_inst/slv_ctrl_top_inst/slv_rx_ctrl_inst/SLICE_9965
ROUTE         1     0.566     R40C53D.F1 to     R40C53B.A0 slv_com_top_inst/slv_ctrl_top_inst/slv_rx_ctrl_inst/un2_m6_e_4
CTOF_DEL    ---     0.236     R40C53B.A0 to     R40C53B.F0 slv_com_top_inst/slv_ctrl_top_inst/slv_rx_ctrl_inst/SLICE_9970
ROUTE         1     0.413     R40C53B.F0 to     R40C54D.D1 slv_com_top_inst/slv_ctrl_top_inst/slv_rx_ctrl_inst/un2_m6_e_5
CTOF_DEL    ---     0.236     R40C54D.D1 to     R40C54D.F1 slv_com_top_inst/slv_ctrl_top_inst/slv_rx_ctrl_inst/SLICE_7963
ROUTE         1     0.566     R40C54D.F1 to     R40C54D.A0 slv_com_top_inst/slv_ctrl_top_inst/slv_rx_ctrl_inst/un2_m6_e_7
CTOF_DEL    ---     0.236     R40C54D.A0 to     R40C54D.F0 slv_com_top_inst/slv_ctrl_top_inst/slv_rx_ctrl_inst/SLICE_7963
ROUTE         1     0.382     R40C54D.F0 to     R40C54A.C0 slv_com_top_inst/slv_ctrl_top_inst/slv_rx_ctrl_inst/un2_m6_e_8
CTOF_DEL    ---     0.236     R40C54A.C0 to     R40C54A.F0 slv_com_top_inst/slv_ctrl_top_inst/slv_rx_ctrl_inst/SLICE_9969
ROUTE         1     0.957     R40C54A.F0 to     R38C54C.C1 slv_com_top_inst/slv_ctrl_top_inst/slv_rx_ctrl_inst/un2_m6_e_9
CTOF_DEL    ---     0.236     R38C54C.C1 to     R38C54C.F1 slv_com_top_inst/slv_ctrl_top_inst/slv_rx_ctrl_inst/SLICE_9963
ROUTE        40     4.075     R38C54C.F1 to     R19C17D.D1 slv_com_top_inst/slv_ctrl_top_inst/slv_rx_ctrl_inst/un2_m6_e_11
CTOF_DEL    ---     0.236     R19C17D.D1 to     R19C17D.F1 SLICE_8518
ROUTE        93     4.982     R19C17D.F1 to     R40C48B.A1 slv_com_top_inst.slv_ctrl_top_inst.slv_rx_ctrl_inst.un2_N_13_mux_1
CTOF_DEL    ---     0.236     R40C48B.A1 to     R40C48B.F1 stm07/ppmc_reg_S118M_inst/inst_ppmc_rgstr/SLICE_10083
ROUTE         5     1.563     R40C48B.F1 to     R45C50B.CE stm07/ppmc_reg_S118M_inst/inst_ppmc_rgstr/un1_sel_ctrl2_5 (to s_PLL_CLK20M)
                  --------
                   21.293   (16.9% logic, 83.1% route), 14 logic levels.

 Clock Skew Details: 

      Source Clock Path UP_CLK to slv_com_top_inst/slv_ctrl_top_inst/slv_rx_ctrl_inst/SLICE_5004:

   Name    Fanout   Delay (ns)          Site               Resource
PADI_DEL    ---     1.140         M1.PAD to       M1.PADDI UP_CLK
ROUTE         1     0.383       M1.PADDI to   PLL_BL0.CLKI UP_CLK_c
CLKI2OS3_D  ---     0.000   PLL_BL0.CLKI to PLL_BL0.CLKOS3 slv_com_top_inst/clk_gen_inst2/PLL_inst/PLLInst_0
ROUTE       379     2.137 PLL_BL0.CLKOS3 to    R35C53B.CLK slv_com_top_inst.CLK1
                  --------
                    3.660   (31.1% logic, 68.9% route), 2 logic levels.

      Source Clock f/b:

   Name    Fanout   Delay (ns)          Site               Resource
CLKFB2OP_D  ---     0.000  PLL_BL0.CLKFB to  PLL_BL0.CLKOP slv_com_top_inst/clk_gen_inst2/PLL_inst/PLLInst_0
ROUTE       173     2.237  PLL_BL0.CLKOP to  PLL_BL0.CLKFB slv_com_top_inst.CLKCOM_OUT
                  --------
                    2.237   (0.0% logic, 100.0% route), 1 logic levels.

      Destination Clock Path UP_CLK to stm07/ppmc_reg_S118M_inst/inst_ppmc_rgstr/SLICE_6406:

   Name    Fanout   Delay (ns)          Site               Resource
PADI_DEL    ---     1.140         M1.PAD to       M1.PADDI UP_CLK
ROUTE         1     0.383       M1.PADDI to   PLL_BL0.CLKI UP_CLK_c
CLKI2OS2_D  ---     0.000   PLL_BL0.CLKI to PLL_BL0.CLKOS2 slv_com_top_inst/clk_gen_inst2/PLL_inst/PLLInst_0
ROUTE       999     2.137 PLL_BL0.CLKOS2 to    R45C50B.CLK s_PLL_CLK20M
                  --------
                    3.660   (31.1% logic, 68.9% route), 2 logic levels.

      Destination Clock f/b:

   Name    Fanout   Delay (ns)          Site               Resource
CLKFB2OP_D  ---     0.000  PLL_BL0.CLKFB to  PLL_BL0.CLKOP slv_com_top_inst/clk_gen_inst2/PLL_inst/PLLInst_0
ROUTE       173     2.237  PLL_BL0.CLKOP to  PLL_BL0.CLKFB slv_com_top_inst.CLKCOM_OUT
                  --------
                    2.237   (0.0% logic, 100.0% route), 1 logic levels.


Passed: The following path meets requirements by 78.834ns

 Logical Details:  Cell type  Pin type       Cell/ASIC name  (clock net +/-)

   Source:         FF         Q              slv_com_top_inst/slv_ctrl_top_inst/slv_rx_ctrl_inst/LA[2]  (from slv_com_top_inst.CLK1 +)
   Destination:    FF         Data in        stm07/ppmc_reg_S118M_inst/inst_ppmc_rgstr/CTRL2_REG_O[0]  (to s_PLL_CLK20M +)

   Delay:              21.293ns  (16.9% logic, 83.1% route), 14 logic levels.

 Constraint Details:

     21.293ns physical path delay slv_com_top_inst/slv_ctrl_top_inst/slv_rx_ctrl_inst/SLICE_5004 to stm07/SLICE_8886 meets
    100.000ns delay constraint less
      0.000ns skew and
      0.000ns feedback compensation and
     -0.127ns CE_SET requirement (totaling 100.127ns) by 78.834ns

 Physical Path Details:

      Data path slv_com_top_inst/slv_ctrl_top_inst/slv_rx_ctrl_inst/SLICE_5004 to stm07/SLICE_8886:

   Name    Fanout   Delay (ns)          Site               Resource
REG_DEL     ---     0.525    R35C53B.CLK to     R35C53B.Q0 slv_com_top_inst/slv_ctrl_top_inst/slv_rx_ctrl_inst/SLICE_5004 (from slv_com_top_inst.CLK1)
ROUTE         6     1.418     R35C53B.Q0 to     R40C54B.B1 slv_com_top_inst/slv_ctrl_top_inst/slv_rx_ctrl_inst/LA_RX[2]
CTOF_DEL    ---     0.236     R40C54B.B1 to     R40C54B.F1 slv_com_top_inst/slv_ctrl_top_inst/slv_rx_ctrl_inst/SLICE_9972
ROUTE         4     0.815     R40C54B.F1 to     R41C54D.A1 slv_com_top_inst/slv_ctrl_top_inst/slv_rx_ctrl_inst/N_296
CTOF_DEL    ---     0.236     R41C54D.A1 to     R41C54D.F1 slv_com_top_inst/slv_ctrl_top_inst/slv_rx_ctrl_inst/SLICE_9978
ROUTE         1     0.566     R41C54D.F1 to     R41C54D.A0 slv_com_top_inst/slv_ctrl_top_inst/slv_rx_ctrl_inst/un2_lweb_31_0_a2_11_0[0]
CTOF_DEL    ---     0.236     R41C54D.A0 to     R41C54D.F0 slv_com_top_inst/slv_ctrl_top_inst/slv_rx_ctrl_inst/SLICE_9978
ROUTE         1     0.602     R41C54D.F0 to     R40C54B.C0 slv_com_top_inst/slv_ctrl_top_inst/slv_rx_ctrl_inst/un2_m6_e_0
CTOF_DEL    ---     0.236     R40C54B.C0 to     R40C54B.F0 slv_com_top_inst/slv_ctrl_top_inst/slv_rx_ctrl_inst/SLICE_9972
ROUTE         1     0.193     R40C54B.F0 to     R40C54C.D0 slv_com_top_inst/slv_ctrl_top_inst/slv_rx_ctrl_inst/un2_m6_e_1
CTOF_DEL    ---     0.236     R40C54C.D0 to     R40C54C.F0 slv_com_top_inst/slv_ctrl_top_inst/slv_rx_ctrl_inst/SLICE_9971
ROUTE         1     0.602     R40C54C.F0 to     R40C53D.C1 slv_com_top_inst/slv_ctrl_top_inst/slv_rx_ctrl_inst/un2_m6_e_2
CTOF_DEL    ---     0.236     R40C53D.C1 to     R40C53D.F1 slv_com_top_inst/slv_ctrl_top_inst/slv_rx_ctrl_inst/SLICE_9965
ROUTE         1     0.566     R40C53D.F1 to     R40C53B.A0 slv_com_top_inst/slv_ctrl_top_inst/slv_rx_ctrl_inst/un2_m6_e_4
CTOF_DEL    ---     0.236     R40C53B.A0 to     R40C53B.F0 slv_com_top_inst/slv_ctrl_top_inst/slv_rx_ctrl_inst/SLICE_9970
ROUTE         1     0.413     R40C53B.F0 to     R40C54D.D1 slv_com_top_inst/slv_ctrl_top_inst/slv_rx_ctrl_inst/un2_m6_e_5
CTOF_DEL    ---     0.236     R40C54D.D1 to     R40C54D.F1 slv_com_top_inst/slv_ctrl_top_inst/slv_rx_ctrl_inst/SLICE_7963
ROUTE         1     0.566     R40C54D.F1 to     R40C54D.A0 slv_com_top_inst/slv_ctrl_top_inst/slv_rx_ctrl_inst/un2_m6_e_7
CTOF_DEL    ---     0.236     R40C54D.A0 to     R40C54D.F0 slv_com_top_inst/slv_ctrl_top_inst/slv_rx_ctrl_inst/SLICE_7963
ROUTE         1     0.382     R40C54D.F0 to     R40C54A.C0 slv_com_top_inst/slv_ctrl_top_inst/slv_rx_ctrl_inst/un2_m6_e_8
CTOF_DEL    ---     0.236     R40C54A.C0 to     R40C54A.F0 slv_com_top_inst/slv_ctrl_top_inst/slv_rx_ctrl_inst/SLICE_9969
ROUTE         1     0.957     R40C54A.F0 to     R38C54C.C1 slv_com_top_inst/slv_ctrl_top_inst/slv_rx_ctrl_inst/un2_m6_e_9
CTOF_DEL    ---     0.236     R38C54C.C1 to     R38C54C.F1 slv_com_top_inst/slv_ctrl_top_inst/slv_rx_ctrl_inst/SLICE_9963
ROUTE        40     4.075     R38C54C.F1 to     R19C17D.D1 slv_com_top_inst/slv_ctrl_top_inst/slv_rx_ctrl_inst/un2_m6_e_11
CTOF_DEL    ---     0.236     R19C17D.D1 to     R19C17D.F1 SLICE_8518
ROUTE        93     4.982     R19C17D.F1 to     R40C48B.A1 slv_com_top_inst.slv_ctrl_top_inst.slv_rx_ctrl_inst.un2_N_13_mux_1
CTOF_DEL    ---     0.236     R40C48B.A1 to     R40C48B.F1 stm07/ppmc_reg_S118M_inst/inst_ppmc_rgstr/SLICE_10083
ROUTE         5     1.563     R40C48B.F1 to     R45C50C.CE stm07/ppmc_reg_S118M_inst/inst_ppmc_rgstr/un1_sel_ctrl2_5 (to s_PLL_CLK20M)
                  --------
                   21.293   (16.9% logic, 83.1% route), 14 logic levels.

 Clock Skew Details: 

      Source Clock Path UP_CLK to slv_com_top_inst/slv_ctrl_top_inst/slv_rx_ctrl_inst/SLICE_5004:

   Name    Fanout   Delay (ns)          Site               Resource
PADI_DEL    ---     1.140         M1.PAD to       M1.PADDI UP_CLK
ROUTE         1     0.383       M1.PADDI to   PLL_BL0.CLKI UP_CLK_c
CLKI2OS3_D  ---     0.000   PLL_BL0.CLKI to PLL_BL0.CLKOS3 slv_com_top_inst/clk_gen_inst2/PLL_inst/PLLInst_0
ROUTE       379     2.137 PLL_BL0.CLKOS3 to    R35C53B.CLK slv_com_top_inst.CLK1
                  --------
                    3.660   (31.1% logic, 68.9% route), 2 logic levels.

      Source Clock f/b:

   Name    Fanout   Delay (ns)          Site               Resource
CLKFB2OP_D  ---     0.000  PLL_BL0.CLKFB to  PLL_BL0.CLKOP slv_com_top_inst/clk_gen_inst2/PLL_inst/PLLInst_0
ROUTE       173     2.237  PLL_BL0.CLKOP to  PLL_BL0.CLKFB slv_com_top_inst.CLKCOM_OUT
                  --------
                    2.237   (0.0% logic, 100.0% route), 1 logic levels.

      Destination Clock Path UP_CLK to stm07/SLICE_8886:

   Name    Fanout   Delay (ns)          Site               Resource
PADI_DEL    ---     1.140         M1.PAD to       M1.PADDI UP_CLK
ROUTE         1     0.383       M1.PADDI to   PLL_BL0.CLKI UP_CLK_c
CLKI2OS2_D  ---     0.000   PLL_BL0.CLKI to PLL_BL0.CLKOS2 slv_com_top_inst/clk_gen_inst2/PLL_inst/PLLInst_0
ROUTE       999     2.137 PLL_BL0.CLKOS2 to    R45C50C.CLK s_PLL_CLK20M
                  --------
                    3.660   (31.1% logic, 68.9% route), 2 logic levels.

      Destination Clock f/b:

   Name    Fanout   Delay (ns)          Site               Resource
CLKFB2OP_D  ---     0.000  PLL_BL0.CLKFB to  PLL_BL0.CLKOP slv_com_top_inst/clk_gen_inst2/PLL_inst/PLLInst_0
ROUTE       173     2.237  PLL_BL0.CLKOP to  PLL_BL0.CLKFB slv_com_top_inst.CLKCOM_OUT
                  --------
                    2.237   (0.0% logic, 100.0% route), 1 logic levels.


Passed: The following path meets requirements by 78.861ns

 Logical Details:  Cell type  Pin type       Cell/ASIC name  (clock net +/-)

   Source:         FF         Q              slv_com_top_inst/slv_ctrl_top_inst/slv_rx_ctrl_inst/LA[2]  (from slv_com_top_inst.CLK1 +)
   Destination:    FF         Data in        stm07/ppmc_reg_S118M_inst/inst_ppmc_rgstr/PULSE_REG_O[7]  (to s_PLL_CLK20M +)
                   FF                        stm07/ppmc_reg_S118M_inst/inst_ppmc_rgstr/PULSE_REG_O[6]

   Delay:              21.266ns  (16.9% logic, 83.1% route), 14 logic levels.

 Constraint Details:

     21.266ns physical path delay slv_com_top_inst/slv_ctrl_top_inst/slv_rx_ctrl_inst/SLICE_5004 to stm07/ppmc_reg_S118M_inst/inst_ppmc_rgstr/SLICE_6510 meets
    100.000ns delay constraint less
      0.000ns skew and
      0.000ns feedback compensation and
     -0.127ns CE_SET requirement (totaling 100.127ns) by 78.861ns

 Physical Path Details:

      Data path slv_com_top_inst/slv_ctrl_top_inst/slv_rx_ctrl_inst/SLICE_5004 to stm07/ppmc_reg_S118M_inst/inst_ppmc_rgstr/SLICE_6510:

   Name    Fanout   Delay (ns)          Site               Resource
REG_DEL     ---     0.525    R35C53B.CLK to     R35C53B.Q0 slv_com_top_inst/slv_ctrl_top_inst/slv_rx_ctrl_inst/SLICE_5004 (from slv_com_top_inst.CLK1)
ROUTE         6     1.418     R35C53B.Q0 to     R40C54B.B1 slv_com_top_inst/slv_ctrl_top_inst/slv_rx_ctrl_inst/LA_RX[2]
CTOF_DEL    ---     0.236     R40C54B.B1 to     R40C54B.F1 slv_com_top_inst/slv_ctrl_top_inst/slv_rx_ctrl_inst/SLICE_9972
ROUTE         4     0.815     R40C54B.F1 to     R41C54D.A1 slv_com_top_inst/slv_ctrl_top_inst/slv_rx_ctrl_inst/N_296
CTOF_DEL    ---     0.236     R41C54D.A1 to     R41C54D.F1 slv_com_top_inst/slv_ctrl_top_inst/slv_rx_ctrl_inst/SLICE_9978
ROUTE         1     0.566     R41C54D.F1 to     R41C54D.A0 slv_com_top_inst/slv_ctrl_top_inst/slv_rx_ctrl_inst/un2_lweb_31_0_a2_11_0[0]
CTOF_DEL    ---     0.236     R41C54D.A0 to     R41C54D.F0 slv_com_top_inst/slv_ctrl_top_inst/slv_rx_ctrl_inst/SLICE_9978
ROUTE         1     0.602     R41C54D.F0 to     R40C54B.C0 slv_com_top_inst/slv_ctrl_top_inst/slv_rx_ctrl_inst/un2_m6_e_0
CTOF_DEL    ---     0.236     R40C54B.C0 to     R40C54B.F0 slv_com_top_inst/slv_ctrl_top_inst/slv_rx_ctrl_inst/SLICE_9972
ROUTE         1     0.193     R40C54B.F0 to     R40C54C.D0 slv_com_top_inst/slv_ctrl_top_inst/slv_rx_ctrl_inst/un2_m6_e_1
CTOF_DEL    ---     0.236     R40C54C.D0 to     R40C54C.F0 slv_com_top_inst/slv_ctrl_top_inst/slv_rx_ctrl_inst/SLICE_9971
ROUTE         1     0.602     R40C54C.F0 to     R40C53D.C1 slv_com_top_inst/slv_ctrl_top_inst/slv_rx_ctrl_inst/un2_m6_e_2
CTOF_DEL    ---     0.236     R40C53D.C1 to     R40C53D.F1 slv_com_top_inst/slv_ctrl_top_inst/slv_rx_ctrl_inst/SLICE_9965
ROUTE         1     0.566     R40C53D.F1 to     R40C53B.A0 slv_com_top_inst/slv_ctrl_top_inst/slv_rx_ctrl_inst/un2_m6_e_4
CTOF_DEL    ---     0.236     R40C53B.A0 to     R40C53B.F0 slv_com_top_inst/slv_ctrl_top_inst/slv_rx_ctrl_inst/SLICE_9970
ROUTE         1     0.413     R40C53B.F0 to     R40C54D.D1 slv_com_top_inst/slv_ctrl_top_inst/slv_rx_ctrl_inst/un2_m6_e_5
CTOF_DEL    ---     0.236     R40C54D.D1 to     R40C54D.F1 slv_com_top_inst/slv_ctrl_top_inst/slv_rx_ctrl_inst/SLICE_7963
ROUTE         1     0.566     R40C54D.F1 to     R40C54D.A0 slv_com_top_inst/slv_ctrl_top_inst/slv_rx_ctrl_inst/un2_m6_e_7
CTOF_DEL    ---     0.236     R40C54D.A0 to     R40C54D.F0 slv_com_top_inst/slv_ctrl_top_inst/slv_rx_ctrl_inst/SLICE_7963
ROUTE         1     0.382     R40C54D.F0 to     R40C54A.C0 slv_com_top_inst/slv_ctrl_top_inst/slv_rx_ctrl_inst/un2_m6_e_8
CTOF_DEL    ---     0.236     R40C54A.C0 to     R40C54A.F0 slv_com_top_inst/slv_ctrl_top_inst/slv_rx_ctrl_inst/SLICE_9969
ROUTE         1     0.957     R40C54A.F0 to     R38C54C.C1 slv_com_top_inst/slv_ctrl_top_inst/slv_rx_ctrl_inst/un2_m6_e_9
CTOF_DEL    ---     0.236     R38C54C.C1 to     R38C54C.F1 slv_com_top_inst/slv_ctrl_top_inst/slv_rx_ctrl_inst/SLICE_9963
ROUTE        40     4.075     R38C54C.F1 to     R19C17D.D1 slv_com_top_inst/slv_ctrl_top_inst/slv_rx_ctrl_inst/un2_m6_e_11
CTOF_DEL    ---     0.236     R19C17D.D1 to     R19C17D.F1 SLICE_8518
ROUTE        93     5.171     R19C17D.F1 to     R40C47B.B0 slv_com_top_inst.slv_ctrl_top_inst.slv_rx_ctrl_inst.un2_N_13_mux_1
CTOF_DEL    ---     0.236     R40C47B.B0 to     R40C47B.F0 stm07/ppmc_reg_S118M_inst/inst_ppmc_rgstr/SLICE_10082
ROUTE         4     1.347     R40C47B.F0 to     R42C53C.CE stm07/ppmc_reg_S118M_inst/inst_ppmc_rgstr/un1_sel_pls_l_5 (to s_PLL_CLK20M)
                  --------
                   21.266   (16.9% logic, 83.1% route), 14 logic levels.

 Clock Skew Details: 

      Source Clock Path UP_CLK to slv_com_top_inst/slv_ctrl_top_inst/slv_rx_ctrl_inst/SLICE_5004:

   Name    Fanout   Delay (ns)          Site               Resource
PADI_DEL    ---     1.140         M1.PAD to       M1.PADDI UP_CLK
ROUTE         1     0.383       M1.PADDI to   PLL_BL0.CLKI UP_CLK_c
CLKI2OS3_D  ---     0.000   PLL_BL0.CLKI to PLL_BL0.CLKOS3 slv_com_top_inst/clk_gen_inst2/PLL_inst/PLLInst_0
ROUTE       379     2.137 PLL_BL0.CLKOS3 to    R35C53B.CLK slv_com_top_inst.CLK1
                  --------
                    3.660   (31.1% logic, 68.9% route), 2 logic levels.

      Source Clock f/b:

   Name    Fanout   Delay (ns)          Site               Resource
CLKFB2OP_D  ---     0.000  PLL_BL0.CLKFB to  PLL_BL0.CLKOP slv_com_top_inst/clk_gen_inst2/PLL_inst/PLLInst_0
ROUTE       173     2.237  PLL_BL0.CLKOP to  PLL_BL0.CLKFB slv_com_top_inst.CLKCOM_OUT
                  --------
                    2.237   (0.0% logic, 100.0% route), 1 logic levels.

      Destination Clock Path UP_CLK to stm07/ppmc_reg_S118M_inst/inst_ppmc_rgstr/SLICE_6510:

   Name    Fanout   Delay (ns)          Site               Resource
PADI_DEL    ---     1.140         M1.PAD to       M1.PADDI UP_CLK
ROUTE         1     0.383       M1.PADDI to   PLL_BL0.CLKI UP_CLK_c
CLKI2OS2_D  ---     0.000   PLL_BL0.CLKI to PLL_BL0.CLKOS2 slv_com_top_inst/clk_gen_inst2/PLL_inst/PLLInst_0
ROUTE       999     2.137 PLL_BL0.CLKOS2 to    R42C53C.CLK s_PLL_CLK20M
                  --------
                    3.660   (31.1% logic, 68.9% route), 2 logic levels.

      Destination Clock f/b:

   Name    Fanout   Delay (ns)          Site               Resource
CLKFB2OP_D  ---     0.000  PLL_BL0.CLKFB to  PLL_BL0.CLKOP slv_com_top_inst/clk_gen_inst2/PLL_inst/PLLInst_0
ROUTE       173     2.237  PLL_BL0.CLKOP to  PLL_BL0.CLKFB slv_com_top_inst.CLKCOM_OUT
                  --------
                    2.237   (0.0% logic, 100.0% route), 1 logic levels.


================================================================================
Preference: BLOCK PATH FROM CLKNET "s_PLL_CLK20M" TO CLKNET "slv_com_top_inst.CLKCOM_OUT" ;
            0 items scored.
--------------------------------------------------------------------------------


================================================================================
Preference: BLOCK PATH FROM CLKNET "s_PLL_CLK20M" TO CLKNET "slv_com_top_inst/CLK2A" ;
            0 items scored.
--------------------------------------------------------------------------------


================================================================================
Preference: BLOCK PATH FROM CLKNET "slv_com_top_inst.CLKCOM_OUT" TO CLKNET "s_PLL_CLK20M" ;
            0 items scored.
--------------------------------------------------------------------------------


================================================================================
Preference: BLOCK PATH FROM CLKNET "slv_com_top_inst/CLK2A" TO CLKNET "s_PLL_CLK20M" ;
            0 items scored.
--------------------------------------------------------------------------------


================================================================================
Preference: MULTICYCLE FROM CLKNET "slv_com_top_inst.CLK1" TO CLKNET "slv_com_top_inst.CLKCOM_OUT" 10.000000 X ;
            228 items scored, 0 timing errors detected.
--------------------------------------------------------------------------------


Passed: The following path meets requirements by 92.534ns

 Logical Details:  Cell type  Pin type       Cell/ASIC name  (clock net +/-)

   Source:         DP16KD     Port           slv_com_top_inst/tx_com_inst/tx_cont_b1_inst/tx_dcfifo1_48_inst/pdp_ram_0_0_0(ASIC)  (from slv_com_top_inst.CLK1 +)
   Destination:    FF         Data in        slv_com_top_inst/tx_com_inst/tx_cont_b1_inst/crc_gen_inst/ps_dt[4]  (to slv_com_top_inst.CLKCOM_OUT +)

   Delay:               7.626ns  (79.5% logic, 20.5% route), 2 logic levels.

 Constraint Details:

      7.626ns physical path delay slv_com_top_inst/tx_com_inst/tx_cont_b1_inst/tx_dcfifo1_48_inst/pdp_ram_0_0_0 to slv_com_top_inst/tx_com_inst/tx_cont_b1_inst/crc_gen_inst/SLICE_5110 meets
    100.000ns delay constraint less
      0.100ns skew and
      0.000ns feedback compensation and
     -0.260ns DIN_SET requirement (totaling 100.160ns) by 92.534ns

 Physical Path Details:

      Data path slv_com_top_inst/tx_com_inst/tx_cont_b1_inst/tx_dcfifo1_48_inst/pdp_ram_0_0_0 to slv_com_top_inst/tx_com_inst/tx_cont_b1_inst/crc_gen_inst/SLICE_5110:

   Name    Fanout   Delay (ns)          Site               Resource
C2Q_DEL     ---     5.830 *R_R37C62.CLKB to *R_R37C62.DOB4 slv_com_top_inst/tx_com_inst/tx_cont_b1_inst/tx_dcfifo1_48_inst/pdp_ram_0_0_0 (from slv_com_top_inst.CLK1)
ROUTE         4     1.560 *R_R37C62.DOB4 to     R36C64D.A0 slv_com_top_inst/tx_com_inst/tx_cont_b1_inst/TXD_Q[4]
CTOF_DEL    ---     0.236     R36C64D.A0 to     R36C64D.F0 slv_com_top_inst/tx_com_inst/tx_cont_b1_inst/crc_gen_inst/SLICE_5110
ROUTE         1     0.000     R36C64D.F0 to    R36C64D.DI0 slv_com_top_inst/tx_com_inst/tx_cont_b1_inst/crc_gen_inst/ps_dt_11[4] (to slv_com_top_inst.CLKCOM_OUT)
                  --------
                    7.626   (79.5% logic, 20.5% route), 2 logic levels.

 Clock Skew Details: 

      Source Clock Path UP_CLK to slv_com_top_inst/tx_com_inst/tx_cont_b1_inst/tx_dcfifo1_48_inst/pdp_ram_0_0_0:

   Name    Fanout   Delay (ns)          Site               Resource
PADI_DEL    ---     1.140         M1.PAD to       M1.PADDI UP_CLK
ROUTE         1     0.383       M1.PADDI to   PLL_BL0.CLKI UP_CLK_c
CLKI2OS3_D  ---     0.000   PLL_BL0.CLKI to PLL_BL0.CLKOS3 slv_com_top_inst/clk_gen_inst2/PLL_inst/PLLInst_0
ROUTE       379     2.237 PLL_BL0.CLKOS3 to *R_R37C62.CLKB slv_com_top_inst.CLK1
                  --------
                    3.760   (30.3% logic, 69.7% route), 2 logic levels.

      Source Clock f/b:

   Name    Fanout   Delay (ns)          Site               Resource
CLKFB2OP_D  ---     0.000  PLL_BL0.CLKFB to  PLL_BL0.CLKOP slv_com_top_inst/clk_gen_inst2/PLL_inst/PLLInst_0
ROUTE       173     2.237  PLL_BL0.CLKOP to  PLL_BL0.CLKFB slv_com_top_inst.CLKCOM_OUT
                  --------
                    2.237   (0.0% logic, 100.0% route), 1 logic levels.

      Destination Clock Path UP_CLK to slv_com_top_inst/tx_com_inst/tx_cont_b1_inst/crc_gen_inst/SLICE_5110:

   Name    Fanout   Delay (ns)          Site               Resource
PADI_DEL    ---     1.140         M1.PAD to       M1.PADDI UP_CLK
ROUTE         1     0.383       M1.PADDI to   PLL_BL0.CLKI UP_CLK_c
CLKI2OP_DE  ---     0.000   PLL_BL0.CLKI to  PLL_BL0.CLKOP slv_com_top_inst/clk_gen_inst2/PLL_inst/PLLInst_0
ROUTE       173     2.137  PLL_BL0.CLKOP to    R36C64D.CLK slv_com_top_inst.CLKCOM_OUT
                  --------
                    3.660   (31.1% logic, 68.9% route), 2 logic levels.

      Destination Clock f/b:

   Name    Fanout   Delay (ns)          Site               Resource
CLKFB2OP_D  ---     0.000  PLL_BL0.CLKFB to  PLL_BL0.CLKOP slv_com_top_inst/clk_gen_inst2/PLL_inst/PLLInst_0
ROUTE       173     2.237  PLL_BL0.CLKOP to  PLL_BL0.CLKFB slv_com_top_inst.CLKCOM_OUT
                  --------
                    2.237   (0.0% logic, 100.0% route), 1 logic levels.


Passed: The following path meets requirements by 92.544ns

 Logical Details:  Cell type  Pin type       Cell/ASIC name  (clock net +/-)

   Source:         DP16KD     Port           slv_com_top_inst/tx_com_inst/tx_cont_b1_inst/tx_dcfifo1_48_inst/pdp_ram_0_0_0(ASIC)  (from slv_com_top_inst.CLK1 +)
   Destination:    FF         Data in        slv_com_top_inst/tx_com_inst/tx_cont_b1_inst/crc_gen_inst/ps_dt[2]  (to slv_com_top_inst.CLKCOM_OUT +)

   Delay:               7.616ns  (79.6% logic, 20.4% route), 2 logic levels.

 Constraint Details:

      7.616ns physical path delay slv_com_top_inst/tx_com_inst/tx_cont_b1_inst/tx_dcfifo1_48_inst/pdp_ram_0_0_0 to slv_com_top_inst/tx_com_inst/tx_cont_b1_inst/crc_gen_inst/SLICE_5109 meets
    100.000ns delay constraint less
      0.100ns skew and
      0.000ns feedback compensation and
     -0.260ns DIN_SET requirement (totaling 100.160ns) by 92.544ns

 Physical Path Details:

      Data path slv_com_top_inst/tx_com_inst/tx_cont_b1_inst/tx_dcfifo1_48_inst/pdp_ram_0_0_0 to slv_com_top_inst/tx_com_inst/tx_cont_b1_inst/crc_gen_inst/SLICE_5109:

   Name    Fanout   Delay (ns)          Site               Resource
C2Q_DEL     ---     5.830 *R_R37C62.CLKB to *R_R37C62.DOB2 slv_com_top_inst/tx_com_inst/tx_cont_b1_inst/tx_dcfifo1_48_inst/pdp_ram_0_0_0 (from slv_com_top_inst.CLK1)
ROUTE         4     1.550 *R_R37C62.DOB2 to     R38C64B.D0 slv_com_top_inst/tx_com_inst/tx_cont_b1_inst/TXD_Q[2]
CTOF_DEL    ---     0.236     R38C64B.D0 to     R38C64B.F0 slv_com_top_inst/tx_com_inst/tx_cont_b1_inst/crc_gen_inst/SLICE_5109
ROUTE         1     0.000     R38C64B.F0 to    R38C64B.DI0 slv_com_top_inst/tx_com_inst/tx_cont_b1_inst/crc_gen_inst/ps_dt_11[2] (to slv_com_top_inst.CLKCOM_OUT)
                  --------
                    7.616   (79.6% logic, 20.4% route), 2 logic levels.

 Clock Skew Details: 

      Source Clock Path UP_CLK to slv_com_top_inst/tx_com_inst/tx_cont_b1_inst/tx_dcfifo1_48_inst/pdp_ram_0_0_0:

   Name    Fanout   Delay (ns)          Site               Resource
PADI_DEL    ---     1.140         M1.PAD to       M1.PADDI UP_CLK
ROUTE         1     0.383       M1.PADDI to   PLL_BL0.CLKI UP_CLK_c
CLKI2OS3_D  ---     0.000   PLL_BL0.CLKI to PLL_BL0.CLKOS3 slv_com_top_inst/clk_gen_inst2/PLL_inst/PLLInst_0
ROUTE       379     2.237 PLL_BL0.CLKOS3 to *R_R37C62.CLKB slv_com_top_inst.CLK1
                  --------
                    3.760   (30.3% logic, 69.7% route), 2 logic levels.

      Source Clock f/b:

   Name    Fanout   Delay (ns)          Site               Resource
CLKFB2OP_D  ---     0.000  PLL_BL0.CLKFB to  PLL_BL0.CLKOP slv_com_top_inst/clk_gen_inst2/PLL_inst/PLLInst_0
ROUTE       173     2.237  PLL_BL0.CLKOP to  PLL_BL0.CLKFB slv_com_top_inst.CLKCOM_OUT
                  --------
                    2.237   (0.0% logic, 100.0% route), 1 logic levels.

      Destination Clock Path UP_CLK to slv_com_top_inst/tx_com_inst/tx_cont_b1_inst/crc_gen_inst/SLICE_5109:

   Name    Fanout   Delay (ns)          Site               Resource
PADI_DEL    ---     1.140         M1.PAD to       M1.PADDI UP_CLK
ROUTE         1     0.383       M1.PADDI to   PLL_BL0.CLKI UP_CLK_c
CLKI2OP_DE  ---     0.000   PLL_BL0.CLKI to  PLL_BL0.CLKOP slv_com_top_inst/clk_gen_inst2/PLL_inst/PLLInst_0
ROUTE       173     2.137  PLL_BL0.CLKOP to    R38C64B.CLK slv_com_top_inst.CLKCOM_OUT
                  --------
                    3.660   (31.1% logic, 68.9% route), 2 logic levels.

      Destination Clock f/b:

   Name    Fanout   Delay (ns)          Site               Resource
CLKFB2OP_D  ---     0.000  PLL_BL0.CLKFB to  PLL_BL0.CLKOP slv_com_top_inst/clk_gen_inst2/PLL_inst/PLLInst_0
ROUTE       173     2.237  PLL_BL0.CLKOP to  PLL_BL0.CLKFB slv_com_top_inst.CLKCOM_OUT
                  --------
                    2.237   (0.0% logic, 100.0% route), 1 logic levels.


Passed: The following path meets requirements by 92.578ns

 Logical Details:  Cell type  Pin type       Cell/ASIC name  (clock net +/-)

   Source:         DP16KD     Port           slv_com_top_inst/tx_com_inst/tx_cont_b1_inst/tx_dcfifo1_48_inst/pdp_ram_0_0_0(ASIC)  (from slv_com_top_inst.CLK1 +)
   Destination:    FF         Data in        slv_com_top_inst/tx_com_inst/tx_cont_b1_inst/crc_gen_inst/ps_dt[0]  (to slv_com_top_inst.CLKCOM_OUT +)

   Delay:               7.582ns  (80.0% logic, 20.0% route), 2 logic levels.

 Constraint Details:

      7.582ns physical path delay slv_com_top_inst/tx_com_inst/tx_cont_b1_inst/tx_dcfifo1_48_inst/pdp_ram_0_0_0 to slv_com_top_inst/tx_com_inst/tx_cont_b1_inst/crc_gen_inst/SLICE_5108 meets
    100.000ns delay constraint less
      0.100ns skew and
      0.000ns feedback compensation and
     -0.260ns DIN_SET requirement (totaling 100.160ns) by 92.578ns

 Physical Path Details:

      Data path slv_com_top_inst/tx_com_inst/tx_cont_b1_inst/tx_dcfifo1_48_inst/pdp_ram_0_0_0 to slv_com_top_inst/tx_com_inst/tx_cont_b1_inst/crc_gen_inst/SLICE_5108:

   Name    Fanout   Delay (ns)          Site               Resource
C2Q_DEL     ---     5.830 *R_R37C62.CLKB to *R_R37C62.DOB0 slv_com_top_inst/tx_com_inst/tx_cont_b1_inst/tx_dcfifo1_48_inst/pdp_ram_0_0_0 (from slv_com_top_inst.CLK1)
ROUTE         5     1.516 *R_R37C62.DOB0 to     R38C64C.C0 slv_com_top_inst/tx_com_inst/tx_cont_b1_inst/TXD_Q[0]
CTOF_DEL    ---     0.236     R38C64C.C0 to     R38C64C.F0 slv_com_top_inst/tx_com_inst/tx_cont_b1_inst/crc_gen_inst/SLICE_5108
ROUTE         1     0.000     R38C64C.F0 to    R38C64C.DI0 slv_com_top_inst/tx_com_inst/tx_cont_b1_inst/crc_gen_inst/ps_dt_11[0] (to slv_com_top_inst.CLKCOM_OUT)
                  --------
                    7.582   (80.0% logic, 20.0% route), 2 logic levels.

 Clock Skew Details: 

      Source Clock Path UP_CLK to slv_com_top_inst/tx_com_inst/tx_cont_b1_inst/tx_dcfifo1_48_inst/pdp_ram_0_0_0:

   Name    Fanout   Delay (ns)          Site               Resource
PADI_DEL    ---     1.140         M1.PAD to       M1.PADDI UP_CLK
ROUTE         1     0.383       M1.PADDI to   PLL_BL0.CLKI UP_CLK_c
CLKI2OS3_D  ---     0.000   PLL_BL0.CLKI to PLL_BL0.CLKOS3 slv_com_top_inst/clk_gen_inst2/PLL_inst/PLLInst_0
ROUTE       379     2.237 PLL_BL0.CLKOS3 to *R_R37C62.CLKB slv_com_top_inst.CLK1
                  --------
                    3.760   (30.3% logic, 69.7% route), 2 logic levels.

      Source Clock f/b:

   Name    Fanout   Delay (ns)          Site               Resource
CLKFB2OP_D  ---     0.000  PLL_BL0.CLKFB to  PLL_BL0.CLKOP slv_com_top_inst/clk_gen_inst2/PLL_inst/PLLInst_0
ROUTE       173     2.237  PLL_BL0.CLKOP to  PLL_BL0.CLKFB slv_com_top_inst.CLKCOM_OUT
                  --------
                    2.237   (0.0% logic, 100.0% route), 1 logic levels.

      Destination Clock Path UP_CLK to slv_com_top_inst/tx_com_inst/tx_cont_b1_inst/crc_gen_inst/SLICE_5108:

   Name    Fanout   Delay (ns)          Site               Resource
PADI_DEL    ---     1.140         M1.PAD to       M1.PADDI UP_CLK
ROUTE         1     0.383       M1.PADDI to   PLL_BL0.CLKI UP_CLK_c
CLKI2OP_DE  ---     0.000   PLL_BL0.CLKI to  PLL_BL0.CLKOP slv_com_top_inst/clk_gen_inst2/PLL_inst/PLLInst_0
ROUTE       173     2.137  PLL_BL0.CLKOP to    R38C64C.CLK slv_com_top_inst.CLKCOM_OUT
                  --------
                    3.660   (31.1% logic, 68.9% route), 2 logic levels.

      Destination Clock f/b:

   Name    Fanout   Delay (ns)          Site               Resource
CLKFB2OP_D  ---     0.000  PLL_BL0.CLKFB to  PLL_BL0.CLKOP slv_com_top_inst/clk_gen_inst2/PLL_inst/PLLInst_0
ROUTE       173     2.237  PLL_BL0.CLKOP to  PLL_BL0.CLKFB slv_com_top_inst.CLKCOM_OUT
                  --------
                    2.237   (0.0% logic, 100.0% route), 1 logic levels.


Passed: The following path meets requirements by 92.713ns

 Logical Details:  Cell type  Pin type       Cell/ASIC name  (clock net +/-)

   Source:         DP16KD     Port           slv_com_top_inst/tx_com_inst/tx_cont_b1_inst/tx_dcfifo1_48_inst/pdp_ram_0_0_0(ASIC)  (from slv_com_top_inst.CLK1 +)
   Destination:    FF         Data in        slv_com_top_inst/tx_com_inst/tx_cont_b1_inst/crc_gen_inst/ps_dt[5]  (to slv_com_top_inst.CLKCOM_OUT +)

   Delay:               7.453ns  (81.4% logic, 18.6% route), 2 logic levels.

 Constraint Details:

      7.453ns physical path delay slv_com_top_inst/tx_com_inst/tx_cont_b1_inst/tx_dcfifo1_48_inst/pdp_ram_0_0_0 to slv_com_top_inst/tx_com_inst/tx_cont_b1_inst/crc_gen_inst/SLICE_5110 meets
    100.000ns delay constraint less
      0.100ns skew and
      0.000ns feedback compensation and
     -0.266ns DIN_SET requirement (totaling 100.166ns) by 92.713ns

 Physical Path Details:

      Data path slv_com_top_inst/tx_com_inst/tx_cont_b1_inst/tx_dcfifo1_48_inst/pdp_ram_0_0_0 to slv_com_top_inst/tx_com_inst/tx_cont_b1_inst/crc_gen_inst/SLICE_5110:

   Name    Fanout   Delay (ns)          Site               Resource
C2Q_DEL     ---     5.830 *R_R37C62.CLKB to *R_R37C62.DOB5 slv_com_top_inst/tx_com_inst/tx_cont_b1_inst/tx_dcfifo1_48_inst/pdp_ram_0_0_0 (from slv_com_top_inst.CLK1)
ROUTE         4     1.387 *R_R37C62.DOB5 to     R36C64D.A1 slv_com_top_inst/tx_com_inst/tx_cont_b1_inst/TXD_Q[5]
CTOF_DEL    ---     0.236     R36C64D.A1 to     R36C64D.F1 slv_com_top_inst/tx_com_inst/tx_cont_b1_inst/crc_gen_inst/SLICE_5110
ROUTE         1     0.000     R36C64D.F1 to    R36C64D.DI1 slv_com_top_inst/tx_com_inst/tx_cont_b1_inst/crc_gen_inst/ps_dt_11[5] (to slv_com_top_inst.CLKCOM_OUT)
                  --------
                    7.453   (81.4% logic, 18.6% route), 2 logic levels.

 Clock Skew Details: 

      Source Clock Path UP_CLK to slv_com_top_inst/tx_com_inst/tx_cont_b1_inst/tx_dcfifo1_48_inst/pdp_ram_0_0_0:

   Name    Fanout   Delay (ns)          Site               Resource
PADI_DEL    ---     1.140         M1.PAD to       M1.PADDI UP_CLK
ROUTE         1     0.383       M1.PADDI to   PLL_BL0.CLKI UP_CLK_c
CLKI2OS3_D  ---     0.000   PLL_BL0.CLKI to PLL_BL0.CLKOS3 slv_com_top_inst/clk_gen_inst2/PLL_inst/PLLInst_0
ROUTE       379     2.237 PLL_BL0.CLKOS3 to *R_R37C62.CLKB slv_com_top_inst.CLK1
                  --------
                    3.760   (30.3% logic, 69.7% route), 2 logic levels.

      Source Clock f/b:

   Name    Fanout   Delay (ns)          Site               Resource
CLKFB2OP_D  ---     0.000  PLL_BL0.CLKFB to  PLL_BL0.CLKOP slv_com_top_inst/clk_gen_inst2/PLL_inst/PLLInst_0
ROUTE       173     2.237  PLL_BL0.CLKOP to  PLL_BL0.CLKFB slv_com_top_inst.CLKCOM_OUT
                  --------
                    2.237   (0.0% logic, 100.0% route), 1 logic levels.

      Destination Clock Path UP_CLK to slv_com_top_inst/tx_com_inst/tx_cont_b1_inst/crc_gen_inst/SLICE_5110:

   Name    Fanout   Delay (ns)          Site               Resource
PADI_DEL    ---     1.140         M1.PAD to       M1.PADDI UP_CLK
ROUTE         1     0.383       M1.PADDI to   PLL_BL0.CLKI UP_CLK_c
CLKI2OP_DE  ---     0.000   PLL_BL0.CLKI to  PLL_BL0.CLKOP slv_com_top_inst/clk_gen_inst2/PLL_inst/PLLInst_0
ROUTE       173     2.137  PLL_BL0.CLKOP to    R36C64D.CLK slv_com_top_inst.CLKCOM_OUT
                  --------
                    3.660   (31.1% logic, 68.9% route), 2 logic levels.

      Destination Clock f/b:

   Name    Fanout   Delay (ns)          Site               Resource
CLKFB2OP_D  ---     0.000  PLL_BL0.CLKFB to  PLL_BL0.CLKOP slv_com_top_inst/clk_gen_inst2/PLL_inst/PLLInst_0
ROUTE       173     2.237  PLL_BL0.CLKOP to  PLL_BL0.CLKFB slv_com_top_inst.CLKCOM_OUT
                  --------
                    2.237   (0.0% logic, 100.0% route), 1 logic levels.


Passed: The following path meets requirements by 92.733ns

 Logical Details:  Cell type  Pin type       Cell/ASIC name  (clock net +/-)

   Source:         DP16KD     Port           slv_com_top_inst/tx_com_inst/tx_cont_b1_inst/tx_dcfifo1_48_inst/pdp_ram_0_0_0(ASIC)  (from slv_com_top_inst.CLK1 +)
   Destination:    FF         Data in        slv_com_top_inst/tx_com_inst/tx_cont_b1_inst/crc_gen_inst/ps_dt[3]  (to slv_com_top_inst.CLKCOM_OUT +)

   Delay:               7.433ns  (81.6% logic, 18.4% route), 2 logic levels.

 Constraint Details:

      7.433ns physical path delay slv_com_top_inst/tx_com_inst/tx_cont_b1_inst/tx_dcfifo1_48_inst/pdp_ram_0_0_0 to slv_com_top_inst/tx_com_inst/tx_cont_b1_inst/crc_gen_inst/SLICE_5109 meets
    100.000ns delay constraint less
      0.100ns skew and
      0.000ns feedback compensation and
     -0.266ns DIN_SET requirement (totaling 100.166ns) by 92.733ns

 Physical Path Details:

      Data path slv_com_top_inst/tx_com_inst/tx_cont_b1_inst/tx_dcfifo1_48_inst/pdp_ram_0_0_0 to slv_com_top_inst/tx_com_inst/tx_cont_b1_inst/crc_gen_inst/SLICE_5109:

   Name    Fanout   Delay (ns)          Site               Resource
C2Q_DEL     ---     5.830 *R_R37C62.CLKB to *R_R37C62.DOB3 slv_com_top_inst/tx_com_inst/tx_cont_b1_inst/tx_dcfifo1_48_inst/pdp_ram_0_0_0 (from slv_com_top_inst.CLK1)
ROUTE         4     1.367 *R_R37C62.DOB3 to     R38C64B.D1 slv_com_top_inst/tx_com_inst/tx_cont_b1_inst/TXD_Q[3]
CTOF_DEL    ---     0.236     R38C64B.D1 to     R38C64B.F1 slv_com_top_inst/tx_com_inst/tx_cont_b1_inst/crc_gen_inst/SLICE_5109
ROUTE         1     0.000     R38C64B.F1 to    R38C64B.DI1 slv_com_top_inst/tx_com_inst/tx_cont_b1_inst/crc_gen_inst/ps_dt_11[3] (to slv_com_top_inst.CLKCOM_OUT)
                  --------
                    7.433   (81.6% logic, 18.4% route), 2 logic levels.

 Clock Skew Details: 

      Source Clock Path UP_CLK to slv_com_top_inst/tx_com_inst/tx_cont_b1_inst/tx_dcfifo1_48_inst/pdp_ram_0_0_0:

   Name    Fanout   Delay (ns)          Site               Resource
PADI_DEL    ---     1.140         M1.PAD to       M1.PADDI UP_CLK
ROUTE         1     0.383       M1.PADDI to   PLL_BL0.CLKI UP_CLK_c
CLKI2OS3_D  ---     0.000   PLL_BL0.CLKI to PLL_BL0.CLKOS3 slv_com_top_inst/clk_gen_inst2/PLL_inst/PLLInst_0
ROUTE       379     2.237 PLL_BL0.CLKOS3 to *R_R37C62.CLKB slv_com_top_inst.CLK1
                  --------
                    3.760   (30.3% logic, 69.7% route), 2 logic levels.

      Source Clock f/b:

   Name    Fanout   Delay (ns)          Site               Resource
CLKFB2OP_D  ---     0.000  PLL_BL0.CLKFB to  PLL_BL0.CLKOP slv_com_top_inst/clk_gen_inst2/PLL_inst/PLLInst_0
ROUTE       173     2.237  PLL_BL0.CLKOP to  PLL_BL0.CLKFB slv_com_top_inst.CLKCOM_OUT
                  --------
                    2.237   (0.0% logic, 100.0% route), 1 logic levels.

      Destination Clock Path UP_CLK to slv_com_top_inst/tx_com_inst/tx_cont_b1_inst/crc_gen_inst/SLICE_5109:

   Name    Fanout   Delay (ns)          Site               Resource
PADI_DEL    ---     1.140         M1.PAD to       M1.PADDI UP_CLK
ROUTE         1     0.383       M1.PADDI to   PLL_BL0.CLKI UP_CLK_c
CLKI2OP_DE  ---     0.000   PLL_BL0.CLKI to  PLL_BL0.CLKOP slv_com_top_inst/clk_gen_inst2/PLL_inst/PLLInst_0
ROUTE       173     2.137  PLL_BL0.CLKOP to    R38C64B.CLK slv_com_top_inst.CLKCOM_OUT
                  --------
                    3.660   (31.1% logic, 68.9% route), 2 logic levels.

      Destination Clock f/b:

   Name    Fanout   Delay (ns)          Site               Resource
CLKFB2OP_D  ---     0.000  PLL_BL0.CLKFB to  PLL_BL0.CLKOP slv_com_top_inst/clk_gen_inst2/PLL_inst/PLLInst_0
ROUTE       173     2.237  PLL_BL0.CLKOP to  PLL_BL0.CLKFB slv_com_top_inst.CLKCOM_OUT
                  --------
                    2.237   (0.0% logic, 100.0% route), 1 logic levels.


Passed: The following path meets requirements by 92.966ns

 Logical Details:  Cell type  Pin type       Cell/ASIC name  (clock net +/-)

   Source:         DP16KD     Port           slv_com_top_inst/tx_com_inst/tx_cont_b1_inst/tx_dcfifo1_48_inst/pdp_ram_0_0_0(ASIC)  (from slv_com_top_inst.CLK1 +)
   Destination:    FF         Data in        slv_com_top_inst/tx_com_inst/tx_cont_b1_inst/crc_gen_inst/ps_dt[1]  (to slv_com_top_inst.CLKCOM_OUT +)

   Delay:               7.200ns  (84.3% logic, 15.8% route), 2 logic levels.

 Constraint Details:

      7.200ns physical path delay slv_com_top_inst/tx_com_inst/tx_cont_b1_inst/tx_dcfifo1_48_inst/pdp_ram_0_0_0 to slv_com_top_inst/tx_com_inst/tx_cont_b1_inst/crc_gen_inst/SLICE_5108 meets
    100.000ns delay constraint less
      0.100ns skew and
      0.000ns feedback compensation and
     -0.266ns DIN_SET requirement (totaling 100.166ns) by 92.966ns

 Physical Path Details:

      Data path slv_com_top_inst/tx_com_inst/tx_cont_b1_inst/tx_dcfifo1_48_inst/pdp_ram_0_0_0 to slv_com_top_inst/tx_com_inst/tx_cont_b1_inst/crc_gen_inst/SLICE_5108:

   Name    Fanout   Delay (ns)          Site               Resource
C2Q_DEL     ---     5.830 *R_R37C62.CLKB to *R_R37C62.DOB1 slv_com_top_inst/tx_com_inst/tx_cont_b1_inst/tx_dcfifo1_48_inst/pdp_ram_0_0_0 (from slv_com_top_inst.CLK1)
ROUTE         4     1.134 *R_R37C62.DOB1 to     R38C64C.D1 slv_com_top_inst/tx_com_inst/tx_cont_b1_inst/TXD_Q[1]
CTOF_DEL    ---     0.236     R38C64C.D1 to     R38C64C.F1 slv_com_top_inst/tx_com_inst/tx_cont_b1_inst/crc_gen_inst/SLICE_5108
ROUTE         1     0.000     R38C64C.F1 to    R38C64C.DI1 slv_com_top_inst/tx_com_inst/tx_cont_b1_inst/crc_gen_inst/ps_dt_11[1] (to slv_com_top_inst.CLKCOM_OUT)
                  --------
                    7.200   (84.3% logic, 15.8% route), 2 logic levels.

 Clock Skew Details: 

      Source Clock Path UP_CLK to slv_com_top_inst/tx_com_inst/tx_cont_b1_inst/tx_dcfifo1_48_inst/pdp_ram_0_0_0:

   Name    Fanout   Delay (ns)          Site               Resource
PADI_DEL    ---     1.140         M1.PAD to       M1.PADDI UP_CLK
ROUTE         1     0.383       M1.PADDI to   PLL_BL0.CLKI UP_CLK_c
CLKI2OS3_D  ---     0.000   PLL_BL0.CLKI to PLL_BL0.CLKOS3 slv_com_top_inst/clk_gen_inst2/PLL_inst/PLLInst_0
ROUTE       379     2.237 PLL_BL0.CLKOS3 to *R_R37C62.CLKB slv_com_top_inst.CLK1
                  --------
                    3.760   (30.3% logic, 69.7% route), 2 logic levels.

      Source Clock f/b:

   Name    Fanout   Delay (ns)          Site               Resource
CLKFB2OP_D  ---     0.000  PLL_BL0.CLKFB to  PLL_BL0.CLKOP slv_com_top_inst/clk_gen_inst2/PLL_inst/PLLInst_0
ROUTE       173     2.237  PLL_BL0.CLKOP to  PLL_BL0.CLKFB slv_com_top_inst.CLKCOM_OUT
                  --------
                    2.237   (0.0% logic, 100.0% route), 1 logic levels.

      Destination Clock Path UP_CLK to slv_com_top_inst/tx_com_inst/tx_cont_b1_inst/crc_gen_inst/SLICE_5108:

   Name    Fanout   Delay (ns)          Site               Resource
PADI_DEL    ---     1.140         M1.PAD to       M1.PADDI UP_CLK
ROUTE         1     0.383       M1.PADDI to   PLL_BL0.CLKI UP_CLK_c
CLKI2OP_DE  ---     0.000   PLL_BL0.CLKI to  PLL_BL0.CLKOP slv_com_top_inst/clk_gen_inst2/PLL_inst/PLLInst_0
ROUTE       173     2.137  PLL_BL0.CLKOP to    R38C64C.CLK slv_com_top_inst.CLKCOM_OUT
                  --------
                    3.660   (31.1% logic, 68.9% route), 2 logic levels.

      Destination Clock f/b:

   Name    Fanout   Delay (ns)          Site               Resource
CLKFB2OP_D  ---     0.000  PLL_BL0.CLKFB to  PLL_BL0.CLKOP slv_com_top_inst/clk_gen_inst2/PLL_inst/PLLInst_0
ROUTE       173     2.237  PLL_BL0.CLKOP to  PLL_BL0.CLKFB slv_com_top_inst.CLKCOM_OUT
                  --------
                    2.237   (0.0% logic, 100.0% route), 1 logic levels.


Passed: The following path meets requirements by 93.215ns

 Logical Details:  Cell type  Pin type       Cell/ASIC name  (clock net +/-)

   Source:         FF         Q              slv_com_top_inst/rx_com_inst/rx_cont_b2_inst/rx_ctl_3rd_inst/sync_f  (from slv_com_top_inst.CLK1 +)
   Destination:    FF         Data in        slv_com_top_inst_tx_com_inst_tx_cont_b2_inst_tx_ctl_3rd_inst_ps_dtio[0]  (to slv_com_top_inst.CLKCOM_OUT +)

   Delay:               6.754ns  (11.3% logic, 88.7% route), 2 logic levels.

 Constraint Details:

      6.754ns physical path delay slv_com_top_inst/rx_com_inst/rx_cont_b2_inst/rx_ctl_3rd_inst/SLICE_4788 to UP_TXD_MGIOL meets
    100.000ns delay constraint less
     -0.100ns skew and
      0.000ns feedback compensation and
      0.131ns RSTREC_SET requirement (totaling 99.969ns) by 93.215ns

 Physical Path Details:

      Data path slv_com_top_inst/rx_com_inst/rx_cont_b2_inst/rx_ctl_3rd_inst/SLICE_4788 to UP_TXD_MGIOL:

   Name    Fanout   Delay (ns)          Site               Resource
REG_DEL     ---     0.525    R43C60C.CLK to     R43C60C.Q0 slv_com_top_inst/rx_com_inst/rx_cont_b2_inst/rx_ctl_3rd_inst/SLICE_4788 (from slv_com_top_inst.CLK1)
ROUTE        17     1.703     R43C60C.Q0 to     R34C63C.A0 slv_com_top_inst/SYNC_FLG
CTOF_DEL    ---     0.236     R34C63C.A0 to     R34C63C.F0 slv_com_top_inst/slv_ctrl_top_inst/slv_rx_ctrl_inst/SLICE_10031
ROUTE         7     4.290     R34C63C.F0 to   IOL_L32A.LSR slv_com_top_inst.TX_RSTb_i_r15 (to slv_com_top_inst.CLKCOM_OUT)
                  --------
                    6.754   (11.3% logic, 88.7% route), 2 logic levels.

 Clock Skew Details: 

      Source Clock Path UP_CLK to slv_com_top_inst/rx_com_inst/rx_cont_b2_inst/rx_ctl_3rd_inst/SLICE_4788:

   Name    Fanout   Delay (ns)          Site               Resource
PADI_DEL    ---     1.140         M1.PAD to       M1.PADDI UP_CLK
ROUTE         1     0.383       M1.PADDI to   PLL_BL0.CLKI UP_CLK_c
CLKI2OS3_D  ---     0.000   PLL_BL0.CLKI to PLL_BL0.CLKOS3 slv_com_top_inst/clk_gen_inst2/PLL_inst/PLLInst_0
ROUTE       379     2.137 PLL_BL0.CLKOS3 to    R43C60C.CLK slv_com_top_inst.CLK1
                  --------
                    3.660   (31.1% logic, 68.9% route), 2 logic levels.

      Source Clock f/b:

   Name    Fanout   Delay (ns)          Site               Resource
CLKFB2OP_D  ---     0.000  PLL_BL0.CLKFB to  PLL_BL0.CLKOP slv_com_top_inst/clk_gen_inst2/PLL_inst/PLLInst_0
ROUTE       173     2.237  PLL_BL0.CLKOP to  PLL_BL0.CLKFB slv_com_top_inst.CLKCOM_OUT
                  --------
                    2.237   (0.0% logic, 100.0% route), 1 logic levels.

      Destination Clock Path UP_CLK to UP_TXD_MGIOL:

   Name    Fanout   Delay (ns)          Site               Resource
PADI_DEL    ---     1.140         M1.PAD to       M1.PADDI UP_CLK
ROUTE         1     0.383       M1.PADDI to   PLL_BL0.CLKI UP_CLK_c
CLKI2OP_DE  ---     0.000   PLL_BL0.CLKI to  PLL_BL0.CLKOP slv_com_top_inst/clk_gen_inst2/PLL_inst/PLLInst_0
ROUTE       173     2.237  PLL_BL0.CLKOP to   IOL_L32A.CLK slv_com_top_inst.CLKCOM_OUT
                  --------
                    3.760   (30.3% logic, 69.7% route), 2 logic levels.

      Destination Clock f/b:

   Name    Fanout   Delay (ns)          Site               Resource
CLKFB2OP_D  ---     0.000  PLL_BL0.CLKFB to  PLL_BL0.CLKOP slv_com_top_inst/clk_gen_inst2/PLL_inst/PLLInst_0
ROUTE       173     2.237  PLL_BL0.CLKOP to  PLL_BL0.CLKFB slv_com_top_inst.CLKCOM_OUT
                  --------
                    2.237   (0.0% logic, 100.0% route), 1 logic levels.


Passed: The following path meets requirements by 93.286ns

 Logical Details:  Cell type  Pin type       Cell/ASIC name  (clock net +/-)

   Source:         FF         Q              slv_com_top_inst/rx_com_inst/rx_cont_b2_inst/rx_ctl_3rd_inst/sync_f  (from slv_com_top_inst.CLK1 +)
   Destination:    FF         Data in        slv_com_top_inst/tx_com_inst/tx_cont_b2_inst/tx_ck_dcfifo1_48_inst/FF_15  (to slv_com_top_inst.CLKCOM_OUT +)
                   FF                        slv_com_top_inst/tx_com_inst/tx_cont_b2_inst/tx_ck_dcfifo1_48_inst/FF_23

   Delay:               5.914ns  (12.9% logic, 87.1% route), 2 logic levels.

 Constraint Details:

      5.914ns physical path delay slv_com_top_inst/rx_com_inst/rx_cont_b2_inst/rx_ctl_3rd_inst/SLICE_4788 to slv_com_top_inst/tx_com_inst/tx_cont_b2_inst/tx_ck_dcfifo1_48_inst/SLICE_5187 meets
    100.000ns delay constraint less
      0.000ns skew and
      0.000ns feedback compensation and
      0.800ns LSRREC_SET requirement (totaling 99.200ns) by 93.286ns

 Physical Path Details:

      Data path slv_com_top_inst/rx_com_inst/rx_cont_b2_inst/rx_ctl_3rd_inst/SLICE_4788 to slv_com_top_inst/tx_com_inst/tx_cont_b2_inst/tx_ck_dcfifo1_48_inst/SLICE_5187:

   Name    Fanout   Delay (ns)          Site               Resource
REG_DEL     ---     0.525    R43C60C.CLK to     R43C60C.Q0 slv_com_top_inst/rx_com_inst/rx_cont_b2_inst/rx_ctl_3rd_inst/SLICE_4788 (from slv_com_top_inst.CLK1)
ROUTE        17     1.206     R43C60C.Q0 to     R40C61C.A0 slv_com_top_inst/SYNC_FLG
CTOF_DEL    ---     0.236     R40C61C.A0 to     R40C61C.F0 slv_com_top_inst/slv_ctrl_top_inst/slv_rx_ctrl_inst/SLICE_10035
ROUTE        30     3.947     R40C61C.F0 to    R39C51A.LSR slv_com_top_inst/TX_RSTb_i_r11 (to slv_com_top_inst.CLKCOM_OUT)
                  --------
                    5.914   (12.9% logic, 87.1% route), 2 logic levels.

 Clock Skew Details: 

      Source Clock Path UP_CLK to slv_com_top_inst/rx_com_inst/rx_cont_b2_inst/rx_ctl_3rd_inst/SLICE_4788:

   Name    Fanout   Delay (ns)          Site               Resource
PADI_DEL    ---     1.140         M1.PAD to       M1.PADDI UP_CLK
ROUTE         1     0.383       M1.PADDI to   PLL_BL0.CLKI UP_CLK_c
CLKI2OS3_D  ---     0.000   PLL_BL0.CLKI to PLL_BL0.CLKOS3 slv_com_top_inst/clk_gen_inst2/PLL_inst/PLLInst_0
ROUTE       379     2.137 PLL_BL0.CLKOS3 to    R43C60C.CLK slv_com_top_inst.CLK1
                  --------
                    3.660   (31.1% logic, 68.9% route), 2 logic levels.

      Source Clock f/b:

   Name    Fanout   Delay (ns)          Site               Resource
CLKFB2OP_D  ---     0.000  PLL_BL0.CLKFB to  PLL_BL0.CLKOP slv_com_top_inst/clk_gen_inst2/PLL_inst/PLLInst_0
ROUTE       173     2.237  PLL_BL0.CLKOP to  PLL_BL0.CLKFB slv_com_top_inst.CLKCOM_OUT
                  --------
                    2.237   (0.0% logic, 100.0% route), 1 logic levels.

      Destination Clock Path UP_CLK to slv_com_top_inst/tx_com_inst/tx_cont_b2_inst/tx_ck_dcfifo1_48_inst/SLICE_5187:

   Name    Fanout   Delay (ns)          Site               Resource
PADI_DEL    ---     1.140         M1.PAD to       M1.PADDI UP_CLK
ROUTE         1     0.383       M1.PADDI to   PLL_BL0.CLKI UP_CLK_c
CLKI2OP_DE  ---     0.000   PLL_BL0.CLKI to  PLL_BL0.CLKOP slv_com_top_inst/clk_gen_inst2/PLL_inst/PLLInst_0
ROUTE       173     2.137  PLL_BL0.CLKOP to    R39C51A.CLK slv_com_top_inst.CLKCOM_OUT
                  --------
                    3.660   (31.1% logic, 68.9% route), 2 logic levels.

      Destination Clock f/b:

   Name    Fanout   Delay (ns)          Site               Resource
CLKFB2OP_D  ---     0.000  PLL_BL0.CLKFB to  PLL_BL0.CLKOP slv_com_top_inst/clk_gen_inst2/PLL_inst/PLLInst_0
ROUTE       173     2.237  PLL_BL0.CLKOP to  PLL_BL0.CLKFB slv_com_top_inst.CLKCOM_OUT
                  --------
                    2.237   (0.0% logic, 100.0% route), 1 logic levels.


Passed: The following path meets requirements by 93.286ns

 Logical Details:  Cell type  Pin type       Cell/ASIC name  (clock net +/-)

   Source:         FF         Q              slv_com_top_inst/rx_com_inst/rx_cont_b2_inst/rx_ctl_3rd_inst/sync_f  (from slv_com_top_inst.CLK1 +)
   Destination:    FF         Data in        slv_com_top_inst/tx_com_inst/tx_cont_b2_inst/tx_ck_dcfifo1_48_inst/FF_26  (to slv_com_top_inst.CLKCOM_OUT +)
                   FF                        slv_com_top_inst/tx_com_inst/tx_cont_b2_inst/tx_ck_dcfifo1_48_inst/FF_27

   Delay:               5.914ns  (12.9% logic, 87.1% route), 2 logic levels.

 Constraint Details:

      5.914ns physical path delay slv_com_top_inst/rx_com_inst/rx_cont_b2_inst/rx_ctl_3rd_inst/SLICE_4788 to slv_com_top_inst/tx_com_inst/tx_cont_b2_inst/tx_ck_dcfifo1_48_inst/SLICE_5185 meets
    100.000ns delay constraint less
      0.000ns skew and
      0.000ns feedback compensation and
      0.800ns LSRREC_SET requirement (totaling 99.200ns) by 93.286ns

 Physical Path Details:

      Data path slv_com_top_inst/rx_com_inst/rx_cont_b2_inst/rx_ctl_3rd_inst/SLICE_4788 to slv_com_top_inst/tx_com_inst/tx_cont_b2_inst/tx_ck_dcfifo1_48_inst/SLICE_5185:

   Name    Fanout   Delay (ns)          Site               Resource
REG_DEL     ---     0.525    R43C60C.CLK to     R43C60C.Q0 slv_com_top_inst/rx_com_inst/rx_cont_b2_inst/rx_ctl_3rd_inst/SLICE_4788 (from slv_com_top_inst.CLK1)
ROUTE        17     1.206     R43C60C.Q0 to     R40C61C.A0 slv_com_top_inst/SYNC_FLG
CTOF_DEL    ---     0.236     R40C61C.A0 to     R40C61C.F0 slv_com_top_inst/slv_ctrl_top_inst/slv_rx_ctrl_inst/SLICE_10035
ROUTE        30     3.947     R40C61C.F0 to    R39C51C.LSR slv_com_top_inst/TX_RSTb_i_r11 (to slv_com_top_inst.CLKCOM_OUT)
                  --------
                    5.914   (12.9% logic, 87.1% route), 2 logic levels.

 Clock Skew Details: 

      Source Clock Path UP_CLK to slv_com_top_inst/rx_com_inst/rx_cont_b2_inst/rx_ctl_3rd_inst/SLICE_4788:

   Name    Fanout   Delay (ns)          Site               Resource
PADI_DEL    ---     1.140         M1.PAD to       M1.PADDI UP_CLK
ROUTE         1     0.383       M1.PADDI to   PLL_BL0.CLKI UP_CLK_c
CLKI2OS3_D  ---     0.000   PLL_BL0.CLKI to PLL_BL0.CLKOS3 slv_com_top_inst/clk_gen_inst2/PLL_inst/PLLInst_0
ROUTE       379     2.137 PLL_BL0.CLKOS3 to    R43C60C.CLK slv_com_top_inst.CLK1
                  --------
                    3.660   (31.1% logic, 68.9% route), 2 logic levels.

      Source Clock f/b:

   Name    Fanout   Delay (ns)          Site               Resource
CLKFB2OP_D  ---     0.000  PLL_BL0.CLKFB to  PLL_BL0.CLKOP slv_com_top_inst/clk_gen_inst2/PLL_inst/PLLInst_0
ROUTE       173     2.237  PLL_BL0.CLKOP to  PLL_BL0.CLKFB slv_com_top_inst.CLKCOM_OUT
                  --------
                    2.237   (0.0% logic, 100.0% route), 1 logic levels.

      Destination Clock Path UP_CLK to slv_com_top_inst/tx_com_inst/tx_cont_b2_inst/tx_ck_dcfifo1_48_inst/SLICE_5185:

   Name    Fanout   Delay (ns)          Site               Resource
PADI_DEL    ---     1.140         M1.PAD to       M1.PADDI UP_CLK
ROUTE         1     0.383       M1.PADDI to   PLL_BL0.CLKI UP_CLK_c
CLKI2OP_DE  ---     0.000   PLL_BL0.CLKI to  PLL_BL0.CLKOP slv_com_top_inst/clk_gen_inst2/PLL_inst/PLLInst_0
ROUTE       173     2.137  PLL_BL0.CLKOP to    R39C51C.CLK slv_com_top_inst.CLKCOM_OUT
                  --------
                    3.660   (31.1% logic, 68.9% route), 2 logic levels.

      Destination Clock f/b:

   Name    Fanout   Delay (ns)          Site               Resource
CLKFB2OP_D  ---     0.000  PLL_BL0.CLKFB to  PLL_BL0.CLKOP slv_com_top_inst/clk_gen_inst2/PLL_inst/PLLInst_0
ROUTE       173     2.237  PLL_BL0.CLKOP to  PLL_BL0.CLKFB slv_com_top_inst.CLKCOM_OUT
                  --------
                    2.237   (0.0% logic, 100.0% route), 1 logic levels.


Passed: The following path meets requirements by 93.286ns

 Logical Details:  Cell type  Pin type       Cell/ASIC name  (clock net +/-)

   Source:         FF         Q              slv_com_top_inst/rx_com_inst/rx_cont_b2_inst/rx_ctl_3rd_inst/sync_f  (from slv_com_top_inst.CLK1 +)
   Destination:    FF         Data in        slv_com_top_inst/tx_com_inst/tx_cont_b2_inst/tx_ck_dcfifo1_48_inst/FF_11  (to slv_com_top_inst.CLKCOM_OUT +)
                   FF                        slv_com_top_inst/tx_com_inst/tx_cont_b2_inst/tx_ck_dcfifo1_48_inst/FF_12

   Delay:               5.914ns  (12.9% logic, 87.1% route), 2 logic levels.

 Constraint Details:

      5.914ns physical path delay slv_com_top_inst/rx_com_inst/rx_cont_b2_inst/rx_ctl_3rd_inst/SLICE_4788 to slv_com_top_inst/tx_com_inst/tx_cont_b2_inst/tx_ck_dcfifo1_48_inst/SLICE_5189 meets
    100.000ns delay constraint less
      0.000ns skew and
      0.000ns feedback compensation and
      0.800ns LSRREC_SET requirement (totaling 99.200ns) by 93.286ns

 Physical Path Details:

      Data path slv_com_top_inst/rx_com_inst/rx_cont_b2_inst/rx_ctl_3rd_inst/SLICE_4788 to slv_com_top_inst/tx_com_inst/tx_cont_b2_inst/tx_ck_dcfifo1_48_inst/SLICE_5189:

   Name    Fanout   Delay (ns)          Site               Resource
REG_DEL     ---     0.525    R43C60C.CLK to     R43C60C.Q0 slv_com_top_inst/rx_com_inst/rx_cont_b2_inst/rx_ctl_3rd_inst/SLICE_4788 (from slv_com_top_inst.CLK1)
ROUTE        17     1.206     R43C60C.Q0 to     R40C61C.A0 slv_com_top_inst/SYNC_FLG
CTOF_DEL    ---     0.236     R40C61C.A0 to     R40C61C.F0 slv_com_top_inst/slv_ctrl_top_inst/slv_rx_ctrl_inst/SLICE_10035
ROUTE        30     3.947     R40C61C.F0 to    R39C51D.LSR slv_com_top_inst/TX_RSTb_i_r11 (to slv_com_top_inst.CLKCOM_OUT)
                  --------
                    5.914   (12.9% logic, 87.1% route), 2 logic levels.

 Clock Skew Details: 

      Source Clock Path UP_CLK to slv_com_top_inst/rx_com_inst/rx_cont_b2_inst/rx_ctl_3rd_inst/SLICE_4788:

   Name    Fanout   Delay (ns)          Site               Resource
PADI_DEL    ---     1.140         M1.PAD to       M1.PADDI UP_CLK
ROUTE         1     0.383       M1.PADDI to   PLL_BL0.CLKI UP_CLK_c
CLKI2OS3_D  ---     0.000   PLL_BL0.CLKI to PLL_BL0.CLKOS3 slv_com_top_inst/clk_gen_inst2/PLL_inst/PLLInst_0
ROUTE       379     2.137 PLL_BL0.CLKOS3 to    R43C60C.CLK slv_com_top_inst.CLK1
                  --------
                    3.660   (31.1% logic, 68.9% route), 2 logic levels.

      Source Clock f/b:

   Name    Fanout   Delay (ns)          Site               Resource
CLKFB2OP_D  ---     0.000  PLL_BL0.CLKFB to  PLL_BL0.CLKOP slv_com_top_inst/clk_gen_inst2/PLL_inst/PLLInst_0
ROUTE       173     2.237  PLL_BL0.CLKOP to  PLL_BL0.CLKFB slv_com_top_inst.CLKCOM_OUT
                  --------
                    2.237   (0.0% logic, 100.0% route), 1 logic levels.

      Destination Clock Path UP_CLK to slv_com_top_inst/tx_com_inst/tx_cont_b2_inst/tx_ck_dcfifo1_48_inst/SLICE_5189:

   Name    Fanout   Delay (ns)          Site               Resource
PADI_DEL    ---     1.140         M1.PAD to       M1.PADDI UP_CLK
ROUTE         1     0.383       M1.PADDI to   PLL_BL0.CLKI UP_CLK_c
CLKI2OP_DE  ---     0.000   PLL_BL0.CLKI to  PLL_BL0.CLKOP slv_com_top_inst/clk_gen_inst2/PLL_inst/PLLInst_0
ROUTE       173     2.137  PLL_BL0.CLKOP to    R39C51D.CLK slv_com_top_inst.CLKCOM_OUT
                  --------
                    3.660   (31.1% logic, 68.9% route), 2 logic levels.

      Destination Clock f/b:

   Name    Fanout   Delay (ns)          Site               Resource
CLKFB2OP_D  ---     0.000  PLL_BL0.CLKFB to  PLL_BL0.CLKOP slv_com_top_inst/clk_gen_inst2/PLL_inst/PLLInst_0
ROUTE       173     2.237  PLL_BL0.CLKOP to  PLL_BL0.CLKFB slv_com_top_inst.CLKCOM_OUT
                  --------
                    2.237   (0.0% logic, 100.0% route), 1 logic levels.


================================================================================
Preference: MULTICYCLE FROM CLKNET "slv_com_top_inst.CLKCOM_OUT" TO CLKNET "slv_com_top_inst.CLK1" 2.000000 X ;
            118 items scored, 0 timing errors detected.
--------------------------------------------------------------------------------


Passed: The following path meets requirements by 100.339ns (weighted slack = 182.435ns)

 Logical Details:  Cell type  Pin type       Cell/ASIC name  (clock net +/-)

   Source:         FF         Q              slv_com_top_inst/rx_com_inst/rx_cont_b2_inst/crc_check_inst/crc_error  (from slv_com_top_inst.CLKCOM_OUT +)
   Destination:    FF         Data in        slv_com_top_inst/slv_ctrl_top_inst/slv_rx_ctrl_inst/LRSTb_r38  (to slv_com_top_inst.CLK1 +)

   Delay:               9.823ns  (7.7% logic, 92.3% route), 2 logic levels.

 Constraint Details:

      9.823ns physical path delay slv_com_top_inst/rx_com_inst/rx_cont_b2_inst/crc_check_inst/SLICE_4782 to slv_com_top_inst/slv_ctrl_top_inst/slv_rx_ctrl_inst/SLICE_4527 meets
    110.000ns delay constraint less
      0.000ns skew and
      0.000ns feedback compensation and
     -0.162ns M_SET requirement (totaling 110.162ns) by 100.339ns

 Physical Path Details:

      Data path slv_com_top_inst/rx_com_inst/rx_cont_b2_inst/crc_check_inst/SLICE_4782 to slv_com_top_inst/slv_ctrl_top_inst/slv_rx_ctrl_inst/SLICE_4527:

   Name    Fanout   Delay (ns)          Site               Resource
REG_DEL     ---     0.525    R44C55A.CLK to     R44C55A.Q0 slv_com_top_inst/rx_com_inst/rx_cont_b2_inst/crc_check_inst/SLICE_4782 (from slv_com_top_inst.CLKCOM_OUT)
ROUTE        14     2.395     R44C55A.Q0 to     R36C55B.C0 slv_com_top_inst/CRC_ERR
CTOF_DEL    ---     0.236     R36C55B.C0 to     R36C55B.F0 slv_com_top_inst/slv_ctrl_top_inst/slv_rx_ctrl_inst/SLICE_4508
ROUTE        47     6.667     R36C55B.F0 to     R34C20C.M0 slv_com_top_inst/slv_ctrl_top_inst/slv_rx_ctrl_inst/LRSTb_5 (to slv_com_top_inst.CLK1)
                  --------
                    9.823   (7.7% logic, 92.3% route), 2 logic levels.

 Clock Skew Details: 

      Source Clock Path UP_CLK to slv_com_top_inst/rx_com_inst/rx_cont_b2_inst/crc_check_inst/SLICE_4782:

   Name    Fanout   Delay (ns)          Site               Resource
PADI_DEL    ---     1.140         M1.PAD to       M1.PADDI UP_CLK
ROUTE         1     0.383       M1.PADDI to   PLL_BL0.CLKI UP_CLK_c
CLKI2OP_DE  ---     0.000   PLL_BL0.CLKI to  PLL_BL0.CLKOP slv_com_top_inst/clk_gen_inst2/PLL_inst/PLLInst_0
ROUTE       173     2.137  PLL_BL0.CLKOP to    R44C55A.CLK slv_com_top_inst.CLKCOM_OUT
                  --------
                    3.660   (31.1% logic, 68.9% route), 2 logic levels.

      Source Clock f/b:

   Name    Fanout   Delay (ns)          Site               Resource
CLKFB2OP_D  ---     0.000  PLL_BL0.CLKFB to  PLL_BL0.CLKOP slv_com_top_inst/clk_gen_inst2/PLL_inst/PLLInst_0
ROUTE       173     2.237  PLL_BL0.CLKOP to  PLL_BL0.CLKFB slv_com_top_inst.CLKCOM_OUT
                  --------
                    2.237   (0.0% logic, 100.0% route), 1 logic levels.

      Destination Clock Path UP_CLK to slv_com_top_inst/slv_ctrl_top_inst/slv_rx_ctrl_inst/SLICE_4527:

   Name    Fanout   Delay (ns)          Site               Resource
PADI_DEL    ---     1.140         M1.PAD to       M1.PADDI UP_CLK
ROUTE         1     0.383       M1.PADDI to   PLL_BL0.CLKI UP_CLK_c
CLKI2OS3_D  ---     0.000   PLL_BL0.CLKI to PLL_BL0.CLKOS3 slv_com_top_inst/clk_gen_inst2/PLL_inst/PLLInst_0
ROUTE       379     2.137 PLL_BL0.CLKOS3 to    R34C20C.CLK slv_com_top_inst.CLK1
                  --------
                    3.660   (31.1% logic, 68.9% route), 2 logic levels.

      Destination Clock f/b:

   Name    Fanout   Delay (ns)          Site               Resource
CLKFB2OP_D  ---     0.000  PLL_BL0.CLKFB to  PLL_BL0.CLKOP slv_com_top_inst/clk_gen_inst2/PLL_inst/PLLInst_0
ROUTE       173     2.237  PLL_BL0.CLKOP to  PLL_BL0.CLKFB slv_com_top_inst.CLKCOM_OUT
                  --------
                    2.237   (0.0% logic, 100.0% route), 1 logic levels.


Passed: The following path meets requirements by 100.340ns (weighted slack = 182.436ns)

 Logical Details:  Cell type  Pin type       Cell/ASIC name  (clock net +/-)

   Source:         FF         Q              slv_com_top_inst/rx_com_inst/rx_cont_b2_inst/crc_check_inst/crc_error  (from slv_com_top_inst.CLKCOM_OUT +)
   Destination:    FF         Data in        slv_com_top_inst/slv_ctrl_top_inst/slv_rx_ctrl_inst/LRSTb_r39  (to slv_com_top_inst.CLK1 +)

   Delay:               9.823ns  (7.7% logic, 92.3% route), 2 logic levels.

 Constraint Details:

      9.823ns physical path delay slv_com_top_inst/rx_com_inst/rx_cont_b2_inst/crc_check_inst/SLICE_4782 to slv_com_top_inst/slv_ctrl_top_inst/slv_rx_ctrl_inst/SLICE_4527 meets
    110.000ns delay constraint less
      0.000ns skew and
      0.000ns feedback compensation and
     -0.163ns M_SET requirement (totaling 110.163ns) by 100.340ns

 Physical Path Details:

      Data path slv_com_top_inst/rx_com_inst/rx_cont_b2_inst/crc_check_inst/SLICE_4782 to slv_com_top_inst/slv_ctrl_top_inst/slv_rx_ctrl_inst/SLICE_4527:

   Name    Fanout   Delay (ns)          Site               Resource
REG_DEL     ---     0.525    R44C55A.CLK to     R44C55A.Q0 slv_com_top_inst/rx_com_inst/rx_cont_b2_inst/crc_check_inst/SLICE_4782 (from slv_com_top_inst.CLKCOM_OUT)
ROUTE        14     2.395     R44C55A.Q0 to     R36C55B.C0 slv_com_top_inst/CRC_ERR
CTOF_DEL    ---     0.236     R36C55B.C0 to     R36C55B.F0 slv_com_top_inst/slv_ctrl_top_inst/slv_rx_ctrl_inst/SLICE_4508
ROUTE        47     6.667     R36C55B.F0 to     R34C20C.M1 slv_com_top_inst/slv_ctrl_top_inst/slv_rx_ctrl_inst/LRSTb_5 (to slv_com_top_inst.CLK1)
                  --------
                    9.823   (7.7% logic, 92.3% route), 2 logic levels.

 Clock Skew Details: 

      Source Clock Path UP_CLK to slv_com_top_inst/rx_com_inst/rx_cont_b2_inst/crc_check_inst/SLICE_4782:

   Name    Fanout   Delay (ns)          Site               Resource
PADI_DEL    ---     1.140         M1.PAD to       M1.PADDI UP_CLK
ROUTE         1     0.383       M1.PADDI to   PLL_BL0.CLKI UP_CLK_c
CLKI2OP_DE  ---     0.000   PLL_BL0.CLKI to  PLL_BL0.CLKOP slv_com_top_inst/clk_gen_inst2/PLL_inst/PLLInst_0
ROUTE       173     2.137  PLL_BL0.CLKOP to    R44C55A.CLK slv_com_top_inst.CLKCOM_OUT
                  --------
                    3.660   (31.1% logic, 68.9% route), 2 logic levels.

      Source Clock f/b:

   Name    Fanout   Delay (ns)          Site               Resource
CLKFB2OP_D  ---     0.000  PLL_BL0.CLKFB to  PLL_BL0.CLKOP slv_com_top_inst/clk_gen_inst2/PLL_inst/PLLInst_0
ROUTE       173     2.237  PLL_BL0.CLKOP to  PLL_BL0.CLKFB slv_com_top_inst.CLKCOM_OUT
                  --------
                    2.237   (0.0% logic, 100.0% route), 1 logic levels.

      Destination Clock Path UP_CLK to slv_com_top_inst/slv_ctrl_top_inst/slv_rx_ctrl_inst/SLICE_4527:

   Name    Fanout   Delay (ns)          Site               Resource
PADI_DEL    ---     1.140         M1.PAD to       M1.PADDI UP_CLK
ROUTE         1     0.383       M1.PADDI to   PLL_BL0.CLKI UP_CLK_c
CLKI2OS3_D  ---     0.000   PLL_BL0.CLKI to PLL_BL0.CLKOS3 slv_com_top_inst/clk_gen_inst2/PLL_inst/PLLInst_0
ROUTE       379     2.137 PLL_BL0.CLKOS3 to    R34C20C.CLK slv_com_top_inst.CLK1
                  --------
                    3.660   (31.1% logic, 68.9% route), 2 logic levels.

      Destination Clock f/b:

   Name    Fanout   Delay (ns)          Site               Resource
CLKFB2OP_D  ---     0.000  PLL_BL0.CLKFB to  PLL_BL0.CLKOP slv_com_top_inst/clk_gen_inst2/PLL_inst/PLLInst_0
ROUTE       173     2.237  PLL_BL0.CLKOP to  PLL_BL0.CLKFB slv_com_top_inst.CLKCOM_OUT
                  --------
                    2.237   (0.0% logic, 100.0% route), 1 logic levels.


Passed: The following path meets requirements by 100.424ns (weighted slack = 182.589ns)

 Logical Details:  Cell type  Pin type       Cell/ASIC name  (clock net +/-)

   Source:         FF         Q              slv_com_top_inst/rx_com_inst/rx_cont_b2_inst/crc_check_inst/crc_error  (from slv_com_top_inst.CLKCOM_OUT +)
   Destination:    FF         Data in        slv_com_top_inst/slv_ctrl_top_inst/slv_rx_ctrl_inst/LRSTb_r36  (to slv_com_top_inst.CLK1 +)

   Delay:               9.738ns  (7.8% logic, 92.2% route), 2 logic levels.

 Constraint Details:

      9.738ns physical path delay slv_com_top_inst/rx_com_inst/rx_cont_b2_inst/crc_check_inst/SLICE_4782 to slv_com_top_inst/slv_ctrl_top_inst/slv_rx_ctrl_inst/SLICE_4526 meets
    110.000ns delay constraint less
      0.000ns skew and
      0.000ns feedback compensation and
     -0.162ns M_SET requirement (totaling 110.162ns) by 100.424ns

 Physical Path Details:

      Data path slv_com_top_inst/rx_com_inst/rx_cont_b2_inst/crc_check_inst/SLICE_4782 to slv_com_top_inst/slv_ctrl_top_inst/slv_rx_ctrl_inst/SLICE_4526:

   Name    Fanout   Delay (ns)          Site               Resource
REG_DEL     ---     0.525    R44C55A.CLK to     R44C55A.Q0 slv_com_top_inst/rx_com_inst/rx_cont_b2_inst/crc_check_inst/SLICE_4782 (from slv_com_top_inst.CLKCOM_OUT)
ROUTE        14     2.395     R44C55A.Q0 to     R36C55B.C0 slv_com_top_inst/CRC_ERR
CTOF_DEL    ---     0.236     R36C55B.C0 to     R36C55B.F0 slv_com_top_inst/slv_ctrl_top_inst/slv_rx_ctrl_inst/SLICE_4508
ROUTE        47     6.582     R36C55B.F0 to     R39C26D.M0 slv_com_top_inst/slv_ctrl_top_inst/slv_rx_ctrl_inst/LRSTb_5 (to slv_com_top_inst.CLK1)
                  --------
                    9.738   (7.8% logic, 92.2% route), 2 logic levels.

 Clock Skew Details: 

      Source Clock Path UP_CLK to slv_com_top_inst/rx_com_inst/rx_cont_b2_inst/crc_check_inst/SLICE_4782:

   Name    Fanout   Delay (ns)          Site               Resource
PADI_DEL    ---     1.140         M1.PAD to       M1.PADDI UP_CLK
ROUTE         1     0.383       M1.PADDI to   PLL_BL0.CLKI UP_CLK_c
CLKI2OP_DE  ---     0.000   PLL_BL0.CLKI to  PLL_BL0.CLKOP slv_com_top_inst/clk_gen_inst2/PLL_inst/PLLInst_0
ROUTE       173     2.137  PLL_BL0.CLKOP to    R44C55A.CLK slv_com_top_inst.CLKCOM_OUT
                  --------
                    3.660   (31.1% logic, 68.9% route), 2 logic levels.

      Source Clock f/b:

   Name    Fanout   Delay (ns)          Site               Resource
CLKFB2OP_D  ---     0.000  PLL_BL0.CLKFB to  PLL_BL0.CLKOP slv_com_top_inst/clk_gen_inst2/PLL_inst/PLLInst_0
ROUTE       173     2.237  PLL_BL0.CLKOP to  PLL_BL0.CLKFB slv_com_top_inst.CLKCOM_OUT
                  --------
                    2.237   (0.0% logic, 100.0% route), 1 logic levels.

      Destination Clock Path UP_CLK to slv_com_top_inst/slv_ctrl_top_inst/slv_rx_ctrl_inst/SLICE_4526:

   Name    Fanout   Delay (ns)          Site               Resource
PADI_DEL    ---     1.140         M1.PAD to       M1.PADDI UP_CLK
ROUTE         1     0.383       M1.PADDI to   PLL_BL0.CLKI UP_CLK_c
CLKI2OS3_D  ---     0.000   PLL_BL0.CLKI to PLL_BL0.CLKOS3 slv_com_top_inst/clk_gen_inst2/PLL_inst/PLLInst_0
ROUTE       379     2.137 PLL_BL0.CLKOS3 to    R39C26D.CLK slv_com_top_inst.CLK1
                  --------
                    3.660   (31.1% logic, 68.9% route), 2 logic levels.

      Destination Clock f/b:

   Name    Fanout   Delay (ns)          Site               Resource
CLKFB2OP_D  ---     0.000  PLL_BL0.CLKFB to  PLL_BL0.CLKOP slv_com_top_inst/clk_gen_inst2/PLL_inst/PLLInst_0
ROUTE       173     2.237  PLL_BL0.CLKOP to  PLL_BL0.CLKFB slv_com_top_inst.CLKCOM_OUT
                  --------
                    2.237   (0.0% logic, 100.0% route), 1 logic levels.


Passed: The following path meets requirements by 100.425ns (weighted slack = 182.591ns)

 Logical Details:  Cell type  Pin type       Cell/ASIC name  (clock net +/-)

   Source:         FF         Q              slv_com_top_inst/rx_com_inst/rx_cont_b2_inst/crc_check_inst/crc_error  (from slv_com_top_inst.CLKCOM_OUT +)
   Destination:    FF         Data in        slv_com_top_inst/slv_ctrl_top_inst/slv_rx_ctrl_inst/LRSTb_r37  (to slv_com_top_inst.CLK1 +)

   Delay:               9.738ns  (7.8% logic, 92.2% route), 2 logic levels.

 Constraint Details:

      9.738ns physical path delay slv_com_top_inst/rx_com_inst/rx_cont_b2_inst/crc_check_inst/SLICE_4782 to slv_com_top_inst/slv_ctrl_top_inst/slv_rx_ctrl_inst/SLICE_4526 meets
    110.000ns delay constraint less
      0.000ns skew and
      0.000ns feedback compensation and
     -0.163ns M_SET requirement (totaling 110.163ns) by 100.425ns

 Physical Path Details:

      Data path slv_com_top_inst/rx_com_inst/rx_cont_b2_inst/crc_check_inst/SLICE_4782 to slv_com_top_inst/slv_ctrl_top_inst/slv_rx_ctrl_inst/SLICE_4526:

   Name    Fanout   Delay (ns)          Site               Resource
REG_DEL     ---     0.525    R44C55A.CLK to     R44C55A.Q0 slv_com_top_inst/rx_com_inst/rx_cont_b2_inst/crc_check_inst/SLICE_4782 (from slv_com_top_inst.CLKCOM_OUT)
ROUTE        14     2.395     R44C55A.Q0 to     R36C55B.C0 slv_com_top_inst/CRC_ERR
CTOF_DEL    ---     0.236     R36C55B.C0 to     R36C55B.F0 slv_com_top_inst/slv_ctrl_top_inst/slv_rx_ctrl_inst/SLICE_4508
ROUTE        47     6.582     R36C55B.F0 to     R39C26D.M1 slv_com_top_inst/slv_ctrl_top_inst/slv_rx_ctrl_inst/LRSTb_5 (to slv_com_top_inst.CLK1)
                  --------
                    9.738   (7.8% logic, 92.2% route), 2 logic levels.

 Clock Skew Details: 

      Source Clock Path UP_CLK to slv_com_top_inst/rx_com_inst/rx_cont_b2_inst/crc_check_inst/SLICE_4782:

   Name    Fanout   Delay (ns)          Site               Resource
PADI_DEL    ---     1.140         M1.PAD to       M1.PADDI UP_CLK
ROUTE         1     0.383       M1.PADDI to   PLL_BL0.CLKI UP_CLK_c
CLKI2OP_DE  ---     0.000   PLL_BL0.CLKI to  PLL_BL0.CLKOP slv_com_top_inst/clk_gen_inst2/PLL_inst/PLLInst_0
ROUTE       173     2.137  PLL_BL0.CLKOP to    R44C55A.CLK slv_com_top_inst.CLKCOM_OUT
                  --------
                    3.660   (31.1% logic, 68.9% route), 2 logic levels.

      Source Clock f/b:

   Name    Fanout   Delay (ns)          Site               Resource
CLKFB2OP_D  ---     0.000  PLL_BL0.CLKFB to  PLL_BL0.CLKOP slv_com_top_inst/clk_gen_inst2/PLL_inst/PLLInst_0
ROUTE       173     2.237  PLL_BL0.CLKOP to  PLL_BL0.CLKFB slv_com_top_inst.CLKCOM_OUT
                  --------
                    2.237   (0.0% logic, 100.0% route), 1 logic levels.

      Destination Clock Path UP_CLK to slv_com_top_inst/slv_ctrl_top_inst/slv_rx_ctrl_inst/SLICE_4526:

   Name    Fanout   Delay (ns)          Site               Resource
PADI_DEL    ---     1.140         M1.PAD to       M1.PADDI UP_CLK
ROUTE         1     0.383       M1.PADDI to   PLL_BL0.CLKI UP_CLK_c
CLKI2OS3_D  ---     0.000   PLL_BL0.CLKI to PLL_BL0.CLKOS3 slv_com_top_inst/clk_gen_inst2/PLL_inst/PLLInst_0
ROUTE       379     2.137 PLL_BL0.CLKOS3 to    R39C26D.CLK slv_com_top_inst.CLK1
                  --------
                    3.660   (31.1% logic, 68.9% route), 2 logic levels.

      Destination Clock f/b:

   Name    Fanout   Delay (ns)          Site               Resource
CLKFB2OP_D  ---     0.000  PLL_BL0.CLKFB to  PLL_BL0.CLKOP slv_com_top_inst/clk_gen_inst2/PLL_inst/PLLInst_0
ROUTE       173     2.237  PLL_BL0.CLKOP to  PLL_BL0.CLKFB slv_com_top_inst.CLKCOM_OUT
                  --------
                    2.237   (0.0% logic, 100.0% route), 1 logic levels.


Passed: The following path meets requirements by 100.678ns (weighted slack = 183.051ns)

 Logical Details:  Cell type  Pin type       Cell/ASIC name  (clock net +/-)

   Source:         FF         Q              slv_com_top_inst/rx_com_inst/rx_cont_b2_inst/crc_check_inst/crc_error  (from slv_com_top_inst.CLKCOM_OUT +)
   Destination:    FF         Data in        slv_com_top_inst/slv_ctrl_top_inst/slv_rx_ctrl_inst/LRSTb_r4  (to slv_com_top_inst.CLK1 +)

   Delay:               9.484ns  (8.0% logic, 92.0% route), 2 logic levels.

 Constraint Details:

      9.484ns physical path delay slv_com_top_inst/rx_com_inst/rx_cont_b2_inst/crc_check_inst/SLICE_4782 to slv_com_top_inst/slv_ctrl_top_inst/slv_rx_ctrl_inst/SLICE_4510 meets
    110.000ns delay constraint less
      0.000ns skew and
      0.000ns feedback compensation and
     -0.162ns M_SET requirement (totaling 110.162ns) by 100.678ns

 Physical Path Details:

      Data path slv_com_top_inst/rx_com_inst/rx_cont_b2_inst/crc_check_inst/SLICE_4782 to slv_com_top_inst/slv_ctrl_top_inst/slv_rx_ctrl_inst/SLICE_4510:

   Name    Fanout   Delay (ns)          Site               Resource
REG_DEL     ---     0.525    R44C55A.CLK to     R44C55A.Q0 slv_com_top_inst/rx_com_inst/rx_cont_b2_inst/crc_check_inst/SLICE_4782 (from slv_com_top_inst.CLKCOM_OUT)
ROUTE        14     2.395     R44C55A.Q0 to     R36C55B.C0 slv_com_top_inst/CRC_ERR
CTOF_DEL    ---     0.236     R36C55B.C0 to     R36C55B.F0 slv_com_top_inst/slv_ctrl_top_inst/slv_rx_ctrl_inst/SLICE_4508
ROUTE        47     6.328     R36C55B.F0 to     R38C19A.M0 slv_com_top_inst/slv_ctrl_top_inst/slv_rx_ctrl_inst/LRSTb_5 (to slv_com_top_inst.CLK1)
                  --------
                    9.484   (8.0% logic, 92.0% route), 2 logic levels.

 Clock Skew Details: 

      Source Clock Path UP_CLK to slv_com_top_inst/rx_com_inst/rx_cont_b2_inst/crc_check_inst/SLICE_4782:

   Name    Fanout   Delay (ns)          Site               Resource
PADI_DEL    ---     1.140         M1.PAD to       M1.PADDI UP_CLK
ROUTE         1     0.383       M1.PADDI to   PLL_BL0.CLKI UP_CLK_c
CLKI2OP_DE  ---     0.000   PLL_BL0.CLKI to  PLL_BL0.CLKOP slv_com_top_inst/clk_gen_inst2/PLL_inst/PLLInst_0
ROUTE       173     2.137  PLL_BL0.CLKOP to    R44C55A.CLK slv_com_top_inst.CLKCOM_OUT
                  --------
                    3.660   (31.1% logic, 68.9% route), 2 logic levels.

      Source Clock f/b:

   Name    Fanout   Delay (ns)          Site               Resource
CLKFB2OP_D  ---     0.000  PLL_BL0.CLKFB to  PLL_BL0.CLKOP slv_com_top_inst/clk_gen_inst2/PLL_inst/PLLInst_0
ROUTE       173     2.237  PLL_BL0.CLKOP to  PLL_BL0.CLKFB slv_com_top_inst.CLKCOM_OUT
                  --------
                    2.237   (0.0% logic, 100.0% route), 1 logic levels.

      Destination Clock Path UP_CLK to slv_com_top_inst/slv_ctrl_top_inst/slv_rx_ctrl_inst/SLICE_4510:

   Name    Fanout   Delay (ns)          Site               Resource
PADI_DEL    ---     1.140         M1.PAD to       M1.PADDI UP_CLK
ROUTE         1     0.383       M1.PADDI to   PLL_BL0.CLKI UP_CLK_c
CLKI2OS3_D  ---     0.000   PLL_BL0.CLKI to PLL_BL0.CLKOS3 slv_com_top_inst/clk_gen_inst2/PLL_inst/PLLInst_0
ROUTE       379     2.137 PLL_BL0.CLKOS3 to    R38C19A.CLK slv_com_top_inst.CLK1
                  --------
                    3.660   (31.1% logic, 68.9% route), 2 logic levels.

      Destination Clock f/b:

   Name    Fanout   Delay (ns)          Site               Resource
CLKFB2OP_D  ---     0.000  PLL_BL0.CLKFB to  PLL_BL0.CLKOP slv_com_top_inst/clk_gen_inst2/PLL_inst/PLLInst_0
ROUTE       173     2.237  PLL_BL0.CLKOP to  PLL_BL0.CLKFB slv_com_top_inst.CLKCOM_OUT
                  --------
                    2.237   (0.0% logic, 100.0% route), 1 logic levels.


Passed: The following path meets requirements by 100.679ns (weighted slack = 183.053ns)

 Logical Details:  Cell type  Pin type       Cell/ASIC name  (clock net +/-)

   Source:         FF         Q              slv_com_top_inst/rx_com_inst/rx_cont_b2_inst/crc_check_inst/crc_error  (from slv_com_top_inst.CLKCOM_OUT +)
   Destination:    FF         Data in        slv_com_top_inst/slv_ctrl_top_inst/slv_rx_ctrl_inst/LRSTb_r5  (to slv_com_top_inst.CLK1 +)

   Delay:               9.484ns  (8.0% logic, 92.0% route), 2 logic levels.

 Constraint Details:

      9.484ns physical path delay slv_com_top_inst/rx_com_inst/rx_cont_b2_inst/crc_check_inst/SLICE_4782 to slv_com_top_inst/slv_ctrl_top_inst/slv_rx_ctrl_inst/SLICE_4510 meets
    110.000ns delay constraint less
      0.000ns skew and
      0.000ns feedback compensation and
     -0.163ns M_SET requirement (totaling 110.163ns) by 100.679ns

 Physical Path Details:

      Data path slv_com_top_inst/rx_com_inst/rx_cont_b2_inst/crc_check_inst/SLICE_4782 to slv_com_top_inst/slv_ctrl_top_inst/slv_rx_ctrl_inst/SLICE_4510:

   Name    Fanout   Delay (ns)          Site               Resource
REG_DEL     ---     0.525    R44C55A.CLK to     R44C55A.Q0 slv_com_top_inst/rx_com_inst/rx_cont_b2_inst/crc_check_inst/SLICE_4782 (from slv_com_top_inst.CLKCOM_OUT)
ROUTE        14     2.395     R44C55A.Q0 to     R36C55B.C0 slv_com_top_inst/CRC_ERR
CTOF_DEL    ---     0.236     R36C55B.C0 to     R36C55B.F0 slv_com_top_inst/slv_ctrl_top_inst/slv_rx_ctrl_inst/SLICE_4508
ROUTE        47     6.328     R36C55B.F0 to     R38C19A.M1 slv_com_top_inst/slv_ctrl_top_inst/slv_rx_ctrl_inst/LRSTb_5 (to slv_com_top_inst.CLK1)
                  --------
                    9.484   (8.0% logic, 92.0% route), 2 logic levels.

 Clock Skew Details: 

      Source Clock Path UP_CLK to slv_com_top_inst/rx_com_inst/rx_cont_b2_inst/crc_check_inst/SLICE_4782:

   Name    Fanout   Delay (ns)          Site               Resource
PADI_DEL    ---     1.140         M1.PAD to       M1.PADDI UP_CLK
ROUTE         1     0.383       M1.PADDI to   PLL_BL0.CLKI UP_CLK_c
CLKI2OP_DE  ---     0.000   PLL_BL0.CLKI to  PLL_BL0.CLKOP slv_com_top_inst/clk_gen_inst2/PLL_inst/PLLInst_0
ROUTE       173     2.137  PLL_BL0.CLKOP to    R44C55A.CLK slv_com_top_inst.CLKCOM_OUT
                  --------
                    3.660   (31.1% logic, 68.9% route), 2 logic levels.

      Source Clock f/b:

   Name    Fanout   Delay (ns)          Site               Resource
CLKFB2OP_D  ---     0.000  PLL_BL0.CLKFB to  PLL_BL0.CLKOP slv_com_top_inst/clk_gen_inst2/PLL_inst/PLLInst_0
ROUTE       173     2.237  PLL_BL0.CLKOP to  PLL_BL0.CLKFB slv_com_top_inst.CLKCOM_OUT
                  --------
                    2.237   (0.0% logic, 100.0% route), 1 logic levels.

      Destination Clock Path UP_CLK to slv_com_top_inst/slv_ctrl_top_inst/slv_rx_ctrl_inst/SLICE_4510:

   Name    Fanout   Delay (ns)          Site               Resource
PADI_DEL    ---     1.140         M1.PAD to       M1.PADDI UP_CLK
ROUTE         1     0.383       M1.PADDI to   PLL_BL0.CLKI UP_CLK_c
CLKI2OS3_D  ---     0.000   PLL_BL0.CLKI to PLL_BL0.CLKOS3 slv_com_top_inst/clk_gen_inst2/PLL_inst/PLLInst_0
ROUTE       379     2.137 PLL_BL0.CLKOS3 to    R38C19A.CLK slv_com_top_inst.CLK1
                  --------
                    3.660   (31.1% logic, 68.9% route), 2 logic levels.

      Destination Clock f/b:

   Name    Fanout   Delay (ns)          Site               Resource
CLKFB2OP_D  ---     0.000  PLL_BL0.CLKFB to  PLL_BL0.CLKOP slv_com_top_inst/clk_gen_inst2/PLL_inst/PLLInst_0
ROUTE       173     2.237  PLL_BL0.CLKOP to  PLL_BL0.CLKFB slv_com_top_inst.CLKCOM_OUT
                  --------
                    2.237   (0.0% logic, 100.0% route), 1 logic levels.


Passed: The following path meets requirements by 100.953ns (weighted slack = 183.551ns)

 Logical Details:  Cell type  Pin type       Cell/ASIC name  (clock net +/-)

   Source:         FF         Q              slv_com_top_inst/rx_com_inst/rx_cont_b2_inst/crc_check_inst/crc_error  (from slv_com_top_inst.CLKCOM_OUT +)
   Destination:    FF         Data in        slv_com_top_inst/slv_ctrl_top_inst/slv_rx_ctrl_inst/LRSTb_r6  (to slv_com_top_inst.CLK1 +)

   Delay:               9.209ns  (8.3% logic, 91.7% route), 2 logic levels.

 Constraint Details:

      9.209ns physical path delay slv_com_top_inst/rx_com_inst/rx_cont_b2_inst/crc_check_inst/SLICE_4782 to slv_com_top_inst/slv_ctrl_top_inst/slv_rx_ctrl_inst/SLICE_4511 meets
    110.000ns delay constraint less
      0.000ns skew and
      0.000ns feedback compensation and
     -0.162ns M_SET requirement (totaling 110.162ns) by 100.953ns

 Physical Path Details:

      Data path slv_com_top_inst/rx_com_inst/rx_cont_b2_inst/crc_check_inst/SLICE_4782 to slv_com_top_inst/slv_ctrl_top_inst/slv_rx_ctrl_inst/SLICE_4511:

   Name    Fanout   Delay (ns)          Site               Resource
REG_DEL     ---     0.525    R44C55A.CLK to     R44C55A.Q0 slv_com_top_inst/rx_com_inst/rx_cont_b2_inst/crc_check_inst/SLICE_4782 (from slv_com_top_inst.CLKCOM_OUT)
ROUTE        14     2.395     R44C55A.Q0 to     R36C55B.C0 slv_com_top_inst/CRC_ERR
CTOF_DEL    ---     0.236     R36C55B.C0 to     R36C55B.F0 slv_com_top_inst/slv_ctrl_top_inst/slv_rx_ctrl_inst/SLICE_4508
ROUTE        47     6.053     R36C55B.F0 to     R39C14D.M0 slv_com_top_inst/slv_ctrl_top_inst/slv_rx_ctrl_inst/LRSTb_5 (to slv_com_top_inst.CLK1)
                  --------
                    9.209   (8.3% logic, 91.7% route), 2 logic levels.

 Clock Skew Details: 

      Source Clock Path UP_CLK to slv_com_top_inst/rx_com_inst/rx_cont_b2_inst/crc_check_inst/SLICE_4782:

   Name    Fanout   Delay (ns)          Site               Resource
PADI_DEL    ---     1.140         M1.PAD to       M1.PADDI UP_CLK
ROUTE         1     0.383       M1.PADDI to   PLL_BL0.CLKI UP_CLK_c
CLKI2OP_DE  ---     0.000   PLL_BL0.CLKI to  PLL_BL0.CLKOP slv_com_top_inst/clk_gen_inst2/PLL_inst/PLLInst_0
ROUTE       173     2.137  PLL_BL0.CLKOP to    R44C55A.CLK slv_com_top_inst.CLKCOM_OUT
                  --------
                    3.660   (31.1% logic, 68.9% route), 2 logic levels.

      Source Clock f/b:

   Name    Fanout   Delay (ns)          Site               Resource
CLKFB2OP_D  ---     0.000  PLL_BL0.CLKFB to  PLL_BL0.CLKOP slv_com_top_inst/clk_gen_inst2/PLL_inst/PLLInst_0
ROUTE       173     2.237  PLL_BL0.CLKOP to  PLL_BL0.CLKFB slv_com_top_inst.CLKCOM_OUT
                  --------
                    2.237   (0.0% logic, 100.0% route), 1 logic levels.

      Destination Clock Path UP_CLK to slv_com_top_inst/slv_ctrl_top_inst/slv_rx_ctrl_inst/SLICE_4511:

   Name    Fanout   Delay (ns)          Site               Resource
PADI_DEL    ---     1.140         M1.PAD to       M1.PADDI UP_CLK
ROUTE         1     0.383       M1.PADDI to   PLL_BL0.CLKI UP_CLK_c
CLKI2OS3_D  ---     0.000   PLL_BL0.CLKI to PLL_BL0.CLKOS3 slv_com_top_inst/clk_gen_inst2/PLL_inst/PLLInst_0
ROUTE       379     2.137 PLL_BL0.CLKOS3 to    R39C14D.CLK slv_com_top_inst.CLK1
                  --------
                    3.660   (31.1% logic, 68.9% route), 2 logic levels.

      Destination Clock f/b:

   Name    Fanout   Delay (ns)          Site               Resource
CLKFB2OP_D  ---     0.000  PLL_BL0.CLKFB to  PLL_BL0.CLKOP slv_com_top_inst/clk_gen_inst2/PLL_inst/PLLInst_0
ROUTE       173     2.237  PLL_BL0.CLKOP to  PLL_BL0.CLKFB slv_com_top_inst.CLKCOM_OUT
                  --------
                    2.237   (0.0% logic, 100.0% route), 1 logic levels.


Passed: The following path meets requirements by 100.954ns (weighted slack = 183.553ns)

 Logical Details:  Cell type  Pin type       Cell/ASIC name  (clock net +/-)

   Source:         FF         Q              slv_com_top_inst/rx_com_inst/rx_cont_b2_inst/crc_check_inst/crc_error  (from slv_com_top_inst.CLKCOM_OUT +)
   Destination:    FF         Data in        slv_com_top_inst/slv_ctrl_top_inst/slv_rx_ctrl_inst/LRSTb_r7  (to slv_com_top_inst.CLK1 +)

   Delay:               9.209ns  (8.3% logic, 91.7% route), 2 logic levels.

 Constraint Details:

      9.209ns physical path delay slv_com_top_inst/rx_com_inst/rx_cont_b2_inst/crc_check_inst/SLICE_4782 to slv_com_top_inst/slv_ctrl_top_inst/slv_rx_ctrl_inst/SLICE_4511 meets
    110.000ns delay constraint less
      0.000ns skew and
      0.000ns feedback compensation and
     -0.163ns M_SET requirement (totaling 110.163ns) by 100.954ns

 Physical Path Details:

      Data path slv_com_top_inst/rx_com_inst/rx_cont_b2_inst/crc_check_inst/SLICE_4782 to slv_com_top_inst/slv_ctrl_top_inst/slv_rx_ctrl_inst/SLICE_4511:

   Name    Fanout   Delay (ns)          Site               Resource
REG_DEL     ---     0.525    R44C55A.CLK to     R44C55A.Q0 slv_com_top_inst/rx_com_inst/rx_cont_b2_inst/crc_check_inst/SLICE_4782 (from slv_com_top_inst.CLKCOM_OUT)
ROUTE        14     2.395     R44C55A.Q0 to     R36C55B.C0 slv_com_top_inst/CRC_ERR
CTOF_DEL    ---     0.236     R36C55B.C0 to     R36C55B.F0 slv_com_top_inst/slv_ctrl_top_inst/slv_rx_ctrl_inst/SLICE_4508
ROUTE        47     6.053     R36C55B.F0 to     R39C14D.M1 slv_com_top_inst/slv_ctrl_top_inst/slv_rx_ctrl_inst/LRSTb_5 (to slv_com_top_inst.CLK1)
                  --------
                    9.209   (8.3% logic, 91.7% route), 2 logic levels.

 Clock Skew Details: 

      Source Clock Path UP_CLK to slv_com_top_inst/rx_com_inst/rx_cont_b2_inst/crc_check_inst/SLICE_4782:

   Name    Fanout   Delay (ns)          Site               Resource
PADI_DEL    ---     1.140         M1.PAD to       M1.PADDI UP_CLK
ROUTE         1     0.383       M1.PADDI to   PLL_BL0.CLKI UP_CLK_c
CLKI2OP_DE  ---     0.000   PLL_BL0.CLKI to  PLL_BL0.CLKOP slv_com_top_inst/clk_gen_inst2/PLL_inst/PLLInst_0
ROUTE       173     2.137  PLL_BL0.CLKOP to    R44C55A.CLK slv_com_top_inst.CLKCOM_OUT
                  --------
                    3.660   (31.1% logic, 68.9% route), 2 logic levels.

      Source Clock f/b:

   Name    Fanout   Delay (ns)          Site               Resource
CLKFB2OP_D  ---     0.000  PLL_BL0.CLKFB to  PLL_BL0.CLKOP slv_com_top_inst/clk_gen_inst2/PLL_inst/PLLInst_0
ROUTE       173     2.237  PLL_BL0.CLKOP to  PLL_BL0.CLKFB slv_com_top_inst.CLKCOM_OUT
                  --------
                    2.237   (0.0% logic, 100.0% route), 1 logic levels.

      Destination Clock Path UP_CLK to slv_com_top_inst/slv_ctrl_top_inst/slv_rx_ctrl_inst/SLICE_4511:

   Name    Fanout   Delay (ns)          Site               Resource
PADI_DEL    ---     1.140         M1.PAD to       M1.PADDI UP_CLK
ROUTE         1     0.383       M1.PADDI to   PLL_BL0.CLKI UP_CLK_c
CLKI2OS3_D  ---     0.000   PLL_BL0.CLKI to PLL_BL0.CLKOS3 slv_com_top_inst/clk_gen_inst2/PLL_inst/PLLInst_0
ROUTE       379     2.137 PLL_BL0.CLKOS3 to    R39C14D.CLK slv_com_top_inst.CLK1
                  --------
                    3.660   (31.1% logic, 68.9% route), 2 logic levels.

      Destination Clock f/b:

   Name    Fanout   Delay (ns)          Site               Resource
CLKFB2OP_D  ---     0.000  PLL_BL0.CLKFB to  PLL_BL0.CLKOP slv_com_top_inst/clk_gen_inst2/PLL_inst/PLLInst_0
ROUTE       173     2.237  PLL_BL0.CLKOP to  PLL_BL0.CLKFB slv_com_top_inst.CLKCOM_OUT
                  --------
                    2.237   (0.0% logic, 100.0% route), 1 logic levels.


Passed: The following path meets requirements by 101.551ns (weighted slack = 184.638ns)

 Logical Details:  Cell type  Pin type       Cell/ASIC name  (clock net +/-)

   Source:         FF         Q              slv_com_top_inst/rx_com_inst/rx_cont_b2_inst/crc_check_inst/crc_error  (from slv_com_top_inst.CLKCOM_OUT +)
   Destination:    FF         Data in        slv_com_top_inst/slv_ctrl_top_inst/slv_rx_ctrl_inst/LRSTb_r30  (to slv_com_top_inst.CLK1 +)

   Delay:               8.611ns  (8.8% logic, 91.2% route), 2 logic levels.

 Constraint Details:

      8.611ns physical path delay slv_com_top_inst/rx_com_inst/rx_cont_b2_inst/crc_check_inst/SLICE_4782 to slv_com_top_inst/slv_ctrl_top_inst/slv_rx_ctrl_inst/SLICE_4523 meets
    110.000ns delay constraint less
      0.000ns skew and
      0.000ns feedback compensation and
     -0.162ns M_SET requirement (totaling 110.162ns) by 101.551ns

 Physical Path Details:

      Data path slv_com_top_inst/rx_com_inst/rx_cont_b2_inst/crc_check_inst/SLICE_4782 to slv_com_top_inst/slv_ctrl_top_inst/slv_rx_ctrl_inst/SLICE_4523:

   Name    Fanout   Delay (ns)          Site               Resource
REG_DEL     ---     0.525    R44C55A.CLK to     R44C55A.Q0 slv_com_top_inst/rx_com_inst/rx_cont_b2_inst/crc_check_inst/SLICE_4782 (from slv_com_top_inst.CLKCOM_OUT)
ROUTE        14     2.395     R44C55A.Q0 to     R36C55B.C0 slv_com_top_inst/CRC_ERR
CTOF_DEL    ---     0.236     R36C55B.C0 to     R36C55B.F0 slv_com_top_inst/slv_ctrl_top_inst/slv_rx_ctrl_inst/SLICE_4508
ROUTE        47     5.455     R36C55B.F0 to     R35C14C.M0 slv_com_top_inst/slv_ctrl_top_inst/slv_rx_ctrl_inst/LRSTb_5 (to slv_com_top_inst.CLK1)
                  --------
                    8.611   (8.8% logic, 91.2% route), 2 logic levels.

 Clock Skew Details: 

      Source Clock Path UP_CLK to slv_com_top_inst/rx_com_inst/rx_cont_b2_inst/crc_check_inst/SLICE_4782:

   Name    Fanout   Delay (ns)          Site               Resource
PADI_DEL    ---     1.140         M1.PAD to       M1.PADDI UP_CLK
ROUTE         1     0.383       M1.PADDI to   PLL_BL0.CLKI UP_CLK_c
CLKI2OP_DE  ---     0.000   PLL_BL0.CLKI to  PLL_BL0.CLKOP slv_com_top_inst/clk_gen_inst2/PLL_inst/PLLInst_0
ROUTE       173     2.137  PLL_BL0.CLKOP to    R44C55A.CLK slv_com_top_inst.CLKCOM_OUT
                  --------
                    3.660   (31.1% logic, 68.9% route), 2 logic levels.

      Source Clock f/b:

   Name    Fanout   Delay (ns)          Site               Resource
CLKFB2OP_D  ---     0.000  PLL_BL0.CLKFB to  PLL_BL0.CLKOP slv_com_top_inst/clk_gen_inst2/PLL_inst/PLLInst_0
ROUTE       173     2.237  PLL_BL0.CLKOP to  PLL_BL0.CLKFB slv_com_top_inst.CLKCOM_OUT
                  --------
                    2.237   (0.0% logic, 100.0% route), 1 logic levels.

      Destination Clock Path UP_CLK to slv_com_top_inst/slv_ctrl_top_inst/slv_rx_ctrl_inst/SLICE_4523:

   Name    Fanout   Delay (ns)          Site               Resource
PADI_DEL    ---     1.140         M1.PAD to       M1.PADDI UP_CLK
ROUTE         1     0.383       M1.PADDI to   PLL_BL0.CLKI UP_CLK_c
CLKI2OS3_D  ---     0.000   PLL_BL0.CLKI to PLL_BL0.CLKOS3 slv_com_top_inst/clk_gen_inst2/PLL_inst/PLLInst_0
ROUTE       379     2.137 PLL_BL0.CLKOS3 to    R35C14C.CLK slv_com_top_inst.CLK1
                  --------
                    3.660   (31.1% logic, 68.9% route), 2 logic levels.

      Destination Clock f/b:

   Name    Fanout   Delay (ns)          Site               Resource
CLKFB2OP_D  ---     0.000  PLL_BL0.CLKFB to  PLL_BL0.CLKOP slv_com_top_inst/clk_gen_inst2/PLL_inst/PLLInst_0
ROUTE       173     2.237  PLL_BL0.CLKOP to  PLL_BL0.CLKFB slv_com_top_inst.CLKCOM_OUT
                  --------
                    2.237   (0.0% logic, 100.0% route), 1 logic levels.


Passed: The following path meets requirements by 101.551ns (weighted slack = 184.638ns)

 Logical Details:  Cell type  Pin type       Cell/ASIC name  (clock net +/-)

   Source:         FF         Q              slv_com_top_inst/rx_com_inst/rx_cont_b2_inst/crc_check_inst/crc_error  (from slv_com_top_inst.CLKCOM_OUT +)
   Destination:    FF         Data in        slv_com_top_inst/slv_ctrl_top_inst/slv_rx_ctrl_inst/LRSTb_r32  (to slv_com_top_inst.CLK1 +)

   Delay:               8.611ns  (8.8% logic, 91.2% route), 2 logic levels.

 Constraint Details:

      8.611ns physical path delay slv_com_top_inst/rx_com_inst/rx_cont_b2_inst/crc_check_inst/SLICE_4782 to slv_com_top_inst/slv_ctrl_top_inst/slv_rx_ctrl_inst/SLICE_4524 meets
    110.000ns delay constraint less
      0.000ns skew and
      0.000ns feedback compensation and
     -0.162ns M_SET requirement (totaling 110.162ns) by 101.551ns

 Physical Path Details:

      Data path slv_com_top_inst/rx_com_inst/rx_cont_b2_inst/crc_check_inst/SLICE_4782 to slv_com_top_inst/slv_ctrl_top_inst/slv_rx_ctrl_inst/SLICE_4524:

   Name    Fanout   Delay (ns)          Site               Resource
REG_DEL     ---     0.525    R44C55A.CLK to     R44C55A.Q0 slv_com_top_inst/rx_com_inst/rx_cont_b2_inst/crc_check_inst/SLICE_4782 (from slv_com_top_inst.CLKCOM_OUT)
ROUTE        14     2.395     R44C55A.Q0 to     R36C55B.C0 slv_com_top_inst/CRC_ERR
CTOF_DEL    ---     0.236     R36C55B.C0 to     R36C55B.F0 slv_com_top_inst/slv_ctrl_top_inst/slv_rx_ctrl_inst/SLICE_4508
ROUTE        47     5.455     R36C55B.F0 to     R35C14B.M0 slv_com_top_inst/slv_ctrl_top_inst/slv_rx_ctrl_inst/LRSTb_5 (to slv_com_top_inst.CLK1)
                  --------
                    8.611   (8.8% logic, 91.2% route), 2 logic levels.

 Clock Skew Details: 

      Source Clock Path UP_CLK to slv_com_top_inst/rx_com_inst/rx_cont_b2_inst/crc_check_inst/SLICE_4782:

   Name    Fanout   Delay (ns)          Site               Resource
PADI_DEL    ---     1.140         M1.PAD to       M1.PADDI UP_CLK
ROUTE         1     0.383       M1.PADDI to   PLL_BL0.CLKI UP_CLK_c
CLKI2OP_DE  ---     0.000   PLL_BL0.CLKI to  PLL_BL0.CLKOP slv_com_top_inst/clk_gen_inst2/PLL_inst/PLLInst_0
ROUTE       173     2.137  PLL_BL0.CLKOP to    R44C55A.CLK slv_com_top_inst.CLKCOM_OUT
                  --------
                    3.660   (31.1% logic, 68.9% route), 2 logic levels.

      Source Clock f/b:

   Name    Fanout   Delay (ns)          Site               Resource
CLKFB2OP_D  ---     0.000  PLL_BL0.CLKFB to  PLL_BL0.CLKOP slv_com_top_inst/clk_gen_inst2/PLL_inst/PLLInst_0
ROUTE       173     2.237  PLL_BL0.CLKOP to  PLL_BL0.CLKFB slv_com_top_inst.CLKCOM_OUT
                  --------
                    2.237   (0.0% logic, 100.0% route), 1 logic levels.

      Destination Clock Path UP_CLK to slv_com_top_inst/slv_ctrl_top_inst/slv_rx_ctrl_inst/SLICE_4524:

   Name    Fanout   Delay (ns)          Site               Resource
PADI_DEL    ---     1.140         M1.PAD to       M1.PADDI UP_CLK
ROUTE         1     0.383       M1.PADDI to   PLL_BL0.CLKI UP_CLK_c
CLKI2OS3_D  ---     0.000   PLL_BL0.CLKI to PLL_BL0.CLKOS3 slv_com_top_inst/clk_gen_inst2/PLL_inst/PLLInst_0
ROUTE       379     2.137 PLL_BL0.CLKOS3 to    R35C14B.CLK slv_com_top_inst.CLK1
                  --------
                    3.660   (31.1% logic, 68.9% route), 2 logic levels.

      Destination Clock f/b:

   Name    Fanout   Delay (ns)          Site               Resource
CLKFB2OP_D  ---     0.000  PLL_BL0.CLKFB to  PLL_BL0.CLKOP slv_com_top_inst/clk_gen_inst2/PLL_inst/PLLInst_0
ROUTE       173     2.237  PLL_BL0.CLKOP to  PLL_BL0.CLKFB slv_com_top_inst.CLKCOM_OUT
                  --------
                    2.237   (0.0% logic, 100.0% route), 1 logic levels.


================================================================================
Preference: MULTICYCLE FROM CLKNET "slv_com_top_inst.CLK1" TO CLKNET "slv_com_top_inst/CLK2A" 10.000000 X ;
            0 items scored, 0 timing errors detected.
--------------------------------------------------------------------------------


================================================================================
Preference: MULTICYCLE FROM CLKNET "slv_com_top_inst/CLK2A" TO CLKNET "slv_com_top_inst.CLK1" 2.000000 X ;
            0 items scored, 0 timing errors detected.
--------------------------------------------------------------------------------

Report Summary
--------------
----------------------------------------------------------------------------
Preference                              |   Constraint|       Actual|Levels
----------------------------------------------------------------------------
                                        |             |             |
FREQUENCY NET "s_PLL_CLK20M" 20.000000  |             |             |
MHz ;                                   |   20.000 MHz|   60.306 MHz|  12  
                                        |             |             |
FREQUENCY NET "slv_com_top_inst.CLK1"   |             |             |
10.000000 MHz ;                         |   10.000 MHz|   32.641 MHz|  20  
                                        |             |             |
FREQUENCY NET                           |             |             |
"slv_com_top_inst.CLKCOM_OUT"           |             |             |
100.000000 MHz ;                        |  100.000 MHz|  101.636 MHz|   2  
                                        |             |             |
FREQUENCY NET "slv_com_top_inst/CLK2A"  |             |             |
100.000000 MHz ;                        |  100.000 MHz|  185.908 MHz|   2  
                                        |             |             |
FREQUENCY NET "UP_CLK_c" 20.000000 MHz  |             |             |
;                                       |            -|            -|   0  
                                        |             |             |
FREQUENCY PORT "UP_CLK" 20.000000 MHz ; |   20.000 MHz|  200.000 MHz|   0  
                                        |             |             |
MULTICYCLE FROM CLKNET "s_PLL_CLK20M"   |             |             |
TO CLKNET "slv_com_top_inst.CLK1"       |             |             |
2.000000 X ;                            |   150.000 ns|    16.468 ns|  21  
                                        |             |             |
MULTICYCLE FROM CLKNET                  |             |             |
"slv_com_top_inst.CLK1" TO CLKNET       |             |             |
"s_PLL_CLK20M" 2.000000 X ;             |   100.000 ns|    21.331 ns|  14  
                                        |             |             |
MULTICYCLE FROM CLKNET                  |             |             |
"slv_com_top_inst.CLK1" TO CLKNET       |             |             |
"slv_com_top_inst.CLKCOM_OUT" 10.000000 |             |             |
X ;                                     |   100.000 ns|     7.466 ns|   2  
                                        |             |             |
MULTICYCLE FROM CLKNET                  |             |             |
"slv_com_top_inst.CLKCOM_OUT" TO CLKNET |             |             |
"slv_com_top_inst.CLK1" 2.000000 X ;    |   110.000 ns|     9.661 ns|   2  
                                        |             |             |
MULTICYCLE FROM CLKNET                  |             |             |
"slv_com_top_inst.CLK1" TO CLKNET       |             |             |
"slv_com_top_inst/CLK2A" 10.000000 X ;  |            -|            -|   0  
                                        |             |             |
MULTICYCLE FROM CLKNET                  |             |             |
"slv_com_top_inst/CLK2A" TO CLKNET      |             |             |
"slv_com_top_inst.CLK1" 2.000000 X ;    |            -|            -|   0  
                                        |             |             |
----------------------------------------------------------------------------


All preferences were met.


Clock Domains Analysis
------------------------

Found 6 clocks:

Clock Domain: slv_com_top_inst/CLK2A   Source: slv_com_top_inst/clk_gen_inst2/PLL_inst/PLLInst_0.CLKOS   Loads: 16
   Covered under: FREQUENCY NET "slv_com_top_inst/CLK2A" 100.000000 MHz ;

   Data transfers from:
   Clock Domain: slv_com_top_inst.CLKCOM_OUT   Source: slv_com_top_inst/clk_gen_inst2/PLL_inst/PLLInst_0.CLKOP
      Covered under: FREQUENCY NET "slv_com_top_inst/CLK2A" 100.000000 MHz ;   Transfers: 2

   Clock Domain: s_PLL_CLK20M   Source: slv_com_top_inst/clk_gen_inst2/PLL_inst/PLLInst_0.CLKOS2
      Blocked under: BLOCK PATH FROM CLKNET "s_PLL_CLK20M" TO CLKNET "slv_com_top_inst/CLK2A" ;

   Clock Domain: CLK20M_c   Source: CLK20M.PAD
      Blocked under: BLOCK PATH FROM CLKNET "CLK20M_c" TO CLKNET "slv_com_top_inst/CLK2A" ;

Clock Domain: slv_com_top_inst.CLKCOM_OUT   Source: slv_com_top_inst/clk_gen_inst2/PLL_inst/PLLInst_0.CLKOP   Loads: 173
   Covered under: FREQUENCY NET "slv_com_top_inst.CLKCOM_OUT" 100.000000 MHz ;

   Data transfers from:
   Clock Domain: slv_com_top_inst/CLK2A   Source: slv_com_top_inst/clk_gen_inst2/PLL_inst/PLLInst_0.CLKOS
      Covered under: FREQUENCY NET "slv_com_top_inst.CLKCOM_OUT" 100.000000 MHz ;   Transfers: 4

   Clock Domain: slv_com_top_inst.CLK1   Source: slv_com_top_inst/clk_gen_inst2/PLL_inst/PLLInst_0.CLKOS3
      Covered under: MULTICYCLE FROM CLKNET "slv_com_top_inst.CLK1" TO CLKNET "slv_com_top_inst.CLKCOM_OUT" 10.000000 X ;   Transfers: 59

   Clock Domain: s_PLL_CLK20M   Source: slv_com_top_inst/clk_gen_inst2/PLL_inst/PLLInst_0.CLKOS2
      Blocked under: BLOCK PATH FROM CLKNET "s_PLL_CLK20M" TO CLKNET "slv_com_top_inst.CLKCOM_OUT" ;

   Clock Domain: CLK20M_c   Source: CLK20M.PAD
      Not reported because source and destination domains are unrelated.
      Blocked under: BLOCK PATH FROM CLKNET "CLK20M_c" TO CLKNET "slv_com_top_inst.CLKCOM_OUT" ;

Clock Domain: slv_com_top_inst.CLK1   Source: slv_com_top_inst/clk_gen_inst2/PLL_inst/PLLInst_0.CLKOS3   Loads: 379
   Covered under: FREQUENCY NET "slv_com_top_inst.CLK1" 10.000000 MHz ;

   Data transfers from:
   Clock Domain: slv_com_top_inst.CLKCOM_OUT   Source: slv_com_top_inst/clk_gen_inst2/PLL_inst/PLLInst_0.CLKOP
      Covered under: MULTICYCLE FROM CLKNET "slv_com_top_inst.CLKCOM_OUT" TO CLKNET "slv_com_top_inst.CLK1" 2.000000 X ;   Transfers: 23

   Clock Domain: s_PLL_CLK20M   Source: slv_com_top_inst/clk_gen_inst2/PLL_inst/PLLInst_0.CLKOS2
      Covered under: MULTICYCLE FROM CLKNET "s_PLL_CLK20M" TO CLKNET "slv_com_top_inst.CLK1" 2.000000 X ;   Transfers: 2806

   Clock Domain: CLK20M_c   Source: CLK20M.PAD
      Not reported because source and destination domains are unrelated.
      Blocked under: BLOCK PATH FROM CLKNET "CLK20M_c" TO CLKNET "slv_com_top_inst.CLK1" ;

Clock Domain: s_PLL_CLK20M   Source: slv_com_top_inst/clk_gen_inst2/PLL_inst/PLLInst_0.CLKOS2   Loads: 5267
   Covered under: FREQUENCY NET "s_PLL_CLK20M" 20.000000 MHz ;

   Data transfers from:
   Clock Domain: slv_com_top_inst/CLK2A   Source: slv_com_top_inst/clk_gen_inst2/PLL_inst/PLLInst_0.CLKOS
      Blocked under: BLOCK PATH FROM CLKNET "slv_com_top_inst/CLK2A" TO CLKNET "s_PLL_CLK20M" ;

   Clock Domain: slv_com_top_inst.CLKCOM_OUT   Source: slv_com_top_inst/clk_gen_inst2/PLL_inst/PLLInst_0.CLKOP
      Blocked under: BLOCK PATH FROM CLKNET "slv_com_top_inst.CLKCOM_OUT" TO CLKNET "s_PLL_CLK20M" ;

   Clock Domain: slv_com_top_inst.CLK1   Source: slv_com_top_inst/clk_gen_inst2/PLL_inst/PLLInst_0.CLKOS3
      Covered under: MULTICYCLE FROM CLKNET "slv_com_top_inst.CLK1" TO CLKNET "s_PLL_CLK20M" 2.000000 X ;   Transfers: 158

   Clock Domain: CLK20M_c   Source: CLK20M.PAD
      Blocked under: BLOCK PATH FROM CLKNET "CLK20M_c" TO CLKNET "s_PLL_CLK20M" ;

Clock Domain: UP_CLK_c   Source: UP_CLK.PAD   Loads: 1
   No transfer within this clock domain is found

Clock Domain: CLK20M_c   Source: CLK20M.PAD   Loads: 9
   No transfer within this clock domain is found

   Data transfers from:
   Clock Domain: slv_com_top_inst/CLK2A   Source: slv_com_top_inst/clk_gen_inst2/PLL_inst/PLLInst_0.CLKOS
      Blocked under: BLOCK PATH FROM CLKNET "slv_com_top_inst/CLK2A" TO CLKNET "CLK20M_c" ;

   Clock Domain: slv_com_top_inst.CLKCOM_OUT   Source: slv_com_top_inst/clk_gen_inst2/PLL_inst/PLLInst_0.CLKOP
      Blocked under: BLOCK PATH FROM CLKNET "slv_com_top_inst.CLKCOM_OUT" TO CLKNET "CLK20M_c" ;

   Clock Domain: slv_com_top_inst.CLK1   Source: slv_com_top_inst/clk_gen_inst2/PLL_inst/PLLInst_0.CLKOS3
      Not reported because source and destination domains are unrelated.
      Blocked under: BLOCK PATH FROM CLKNET "slv_com_top_inst.CLK1" TO CLKNET "CLK20M_c" ;

   Clock Domain: s_PLL_CLK20M   Source: slv_com_top_inst/clk_gen_inst2/PLL_inst/PLLInst_0.CLKOS2
      Blocked under: BLOCK PATH FROM CLKNET "s_PLL_CLK20M" TO CLKNET "CLK20M_c" ;


Timing summary (Setup):
---------------

Timing errors: 0  Score: 0
Cumulative negative slack: 0

Constraints cover 3340261 paths, 466 nets, and 70768 connections (99.04% coverage)

--------------------------------------------------------------------------------
Lattice TRACE Report - Hold, Version Diamond (64-bit) 3.14.0.75.2
Sat Feb 28 21:22:04 2026

Copyright (c) 1991-1994 by NeoCAD Inc. All rights reserved.
Copyright (c) 1995 AT&T Corp.   All rights reserved.
Copyright (c) 1995-2001 Lucent Technologies Inc.  All rights reserved.
Copyright (c) 2001 Agere Systems   All rights reserved.
Copyright (c) 2002-2024 Lattice Semiconductor Corporation,  All rights reserved.

Report Information
------------------
Command line:    trce -v 10 -gt -sethld -sp 6 -sphld m -o SP0557_SP0557.twr -gui -msgset C:/FPGA work/PCBNo.10081/FPGA/promote.xml SP0557_SP0557.ncd SP0557_SP0557.prf 
Design file:     sp0557_sp0557.ncd
Preference file: sp0557_sp0557.prf
Device,speed:    LFE5U-25F,m
Report level:    verbose report, limited to 10 items per preference
--------------------------------------------------------------------------------

BLOCK ASYNCPATHS
BLOCK RESETPATHS
--------------------------------------------------------------------------------



================================================================================
Preference: FREQUENCY NET "s_PLL_CLK20M" 20.000000 MHz ;
            4096 items scored, 0 timing errors detected.
--------------------------------------------------------------------------------


Passed: The following path meets requirements by 0.174ns

 Logical Details:  Cell type  Pin type       Cell/ASIC name  (clock net +/-)

   Source:         FF         Q              gpio02/gpio_reg_inst/gpio_ip_reg_inst6/REG1[3]  (from s_PLL_CLK20M +)
   Destination:    FF         Data in        gpio02/gpio_reg_inst/gpio_ip_reg_inst6/REG2[3]  (to s_PLL_CLK20M +)

   Delay:               0.292ns  (55.8% logic, 44.2% route), 1 logic levels.

 Constraint Details:

      0.292ns physical path delay gpio02/gpio_reg_inst/gpio_ip_reg_inst6/SLICE_4321 to SLICE_10188 meets
      0.118ns M_HLD and
      0.000ns delay constraint less
      0.000ns skew requirement (totaling 0.118ns) by 0.174ns

 Physical Path Details:

      Data path gpio02/gpio_reg_inst/gpio_ip_reg_inst6/SLICE_4321 to SLICE_10188:

   Name    Fanout   Delay (ns)          Site               Resource
REG_DEL     ---     0.163    R29C24B.CLK to     R29C24B.Q1 gpio02/gpio_reg_inst/gpio_ip_reg_inst6/SLICE_4321 (from s_PLL_CLK20M)
ROUTE         1     0.129     R29C24B.Q1 to     R29C24A.M0 gpio02/gpio_reg_inst/gpio_ip_reg_inst6/REG1[3] (to s_PLL_CLK20M)
                  --------
                    0.292   (55.8% logic, 44.2% route), 1 logic levels.

 Clock Skew Details: 

      Source Clock Path slv_com_top_inst/clk_gen_inst2/PLL_inst/PLLInst_0 to gpio02/gpio_reg_inst/gpio_ip_reg_inst6/SLICE_4321:

   Name    Fanout   Delay (ns)          Site               Resource
ROUTE       999     0.653 PLL_BL0.CLKOS2 to    R29C24B.CLK s_PLL_CLK20M
                  --------
                    0.653   (0.0% logic, 100.0% route), 0 logic levels.

      Destination Clock Path slv_com_top_inst/clk_gen_inst2/PLL_inst/PLLInst_0 to SLICE_10188:

   Name    Fanout   Delay (ns)          Site               Resource
ROUTE       999     0.653 PLL_BL0.CLKOS2 to    R29C24A.CLK s_PLL_CLK20M
                  --------
                    0.653   (0.0% logic, 100.0% route), 0 logic levels.


Passed: The following path meets requirements by 0.174ns

 Logical Details:  Cell type  Pin type       Cell/ASIC name  (clock net +/-)

   Source:         FF         Q              gpio01/gpio_reg_inst/gpio_ip_reg_inst22/REG1[3]  (from s_PLL_CLK20M +)
   Destination:    FF         Data in        gpio01/gpio_reg_inst/gpio_ip_reg_inst22/REG2[3]  (to s_PLL_CLK20M +)

   Delay:               0.292ns  (55.8% logic, 44.2% route), 1 logic levels.

 Constraint Details:

      0.292ns physical path delay gpio01/gpio_reg_inst/gpio_ip_reg_inst22/SLICE_3883 to gpio01/gpio_reg_inst/gpio_ip_reg_inst22/SLICE_3753 meets
      0.118ns M_HLD and
      0.000ns delay constraint less
      0.000ns skew requirement (totaling 0.118ns) by 0.174ns

 Physical Path Details:

      Data path gpio01/gpio_reg_inst/gpio_ip_reg_inst22/SLICE_3883 to gpio01/gpio_reg_inst/gpio_ip_reg_inst22/SLICE_3753:

   Name    Fanout   Delay (ns)          Site               Resource
REG_DEL     ---     0.163     R4C34C.CLK to      R4C34C.Q1 gpio01/gpio_reg_inst/gpio_ip_reg_inst22/SLICE_3883 (from s_PLL_CLK20M)
ROUTE         1     0.129      R4C34C.Q1 to      R4C34B.M1 gpio01/gpio_reg_inst/gpio_ip_reg_inst22/REG1[3] (to s_PLL_CLK20M)
                  --------
                    0.292   (55.8% logic, 44.2% route), 1 logic levels.

 Clock Skew Details: 

      Source Clock Path slv_com_top_inst/clk_gen_inst2/PLL_inst/PLLInst_0 to gpio01/gpio_reg_inst/gpio_ip_reg_inst22/SLICE_3883:

   Name    Fanout   Delay (ns)          Site               Resource
ROUTE       999     0.653 PLL_BL0.CLKOS2 to     R4C34C.CLK s_PLL_CLK20M
                  --------
                    0.653   (0.0% logic, 100.0% route), 0 logic levels.

      Destination Clock Path slv_com_top_inst/clk_gen_inst2/PLL_inst/PLLInst_0 to gpio01/gpio_reg_inst/gpio_ip_reg_inst22/SLICE_3753:

   Name    Fanout   Delay (ns)          Site               Resource
ROUTE       999     0.653 PLL_BL0.CLKOS2 to     R4C34B.CLK s_PLL_CLK20M
                  --------
                    0.653   (0.0% logic, 100.0% route), 0 logic levels.


Passed: The following path meets requirements by 0.174ns

 Logical Details:  Cell type  Pin type       Cell/ASIC name  (clock net +/-)

   Source:         FF         Q              gpio01/gpio_reg_inst/gpio_ip_reg_inst23/REG1[3]  (from s_PLL_CLK20M +)
   Destination:    FF         Data in        gpio01/gpio_reg_inst/gpio_ip_reg_inst23/REG2[3]  (to s_PLL_CLK20M +)

   Delay:               0.292ns  (55.8% logic, 44.2% route), 1 logic levels.

 Constraint Details:

      0.292ns physical path delay gpio01/gpio_reg_inst/gpio_ip_reg_inst23/SLICE_3887 to gpio01/gpio_reg_inst/gpio_ip_reg_inst23/SLICE_3756 meets
      0.118ns M_HLD and
      0.000ns delay constraint less
      0.000ns skew requirement (totaling 0.118ns) by 0.174ns

 Physical Path Details:

      Data path gpio01/gpio_reg_inst/gpio_ip_reg_inst23/SLICE_3887 to gpio01/gpio_reg_inst/gpio_ip_reg_inst23/SLICE_3756:

   Name    Fanout   Delay (ns)          Site               Resource
REG_DEL     ---     0.163     R8C36A.CLK to      R8C36A.Q1 gpio01/gpio_reg_inst/gpio_ip_reg_inst23/SLICE_3887 (from s_PLL_CLK20M)
ROUTE         1     0.129      R8C36A.Q1 to      R8C36D.M1 gpio01/gpio_reg_inst/gpio_ip_reg_inst23/REG1[3] (to s_PLL_CLK20M)
                  --------
                    0.292   (55.8% logic, 44.2% route), 1 logic levels.

 Clock Skew Details: 

      Source Clock Path slv_com_top_inst/clk_gen_inst2/PLL_inst/PLLInst_0 to gpio01/gpio_reg_inst/gpio_ip_reg_inst23/SLICE_3887:

   Name    Fanout   Delay (ns)          Site               Resource
ROUTE       999     0.653 PLL_BL0.CLKOS2 to     R8C36A.CLK s_PLL_CLK20M
                  --------
                    0.653   (0.0% logic, 100.0% route), 0 logic levels.

      Destination Clock Path slv_com_top_inst/clk_gen_inst2/PLL_inst/PLLInst_0 to gpio01/gpio_reg_inst/gpio_ip_reg_inst23/SLICE_3756:

   Name    Fanout   Delay (ns)          Site               Resource
ROUTE       999     0.653 PLL_BL0.CLKOS2 to     R8C36D.CLK s_PLL_CLK20M
                  --------
                    0.653   (0.0% logic, 100.0% route), 0 logic levels.


Passed: The following path meets requirements by 0.174ns

 Logical Details:  Cell type  Pin type       Cell/ASIC name  (clock net +/-)

   Source:         FF         Q              gpio01/gpio_reg_inst/gpio_ip_reg_inst31/REG1[6]  (from s_PLL_CLK20M +)
   Destination:    FF         Data in        gpio01/gpio_reg_inst/gpio_ip_reg_inst31/REG2[6]  (to s_PLL_CLK20M +)

   Delay:               0.292ns  (55.8% logic, 44.2% route), 1 logic levels.

 Constraint Details:

      0.292ns physical path delay gpio01/gpio_reg_inst/gpio_ip_reg_inst31/SLICE_3924 to gpio01/gpio_reg_inst/SLICE_3695 meets
      0.118ns M_HLD and
      0.000ns delay constraint less
      0.000ns skew requirement (totaling 0.118ns) by 0.174ns

 Physical Path Details:

      Data path gpio01/gpio_reg_inst/gpio_ip_reg_inst31/SLICE_3924 to gpio01/gpio_reg_inst/SLICE_3695:

   Name    Fanout   Delay (ns)          Site               Resource
REG_DEL     ---     0.163     R8C47D.CLK to      R8C47D.Q1 gpio01/gpio_reg_inst/gpio_ip_reg_inst31/SLICE_3924 (from s_PLL_CLK20M)
ROUTE         1     0.129      R8C47D.Q1 to      R8C47A.M0 gpio01/gpio_reg_inst/gpio_ip_reg_inst31/REG1[6] (to s_PLL_CLK20M)
                  --------
                    0.292   (55.8% logic, 44.2% route), 1 logic levels.

 Clock Skew Details: 

      Source Clock Path slv_com_top_inst/clk_gen_inst2/PLL_inst/PLLInst_0 to gpio01/gpio_reg_inst/gpio_ip_reg_inst31/SLICE_3924:

   Name    Fanout   Delay (ns)          Site               Resource
ROUTE       999     0.653 PLL_BL0.CLKOS2 to     R8C47D.CLK s_PLL_CLK20M
                  --------
                    0.653   (0.0% logic, 100.0% route), 0 logic levels.

      Destination Clock Path slv_com_top_inst/clk_gen_inst2/PLL_inst/PLLInst_0 to gpio01/gpio_reg_inst/SLICE_3695:

   Name    Fanout   Delay (ns)          Site               Resource
ROUTE       999     0.653 PLL_BL0.CLKOS2 to     R8C47A.CLK s_PLL_CLK20M
                  --------
                    0.653   (0.0% logic, 100.0% route), 0 logic levels.


Passed: The following path meets requirements by 0.174ns

 Logical Details:  Cell type  Pin type       Cell/ASIC name  (clock net +/-)

   Source:         FF         Q              gpio01/gpio_reg_inst/gpio_ip_reg_inst13/REG1[5]  (from s_PLL_CLK20M +)
   Destination:    FF         Data in        gpio01/gpio_reg_inst/gpio_ip_reg_inst13/REG2[5]  (to s_PLL_CLK20M +)

   Delay:               0.292ns  (55.8% logic, 44.2% route), 1 logic levels.

 Constraint Details:

      0.292ns physical path delay gpio01/gpio_reg_inst/gpio_ip_reg_inst13/SLICE_3848 to gpio01/gpio_reg_inst/gpio_ip_reg_inst13/SLICE_3817 meets
      0.118ns M_HLD and
      0.000ns delay constraint less
      0.000ns skew requirement (totaling 0.118ns) by 0.174ns

 Physical Path Details:

      Data path gpio01/gpio_reg_inst/gpio_ip_reg_inst13/SLICE_3848 to gpio01/gpio_reg_inst/gpio_ip_reg_inst13/SLICE_3817:

   Name    Fanout   Delay (ns)          Site               Resource
REG_DEL     ---     0.163    R10C33B.CLK to     R10C33B.Q1 gpio01/gpio_reg_inst/gpio_ip_reg_inst13/SLICE_3848 (from s_PLL_CLK20M)
ROUTE         1     0.129     R10C33B.Q1 to     R10C33D.M1 gpio01/gpio_reg_inst/gpio_ip_reg_inst13/REG1[5] (to s_PLL_CLK20M)
                  --------
                    0.292   (55.8% logic, 44.2% route), 1 logic levels.

 Clock Skew Details: 

      Source Clock Path slv_com_top_inst/clk_gen_inst2/PLL_inst/PLLInst_0 to gpio01/gpio_reg_inst/gpio_ip_reg_inst13/SLICE_3848:

   Name    Fanout   Delay (ns)          Site               Resource
ROUTE       999     0.653 PLL_BL0.CLKOS2 to    R10C33B.CLK s_PLL_CLK20M
                  --------
                    0.653   (0.0% logic, 100.0% route), 0 logic levels.

      Destination Clock Path slv_com_top_inst/clk_gen_inst2/PLL_inst/PLLInst_0 to gpio01/gpio_reg_inst/gpio_ip_reg_inst13/SLICE_3817:

   Name    Fanout   Delay (ns)          Site               Resource
ROUTE       999     0.653 PLL_BL0.CLKOS2 to    R10C33D.CLK s_PLL_CLK20M
                  --------
                    0.653   (0.0% logic, 100.0% route), 0 logic levels.


Passed: The following path meets requirements by 0.174ns

 Logical Details:  Cell type  Pin type       Cell/ASIC name  (clock net +/-)

   Source:         FF         Q              gpio02/gpio_reg_inst/gpio_ip_reg_inst21/REG1[7]  (from s_PLL_CLK20M +)
   Destination:    FF         Data in        gpio02/gpio_reg_inst/gpio_ip_reg_inst21/REG2[7]  (to s_PLL_CLK20M +)

   Delay:               0.292ns  (55.8% logic, 44.2% route), 1 logic levels.

 Constraint Details:

      0.292ns physical path delay gpio02/gpio_reg_inst/gpio_ip_reg_inst21/SLICE_4279 to SLICE_7965 meets
      0.118ns M_HLD and
      0.000ns delay constraint less
      0.000ns skew requirement (totaling 0.118ns) by 0.174ns

 Physical Path Details:

      Data path gpio02/gpio_reg_inst/gpio_ip_reg_inst21/SLICE_4279 to SLICE_7965:

   Name    Fanout   Delay (ns)          Site               Resource
REG_DEL     ---     0.163    R19C48B.CLK to     R19C48B.Q1 gpio02/gpio_reg_inst/gpio_ip_reg_inst21/SLICE_4279 (from s_PLL_CLK20M)
ROUTE         1     0.129     R19C48B.Q1 to     R19C48A.M0 gpio02/gpio_reg_inst/gpio_ip_reg_inst21/REG1[7] (to s_PLL_CLK20M)
                  --------
                    0.292   (55.8% logic, 44.2% route), 1 logic levels.

 Clock Skew Details: 

      Source Clock Path slv_com_top_inst/clk_gen_inst2/PLL_inst/PLLInst_0 to gpio02/gpio_reg_inst/gpio_ip_reg_inst21/SLICE_4279:

   Name    Fanout   Delay (ns)          Site               Resource
ROUTE       999     0.653 PLL_BL0.CLKOS2 to    R19C48B.CLK s_PLL_CLK20M
                  --------
                    0.653   (0.0% logic, 100.0% route), 0 logic levels.

      Destination Clock Path slv_com_top_inst/clk_gen_inst2/PLL_inst/PLLInst_0 to SLICE_7965:

   Name    Fanout   Delay (ns)          Site               Resource
ROUTE       999     0.653 PLL_BL0.CLKOS2 to    R19C48A.CLK s_PLL_CLK20M
                  --------
                    0.653   (0.0% logic, 100.0% route), 0 logic levels.


Passed: The following path meets requirements by 0.174ns

 Logical Details:  Cell type  Pin type       Cell/ASIC name  (clock net +/-)

   Source:         FF         Q              gpio02/gpio_reg_inst/gpio_ip_reg_inst26/REG1[3]  (from s_PLL_CLK20M +)
   Destination:    FF         Data in        gpio02/gpio_reg_inst/gpio_ip_reg_inst26/REG2[3]  (to s_PLL_CLK20M +)

   Delay:               0.292ns  (55.8% logic, 44.2% route), 1 logic levels.

 Constraint Details:

      0.292ns physical path delay gpio02/gpio_reg_inst/gpio_ip_reg_inst26/SLICE_4298 to gpio02/gpio_reg_inst/gpio_ip_reg_inst26/SLICE_4185 meets
      0.118ns M_HLD and
      0.000ns delay constraint less
      0.000ns skew requirement (totaling 0.118ns) by 0.174ns

 Physical Path Details:

      Data path gpio02/gpio_reg_inst/gpio_ip_reg_inst26/SLICE_4298 to gpio02/gpio_reg_inst/gpio_ip_reg_inst26/SLICE_4185:

   Name    Fanout   Delay (ns)          Site               Resource
REG_DEL     ---     0.163     R9C39C.CLK to      R9C39C.Q1 gpio02/gpio_reg_inst/gpio_ip_reg_inst26/SLICE_4298 (from s_PLL_CLK20M)
ROUTE         1     0.129      R9C39C.Q1 to      R9C39D.M1 gpio02/gpio_reg_inst/gpio_ip_reg_inst26/REG1[3] (to s_PLL_CLK20M)
                  --------
                    0.292   (55.8% logic, 44.2% route), 1 logic levels.

 Clock Skew Details: 

      Source Clock Path slv_com_top_inst/clk_gen_inst2/PLL_inst/PLLInst_0 to gpio02/gpio_reg_inst/gpio_ip_reg_inst26/SLICE_4298:

   Name    Fanout   Delay (ns)          Site               Resource
ROUTE       999     0.653 PLL_BL0.CLKOS2 to     R9C39C.CLK s_PLL_CLK20M
                  --------
                    0.653   (0.0% logic, 100.0% route), 0 logic levels.

      Destination Clock Path slv_com_top_inst/clk_gen_inst2/PLL_inst/PLLInst_0 to gpio02/gpio_reg_inst/gpio_ip_reg_inst26/SLICE_4185:

   Name    Fanout   Delay (ns)          Site               Resource
ROUTE       999     0.653 PLL_BL0.CLKOS2 to     R9C39D.CLK s_PLL_CLK20M
                  --------
                    0.653   (0.0% logic, 100.0% route), 0 logic levels.


Passed: The following path meets requirements by 0.174ns

 Logical Details:  Cell type  Pin type       Cell/ASIC name  (clock net +/-)

   Source:         FF         Q              gpio02/gpio_reg_inst/gpio_ip_reg_inst15/REG1[7]  (from s_PLL_CLK20M +)
   Destination:    FF         Data in        gpio02/gpio_reg_inst/gpio_ip_reg_inst15/REG2[7]  (to s_PLL_CLK20M +)

   Delay:               0.292ns  (55.8% logic, 44.2% route), 1 logic levels.

 Constraint Details:

      0.292ns physical path delay gpio02/gpio_reg_inst/gpio_ip_reg_inst15/SLICE_4251 to gpio02/gpio_reg_inst/gpio_ip_reg_inst15/SLICE_4051 meets
      0.118ns M_HLD and
      0.000ns delay constraint less
      0.000ns skew requirement (totaling 0.118ns) by 0.174ns

 Physical Path Details:

      Data path gpio02/gpio_reg_inst/gpio_ip_reg_inst15/SLICE_4251 to gpio02/gpio_reg_inst/gpio_ip_reg_inst15/SLICE_4051:

   Name    Fanout   Delay (ns)          Site               Resource
REG_DEL     ---     0.163    R16C49C.CLK to     R16C49C.Q1 gpio02/gpio_reg_inst/gpio_ip_reg_inst15/SLICE_4251 (from s_PLL_CLK20M)
ROUTE         1     0.129     R16C49C.Q1 to     R16C49B.M1 gpio02/gpio_reg_inst/gpio_ip_reg_inst15/REG1[7] (to s_PLL_CLK20M)
                  --------
                    0.292   (55.8% logic, 44.2% route), 1 logic levels.

 Clock Skew Details: 

      Source Clock Path slv_com_top_inst/clk_gen_inst2/PLL_inst/PLLInst_0 to gpio02/gpio_reg_inst/gpio_ip_reg_inst15/SLICE_4251:

   Name    Fanout   Delay (ns)          Site               Resource
ROUTE       999     0.653 PLL_BL0.CLKOS2 to    R16C49C.CLK s_PLL_CLK20M
                  --------
                    0.653   (0.0% logic, 100.0% route), 0 logic levels.

      Destination Clock Path slv_com_top_inst/clk_gen_inst2/PLL_inst/PLLInst_0 to gpio02/gpio_reg_inst/gpio_ip_reg_inst15/SLICE_4051:

   Name    Fanout   Delay (ns)          Site               Resource
ROUTE       999     0.653 PLL_BL0.CLKOS2 to    R16C49B.CLK s_PLL_CLK20M
                  --------
                    0.653   (0.0% logic, 100.0% route), 0 logic levels.


Passed: The following path meets requirements by 0.174ns

 Logical Details:  Cell type  Pin type       Cell/ASIC name  (clock net +/-)

   Source:         FF         Q              gpio02/gpio_reg_inst/gpio_ip_reg_inst10/REG1[5]  (from s_PLL_CLK20M +)
   Destination:    FF         Data in        gpio02/gpio_reg_inst/gpio_ip_reg_inst10/REG2[5]  (to s_PLL_CLK20M +)

   Delay:               0.292ns  (55.8% logic, 44.2% route), 1 logic levels.

 Constraint Details:

      0.292ns physical path delay gpio02/gpio_reg_inst/gpio_ip_reg_inst10/SLICE_4228 to gpio02/gpio_reg_inst/SLICE_4143 meets
      0.118ns M_HLD and
      0.000ns delay constraint less
      0.000ns skew requirement (totaling 0.118ns) by 0.174ns

 Physical Path Details:

      Data path gpio02/gpio_reg_inst/gpio_ip_reg_inst10/SLICE_4228 to gpio02/gpio_reg_inst/SLICE_4143:

   Name    Fanout   Delay (ns)          Site               Resource
REG_DEL     ---     0.163    R23C49A.CLK to     R23C49A.Q1 gpio02/gpio_reg_inst/gpio_ip_reg_inst10/SLICE_4228 (from s_PLL_CLK20M)
ROUTE         1     0.129     R23C49A.Q1 to     R23C49D.M1 gpio02/gpio_reg_inst/gpio_ip_reg_inst10/REG1[5] (to s_PLL_CLK20M)
                  --------
                    0.292   (55.8% logic, 44.2% route), 1 logic levels.

 Clock Skew Details: 

      Source Clock Path slv_com_top_inst/clk_gen_inst2/PLL_inst/PLLInst_0 to gpio02/gpio_reg_inst/gpio_ip_reg_inst10/SLICE_4228:

   Name    Fanout   Delay (ns)          Site               Resource
ROUTE       999     0.653 PLL_BL0.CLKOS2 to    R23C49A.CLK s_PLL_CLK20M
                  --------
                    0.653   (0.0% logic, 100.0% route), 0 logic levels.

      Destination Clock Path slv_com_top_inst/clk_gen_inst2/PLL_inst/PLLInst_0 to gpio02/gpio_reg_inst/SLICE_4143:

   Name    Fanout   Delay (ns)          Site               Resource
ROUTE       999     0.653 PLL_BL0.CLKOS2 to    R23C49D.CLK s_PLL_CLK20M
                  --------
                    0.653   (0.0% logic, 100.0% route), 0 logic levels.


Passed: The following path meets requirements by 0.174ns

 Logical Details:  Cell type  Pin type       Cell/ASIC name  (clock net +/-)

   Source:         FF         Q              gpio02/gpio_reg_inst/gpio_ip_reg_inst21/REG1[3]  (from s_PLL_CLK20M +)
   Destination:    FF         Data in        gpio02/gpio_reg_inst/gpio_ip_reg_inst21/REG2[3]  (to s_PLL_CLK20M +)

   Delay:               0.292ns  (55.8% logic, 44.2% route), 1 logic levels.

 Constraint Details:

      0.292ns physical path delay gpio02/gpio_reg_inst/gpio_ip_reg_inst21/SLICE_4277 to gpio02/gpio_reg_inst/SLICE_4087 meets
      0.118ns M_HLD and
      0.000ns delay constraint less
      0.000ns skew requirement (totaling 0.118ns) by 0.174ns

 Physical Path Details:

      Data path gpio02/gpio_reg_inst/gpio_ip_reg_inst21/SLICE_4277 to gpio02/gpio_reg_inst/SLICE_4087:

   Name    Fanout   Delay (ns)          Site               Resource
REG_DEL     ---     0.163    R10C48D.CLK to     R10C48D.Q1 gpio02/gpio_reg_inst/gpio_ip_reg_inst21/SLICE_4277 (from s_PLL_CLK20M)
ROUTE         1     0.129     R10C48D.Q1 to     R10C48C.M1 gpio02/gpio_reg_inst/gpio_ip_reg_inst21/REG1[3] (to s_PLL_CLK20M)
                  --------
                    0.292   (55.8% logic, 44.2% route), 1 logic levels.

 Clock Skew Details: 

      Source Clock Path slv_com_top_inst/clk_gen_inst2/PLL_inst/PLLInst_0 to gpio02/gpio_reg_inst/gpio_ip_reg_inst21/SLICE_4277:

   Name    Fanout   Delay (ns)          Site               Resource
ROUTE       999     0.653 PLL_BL0.CLKOS2 to    R10C48D.CLK s_PLL_CLK20M
                  --------
                    0.653   (0.0% logic, 100.0% route), 0 logic levels.

      Destination Clock Path slv_com_top_inst/clk_gen_inst2/PLL_inst/PLLInst_0 to gpio02/gpio_reg_inst/SLICE_4087:

   Name    Fanout   Delay (ns)          Site               Resource
ROUTE       999     0.653 PLL_BL0.CLKOS2 to    R10C48C.CLK s_PLL_CLK20M
                  --------
                    0.653   (0.0% logic, 100.0% route), 0 logic levels.


================================================================================
Preference: FREQUENCY NET "slv_com_top_inst.CLK1" 10.000000 MHz ;
            4096 items scored, 0 timing errors detected.
--------------------------------------------------------------------------------


Passed: The following path meets requirements by 0.174ns

 Logical Details:  Cell type  Pin type       Cell/ASIC name  (clock net +/-)

   Source:         FF         Q              slv_com_top_inst/rx_com_inst/rx_cont_b2_inst/rx_dcfifo1_48_inst/FF_38  (from slv_com_top_inst.CLK1 +)
   Destination:    FF         Data in        slv_com_top_inst/rx_com_inst/rx_cont_b2_inst/rx_dcfifo1_48_inst/FF_17  (to slv_com_top_inst.CLK1 +)

   Delay:               0.292ns  (55.8% logic, 44.2% route), 1 logic levels.

 Constraint Details:

      0.292ns physical path delay slv_com_top_inst/rx_com_inst/rx_cont_b2_inst/rx_dcfifo1_48_inst/SLICE_4958 to slv_com_top_inst/rx_com_inst/rx_cont_b2_inst/rx_dcfifo1_48_inst/SLICE_4962 meets
      0.118ns M_HLD and
      0.000ns delay constraint less
      0.000ns skew requirement (totaling 0.118ns) by 0.174ns

 Physical Path Details:

      Data path slv_com_top_inst/rx_com_inst/rx_cont_b2_inst/rx_dcfifo1_48_inst/SLICE_4958 to slv_com_top_inst/rx_com_inst/rx_cont_b2_inst/rx_dcfifo1_48_inst/SLICE_4962:

   Name    Fanout   Delay (ns)          Site               Resource
REG_DEL     ---     0.163    R35C27B.CLK to     R35C27B.Q1 slv_com_top_inst/rx_com_inst/rx_cont_b2_inst/rx_dcfifo1_48_inst/SLICE_4958 (from slv_com_top_inst.CLK1)
ROUTE         1     0.129     R35C27B.Q1 to     R35C27D.M1 slv_com_top_inst/rx_com_inst/rx_cont_b2_inst/rx_dcfifo1_48_inst/r_gcount_5 (to slv_com_top_inst.CLK1)
                  --------
                    0.292   (55.8% logic, 44.2% route), 1 logic levels.

 Clock Skew Details: 

      Source Clock Path slv_com_top_inst/clk_gen_inst2/PLL_inst/PLLInst_0 to slv_com_top_inst/rx_com_inst/rx_cont_b2_inst/rx_dcfifo1_48_inst/SLICE_4958:

   Name    Fanout   Delay (ns)          Site               Resource
ROUTE       379     0.653 PLL_BL0.CLKOS3 to    R35C27B.CLK slv_com_top_inst.CLK1
                  --------
                    0.653   (0.0% logic, 100.0% route), 0 logic levels.

      Destination Clock Path slv_com_top_inst/clk_gen_inst2/PLL_inst/PLLInst_0 to slv_com_top_inst/rx_com_inst/rx_cont_b2_inst/rx_dcfifo1_48_inst/SLICE_4962:

   Name    Fanout   Delay (ns)          Site               Resource
ROUTE       379     0.653 PLL_BL0.CLKOS3 to    R35C27D.CLK slv_com_top_inst.CLK1
                  --------
                    0.653   (0.0% logic, 100.0% route), 0 logic levels.


Passed: The following path meets requirements by 0.174ns

 Logical Details:  Cell type  Pin type       Cell/ASIC name  (clock net +/-)

   Source:         FF         Q              slv_com_top_inst/rx_com_inst/rx_cont_b2_inst/rx_dcfifo1_48_inst/FF_42  (from slv_com_top_inst.CLK1 +)
   Destination:    FF         Data in        slv_com_top_inst/rx_com_inst/rx_cont_b2_inst/rx_dcfifo1_48_inst/FF_21  (to slv_com_top_inst.CLK1 +)

   Delay:               0.292ns  (55.8% logic, 44.2% route), 1 logic levels.

 Constraint Details:

      0.292ns physical path delay slv_com_top_inst/rx_com_inst/rx_cont_b2_inst/rx_dcfifo1_48_inst/SLICE_4956 to slv_com_top_inst/rx_com_inst/rx_cont_b2_inst/rx_dcfifo1_48_inst/SLICE_4960 meets
      0.118ns M_HLD and
      0.000ns delay constraint less
      0.000ns skew requirement (totaling 0.118ns) by 0.174ns

 Physical Path Details:

      Data path slv_com_top_inst/rx_com_inst/rx_cont_b2_inst/rx_dcfifo1_48_inst/SLICE_4956 to slv_com_top_inst/rx_com_inst/rx_cont_b2_inst/rx_dcfifo1_48_inst/SLICE_4960:

   Name    Fanout   Delay (ns)          Site               Resource
REG_DEL     ---     0.163    R38C29A.CLK to     R38C29A.Q1 slv_com_top_inst/rx_com_inst/rx_cont_b2_inst/rx_dcfifo1_48_inst/SLICE_4956 (from slv_com_top_inst.CLK1)
ROUTE         1     0.129     R38C29A.Q1 to     R38C29C.M1 slv_com_top_inst/rx_com_inst/rx_cont_b2_inst/rx_dcfifo1_48_inst/r_gcount_1 (to slv_com_top_inst.CLK1)
                  --------
                    0.292   (55.8% logic, 44.2% route), 1 logic levels.

 Clock Skew Details: 

      Source Clock Path slv_com_top_inst/clk_gen_inst2/PLL_inst/PLLInst_0 to slv_com_top_inst/rx_com_inst/rx_cont_b2_inst/rx_dcfifo1_48_inst/SLICE_4956:

   Name    Fanout   Delay (ns)          Site               Resource
ROUTE       379     0.653 PLL_BL0.CLKOS3 to    R38C29A.CLK slv_com_top_inst.CLK1
                  --------
                    0.653   (0.0% logic, 100.0% route), 0 logic levels.

      Destination Clock Path slv_com_top_inst/clk_gen_inst2/PLL_inst/PLLInst_0 to slv_com_top_inst/rx_com_inst/rx_cont_b2_inst/rx_dcfifo1_48_inst/SLICE_4960:

   Name    Fanout   Delay (ns)          Site               Resource
ROUTE       379     0.653 PLL_BL0.CLKOS3 to    R38C29C.CLK slv_com_top_inst.CLK1
                  --------
                    0.653   (0.0% logic, 100.0% route), 0 logic levels.


Passed: The following path meets requirements by 0.174ns

 Logical Details:  Cell type  Pin type       Cell/ASIC name  (clock net +/-)

   Source:         FF         Q              slv_com_top_inst/rx_com_inst/dec8b10b_wrapper_inst/dec8b10b_new_inst/DATAOUT[1]  (from slv_com_top_inst.CLK1 +)
   Destination:    FF         Data in        slv_com_top_inst/rx_com_inst/dec8b10b_wrapper_inst/dataout[1]  (to slv_com_top_inst.CLK1 +)

   Delay:               0.292ns  (55.8% logic, 44.2% route), 1 logic levels.

 Constraint Details:

      0.292ns physical path delay slv_com_top_inst/rx_com_inst/dec8b10b_wrapper_inst/dec8b10b_new_inst/SLICE_4839 to slv_com_top_inst/rx_com_inst/dec8b10b_wrapper_inst/SLICE_4830 meets
      0.118ns M_HLD and
      0.000ns delay constraint less
      0.000ns skew requirement (totaling 0.118ns) by 0.174ns

 Physical Path Details:

      Data path slv_com_top_inst/rx_com_inst/dec8b10b_wrapper_inst/dec8b10b_new_inst/SLICE_4839 to slv_com_top_inst/rx_com_inst/dec8b10b_wrapper_inst/SLICE_4830:

   Name    Fanout   Delay (ns)          Site               Resource
REG_DEL     ---     0.163    R40C60D.CLK to     R40C60D.Q1 slv_com_top_inst/rx_com_inst/dec8b10b_wrapper_inst/dec8b10b_new_inst/SLICE_4839 (from slv_com_top_inst.CLK1)
ROUTE         1     0.129     R40C60D.Q1 to     R40C60A.M1 slv_com_top_inst/rx_com_inst/dec8b10b_wrapper_inst/dataout_pre[1] (to slv_com_top_inst.CLK1)
                  --------
                    0.292   (55.8% logic, 44.2% route), 1 logic levels.

 Clock Skew Details: 

      Source Clock Path slv_com_top_inst/clk_gen_inst2/PLL_inst/PLLInst_0 to slv_com_top_inst/rx_com_inst/dec8b10b_wrapper_inst/dec8b10b_new_inst/SLICE_4839:

   Name    Fanout   Delay (ns)          Site               Resource
ROUTE       379     0.653 PLL_BL0.CLKOS3 to    R40C60D.CLK slv_com_top_inst.CLK1
                  --------
                    0.653   (0.0% logic, 100.0% route), 0 logic levels.

      Destination Clock Path slv_com_top_inst/clk_gen_inst2/PLL_inst/PLLInst_0 to slv_com_top_inst/rx_com_inst/dec8b10b_wrapper_inst/SLICE_4830:

   Name    Fanout   Delay (ns)          Site               Resource
ROUTE       379     0.653 PLL_BL0.CLKOS3 to    R40C60A.CLK slv_com_top_inst.CLK1
                  --------
                    0.653   (0.0% logic, 100.0% route), 0 logic levels.


Passed: The following path meets requirements by 0.174ns

 Logical Details:  Cell type  Pin type       Cell/ASIC name  (clock net +/-)

   Source:         FF         Q              slv_com_top_inst/tx_com_inst/tx_cont_b1_inst/tx_dcfifo1_48_inst/FF_63  (from slv_com_top_inst.CLK1 +)
   Destination:    FF         Data in        slv_com_top_inst/tx_com_inst/tx_cont_b1_inst/tx_dcfifo1_48_inst/FF_28  (to slv_com_top_inst.CLK1 +)

   Delay:               0.292ns  (55.8% logic, 44.2% route), 1 logic levels.

 Constraint Details:

      0.292ns physical path delay slv_com_top_inst/tx_com_inst/tx_cont_b1_inst/tx_dcfifo1_48_inst/SLICE_5144 to slv_com_top_inst/tx_com_inst/tx_cont_b1_inst/tx_dcfifo1_48_inst/SLICE_5148 meets
      0.118ns M_HLD and
      0.000ns delay constraint less
      0.000ns skew requirement (totaling 0.118ns) by 0.174ns

 Physical Path Details:

      Data path slv_com_top_inst/tx_com_inst/tx_cont_b1_inst/tx_dcfifo1_48_inst/SLICE_5144 to slv_com_top_inst/tx_com_inst/tx_cont_b1_inst/tx_dcfifo1_48_inst/SLICE_5148:

   Name    Fanout   Delay (ns)          Site               Resource
REG_DEL     ---     0.163    R40C64B.CLK to     R40C64B.Q1 slv_com_top_inst/tx_com_inst/tx_cont_b1_inst/tx_dcfifo1_48_inst/SLICE_5144 (from slv_com_top_inst.CLK1)
ROUTE         1     0.129     R40C64B.Q1 to     R40C64C.M1 slv_com_top_inst/tx_com_inst/tx_cont_b1_inst/tx_dcfifo1_48_inst/w_gcount_1 (to slv_com_top_inst.CLK1)
                  --------
                    0.292   (55.8% logic, 44.2% route), 1 logic levels.

 Clock Skew Details: 

      Source Clock Path slv_com_top_inst/clk_gen_inst2/PLL_inst/PLLInst_0 to slv_com_top_inst/tx_com_inst/tx_cont_b1_inst/tx_dcfifo1_48_inst/SLICE_5144:

   Name    Fanout   Delay (ns)          Site               Resource
ROUTE       379     0.653 PLL_BL0.CLKOS3 to    R40C64B.CLK slv_com_top_inst.CLK1
                  --------
                    0.653   (0.0% logic, 100.0% route), 0 logic levels.

      Destination Clock Path slv_com_top_inst/clk_gen_inst2/PLL_inst/PLLInst_0 to slv_com_top_inst/tx_com_inst/tx_cont_b1_inst/tx_dcfifo1_48_inst/SLICE_5148:

   Name    Fanout   Delay (ns)          Site               Resource
ROUTE       379     0.653 PLL_BL0.CLKOS3 to    R40C64C.CLK slv_com_top_inst.CLK1
                  --------
                    0.653   (0.0% logic, 100.0% route), 0 logic levels.


Passed: The following path meets requirements by 0.174ns

 Logical Details:  Cell type  Pin type       Cell/ASIC name  (clock net +/-)

   Source:         FF         Q              slv_com_top_inst/rx_com_inst/rx_cont_b2_inst/rx_dcfifo1_48_inst/FF_59  (from slv_com_top_inst.CLK1 +)
   Destination:    FF         Data in        slv_com_top_inst/rx_com_inst/rx_cont_b2_inst/rx_dcfifo1_48_inst/FF_24  (to slv_com_top_inst.CLK1 +)

   Delay:               0.292ns  (55.8% logic, 44.2% route), 1 logic levels.

 Constraint Details:

      0.292ns physical path delay slv_com_top_inst/rx_com_inst/rx_cont_b2_inst/rx_dcfifo1_48_inst/SLICE_4973 to slv_com_top_inst/rx_com_inst/rx_cont_b2_inst/rx_dcfifo1_48_inst/SLICE_4977 meets
      0.118ns M_HLD and
      0.000ns delay constraint less
      0.000ns skew requirement (totaling 0.118ns) by 0.174ns

 Physical Path Details:

      Data path slv_com_top_inst/rx_com_inst/rx_cont_b2_inst/rx_dcfifo1_48_inst/SLICE_4973 to slv_com_top_inst/rx_com_inst/rx_cont_b2_inst/rx_dcfifo1_48_inst/SLICE_4977:

   Name    Fanout   Delay (ns)          Site               Resource
REG_DEL     ---     0.163    R36C26B.CLK to     R36C26B.Q1 slv_com_top_inst/rx_com_inst/rx_cont_b2_inst/rx_dcfifo1_48_inst/SLICE_4973 (from slv_com_top_inst.CLK1)
ROUTE         1     0.129     R36C26B.Q1 to     R36C26C.M1 slv_com_top_inst/rx_com_inst/rx_cont_b2_inst/rx_dcfifo1_48_inst/w_gcount_5 (to slv_com_top_inst.CLK1)
                  --------
                    0.292   (55.8% logic, 44.2% route), 1 logic levels.

 Clock Skew Details: 

      Source Clock Path slv_com_top_inst/clk_gen_inst2/PLL_inst/PLLInst_0 to slv_com_top_inst/rx_com_inst/rx_cont_b2_inst/rx_dcfifo1_48_inst/SLICE_4973:

   Name    Fanout   Delay (ns)          Site               Resource
ROUTE       379     0.653 PLL_BL0.CLKOS3 to    R36C26B.CLK slv_com_top_inst.CLK1
                  --------
                    0.653   (0.0% logic, 100.0% route), 0 logic levels.

      Destination Clock Path slv_com_top_inst/clk_gen_inst2/PLL_inst/PLLInst_0 to slv_com_top_inst/rx_com_inst/rx_cont_b2_inst/rx_dcfifo1_48_inst/SLICE_4977:

   Name    Fanout   Delay (ns)          Site               Resource
ROUTE       379     0.653 PLL_BL0.CLKOS3 to    R36C26C.CLK slv_com_top_inst.CLK1
                  --------
                    0.653   (0.0% logic, 100.0% route), 0 logic levels.


Passed: The following path meets requirements by 0.174ns

 Logical Details:  Cell type  Pin type       Cell/ASIC name  (clock net +/-)

   Source:         FF         Q              slv_com_top_inst/rx_com_inst/rx_cont_b1_inst/rx_ck_dcfifo1_48_inst/FF_26  (from slv_com_top_inst.CLK1 +)
   Destination:    FF         Data in        slv_com_top_inst/rx_com_inst/rx_cont_b1_inst/rx_ck_dcfifo1_48_inst/FF_12  (to slv_com_top_inst.CLK1 +)

   Delay:               0.292ns  (55.8% logic, 44.2% route), 1 logic levels.

 Constraint Details:

      0.292ns physical path delay slv_com_top_inst/rx_com_inst/rx_cont_b1_inst/rx_ck_dcfifo1_48_inst/SLICE_4899 to slv_com_top_inst/rx_com_inst/rx_cont_b1_inst/rx_ck_dcfifo1_48_inst/SLICE_4903 meets
      0.118ns M_HLD and
      0.000ns delay constraint less
      0.000ns skew requirement (totaling 0.118ns) by 0.174ns

 Physical Path Details:

      Data path slv_com_top_inst/rx_com_inst/rx_cont_b1_inst/rx_ck_dcfifo1_48_inst/SLICE_4899 to slv_com_top_inst/rx_com_inst/rx_cont_b1_inst/rx_ck_dcfifo1_48_inst/SLICE_4903:

   Name    Fanout   Delay (ns)          Site               Resource
REG_DEL     ---     0.163    R33C65B.CLK to     R33C65B.Q1 slv_com_top_inst/rx_com_inst/rx_cont_b1_inst/rx_ck_dcfifo1_48_inst/SLICE_4899 (from slv_com_top_inst.CLK1)
ROUTE         1     0.129     R33C65B.Q1 to     R33C65D.M0 slv_com_top_inst/rx_com_inst/rx_cont_b1_inst/rx_ck_dcfifo1_48_inst/w_gcount_r3 (to slv_com_top_inst.CLK1)
                  --------
                    0.292   (55.8% logic, 44.2% route), 1 logic levels.

 Clock Skew Details: 

      Source Clock Path slv_com_top_inst/clk_gen_inst2/PLL_inst/PLLInst_0 to slv_com_top_inst/rx_com_inst/rx_cont_b1_inst/rx_ck_dcfifo1_48_inst/SLICE_4899:

   Name    Fanout   Delay (ns)          Site               Resource
ROUTE       379     0.653 PLL_BL0.CLKOS3 to    R33C65B.CLK slv_com_top_inst.CLK1
                  --------
                    0.653   (0.0% logic, 100.0% route), 0 logic levels.

      Destination Clock Path slv_com_top_inst/clk_gen_inst2/PLL_inst/PLLInst_0 to slv_com_top_inst/rx_com_inst/rx_cont_b1_inst/rx_ck_dcfifo1_48_inst/SLICE_4903:

   Name    Fanout   Delay (ns)          Site               Resource
ROUTE       379     0.653 PLL_BL0.CLKOS3 to    R33C65D.CLK slv_com_top_inst.CLK1
                  --------
                    0.653   (0.0% logic, 100.0% route), 0 logic levels.


Passed: The following path meets requirements by 0.174ns

 Logical Details:  Cell type  Pin type       Cell/ASIC name  (clock net +/-)

   Source:         FF         Q              slv_com_top_inst/tx_com_inst/enc8b10b_wrapper_inst/enc8b10b_new_inst/enc8b_10b_inst/DATAOUT[5]  (from slv_com_top_inst.CLK1 +)
   Destination:    FF         Data in        slv_com_top_inst/tx_com_inst/enc8b10b_wrapper_inst/enc8b10b_new_inst/DATAOUT[5]  (to slv_com_top_inst.CLK1 +)

   Delay:               0.292ns  (55.8% logic, 44.2% route), 1 logic levels.

 Constraint Details:

      0.292ns physical path delay slv_com_top_inst/tx_com_inst/enc8b10b_wrapper_inst/enc8b10b_new_inst/enc8b_10b_inst/SLICE_5070 to slv_com_top_inst/tx_com_inst/enc8b10b_wrapper_inst/enc8b10b_new_inst/SLICE_5064 meets
      0.118ns M_HLD and
      0.000ns delay constraint less
      0.000ns skew requirement (totaling 0.118ns) by 0.174ns

 Physical Path Details:

      Data path slv_com_top_inst/tx_com_inst/enc8b10b_wrapper_inst/enc8b10b_new_inst/enc8b_10b_inst/SLICE_5070 to slv_com_top_inst/tx_com_inst/enc8b10b_wrapper_inst/enc8b10b_new_inst/SLICE_5064:

   Name    Fanout   Delay (ns)          Site               Resource
REG_DEL     ---     0.163    R38C60B.CLK to     R38C60B.Q1 slv_com_top_inst/tx_com_inst/enc8b10b_wrapper_inst/enc8b10b_new_inst/enc8b_10b_inst/SLICE_5070 (from slv_com_top_inst.CLK1)
ROUTE         1     0.129     R38C60B.Q1 to     R38C60A.M1 slv_com_top_inst/tx_com_inst/enc8b10b_wrapper_inst/enc8b10b_new_inst/DATAOUT_BUF[5] (to slv_com_top_inst.CLK1)
                  --------
                    0.292   (55.8% logic, 44.2% route), 1 logic levels.

 Clock Skew Details: 

      Source Clock Path slv_com_top_inst/clk_gen_inst2/PLL_inst/PLLInst_0 to slv_com_top_inst/tx_com_inst/enc8b10b_wrapper_inst/enc8b10b_new_inst/enc8b_10b_inst/SLICE_5070:

   Name    Fanout   Delay (ns)          Site               Resource
ROUTE       379     0.653 PLL_BL0.CLKOS3 to    R38C60B.CLK slv_com_top_inst.CLK1
                  --------
                    0.653   (0.0% logic, 100.0% route), 0 logic levels.

      Destination Clock Path slv_com_top_inst/clk_gen_inst2/PLL_inst/PLLInst_0 to slv_com_top_inst/tx_com_inst/enc8b10b_wrapper_inst/enc8b10b_new_inst/SLICE_5064:

   Name    Fanout   Delay (ns)          Site               Resource
ROUTE       379     0.653 PLL_BL0.CLKOS3 to    R38C60A.CLK slv_com_top_inst.CLK1
                  --------
                    0.653   (0.0% logic, 100.0% route), 0 logic levels.


Passed: The following path meets requirements by 0.174ns

 Logical Details:  Cell type  Pin type       Cell/ASIC name  (clock net +/-)

   Source:         FF         Q              slv_com_top_inst/tx_com_inst/tx_cont_b1_inst/tx_dcfifo1_48_inst/FF_40  (from slv_com_top_inst.CLK1 +)
   Destination:    FF         Data in        slv_com_top_inst/tx_com_inst/tx_cont_b1_inst/tx_dcfifo1_48_inst/FF_19  (to slv_com_top_inst.CLK1 +)

   Delay:               0.292ns  (55.8% logic, 44.2% route), 1 logic levels.

 Constraint Details:

      0.292ns physical path delay slv_com_top_inst/tx_com_inst/tx_cont_b1_inst/tx_dcfifo1_48_inst/SLICE_5130 to slv_com_top_inst/tx_com_inst/tx_cont_b1_inst/tx_dcfifo1_48_inst/SLICE_5134 meets
      0.118ns M_HLD and
      0.000ns delay constraint less
      0.000ns skew requirement (totaling 0.118ns) by 0.174ns

 Physical Path Details:

      Data path slv_com_top_inst/tx_com_inst/tx_cont_b1_inst/tx_dcfifo1_48_inst/SLICE_5130 to slv_com_top_inst/tx_com_inst/tx_cont_b1_inst/tx_dcfifo1_48_inst/SLICE_5134:

   Name    Fanout   Delay (ns)          Site               Resource
REG_DEL     ---     0.163    R36C63C.CLK to     R36C63C.Q1 slv_com_top_inst/tx_com_inst/tx_cont_b1_inst/tx_dcfifo1_48_inst/SLICE_5130 (from slv_com_top_inst.CLK1)
ROUTE         1     0.129     R36C63C.Q1 to     R36C63B.M1 slv_com_top_inst/tx_com_inst/tx_cont_b1_inst/tx_dcfifo1_48_inst/r_gcount_3 (to slv_com_top_inst.CLK1)
                  --------
                    0.292   (55.8% logic, 44.2% route), 1 logic levels.

 Clock Skew Details: 

      Source Clock Path slv_com_top_inst/clk_gen_inst2/PLL_inst/PLLInst_0 to slv_com_top_inst/tx_com_inst/tx_cont_b1_inst/tx_dcfifo1_48_inst/SLICE_5130:

   Name    Fanout   Delay (ns)          Site               Resource
ROUTE       379     0.653 PLL_BL0.CLKOS3 to    R36C63C.CLK slv_com_top_inst.CLK1
                  --------
                    0.653   (0.0% logic, 100.0% route), 0 logic levels.

      Destination Clock Path slv_com_top_inst/clk_gen_inst2/PLL_inst/PLLInst_0 to slv_com_top_inst/tx_com_inst/tx_cont_b1_inst/tx_dcfifo1_48_inst/SLICE_5134:

   Name    Fanout   Delay (ns)          Site               Resource
ROUTE       379     0.653 PLL_BL0.CLKOS3 to    R36C63B.CLK slv_com_top_inst.CLK1
                  --------
                    0.653   (0.0% logic, 100.0% route), 0 logic levels.


Passed: The following path meets requirements by 0.174ns

 Logical Details:  Cell type  Pin type       Cell/ASIC name  (clock net +/-)

   Source:         FF         Q              slv_com_top_inst/tx_com_inst/tx_cont_b1_inst/tx_dcfifo1_48_inst/FF_59  (from slv_com_top_inst.CLK1 +)
   Destination:    FF         Data in        slv_com_top_inst/tx_com_inst/tx_cont_b1_inst/tx_dcfifo1_48_inst/FF_24  (to slv_com_top_inst.CLK1 +)

   Delay:               0.292ns  (55.8% logic, 44.2% route), 1 logic levels.

 Constraint Details:

      0.292ns physical path delay slv_com_top_inst/tx_com_inst/tx_cont_b1_inst/tx_dcfifo1_48_inst/SLICE_5146 to slv_com_top_inst/tx_com_inst/tx_cont_b1_inst/tx_dcfifo1_48_inst/SLICE_5150 meets
      0.118ns M_HLD and
      0.000ns delay constraint less
      0.000ns skew requirement (totaling 0.118ns) by 0.174ns

 Physical Path Details:

      Data path slv_com_top_inst/tx_com_inst/tx_cont_b1_inst/tx_dcfifo1_48_inst/SLICE_5146 to slv_com_top_inst/tx_com_inst/tx_cont_b1_inst/tx_dcfifo1_48_inst/SLICE_5150:

   Name    Fanout   Delay (ns)          Site               Resource
REG_DEL     ---     0.163    R35C63B.CLK to     R35C63B.Q1 slv_com_top_inst/tx_com_inst/tx_cont_b1_inst/tx_dcfifo1_48_inst/SLICE_5146 (from slv_com_top_inst.CLK1)
ROUTE         1     0.129     R35C63B.Q1 to     R35C63D.M1 slv_com_top_inst/tx_com_inst/tx_cont_b1_inst/tx_dcfifo1_48_inst/w_gcount_5 (to slv_com_top_inst.CLK1)
                  --------
                    0.292   (55.8% logic, 44.2% route), 1 logic levels.

 Clock Skew Details: 

      Source Clock Path slv_com_top_inst/clk_gen_inst2/PLL_inst/PLLInst_0 to slv_com_top_inst/tx_com_inst/tx_cont_b1_inst/tx_dcfifo1_48_inst/SLICE_5146:

   Name    Fanout   Delay (ns)          Site               Resource
ROUTE       379     0.653 PLL_BL0.CLKOS3 to    R35C63B.CLK slv_com_top_inst.CLK1
                  --------
                    0.653   (0.0% logic, 100.0% route), 0 logic levels.

      Destination Clock Path slv_com_top_inst/clk_gen_inst2/PLL_inst/PLLInst_0 to slv_com_top_inst/tx_com_inst/tx_cont_b1_inst/tx_dcfifo1_48_inst/SLICE_5150:

   Name    Fanout   Delay (ns)          Site               Resource
ROUTE       379     0.653 PLL_BL0.CLKOS3 to    R35C63D.CLK slv_com_top_inst.CLK1
                  --------
                    0.653   (0.0% logic, 100.0% route), 0 logic levels.


Passed: The following path meets requirements by 0.174ns

 Logical Details:  Cell type  Pin type       Cell/ASIC name  (clock net +/-)

   Source:         FF         Q              slv_com_top_inst/rx_com_inst/rx_cont_b2_inst/rx_dcfifo1_48_inst/FF_40  (from slv_com_top_inst.CLK1 +)
   Destination:    FF         Data in        slv_com_top_inst/rx_com_inst/rx_cont_b2_inst/rx_dcfifo1_48_inst/FF_19  (to slv_com_top_inst.CLK1 +)

   Delay:               0.292ns  (55.8% logic, 44.2% route), 1 logic levels.

 Constraint Details:

      0.292ns physical path delay slv_com_top_inst/rx_com_inst/rx_cont_b2_inst/rx_dcfifo1_48_inst/SLICE_4957 to slv_com_top_inst/rx_com_inst/rx_cont_b2_inst/rx_dcfifo1_48_inst/SLICE_4961 meets
      0.118ns M_HLD and
      0.000ns delay constraint less
      0.000ns skew requirement (totaling 0.118ns) by 0.174ns

 Physical Path Details:

      Data path slv_com_top_inst/rx_com_inst/rx_cont_b2_inst/rx_dcfifo1_48_inst/SLICE_4957 to slv_com_top_inst/rx_com_inst/rx_cont_b2_inst/rx_dcfifo1_48_inst/SLICE_4961:

   Name    Fanout   Delay (ns)          Site               Resource
REG_DEL     ---     0.163    R36C27C.CLK to     R36C27C.Q1 slv_com_top_inst/rx_com_inst/rx_cont_b2_inst/rx_dcfifo1_48_inst/SLICE_4957 (from slv_com_top_inst.CLK1)
ROUTE         1     0.129     R36C27C.Q1 to     R36C27A.M1 slv_com_top_inst/rx_com_inst/rx_cont_b2_inst/rx_dcfifo1_48_inst/r_gcount_3 (to slv_com_top_inst.CLK1)
                  --------
                    0.292   (55.8% logic, 44.2% route), 1 logic levels.

 Clock Skew Details: 

      Source Clock Path slv_com_top_inst/clk_gen_inst2/PLL_inst/PLLInst_0 to slv_com_top_inst/rx_com_inst/rx_cont_b2_inst/rx_dcfifo1_48_inst/SLICE_4957:

   Name    Fanout   Delay (ns)          Site               Resource
ROUTE       379     0.653 PLL_BL0.CLKOS3 to    R36C27C.CLK slv_com_top_inst.CLK1
                  --------
                    0.653   (0.0% logic, 100.0% route), 0 logic levels.

      Destination Clock Path slv_com_top_inst/clk_gen_inst2/PLL_inst/PLLInst_0 to slv_com_top_inst/rx_com_inst/rx_cont_b2_inst/rx_dcfifo1_48_inst/SLICE_4961:

   Name    Fanout   Delay (ns)          Site               Resource
ROUTE       379     0.653 PLL_BL0.CLKOS3 to    R36C27A.CLK slv_com_top_inst.CLK1
                  --------
                    0.653   (0.0% logic, 100.0% route), 0 logic levels.


================================================================================
Preference: FREQUENCY NET "slv_com_top_inst.CLKCOM_OUT" 100.000000 MHz ;
            1194 items scored, 0 timing errors detected.
--------------------------------------------------------------------------------


Passed: The following path meets requirements by 0.170ns

 Logical Details:  Cell type  Pin type       Cell/ASIC name  (clock net +/-)

   Source:         FF         Q              slv_com_top_inst/rst_cnt_inst/clk2n_cntr[8]  (from slv_com_top_inst.CLKCOM_OUT -)
   Destination:    FF         Data in        slv_com_top_inst/rst_cnt_inst/clk2n_cntr[8]  (to slv_com_top_inst.CLKCOM_OUT -)

   Delay:               0.288ns  (79.9% logic, 20.1% route), 2 logic levels.

 Constraint Details:

      0.288ns physical path delay slv_com_top_inst/rst_cnt_inst/SLICE_4827 to slv_com_top_inst/rst_cnt_inst/SLICE_4827 meets
      0.118ns DIN_HLD and
      0.000ns delay constraint less
      0.000ns skew requirement (totaling 0.118ns) by 0.170ns

 Physical Path Details:

      Data path slv_com_top_inst/rst_cnt_inst/SLICE_4827 to slv_com_top_inst/rst_cnt_inst/SLICE_4827:

   Name    Fanout   Delay (ns)          Site               Resource
REG_DEL     ---     0.154    R47C58B.CLK to     R47C58B.Q0 slv_com_top_inst/rst_cnt_inst/SLICE_4827 (from slv_com_top_inst.CLKCOM_OUT)
ROUTE         8     0.058     R47C58B.Q0 to     R47C58B.D0 slv_com_top_inst/rst_cnt_inst/clk2n_cntr[8]
CTOF_DEL    ---     0.076     R47C58B.D0 to     R47C58B.F0 slv_com_top_inst/rst_cnt_inst/SLICE_4827
ROUTE         1     0.000     R47C58B.F0 to    R47C58B.DI0 slv_com_top_inst/rst_cnt_inst/N_64408_0 (to slv_com_top_inst.CLKCOM_OUT)
                  --------
                    0.288   (79.9% logic, 20.1% route), 2 logic levels.

 Clock Skew Details: 

      Source Clock Path slv_com_top_inst/clk_gen_inst2/PLL_inst/PLLInst_0 to slv_com_top_inst/rst_cnt_inst/SLICE_4827:

   Name    Fanout   Delay (ns)          Site               Resource
ROUTE       173     0.653  PLL_BL0.CLKOP to    R47C58B.CLK slv_com_top_inst.CLKCOM_OUT
                  --------
                    0.653   (0.0% logic, 100.0% route), 0 logic levels.

      Destination Clock Path slv_com_top_inst/clk_gen_inst2/PLL_inst/PLLInst_0 to slv_com_top_inst/rst_cnt_inst/SLICE_4827:

   Name    Fanout   Delay (ns)          Site               Resource
ROUTE       173     0.653  PLL_BL0.CLKOP to    R47C58B.CLK slv_com_top_inst.CLKCOM_OUT
                  --------
                    0.653   (0.0% logic, 100.0% route), 0 logic levels.


Passed: The following path meets requirements by 0.174ns

 Logical Details:  Cell type  Pin type       Cell/ASIC name  (clock net +/-)

   Source:         FF         Q              slv_com_top_inst/tx_com_inst/tx_cont_b2_inst/tx_ck_dcfifo1_48_inst/FF_26  (from slv_com_top_inst.CLKCOM_OUT +)
   Destination:    FF         Data in        slv_com_top_inst/tx_com_inst/tx_cont_b2_inst/tx_ck_dcfifo1_48_inst/FF_12  (to slv_com_top_inst.CLKCOM_OUT +)

   Delay:               0.292ns  (55.8% logic, 44.2% route), 1 logic levels.

 Constraint Details:

      0.292ns physical path delay slv_com_top_inst/tx_com_inst/tx_cont_b2_inst/tx_ck_dcfifo1_48_inst/SLICE_5185 to slv_com_top_inst/tx_com_inst/tx_cont_b2_inst/tx_ck_dcfifo1_48_inst/SLICE_5189 meets
      0.118ns M_HLD and
      0.000ns delay constraint less
      0.000ns skew requirement (totaling 0.118ns) by 0.174ns

 Physical Path Details:

      Data path slv_com_top_inst/tx_com_inst/tx_cont_b2_inst/tx_ck_dcfifo1_48_inst/SLICE_5185 to slv_com_top_inst/tx_com_inst/tx_cont_b2_inst/tx_ck_dcfifo1_48_inst/SLICE_5189:

   Name    Fanout   Delay (ns)          Site               Resource
REG_DEL     ---     0.163    R39C51C.CLK to     R39C51C.Q1 slv_com_top_inst/tx_com_inst/tx_cont_b2_inst/tx_ck_dcfifo1_48_inst/SLICE_5185 (from slv_com_top_inst.CLKCOM_OUT)
ROUTE         1     0.129     R39C51C.Q1 to     R39C51D.M0 slv_com_top_inst/tx_com_inst/tx_cont_b2_inst/tx_ck_dcfifo1_48_inst/w_gcount_r3 (to slv_com_top_inst.CLKCOM_OUT)
                  --------
                    0.292   (55.8% logic, 44.2% route), 1 logic levels.

 Clock Skew Details: 

      Source Clock Path slv_com_top_inst/clk_gen_inst2/PLL_inst/PLLInst_0 to slv_com_top_inst/tx_com_inst/tx_cont_b2_inst/tx_ck_dcfifo1_48_inst/SLICE_5185:

   Name    Fanout   Delay (ns)          Site               Resource
ROUTE       173     0.653  PLL_BL0.CLKOP to    R39C51C.CLK slv_com_top_inst.CLKCOM_OUT
                  --------
                    0.653   (0.0% logic, 100.0% route), 0 logic levels.

      Destination Clock Path slv_com_top_inst/clk_gen_inst2/PLL_inst/PLLInst_0 to slv_com_top_inst/tx_com_inst/tx_cont_b2_inst/tx_ck_dcfifo1_48_inst/SLICE_5189:

   Name    Fanout   Delay (ns)          Site               Resource
ROUTE       173     0.653  PLL_BL0.CLKOP to    R39C51D.CLK slv_com_top_inst.CLKCOM_OUT
                  --------
                    0.653   (0.0% logic, 100.0% route), 0 logic levels.


Passed: The following path meets requirements by 0.174ns

 Logical Details:  Cell type  Pin type       Cell/ASIC name  (clock net +/-)

   Source:         FF         Q              slv_com_top_inst/rx_com_inst/rx_cont_b1_inst/rx_ck_dcfifo1_48_inst/FF_21  (from slv_com_top_inst.CLKCOM_OUT +)
   Destination:    FF         Data in        slv_com_top_inst/rx_com_inst/rx_cont_b1_inst/rx_ck_dcfifo1_48_inst/FF_7  (to slv_com_top_inst.CLKCOM_OUT +)

   Delay:               0.292ns  (55.8% logic, 44.2% route), 1 logic levels.

 Constraint Details:

      0.292ns physical path delay slv_com_top_inst/rx_com_inst/rx_cont_b1_inst/rx_ck_dcfifo1_48_inst/SLICE_4883 to slv_com_top_inst/rx_com_inst/rx_cont_b1_inst/rx_ck_dcfifo1_48_inst/SLICE_4887 meets
      0.118ns M_HLD and
      0.000ns delay constraint less
      0.000ns skew requirement (totaling 0.118ns) by 0.174ns

 Physical Path Details:

      Data path slv_com_top_inst/rx_com_inst/rx_cont_b1_inst/rx_ck_dcfifo1_48_inst/SLICE_4883 to slv_com_top_inst/rx_com_inst/rx_cont_b1_inst/rx_ck_dcfifo1_48_inst/SLICE_4887:

   Name    Fanout   Delay (ns)          Site               Resource
REG_DEL     ---     0.163    R34C67D.CLK to     R34C67D.Q1 slv_com_top_inst/rx_com_inst/rx_cont_b1_inst/rx_ck_dcfifo1_48_inst/SLICE_4883 (from slv_com_top_inst.CLKCOM_OUT)
ROUTE         1     0.129     R34C67D.Q1 to     R34C67C.M0 slv_com_top_inst/rx_com_inst/rx_cont_b1_inst/rx_ck_dcfifo1_48_inst/r_gcount_w1 (to slv_com_top_inst.CLKCOM_OUT)
                  --------
                    0.292   (55.8% logic, 44.2% route), 1 logic levels.

 Clock Skew Details: 

      Source Clock Path slv_com_top_inst/clk_gen_inst2/PLL_inst/PLLInst_0 to slv_com_top_inst/rx_com_inst/rx_cont_b1_inst/rx_ck_dcfifo1_48_inst/SLICE_4883:

   Name    Fanout   Delay (ns)          Site               Resource
ROUTE       173     0.653  PLL_BL0.CLKOP to    R34C67D.CLK slv_com_top_inst.CLKCOM_OUT
                  --------
                    0.653   (0.0% logic, 100.0% route), 0 logic levels.

      Destination Clock Path slv_com_top_inst/clk_gen_inst2/PLL_inst/PLLInst_0 to slv_com_top_inst/rx_com_inst/rx_cont_b1_inst/rx_ck_dcfifo1_48_inst/SLICE_4887:

   Name    Fanout   Delay (ns)          Site               Resource
ROUTE       173     0.653  PLL_BL0.CLKOP to    R34C67C.CLK slv_com_top_inst.CLKCOM_OUT
                  --------
                    0.653   (0.0% logic, 100.0% route), 0 logic levels.


Passed: The following path meets requirements by 0.175ns

 Logical Details:  Cell type  Pin type       Cell/ASIC name  (clock net +/-)

   Source:         FF         Q              slv_com_top_inst/tx_com_inst/tx_cont_b1_inst/crc_gen_inst/sp_dt[0]  (from slv_com_top_inst.CLKCOM_OUT +)
   Destination:    FF         Data in        slv_com_top_inst/tx_com_inst/tx_cont_b1_inst/crc_gen_inst/crc_8td[0]  (to slv_com_top_inst.CLKCOM_OUT +)

   Delay:               0.293ns  (56.0% logic, 44.0% route), 1 logic levels.

 Constraint Details:

      0.293ns physical path delay slv_com_top_inst/tx_com_inst/tx_cont_b1_inst/crc_gen_inst/SLICE_5113 to slv_com_top_inst/tx_com_inst/tx_cont_b1_inst/crc_gen_inst/SLICE_5095 meets
      0.118ns M_HLD and
      0.000ns delay constraint less
      0.000ns skew requirement (totaling 0.118ns) by 0.175ns

 Physical Path Details:

      Data path slv_com_top_inst/tx_com_inst/tx_cont_b1_inst/crc_gen_inst/SLICE_5113 to slv_com_top_inst/tx_com_inst/tx_cont_b1_inst/crc_gen_inst/SLICE_5095:

   Name    Fanout   Delay (ns)          Site               Resource
REG_DEL     ---     0.164    R42C63D.CLK to     R42C63D.Q0 slv_com_top_inst/tx_com_inst/tx_cont_b1_inst/crc_gen_inst/SLICE_5113 (from slv_com_top_inst.CLKCOM_OUT)
ROUTE         1     0.129     R42C63D.Q0 to     R42C63A.M0 slv_com_top_inst/tx_com_inst/tx_cont_b1_inst/crc_gen_inst/sp_dt[0] (to slv_com_top_inst.CLKCOM_OUT)
                  --------
                    0.293   (56.0% logic, 44.0% route), 1 logic levels.

 Clock Skew Details: 

      Source Clock Path slv_com_top_inst/clk_gen_inst2/PLL_inst/PLLInst_0 to slv_com_top_inst/tx_com_inst/tx_cont_b1_inst/crc_gen_inst/SLICE_5113:

   Name    Fanout   Delay (ns)          Site               Resource
ROUTE       173     0.653  PLL_BL0.CLKOP to    R42C63D.CLK slv_com_top_inst.CLKCOM_OUT
                  --------
                    0.653   (0.0% logic, 100.0% route), 0 logic levels.

      Destination Clock Path slv_com_top_inst/clk_gen_inst2/PLL_inst/PLLInst_0 to slv_com_top_inst/tx_com_inst/tx_cont_b1_inst/crc_gen_inst/SLICE_5095:

   Name    Fanout   Delay (ns)          Site               Resource
ROUTE       173     0.653  PLL_BL0.CLKOP to    R42C63A.CLK slv_com_top_inst.CLKCOM_OUT
                  --------
                    0.653   (0.0% logic, 100.0% route), 0 logic levels.


Passed: The following path meets requirements by 0.175ns

 Logical Details:  Cell type  Pin type       Cell/ASIC name  (clock net +/-)

   Source:         FF         Q              slv_com_top_inst/cds_inst/bz[1]  (from slv_com_top_inst.CLKCOM_OUT +)
   Destination:    FF         Data in        slv_com_top_inst/cds_inst/bz[2]  (to slv_com_top_inst.CLKCOM_OUT +)

   Delay:               0.293ns  (56.0% logic, 44.0% route), 1 logic levels.

 Constraint Details:

      0.293ns physical path delay slv_com_top_inst/cds_inst/SLICE_4805 to slv_com_top_inst/cds_inst/SLICE_4805 meets
      0.118ns M_HLD and
      0.000ns delay constraint less
      0.000ns skew requirement (totaling 0.118ns) by 0.175ns

 Physical Path Details:

      Data path slv_com_top_inst/cds_inst/SLICE_4805 to slv_com_top_inst/cds_inst/SLICE_4805:

   Name    Fanout   Delay (ns)          Site               Resource
REG_DEL     ---     0.164    R41C52C.CLK to     R41C52C.Q0 slv_com_top_inst/cds_inst/SLICE_4805 (from slv_com_top_inst.CLKCOM_OUT)
ROUTE         1     0.129     R41C52C.Q0 to     R41C52C.M1 slv_com_top_inst/cds_inst/bz[1] (to slv_com_top_inst.CLKCOM_OUT)
                  --------
                    0.293   (56.0% logic, 44.0% route), 1 logic levels.

 Clock Skew Details: 

      Source Clock Path slv_com_top_inst/clk_gen_inst2/PLL_inst/PLLInst_0 to slv_com_top_inst/cds_inst/SLICE_4805:

   Name    Fanout   Delay (ns)          Site               Resource
ROUTE       173     0.653  PLL_BL0.CLKOP to    R41C52C.CLK slv_com_top_inst.CLKCOM_OUT
                  --------
                    0.653   (0.0% logic, 100.0% route), 0 logic levels.

      Destination Clock Path slv_com_top_inst/clk_gen_inst2/PLL_inst/PLLInst_0 to slv_com_top_inst/cds_inst/SLICE_4805:

   Name    Fanout   Delay (ns)          Site               Resource
ROUTE       173     0.653  PLL_BL0.CLKOP to    R41C52C.CLK slv_com_top_inst.CLKCOM_OUT
                  --------
                    0.653   (0.0% logic, 100.0% route), 0 logic levels.


Passed: The following path meets requirements by 0.176ns

 Logical Details:  Cell type  Pin type       Cell/ASIC name  (clock net +/-)

   Source:         FF         Q              slv_com_top_inst/cds_inst/az[6]  (from slv_com_top_inst.CLKCOM_OUT +)
   Destination:    FF         Data in        slv_com_top_inst/cds_inst/az[7]  (to slv_com_top_inst.CLKCOM_OUT +)

   Delay:               0.294ns  (55.4% logic, 44.6% route), 1 logic levels.

 Constraint Details:

      0.294ns physical path delay slv_com_top_inst/cds_inst/SLICE_4799 to slv_com_top_inst/cds_inst/SLICE_4800 meets
      0.118ns M_HLD and
      0.000ns delay constraint less
      0.000ns skew requirement (totaling 0.118ns) by 0.176ns

 Physical Path Details:

      Data path slv_com_top_inst/cds_inst/SLICE_4799 to slv_com_top_inst/cds_inst/SLICE_4800:

   Name    Fanout   Delay (ns)          Site               Resource
REG_DEL     ---     0.163    R46C57B.CLK to     R46C57B.Q1 slv_com_top_inst/cds_inst/SLICE_4799 (from slv_com_top_inst.CLKCOM_OUT)
ROUTE         2     0.131     R46C57B.Q1 to     R46C57A.M0 slv_com_top_inst/cds_inst/az[6] (to slv_com_top_inst.CLKCOM_OUT)
                  --------
                    0.294   (55.4% logic, 44.6% route), 1 logic levels.

 Clock Skew Details: 

      Source Clock Path slv_com_top_inst/clk_gen_inst2/PLL_inst/PLLInst_0 to slv_com_top_inst/cds_inst/SLICE_4799:

   Name    Fanout   Delay (ns)          Site               Resource
ROUTE       173     0.653  PLL_BL0.CLKOP to    R46C57B.CLK slv_com_top_inst.CLKCOM_OUT
                  --------
                    0.653   (0.0% logic, 100.0% route), 0 logic levels.

      Destination Clock Path slv_com_top_inst/clk_gen_inst2/PLL_inst/PLLInst_0 to slv_com_top_inst/cds_inst/SLICE_4800:

   Name    Fanout   Delay (ns)          Site               Resource
ROUTE       173     0.653  PLL_BL0.CLKOP to    R46C57A.CLK slv_com_top_inst.CLKCOM_OUT
                  --------
                    0.653   (0.0% logic, 100.0% route), 0 logic levels.


Passed: The following path meets requirements by 0.176ns

 Logical Details:  Cell type  Pin type       Cell/ASIC name  (clock net +/-)

   Source:         FF         Q              slv_com_top_inst/tx_com_inst/tx_cont_b1_inst/crc_gen_inst/sp_dt[5]  (from slv_com_top_inst.CLKCOM_OUT +)
   Destination:    FF         Data in        slv_com_top_inst/tx_com_inst/tx_cont_b1_inst/crc_gen_inst/sp_dt[4]  (to slv_com_top_inst.CLKCOM_OUT +)

   Delay:               0.294ns  (55.4% logic, 44.6% route), 1 logic levels.

 Constraint Details:

      0.294ns physical path delay slv_com_top_inst/tx_com_inst/tx_cont_b1_inst/crc_gen_inst/SLICE_5115 to slv_com_top_inst/tx_com_inst/tx_cont_b1_inst/crc_gen_inst/SLICE_5115 meets
      0.118ns M_HLD and
      0.000ns delay constraint less
      0.000ns skew requirement (totaling 0.118ns) by 0.176ns

 Physical Path Details:

      Data path slv_com_top_inst/tx_com_inst/tx_cont_b1_inst/crc_gen_inst/SLICE_5115 to slv_com_top_inst/tx_com_inst/tx_cont_b1_inst/crc_gen_inst/SLICE_5115:

   Name    Fanout   Delay (ns)          Site               Resource
REG_DEL     ---     0.163    R42C64D.CLK to     R42C64D.Q1 slv_com_top_inst/tx_com_inst/tx_cont_b1_inst/crc_gen_inst/SLICE_5115 (from slv_com_top_inst.CLKCOM_OUT)
ROUTE         2     0.131     R42C64D.Q1 to     R42C64D.M0 slv_com_top_inst/tx_com_inst/tx_cont_b1_inst/crc_gen_inst/sp_dt[5] (to slv_com_top_inst.CLKCOM_OUT)
                  --------
                    0.294   (55.4% logic, 44.6% route), 1 logic levels.

 Clock Skew Details: 

      Source Clock Path slv_com_top_inst/clk_gen_inst2/PLL_inst/PLLInst_0 to slv_com_top_inst/tx_com_inst/tx_cont_b1_inst/crc_gen_inst/SLICE_5115:

   Name    Fanout   Delay (ns)          Site               Resource
ROUTE       173     0.653  PLL_BL0.CLKOP to    R42C64D.CLK slv_com_top_inst.CLKCOM_OUT
                  --------
                    0.653   (0.0% logic, 100.0% route), 0 logic levels.

      Destination Clock Path slv_com_top_inst/clk_gen_inst2/PLL_inst/PLLInst_0 to slv_com_top_inst/tx_com_inst/tx_cont_b1_inst/crc_gen_inst/SLICE_5115:

   Name    Fanout   Delay (ns)          Site               Resource
ROUTE       173     0.653  PLL_BL0.CLKOP to    R42C64D.CLK slv_com_top_inst.CLKCOM_OUT
                  --------
                    0.653   (0.0% logic, 100.0% route), 0 logic levels.


Passed: The following path meets requirements by 0.176ns

 Logical Details:  Cell type  Pin type       Cell/ASIC name  (clock net +/-)

   Source:         FF         Q              slv_com_top_inst/tx_com_inst/tx_cont_b1_inst/crc_gen_inst/sp_dt[1]  (from slv_com_top_inst.CLKCOM_OUT +)
   Destination:    FF         Data in        slv_com_top_inst/tx_com_inst/tx_cont_b1_inst/crc_gen_inst/sp_dt[0]  (to slv_com_top_inst.CLKCOM_OUT +)

   Delay:               0.294ns  (55.4% logic, 44.6% route), 1 logic levels.

 Constraint Details:

      0.294ns physical path delay slv_com_top_inst/tx_com_inst/tx_cont_b1_inst/crc_gen_inst/SLICE_5113 to slv_com_top_inst/tx_com_inst/tx_cont_b1_inst/crc_gen_inst/SLICE_5113 meets
      0.118ns M_HLD and
      0.000ns delay constraint less
      0.000ns skew requirement (totaling 0.118ns) by 0.176ns

 Physical Path Details:

      Data path slv_com_top_inst/tx_com_inst/tx_cont_b1_inst/crc_gen_inst/SLICE_5113 to slv_com_top_inst/tx_com_inst/tx_cont_b1_inst/crc_gen_inst/SLICE_5113:

   Name    Fanout   Delay (ns)          Site               Resource
REG_DEL     ---     0.163    R42C63D.CLK to     R42C63D.Q1 slv_com_top_inst/tx_com_inst/tx_cont_b1_inst/crc_gen_inst/SLICE_5113 (from slv_com_top_inst.CLKCOM_OUT)
ROUTE         2     0.131     R42C63D.Q1 to     R42C63D.M0 slv_com_top_inst/tx_com_inst/tx_cont_b1_inst/crc_gen_inst/sp_dt[1] (to slv_com_top_inst.CLKCOM_OUT)
                  --------
                    0.294   (55.4% logic, 44.6% route), 1 logic levels.

 Clock Skew Details: 

      Source Clock Path slv_com_top_inst/clk_gen_inst2/PLL_inst/PLLInst_0 to slv_com_top_inst/tx_com_inst/tx_cont_b1_inst/crc_gen_inst/SLICE_5113:

   Name    Fanout   Delay (ns)          Site               Resource
ROUTE       173     0.653  PLL_BL0.CLKOP to    R42C63D.CLK slv_com_top_inst.CLKCOM_OUT
                  --------
                    0.653   (0.0% logic, 100.0% route), 0 logic levels.

      Destination Clock Path slv_com_top_inst/clk_gen_inst2/PLL_inst/PLLInst_0 to slv_com_top_inst/tx_com_inst/tx_cont_b1_inst/crc_gen_inst/SLICE_5113:

   Name    Fanout   Delay (ns)          Site               Resource
ROUTE       173     0.653  PLL_BL0.CLKOP to    R42C63D.CLK slv_com_top_inst.CLKCOM_OUT
                  --------
                    0.653   (0.0% logic, 100.0% route), 0 logic levels.


Passed: The following path meets requirements by 0.176ns

 Logical Details:  Cell type  Pin type       Cell/ASIC name  (clock net +/-)

   Source:         FF         Q              slv_com_top_inst/rx_com_inst/rx_cont_b1_inst/rx_ctl_1st_inst/sp_dt[9]  (from slv_com_top_inst.CLKCOM_OUT +)
   Destination:    FF         Data in        slv_com_top_inst/rx_com_inst/rx_cont_b1_inst/rx_ctl_1st_inst/sp_dt[8]  (to slv_com_top_inst.CLKCOM_OUT +)

   Delay:               0.294ns  (55.4% logic, 44.6% route), 1 logic levels.

 Constraint Details:

      0.294ns physical path delay slv_com_top_inst/rx_com_inst/rx_cont_b1_inst/rx_ctl_1st_inst/SLICE_4917 to slv_com_top_inst/rx_com_inst/rx_cont_b1_inst/rx_ctl_1st_inst/SLICE_4917 meets
      0.118ns M_HLD and
      0.000ns delay constraint less
      0.000ns skew requirement (totaling 0.118ns) by 0.176ns

 Physical Path Details:

      Data path slv_com_top_inst/rx_com_inst/rx_cont_b1_inst/rx_ctl_1st_inst/SLICE_4917 to slv_com_top_inst/rx_com_inst/rx_cont_b1_inst/rx_ctl_1st_inst/SLICE_4917:

   Name    Fanout   Delay (ns)          Site               Resource
REG_DEL     ---     0.163    R40C57D.CLK to     R40C57D.Q1 slv_com_top_inst/rx_com_inst/rx_cont_b1_inst/rx_ctl_1st_inst/SLICE_4917 (from slv_com_top_inst.CLKCOM_OUT)
ROUTE         5     0.131     R40C57D.Q1 to     R40C57D.M0 slv_com_top_inst/rx_com_inst/rx_cont_b1_inst/rx_ctl_1st_inst/sp_dt[9] (to slv_com_top_inst.CLKCOM_OUT)
                  --------
                    0.294   (55.4% logic, 44.6% route), 1 logic levels.

 Clock Skew Details: 

      Source Clock Path slv_com_top_inst/clk_gen_inst2/PLL_inst/PLLInst_0 to slv_com_top_inst/rx_com_inst/rx_cont_b1_inst/rx_ctl_1st_inst/SLICE_4917:

   Name    Fanout   Delay (ns)          Site               Resource
ROUTE       173     0.653  PLL_BL0.CLKOP to    R40C57D.CLK slv_com_top_inst.CLKCOM_OUT
                  --------
                    0.653   (0.0% logic, 100.0% route), 0 logic levels.

      Destination Clock Path slv_com_top_inst/clk_gen_inst2/PLL_inst/PLLInst_0 to slv_com_top_inst/rx_com_inst/rx_cont_b1_inst/rx_ctl_1st_inst/SLICE_4917:

   Name    Fanout   Delay (ns)          Site               Resource
ROUTE       173     0.653  PLL_BL0.CLKOP to    R40C57D.CLK slv_com_top_inst.CLKCOM_OUT
                  --------
                    0.653   (0.0% logic, 100.0% route), 0 logic levels.


Passed: The following path meets requirements by 0.176ns

 Logical Details:  Cell type  Pin type       Cell/ASIC name  (clock net +/-)

   Source:         FF         Q              slv_com_top_inst/rx_com_inst/rx_cont_b1_inst/rx_ctl_1st_inst/sp_dt[5]  (from slv_com_top_inst.CLKCOM_OUT +)
   Destination:    FF         Data in        slv_com_top_inst/rx_com_inst/rx_cont_b1_inst/rx_ctl_1st_inst/sp_dt[4]  (to slv_com_top_inst.CLKCOM_OUT +)

   Delay:               0.294ns  (55.4% logic, 44.6% route), 1 logic levels.

 Constraint Details:

      0.294ns physical path delay slv_com_top_inst/rx_com_inst/rx_cont_b1_inst/rx_ctl_1st_inst/SLICE_4915 to slv_com_top_inst/rx_com_inst/rx_cont_b1_inst/rx_ctl_1st_inst/SLICE_4915 meets
      0.118ns M_HLD and
      0.000ns delay constraint less
      0.000ns skew requirement (totaling 0.118ns) by 0.176ns

 Physical Path Details:

      Data path slv_com_top_inst/rx_com_inst/rx_cont_b1_inst/rx_ctl_1st_inst/SLICE_4915 to slv_com_top_inst/rx_com_inst/rx_cont_b1_inst/rx_ctl_1st_inst/SLICE_4915:

   Name    Fanout   Delay (ns)          Site               Resource
REG_DEL     ---     0.163    R41C57C.CLK to     R41C57C.Q1 slv_com_top_inst/rx_com_inst/rx_cont_b1_inst/rx_ctl_1st_inst/SLICE_4915 (from slv_com_top_inst.CLKCOM_OUT)
ROUTE         5     0.131     R41C57C.Q1 to     R41C57C.M0 slv_com_top_inst/rx_com_inst/rx_cont_b1_inst/rx_ctl_1st_inst/sp_dt[5] (to slv_com_top_inst.CLKCOM_OUT)
                  --------
                    0.294   (55.4% logic, 44.6% route), 1 logic levels.

 Clock Skew Details: 

      Source Clock Path slv_com_top_inst/clk_gen_inst2/PLL_inst/PLLInst_0 to slv_com_top_inst/rx_com_inst/rx_cont_b1_inst/rx_ctl_1st_inst/SLICE_4915:

   Name    Fanout   Delay (ns)          Site               Resource
ROUTE       173     0.653  PLL_BL0.CLKOP to    R41C57C.CLK slv_com_top_inst.CLKCOM_OUT
                  --------
                    0.653   (0.0% logic, 100.0% route), 0 logic levels.

      Destination Clock Path slv_com_top_inst/clk_gen_inst2/PLL_inst/PLLInst_0 to slv_com_top_inst/rx_com_inst/rx_cont_b1_inst/rx_ctl_1st_inst/SLICE_4915:

   Name    Fanout   Delay (ns)          Site               Resource
ROUTE       173     0.653  PLL_BL0.CLKOP to    R41C57C.CLK slv_com_top_inst.CLKCOM_OUT
                  --------
                    0.653   (0.0% logic, 100.0% route), 0 logic levels.


================================================================================
Preference: FREQUENCY NET "slv_com_top_inst/CLK2A" 100.000000 MHz ;
            108 items scored, 0 timing errors detected.
--------------------------------------------------------------------------------


Passed: The following path meets requirements by 0.170ns

 Logical Details:  Cell type  Pin type       Cell/ASIC name  (clock net +/-)

   Source:         FF         Q              slv_com_top_inst/rst_cnt_inst/clk2An_cntr[8]  (from slv_com_top_inst/CLK2A -)
   Destination:    FF         Data in        slv_com_top_inst/rst_cnt_inst/clk2An_cntr[8]  (to slv_com_top_inst/CLK2A -)

   Delay:               0.288ns  (79.9% logic, 20.1% route), 2 logic levels.

 Constraint Details:

      0.288ns physical path delay slv_com_top_inst/SLICE_4823 to slv_com_top_inst/SLICE_4823 meets
      0.118ns DIN_HLD and
      0.000ns delay constraint less
      0.000ns skew requirement (totaling 0.118ns) by 0.170ns

 Physical Path Details:

      Data path slv_com_top_inst/SLICE_4823 to slv_com_top_inst/SLICE_4823:

   Name    Fanout   Delay (ns)          Site               Resource
REG_DEL     ---     0.154    R42C57B.CLK to     R42C57B.Q0 slv_com_top_inst/SLICE_4823 (from slv_com_top_inst/CLK2A)
ROUTE         8     0.058     R42C57B.Q0 to     R42C57B.D0 slv_com_top_inst/clk2An_cntr[8]
CTOF_DEL    ---     0.076     R42C57B.D0 to     R42C57B.F0 slv_com_top_inst/SLICE_4823
ROUTE         1     0.000     R42C57B.F0 to    R42C57B.DI0 slv_com_top_inst/rst_cnt_inst/N_64390_0 (to slv_com_top_inst/CLK2A)
                  --------
                    0.288   (79.9% logic, 20.1% route), 2 logic levels.

 Clock Skew Details: 

      Source Clock Path slv_com_top_inst/clk_gen_inst2/PLL_inst/PLLInst_0 to slv_com_top_inst/SLICE_4823:

   Name    Fanout   Delay (ns)          Site               Resource
ROUTE        16     0.653  PLL_BL0.CLKOS to    R42C57B.CLK slv_com_top_inst/CLK2A
                  --------
                    0.653   (0.0% logic, 100.0% route), 0 logic levels.

      Destination Clock Path slv_com_top_inst/clk_gen_inst2/PLL_inst/PLLInst_0 to slv_com_top_inst/SLICE_4823:

   Name    Fanout   Delay (ns)          Site               Resource
ROUTE        16     0.653  PLL_BL0.CLKOS to    R42C57B.CLK slv_com_top_inst/CLK2A
                  --------
                    0.653   (0.0% logic, 100.0% route), 0 logic levels.


Passed: The following path meets requirements by 0.181ns

 Logical Details:  Cell type  Pin type       Cell/ASIC name  (clock net +/-)

   Source:         FF         Q              slv_com_top_inst/rst_cnt_inst/clk2Ap_cntr[8]  (from slv_com_top_inst/CLK2A +)
   Destination:    FF         Data in        slv_com_top_inst/rst_cnt_inst/clk2Ap_cntr[8]  (to slv_com_top_inst/CLK2A +)

   Delay:               0.300ns  (80.0% logic, 20.0% route), 2 logic levels.

 Constraint Details:

      0.300ns physical path delay slv_com_top_inst/rst_cnt_inst/SLICE_4826 to slv_com_top_inst/rst_cnt_inst/SLICE_4826 meets
      0.119ns DIN_HLD and
      0.000ns delay constraint less
      0.000ns skew requirement (totaling 0.119ns) by 0.181ns

 Physical Path Details:

      Data path slv_com_top_inst/rst_cnt_inst/SLICE_4826 to slv_com_top_inst/rst_cnt_inst/SLICE_4826:

   Name    Fanout   Delay (ns)          Site               Resource
REG_DEL     ---     0.164     R5C59B.CLK to      R5C59B.Q0 slv_com_top_inst/rst_cnt_inst/SLICE_4826 (from slv_com_top_inst/CLK2A)
ROUTE         8     0.060      R5C59B.Q0 to      R5C59B.D0 slv_com_top_inst/rst_cnt_inst/clk2Ap_cntr[8]
CTOF_DEL    ---     0.076      R5C59B.D0 to      R5C59B.F0 slv_com_top_inst/rst_cnt_inst/SLICE_4826
ROUTE         1     0.000      R5C59B.F0 to     R5C59B.DI0 slv_com_top_inst/rst_cnt_inst/N_64399_0 (to slv_com_top_inst/CLK2A)
                  --------
                    0.300   (80.0% logic, 20.0% route), 2 logic levels.

 Clock Skew Details: 

      Source Clock Path slv_com_top_inst/clk_gen_inst2/PLL_inst/PLLInst_0 to slv_com_top_inst/rst_cnt_inst/SLICE_4826:

   Name    Fanout   Delay (ns)          Site               Resource
ROUTE        16     0.653  PLL_BL0.CLKOS to     R5C59B.CLK slv_com_top_inst/CLK2A
                  --------
                    0.653   (0.0% logic, 100.0% route), 0 logic levels.

      Destination Clock Path slv_com_top_inst/clk_gen_inst2/PLL_inst/PLLInst_0 to slv_com_top_inst/rst_cnt_inst/SLICE_4826:

   Name    Fanout   Delay (ns)          Site               Resource
ROUTE        16     0.653  PLL_BL0.CLKOS to     R5C59B.CLK slv_com_top_inst/CLK2A
                  --------
                    0.653   (0.0% logic, 100.0% route), 0 logic levels.


Passed: The following path meets requirements by 0.238ns

 Logical Details:  Cell type  Pin type       Cell/ASIC name  (clock net +/-)

   Source:         FF         Q              slv_com_top_inst/rst_cnt_inst/clk2Ap_cntr[8]  (from slv_com_top_inst/CLK2A +)
   Destination:    FF         Data in        slv_com_top_inst/rst_cnt_inst/clk2Ap_cntr[7]  (to slv_com_top_inst/CLK2A +)

   Delay:               0.298ns  (55.0% logic, 45.0% route), 1 logic levels.

 Constraint Details:

      0.298ns physical path delay slv_com_top_inst/rst_cnt_inst/SLICE_4826 to slv_com_top_inst/rst_cnt_inst/SLICE_3048 meets
      0.060ns CE_HLD and
      0.000ns delay constraint less
      0.000ns skew requirement (totaling 0.060ns) by 0.238ns

 Physical Path Details:

      Data path slv_com_top_inst/rst_cnt_inst/SLICE_4826 to slv_com_top_inst/rst_cnt_inst/SLICE_3048:

   Name    Fanout   Delay (ns)          Site               Resource
REG_DEL     ---     0.164     R5C59B.CLK to      R5C59B.Q0 slv_com_top_inst/rst_cnt_inst/SLICE_4826 (from slv_com_top_inst/CLK2A)
ROUTE         8     0.134      R5C59B.Q0 to      R5C59A.CE slv_com_top_inst/rst_cnt_inst/clk2Ap_cntr[8] (to slv_com_top_inst/CLK2A)
                  --------
                    0.298   (55.0% logic, 45.0% route), 1 logic levels.

 Clock Skew Details: 

      Source Clock Path slv_com_top_inst/clk_gen_inst2/PLL_inst/PLLInst_0 to slv_com_top_inst/rst_cnt_inst/SLICE_4826:

   Name    Fanout   Delay (ns)          Site               Resource
ROUTE        16     0.653  PLL_BL0.CLKOS to     R5C59B.CLK slv_com_top_inst/CLK2A
                  --------
                    0.653   (0.0% logic, 100.0% route), 0 logic levels.

      Destination Clock Path slv_com_top_inst/clk_gen_inst2/PLL_inst/PLLInst_0 to slv_com_top_inst/rst_cnt_inst/SLICE_3048:

   Name    Fanout   Delay (ns)          Site               Resource
ROUTE        16     0.653  PLL_BL0.CLKOS to     R5C59A.CLK slv_com_top_inst/CLK2A
                  --------
                    0.653   (0.0% logic, 100.0% route), 0 logic levels.


Passed: The following path meets requirements by 0.240ns

 Logical Details:  Cell type  Pin type       Cell/ASIC name  (clock net +/-)

   Source:         FF         Q              slv_com_top_inst/rst_cnt_inst/clk2An_cntr[8]  (from slv_com_top_inst/CLK2A -)
   Destination:    FF         Data in        slv_com_top_inst/rst_cnt_inst/clk2An_cntr[7]  (to slv_com_top_inst/CLK2A -)

   Delay:               0.290ns  (53.1% logic, 46.9% route), 1 logic levels.

 Constraint Details:

      0.290ns physical path delay slv_com_top_inst/SLICE_4823 to slv_com_top_inst/rst_cnt_inst/SLICE_3053 meets
      0.050ns CE_HLD and
      0.000ns delay constraint less
      0.000ns skew requirement (totaling 0.050ns) by 0.240ns

 Physical Path Details:

      Data path slv_com_top_inst/SLICE_4823 to slv_com_top_inst/rst_cnt_inst/SLICE_3053:

   Name    Fanout   Delay (ns)          Site               Resource
REG_DEL     ---     0.154    R42C57B.CLK to     R42C57B.Q0 slv_com_top_inst/SLICE_4823 (from slv_com_top_inst/CLK2A)
ROUTE         8     0.136     R42C57B.Q0 to     R42C57A.CE slv_com_top_inst/clk2An_cntr[8] (to slv_com_top_inst/CLK2A)
                  --------
                    0.290   (53.1% logic, 46.9% route), 1 logic levels.

 Clock Skew Details: 

      Source Clock Path slv_com_top_inst/clk_gen_inst2/PLL_inst/PLLInst_0 to slv_com_top_inst/SLICE_4823:

   Name    Fanout   Delay (ns)          Site               Resource
ROUTE        16     0.653  PLL_BL0.CLKOS to    R42C57B.CLK slv_com_top_inst/CLK2A
                  --------
                    0.653   (0.0% logic, 100.0% route), 0 logic levels.

      Destination Clock Path slv_com_top_inst/clk_gen_inst2/PLL_inst/PLLInst_0 to slv_com_top_inst/rst_cnt_inst/SLICE_3053:

   Name    Fanout   Delay (ns)          Site               Resource
ROUTE        16     0.653  PLL_BL0.CLKOS to    R42C57A.CLK slv_com_top_inst/CLK2A
                  --------
                    0.653   (0.0% logic, 100.0% route), 0 logic levels.


Passed: The following path meets requirements by 0.265ns

 Logical Details:  Cell type  Pin type       Cell/ASIC name  (clock net +/-)

   Source:         FF         Q              slv_com_top_inst/rst_cnt_inst/clk2An_cntr[4]  (from slv_com_top_inst/CLK2A -)
   Destination:    FF         Data in        slv_com_top_inst/rst_cnt_inst/clk2An_cntr[4]  (to slv_com_top_inst/CLK2A -)

   Delay:               0.383ns  (59.8% logic, 40.2% route), 2 logic levels.

 Constraint Details:

      0.383ns physical path delay slv_com_top_inst/rst_cnt_inst/SLICE_3051 to slv_com_top_inst/rst_cnt_inst/SLICE_3051 meets
      0.118ns DIN_HLD and
      0.000ns delay constraint less
      0.000ns skew requirement (totaling 0.118ns) by 0.265ns

 Physical Path Details:

      Data path slv_com_top_inst/rst_cnt_inst/SLICE_3051 to slv_com_top_inst/rst_cnt_inst/SLICE_3051:

   Name    Fanout   Delay (ns)          Site               Resource
REG_DEL     ---     0.153    R42C56C.CLK to     R42C56C.Q1 slv_com_top_inst/rst_cnt_inst/SLICE_3051 (from slv_com_top_inst/CLK2A)
ROUTE         1     0.154     R42C56C.Q1 to     R42C56C.A1 slv_com_top_inst/rst_cnt_inst/clk2An_cntr[4]
CTOF_DEL    ---     0.076     R42C56C.A1 to     R42C56C.F1 slv_com_top_inst/rst_cnt_inst/SLICE_3051
ROUTE         1     0.000     R42C56C.F1 to    R42C56C.DI1 slv_com_top_inst/rst_cnt_inst/clk2An_cntr_s[4] (to slv_com_top_inst/CLK2A)
                  --------
                    0.383   (59.8% logic, 40.2% route), 2 logic levels.

 Clock Skew Details: 

      Source Clock Path slv_com_top_inst/clk_gen_inst2/PLL_inst/PLLInst_0 to slv_com_top_inst/rst_cnt_inst/SLICE_3051:

   Name    Fanout   Delay (ns)          Site               Resource
ROUTE        16     0.653  PLL_BL0.CLKOS to    R42C56C.CLK slv_com_top_inst/CLK2A
                  --------
                    0.653   (0.0% logic, 100.0% route), 0 logic levels.

      Destination Clock Path slv_com_top_inst/clk_gen_inst2/PLL_inst/PLLInst_0 to slv_com_top_inst/rst_cnt_inst/SLICE_3051:

   Name    Fanout   Delay (ns)          Site               Resource
ROUTE        16     0.653  PLL_BL0.CLKOS to    R42C56C.CLK slv_com_top_inst/CLK2A
                  --------
                    0.653   (0.0% logic, 100.0% route), 0 logic levels.


Passed: The following path meets requirements by 0.265ns

 Logical Details:  Cell type  Pin type       Cell/ASIC name  (clock net +/-)

   Source:         FF         Q              slv_com_top_inst/rst_cnt_inst/clk2An_cntr[6]  (from slv_com_top_inst/CLK2A -)
   Destination:    FF         Data in        slv_com_top_inst/rst_cnt_inst/clk2An_cntr[6]  (to slv_com_top_inst/CLK2A -)

   Delay:               0.383ns  (59.8% logic, 40.2% route), 2 logic levels.

 Constraint Details:

      0.383ns physical path delay slv_com_top_inst/rst_cnt_inst/SLICE_3052 to slv_com_top_inst/rst_cnt_inst/SLICE_3052 meets
      0.118ns DIN_HLD and
      0.000ns delay constraint less
      0.000ns skew requirement (totaling 0.118ns) by 0.265ns

 Physical Path Details:

      Data path slv_com_top_inst/rst_cnt_inst/SLICE_3052 to slv_com_top_inst/rst_cnt_inst/SLICE_3052:

   Name    Fanout   Delay (ns)          Site               Resource
REG_DEL     ---     0.153    R42C56D.CLK to     R42C56D.Q1 slv_com_top_inst/rst_cnt_inst/SLICE_3052 (from slv_com_top_inst/CLK2A)
ROUTE         1     0.154     R42C56D.Q1 to     R42C56D.A1 slv_com_top_inst/rst_cnt_inst/clk2An_cntr[6]
CTOF_DEL    ---     0.076     R42C56D.A1 to     R42C56D.F1 slv_com_top_inst/rst_cnt_inst/SLICE_3052
ROUTE         1     0.000     R42C56D.F1 to    R42C56D.DI1 slv_com_top_inst/rst_cnt_inst/clk2An_cntr_s[6] (to slv_com_top_inst/CLK2A)
                  --------
                    0.383   (59.8% logic, 40.2% route), 2 logic levels.

 Clock Skew Details: 

      Source Clock Path slv_com_top_inst/clk_gen_inst2/PLL_inst/PLLInst_0 to slv_com_top_inst/rst_cnt_inst/SLICE_3052:

   Name    Fanout   Delay (ns)          Site               Resource
ROUTE        16     0.653  PLL_BL0.CLKOS to    R42C56D.CLK slv_com_top_inst/CLK2A
                  --------
                    0.653   (0.0% logic, 100.0% route), 0 logic levels.

      Destination Clock Path slv_com_top_inst/clk_gen_inst2/PLL_inst/PLLInst_0 to slv_com_top_inst/rst_cnt_inst/SLICE_3052:

   Name    Fanout   Delay (ns)          Site               Resource
ROUTE        16     0.653  PLL_BL0.CLKOS to    R42C56D.CLK slv_com_top_inst/CLK2A
                  --------
                    0.653   (0.0% logic, 100.0% route), 0 logic levels.


Passed: The following path meets requirements by 0.271ns

 Logical Details:  Cell type  Pin type       Cell/ASIC name  (clock net +/-)

   Source:         FF         Q              slv_com_top_inst/rst_cnt_inst/clk2An_cntr[2]  (from slv_com_top_inst/CLK2A -)
   Destination:    FF         Data in        slv_com_top_inst/rst_cnt_inst/clk2An_cntr[2]  (to slv_com_top_inst/CLK2A -)

   Delay:               0.389ns  (58.9% logic, 41.1% route), 2 logic levels.

 Constraint Details:

      0.389ns physical path delay slv_com_top_inst/rst_cnt_inst/SLICE_3050 to slv_com_top_inst/rst_cnt_inst/SLICE_3050 meets
      0.118ns DIN_HLD and
      0.000ns delay constraint less
      0.000ns skew requirement (totaling 0.118ns) by 0.271ns

 Physical Path Details:

      Data path slv_com_top_inst/rst_cnt_inst/SLICE_3050 to slv_com_top_inst/rst_cnt_inst/SLICE_3050:

   Name    Fanout   Delay (ns)          Site               Resource
REG_DEL     ---     0.153    R42C56B.CLK to     R42C56B.Q1 slv_com_top_inst/rst_cnt_inst/SLICE_3050 (from slv_com_top_inst/CLK2A)
ROUTE         1     0.160     R42C56B.Q1 to     R42C56B.B1 slv_com_top_inst/rst_cnt_inst/clk2An_cntr[2]
CTOF_DEL    ---     0.076     R42C56B.B1 to     R42C56B.F1 slv_com_top_inst/rst_cnt_inst/SLICE_3050
ROUTE         1     0.000     R42C56B.F1 to    R42C56B.DI1 slv_com_top_inst/rst_cnt_inst/clk2An_cntr_s[2] (to slv_com_top_inst/CLK2A)
                  --------
                    0.389   (58.9% logic, 41.1% route), 2 logic levels.

 Clock Skew Details: 

      Source Clock Path slv_com_top_inst/clk_gen_inst2/PLL_inst/PLLInst_0 to slv_com_top_inst/rst_cnt_inst/SLICE_3050:

   Name    Fanout   Delay (ns)          Site               Resource
ROUTE        16     0.653  PLL_BL0.CLKOS to    R42C56B.CLK slv_com_top_inst/CLK2A
                  --------
                    0.653   (0.0% logic, 100.0% route), 0 logic levels.

      Destination Clock Path slv_com_top_inst/clk_gen_inst2/PLL_inst/PLLInst_0 to slv_com_top_inst/rst_cnt_inst/SLICE_3050:

   Name    Fanout   Delay (ns)          Site               Resource
ROUTE        16     0.653  PLL_BL0.CLKOS to    R42C56B.CLK slv_com_top_inst/CLK2A
                  --------
                    0.653   (0.0% logic, 100.0% route), 0 logic levels.


Passed: The following path meets requirements by 0.274ns

 Logical Details:  Cell type  Pin type       Cell/ASIC name  (clock net +/-)

   Source:         FF         Q              slv_com_top_inst/rst_cnt_inst/clk2Ap_cntr[6]  (from slv_com_top_inst/CLK2A +)
   Destination:    FF         Data in        slv_com_top_inst/rst_cnt_inst/clk2Ap_cntr[6]  (to slv_com_top_inst/CLK2A +)

   Delay:               0.393ns  (60.8% logic, 39.2% route), 2 logic levels.

 Constraint Details:

      0.393ns physical path delay slv_com_top_inst/rst_cnt_inst/SLICE_3047 to slv_com_top_inst/rst_cnt_inst/SLICE_3047 meets
      0.119ns DIN_HLD and
      0.000ns delay constraint less
      0.000ns skew requirement (totaling 0.119ns) by 0.274ns

 Physical Path Details:

      Data path slv_com_top_inst/rst_cnt_inst/SLICE_3047 to slv_com_top_inst/rst_cnt_inst/SLICE_3047:

   Name    Fanout   Delay (ns)          Site               Resource
REG_DEL     ---     0.163     R5C58D.CLK to      R5C58D.Q1 slv_com_top_inst/rst_cnt_inst/SLICE_3047 (from slv_com_top_inst/CLK2A)
ROUTE         1     0.154      R5C58D.Q1 to      R5C58D.A1 slv_com_top_inst/rst_cnt_inst/clk2Ap_cntr[6]
CTOF_DEL    ---     0.076      R5C58D.A1 to      R5C58D.F1 slv_com_top_inst/rst_cnt_inst/SLICE_3047
ROUTE         1     0.000      R5C58D.F1 to     R5C58D.DI1 slv_com_top_inst/rst_cnt_inst/clk2Ap_cntr_s[6] (to slv_com_top_inst/CLK2A)
                  --------
                    0.393   (60.8% logic, 39.2% route), 2 logic levels.

 Clock Skew Details: 

      Source Clock Path slv_com_top_inst/clk_gen_inst2/PLL_inst/PLLInst_0 to slv_com_top_inst/rst_cnt_inst/SLICE_3047:

   Name    Fanout   Delay (ns)          Site               Resource
ROUTE        16     0.653  PLL_BL0.CLKOS to     R5C58D.CLK slv_com_top_inst/CLK2A
                  --------
                    0.653   (0.0% logic, 100.0% route), 0 logic levels.

      Destination Clock Path slv_com_top_inst/clk_gen_inst2/PLL_inst/PLLInst_0 to slv_com_top_inst/rst_cnt_inst/SLICE_3047:

   Name    Fanout   Delay (ns)          Site               Resource
ROUTE        16     0.653  PLL_BL0.CLKOS to     R5C58D.CLK slv_com_top_inst/CLK2A
                  --------
                    0.653   (0.0% logic, 100.0% route), 0 logic levels.


Passed: The following path meets requirements by 0.274ns

 Logical Details:  Cell type  Pin type       Cell/ASIC name  (clock net +/-)

   Source:         FF         Q              slv_com_top_inst/rst_cnt_inst/clk2Ap_cntr[4]  (from slv_com_top_inst/CLK2A +)
   Destination:    FF         Data in        slv_com_top_inst/rst_cnt_inst/clk2Ap_cntr[4]  (to slv_com_top_inst/CLK2A +)

   Delay:               0.393ns  (60.8% logic, 39.2% route), 2 logic levels.

 Constraint Details:

      0.393ns physical path delay slv_com_top_inst/rst_cnt_inst/SLICE_3046 to slv_com_top_inst/rst_cnt_inst/SLICE_3046 meets
      0.119ns DIN_HLD and
      0.000ns delay constraint less
      0.000ns skew requirement (totaling 0.119ns) by 0.274ns

 Physical Path Details:

      Data path slv_com_top_inst/rst_cnt_inst/SLICE_3046 to slv_com_top_inst/rst_cnt_inst/SLICE_3046:

   Name    Fanout   Delay (ns)          Site               Resource
REG_DEL     ---     0.163     R5C58C.CLK to      R5C58C.Q1 slv_com_top_inst/rst_cnt_inst/SLICE_3046 (from slv_com_top_inst/CLK2A)
ROUTE         1     0.154      R5C58C.Q1 to      R5C58C.A1 slv_com_top_inst/rst_cnt_inst/clk2Ap_cntr[4]
CTOF_DEL    ---     0.076      R5C58C.A1 to      R5C58C.F1 slv_com_top_inst/rst_cnt_inst/SLICE_3046
ROUTE         1     0.000      R5C58C.F1 to     R5C58C.DI1 slv_com_top_inst/rst_cnt_inst/clk2Ap_cntr_s[4] (to slv_com_top_inst/CLK2A)
                  --------
                    0.393   (60.8% logic, 39.2% route), 2 logic levels.

 Clock Skew Details: 

      Source Clock Path slv_com_top_inst/clk_gen_inst2/PLL_inst/PLLInst_0 to slv_com_top_inst/rst_cnt_inst/SLICE_3046:

   Name    Fanout   Delay (ns)          Site               Resource
ROUTE        16     0.653  PLL_BL0.CLKOS to     R5C58C.CLK slv_com_top_inst/CLK2A
                  --------
                    0.653   (0.0% logic, 100.0% route), 0 logic levels.

      Destination Clock Path slv_com_top_inst/clk_gen_inst2/PLL_inst/PLLInst_0 to slv_com_top_inst/rst_cnt_inst/SLICE_3046:

   Name    Fanout   Delay (ns)          Site               Resource
ROUTE        16     0.653  PLL_BL0.CLKOS to     R5C58C.CLK slv_com_top_inst/CLK2A
                  --------
                    0.653   (0.0% logic, 100.0% route), 0 logic levels.


Passed: The following path meets requirements by 0.280ns

 Logical Details:  Cell type  Pin type       Cell/ASIC name  (clock net +/-)

   Source:         FF         Q              slv_com_top_inst/rst_cnt_inst/clk2Ap_cntr[0]  (from slv_com_top_inst/CLK2A +)
   Destination:    FF         Data in        slv_com_top_inst/rst_cnt_inst/clk2Ap_cntr[0]  (to slv_com_top_inst/CLK2A +)

   Delay:               0.399ns  (59.9% logic, 40.1% route), 2 logic levels.

 Constraint Details:

      0.399ns physical path delay slv_com_top_inst/rst_cnt_inst/SLICE_3044 to slv_com_top_inst/rst_cnt_inst/SLICE_3044 meets
      0.119ns DIN_HLD and
      0.000ns delay constraint less
      0.000ns skew requirement (totaling 0.119ns) by 0.280ns

 Physical Path Details:

      Data path slv_com_top_inst/rst_cnt_inst/SLICE_3044 to slv_com_top_inst/rst_cnt_inst/SLICE_3044:

   Name    Fanout   Delay (ns)          Site               Resource
REG_DEL     ---     0.163     R5C58A.CLK to      R5C58A.Q1 slv_com_top_inst/rst_cnt_inst/SLICE_3044 (from slv_com_top_inst/CLK2A)
ROUTE         1     0.160      R5C58A.Q1 to      R5C58A.B1 slv_com_top_inst/rst_cnt_inst/clk2Ap_cntr[0]
CTOF_DEL    ---     0.076      R5C58A.B1 to      R5C58A.F1 slv_com_top_inst/rst_cnt_inst/SLICE_3044
ROUTE         1     0.000      R5C58A.F1 to     R5C58A.DI1 slv_com_top_inst/rst_cnt_inst/clk2Ap_cntr_s[0] (to slv_com_top_inst/CLK2A)
                  --------
                    0.399   (59.9% logic, 40.1% route), 2 logic levels.

 Clock Skew Details: 

      Source Clock Path slv_com_top_inst/clk_gen_inst2/PLL_inst/PLLInst_0 to slv_com_top_inst/rst_cnt_inst/SLICE_3044:

   Name    Fanout   Delay (ns)          Site               Resource
ROUTE        16     0.653  PLL_BL0.CLKOS to     R5C58A.CLK slv_com_top_inst/CLK2A
                  --------
                    0.653   (0.0% logic, 100.0% route), 0 logic levels.

      Destination Clock Path slv_com_top_inst/clk_gen_inst2/PLL_inst/PLLInst_0 to slv_com_top_inst/rst_cnt_inst/SLICE_3044:

   Name    Fanout   Delay (ns)          Site               Resource
ROUTE        16     0.653  PLL_BL0.CLKOS to     R5C58A.CLK slv_com_top_inst/CLK2A
                  --------
                    0.653   (0.0% logic, 100.0% route), 0 logic levels.


================================================================================
Preference: FREQUENCY NET "UP_CLK_c" 20.000000 MHz ;
            0 items scored, 0 timing errors detected.
--------------------------------------------------------------------------------


================================================================================
Preference: FREQUENCY PORT "UP_CLK" 20.000000 MHz ;
            0 items scored, 0 timing errors detected.
--------------------------------------------------------------------------------


================================================================================
Preference: BLOCK PATH FROM CLKNET "CLK20M_c" TO CLKNET "s_PLL_CLK20M" ;
            0 items scored.
--------------------------------------------------------------------------------


================================================================================
Preference: BLOCK PATH FROM CLKNET "CLK20M_c" TO CLKNET "slv_com_top_inst.CLK1" ;
            0 items scored.
--------------------------------------------------------------------------------


================================================================================
Preference: BLOCK PATH FROM CLKNET "CLK20M_c" TO CLKNET "slv_com_top_inst.CLKCOM_OUT" ;
            0 items scored.
--------------------------------------------------------------------------------


================================================================================
Preference: BLOCK PATH FROM CLKNET "CLK20M_c" TO CLKNET "slv_com_top_inst/CLK2A" ;
            0 items scored.
--------------------------------------------------------------------------------


================================================================================
Preference: BLOCK PATH FROM CLKNET "s_PLL_CLK20M" TO CLKNET "CLK20M_c" ;
            0 items scored.
--------------------------------------------------------------------------------


================================================================================
Preference: BLOCK PATH FROM CLKNET "slv_com_top_inst.CLK1" TO CLKNET "CLK20M_c" ;
            0 items scored.
--------------------------------------------------------------------------------


================================================================================
Preference: BLOCK PATH FROM CLKNET "slv_com_top_inst.CLKCOM_OUT" TO CLKNET "CLK20M_c" ;
            0 items scored.
--------------------------------------------------------------------------------


================================================================================
Preference: BLOCK PATH FROM CLKNET "slv_com_top_inst/CLK2A" TO CLKNET "CLK20M_c" ;
            0 items scored.
--------------------------------------------------------------------------------


================================================================================
Preference: MULTICYCLE FROM CLKNET "s_PLL_CLK20M" TO CLKNET "slv_com_top_inst.CLK1" 2.000000 X ;
            3016 items scored, 0 timing errors detected.
--------------------------------------------------------------------------------


Passed: The following path meets requirements by 1.059ns

 Logical Details:  Cell type  Pin type       Cell/ASIC name  (clock net +/-)

   Source:         FF         Q              slv_com_top_inst/slvadr_cnv_inst/s_HEX_OUT[1]  (from s_PLL_CLK20M +)
   Destination:    FF         Data in        slv_com_top_inst/slv_ctrl_top_inst/slv_tx_ctrl_inst/TX_D[1]  (to slv_com_top_inst.CLK1 +)

   Delay:               1.178ns  (26.7% logic, 73.3% route), 3 logic levels.

 Constraint Details:

      1.178ns physical path delay slv_com_top_inst/slvadr_cnv_inst/SLICE_4785 to slv_com_top_inst/slv_ctrl_top_inst/slv_tx_ctrl_inst/SLICE_4789 meets
      0.119ns DIN_HLD and
      0.000ns delay constraint less
      0.000ns skew less
      0.000ns feedback compensation requirement (totaling 0.119ns) by 1.059ns

 Physical Path Details:

      Data path slv_com_top_inst/slvadr_cnv_inst/SLICE_4785 to slv_com_top_inst/slv_ctrl_top_inst/slv_tx_ctrl_inst/SLICE_4789:

   Name    Fanout   Delay (ns)          Site               Resource
REG_DEL     ---     0.163    R38C44D.CLK to     R38C44D.Q1 slv_com_top_inst/slvadr_cnv_inst/SLICE_4785 (from s_PLL_CLK20M)
ROUTE         1     0.544     R38C44D.Q1 to     R35C59B.D0 slv_com_top_inst/SLVADR_HEX[1]
CTOF_DEL    ---     0.076     R35C59B.D0 to     R35C59B.F0 slv_com_top_inst/slv_ctrl_top_inst/slv_tx_ctrl_inst/SLICE_9990
ROUTE         1     0.319     R35C59B.F0 to     R35C61A.B1 slv_com_top_inst/slv_ctrl_top_inst/slv_tx_ctrl_inst/TX_D_26_iv_0_0_3[1]
CTOF_DEL    ---     0.076     R35C61A.B1 to     R35C61A.F1 slv_com_top_inst/slv_ctrl_top_inst/slv_tx_ctrl_inst/SLICE_4789
ROUTE         1     0.000     R35C61A.F1 to    R35C61A.DI1 slv_com_top_inst/slv_ctrl_top_inst/slv_tx_ctrl_inst/TX_D_26[1] (to slv_com_top_inst.CLK1)
                  --------
                    1.178   (26.7% logic, 73.3% route), 3 logic levels.

 Clock Skew Details: 

      Source Clock Path UP_CLK to slv_com_top_inst/slvadr_cnv_inst/SLICE_4785:

   Name    Fanout   Delay (ns)          Site               Resource
PADI_DEL    ---     0.740         M1.PAD to       M1.PADDI UP_CLK
ROUTE         1     0.156       M1.PADDI to   PLL_BL0.CLKI UP_CLK_c
CLKI2OS2_D  ---     0.000   PLL_BL0.CLKI to PLL_BL0.CLKOS2 slv_com_top_inst/clk_gen_inst2/PLL_inst/PLLInst_0
ROUTE       999     0.653 PLL_BL0.CLKOS2 to    R38C44D.CLK s_PLL_CLK20M
                  --------
                    1.549   (47.8% logic, 52.2% route), 2 logic levels.

      Source Clock f/b:

   Name    Fanout   Delay (ns)          Site               Resource
CLKFB2OP_D  ---     0.000  PLL_BL0.CLKFB to  PLL_BL0.CLKOP slv_com_top_inst/clk_gen_inst2/PLL_inst/PLLInst_0
ROUTE       173     0.696  PLL_BL0.CLKOP to  PLL_BL0.CLKFB slv_com_top_inst.CLKCOM_OUT
                  --------
                    0.696   (0.0% logic, 100.0% route), 1 logic levels.

      Destination Clock Path UP_CLK to slv_com_top_inst/slv_ctrl_top_inst/slv_tx_ctrl_inst/SLICE_4789:

   Name    Fanout   Delay (ns)          Site               Resource
PADI_DEL    ---     0.740         M1.PAD to       M1.PADDI UP_CLK
ROUTE         1     0.156       M1.PADDI to   PLL_BL0.CLKI UP_CLK_c
CLKI2OS3_D  ---     0.000   PLL_BL0.CLKI to PLL_BL0.CLKOS3 slv_com_top_inst/clk_gen_inst2/PLL_inst/PLLInst_0
ROUTE       379     0.653 PLL_BL0.CLKOS3 to    R35C61A.CLK slv_com_top_inst.CLK1
                  --------
                    1.549   (47.8% logic, 52.2% route), 2 logic levels.

      Destination Clock f/b:

   Name    Fanout   Delay (ns)          Site               Resource
CLKFB2OP_D  ---     0.000  PLL_BL0.CLKFB to  PLL_BL0.CLKOP slv_com_top_inst/clk_gen_inst2/PLL_inst/PLLInst_0
ROUTE       173     0.696  PLL_BL0.CLKOP to  PLL_BL0.CLKFB slv_com_top_inst.CLKCOM_OUT
                  --------
                    0.696   (0.0% logic, 100.0% route), 1 logic levels.


Passed: The following path meets requirements by 1.063ns

 Logical Details:  Cell type  Pin type       Cell/ASIC name  (clock net +/-)

   Source:         FF         Q              slv_com_top_inst/slvadr_cnv_inst/s_HEX_OUT[5]  (from s_PLL_CLK20M +)
   Destination:    FF         Data in        slv_com_top_inst/slv_ctrl_top_inst/slv_tx_ctrl_inst/TX_D[6]  (to slv_com_top_inst.CLK1 +)

   Delay:               1.182ns  (26.6% logic, 73.4% route), 3 logic levels.

 Constraint Details:

      1.182ns physical path delay slv_com_top_inst/slvadr_cnv_inst/SLICE_4787 to slv_com_top_inst/slv_ctrl_top_inst/slv_tx_ctrl_inst/SLICE_4792 meets
      0.119ns DIN_HLD and
      0.000ns delay constraint less
      0.000ns skew less
      0.000ns feedback compensation requirement (totaling 0.119ns) by 1.063ns

 Physical Path Details:

      Data path slv_com_top_inst/slvadr_cnv_inst/SLICE_4787 to slv_com_top_inst/slv_ctrl_top_inst/slv_tx_ctrl_inst/SLICE_4792:

   Name    Fanout   Delay (ns)          Site               Resource
REG_DEL     ---     0.163    R39C44A.CLK to     R39C44A.Q1 slv_com_top_inst/slvadr_cnv_inst/SLICE_4787 (from s_PLL_CLK20M)
ROUTE         3     0.640     R39C44A.Q1 to     R35C57C.D0 slv_com_top_inst/SLVADR_HEX[5]
CTOF_DEL    ---     0.076     R35C57C.D0 to     R35C57C.F0 slv_com_top_inst/slv_ctrl_top_inst/slv_tx_ctrl_inst/SLICE_9992
ROUTE         1     0.227     R35C57C.F0 to     R35C60B.C0 slv_com_top_inst/slv_ctrl_top_inst/slv_tx_ctrl_inst/TX_D_26_iv_0_0_3[6]
CTOF_DEL    ---     0.076     R35C60B.C0 to     R35C60B.F0 slv_com_top_inst/slv_ctrl_top_inst/slv_tx_ctrl_inst/SLICE_4792
ROUTE         1     0.000     R35C60B.F0 to    R35C60B.DI0 slv_com_top_inst/slv_ctrl_top_inst/slv_tx_ctrl_inst/TX_D_26[6] (to slv_com_top_inst.CLK1)
                  --------
                    1.182   (26.6% logic, 73.4% route), 3 logic levels.

 Clock Skew Details: 

      Source Clock Path UP_CLK to slv_com_top_inst/slvadr_cnv_inst/SLICE_4787:

   Name    Fanout   Delay (ns)          Site               Resource
PADI_DEL    ---     0.740         M1.PAD to       M1.PADDI UP_CLK
ROUTE         1     0.156       M1.PADDI to   PLL_BL0.CLKI UP_CLK_c
CLKI2OS2_D  ---     0.000   PLL_BL0.CLKI to PLL_BL0.CLKOS2 slv_com_top_inst/clk_gen_inst2/PLL_inst/PLLInst_0
ROUTE       999     0.653 PLL_BL0.CLKOS2 to    R39C44A.CLK s_PLL_CLK20M
                  --------
                    1.549   (47.8% logic, 52.2% route), 2 logic levels.

      Source Clock f/b:

   Name    Fanout   Delay (ns)          Site               Resource
CLKFB2OP_D  ---     0.000  PLL_BL0.CLKFB to  PLL_BL0.CLKOP slv_com_top_inst/clk_gen_inst2/PLL_inst/PLLInst_0
ROUTE       173     0.696  PLL_BL0.CLKOP to  PLL_BL0.CLKFB slv_com_top_inst.CLKCOM_OUT
                  --------
                    0.696   (0.0% logic, 100.0% route), 1 logic levels.

      Destination Clock Path UP_CLK to slv_com_top_inst/slv_ctrl_top_inst/slv_tx_ctrl_inst/SLICE_4792:

   Name    Fanout   Delay (ns)          Site               Resource
PADI_DEL    ---     0.740         M1.PAD to       M1.PADDI UP_CLK
ROUTE         1     0.156       M1.PADDI to   PLL_BL0.CLKI UP_CLK_c
CLKI2OS3_D  ---     0.000   PLL_BL0.CLKI to PLL_BL0.CLKOS3 slv_com_top_inst/clk_gen_inst2/PLL_inst/PLLInst_0
ROUTE       379     0.653 PLL_BL0.CLKOS3 to    R35C60B.CLK slv_com_top_inst.CLK1
                  --------
                    1.549   (47.8% logic, 52.2% route), 2 logic levels.

      Destination Clock f/b:

   Name    Fanout   Delay (ns)          Site               Resource
CLKFB2OP_D  ---     0.000  PLL_BL0.CLKFB to  PLL_BL0.CLKOP slv_com_top_inst/clk_gen_inst2/PLL_inst/PLLInst_0
ROUTE       173     0.696  PLL_BL0.CLKOP to  PLL_BL0.CLKFB slv_com_top_inst.CLKCOM_OUT
                  --------
                    0.696   (0.0% logic, 100.0% route), 1 logic levels.


Passed: The following path meets requirements by 1.084ns

 Logical Details:  Cell type  Pin type       Cell/ASIC name  (clock net +/-)

   Source:         FF         Q              slv_com_top_inst/slvadr_cnv_inst/s_HEX_OUT[3]  (from s_PLL_CLK20M +)
   Destination:    FF         Data in        slv_com_top_inst/slv_ctrl_top_inst/slv_tx_ctrl_inst/TX_D[3]  (to slv_com_top_inst.CLK1 +)

   Delay:               1.203ns  (26.2% logic, 73.8% route), 3 logic levels.

 Constraint Details:

      1.203ns physical path delay slv_com_top_inst/slvadr_cnv_inst/SLICE_4786 to slv_com_top_inst/slv_ctrl_top_inst/slv_tx_ctrl_inst/SLICE_4790 meets
      0.119ns DIN_HLD and
      0.000ns delay constraint less
      0.000ns skew less
      0.000ns feedback compensation requirement (totaling 0.119ns) by 1.084ns

 Physical Path Details:

      Data path slv_com_top_inst/slvadr_cnv_inst/SLICE_4786 to slv_com_top_inst/slv_ctrl_top_inst/slv_tx_ctrl_inst/SLICE_4790:

   Name    Fanout   Delay (ns)          Site               Resource
REG_DEL     ---     0.163    R39C44B.CLK to     R39C44B.Q1 slv_com_top_inst/slvadr_cnv_inst/SLICE_4786 (from s_PLL_CLK20M)
ROUTE         1     0.741     R39C44B.Q1 to     R36C59A.A0 slv_com_top_inst/SLVADR_HEX[3]
CTOF_DEL    ---     0.076     R36C59A.A0 to     R36C59A.F0 slv_com_top_inst/slv_ctrl_top_inst/slv_tx_ctrl_inst/SLICE_9995
ROUTE         1     0.147     R36C59A.F0 to     R36C60D.C1 slv_com_top_inst/slv_ctrl_top_inst/slv_tx_ctrl_inst/TX_D_26_iv_0_0_3[3]
CTOF_DEL    ---     0.076     R36C60D.C1 to     R36C60D.F1 slv_com_top_inst/slv_ctrl_top_inst/slv_tx_ctrl_inst/SLICE_4790
ROUTE         1     0.000     R36C60D.F1 to    R36C60D.DI1 slv_com_top_inst/slv_ctrl_top_inst/slv_tx_ctrl_inst/TX_D_26[3] (to slv_com_top_inst.CLK1)
                  --------
                    1.203   (26.2% logic, 73.8% route), 3 logic levels.

 Clock Skew Details: 

      Source Clock Path UP_CLK to slv_com_top_inst/slvadr_cnv_inst/SLICE_4786:

   Name    Fanout   Delay (ns)          Site               Resource
PADI_DEL    ---     0.740         M1.PAD to       M1.PADDI UP_CLK
ROUTE         1     0.156       M1.PADDI to   PLL_BL0.CLKI UP_CLK_c
CLKI2OS2_D  ---     0.000   PLL_BL0.CLKI to PLL_BL0.CLKOS2 slv_com_top_inst/clk_gen_inst2/PLL_inst/PLLInst_0
ROUTE       999     0.653 PLL_BL0.CLKOS2 to    R39C44B.CLK s_PLL_CLK20M
                  --------
                    1.549   (47.8% logic, 52.2% route), 2 logic levels.

      Source Clock f/b:

   Name    Fanout   Delay (ns)          Site               Resource
CLKFB2OP_D  ---     0.000  PLL_BL0.CLKFB to  PLL_BL0.CLKOP slv_com_top_inst/clk_gen_inst2/PLL_inst/PLLInst_0
ROUTE       173     0.696  PLL_BL0.CLKOP to  PLL_BL0.CLKFB slv_com_top_inst.CLKCOM_OUT
                  --------
                    0.696   (0.0% logic, 100.0% route), 1 logic levels.

      Destination Clock Path UP_CLK to slv_com_top_inst/slv_ctrl_top_inst/slv_tx_ctrl_inst/SLICE_4790:

   Name    Fanout   Delay (ns)          Site               Resource
PADI_DEL    ---     0.740         M1.PAD to       M1.PADDI UP_CLK
ROUTE         1     0.156       M1.PADDI to   PLL_BL0.CLKI UP_CLK_c
CLKI2OS3_D  ---     0.000   PLL_BL0.CLKI to PLL_BL0.CLKOS3 slv_com_top_inst/clk_gen_inst2/PLL_inst/PLLInst_0
ROUTE       379     0.653 PLL_BL0.CLKOS3 to    R36C60D.CLK slv_com_top_inst.CLK1
                  --------
                    1.549   (47.8% logic, 52.2% route), 2 logic levels.

      Destination Clock f/b:

   Name    Fanout   Delay (ns)          Site               Resource
CLKFB2OP_D  ---     0.000  PLL_BL0.CLKFB to  PLL_BL0.CLKOP slv_com_top_inst/clk_gen_inst2/PLL_inst/PLLInst_0
ROUTE       173     0.696  PLL_BL0.CLKOP to  PLL_BL0.CLKFB slv_com_top_inst.CLKCOM_OUT
                  --------
                    0.696   (0.0% logic, 100.0% route), 1 logic levels.


Passed: The following path meets requirements by 1.168ns

 Logical Details:  Cell type  Pin type       Cell/ASIC name  (clock net +/-)

   Source:         FF         Q              slv_com_top_inst/slvadr_cnv_inst/s_HEX_OUT[4]  (from s_PLL_CLK20M +)
   Destination:    FF         Data in        slv_com_top_inst/slv_ctrl_top_inst/slv_tx_ctrl_inst/TX_D[4]  (to slv_com_top_inst.CLK1 +)

   Delay:               1.287ns  (24.6% logic, 75.4% route), 3 logic levels.

 Constraint Details:

      1.287ns physical path delay slv_com_top_inst/slvadr_cnv_inst/SLICE_4787 to slv_com_top_inst/slv_ctrl_top_inst/slv_tx_ctrl_inst/SLICE_4791 meets
      0.119ns DIN_HLD and
      0.000ns delay constraint less
      0.000ns skew less
      0.000ns feedback compensation requirement (totaling 0.119ns) by 1.168ns

 Physical Path Details:

      Data path slv_com_top_inst/slvadr_cnv_inst/SLICE_4787 to slv_com_top_inst/slv_ctrl_top_inst/slv_tx_ctrl_inst/SLICE_4791:

   Name    Fanout   Delay (ns)          Site               Resource
REG_DEL     ---     0.164    R39C44A.CLK to     R39C44A.Q0 slv_com_top_inst/slvadr_cnv_inst/SLICE_4787 (from s_PLL_CLK20M)
ROUTE         1     0.648     R39C44A.Q0 to     R35C56C.B0 slv_com_top_inst/SLVADR_HEX[4]
CTOF_DEL    ---     0.076     R35C56C.B0 to     R35C56C.F0 slv_com_top_inst/slv_ctrl_top_inst/slv_tx_ctrl_inst/SLICE_9993
ROUTE         1     0.323     R35C56C.F0 to     R35C60C.A0 slv_com_top_inst/slv_ctrl_top_inst/slv_tx_ctrl_inst/TX_D_26_iv_0_0_3[4]
CTOF_DEL    ---     0.076     R35C60C.A0 to     R35C60C.F0 slv_com_top_inst/slv_ctrl_top_inst/slv_tx_ctrl_inst/SLICE_4791
ROUTE         1     0.000     R35C60C.F0 to    R35C60C.DI0 slv_com_top_inst/slv_ctrl_top_inst/slv_tx_ctrl_inst/TX_D_26[4] (to slv_com_top_inst.CLK1)
                  --------
                    1.287   (24.6% logic, 75.4% route), 3 logic levels.

 Clock Skew Details: 

      Source Clock Path UP_CLK to slv_com_top_inst/slvadr_cnv_inst/SLICE_4787:

   Name    Fanout   Delay (ns)          Site               Resource
PADI_DEL    ---     0.740         M1.PAD to       M1.PADDI UP_CLK
ROUTE         1     0.156       M1.PADDI to   PLL_BL0.CLKI UP_CLK_c
CLKI2OS2_D  ---     0.000   PLL_BL0.CLKI to PLL_BL0.CLKOS2 slv_com_top_inst/clk_gen_inst2/PLL_inst/PLLInst_0
ROUTE       999     0.653 PLL_BL0.CLKOS2 to    R39C44A.CLK s_PLL_CLK20M
                  --------
                    1.549   (47.8% logic, 52.2% route), 2 logic levels.

      Source Clock f/b:

   Name    Fanout   Delay (ns)          Site               Resource
CLKFB2OP_D  ---     0.000  PLL_BL0.CLKFB to  PLL_BL0.CLKOP slv_com_top_inst/clk_gen_inst2/PLL_inst/PLLInst_0
ROUTE       173     0.696  PLL_BL0.CLKOP to  PLL_BL0.CLKFB slv_com_top_inst.CLKCOM_OUT
                  --------
                    0.696   (0.0% logic, 100.0% route), 1 logic levels.

      Destination Clock Path UP_CLK to slv_com_top_inst/slv_ctrl_top_inst/slv_tx_ctrl_inst/SLICE_4791:

   Name    Fanout   Delay (ns)          Site               Resource
PADI_DEL    ---     0.740         M1.PAD to       M1.PADDI UP_CLK
ROUTE         1     0.156       M1.PADDI to   PLL_BL0.CLKI UP_CLK_c
CLKI2OS3_D  ---     0.000   PLL_BL0.CLKI to PLL_BL0.CLKOS3 slv_com_top_inst/clk_gen_inst2/PLL_inst/PLLInst_0
ROUTE       379     0.653 PLL_BL0.CLKOS3 to    R35C60C.CLK slv_com_top_inst.CLK1
                  --------
                    1.549   (47.8% logic, 52.2% route), 2 logic levels.

      Destination Clock f/b:

   Name    Fanout   Delay (ns)          Site               Resource
CLKFB2OP_D  ---     0.000  PLL_BL0.CLKFB to  PLL_BL0.CLKOP slv_com_top_inst/clk_gen_inst2/PLL_inst/PLLInst_0
ROUTE       173     0.696  PLL_BL0.CLKOP to  PLL_BL0.CLKFB slv_com_top_inst.CLKCOM_OUT
                  --------
                    0.696   (0.0% logic, 100.0% route), 1 logic levels.


Passed: The following path meets requirements by 1.252ns

 Logical Details:  Cell type  Pin type       Cell/ASIC name  (clock net +/-)

   Source:         FF         Q              slv_com_top_inst/slvadr_cnv_inst/s_HEX_OUT[0]  (from s_PLL_CLK20M +)
   Destination:    FF         Data in        slv_com_top_inst/slv_ctrl_top_inst/slv_tx_ctrl_inst/TX_D[0]  (to slv_com_top_inst.CLK1 +)

   Delay:               1.371ns  (34.1% logic, 65.9% route), 5 logic levels.

 Constraint Details:

      1.371ns physical path delay slv_com_top_inst/slvadr_cnv_inst/SLICE_4785 to slv_com_top_inst/slv_ctrl_top_inst/slv_tx_ctrl_inst/SLICE_4789 meets
      0.119ns DIN_HLD and
      0.000ns delay constraint less
      0.000ns skew less
      0.000ns feedback compensation requirement (totaling 0.119ns) by 1.252ns

 Physical Path Details:

      Data path slv_com_top_inst/slvadr_cnv_inst/SLICE_4785 to slv_com_top_inst/slv_ctrl_top_inst/slv_tx_ctrl_inst/SLICE_4789:

   Name    Fanout   Delay (ns)          Site               Resource
REG_DEL     ---     0.164    R38C44D.CLK to     R38C44D.Q0 slv_com_top_inst/slvadr_cnv_inst/SLICE_4785 (from s_PLL_CLK20M)
ROUTE         1     0.473     R38C44D.Q0 to     R36C59D.C1 slv_com_top_inst/SLVADR_HEX[0]
CTOF_DEL    ---     0.076     R36C59D.C1 to     R36C59D.F1 slv_com_top_inst/slv_ctrl_top_inst/slv_tx_ctrl_inst/SLICE_9997
ROUTE         1     0.154     R36C59D.F1 to     R36C59D.A0 slv_com_top_inst/slv_ctrl_top_inst/slv_tx_ctrl_inst/G_19_0_1
CTOF_DEL    ---     0.076     R36C59D.A0 to     R36C59D.F0 slv_com_top_inst/slv_ctrl_top_inst/slv_tx_ctrl_inst/SLICE_9997
ROUTE         1     0.145     R36C59D.F0 to     R36C61B.C0 slv_com_top_inst/slv_ctrl_top_inst/slv_tx_ctrl_inst/G_19_0_3
CTOF_DEL    ---     0.076     R36C61B.C0 to     R36C61B.F0 slv_com_top_inst/slv_ctrl_top_inst/slv_tx_ctrl_inst/SLICE_9996
ROUTE         1     0.131     R36C61B.F0 to     R35C61A.D0 slv_com_top_inst/slv_ctrl_top_inst/slv_tx_ctrl_inst/G_19_0_6
CTOF_DEL    ---     0.076     R35C61A.D0 to     R35C61A.F0 slv_com_top_inst/slv_ctrl_top_inst/slv_tx_ctrl_inst/SLICE_4789
ROUTE         1     0.000     R35C61A.F0 to    R35C61A.DI0 slv_com_top_inst/slv_ctrl_top_inst/slv_tx_ctrl_inst/N_355_i (to slv_com_top_inst.CLK1)
                  --------
                    1.371   (34.1% logic, 65.9% route), 5 logic levels.

 Clock Skew Details: 

      Source Clock Path UP_CLK to slv_com_top_inst/slvadr_cnv_inst/SLICE_4785:

   Name    Fanout   Delay (ns)          Site               Resource
PADI_DEL    ---     0.740         M1.PAD to       M1.PADDI UP_CLK
ROUTE         1     0.156       M1.PADDI to   PLL_BL0.CLKI UP_CLK_c
CLKI2OS2_D  ---     0.000   PLL_BL0.CLKI to PLL_BL0.CLKOS2 slv_com_top_inst/clk_gen_inst2/PLL_inst/PLLInst_0
ROUTE       999     0.653 PLL_BL0.CLKOS2 to    R38C44D.CLK s_PLL_CLK20M
                  --------
                    1.549   (47.8% logic, 52.2% route), 2 logic levels.

      Source Clock f/b:

   Name    Fanout   Delay (ns)          Site               Resource
CLKFB2OP_D  ---     0.000  PLL_BL0.CLKFB to  PLL_BL0.CLKOP slv_com_top_inst/clk_gen_inst2/PLL_inst/PLLInst_0
ROUTE       173     0.696  PLL_BL0.CLKOP to  PLL_BL0.CLKFB slv_com_top_inst.CLKCOM_OUT
                  --------
                    0.696   (0.0% logic, 100.0% route), 1 logic levels.

      Destination Clock Path UP_CLK to slv_com_top_inst/slv_ctrl_top_inst/slv_tx_ctrl_inst/SLICE_4789:

   Name    Fanout   Delay (ns)          Site               Resource
PADI_DEL    ---     0.740         M1.PAD to       M1.PADDI UP_CLK
ROUTE         1     0.156       M1.PADDI to   PLL_BL0.CLKI UP_CLK_c
CLKI2OS3_D  ---     0.000   PLL_BL0.CLKI to PLL_BL0.CLKOS3 slv_com_top_inst/clk_gen_inst2/PLL_inst/PLLInst_0
ROUTE       379     0.653 PLL_BL0.CLKOS3 to    R35C61A.CLK slv_com_top_inst.CLK1
                  --------
                    1.549   (47.8% logic, 52.2% route), 2 logic levels.

      Destination Clock f/b:

   Name    Fanout   Delay (ns)          Site               Resource
CLKFB2OP_D  ---     0.000  PLL_BL0.CLKFB to  PLL_BL0.CLKOP slv_com_top_inst/clk_gen_inst2/PLL_inst/PLLInst_0
ROUTE       173     0.696  PLL_BL0.CLKOP to  PLL_BL0.CLKFB slv_com_top_inst.CLKCOM_OUT
                  --------
                    0.696   (0.0% logic, 100.0% route), 1 logic levels.


Passed: The following path meets requirements by 1.283ns

 Logical Details:  Cell type  Pin type       Cell/ASIC name  (clock net +/-)

   Source:         FF         Q              slv_com_top_inst/slvadr_cnv_inst/s_HEX_OUT[5]  (from s_PLL_CLK20M +)
   Destination:    FF         Data in        slv_com_top_inst/slv_ctrl_top_inst/slv_tx_ctrl_inst/TX_D[5]  (to slv_com_top_inst.CLK1 +)

   Delay:               1.402ns  (27.9% logic, 72.1% route), 4 logic levels.

 Constraint Details:

      1.402ns physical path delay slv_com_top_inst/slvadr_cnv_inst/SLICE_4787 to slv_com_top_inst/slv_ctrl_top_inst/slv_tx_ctrl_inst/SLICE_4791 meets
      0.119ns DIN_HLD and
      0.000ns delay constraint less
      0.000ns skew less
      0.000ns feedback compensation requirement (totaling 0.119ns) by 1.283ns

 Physical Path Details:

      Data path slv_com_top_inst/slvadr_cnv_inst/SLICE_4787 to slv_com_top_inst/slv_ctrl_top_inst/slv_tx_ctrl_inst/SLICE_4791:

   Name    Fanout   Delay (ns)          Site               Resource
REG_DEL     ---     0.163    R39C44A.CLK to     R39C44A.Q1 slv_com_top_inst/slvadr_cnv_inst/SLICE_4787 (from s_PLL_CLK20M)
ROUTE         3     0.547     R39C44A.Q1 to     R35C58A.D0 slv_com_top_inst/SLVADR_HEX[5]
CTOF_DEL    ---     0.076     R35C58A.D0 to     R35C58A.F0 slv_com_top_inst/slv_ctrl_top_inst/slv_tx_ctrl_inst/SLICE_9994
ROUTE         1     0.228     R35C58A.F0 to     R35C58A.C1 slv_com_top_inst/slv_ctrl_top_inst/slv_tx_ctrl_inst/TX_D_26_iv_0_0_3[5]
CTOF_DEL    ---     0.076     R35C58A.C1 to     R35C58A.F1 slv_com_top_inst/slv_ctrl_top_inst/slv_tx_ctrl_inst/SLICE_9994
ROUTE         1     0.236     R35C58A.F1 to     R35C60C.B1 slv_com_top_inst/slv_ctrl_top_inst/slv_tx_ctrl_inst/TX_D_26_iv_0_0_7[5]
CTOF_DEL    ---     0.076     R35C60C.B1 to     R35C60C.F1 slv_com_top_inst/slv_ctrl_top_inst/slv_tx_ctrl_inst/SLICE_4791
ROUTE         1     0.000     R35C60C.F1 to    R35C60C.DI1 slv_com_top_inst/slv_ctrl_top_inst/slv_tx_ctrl_inst/TX_D_26[5] (to slv_com_top_inst.CLK1)
                  --------
                    1.402   (27.9% logic, 72.1% route), 4 logic levels.

 Clock Skew Details: 

      Source Clock Path UP_CLK to slv_com_top_inst/slvadr_cnv_inst/SLICE_4787:

   Name    Fanout   Delay (ns)          Site               Resource
PADI_DEL    ---     0.740         M1.PAD to       M1.PADDI UP_CLK
ROUTE         1     0.156       M1.PADDI to   PLL_BL0.CLKI UP_CLK_c
CLKI2OS2_D  ---     0.000   PLL_BL0.CLKI to PLL_BL0.CLKOS2 slv_com_top_inst/clk_gen_inst2/PLL_inst/PLLInst_0
ROUTE       999     0.653 PLL_BL0.CLKOS2 to    R39C44A.CLK s_PLL_CLK20M
                  --------
                    1.549   (47.8% logic, 52.2% route), 2 logic levels.

      Source Clock f/b:

   Name    Fanout   Delay (ns)          Site               Resource
CLKFB2OP_D  ---     0.000  PLL_BL0.CLKFB to  PLL_BL0.CLKOP slv_com_top_inst/clk_gen_inst2/PLL_inst/PLLInst_0
ROUTE       173     0.696  PLL_BL0.CLKOP to  PLL_BL0.CLKFB slv_com_top_inst.CLKCOM_OUT
                  --------
                    0.696   (0.0% logic, 100.0% route), 1 logic levels.

      Destination Clock Path UP_CLK to slv_com_top_inst/slv_ctrl_top_inst/slv_tx_ctrl_inst/SLICE_4791:

   Name    Fanout   Delay (ns)          Site               Resource
PADI_DEL    ---     0.740         M1.PAD to       M1.PADDI UP_CLK
ROUTE         1     0.156       M1.PADDI to   PLL_BL0.CLKI UP_CLK_c
CLKI2OS3_D  ---     0.000   PLL_BL0.CLKI to PLL_BL0.CLKOS3 slv_com_top_inst/clk_gen_inst2/PLL_inst/PLLInst_0
ROUTE       379     0.653 PLL_BL0.CLKOS3 to    R35C60C.CLK slv_com_top_inst.CLK1
                  --------
                    1.549   (47.8% logic, 52.2% route), 2 logic levels.

      Destination Clock f/b:

   Name    Fanout   Delay (ns)          Site               Resource
CLKFB2OP_D  ---     0.000  PLL_BL0.CLKFB to  PLL_BL0.CLKOP slv_com_top_inst/clk_gen_inst2/PLL_inst/PLLInst_0
ROUTE       173     0.696  PLL_BL0.CLKOP to  PLL_BL0.CLKFB slv_com_top_inst.CLKCOM_OUT
                  --------
                    0.696   (0.0% logic, 100.0% route), 1 logic levels.


Passed: The following path meets requirements by 1.336ns

 Logical Details:  Cell type  Pin type       Cell/ASIC name  (clock net +/-)

   Source:         FF         Q              slv_com_top_inst/slvadr_cnv_inst/s_HEX_OUT[5]  (from s_PLL_CLK20M +)
   Destination:    FF         Data in        slv_com_top_inst/slv_ctrl_top_inst/slv_tx_ctrl_inst/TX_D[7]  (to slv_com_top_inst.CLK1 +)

   Delay:               1.455ns  (21.6% logic, 78.4% route), 3 logic levels.

 Constraint Details:

      1.455ns physical path delay slv_com_top_inst/slvadr_cnv_inst/SLICE_4787 to slv_com_top_inst/slv_ctrl_top_inst/slv_tx_ctrl_inst/SLICE_4792 meets
      0.119ns DIN_HLD and
      0.000ns delay constraint less
      0.000ns skew less
      0.000ns feedback compensation requirement (totaling 0.119ns) by 1.336ns

 Physical Path Details:

      Data path slv_com_top_inst/slvadr_cnv_inst/SLICE_4787 to slv_com_top_inst/slv_ctrl_top_inst/slv_tx_ctrl_inst/SLICE_4792:

   Name    Fanout   Delay (ns)          Site               Resource
REG_DEL     ---     0.163    R39C44A.CLK to     R39C44A.Q1 slv_com_top_inst/slvadr_cnv_inst/SLICE_4787 (from s_PLL_CLK20M)
ROUTE         3     0.817     R39C44A.Q1 to     R35C56D.B0 slv_com_top_inst/SLVADR_HEX[5]
CTOF_DEL    ---     0.076     R35C56D.B0 to     R35C56D.F0 slv_com_top_inst/slv_ctrl_top_inst/slv_tx_ctrl_inst/SLICE_9991
ROUTE         1     0.323     R35C56D.F0 to     R35C60B.A1 slv_com_top_inst/slv_ctrl_top_inst/slv_tx_ctrl_inst/N_377_i_1
CTOF_DEL    ---     0.076     R35C60B.A1 to     R35C60B.F1 slv_com_top_inst/slv_ctrl_top_inst/slv_tx_ctrl_inst/SLICE_4792
ROUTE         1     0.000     R35C60B.F1 to    R35C60B.DI1 slv_com_top_inst/slv_ctrl_top_inst/slv_tx_ctrl_inst/N_377_i (to slv_com_top_inst.CLK1)
                  --------
                    1.455   (21.6% logic, 78.4% route), 3 logic levels.

 Clock Skew Details: 

      Source Clock Path UP_CLK to slv_com_top_inst/slvadr_cnv_inst/SLICE_4787:

   Name    Fanout   Delay (ns)          Site               Resource
PADI_DEL    ---     0.740         M1.PAD to       M1.PADDI UP_CLK
ROUTE         1     0.156       M1.PADDI to   PLL_BL0.CLKI UP_CLK_c
CLKI2OS2_D  ---     0.000   PLL_BL0.CLKI to PLL_BL0.CLKOS2 slv_com_top_inst/clk_gen_inst2/PLL_inst/PLLInst_0
ROUTE       999     0.653 PLL_BL0.CLKOS2 to    R39C44A.CLK s_PLL_CLK20M
                  --------
                    1.549   (47.8% logic, 52.2% route), 2 logic levels.

      Source Clock f/b:

   Name    Fanout   Delay (ns)          Site               Resource
CLKFB2OP_D  ---     0.000  PLL_BL0.CLKFB to  PLL_BL0.CLKOP slv_com_top_inst/clk_gen_inst2/PLL_inst/PLLInst_0
ROUTE       173     0.696  PLL_BL0.CLKOP to  PLL_BL0.CLKFB slv_com_top_inst.CLKCOM_OUT
                  --------
                    0.696   (0.0% logic, 100.0% route), 1 logic levels.

      Destination Clock Path UP_CLK to slv_com_top_inst/slv_ctrl_top_inst/slv_tx_ctrl_inst/SLICE_4792:

   Name    Fanout   Delay (ns)          Site               Resource
PADI_DEL    ---     0.740         M1.PAD to       M1.PADDI UP_CLK
ROUTE         1     0.156       M1.PADDI to   PLL_BL0.CLKI UP_CLK_c
CLKI2OS3_D  ---     0.000   PLL_BL0.CLKI to PLL_BL0.CLKOS3 slv_com_top_inst/clk_gen_inst2/PLL_inst/PLLInst_0
ROUTE       379     0.653 PLL_BL0.CLKOS3 to    R35C60B.CLK slv_com_top_inst.CLK1
                  --------
                    1.549   (47.8% logic, 52.2% route), 2 logic levels.

      Destination Clock f/b:

   Name    Fanout   Delay (ns)          Site               Resource
CLKFB2OP_D  ---     0.000  PLL_BL0.CLKFB to  PLL_BL0.CLKOP slv_com_top_inst/clk_gen_inst2/PLL_inst/PLLInst_0
ROUTE       173     0.696  PLL_BL0.CLKOP to  PLL_BL0.CLKFB slv_com_top_inst.CLKCOM_OUT
                  --------
                    0.696   (0.0% logic, 100.0% route), 1 logic levels.


Passed: The following path meets requirements by 1.364ns

 Logical Details:  Cell type  Pin type       Cell/ASIC name  (clock net +/-)

   Source:         FF         Q              slv_com_top_inst/slvadr_cnv_inst/s_HEX_OUT[2]  (from s_PLL_CLK20M +)
   Destination:    FF         Data in        slv_com_top_inst/slv_ctrl_top_inst/slv_tx_ctrl_inst/TX_D[2]  (to slv_com_top_inst.CLK1 +)

   Delay:               1.483ns  (26.4% logic, 73.6% route), 4 logic levels.

 Constraint Details:

      1.483ns physical path delay slv_com_top_inst/slvadr_cnv_inst/SLICE_4786 to slv_com_top_inst/slv_ctrl_top_inst/slv_tx_ctrl_inst/SLICE_4790 meets
      0.119ns DIN_HLD and
      0.000ns delay constraint less
      0.000ns skew less
      0.000ns feedback compensation requirement (totaling 0.119ns) by 1.364ns

 Physical Path Details:

      Data path slv_com_top_inst/slvadr_cnv_inst/SLICE_4786 to slv_com_top_inst/slv_ctrl_top_inst/slv_tx_ctrl_inst/SLICE_4790:

   Name    Fanout   Delay (ns)          Site               Resource
REG_DEL     ---     0.164    R39C44B.CLK to     R39C44B.Q0 slv_com_top_inst/slvadr_cnv_inst/SLICE_4786 (from s_PLL_CLK20M)
ROUTE         1     0.650     R39C44B.Q0 to     R35C59A.A1 slv_com_top_inst/SLVADR_HEX[2]
CTOF_DEL    ---     0.076     R35C59A.A1 to     R35C59A.F1 slv_com_top_inst/slv_ctrl_top_inst/slv_tx_ctrl_inst/SLICE_9998
ROUTE         1     0.214     R35C59A.F1 to     R35C59A.D0 slv_com_top_inst/slv_ctrl_top_inst/slv_tx_ctrl_inst/G_21_0_1_0
CTOF_DEL    ---     0.076     R35C59A.D0 to     R35C59A.F0 slv_com_top_inst/slv_ctrl_top_inst/slv_tx_ctrl_inst/SLICE_9998
ROUTE         1     0.227     R35C59A.F0 to     R36C60D.C0 slv_com_top_inst/slv_ctrl_top_inst/slv_tx_ctrl_inst/G_21_0_3_0
CTOF_DEL    ---     0.076     R36C60D.C0 to     R36C60D.F0 slv_com_top_inst/slv_ctrl_top_inst/slv_tx_ctrl_inst/SLICE_4790
ROUTE         1     0.000     R36C60D.F0 to    R36C60D.DI0 slv_com_top_inst/slv_ctrl_top_inst/slv_tx_ctrl_inst/TX_D_26[2] (to slv_com_top_inst.CLK1)
                  --------
                    1.483   (26.4% logic, 73.6% route), 4 logic levels.

 Clock Skew Details: 

      Source Clock Path UP_CLK to slv_com_top_inst/slvadr_cnv_inst/SLICE_4786:

   Name    Fanout   Delay (ns)          Site               Resource
PADI_DEL    ---     0.740         M1.PAD to       M1.PADDI UP_CLK
ROUTE         1     0.156       M1.PADDI to   PLL_BL0.CLKI UP_CLK_c
CLKI2OS2_D  ---     0.000   PLL_BL0.CLKI to PLL_BL0.CLKOS2 slv_com_top_inst/clk_gen_inst2/PLL_inst/PLLInst_0
ROUTE       999     0.653 PLL_BL0.CLKOS2 to    R39C44B.CLK s_PLL_CLK20M
                  --------
                    1.549   (47.8% logic, 52.2% route), 2 logic levels.

      Source Clock f/b:

   Name    Fanout   Delay (ns)          Site               Resource
CLKFB2OP_D  ---     0.000  PLL_BL0.CLKFB to  PLL_BL0.CLKOP slv_com_top_inst/clk_gen_inst2/PLL_inst/PLLInst_0
ROUTE       173     0.696  PLL_BL0.CLKOP to  PLL_BL0.CLKFB slv_com_top_inst.CLKCOM_OUT
                  --------
                    0.696   (0.0% logic, 100.0% route), 1 logic levels.

      Destination Clock Path UP_CLK to slv_com_top_inst/slv_ctrl_top_inst/slv_tx_ctrl_inst/SLICE_4790:

   Name    Fanout   Delay (ns)          Site               Resource
PADI_DEL    ---     0.740         M1.PAD to       M1.PADDI UP_CLK
ROUTE         1     0.156       M1.PADDI to   PLL_BL0.CLKI UP_CLK_c
CLKI2OS3_D  ---     0.000   PLL_BL0.CLKI to PLL_BL0.CLKOS3 slv_com_top_inst/clk_gen_inst2/PLL_inst/PLLInst_0
ROUTE       379     0.653 PLL_BL0.CLKOS3 to    R36C60D.CLK slv_com_top_inst.CLK1
                  --------
                    1.549   (47.8% logic, 52.2% route), 2 logic levels.

      Destination Clock f/b:

   Name    Fanout   Delay (ns)          Site               Resource
CLKFB2OP_D  ---     0.000  PLL_BL0.CLKFB to  PLL_BL0.CLKOP slv_com_top_inst/clk_gen_inst2/PLL_inst/PLLInst_0
ROUTE       173     0.696  PLL_BL0.CLKOP to  PLL_BL0.CLKFB slv_com_top_inst.CLKCOM_OUT
                  --------
                    0.696   (0.0% logic, 100.0% route), 1 logic levels.


Passed: The following path meets requirements by 2.036ns

 Logical Details:  Cell type  Pin type       Cell/ASIC name  (clock net +/-)

   Source:         FF         Q              stm06/ppmc_reg_S118M_inst/inst_ppmc_rgstr/HIGH_FREQ_REG_O[11]  (from s_PLL_CLK20M +)
   Destination:    FF         Data in        slv_com_top_inst/slv_ctrl_top_inst/slv_tx_ctrl_inst/TX_D[3]  (to slv_com_top_inst.CLK1 +)

   Delay:               2.155ns  (27.9% logic, 72.1% route), 8 logic levels.

 Constraint Details:

      2.155ns physical path delay stm06/ppmc_reg_S118M_inst/inst_ppmc_rgstr/SLICE_6228 to slv_com_top_inst/slv_ctrl_top_inst/slv_tx_ctrl_inst/SLICE_4790 meets
      0.119ns DIN_HLD and
      0.000ns delay constraint less
      0.000ns skew less
      0.000ns feedback compensation requirement (totaling 0.119ns) by 2.036ns

 Physical Path Details:

      Data path stm06/ppmc_reg_S118M_inst/inst_ppmc_rgstr/SLICE_6228 to slv_com_top_inst/slv_ctrl_top_inst/slv_tx_ctrl_inst/SLICE_4790:

   Name    Fanout   Delay (ns)          Site               Resource
REG_DEL     ---     0.164    R28C12B.CLK to     R28C12B.Q0 stm06/ppmc_reg_S118M_inst/inst_ppmc_rgstr/SLICE_6228 (from s_PLL_CLK20M)
ROUTE         4     0.133     R28C12B.Q0 to     R28C14D.D0 stm06/HIGH_FREQ_REG[11]
CTOF_DEL    ---     0.076     R28C14D.D0 to     R28C14D.F0 stm06/fc_sel_inst/SLICE_9069
ROUTE         1     0.069     R28C14D.F0 to     R28C14D.C1 stm06/fc_sel_inst/LDO_i_0_a2_14[3]
CTOF_DEL    ---     0.076     R28C14D.C1 to     R28C14D.F1 stm06/fc_sel_inst/SLICE_9069
ROUTE         1     0.544     R28C14D.F1 to     R28C33B.A0 N_665
C0TOFCO_DE  ---     0.073     R28C33B.A0 to    R28C33B.FCO slv_com_top_inst/slv_ctrl_top_inst/nd_sel_inst/SLICE_2992
ROUTE         1     0.000    R28C33B.FCO to    R28C33C.FCI slv_com_top_inst/slv_ctrl_top_inst/nd_sel_inst/LDO_prm_5_3
FCITOFCO_D  ---     0.025    R28C33C.FCI to    R28C33C.FCO slv_com_top_inst/slv_ctrl_top_inst/nd_sel_inst/SLICE_2993
ROUTE         1     0.000    R28C33C.FCO to    R28C33D.FCI slv_com_top_inst/slv_ctrl_top_inst/nd_sel_inst/LDO_prm_3_3
FCITOFCO_D  ---     0.025    R28C33D.FCI to    R28C33D.FCO slv_com_top_inst/slv_ctrl_top_inst/nd_sel_inst/SLICE_2994
ROUTE         1     0.000    R28C33D.FCO to    R28C34A.FCI slv_com_top_inst/slv_ctrl_top_inst/nd_sel_inst/LDO_prm_1_3_cry
FCITOF0_DE  ---     0.087    R28C34A.FCI to     R28C34A.F0 slv_com_top_inst/slv_ctrl_top_inst/nd_sel_inst/SLICE_2995
ROUTE         1     0.807     R28C34A.F0 to     R36C60D.A1 slv_com_top_inst/slv_ctrl_top_inst/LDO[3]
CTOF_DEL    ---     0.076     R36C60D.A1 to     R36C60D.F1 slv_com_top_inst/slv_ctrl_top_inst/slv_tx_ctrl_inst/SLICE_4790
ROUTE         1     0.000     R36C60D.F1 to    R36C60D.DI1 slv_com_top_inst/slv_ctrl_top_inst/slv_tx_ctrl_inst/TX_D_26[3] (to slv_com_top_inst.CLK1)
                  --------
                    2.155   (27.9% logic, 72.1% route), 8 logic levels.

 Clock Skew Details: 

      Source Clock Path UP_CLK to stm06/ppmc_reg_S118M_inst/inst_ppmc_rgstr/SLICE_6228:

   Name    Fanout   Delay (ns)          Site               Resource
PADI_DEL    ---     0.740         M1.PAD to       M1.PADDI UP_CLK
ROUTE         1     0.156       M1.PADDI to   PLL_BL0.CLKI UP_CLK_c
CLKI2OS2_D  ---     0.000   PLL_BL0.CLKI to PLL_BL0.CLKOS2 slv_com_top_inst/clk_gen_inst2/PLL_inst/PLLInst_0
ROUTE       999     0.653 PLL_BL0.CLKOS2 to    R28C12B.CLK s_PLL_CLK20M
                  --------
                    1.549   (47.8% logic, 52.2% route), 2 logic levels.

      Source Clock f/b:

   Name    Fanout   Delay (ns)          Site               Resource
CLKFB2OP_D  ---     0.000  PLL_BL0.CLKFB to  PLL_BL0.CLKOP slv_com_top_inst/clk_gen_inst2/PLL_inst/PLLInst_0
ROUTE       173     0.696  PLL_BL0.CLKOP to  PLL_BL0.CLKFB slv_com_top_inst.CLKCOM_OUT
                  --------
                    0.696   (0.0% logic, 100.0% route), 1 logic levels.

      Destination Clock Path UP_CLK to slv_com_top_inst/slv_ctrl_top_inst/slv_tx_ctrl_inst/SLICE_4790:

   Name    Fanout   Delay (ns)          Site               Resource
PADI_DEL    ---     0.740         M1.PAD to       M1.PADDI UP_CLK
ROUTE         1     0.156       M1.PADDI to   PLL_BL0.CLKI UP_CLK_c
CLKI2OS3_D  ---     0.000   PLL_BL0.CLKI to PLL_BL0.CLKOS3 slv_com_top_inst/clk_gen_inst2/PLL_inst/PLLInst_0
ROUTE       379     0.653 PLL_BL0.CLKOS3 to    R36C60D.CLK slv_com_top_inst.CLK1
                  --------
                    1.549   (47.8% logic, 52.2% route), 2 logic levels.

      Destination Clock f/b:

   Name    Fanout   Delay (ns)          Site               Resource
CLKFB2OP_D  ---     0.000  PLL_BL0.CLKFB to  PLL_BL0.CLKOP slv_com_top_inst/clk_gen_inst2/PLL_inst/PLLInst_0
ROUTE       173     0.696  PLL_BL0.CLKOP to  PLL_BL0.CLKFB slv_com_top_inst.CLKCOM_OUT
                  --------
                    0.696   (0.0% logic, 100.0% route), 1 logic levels.


Passed: The following path meets requirements by 2.118ns

 Logical Details:  Cell type  Pin type       Cell/ASIC name  (clock net +/-)

   Source:         FF         Q              stm02/ppmc_reg_S118M_inst/inst_ppmc_rgstr/MORE_REG_O[5]  (from s_PLL_CLK20M +)
   Destination:    FF         Data in        slv_com_top_inst/slv_ctrl_top_inst/slv_tx_ctrl_inst/TX_D[5]  (to slv_com_top_inst.CLK1 +)

   Delay:               2.237ns  (24.7% logic, 75.3% route), 6 logic levels.

 Constraint Details:

      2.237ns physical path delay stm02/ppmc_reg_S118M_inst/inst_ppmc_rgstr/SLICE_5497 to slv_com_top_inst/slv_ctrl_top_inst/slv_tx_ctrl_inst/SLICE_4791 meets
      0.119ns DIN_HLD and
      0.000ns delay constraint less
      0.000ns skew less
      0.000ns feedback compensation requirement (totaling 0.119ns) by 2.118ns

 Physical Path Details:

      Data path stm02/ppmc_reg_S118M_inst/inst_ppmc_rgstr/SLICE_5497 to slv_com_top_inst/slv_ctrl_top_inst/slv_tx_ctrl_inst/SLICE_4791:

   Name    Fanout   Delay (ns)          Site               Resource
REG_DEL     ---     0.164    R43C29B.CLK to     R43C29B.Q0 stm02/ppmc_reg_S118M_inst/inst_ppmc_rgstr/SLICE_5497 (from s_PLL_CLK20M)
ROUTE         2     0.240     R43C29B.Q0 to     R43C29C.B1 stm02/MORE_PLS_REG[5]
CTOF_DEL    ---     0.076     R43C29C.B1 to     R43C29C.F1 stm02/fc_sel_inst/SLICE_9478
ROUTE         1     0.154     R43C29C.F1 to     R43C29C.A0 stm02/fc_sel_inst/LDO_i_0_a2_11[5]
CTOF_DEL    ---     0.076     R43C29C.A0 to     R43C29C.F0 stm02/fc_sel_inst/SLICE_9478
ROUTE         1     0.544     R43C29C.F0 to     R29C30D.B0 N_626
C0TOFCO_DE  ---     0.073     R29C30D.B0 to    R29C30D.FCO slv_com_top_inst/slv_ctrl_top_inst/nd_sel_inst/SLICE_2976
ROUTE         1     0.000    R29C30D.FCO to    R29C31A.FCI slv_com_top_inst/slv_ctrl_top_inst/nd_sel_inst/LDO_prm_1_5_cry
FCITOF0_DE  ---     0.087    R29C31A.FCI to     R29C31A.F0 slv_com_top_inst/slv_ctrl_top_inst/nd_sel_inst/SLICE_2977
ROUTE         1     0.747     R29C31A.F0 to     R35C60C.D1 slv_com_top_inst/slv_ctrl_top_inst/LDO[5]
CTOF_DEL    ---     0.076     R35C60C.D1 to     R35C60C.F1 slv_com_top_inst/slv_ctrl_top_inst/slv_tx_ctrl_inst/SLICE_4791
ROUTE         1     0.000     R35C60C.F1 to    R35C60C.DI1 slv_com_top_inst/slv_ctrl_top_inst/slv_tx_ctrl_inst/TX_D_26[5] (to slv_com_top_inst.CLK1)
                  --------
                    2.237   (24.7% logic, 75.3% route), 6 logic levels.

 Clock Skew Details: 

      Source Clock Path UP_CLK to stm02/ppmc_reg_S118M_inst/inst_ppmc_rgstr/SLICE_5497:

   Name    Fanout   Delay (ns)          Site               Resource
PADI_DEL    ---     0.740         M1.PAD to       M1.PADDI UP_CLK
ROUTE         1     0.156       M1.PADDI to   PLL_BL0.CLKI UP_CLK_c
CLKI2OS2_D  ---     0.000   PLL_BL0.CLKI to PLL_BL0.CLKOS2 slv_com_top_inst/clk_gen_inst2/PLL_inst/PLLInst_0
ROUTE       999     0.653 PLL_BL0.CLKOS2 to    R43C29B.CLK s_PLL_CLK20M
                  --------
                    1.549   (47.8% logic, 52.2% route), 2 logic levels.

      Source Clock f/b:

   Name    Fanout   Delay (ns)          Site               Resource
CLKFB2OP_D  ---     0.000  PLL_BL0.CLKFB to  PLL_BL0.CLKOP slv_com_top_inst/clk_gen_inst2/PLL_inst/PLLInst_0
ROUTE       173     0.696  PLL_BL0.CLKOP to  PLL_BL0.CLKFB slv_com_top_inst.CLKCOM_OUT
                  --------
                    0.696   (0.0% logic, 100.0% route), 1 logic levels.

      Destination Clock Path UP_CLK to slv_com_top_inst/slv_ctrl_top_inst/slv_tx_ctrl_inst/SLICE_4791:

   Name    Fanout   Delay (ns)          Site               Resource
PADI_DEL    ---     0.740         M1.PAD to       M1.PADDI UP_CLK
ROUTE         1     0.156       M1.PADDI to   PLL_BL0.CLKI UP_CLK_c
CLKI2OS3_D  ---     0.000   PLL_BL0.CLKI to PLL_BL0.CLKOS3 slv_com_top_inst/clk_gen_inst2/PLL_inst/PLLInst_0
ROUTE       379     0.653 PLL_BL0.CLKOS3 to    R35C60C.CLK slv_com_top_inst.CLK1
                  --------
                    1.549   (47.8% logic, 52.2% route), 2 logic levels.

      Destination Clock f/b:

   Name    Fanout   Delay (ns)          Site               Resource
CLKFB2OP_D  ---     0.000  PLL_BL0.CLKFB to  PLL_BL0.CLKOP slv_com_top_inst/clk_gen_inst2/PLL_inst/PLLInst_0
ROUTE       173     0.696  PLL_BL0.CLKOP to  PLL_BL0.CLKFB slv_com_top_inst.CLKCOM_OUT
                  --------
                    0.696   (0.0% logic, 100.0% route), 1 logic levels.


================================================================================
Preference: MULTICYCLE FROM CLKNET "slv_com_top_inst.CLK1" TO CLKNET "s_PLL_CLK20M" 2.000000 X ;
            4096 items scored, 0 timing errors detected.
--------------------------------------------------------------------------------


Passed: The following path meets requirements by 0.262ns

 Logical Details:  Cell type  Pin type       Cell/ASIC name  (clock net +/-)

   Source:         FF         Q              slv_com_top_inst/slv_ctrl_top_inst/slv_rx_ctrl_inst/LD[2]  (from slv_com_top_inst.CLK1 +)
   Destination:    FF         Data in        stm11/ppmc_reg_S118M_inst/inst_ppmc_rgstr/COMMAND_REG_O[2]  (to s_PLL_CLK20M +)

   Delay:               0.380ns  (43.2% logic, 56.8% route), 1 logic levels.

 Constraint Details:

      0.380ns physical path delay slv_com_top_inst/slv_ctrl_top_inst/slv_rx_ctrl_inst/SLICE_4481 to stm11/ppmc_reg_S118M_inst/inst_ppmc_rgstr/SLICE_7146 meets
      0.118ns M_HLD and
      0.000ns delay constraint less
      0.000ns skew less
      0.000ns feedback compensation requirement (totaling 0.118ns) by 0.262ns

 Physical Path Details:

      Data path slv_com_top_inst/slv_ctrl_top_inst/slv_rx_ctrl_inst/SLICE_4481 to stm11/ppmc_reg_S118M_inst/inst_ppmc_rgstr/SLICE_7146:

   Name    Fanout   Delay (ns)          Site               Resource
REG_DEL     ---     0.164    R34C54A.CLK to     R34C54A.Q0 slv_com_top_inst/slv_ctrl_top_inst/slv_rx_ctrl_inst/SLICE_4481 (from slv_com_top_inst.CLK1)
ROUTE        91     0.216     R34C54A.Q0 to     R34C56B.M0 s_LDI[2] (to s_PLL_CLK20M)
                  --------
                    0.380   (43.2% logic, 56.8% route), 1 logic levels.

 Clock Skew Details: 

      Source Clock Path UP_CLK to slv_com_top_inst/slv_ctrl_top_inst/slv_rx_ctrl_inst/SLICE_4481:

   Name    Fanout   Delay (ns)          Site               Resource
PADI_DEL    ---     0.740         M1.PAD to       M1.PADDI UP_CLK
ROUTE         1     0.156       M1.PADDI to   PLL_BL0.CLKI UP_CLK_c
CLKI2OS3_D  ---     0.000   PLL_BL0.CLKI to PLL_BL0.CLKOS3 slv_com_top_inst/clk_gen_inst2/PLL_inst/PLLInst_0
ROUTE       379     0.653 PLL_BL0.CLKOS3 to    R34C54A.CLK slv_com_top_inst.CLK1
                  --------
                    1.549   (47.8% logic, 52.2% route), 2 logic levels.

      Source Clock f/b:

   Name    Fanout   Delay (ns)          Site               Resource
CLKFB2OP_D  ---     0.000  PLL_BL0.CLKFB to  PLL_BL0.CLKOP slv_com_top_inst/clk_gen_inst2/PLL_inst/PLLInst_0
ROUTE       173     0.696  PLL_BL0.CLKOP to  PLL_BL0.CLKFB slv_com_top_inst.CLKCOM_OUT
                  --------
                    0.696   (0.0% logic, 100.0% route), 1 logic levels.

      Destination Clock Path UP_CLK to stm11/ppmc_reg_S118M_inst/inst_ppmc_rgstr/SLICE_7146:

   Name    Fanout   Delay (ns)          Site               Resource
PADI_DEL    ---     0.740         M1.PAD to       M1.PADDI UP_CLK
ROUTE         1     0.156       M1.PADDI to   PLL_BL0.CLKI UP_CLK_c
CLKI2OS2_D  ---     0.000   PLL_BL0.CLKI to PLL_BL0.CLKOS2 slv_com_top_inst/clk_gen_inst2/PLL_inst/PLLInst_0
ROUTE       999     0.653 PLL_BL0.CLKOS2 to    R34C56B.CLK s_PLL_CLK20M
                  --------
                    1.549   (47.8% logic, 52.2% route), 2 logic levels.

      Destination Clock f/b:

   Name    Fanout   Delay (ns)          Site               Resource
CLKFB2OP_D  ---     0.000  PLL_BL0.CLKFB to  PLL_BL0.CLKOP slv_com_top_inst/clk_gen_inst2/PLL_inst/PLLInst_0
ROUTE       173     0.696  PLL_BL0.CLKOP to  PLL_BL0.CLKFB slv_com_top_inst.CLKCOM_OUT
                  --------
                    0.696   (0.0% logic, 100.0% route), 1 logic levels.


Passed: The following path meets requirements by 0.278ns

 Logical Details:  Cell type  Pin type       Cell/ASIC name  (clock net +/-)

   Source:         FF         Q              slv_com_top_inst/slv_ctrl_top_inst/slv_rx_ctrl_inst/LD[3]  (from slv_com_top_inst.CLK1 +)
   Destination:    FF         Data in        stm11/ppmc_reg_S118M_inst/inst_ppmc_rgstr/COMMAND_REG_O[3]  (to s_PLL_CLK20M +)

   Delay:               0.396ns  (41.2% logic, 58.8% route), 1 logic levels.

 Constraint Details:

      0.396ns physical path delay slv_com_top_inst/slv_ctrl_top_inst/slv_rx_ctrl_inst/SLICE_4481 to stm11/ppmc_reg_S118M_inst/inst_ppmc_rgstr/SLICE_7146 meets
      0.118ns M_HLD and
      0.000ns delay constraint less
      0.000ns skew less
      0.000ns feedback compensation requirement (totaling 0.118ns) by 0.278ns

 Physical Path Details:

      Data path slv_com_top_inst/slv_ctrl_top_inst/slv_rx_ctrl_inst/SLICE_4481 to stm11/ppmc_reg_S118M_inst/inst_ppmc_rgstr/SLICE_7146:

   Name    Fanout   Delay (ns)          Site               Resource
REG_DEL     ---     0.163    R34C54A.CLK to     R34C54A.Q1 slv_com_top_inst/slv_ctrl_top_inst/slv_rx_ctrl_inst/SLICE_4481 (from slv_com_top_inst.CLK1)
ROUTE        82     0.233     R34C54A.Q1 to     R34C56B.M1 s_LDI[3] (to s_PLL_CLK20M)
                  --------
                    0.396   (41.2% logic, 58.8% route), 1 logic levels.

 Clock Skew Details: 

      Source Clock Path UP_CLK to slv_com_top_inst/slv_ctrl_top_inst/slv_rx_ctrl_inst/SLICE_4481:

   Name    Fanout   Delay (ns)          Site               Resource
PADI_DEL    ---     0.740         M1.PAD to       M1.PADDI UP_CLK
ROUTE         1     0.156       M1.PADDI to   PLL_BL0.CLKI UP_CLK_c
CLKI2OS3_D  ---     0.000   PLL_BL0.CLKI to PLL_BL0.CLKOS3 slv_com_top_inst/clk_gen_inst2/PLL_inst/PLLInst_0
ROUTE       379     0.653 PLL_BL0.CLKOS3 to    R34C54A.CLK slv_com_top_inst.CLK1
                  --------
                    1.549   (47.8% logic, 52.2% route), 2 logic levels.

      Source Clock f/b:

   Name    Fanout   Delay (ns)          Site               Resource
CLKFB2OP_D  ---     0.000  PLL_BL0.CLKFB to  PLL_BL0.CLKOP slv_com_top_inst/clk_gen_inst2/PLL_inst/PLLInst_0
ROUTE       173     0.696  PLL_BL0.CLKOP to  PLL_BL0.CLKFB slv_com_top_inst.CLKCOM_OUT
                  --------
                    0.696   (0.0% logic, 100.0% route), 1 logic levels.

      Destination Clock Path UP_CLK to stm11/ppmc_reg_S118M_inst/inst_ppmc_rgstr/SLICE_7146:

   Name    Fanout   Delay (ns)          Site               Resource
PADI_DEL    ---     0.740         M1.PAD to       M1.PADDI UP_CLK
ROUTE         1     0.156       M1.PADDI to   PLL_BL0.CLKI UP_CLK_c
CLKI2OS2_D  ---     0.000   PLL_BL0.CLKI to PLL_BL0.CLKOS2 slv_com_top_inst/clk_gen_inst2/PLL_inst/PLLInst_0
ROUTE       999     0.653 PLL_BL0.CLKOS2 to    R34C56B.CLK s_PLL_CLK20M
                  --------
                    1.549   (47.8% logic, 52.2% route), 2 logic levels.

      Destination Clock f/b:

   Name    Fanout   Delay (ns)          Site               Resource
CLKFB2OP_D  ---     0.000  PLL_BL0.CLKFB to  PLL_BL0.CLKOP slv_com_top_inst/clk_gen_inst2/PLL_inst/PLLInst_0
ROUTE       173     0.696  PLL_BL0.CLKOP to  PLL_BL0.CLKFB slv_com_top_inst.CLKCOM_OUT
                  --------
                    0.696   (0.0% logic, 100.0% route), 1 logic levels.


Passed: The following path meets requirements by 0.296ns

 Logical Details:  Cell type  Pin type       Cell/ASIC name  (clock net +/-)

   Source:         FF         Q              slv_com_top_inst/slv_ctrl_top_inst/slv_rx_ctrl_inst/LD_2[6]  (from slv_com_top_inst.CLK1 +)
   Destination:    FF         Data in        stm11/ppmc_reg_S118M_inst/inst_ppmc_rgstr/PULSE_REG_O[14]  (to s_PLL_CLK20M +)

   Delay:               0.414ns  (39.6% logic, 60.4% route), 1 logic levels.

 Constraint Details:

      0.414ns physical path delay slv_com_top_inst/slv_ctrl_top_inst/slv_rx_ctrl_inst/SLICE_4491 to stm11/ppmc_reg_S118M_inst/inst_ppmc_rgstr/SLICE_7262 meets
      0.118ns M_HLD and
      0.000ns delay constraint less
      0.000ns skew less
      0.000ns feedback compensation requirement (totaling 0.118ns) by 0.296ns

 Physical Path Details:

      Data path slv_com_top_inst/slv_ctrl_top_inst/slv_rx_ctrl_inst/SLICE_4491 to stm11/ppmc_reg_S118M_inst/inst_ppmc_rgstr/SLICE_7262:

   Name    Fanout   Delay (ns)          Site               Resource
REG_DEL     ---     0.164    R35C55D.CLK to     R35C55D.Q0 slv_com_top_inst/slv_ctrl_top_inst/slv_rx_ctrl_inst/SLICE_4491 (from slv_com_top_inst.CLK1)
ROUTE        84     0.250     R35C55D.Q0 to     R29C56B.M0 s_LDI_2[6] (to s_PLL_CLK20M)
                  --------
                    0.414   (39.6% logic, 60.4% route), 1 logic levels.

 Clock Skew Details: 

      Source Clock Path UP_CLK to slv_com_top_inst/slv_ctrl_top_inst/slv_rx_ctrl_inst/SLICE_4491:

   Name    Fanout   Delay (ns)          Site               Resource
PADI_DEL    ---     0.740         M1.PAD to       M1.PADDI UP_CLK
ROUTE         1     0.156       M1.PADDI to   PLL_BL0.CLKI UP_CLK_c
CLKI2OS3_D  ---     0.000   PLL_BL0.CLKI to PLL_BL0.CLKOS3 slv_com_top_inst/clk_gen_inst2/PLL_inst/PLLInst_0
ROUTE       379     0.653 PLL_BL0.CLKOS3 to    R35C55D.CLK slv_com_top_inst.CLK1
                  --------
                    1.549   (47.8% logic, 52.2% route), 2 logic levels.

      Source Clock f/b:

   Name    Fanout   Delay (ns)          Site               Resource
CLKFB2OP_D  ---     0.000  PLL_BL0.CLKFB to  PLL_BL0.CLKOP slv_com_top_inst/clk_gen_inst2/PLL_inst/PLLInst_0
ROUTE       173     0.696  PLL_BL0.CLKOP to  PLL_BL0.CLKFB slv_com_top_inst.CLKCOM_OUT
                  --------
                    0.696   (0.0% logic, 100.0% route), 1 logic levels.

      Destination Clock Path UP_CLK to stm11/ppmc_reg_S118M_inst/inst_ppmc_rgstr/SLICE_7262:

   Name    Fanout   Delay (ns)          Site               Resource
PADI_DEL    ---     0.740         M1.PAD to       M1.PADDI UP_CLK
ROUTE         1     0.156       M1.PADDI to   PLL_BL0.CLKI UP_CLK_c
CLKI2OS2_D  ---     0.000   PLL_BL0.CLKI to PLL_BL0.CLKOS2 slv_com_top_inst/clk_gen_inst2/PLL_inst/PLLInst_0
ROUTE       999     0.653 PLL_BL0.CLKOS2 to    R29C56B.CLK s_PLL_CLK20M
                  --------
                    1.549   (47.8% logic, 52.2% route), 2 logic levels.

      Destination Clock f/b:

   Name    Fanout   Delay (ns)          Site               Resource
CLKFB2OP_D  ---     0.000  PLL_BL0.CLKFB to  PLL_BL0.CLKOP slv_com_top_inst/clk_gen_inst2/PLL_inst/PLLInst_0
ROUTE       173     0.696  PLL_BL0.CLKOP to  PLL_BL0.CLKFB slv_com_top_inst.CLKCOM_OUT
                  --------
                    0.696   (0.0% logic, 100.0% route), 1 logic levels.


Passed: The following path meets requirements by 0.358ns

 Logical Details:  Cell type  Pin type       Cell/ASIC name  (clock net +/-)

   Source:         FF         Q              slv_com_top_inst/slv_ctrl_top_inst/slv_rx_ctrl_inst/LD_2[0]  (from slv_com_top_inst.CLK1 +)
   Destination:    FF         Data in        stm11/ppmc_reg_S118M_inst/inst_ppmc_rgstr/ACC_RATE_REG_O[8]  (to s_PLL_CLK20M +)

   Delay:               0.476ns  (34.5% logic, 65.5% route), 1 logic levels.

 Constraint Details:

      0.476ns physical path delay slv_com_top_inst/slv_ctrl_top_inst/slv_rx_ctrl_inst/SLICE_4488 to stm11/ppmc_reg_S118M_inst/inst_ppmc_rgstr/SLICE_7141 meets
      0.118ns M_HLD and
      0.000ns delay constraint less
      0.000ns skew less
      0.000ns feedback compensation requirement (totaling 0.118ns) by 0.358ns

 Physical Path Details:

      Data path slv_com_top_inst/slv_ctrl_top_inst/slv_rx_ctrl_inst/SLICE_4488 to stm11/ppmc_reg_S118M_inst/inst_ppmc_rgstr/SLICE_7141:

   Name    Fanout   Delay (ns)          Site               Resource
REG_DEL     ---     0.164    R34C57D.CLK to     R34C57D.Q0 slv_com_top_inst/slv_ctrl_top_inst/slv_rx_ctrl_inst/SLICE_4488 (from slv_com_top_inst.CLK1)
ROUTE        90     0.312     R34C57D.Q0 to     R29C57C.M0 s_LDI_2[0] (to s_PLL_CLK20M)
                  --------
                    0.476   (34.5% logic, 65.5% route), 1 logic levels.

 Clock Skew Details: 

      Source Clock Path UP_CLK to slv_com_top_inst/slv_ctrl_top_inst/slv_rx_ctrl_inst/SLICE_4488:

   Name    Fanout   Delay (ns)          Site               Resource
PADI_DEL    ---     0.740         M1.PAD to       M1.PADDI UP_CLK
ROUTE         1     0.156       M1.PADDI to   PLL_BL0.CLKI UP_CLK_c
CLKI2OS3_D  ---     0.000   PLL_BL0.CLKI to PLL_BL0.CLKOS3 slv_com_top_inst/clk_gen_inst2/PLL_inst/PLLInst_0
ROUTE       379     0.653 PLL_BL0.CLKOS3 to    R34C57D.CLK slv_com_top_inst.CLK1
                  --------
                    1.549   (47.8% logic, 52.2% route), 2 logic levels.

      Source Clock f/b:

   Name    Fanout   Delay (ns)          Site               Resource
CLKFB2OP_D  ---     0.000  PLL_BL0.CLKFB to  PLL_BL0.CLKOP slv_com_top_inst/clk_gen_inst2/PLL_inst/PLLInst_0
ROUTE       173     0.696  PLL_BL0.CLKOP to  PLL_BL0.CLKFB slv_com_top_inst.CLKCOM_OUT
                  --------
                    0.696   (0.0% logic, 100.0% route), 1 logic levels.

      Destination Clock Path UP_CLK to stm11/ppmc_reg_S118M_inst/inst_ppmc_rgstr/SLICE_7141:

   Name    Fanout   Delay (ns)          Site               Resource
PADI_DEL    ---     0.740         M1.PAD to       M1.PADDI UP_CLK
ROUTE         1     0.156       M1.PADDI to   PLL_BL0.CLKI UP_CLK_c
CLKI2OS2_D  ---     0.000   PLL_BL0.CLKI to PLL_BL0.CLKOS2 slv_com_top_inst/clk_gen_inst2/PLL_inst/PLLInst_0
ROUTE       999     0.653 PLL_BL0.CLKOS2 to    R29C57C.CLK s_PLL_CLK20M
                  --------
                    1.549   (47.8% logic, 52.2% route), 2 logic levels.

      Destination Clock f/b:

   Name    Fanout   Delay (ns)          Site               Resource
CLKFB2OP_D  ---     0.000  PLL_BL0.CLKFB to  PLL_BL0.CLKOP slv_com_top_inst/clk_gen_inst2/PLL_inst/PLLInst_0
ROUTE       173     0.696  PLL_BL0.CLKOP to  PLL_BL0.CLKFB slv_com_top_inst.CLKCOM_OUT
                  --------
                    0.696   (0.0% logic, 100.0% route), 1 logic levels.


Passed: The following path meets requirements by 0.360ns

 Logical Details:  Cell type  Pin type       Cell/ASIC name  (clock net +/-)

   Source:         FF         Q              slv_com_top_inst/slv_ctrl_top_inst/slv_rx_ctrl_inst/LD_2[6]  (from slv_com_top_inst.CLK1 +)
   Destination:    FF         Data in        stm11/ppmc_reg_S118M_inst/inst_ppmc_rgstr/PRE_REG_O[6]  (to s_PLL_CLK20M +)

   Delay:               0.478ns  (34.3% logic, 65.7% route), 1 logic levels.

 Constraint Details:

      0.478ns physical path delay slv_com_top_inst/slv_ctrl_top_inst/slv_rx_ctrl_inst/SLICE_4491 to stm11/ppmc_reg_S118M_inst/inst_ppmc_rgstr/SLICE_7193 meets
      0.118ns M_HLD and
      0.000ns delay constraint less
      0.000ns skew less
      0.000ns feedback compensation requirement (totaling 0.118ns) by 0.360ns

 Physical Path Details:

      Data path slv_com_top_inst/slv_ctrl_top_inst/slv_rx_ctrl_inst/SLICE_4491 to stm11/ppmc_reg_S118M_inst/inst_ppmc_rgstr/SLICE_7193:

   Name    Fanout   Delay (ns)          Site               Resource
REG_DEL     ---     0.164    R35C55D.CLK to     R35C55D.Q0 slv_com_top_inst/slv_ctrl_top_inst/slv_rx_ctrl_inst/SLICE_4491 (from slv_com_top_inst.CLK1)
ROUTE        84     0.314     R35C55D.Q0 to     R29C54C.M0 s_LDI_2[6] (to s_PLL_CLK20M)
                  --------
                    0.478   (34.3% logic, 65.7% route), 1 logic levels.

 Clock Skew Details: 

      Source Clock Path UP_CLK to slv_com_top_inst/slv_ctrl_top_inst/slv_rx_ctrl_inst/SLICE_4491:

   Name    Fanout   Delay (ns)          Site               Resource
PADI_DEL    ---     0.740         M1.PAD to       M1.PADDI UP_CLK
ROUTE         1     0.156       M1.PADDI to   PLL_BL0.CLKI UP_CLK_c
CLKI2OS3_D  ---     0.000   PLL_BL0.CLKI to PLL_BL0.CLKOS3 slv_com_top_inst/clk_gen_inst2/PLL_inst/PLLInst_0
ROUTE       379     0.653 PLL_BL0.CLKOS3 to    R35C55D.CLK slv_com_top_inst.CLK1
                  --------
                    1.549   (47.8% logic, 52.2% route), 2 logic levels.

      Source Clock f/b:

   Name    Fanout   Delay (ns)          Site               Resource
CLKFB2OP_D  ---     0.000  PLL_BL0.CLKFB to  PLL_BL0.CLKOP slv_com_top_inst/clk_gen_inst2/PLL_inst/PLLInst_0
ROUTE       173     0.696  PLL_BL0.CLKOP to  PLL_BL0.CLKFB slv_com_top_inst.CLKCOM_OUT
                  --------
                    0.696   (0.0% logic, 100.0% route), 1 logic levels.

      Destination Clock Path UP_CLK to stm11/ppmc_reg_S118M_inst/inst_ppmc_rgstr/SLICE_7193:

   Name    Fanout   Delay (ns)          Site               Resource
PADI_DEL    ---     0.740         M1.PAD to       M1.PADDI UP_CLK
ROUTE         1     0.156       M1.PADDI to   PLL_BL0.CLKI UP_CLK_c
CLKI2OS2_D  ---     0.000   PLL_BL0.CLKI to PLL_BL0.CLKOS2 slv_com_top_inst/clk_gen_inst2/PLL_inst/PLLInst_0
ROUTE       999     0.653 PLL_BL0.CLKOS2 to    R29C54C.CLK s_PLL_CLK20M
                  --------
                    1.549   (47.8% logic, 52.2% route), 2 logic levels.

      Destination Clock f/b:

   Name    Fanout   Delay (ns)          Site               Resource
CLKFB2OP_D  ---     0.000  PLL_BL0.CLKFB to  PLL_BL0.CLKOP slv_com_top_inst/clk_gen_inst2/PLL_inst/PLLInst_0
ROUTE       173     0.696  PLL_BL0.CLKOP to  PLL_BL0.CLKFB slv_com_top_inst.CLKCOM_OUT
                  --------
                    0.696   (0.0% logic, 100.0% route), 1 logic levels.


Passed: The following path meets requirements by 0.361ns

 Logical Details:  Cell type  Pin type       Cell/ASIC name  (clock net +/-)

   Source:         FF         Q              slv_com_top_inst/slv_ctrl_top_inst/slv_rx_ctrl_inst/LD_2[0]  (from slv_com_top_inst.CLK1 +)
   Destination:    FF         Data in        stm11/ppmc_reg_S118M_inst/inst_ppmc_rgstr/MORE_REG_O[0]  (to s_PLL_CLK20M +)

   Delay:               0.479ns  (34.2% logic, 65.8% route), 1 logic levels.

 Constraint Details:

      0.479ns physical path delay slv_com_top_inst/slv_ctrl_top_inst/slv_rx_ctrl_inst/SLICE_4488 to stm11/ppmc_reg_S118M_inst/inst_ppmc_rgstr/SLICE_7182 meets
      0.118ns M_HLD and
      0.000ns delay constraint less
      0.000ns skew less
      0.000ns feedback compensation requirement (totaling 0.118ns) by 0.361ns

 Physical Path Details:

      Data path slv_com_top_inst/slv_ctrl_top_inst/slv_rx_ctrl_inst/SLICE_4488 to stm11/ppmc_reg_S118M_inst/inst_ppmc_rgstr/SLICE_7182:

   Name    Fanout   Delay (ns)          Site               Resource
REG_DEL     ---     0.164    R34C57D.CLK to     R34C57D.Q0 slv_com_top_inst/slv_ctrl_top_inst/slv_rx_ctrl_inst/SLICE_4488 (from slv_com_top_inst.CLK1)
ROUTE        90     0.315     R34C57D.Q0 to     R31C59D.M0 s_LDI_2[0] (to s_PLL_CLK20M)
                  --------
                    0.479   (34.2% logic, 65.8% route), 1 logic levels.

 Clock Skew Details: 

      Source Clock Path UP_CLK to slv_com_top_inst/slv_ctrl_top_inst/slv_rx_ctrl_inst/SLICE_4488:

   Name    Fanout   Delay (ns)          Site               Resource
PADI_DEL    ---     0.740         M1.PAD to       M1.PADDI UP_CLK
ROUTE         1     0.156       M1.PADDI to   PLL_BL0.CLKI UP_CLK_c
CLKI2OS3_D  ---     0.000   PLL_BL0.CLKI to PLL_BL0.CLKOS3 slv_com_top_inst/clk_gen_inst2/PLL_inst/PLLInst_0
ROUTE       379     0.653 PLL_BL0.CLKOS3 to    R34C57D.CLK slv_com_top_inst.CLK1
                  --------
                    1.549   (47.8% logic, 52.2% route), 2 logic levels.

      Source Clock f/b:

   Name    Fanout   Delay (ns)          Site               Resource
CLKFB2OP_D  ---     0.000  PLL_BL0.CLKFB to  PLL_BL0.CLKOP slv_com_top_inst/clk_gen_inst2/PLL_inst/PLLInst_0
ROUTE       173     0.696  PLL_BL0.CLKOP to  PLL_BL0.CLKFB slv_com_top_inst.CLKCOM_OUT
                  --------
                    0.696   (0.0% logic, 100.0% route), 1 logic levels.

      Destination Clock Path UP_CLK to stm11/ppmc_reg_S118M_inst/inst_ppmc_rgstr/SLICE_7182:

   Name    Fanout   Delay (ns)          Site               Resource
PADI_DEL    ---     0.740         M1.PAD to       M1.PADDI UP_CLK
ROUTE         1     0.156       M1.PADDI to   PLL_BL0.CLKI UP_CLK_c
CLKI2OS2_D  ---     0.000   PLL_BL0.CLKI to PLL_BL0.CLKOS2 slv_com_top_inst/clk_gen_inst2/PLL_inst/PLLInst_0
ROUTE       999     0.653 PLL_BL0.CLKOS2 to    R31C59D.CLK s_PLL_CLK20M
                  --------
                    1.549   (47.8% logic, 52.2% route), 2 logic levels.

      Destination Clock f/b:

   Name    Fanout   Delay (ns)          Site               Resource
CLKFB2OP_D  ---     0.000  PLL_BL0.CLKFB to  PLL_BL0.CLKOP slv_com_top_inst/clk_gen_inst2/PLL_inst/PLLInst_0
ROUTE       173     0.696  PLL_BL0.CLKOP to  PLL_BL0.CLKFB slv_com_top_inst.CLKCOM_OUT
                  --------
                    0.696   (0.0% logic, 100.0% route), 1 logic levels.


Passed: The following path meets requirements by 0.363ns

 Logical Details:  Cell type  Pin type       Cell/ASIC name  (clock net +/-)

   Source:         FF         Q              slv_com_top_inst/slv_ctrl_top_inst/slv_rx_ctrl_inst/LD_2[6]  (from slv_com_top_inst.CLK1 +)
   Destination:    FF         Data in        stm11/ppmc_reg_S118M_inst/inst_ppmc_rgstr/ACC_RATE_REG_O[6]  (to s_PLL_CLK20M +)

   Delay:               0.481ns  (34.1% logic, 65.9% route), 1 logic levels.

 Constraint Details:

      0.481ns physical path delay slv_com_top_inst/slv_ctrl_top_inst/slv_rx_ctrl_inst/SLICE_4491 to stm11/SLICE_10383 meets
      0.118ns M_HLD and
      0.000ns delay constraint less
      0.000ns skew less
      0.000ns feedback compensation requirement (totaling 0.118ns) by 0.363ns

 Physical Path Details:

      Data path slv_com_top_inst/slv_ctrl_top_inst/slv_rx_ctrl_inst/SLICE_4491 to stm11/SLICE_10383:

   Name    Fanout   Delay (ns)          Site               Resource
REG_DEL     ---     0.164    R35C55D.CLK to     R35C55D.Q0 slv_com_top_inst/slv_ctrl_top_inst/slv_rx_ctrl_inst/SLICE_4491 (from slv_com_top_inst.CLK1)
ROUTE        84     0.317     R35C55D.Q0 to     R29C56D.M0 s_LDI_2[6] (to s_PLL_CLK20M)
                  --------
                    0.481   (34.1% logic, 65.9% route), 1 logic levels.

 Clock Skew Details: 

      Source Clock Path UP_CLK to slv_com_top_inst/slv_ctrl_top_inst/slv_rx_ctrl_inst/SLICE_4491:

   Name    Fanout   Delay (ns)          Site               Resource
PADI_DEL    ---     0.740         M1.PAD to       M1.PADDI UP_CLK
ROUTE         1     0.156       M1.PADDI to   PLL_BL0.CLKI UP_CLK_c
CLKI2OS3_D  ---     0.000   PLL_BL0.CLKI to PLL_BL0.CLKOS3 slv_com_top_inst/clk_gen_inst2/PLL_inst/PLLInst_0
ROUTE       379     0.653 PLL_BL0.CLKOS3 to    R35C55D.CLK slv_com_top_inst.CLK1
                  --------
                    1.549   (47.8% logic, 52.2% route), 2 logic levels.

      Source Clock f/b:

   Name    Fanout   Delay (ns)          Site               Resource
CLKFB2OP_D  ---     0.000  PLL_BL0.CLKFB to  PLL_BL0.CLKOP slv_com_top_inst/clk_gen_inst2/PLL_inst/PLLInst_0
ROUTE       173     0.696  PLL_BL0.CLKOP to  PLL_BL0.CLKFB slv_com_top_inst.CLKCOM_OUT
                  --------
                    0.696   (0.0% logic, 100.0% route), 1 logic levels.

      Destination Clock Path UP_CLK to stm11/SLICE_10383:

   Name    Fanout   Delay (ns)          Site               Resource
PADI_DEL    ---     0.740         M1.PAD to       M1.PADDI UP_CLK
ROUTE         1     0.156       M1.PADDI to   PLL_BL0.CLKI UP_CLK_c
CLKI2OS2_D  ---     0.000   PLL_BL0.CLKI to PLL_BL0.CLKOS2 slv_com_top_inst/clk_gen_inst2/PLL_inst/PLLInst_0
ROUTE       999     0.653 PLL_BL0.CLKOS2 to    R29C56D.CLK s_PLL_CLK20M
                  --------
                    1.549   (47.8% logic, 52.2% route), 2 logic levels.

      Destination Clock f/b:

   Name    Fanout   Delay (ns)          Site               Resource
CLKFB2OP_D  ---     0.000  PLL_BL0.CLKFB to  PLL_BL0.CLKOP slv_com_top_inst/clk_gen_inst2/PLL_inst/PLLInst_0
ROUTE       173     0.696  PLL_BL0.CLKOP to  PLL_BL0.CLKFB slv_com_top_inst.CLKCOM_OUT
                  --------
                    0.696   (0.0% logic, 100.0% route), 1 logic levels.


Passed: The following path meets requirements by 0.364ns

 Logical Details:  Cell type  Pin type       Cell/ASIC name  (clock net +/-)

   Source:         FF         Q              slv_com_top_inst/slv_ctrl_top_inst/slv_rx_ctrl_inst/LRSTb_r45  (from slv_com_top_inst.CLK1 +)
   Destination:    FF         Data in        LEDLT/AD8402/U_ad8402/st[0]  (to s_PLL_CLK20M +)

   Delay:               0.483ns  (49.7% logic, 50.3% route), 2 logic levels.

 Constraint Details:

      0.483ns physical path delay slv_com_top_inst/slv_ctrl_top_inst/slv_rx_ctrl_inst/SLICE_4530 to LEDLT/AD8402/U_ad8402/SLICE_3396 meets
      0.119ns DIN_HLD and
      0.000ns delay constraint less
      0.000ns skew less
      0.000ns feedback compensation requirement (totaling 0.119ns) by 0.364ns

 Physical Path Details:

      Data path slv_com_top_inst/slv_ctrl_top_inst/slv_rx_ctrl_inst/SLICE_4530 to LEDLT/AD8402/U_ad8402/SLICE_3396:

   Name    Fanout   Delay (ns)          Site               Resource
REG_DEL     ---     0.164    R24C63C.CLK to     R24C63C.Q0 slv_com_top_inst/slv_ctrl_top_inst/slv_rx_ctrl_inst/SLICE_4530 (from slv_com_top_inst.CLK1)
ROUTE         7     0.243     R24C63C.Q0 to     R23C69B.C0 s_LRSTb_r45
CTOF_DEL    ---     0.076     R23C69B.C0 to     R23C69B.F0 LEDLT/AD8402/U_ad8402/SLICE_3396
ROUTE         1     0.000     R23C69B.F0 to    R23C69B.DI0 LEDLT/AD8402/U_ad8402/N_42s (to s_PLL_CLK20M)
                  --------
                    0.483   (49.7% logic, 50.3% route), 2 logic levels.

 Clock Skew Details: 

      Source Clock Path UP_CLK to slv_com_top_inst/slv_ctrl_top_inst/slv_rx_ctrl_inst/SLICE_4530:

   Name    Fanout   Delay (ns)          Site               Resource
PADI_DEL    ---     0.740         M1.PAD to       M1.PADDI UP_CLK
ROUTE         1     0.156       M1.PADDI to   PLL_BL0.CLKI UP_CLK_c
CLKI2OS3_D  ---     0.000   PLL_BL0.CLKI to PLL_BL0.CLKOS3 slv_com_top_inst/clk_gen_inst2/PLL_inst/PLLInst_0
ROUTE       379     0.653 PLL_BL0.CLKOS3 to    R24C63C.CLK slv_com_top_inst.CLK1
                  --------
                    1.549   (47.8% logic, 52.2% route), 2 logic levels.

      Source Clock f/b:

   Name    Fanout   Delay (ns)          Site               Resource
CLKFB2OP_D  ---     0.000  PLL_BL0.CLKFB to  PLL_BL0.CLKOP slv_com_top_inst/clk_gen_inst2/PLL_inst/PLLInst_0
ROUTE       173     0.696  PLL_BL0.CLKOP to  PLL_BL0.CLKFB slv_com_top_inst.CLKCOM_OUT
                  --------
                    0.696   (0.0% logic, 100.0% route), 1 logic levels.

      Destination Clock Path UP_CLK to LEDLT/AD8402/U_ad8402/SLICE_3396:

   Name    Fanout   Delay (ns)          Site               Resource
PADI_DEL    ---     0.740         M1.PAD to       M1.PADDI UP_CLK
ROUTE         1     0.156       M1.PADDI to   PLL_BL0.CLKI UP_CLK_c
CLKI2OS2_D  ---     0.000   PLL_BL0.CLKI to PLL_BL0.CLKOS2 slv_com_top_inst/clk_gen_inst2/PLL_inst/PLLInst_0
ROUTE       999     0.653 PLL_BL0.CLKOS2 to    R23C69B.CLK s_PLL_CLK20M
                  --------
                    1.549   (47.8% logic, 52.2% route), 2 logic levels.

      Destination Clock f/b:

   Name    Fanout   Delay (ns)          Site               Resource
CLKFB2OP_D  ---     0.000  PLL_BL0.CLKFB to  PLL_BL0.CLKOP slv_com_top_inst/clk_gen_inst2/PLL_inst/PLLInst_0
ROUTE       173     0.696  PLL_BL0.CLKOP to  PLL_BL0.CLKFB slv_com_top_inst.CLKCOM_OUT
                  --------
                    0.696   (0.0% logic, 100.0% route), 1 logic levels.


Passed: The following path meets requirements by 0.364ns

 Logical Details:  Cell type  Pin type       Cell/ASIC name  (clock net +/-)

   Source:         FF         Q              slv_com_top_inst/slv_ctrl_top_inst/slv_rx_ctrl_inst/LD[1]  (from slv_com_top_inst.CLK1 +)
   Destination:    FF         Data in        stm11/ppmc_reg_S118M_inst/inst_ppmc_rgstr/COMMAND_REG_O[1]  (to s_PLL_CLK20M +)

   Delay:               0.482ns  (33.8% logic, 66.2% route), 1 logic levels.

 Constraint Details:

      0.482ns physical path delay slv_com_top_inst/slv_ctrl_top_inst/slv_rx_ctrl_inst/SLICE_4480 to stm11/ppmc_reg_S118M_inst/inst_ppmc_rgstr/SLICE_7145 meets
      0.118ns M_HLD and
      0.000ns delay constraint less
      0.000ns skew less
      0.000ns feedback compensation requirement (totaling 0.118ns) by 0.364ns

 Physical Path Details:

      Data path slv_com_top_inst/slv_ctrl_top_inst/slv_rx_ctrl_inst/SLICE_4480 to stm11/ppmc_reg_S118M_inst/inst_ppmc_rgstr/SLICE_7145:

   Name    Fanout   Delay (ns)          Site               Resource
REG_DEL     ---     0.163    R38C56C.CLK to     R38C56C.Q1 slv_com_top_inst/slv_ctrl_top_inst/slv_rx_ctrl_inst/SLICE_4480 (from slv_com_top_inst.CLK1)
ROUTE        87     0.319     R38C56C.Q1 to     R34C56C.M1 s_LDI[1] (to s_PLL_CLK20M)
                  --------
                    0.482   (33.8% logic, 66.2% route), 1 logic levels.

 Clock Skew Details: 

      Source Clock Path UP_CLK to slv_com_top_inst/slv_ctrl_top_inst/slv_rx_ctrl_inst/SLICE_4480:

   Name    Fanout   Delay (ns)          Site               Resource
PADI_DEL    ---     0.740         M1.PAD to       M1.PADDI UP_CLK
ROUTE         1     0.156       M1.PADDI to   PLL_BL0.CLKI UP_CLK_c
CLKI2OS3_D  ---     0.000   PLL_BL0.CLKI to PLL_BL0.CLKOS3 slv_com_top_inst/clk_gen_inst2/PLL_inst/PLLInst_0
ROUTE       379     0.653 PLL_BL0.CLKOS3 to    R38C56C.CLK slv_com_top_inst.CLK1
                  --------
                    1.549   (47.8% logic, 52.2% route), 2 logic levels.

      Source Clock f/b:

   Name    Fanout   Delay (ns)          Site               Resource
CLKFB2OP_D  ---     0.000  PLL_BL0.CLKFB to  PLL_BL0.CLKOP slv_com_top_inst/clk_gen_inst2/PLL_inst/PLLInst_0
ROUTE       173     0.696  PLL_BL0.CLKOP to  PLL_BL0.CLKFB slv_com_top_inst.CLKCOM_OUT
                  --------
                    0.696   (0.0% logic, 100.0% route), 1 logic levels.

      Destination Clock Path UP_CLK to stm11/ppmc_reg_S118M_inst/inst_ppmc_rgstr/SLICE_7145:

   Name    Fanout   Delay (ns)          Site               Resource
PADI_DEL    ---     0.740         M1.PAD to       M1.PADDI UP_CLK
ROUTE         1     0.156       M1.PADDI to   PLL_BL0.CLKI UP_CLK_c
CLKI2OS2_D  ---     0.000   PLL_BL0.CLKI to PLL_BL0.CLKOS2 slv_com_top_inst/clk_gen_inst2/PLL_inst/PLLInst_0
ROUTE       999     0.653 PLL_BL0.CLKOS2 to    R34C56C.CLK s_PLL_CLK20M
                  --------
                    1.549   (47.8% logic, 52.2% route), 2 logic levels.

      Destination Clock f/b:

   Name    Fanout   Delay (ns)          Site               Resource
CLKFB2OP_D  ---     0.000  PLL_BL0.CLKFB to  PLL_BL0.CLKOP slv_com_top_inst/clk_gen_inst2/PLL_inst/PLLInst_0
ROUTE       173     0.696  PLL_BL0.CLKOP to  PLL_BL0.CLKFB slv_com_top_inst.CLKCOM_OUT
                  --------
                    0.696   (0.0% logic, 100.0% route), 1 logic levels.


Passed: The following path meets requirements by 0.371ns

 Logical Details:  Cell type  Pin type       Cell/ASIC name  (clock net +/-)

   Source:         FF         Q              slv_com_top_inst/slv_ctrl_top_inst/slv_rx_ctrl_inst/LD_2[2]  (from slv_com_top_inst.CLK1 +)
   Destination:    FF         Data in        stm11/ppmc_reg_S118M_inst/inst_ppmc_rgstr/CTRL2_REG_O[2]  (to s_PLL_CLK20M +)

   Delay:               0.489ns  (33.5% logic, 66.5% route), 1 logic levels.

 Constraint Details:

      0.489ns physical path delay slv_com_top_inst/slv_ctrl_top_inst/slv_rx_ctrl_inst/SLICE_4489 to stm11/ppmc_reg_S118M_inst/inst_ppmc_rgstr/SLICE_7150 meets
      0.118ns M_HLD and
      0.000ns delay constraint less
      0.000ns skew less
      0.000ns feedback compensation requirement (totaling 0.118ns) by 0.371ns

 Physical Path Details:

      Data path slv_com_top_inst/slv_ctrl_top_inst/slv_rx_ctrl_inst/SLICE_4489 to stm11/ppmc_reg_S118M_inst/inst_ppmc_rgstr/SLICE_7150:

   Name    Fanout   Delay (ns)          Site               Resource
REG_DEL     ---     0.164    R34C58A.CLK to     R34C58A.Q0 slv_com_top_inst/slv_ctrl_top_inst/slv_rx_ctrl_inst/SLICE_4489 (from slv_com_top_inst.CLK1)
ROUTE        90     0.325     R34C58A.Q0 to     R28C61A.M1 s_LDI_2[2] (to s_PLL_CLK20M)
                  --------
                    0.489   (33.5% logic, 66.5% route), 1 logic levels.

 Clock Skew Details: 

      Source Clock Path UP_CLK to slv_com_top_inst/slv_ctrl_top_inst/slv_rx_ctrl_inst/SLICE_4489:

   Name    Fanout   Delay (ns)          Site               Resource
PADI_DEL    ---     0.740         M1.PAD to       M1.PADDI UP_CLK
ROUTE         1     0.156       M1.PADDI to   PLL_BL0.CLKI UP_CLK_c
CLKI2OS3_D  ---     0.000   PLL_BL0.CLKI to PLL_BL0.CLKOS3 slv_com_top_inst/clk_gen_inst2/PLL_inst/PLLInst_0
ROUTE       379     0.653 PLL_BL0.CLKOS3 to    R34C58A.CLK slv_com_top_inst.CLK1
                  --------
                    1.549   (47.8% logic, 52.2% route), 2 logic levels.

      Source Clock f/b:

   Name    Fanout   Delay (ns)          Site               Resource
CLKFB2OP_D  ---     0.000  PLL_BL0.CLKFB to  PLL_BL0.CLKOP slv_com_top_inst/clk_gen_inst2/PLL_inst/PLLInst_0
ROUTE       173     0.696  PLL_BL0.CLKOP to  PLL_BL0.CLKFB slv_com_top_inst.CLKCOM_OUT
                  --------
                    0.696   (0.0% logic, 100.0% route), 1 logic levels.

      Destination Clock Path UP_CLK to stm11/ppmc_reg_S118M_inst/inst_ppmc_rgstr/SLICE_7150:

   Name    Fanout   Delay (ns)          Site               Resource
PADI_DEL    ---     0.740         M1.PAD to       M1.PADDI UP_CLK
ROUTE         1     0.156       M1.PADDI to   PLL_BL0.CLKI UP_CLK_c
CLKI2OS2_D  ---     0.000   PLL_BL0.CLKI to PLL_BL0.CLKOS2 slv_com_top_inst/clk_gen_inst2/PLL_inst/PLLInst_0
ROUTE       999     0.653 PLL_BL0.CLKOS2 to    R28C61A.CLK s_PLL_CLK20M
                  --------
                    1.549   (47.8% logic, 52.2% route), 2 logic levels.

      Destination Clock f/b:

   Name    Fanout   Delay (ns)          Site               Resource
CLKFB2OP_D  ---     0.000  PLL_BL0.CLKFB to  PLL_BL0.CLKOP slv_com_top_inst/clk_gen_inst2/PLL_inst/PLLInst_0
ROUTE       173     0.696  PLL_BL0.CLKOP to  PLL_BL0.CLKFB slv_com_top_inst.CLKCOM_OUT
                  --------
                    0.696   (0.0% logic, 100.0% route), 1 logic levels.


================================================================================
Preference: BLOCK PATH FROM CLKNET "s_PLL_CLK20M" TO CLKNET "slv_com_top_inst.CLKCOM_OUT" ;
            0 items scored.
--------------------------------------------------------------------------------


================================================================================
Preference: BLOCK PATH FROM CLKNET "s_PLL_CLK20M" TO CLKNET "slv_com_top_inst/CLK2A" ;
            0 items scored.
--------------------------------------------------------------------------------


================================================================================
Preference: BLOCK PATH FROM CLKNET "slv_com_top_inst.CLKCOM_OUT" TO CLKNET "s_PLL_CLK20M" ;
            0 items scored.
--------------------------------------------------------------------------------


================================================================================
Preference: BLOCK PATH FROM CLKNET "slv_com_top_inst/CLK2A" TO CLKNET "s_PLL_CLK20M" ;
            0 items scored.
--------------------------------------------------------------------------------


================================================================================
Preference: MULTICYCLE FROM CLKNET "slv_com_top_inst.CLK1" TO CLKNET "slv_com_top_inst.CLKCOM_OUT" 10.000000 X ;
            228 items scored, 0 timing errors detected.
--------------------------------------------------------------------------------


Passed: The following path meets requirements by 0.174ns

 Logical Details:  Cell type  Pin type       Cell/ASIC name  (clock net +/-)

   Source:         FF         Q              slv_com_top_inst/rx_com_inst/rx_cont_b1_inst/rx_ck_dcfifo1_48_inst/FF_40  (from slv_com_top_inst.CLK1 +)
   Destination:    FF         Data in        slv_com_top_inst/rx_com_inst/rx_cont_b1_inst/rx_ck_dcfifo1_48_inst/FF_19  (to slv_com_top_inst.CLKCOM_OUT +)

   Delay:               0.292ns  (55.8% logic, 44.2% route), 1 logic levels.

 Constraint Details:

      0.292ns physical path delay slv_com_top_inst/rx_com_inst/rx_cont_b1_inst/rx_ck_dcfifo1_48_inst/SLICE_4880 to slv_com_top_inst/rx_com_inst/rx_cont_b1_inst/rx_ck_dcfifo1_48_inst/SLICE_4884 meets
      0.118ns M_HLD and
      0.000ns delay constraint less
      0.000ns skew less
      0.000ns feedback compensation requirement (totaling 0.118ns) by 0.174ns

 Physical Path Details:

      Data path slv_com_top_inst/rx_com_inst/rx_cont_b1_inst/rx_ck_dcfifo1_48_inst/SLICE_4880 to slv_com_top_inst/rx_com_inst/rx_cont_b1_inst/rx_ck_dcfifo1_48_inst/SLICE_4884:

   Name    Fanout   Delay (ns)          Site               Resource
REG_DEL     ---     0.163    R33C66A.CLK to     R33C66A.Q1 slv_com_top_inst/rx_com_inst/rx_cont_b1_inst/rx_ck_dcfifo1_48_inst/SLICE_4880 (from slv_com_top_inst.CLK1)
ROUTE         1     0.129     R33C66A.Q1 to     R33C66C.M1 slv_com_top_inst/rx_com_inst/rx_cont_b1_inst/rx_ck_dcfifo1_48_inst/r_gcount_3 (to slv_com_top_inst.CLKCOM_OUT)
                  --------
                    0.292   (55.8% logic, 44.2% route), 1 logic levels.

 Clock Skew Details: 

      Source Clock Path UP_CLK to slv_com_top_inst/rx_com_inst/rx_cont_b1_inst/rx_ck_dcfifo1_48_inst/SLICE_4880:

   Name    Fanout   Delay (ns)          Site               Resource
PADI_DEL    ---     0.740         M1.PAD to       M1.PADDI UP_CLK
ROUTE         1     0.156       M1.PADDI to   PLL_BL0.CLKI UP_CLK_c
CLKI2OS3_D  ---     0.000   PLL_BL0.CLKI to PLL_BL0.CLKOS3 slv_com_top_inst/clk_gen_inst2/PLL_inst/PLLInst_0
ROUTE       379     0.653 PLL_BL0.CLKOS3 to    R33C66A.CLK slv_com_top_inst.CLK1
                  --------
                    1.549   (47.8% logic, 52.2% route), 2 logic levels.

      Source Clock f/b:

   Name    Fanout   Delay (ns)          Site               Resource
CLKFB2OP_D  ---     0.000  PLL_BL0.CLKFB to  PLL_BL0.CLKOP slv_com_top_inst/clk_gen_inst2/PLL_inst/PLLInst_0
ROUTE       173     0.696  PLL_BL0.CLKOP to  PLL_BL0.CLKFB slv_com_top_inst.CLKCOM_OUT
                  --------
                    0.696   (0.0% logic, 100.0% route), 1 logic levels.

      Destination Clock Path UP_CLK to slv_com_top_inst/rx_com_inst/rx_cont_b1_inst/rx_ck_dcfifo1_48_inst/SLICE_4884:

   Name    Fanout   Delay (ns)          Site               Resource
PADI_DEL    ---     0.740         M1.PAD to       M1.PADDI UP_CLK
ROUTE         1     0.156       M1.PADDI to   PLL_BL0.CLKI UP_CLK_c
CLKI2OP_DE  ---     0.000   PLL_BL0.CLKI to  PLL_BL0.CLKOP slv_com_top_inst/clk_gen_inst2/PLL_inst/PLLInst_0
ROUTE       173     0.653  PLL_BL0.CLKOP to    R33C66C.CLK slv_com_top_inst.CLKCOM_OUT
                  --------
                    1.549   (47.8% logic, 52.2% route), 2 logic levels.

      Destination Clock f/b:

   Name    Fanout   Delay (ns)          Site               Resource
CLKFB2OP_D  ---     0.000  PLL_BL0.CLKFB to  PLL_BL0.CLKOP slv_com_top_inst/clk_gen_inst2/PLL_inst/PLLInst_0
ROUTE       173     0.696  PLL_BL0.CLKOP to  PLL_BL0.CLKFB slv_com_top_inst.CLKCOM_OUT
                  --------
                    0.696   (0.0% logic, 100.0% route), 1 logic levels.


Passed: The following path meets requirements by 0.174ns

 Logical Details:  Cell type  Pin type       Cell/ASIC name  (clock net +/-)

   Source:         FF         Q              slv_com_top_inst/tx_com_inst/tx_cont_b2_inst/tx_ck_dcfifo1_48_inst/FF_63  (from slv_com_top_inst.CLK1 +)
   Destination:    FF         Data in        slv_com_top_inst/tx_com_inst/tx_cont_b2_inst/tx_ck_dcfifo1_48_inst/FF_28  (to slv_com_top_inst.CLKCOM_OUT +)

   Delay:               0.292ns  (55.8% logic, 44.2% route), 1 logic levels.

 Constraint Details:

      0.292ns physical path delay slv_com_top_inst/tx_com_inst/tx_cont_b2_inst/tx_ck_dcfifo1_48_inst/SLICE_5180 to slv_com_top_inst/tx_com_inst/tx_cont_b2_inst/tx_ck_dcfifo1_48_inst/SLICE_5184 meets
      0.118ns M_HLD and
      0.000ns delay constraint less
      0.000ns skew less
      0.000ns feedback compensation requirement (totaling 0.118ns) by 0.174ns

 Physical Path Details:

      Data path slv_com_top_inst/tx_com_inst/tx_cont_b2_inst/tx_ck_dcfifo1_48_inst/SLICE_5180 to slv_com_top_inst/tx_com_inst/tx_cont_b2_inst/tx_ck_dcfifo1_48_inst/SLICE_5184:

   Name    Fanout   Delay (ns)          Site               Resource
REG_DEL     ---     0.163    R38C51D.CLK to     R38C51D.Q1 slv_com_top_inst/tx_com_inst/tx_cont_b2_inst/tx_ck_dcfifo1_48_inst/SLICE_5180 (from slv_com_top_inst.CLK1)
ROUTE         1     0.129     R38C51D.Q1 to     R38C51B.M1 slv_com_top_inst/tx_com_inst/tx_cont_b2_inst/tx_ck_dcfifo1_48_inst/w_gcount_1 (to slv_com_top_inst.CLKCOM_OUT)
                  --------
                    0.292   (55.8% logic, 44.2% route), 1 logic levels.

 Clock Skew Details: 

      Source Clock Path UP_CLK to slv_com_top_inst/tx_com_inst/tx_cont_b2_inst/tx_ck_dcfifo1_48_inst/SLICE_5180:

   Name    Fanout   Delay (ns)          Site               Resource
PADI_DEL    ---     0.740         M1.PAD to       M1.PADDI UP_CLK
ROUTE         1     0.156       M1.PADDI to   PLL_BL0.CLKI UP_CLK_c
CLKI2OS3_D  ---     0.000   PLL_BL0.CLKI to PLL_BL0.CLKOS3 slv_com_top_inst/clk_gen_inst2/PLL_inst/PLLInst_0
ROUTE       379     0.653 PLL_BL0.CLKOS3 to    R38C51D.CLK slv_com_top_inst.CLK1
                  --------
                    1.549   (47.8% logic, 52.2% route), 2 logic levels.

      Source Clock f/b:

   Name    Fanout   Delay (ns)          Site               Resource
CLKFB2OP_D  ---     0.000  PLL_BL0.CLKFB to  PLL_BL0.CLKOP slv_com_top_inst/clk_gen_inst2/PLL_inst/PLLInst_0
ROUTE       173     0.696  PLL_BL0.CLKOP to  PLL_BL0.CLKFB slv_com_top_inst.CLKCOM_OUT
                  --------
                    0.696   (0.0% logic, 100.0% route), 1 logic levels.

      Destination Clock Path UP_CLK to slv_com_top_inst/tx_com_inst/tx_cont_b2_inst/tx_ck_dcfifo1_48_inst/SLICE_5184:

   Name    Fanout   Delay (ns)          Site               Resource
PADI_DEL    ---     0.740         M1.PAD to       M1.PADDI UP_CLK
ROUTE         1     0.156       M1.PADDI to   PLL_BL0.CLKI UP_CLK_c
CLKI2OP_DE  ---     0.000   PLL_BL0.CLKI to  PLL_BL0.CLKOP slv_com_top_inst/clk_gen_inst2/PLL_inst/PLLInst_0
ROUTE       173     0.653  PLL_BL0.CLKOP to    R38C51B.CLK slv_com_top_inst.CLKCOM_OUT
                  --------
                    1.549   (47.8% logic, 52.2% route), 2 logic levels.

      Destination Clock f/b:

   Name    Fanout   Delay (ns)          Site               Resource
CLKFB2OP_D  ---     0.000  PLL_BL0.CLKFB to  PLL_BL0.CLKOP slv_com_top_inst/clk_gen_inst2/PLL_inst/PLLInst_0
ROUTE       173     0.696  PLL_BL0.CLKOP to  PLL_BL0.CLKFB slv_com_top_inst.CLKCOM_OUT
                  --------
                    0.696   (0.0% logic, 100.0% route), 1 logic levels.


Passed: The following path meets requirements by 0.175ns

 Logical Details:  Cell type  Pin type       Cell/ASIC name  (clock net +/-)

   Source:         FF         Q              slv_com_top_inst/tx_com_inst/tx_cont_b2_inst/tx_ck_dcfifo1_48_inst/FF_60  (from slv_com_top_inst.CLK1 +)
   Destination:    FF         Data in        slv_com_top_inst/tx_com_inst/tx_cont_b2_inst/tx_ck_dcfifo1_48_inst/FF_25  (to slv_com_top_inst.CLKCOM_OUT +)

   Delay:               0.293ns  (56.0% logic, 44.0% route), 1 logic levels.

 Constraint Details:

      0.293ns physical path delay slv_com_top_inst/tx_com_inst/tx_cont_b2_inst/tx_ck_dcfifo1_48_inst/SLICE_5182 to slv_com_top_inst/tx_com_inst/tx_cont_b2_inst/tx_ck_dcfifo1_48_inst/SLICE_5186 meets
      0.118ns M_HLD and
      0.000ns delay constraint less
      0.000ns skew less
      0.000ns feedback compensation requirement (totaling 0.118ns) by 0.175ns

 Physical Path Details:

      Data path slv_com_top_inst/tx_com_inst/tx_cont_b2_inst/tx_ck_dcfifo1_48_inst/SLICE_5182 to slv_com_top_inst/tx_com_inst/tx_cont_b2_inst/tx_ck_dcfifo1_48_inst/SLICE_5186:

   Name    Fanout   Delay (ns)          Site               Resource
REG_DEL     ---     0.164    R40C52D.CLK to     R40C52D.Q0 slv_com_top_inst/tx_com_inst/tx_cont_b2_inst/tx_ck_dcfifo1_48_inst/SLICE_5182 (from slv_com_top_inst.CLK1)
ROUTE         1     0.129     R40C52D.Q0 to     R40C52C.M0 slv_com_top_inst/tx_com_inst/tx_cont_b2_inst/tx_ck_dcfifo1_48_inst/w_gcount_4 (to slv_com_top_inst.CLKCOM_OUT)
                  --------
                    0.293   (56.0% logic, 44.0% route), 1 logic levels.

 Clock Skew Details: 

      Source Clock Path UP_CLK to slv_com_top_inst/tx_com_inst/tx_cont_b2_inst/tx_ck_dcfifo1_48_inst/SLICE_5182:

   Name    Fanout   Delay (ns)          Site               Resource
PADI_DEL    ---     0.740         M1.PAD to       M1.PADDI UP_CLK
ROUTE         1     0.156       M1.PADDI to   PLL_BL0.CLKI UP_CLK_c
CLKI2OS3_D  ---     0.000   PLL_BL0.CLKI to PLL_BL0.CLKOS3 slv_com_top_inst/clk_gen_inst2/PLL_inst/PLLInst_0
ROUTE       379     0.653 PLL_BL0.CLKOS3 to    R40C52D.CLK slv_com_top_inst.CLK1
                  --------
                    1.549   (47.8% logic, 52.2% route), 2 logic levels.

      Source Clock f/b:

   Name    Fanout   Delay (ns)          Site               Resource
CLKFB2OP_D  ---     0.000  PLL_BL0.CLKFB to  PLL_BL0.CLKOP slv_com_top_inst/clk_gen_inst2/PLL_inst/PLLInst_0
ROUTE       173     0.696  PLL_BL0.CLKOP to  PLL_BL0.CLKFB slv_com_top_inst.CLKCOM_OUT
                  --------
                    0.696   (0.0% logic, 100.0% route), 1 logic levels.

      Destination Clock Path UP_CLK to slv_com_top_inst/tx_com_inst/tx_cont_b2_inst/tx_ck_dcfifo1_48_inst/SLICE_5186:

   Name    Fanout   Delay (ns)          Site               Resource
PADI_DEL    ---     0.740         M1.PAD to       M1.PADDI UP_CLK
ROUTE         1     0.156       M1.PADDI to   PLL_BL0.CLKI UP_CLK_c
CLKI2OP_DE  ---     0.000   PLL_BL0.CLKI to  PLL_BL0.CLKOP slv_com_top_inst/clk_gen_inst2/PLL_inst/PLLInst_0
ROUTE       173     0.653  PLL_BL0.CLKOP to    R40C52C.CLK slv_com_top_inst.CLKCOM_OUT
                  --------
                    1.549   (47.8% logic, 52.2% route), 2 logic levels.

      Destination Clock f/b:

   Name    Fanout   Delay (ns)          Site               Resource
CLKFB2OP_D  ---     0.000  PLL_BL0.CLKFB to  PLL_BL0.CLKOP slv_com_top_inst/clk_gen_inst2/PLL_inst/PLLInst_0
ROUTE       173     0.696  PLL_BL0.CLKOP to  PLL_BL0.CLKFB slv_com_top_inst.CLKCOM_OUT
                  --------
                    0.696   (0.0% logic, 100.0% route), 1 logic levels.


Passed: The following path meets requirements by 0.175ns

 Logical Details:  Cell type  Pin type       Cell/ASIC name  (clock net +/-)

   Source:         FF         Q              slv_com_top_inst/rx_com_inst/rx_cont_b1_inst/rx_ck_dcfifo1_48_inst/FF_41  (from slv_com_top_inst.CLK1 +)
   Destination:    FF         Data in        slv_com_top_inst/rx_com_inst/rx_cont_b1_inst/rx_ck_dcfifo1_48_inst/FF_20  (to slv_com_top_inst.CLKCOM_OUT +)

   Delay:               0.293ns  (56.0% logic, 44.0% route), 1 logic levels.

 Constraint Details:

      0.293ns physical path delay slv_com_top_inst/rx_com_inst/rx_cont_b1_inst/rx_ck_dcfifo1_48_inst/SLICE_4880 to slv_com_top_inst/rx_com_inst/rx_cont_b1_inst/rx_ck_dcfifo1_48_inst/SLICE_4884 meets
      0.118ns M_HLD and
      0.000ns delay constraint less
      0.000ns skew less
      0.000ns feedback compensation requirement (totaling 0.118ns) by 0.175ns

 Physical Path Details:

      Data path slv_com_top_inst/rx_com_inst/rx_cont_b1_inst/rx_ck_dcfifo1_48_inst/SLICE_4880 to slv_com_top_inst/rx_com_inst/rx_cont_b1_inst/rx_ck_dcfifo1_48_inst/SLICE_4884:

   Name    Fanout   Delay (ns)          Site               Resource
REG_DEL     ---     0.164    R33C66A.CLK to     R33C66A.Q0 slv_com_top_inst/rx_com_inst/rx_cont_b1_inst/rx_ck_dcfifo1_48_inst/SLICE_4880 (from slv_com_top_inst.CLK1)
ROUTE         1     0.129     R33C66A.Q0 to     R33C66C.M0 slv_com_top_inst/rx_com_inst/rx_cont_b1_inst/rx_ck_dcfifo1_48_inst/r_gcount_2 (to slv_com_top_inst.CLKCOM_OUT)
                  --------
                    0.293   (56.0% logic, 44.0% route), 1 logic levels.

 Clock Skew Details: 

      Source Clock Path UP_CLK to slv_com_top_inst/rx_com_inst/rx_cont_b1_inst/rx_ck_dcfifo1_48_inst/SLICE_4880:

   Name    Fanout   Delay (ns)          Site               Resource
PADI_DEL    ---     0.740         M1.PAD to       M1.PADDI UP_CLK
ROUTE         1     0.156       M1.PADDI to   PLL_BL0.CLKI UP_CLK_c
CLKI2OS3_D  ---     0.000   PLL_BL0.CLKI to PLL_BL0.CLKOS3 slv_com_top_inst/clk_gen_inst2/PLL_inst/PLLInst_0
ROUTE       379     0.653 PLL_BL0.CLKOS3 to    R33C66A.CLK slv_com_top_inst.CLK1
                  --------
                    1.549   (47.8% logic, 52.2% route), 2 logic levels.

      Source Clock f/b:

   Name    Fanout   Delay (ns)          Site               Resource
CLKFB2OP_D  ---     0.000  PLL_BL0.CLKFB to  PLL_BL0.CLKOP slv_com_top_inst/clk_gen_inst2/PLL_inst/PLLInst_0
ROUTE       173     0.696  PLL_BL0.CLKOP to  PLL_BL0.CLKFB slv_com_top_inst.CLKCOM_OUT
                  --------
                    0.696   (0.0% logic, 100.0% route), 1 logic levels.

      Destination Clock Path UP_CLK to slv_com_top_inst/rx_com_inst/rx_cont_b1_inst/rx_ck_dcfifo1_48_inst/SLICE_4884:

   Name    Fanout   Delay (ns)          Site               Resource
PADI_DEL    ---     0.740         M1.PAD to       M1.PADDI UP_CLK
ROUTE         1     0.156       M1.PADDI to   PLL_BL0.CLKI UP_CLK_c
CLKI2OP_DE  ---     0.000   PLL_BL0.CLKI to  PLL_BL0.CLKOP slv_com_top_inst/clk_gen_inst2/PLL_inst/PLLInst_0
ROUTE       173     0.653  PLL_BL0.CLKOP to    R33C66C.CLK slv_com_top_inst.CLKCOM_OUT
                  --------
                    1.549   (47.8% logic, 52.2% route), 2 logic levels.

      Destination Clock f/b:

   Name    Fanout   Delay (ns)          Site               Resource
CLKFB2OP_D  ---     0.000  PLL_BL0.CLKFB to  PLL_BL0.CLKOP slv_com_top_inst/clk_gen_inst2/PLL_inst/PLLInst_0
ROUTE       173     0.696  PLL_BL0.CLKOP to  PLL_BL0.CLKFB slv_com_top_inst.CLKCOM_OUT
                  --------
                    0.696   (0.0% logic, 100.0% route), 1 logic levels.


Passed: The following path meets requirements by 0.175ns

 Logical Details:  Cell type  Pin type       Cell/ASIC name  (clock net +/-)

   Source:         FF         Q              slv_com_top_inst/tx_com_inst/tx_cont_b2_inst/tx_ck_dcfifo1_48_inst/FF_64  (from slv_com_top_inst.CLK1 +)
   Destination:    FF         Data in        slv_com_top_inst/tx_com_inst/tx_cont_b2_inst/tx_ck_dcfifo1_48_inst/FF_29  (to slv_com_top_inst.CLKCOM_OUT +)

   Delay:               0.293ns  (56.0% logic, 44.0% route), 1 logic levels.

 Constraint Details:

      0.293ns physical path delay slv_com_top_inst/tx_com_inst/tx_cont_b2_inst/tx_ck_dcfifo1_48_inst/SLICE_5180 to slv_com_top_inst/tx_com_inst/tx_cont_b2_inst/tx_ck_dcfifo1_48_inst/SLICE_5184 meets
      0.118ns M_HLD and
      0.000ns delay constraint less
      0.000ns skew less
      0.000ns feedback compensation requirement (totaling 0.118ns) by 0.175ns

 Physical Path Details:

      Data path slv_com_top_inst/tx_com_inst/tx_cont_b2_inst/tx_ck_dcfifo1_48_inst/SLICE_5180 to slv_com_top_inst/tx_com_inst/tx_cont_b2_inst/tx_ck_dcfifo1_48_inst/SLICE_5184:

   Name    Fanout   Delay (ns)          Site               Resource
REG_DEL     ---     0.164    R38C51D.CLK to     R38C51D.Q0 slv_com_top_inst/tx_com_inst/tx_cont_b2_inst/tx_ck_dcfifo1_48_inst/SLICE_5180 (from slv_com_top_inst.CLK1)
ROUTE         1     0.129     R38C51D.Q0 to     R38C51B.M0 slv_com_top_inst/tx_com_inst/tx_cont_b2_inst/tx_ck_dcfifo1_48_inst/w_gcount_0 (to slv_com_top_inst.CLKCOM_OUT)
                  --------
                    0.293   (56.0% logic, 44.0% route), 1 logic levels.

 Clock Skew Details: 

      Source Clock Path UP_CLK to slv_com_top_inst/tx_com_inst/tx_cont_b2_inst/tx_ck_dcfifo1_48_inst/SLICE_5180:

   Name    Fanout   Delay (ns)          Site               Resource
PADI_DEL    ---     0.740         M1.PAD to       M1.PADDI UP_CLK
ROUTE         1     0.156       M1.PADDI to   PLL_BL0.CLKI UP_CLK_c
CLKI2OS3_D  ---     0.000   PLL_BL0.CLKI to PLL_BL0.CLKOS3 slv_com_top_inst/clk_gen_inst2/PLL_inst/PLLInst_0
ROUTE       379     0.653 PLL_BL0.CLKOS3 to    R38C51D.CLK slv_com_top_inst.CLK1
                  --------
                    1.549   (47.8% logic, 52.2% route), 2 logic levels.

      Source Clock f/b:

   Name    Fanout   Delay (ns)          Site               Resource
CLKFB2OP_D  ---     0.000  PLL_BL0.CLKFB to  PLL_BL0.CLKOP slv_com_top_inst/clk_gen_inst2/PLL_inst/PLLInst_0
ROUTE       173     0.696  PLL_BL0.CLKOP to  PLL_BL0.CLKFB slv_com_top_inst.CLKCOM_OUT
                  --------
                    0.696   (0.0% logic, 100.0% route), 1 logic levels.

      Destination Clock Path UP_CLK to slv_com_top_inst/tx_com_inst/tx_cont_b2_inst/tx_ck_dcfifo1_48_inst/SLICE_5184:

   Name    Fanout   Delay (ns)          Site               Resource
PADI_DEL    ---     0.740         M1.PAD to       M1.PADDI UP_CLK
ROUTE         1     0.156       M1.PADDI to   PLL_BL0.CLKI UP_CLK_c
CLKI2OP_DE  ---     0.000   PLL_BL0.CLKI to  PLL_BL0.CLKOP slv_com_top_inst/clk_gen_inst2/PLL_inst/PLLInst_0
ROUTE       173     0.653  PLL_BL0.CLKOP to    R38C51B.CLK slv_com_top_inst.CLKCOM_OUT
                  --------
                    1.549   (47.8% logic, 52.2% route), 2 logic levels.

      Destination Clock f/b:

   Name    Fanout   Delay (ns)          Site               Resource
CLKFB2OP_D  ---     0.000  PLL_BL0.CLKFB to  PLL_BL0.CLKOP slv_com_top_inst/clk_gen_inst2/PLL_inst/PLLInst_0
ROUTE       173     0.696  PLL_BL0.CLKOP to  PLL_BL0.CLKFB slv_com_top_inst.CLKCOM_OUT
                  --------
                    0.696   (0.0% logic, 100.0% route), 1 logic levels.


Passed: The following path meets requirements by 0.190ns

 Logical Details:  Cell type  Pin type       Cell/ASIC name  (clock net +/-)

   Source:         FF         Q              slv_com_top_inst/tx_com_inst/tx_cont_b2_inst/tx_ck_dcfifo1_48_inst/FF_59  (from slv_com_top_inst.CLK1 +)
   Destination:    FF         Data in        slv_com_top_inst/tx_com_inst/tx_cont_b2_inst/tx_ck_dcfifo1_48_inst/FF_24  (to slv_com_top_inst.CLKCOM_OUT +)

   Delay:               0.308ns  (52.9% logic, 47.1% route), 1 logic levels.

 Constraint Details:

      0.308ns physical path delay slv_com_top_inst/tx_com_inst/tx_cont_b2_inst/tx_ck_dcfifo1_48_inst/SLICE_5182 to slv_com_top_inst/tx_com_inst/tx_cont_b2_inst/tx_ck_dcfifo1_48_inst/SLICE_5186 meets
      0.118ns M_HLD and
      0.000ns delay constraint less
      0.000ns skew less
      0.000ns feedback compensation requirement (totaling 0.118ns) by 0.190ns

 Physical Path Details:

      Data path slv_com_top_inst/tx_com_inst/tx_cont_b2_inst/tx_ck_dcfifo1_48_inst/SLICE_5182 to slv_com_top_inst/tx_com_inst/tx_cont_b2_inst/tx_ck_dcfifo1_48_inst/SLICE_5186:

   Name    Fanout   Delay (ns)          Site               Resource
REG_DEL     ---     0.163    R40C52D.CLK to     R40C52D.Q1 slv_com_top_inst/tx_com_inst/tx_cont_b2_inst/tx_ck_dcfifo1_48_inst/SLICE_5182 (from slv_com_top_inst.CLK1)
ROUTE         1     0.145     R40C52D.Q1 to     R40C52C.M1 slv_com_top_inst/tx_com_inst/tx_cont_b2_inst/tx_ck_dcfifo1_48_inst/w_gcount_5 (to slv_com_top_inst.CLKCOM_OUT)
                  --------
                    0.308   (52.9% logic, 47.1% route), 1 logic levels.

 Clock Skew Details: 

      Source Clock Path UP_CLK to slv_com_top_inst/tx_com_inst/tx_cont_b2_inst/tx_ck_dcfifo1_48_inst/SLICE_5182:

   Name    Fanout   Delay (ns)          Site               Resource
PADI_DEL    ---     0.740         M1.PAD to       M1.PADDI UP_CLK
ROUTE         1     0.156       M1.PADDI to   PLL_BL0.CLKI UP_CLK_c
CLKI2OS3_D  ---     0.000   PLL_BL0.CLKI to PLL_BL0.CLKOS3 slv_com_top_inst/clk_gen_inst2/PLL_inst/PLLInst_0
ROUTE       379     0.653 PLL_BL0.CLKOS3 to    R40C52D.CLK slv_com_top_inst.CLK1
                  --------
                    1.549   (47.8% logic, 52.2% route), 2 logic levels.

      Source Clock f/b:

   Name    Fanout   Delay (ns)          Site               Resource
CLKFB2OP_D  ---     0.000  PLL_BL0.CLKFB to  PLL_BL0.CLKOP slv_com_top_inst/clk_gen_inst2/PLL_inst/PLLInst_0
ROUTE       173     0.696  PLL_BL0.CLKOP to  PLL_BL0.CLKFB slv_com_top_inst.CLKCOM_OUT
                  --------
                    0.696   (0.0% logic, 100.0% route), 1 logic levels.

      Destination Clock Path UP_CLK to slv_com_top_inst/tx_com_inst/tx_cont_b2_inst/tx_ck_dcfifo1_48_inst/SLICE_5186:

   Name    Fanout   Delay (ns)          Site               Resource
PADI_DEL    ---     0.740         M1.PAD to       M1.PADDI UP_CLK
ROUTE         1     0.156       M1.PADDI to   PLL_BL0.CLKI UP_CLK_c
CLKI2OP_DE  ---     0.000   PLL_BL0.CLKI to  PLL_BL0.CLKOP slv_com_top_inst/clk_gen_inst2/PLL_inst/PLLInst_0
ROUTE       173     0.653  PLL_BL0.CLKOP to    R40C52C.CLK slv_com_top_inst.CLKCOM_OUT
                  --------
                    1.549   (47.8% logic, 52.2% route), 2 logic levels.

      Destination Clock f/b:

   Name    Fanout   Delay (ns)          Site               Resource
CLKFB2OP_D  ---     0.000  PLL_BL0.CLKFB to  PLL_BL0.CLKOP slv_com_top_inst/clk_gen_inst2/PLL_inst/PLLInst_0
ROUTE       173     0.696  PLL_BL0.CLKOP to  PLL_BL0.CLKFB slv_com_top_inst.CLKCOM_OUT
                  --------
                    0.696   (0.0% logic, 100.0% route), 1 logic levels.


Passed: The following path meets requirements by 0.191ns

 Logical Details:  Cell type  Pin type       Cell/ASIC name  (clock net +/-)

   Source:         FF         Q              slv_com_top_inst/rx_com_inst/rx_cont_b1_inst/rx_ck_dcfifo1_48_inst/FF_39  (from slv_com_top_inst.CLK1 +)
   Destination:    FF         Data in        slv_com_top_inst/rx_com_inst/rx_cont_b1_inst/rx_ck_dcfifo1_48_inst/FF_18  (to slv_com_top_inst.CLKCOM_OUT +)

   Delay:               0.309ns  (53.1% logic, 46.9% route), 1 logic levels.

 Constraint Details:

      0.309ns physical path delay slv_com_top_inst/rx_com_inst/rx_cont_b1_inst/rx_ck_dcfifo1_48_inst/SLICE_4881 to slv_com_top_inst/rx_com_inst/rx_cont_b1_inst/rx_ck_dcfifo1_48_inst/SLICE_4885 meets
      0.118ns M_HLD and
      0.000ns delay constraint less
      0.000ns skew less
      0.000ns feedback compensation requirement (totaling 0.118ns) by 0.191ns

 Physical Path Details:

      Data path slv_com_top_inst/rx_com_inst/rx_cont_b1_inst/rx_ck_dcfifo1_48_inst/SLICE_4881 to slv_com_top_inst/rx_com_inst/rx_cont_b1_inst/rx_ck_dcfifo1_48_inst/SLICE_4885:

   Name    Fanout   Delay (ns)          Site               Resource
REG_DEL     ---     0.164    R33C67D.CLK to     R33C67D.Q0 slv_com_top_inst/rx_com_inst/rx_cont_b1_inst/rx_ck_dcfifo1_48_inst/SLICE_4881 (from slv_com_top_inst.CLK1)
ROUTE         1     0.145     R33C67D.Q0 to     R33C68D.M0 slv_com_top_inst/rx_com_inst/rx_cont_b1_inst/rx_ck_dcfifo1_48_inst/r_gcount_4 (to slv_com_top_inst.CLKCOM_OUT)
                  --------
                    0.309   (53.1% logic, 46.9% route), 1 logic levels.

 Clock Skew Details: 

      Source Clock Path UP_CLK to slv_com_top_inst/rx_com_inst/rx_cont_b1_inst/rx_ck_dcfifo1_48_inst/SLICE_4881:

   Name    Fanout   Delay (ns)          Site               Resource
PADI_DEL    ---     0.740         M1.PAD to       M1.PADDI UP_CLK
ROUTE         1     0.156       M1.PADDI to   PLL_BL0.CLKI UP_CLK_c
CLKI2OS3_D  ---     0.000   PLL_BL0.CLKI to PLL_BL0.CLKOS3 slv_com_top_inst/clk_gen_inst2/PLL_inst/PLLInst_0
ROUTE       379     0.653 PLL_BL0.CLKOS3 to    R33C67D.CLK slv_com_top_inst.CLK1
                  --------
                    1.549   (47.8% logic, 52.2% route), 2 logic levels.

      Source Clock f/b:

   Name    Fanout   Delay (ns)          Site               Resource
CLKFB2OP_D  ---     0.000  PLL_BL0.CLKFB to  PLL_BL0.CLKOP slv_com_top_inst/clk_gen_inst2/PLL_inst/PLLInst_0
ROUTE       173     0.696  PLL_BL0.CLKOP to  PLL_BL0.CLKFB slv_com_top_inst.CLKCOM_OUT
                  --------
                    0.696   (0.0% logic, 100.0% route), 1 logic levels.

      Destination Clock Path UP_CLK to slv_com_top_inst/rx_com_inst/rx_cont_b1_inst/rx_ck_dcfifo1_48_inst/SLICE_4885:

   Name    Fanout   Delay (ns)          Site               Resource
PADI_DEL    ---     0.740         M1.PAD to       M1.PADDI UP_CLK
ROUTE         1     0.156       M1.PADDI to   PLL_BL0.CLKI UP_CLK_c
CLKI2OP_DE  ---     0.000   PLL_BL0.CLKI to  PLL_BL0.CLKOP slv_com_top_inst/clk_gen_inst2/PLL_inst/PLLInst_0
ROUTE       173     0.653  PLL_BL0.CLKOP to    R33C68D.CLK slv_com_top_inst.CLKCOM_OUT
                  --------
                    1.549   (47.8% logic, 52.2% route), 2 logic levels.

      Destination Clock f/b:

   Name    Fanout   Delay (ns)          Site               Resource
CLKFB2OP_D  ---     0.000  PLL_BL0.CLKFB to  PLL_BL0.CLKOP slv_com_top_inst/clk_gen_inst2/PLL_inst/PLLInst_0
ROUTE       173     0.696  PLL_BL0.CLKOP to  PLL_BL0.CLKFB slv_com_top_inst.CLKCOM_OUT
                  --------
                    0.696   (0.0% logic, 100.0% route), 1 logic levels.


Passed: The following path meets requirements by 0.256ns

 Logical Details:  Cell type  Pin type       Cell/ASIC name  (clock net +/-)

   Source:         FF         Q              slv_com_top_inst/rx_com_inst/rx_cont_b1_inst/rx_ck_dcfifo1_48_inst/FF_42  (from slv_com_top_inst.CLK1 +)
   Destination:    FF         Data in        slv_com_top_inst/rx_com_inst/rx_cont_b1_inst/rx_ck_dcfifo1_48_inst/FF_21  (to slv_com_top_inst.CLKCOM_OUT +)

   Delay:               0.374ns  (43.6% logic, 56.4% route), 1 logic levels.

 Constraint Details:

      0.374ns physical path delay slv_com_top_inst/rx_com_inst/rx_cont_b1_inst/rx_ck_dcfifo1_48_inst/SLICE_4879 to slv_com_top_inst/rx_com_inst/rx_cont_b1_inst/rx_ck_dcfifo1_48_inst/SLICE_4883 meets
      0.118ns M_HLD and
      0.000ns delay constraint less
      0.000ns skew less
      0.000ns feedback compensation requirement (totaling 0.118ns) by 0.256ns

 Physical Path Details:

      Data path slv_com_top_inst/rx_com_inst/rx_cont_b1_inst/rx_ck_dcfifo1_48_inst/SLICE_4879 to slv_com_top_inst/rx_com_inst/rx_cont_b1_inst/rx_ck_dcfifo1_48_inst/SLICE_4883:

   Name    Fanout   Delay (ns)          Site               Resource
REG_DEL     ---     0.163    R34C66D.CLK to     R34C66D.Q1 slv_com_top_inst/rx_com_inst/rx_cont_b1_inst/rx_ck_dcfifo1_48_inst/SLICE_4879 (from slv_com_top_inst.CLK1)
ROUTE         1     0.211     R34C66D.Q1 to     R34C67D.M1 slv_com_top_inst/rx_com_inst/rx_cont_b1_inst/rx_ck_dcfifo1_48_inst/r_gcount_1 (to slv_com_top_inst.CLKCOM_OUT)
                  --------
                    0.374   (43.6% logic, 56.4% route), 1 logic levels.

 Clock Skew Details: 

      Source Clock Path UP_CLK to slv_com_top_inst/rx_com_inst/rx_cont_b1_inst/rx_ck_dcfifo1_48_inst/SLICE_4879:

   Name    Fanout   Delay (ns)          Site               Resource
PADI_DEL    ---     0.740         M1.PAD to       M1.PADDI UP_CLK
ROUTE         1     0.156       M1.PADDI to   PLL_BL0.CLKI UP_CLK_c
CLKI2OS3_D  ---     0.000   PLL_BL0.CLKI to PLL_BL0.CLKOS3 slv_com_top_inst/clk_gen_inst2/PLL_inst/PLLInst_0
ROUTE       379     0.653 PLL_BL0.CLKOS3 to    R34C66D.CLK slv_com_top_inst.CLK1
                  --------
                    1.549   (47.8% logic, 52.2% route), 2 logic levels.

      Source Clock f/b:

   Name    Fanout   Delay (ns)          Site               Resource
CLKFB2OP_D  ---     0.000  PLL_BL0.CLKFB to  PLL_BL0.CLKOP slv_com_top_inst/clk_gen_inst2/PLL_inst/PLLInst_0
ROUTE       173     0.696  PLL_BL0.CLKOP to  PLL_BL0.CLKFB slv_com_top_inst.CLKCOM_OUT
                  --------
                    0.696   (0.0% logic, 100.0% route), 1 logic levels.

      Destination Clock Path UP_CLK to slv_com_top_inst/rx_com_inst/rx_cont_b1_inst/rx_ck_dcfifo1_48_inst/SLICE_4883:

   Name    Fanout   Delay (ns)          Site               Resource
PADI_DEL    ---     0.740         M1.PAD to       M1.PADDI UP_CLK
ROUTE         1     0.156       M1.PADDI to   PLL_BL0.CLKI UP_CLK_c
CLKI2OP_DE  ---     0.000   PLL_BL0.CLKI to  PLL_BL0.CLKOP slv_com_top_inst/clk_gen_inst2/PLL_inst/PLLInst_0
ROUTE       173     0.653  PLL_BL0.CLKOP to    R34C67D.CLK slv_com_top_inst.CLKCOM_OUT
                  --------
                    1.549   (47.8% logic, 52.2% route), 2 logic levels.

      Destination Clock f/b:

   Name    Fanout   Delay (ns)          Site               Resource
CLKFB2OP_D  ---     0.000  PLL_BL0.CLKFB to  PLL_BL0.CLKOP slv_com_top_inst/clk_gen_inst2/PLL_inst/PLLInst_0
ROUTE       173     0.696  PLL_BL0.CLKOP to  PLL_BL0.CLKFB slv_com_top_inst.CLKCOM_OUT
                  --------
                    0.696   (0.0% logic, 100.0% route), 1 logic levels.


Passed: The following path meets requirements by 0.256ns

 Logical Details:  Cell type  Pin type       Cell/ASIC name  (clock net +/-)

   Source:         FF         Q              slv_com_top_inst/rx_com_inst/rx_cont_b1_inst/rx_ck_dcfifo1_48_inst/FF_38  (from slv_com_top_inst.CLK1 +)
   Destination:    FF         Data in        slv_com_top_inst/rx_com_inst/rx_cont_b1_inst/rx_ck_dcfifo1_48_inst/FF_17  (to slv_com_top_inst.CLKCOM_OUT +)

   Delay:               0.374ns  (43.6% logic, 56.4% route), 1 logic levels.

 Constraint Details:

      0.374ns physical path delay slv_com_top_inst/rx_com_inst/rx_cont_b1_inst/rx_ck_dcfifo1_48_inst/SLICE_4881 to slv_com_top_inst/rx_com_inst/rx_cont_b1_inst/rx_ck_dcfifo1_48_inst/SLICE_4885 meets
      0.118ns M_HLD and
      0.000ns delay constraint less
      0.000ns skew less
      0.000ns feedback compensation requirement (totaling 0.118ns) by 0.256ns

 Physical Path Details:

      Data path slv_com_top_inst/rx_com_inst/rx_cont_b1_inst/rx_ck_dcfifo1_48_inst/SLICE_4881 to slv_com_top_inst/rx_com_inst/rx_cont_b1_inst/rx_ck_dcfifo1_48_inst/SLICE_4885:

   Name    Fanout   Delay (ns)          Site               Resource
REG_DEL     ---     0.163    R33C67D.CLK to     R33C67D.Q1 slv_com_top_inst/rx_com_inst/rx_cont_b1_inst/rx_ck_dcfifo1_48_inst/SLICE_4881 (from slv_com_top_inst.CLK1)
ROUTE         1     0.211     R33C67D.Q1 to     R33C68D.M1 slv_com_top_inst/rx_com_inst/rx_cont_b1_inst/rx_ck_dcfifo1_48_inst/r_gcount_5 (to slv_com_top_inst.CLKCOM_OUT)
                  --------
                    0.374   (43.6% logic, 56.4% route), 1 logic levels.

 Clock Skew Details: 

      Source Clock Path UP_CLK to slv_com_top_inst/rx_com_inst/rx_cont_b1_inst/rx_ck_dcfifo1_48_inst/SLICE_4881:

   Name    Fanout   Delay (ns)          Site               Resource
PADI_DEL    ---     0.740         M1.PAD to       M1.PADDI UP_CLK
ROUTE         1     0.156       M1.PADDI to   PLL_BL0.CLKI UP_CLK_c
CLKI2OS3_D  ---     0.000   PLL_BL0.CLKI to PLL_BL0.CLKOS3 slv_com_top_inst/clk_gen_inst2/PLL_inst/PLLInst_0
ROUTE       379     0.653 PLL_BL0.CLKOS3 to    R33C67D.CLK slv_com_top_inst.CLK1
                  --------
                    1.549   (47.8% logic, 52.2% route), 2 logic levels.

      Source Clock f/b:

   Name    Fanout   Delay (ns)          Site               Resource
CLKFB2OP_D  ---     0.000  PLL_BL0.CLKFB to  PLL_BL0.CLKOP slv_com_top_inst/clk_gen_inst2/PLL_inst/PLLInst_0
ROUTE       173     0.696  PLL_BL0.CLKOP to  PLL_BL0.CLKFB slv_com_top_inst.CLKCOM_OUT
                  --------
                    0.696   (0.0% logic, 100.0% route), 1 logic levels.

      Destination Clock Path UP_CLK to slv_com_top_inst/rx_com_inst/rx_cont_b1_inst/rx_ck_dcfifo1_48_inst/SLICE_4885:

   Name    Fanout   Delay (ns)          Site               Resource
PADI_DEL    ---     0.740         M1.PAD to       M1.PADDI UP_CLK
ROUTE         1     0.156       M1.PADDI to   PLL_BL0.CLKI UP_CLK_c
CLKI2OP_DE  ---     0.000   PLL_BL0.CLKI to  PLL_BL0.CLKOP slv_com_top_inst/clk_gen_inst2/PLL_inst/PLLInst_0
ROUTE       173     0.653  PLL_BL0.CLKOP to    R33C68D.CLK slv_com_top_inst.CLKCOM_OUT
                  --------
                    1.549   (47.8% logic, 52.2% route), 2 logic levels.

      Destination Clock f/b:

   Name    Fanout   Delay (ns)          Site               Resource
CLKFB2OP_D  ---     0.000  PLL_BL0.CLKFB to  PLL_BL0.CLKOP slv_com_top_inst/clk_gen_inst2/PLL_inst/PLLInst_0
ROUTE       173     0.696  PLL_BL0.CLKOP to  PLL_BL0.CLKFB slv_com_top_inst.CLKCOM_OUT
                  --------
                    0.696   (0.0% logic, 100.0% route), 1 logic levels.


Passed: The following path meets requirements by 0.257ns

 Logical Details:  Cell type  Pin type       Cell/ASIC name  (clock net +/-)

   Source:         FF         Q              slv_com_top_inst/rx_com_inst/rx_cont_b1_inst/rx_ck_dcfifo1_48_inst/FF_43  (from slv_com_top_inst.CLK1 +)
   Destination:    FF         Data in        slv_com_top_inst/rx_com_inst/rx_cont_b1_inst/rx_ck_dcfifo1_48_inst/FF_22  (to slv_com_top_inst.CLKCOM_OUT +)

   Delay:               0.375ns  (43.7% logic, 56.3% route), 1 logic levels.

 Constraint Details:

      0.375ns physical path delay slv_com_top_inst/rx_com_inst/rx_cont_b1_inst/rx_ck_dcfifo1_48_inst/SLICE_4879 to slv_com_top_inst/rx_com_inst/rx_cont_b1_inst/rx_ck_dcfifo1_48_inst/SLICE_4883 meets
      0.118ns M_HLD and
      0.000ns delay constraint less
      0.000ns skew less
      0.000ns feedback compensation requirement (totaling 0.118ns) by 0.257ns

 Physical Path Details:

      Data path slv_com_top_inst/rx_com_inst/rx_cont_b1_inst/rx_ck_dcfifo1_48_inst/SLICE_4879 to slv_com_top_inst/rx_com_inst/rx_cont_b1_inst/rx_ck_dcfifo1_48_inst/SLICE_4883:

   Name    Fanout   Delay (ns)          Site               Resource
REG_DEL     ---     0.164    R34C66D.CLK to     R34C66D.Q0 slv_com_top_inst/rx_com_inst/rx_cont_b1_inst/rx_ck_dcfifo1_48_inst/SLICE_4879 (from slv_com_top_inst.CLK1)
ROUTE         1     0.211     R34C66D.Q0 to     R34C67D.M0 slv_com_top_inst/rx_com_inst/rx_cont_b1_inst/rx_ck_dcfifo1_48_inst/r_gcount_0 (to slv_com_top_inst.CLKCOM_OUT)
                  --------
                    0.375   (43.7% logic, 56.3% route), 1 logic levels.

 Clock Skew Details: 

      Source Clock Path UP_CLK to slv_com_top_inst/rx_com_inst/rx_cont_b1_inst/rx_ck_dcfifo1_48_inst/SLICE_4879:

   Name    Fanout   Delay (ns)          Site               Resource
PADI_DEL    ---     0.740         M1.PAD to       M1.PADDI UP_CLK
ROUTE         1     0.156       M1.PADDI to   PLL_BL0.CLKI UP_CLK_c
CLKI2OS3_D  ---     0.000   PLL_BL0.CLKI to PLL_BL0.CLKOS3 slv_com_top_inst/clk_gen_inst2/PLL_inst/PLLInst_0
ROUTE       379     0.653 PLL_BL0.CLKOS3 to    R34C66D.CLK slv_com_top_inst.CLK1
                  --------
                    1.549   (47.8% logic, 52.2% route), 2 logic levels.

      Source Clock f/b:

   Name    Fanout   Delay (ns)          Site               Resource
CLKFB2OP_D  ---     0.000  PLL_BL0.CLKFB to  PLL_BL0.CLKOP slv_com_top_inst/clk_gen_inst2/PLL_inst/PLLInst_0
ROUTE       173     0.696  PLL_BL0.CLKOP to  PLL_BL0.CLKFB slv_com_top_inst.CLKCOM_OUT
                  --------
                    0.696   (0.0% logic, 100.0% route), 1 logic levels.

      Destination Clock Path UP_CLK to slv_com_top_inst/rx_com_inst/rx_cont_b1_inst/rx_ck_dcfifo1_48_inst/SLICE_4883:

   Name    Fanout   Delay (ns)          Site               Resource
PADI_DEL    ---     0.740         M1.PAD to       M1.PADDI UP_CLK
ROUTE         1     0.156       M1.PADDI to   PLL_BL0.CLKI UP_CLK_c
CLKI2OP_DE  ---     0.000   PLL_BL0.CLKI to  PLL_BL0.CLKOP slv_com_top_inst/clk_gen_inst2/PLL_inst/PLLInst_0
ROUTE       173     0.653  PLL_BL0.CLKOP to    R34C67D.CLK slv_com_top_inst.CLKCOM_OUT
                  --------
                    1.549   (47.8% logic, 52.2% route), 2 logic levels.

      Destination Clock f/b:

   Name    Fanout   Delay (ns)          Site               Resource
CLKFB2OP_D  ---     0.000  PLL_BL0.CLKFB to  PLL_BL0.CLKOP slv_com_top_inst/clk_gen_inst2/PLL_inst/PLLInst_0
ROUTE       173     0.696  PLL_BL0.CLKOP to  PLL_BL0.CLKFB slv_com_top_inst.CLKCOM_OUT
                  --------
                    0.696   (0.0% logic, 100.0% route), 1 logic levels.


================================================================================
Preference: MULTICYCLE FROM CLKNET "slv_com_top_inst.CLKCOM_OUT" TO CLKNET "slv_com_top_inst.CLK1" 2.000000 X ;
            122 items scored, 0 timing errors detected.
--------------------------------------------------------------------------------


Passed: The following path meets requirements by 0.174ns

 Logical Details:  Cell type  Pin type       Cell/ASIC name  (clock net +/-)

   Source:         FF         Q              slv_com_top_inst/tx_com_inst/tx_cont_b2_inst/tx_ck_dcfifo1_48_inst/FF_38  (from slv_com_top_inst.CLKCOM_OUT +)
   Destination:    FF         Data in        slv_com_top_inst/tx_com_inst/tx_cont_b2_inst/tx_ck_dcfifo1_48_inst/FF_17  (to slv_com_top_inst.CLK1 +)

   Delay:               0.292ns  (55.8% logic, 44.2% route), 1 logic levels.

 Constraint Details:

      0.292ns physical path delay slv_com_top_inst/tx_com_inst/tx_cont_b2_inst/tx_ck_dcfifo1_48_inst/SLICE_5167 to slv_com_top_inst/tx_com_inst/tx_cont_b2_inst/tx_ck_dcfifo1_48_inst/SLICE_5171 meets
      0.118ns M_HLD and
      0.000ns delay constraint less
      0.000ns skew less
      0.000ns feedback compensation requirement (totaling 0.118ns) by 0.174ns

 Physical Path Details:

      Data path slv_com_top_inst/tx_com_inst/tx_cont_b2_inst/tx_ck_dcfifo1_48_inst/SLICE_5167 to slv_com_top_inst/tx_com_inst/tx_cont_b2_inst/tx_ck_dcfifo1_48_inst/SLICE_5171:

   Name    Fanout   Delay (ns)          Site               Resource
REG_DEL     ---     0.163    R38C52D.CLK to     R38C52D.Q1 slv_com_top_inst/tx_com_inst/tx_cont_b2_inst/tx_ck_dcfifo1_48_inst/SLICE_5167 (from slv_com_top_inst.CLKCOM_OUT)
ROUTE         1     0.129     R38C52D.Q1 to     R38C52C.M1 slv_com_top_inst/tx_com_inst/tx_cont_b2_inst/tx_ck_dcfifo1_48_inst/r_gcount_5 (to slv_com_top_inst.CLK1)
                  --------
                    0.292   (55.8% logic, 44.2% route), 1 logic levels.

 Clock Skew Details: 

      Source Clock Path UP_CLK to slv_com_top_inst/tx_com_inst/tx_cont_b2_inst/tx_ck_dcfifo1_48_inst/SLICE_5167:

   Name    Fanout   Delay (ns)          Site               Resource
PADI_DEL    ---     0.740         M1.PAD to       M1.PADDI UP_CLK
ROUTE         1     0.156       M1.PADDI to   PLL_BL0.CLKI UP_CLK_c
CLKI2OP_DE  ---     0.000   PLL_BL0.CLKI to  PLL_BL0.CLKOP slv_com_top_inst/clk_gen_inst2/PLL_inst/PLLInst_0
ROUTE       173     0.653  PLL_BL0.CLKOP to    R38C52D.CLK slv_com_top_inst.CLKCOM_OUT
                  --------
                    1.549   (47.8% logic, 52.2% route), 2 logic levels.

      Source Clock f/b:

   Name    Fanout   Delay (ns)          Site               Resource
CLKFB2OP_D  ---     0.000  PLL_BL0.CLKFB to  PLL_BL0.CLKOP slv_com_top_inst/clk_gen_inst2/PLL_inst/PLLInst_0
ROUTE       173     0.696  PLL_BL0.CLKOP to  PLL_BL0.CLKFB slv_com_top_inst.CLKCOM_OUT
                  --------
                    0.696   (0.0% logic, 100.0% route), 1 logic levels.

      Destination Clock Path UP_CLK to slv_com_top_inst/tx_com_inst/tx_cont_b2_inst/tx_ck_dcfifo1_48_inst/SLICE_5171:

   Name    Fanout   Delay (ns)          Site               Resource
PADI_DEL    ---     0.740         M1.PAD to       M1.PADDI UP_CLK
ROUTE         1     0.156       M1.PADDI to   PLL_BL0.CLKI UP_CLK_c
CLKI2OS3_D  ---     0.000   PLL_BL0.CLKI to PLL_BL0.CLKOS3 slv_com_top_inst/clk_gen_inst2/PLL_inst/PLLInst_0
ROUTE       379     0.653 PLL_BL0.CLKOS3 to    R38C52C.CLK slv_com_top_inst.CLK1
                  --------
                    1.549   (47.8% logic, 52.2% route), 2 logic levels.

      Destination Clock f/b:

   Name    Fanout   Delay (ns)          Site               Resource
CLKFB2OP_D  ---     0.000  PLL_BL0.CLKFB to  PLL_BL0.CLKOP slv_com_top_inst/clk_gen_inst2/PLL_inst/PLLInst_0
ROUTE       173     0.696  PLL_BL0.CLKOP to  PLL_BL0.CLKFB slv_com_top_inst.CLKCOM_OUT
                  --------
                    0.696   (0.0% logic, 100.0% route), 1 logic levels.


Passed: The following path meets requirements by 0.190ns

 Logical Details:  Cell type  Pin type       Cell/ASIC name  (clock net +/-)

   Source:         FF         Q              slv_com_top_inst/rx_com_inst/rx_cont_b1_inst/rx_ck_dcfifo1_48_inst/FF_59  (from slv_com_top_inst.CLKCOM_OUT +)
   Destination:    FF         Data in        slv_com_top_inst/rx_com_inst/rx_cont_b1_inst/rx_ck_dcfifo1_48_inst/FF_24  (to slv_com_top_inst.CLK1 +)

   Delay:               0.308ns  (52.9% logic, 47.1% route), 1 logic levels.

 Constraint Details:

      0.308ns physical path delay slv_com_top_inst/rx_com_inst/rx_cont_b1_inst/rx_ck_dcfifo1_48_inst/SLICE_4896 to slv_com_top_inst/rx_com_inst/rx_cont_b1_inst/rx_ck_dcfifo1_48_inst/SLICE_4900 meets
      0.118ns M_HLD and
      0.000ns delay constraint less
      0.000ns skew less
      0.000ns feedback compensation requirement (totaling 0.118ns) by 0.190ns

 Physical Path Details:

      Data path slv_com_top_inst/rx_com_inst/rx_cont_b1_inst/rx_ck_dcfifo1_48_inst/SLICE_4896 to slv_com_top_inst/rx_com_inst/rx_cont_b1_inst/rx_ck_dcfifo1_48_inst/SLICE_4900:

   Name    Fanout   Delay (ns)          Site               Resource
REG_DEL     ---     0.163    R33C68B.CLK to     R33C68B.Q1 slv_com_top_inst/rx_com_inst/rx_cont_b1_inst/rx_ck_dcfifo1_48_inst/SLICE_4896 (from slv_com_top_inst.CLKCOM_OUT)
ROUTE         1     0.145     R33C68B.Q1 to     R33C68C.M1 slv_com_top_inst/rx_com_inst/rx_cont_b1_inst/rx_ck_dcfifo1_48_inst/w_gcount_5 (to slv_com_top_inst.CLK1)
                  --------
                    0.308   (52.9% logic, 47.1% route), 1 logic levels.

 Clock Skew Details: 

      Source Clock Path UP_CLK to slv_com_top_inst/rx_com_inst/rx_cont_b1_inst/rx_ck_dcfifo1_48_inst/SLICE_4896:

   Name    Fanout   Delay (ns)          Site               Resource
PADI_DEL    ---     0.740         M1.PAD to       M1.PADDI UP_CLK
ROUTE         1     0.156       M1.PADDI to   PLL_BL0.CLKI UP_CLK_c
CLKI2OP_DE  ---     0.000   PLL_BL0.CLKI to  PLL_BL0.CLKOP slv_com_top_inst/clk_gen_inst2/PLL_inst/PLLInst_0
ROUTE       173     0.653  PLL_BL0.CLKOP to    R33C68B.CLK slv_com_top_inst.CLKCOM_OUT
                  --------
                    1.549   (47.8% logic, 52.2% route), 2 logic levels.

      Source Clock f/b:

   Name    Fanout   Delay (ns)          Site               Resource
CLKFB2OP_D  ---     0.000  PLL_BL0.CLKFB to  PLL_BL0.CLKOP slv_com_top_inst/clk_gen_inst2/PLL_inst/PLLInst_0
ROUTE       173     0.696  PLL_BL0.CLKOP to  PLL_BL0.CLKFB slv_com_top_inst.CLKCOM_OUT
                  --------
                    0.696   (0.0% logic, 100.0% route), 1 logic levels.

      Destination Clock Path UP_CLK to slv_com_top_inst/rx_com_inst/rx_cont_b1_inst/rx_ck_dcfifo1_48_inst/SLICE_4900:

   Name    Fanout   Delay (ns)          Site               Resource
PADI_DEL    ---     0.740         M1.PAD to       M1.PADDI UP_CLK
ROUTE         1     0.156       M1.PADDI to   PLL_BL0.CLKI UP_CLK_c
CLKI2OS3_D  ---     0.000   PLL_BL0.CLKI to PLL_BL0.CLKOS3 slv_com_top_inst/clk_gen_inst2/PLL_inst/PLLInst_0
ROUTE       379     0.653 PLL_BL0.CLKOS3 to    R33C68C.CLK slv_com_top_inst.CLK1
                  --------
                    1.549   (47.8% logic, 52.2% route), 2 logic levels.

      Destination Clock f/b:

   Name    Fanout   Delay (ns)          Site               Resource
CLKFB2OP_D  ---     0.000  PLL_BL0.CLKFB to  PLL_BL0.CLKOP slv_com_top_inst/clk_gen_inst2/PLL_inst/PLLInst_0
ROUTE       173     0.696  PLL_BL0.CLKOP to  PLL_BL0.CLKFB slv_com_top_inst.CLKCOM_OUT
                  --------
                    0.696   (0.0% logic, 100.0% route), 1 logic levels.


Passed: The following path meets requirements by 0.191ns

 Logical Details:  Cell type  Pin type       Cell/ASIC name  (clock net +/-)

   Source:         FF         Q              slv_com_top_inst/rx_com_inst/rx_cont_b1_inst/rx_ck_dcfifo1_48_inst/FF_60  (from slv_com_top_inst.CLKCOM_OUT +)
   Destination:    FF         Data in        slv_com_top_inst/rx_com_inst/rx_cont_b1_inst/rx_ck_dcfifo1_48_inst/FF_25  (to slv_com_top_inst.CLK1 +)

   Delay:               0.309ns  (53.1% logic, 46.9% route), 1 logic levels.

 Constraint Details:

      0.309ns physical path delay slv_com_top_inst/rx_com_inst/rx_cont_b1_inst/rx_ck_dcfifo1_48_inst/SLICE_4896 to slv_com_top_inst/rx_com_inst/rx_cont_b1_inst/rx_ck_dcfifo1_48_inst/SLICE_4900 meets
      0.118ns M_HLD and
      0.000ns delay constraint less
      0.000ns skew less
      0.000ns feedback compensation requirement (totaling 0.118ns) by 0.191ns

 Physical Path Details:

      Data path slv_com_top_inst/rx_com_inst/rx_cont_b1_inst/rx_ck_dcfifo1_48_inst/SLICE_4896 to slv_com_top_inst/rx_com_inst/rx_cont_b1_inst/rx_ck_dcfifo1_48_inst/SLICE_4900:

   Name    Fanout   Delay (ns)          Site               Resource
REG_DEL     ---     0.164    R33C68B.CLK to     R33C68B.Q0 slv_com_top_inst/rx_com_inst/rx_cont_b1_inst/rx_ck_dcfifo1_48_inst/SLICE_4896 (from slv_com_top_inst.CLKCOM_OUT)
ROUTE         1     0.145     R33C68B.Q0 to     R33C68C.M0 slv_com_top_inst/rx_com_inst/rx_cont_b1_inst/rx_ck_dcfifo1_48_inst/w_gcount_4 (to slv_com_top_inst.CLK1)
                  --------
                    0.309   (53.1% logic, 46.9% route), 1 logic levels.

 Clock Skew Details: 

      Source Clock Path UP_CLK to slv_com_top_inst/rx_com_inst/rx_cont_b1_inst/rx_ck_dcfifo1_48_inst/SLICE_4896:

   Name    Fanout   Delay (ns)          Site               Resource
PADI_DEL    ---     0.740         M1.PAD to       M1.PADDI UP_CLK
ROUTE         1     0.156       M1.PADDI to   PLL_BL0.CLKI UP_CLK_c
CLKI2OP_DE  ---     0.000   PLL_BL0.CLKI to  PLL_BL0.CLKOP slv_com_top_inst/clk_gen_inst2/PLL_inst/PLLInst_0
ROUTE       173     0.653  PLL_BL0.CLKOP to    R33C68B.CLK slv_com_top_inst.CLKCOM_OUT
                  --------
                    1.549   (47.8% logic, 52.2% route), 2 logic levels.

      Source Clock f/b:

   Name    Fanout   Delay (ns)          Site               Resource
CLKFB2OP_D  ---     0.000  PLL_BL0.CLKFB to  PLL_BL0.CLKOP slv_com_top_inst/clk_gen_inst2/PLL_inst/PLLInst_0
ROUTE       173     0.696  PLL_BL0.CLKOP to  PLL_BL0.CLKFB slv_com_top_inst.CLKCOM_OUT
                  --------
                    0.696   (0.0% logic, 100.0% route), 1 logic levels.

      Destination Clock Path UP_CLK to slv_com_top_inst/rx_com_inst/rx_cont_b1_inst/rx_ck_dcfifo1_48_inst/SLICE_4900:

   Name    Fanout   Delay (ns)          Site               Resource
PADI_DEL    ---     0.740         M1.PAD to       M1.PADDI UP_CLK
ROUTE         1     0.156       M1.PADDI to   PLL_BL0.CLKI UP_CLK_c
CLKI2OS3_D  ---     0.000   PLL_BL0.CLKI to PLL_BL0.CLKOS3 slv_com_top_inst/clk_gen_inst2/PLL_inst/PLLInst_0
ROUTE       379     0.653 PLL_BL0.CLKOS3 to    R33C68C.CLK slv_com_top_inst.CLK1
                  --------
                    1.549   (47.8% logic, 52.2% route), 2 logic levels.

      Destination Clock f/b:

   Name    Fanout   Delay (ns)          Site               Resource
CLKFB2OP_D  ---     0.000  PLL_BL0.CLKFB to  PLL_BL0.CLKOP slv_com_top_inst/clk_gen_inst2/PLL_inst/PLLInst_0
ROUTE       173     0.696  PLL_BL0.CLKOP to  PLL_BL0.CLKFB slv_com_top_inst.CLKCOM_OUT
                  --------
                    0.696   (0.0% logic, 100.0% route), 1 logic levels.


Passed: The following path meets requirements by 0.254ns

 Logical Details:  Cell type  Pin type       Cell/ASIC name  (clock net +/-)

   Source:         FF         Q              slv_com_top_inst/tx_com_inst/tx_cont_b1_inst/crc_gen_inst/crc_8td[0]  (from slv_com_top_inst.CLKCOM_OUT +)
   Destination:    FF         Data in        slv_com_top_inst/tx_com_inst/tx_cont_b1_inst/txcrcd_q[0]  (to slv_com_top_inst.CLK1 +)

   Delay:               0.373ns  (64.3% logic, 35.7% route), 2 logic levels.

 Constraint Details:

      0.373ns physical path delay slv_com_top_inst/tx_com_inst/tx_cont_b1_inst/crc_gen_inst/SLICE_5095 to slv_com_top_inst/tx_com_inst/tx_cont_b1_inst/SLICE_5048 meets
      0.119ns DIN_HLD and
      0.000ns delay constraint less
      0.000ns skew less
      0.000ns feedback compensation requirement (totaling 0.119ns) by 0.254ns

 Physical Path Details:

      Data path slv_com_top_inst/tx_com_inst/tx_cont_b1_inst/crc_gen_inst/SLICE_5095 to slv_com_top_inst/tx_com_inst/tx_cont_b1_inst/SLICE_5048:

   Name    Fanout   Delay (ns)          Site               Resource
REG_DEL     ---     0.164    R42C63A.CLK to     R42C63A.Q0 slv_com_top_inst/tx_com_inst/tx_cont_b1_inst/crc_gen_inst/SLICE_5095 (from slv_com_top_inst.CLKCOM_OUT)
ROUTE         1     0.133     R42C63A.Q0 to     R41C63C.D0 slv_com_top_inst/tx_com_inst/tx_cont_b1_inst/TX_CRCD[0]
CTOF_DEL    ---     0.076     R41C63C.D0 to     R41C63C.F0 slv_com_top_inst/tx_com_inst/tx_cont_b1_inst/SLICE_5048
ROUTE         1     0.000     R41C63C.F0 to    R41C63C.DI0 slv_com_top_inst/tx_com_inst/tx_cont_b1_inst/txd_out[0] (to slv_com_top_inst.CLK1)
                  --------
                    0.373   (64.3% logic, 35.7% route), 2 logic levels.

 Clock Skew Details: 

      Source Clock Path UP_CLK to slv_com_top_inst/tx_com_inst/tx_cont_b1_inst/crc_gen_inst/SLICE_5095:

   Name    Fanout   Delay (ns)          Site               Resource
PADI_DEL    ---     0.740         M1.PAD to       M1.PADDI UP_CLK
ROUTE         1     0.156       M1.PADDI to   PLL_BL0.CLKI UP_CLK_c
CLKI2OP_DE  ---     0.000   PLL_BL0.CLKI to  PLL_BL0.CLKOP slv_com_top_inst/clk_gen_inst2/PLL_inst/PLLInst_0
ROUTE       173     0.653  PLL_BL0.CLKOP to    R42C63A.CLK slv_com_top_inst.CLKCOM_OUT
                  --------
                    1.549   (47.8% logic, 52.2% route), 2 logic levels.

      Source Clock f/b:

   Name    Fanout   Delay (ns)          Site               Resource
CLKFB2OP_D  ---     0.000  PLL_BL0.CLKFB to  PLL_BL0.CLKOP slv_com_top_inst/clk_gen_inst2/PLL_inst/PLLInst_0
ROUTE       173     0.696  PLL_BL0.CLKOP to  PLL_BL0.CLKFB slv_com_top_inst.CLKCOM_OUT
                  --------
                    0.696   (0.0% logic, 100.0% route), 1 logic levels.

      Destination Clock Path UP_CLK to slv_com_top_inst/tx_com_inst/tx_cont_b1_inst/SLICE_5048:

   Name    Fanout   Delay (ns)          Site               Resource
PADI_DEL    ---     0.740         M1.PAD to       M1.PADDI UP_CLK
ROUTE         1     0.156       M1.PADDI to   PLL_BL0.CLKI UP_CLK_c
CLKI2OS3_D  ---     0.000   PLL_BL0.CLKI to PLL_BL0.CLKOS3 slv_com_top_inst/clk_gen_inst2/PLL_inst/PLLInst_0
ROUTE       379     0.653 PLL_BL0.CLKOS3 to    R41C63C.CLK slv_com_top_inst.CLK1
                  --------
                    1.549   (47.8% logic, 52.2% route), 2 logic levels.

      Destination Clock f/b:

   Name    Fanout   Delay (ns)          Site               Resource
CLKFB2OP_D  ---     0.000  PLL_BL0.CLKFB to  PLL_BL0.CLKOP slv_com_top_inst/clk_gen_inst2/PLL_inst/PLLInst_0
ROUTE       173     0.696  PLL_BL0.CLKOP to  PLL_BL0.CLKFB slv_com_top_inst.CLKCOM_OUT
                  --------
                    0.696   (0.0% logic, 100.0% route), 1 logic levels.


Passed: The following path meets requirements by 0.255ns

 Logical Details:  Cell type  Pin type       Cell/ASIC name  (clock net +/-)

   Source:         FF         Q              slv_com_top_inst/tx_com_inst/tx_cont_b1_inst/crc_gen_inst/crc_8td[6]  (from slv_com_top_inst.CLKCOM_OUT +)
   Destination:    FF         Data in        slv_com_top_inst/tx_com_inst/tx_cont_b1_inst/txcrcd_q[6]  (to slv_com_top_inst.CLK1 +)

   Delay:               0.374ns  (64.2% logic, 35.8% route), 2 logic levels.

 Constraint Details:

      0.374ns physical path delay slv_com_top_inst/tx_com_inst/tx_cont_b1_inst/crc_gen_inst/SLICE_5098 to slv_com_top_inst/tx_com_inst/tx_cont_b1_inst/SLICE_5051 meets
      0.119ns DIN_HLD and
      0.000ns delay constraint less
      0.000ns skew less
      0.000ns feedback compensation requirement (totaling 0.119ns) by 0.255ns

 Physical Path Details:

      Data path slv_com_top_inst/tx_com_inst/tx_cont_b1_inst/crc_gen_inst/SLICE_5098 to slv_com_top_inst/tx_com_inst/tx_cont_b1_inst/SLICE_5051:

   Name    Fanout   Delay (ns)          Site               Resource
REG_DEL     ---     0.164    R41C65A.CLK to     R41C65A.Q0 slv_com_top_inst/tx_com_inst/tx_cont_b1_inst/crc_gen_inst/SLICE_5098 (from slv_com_top_inst.CLKCOM_OUT)
ROUTE         1     0.134     R41C65A.Q0 to     R41C65B.C0 slv_com_top_inst/tx_com_inst/tx_cont_b1_inst/TX_CRCD[6]
CTOF_DEL    ---     0.076     R41C65B.C0 to     R41C65B.F0 slv_com_top_inst/tx_com_inst/tx_cont_b1_inst/SLICE_5051
ROUTE         1     0.000     R41C65B.F0 to    R41C65B.DI0 slv_com_top_inst/tx_com_inst/tx_cont_b1_inst/txd_out[6] (to slv_com_top_inst.CLK1)
                  --------
                    0.374   (64.2% logic, 35.8% route), 2 logic levels.

 Clock Skew Details: 

      Source Clock Path UP_CLK to slv_com_top_inst/tx_com_inst/tx_cont_b1_inst/crc_gen_inst/SLICE_5098:

   Name    Fanout   Delay (ns)          Site               Resource
PADI_DEL    ---     0.740         M1.PAD to       M1.PADDI UP_CLK
ROUTE         1     0.156       M1.PADDI to   PLL_BL0.CLKI UP_CLK_c
CLKI2OP_DE  ---     0.000   PLL_BL0.CLKI to  PLL_BL0.CLKOP slv_com_top_inst/clk_gen_inst2/PLL_inst/PLLInst_0
ROUTE       173     0.653  PLL_BL0.CLKOP to    R41C65A.CLK slv_com_top_inst.CLKCOM_OUT
                  --------
                    1.549   (47.8% logic, 52.2% route), 2 logic levels.

      Source Clock f/b:

   Name    Fanout   Delay (ns)          Site               Resource
CLKFB2OP_D  ---     0.000  PLL_BL0.CLKFB to  PLL_BL0.CLKOP slv_com_top_inst/clk_gen_inst2/PLL_inst/PLLInst_0
ROUTE       173     0.696  PLL_BL0.CLKOP to  PLL_BL0.CLKFB slv_com_top_inst.CLKCOM_OUT
                  --------
                    0.696   (0.0% logic, 100.0% route), 1 logic levels.

      Destination Clock Path UP_CLK to slv_com_top_inst/tx_com_inst/tx_cont_b1_inst/SLICE_5051:

   Name    Fanout   Delay (ns)          Site               Resource
PADI_DEL    ---     0.740         M1.PAD to       M1.PADDI UP_CLK
ROUTE         1     0.156       M1.PADDI to   PLL_BL0.CLKI UP_CLK_c
CLKI2OS3_D  ---     0.000   PLL_BL0.CLKI to PLL_BL0.CLKOS3 slv_com_top_inst/clk_gen_inst2/PLL_inst/PLLInst_0
ROUTE       379     0.653 PLL_BL0.CLKOS3 to    R41C65B.CLK slv_com_top_inst.CLK1
                  --------
                    1.549   (47.8% logic, 52.2% route), 2 logic levels.

      Destination Clock f/b:

   Name    Fanout   Delay (ns)          Site               Resource
CLKFB2OP_D  ---     0.000  PLL_BL0.CLKFB to  PLL_BL0.CLKOP slv_com_top_inst/clk_gen_inst2/PLL_inst/PLLInst_0
ROUTE       173     0.696  PLL_BL0.CLKOP to  PLL_BL0.CLKFB slv_com_top_inst.CLKCOM_OUT
                  --------
                    0.696   (0.0% logic, 100.0% route), 1 logic levels.


Passed: The following path meets requirements by 0.256ns

 Logical Details:  Cell type  Pin type       Cell/ASIC name  (clock net +/-)

   Source:         FF         Q              slv_com_top_inst/rx_com_inst/rx_cont_b1_inst/rx_ck_dcfifo1_48_inst/FF_61  (from slv_com_top_inst.CLKCOM_OUT +)
   Destination:    FF         Data in        slv_com_top_inst/rx_com_inst/rx_cont_b1_inst/rx_ck_dcfifo1_48_inst/FF_26  (to slv_com_top_inst.CLK1 +)

   Delay:               0.374ns  (43.6% logic, 56.4% route), 1 logic levels.

 Constraint Details:

      0.374ns physical path delay slv_com_top_inst/rx_com_inst/rx_cont_b1_inst/rx_ck_dcfifo1_48_inst/SLICE_4895 to slv_com_top_inst/rx_com_inst/rx_cont_b1_inst/rx_ck_dcfifo1_48_inst/SLICE_4899 meets
      0.118ns M_HLD and
      0.000ns delay constraint less
      0.000ns skew less
      0.000ns feedback compensation requirement (totaling 0.118ns) by 0.256ns

 Physical Path Details:

      Data path slv_com_top_inst/rx_com_inst/rx_cont_b1_inst/rx_ck_dcfifo1_48_inst/SLICE_4895 to slv_com_top_inst/rx_com_inst/rx_cont_b1_inst/rx_ck_dcfifo1_48_inst/SLICE_4899:

   Name    Fanout   Delay (ns)          Site               Resource
REG_DEL     ---     0.163    R34C65B.CLK to     R34C65B.Q1 slv_com_top_inst/rx_com_inst/rx_cont_b1_inst/rx_ck_dcfifo1_48_inst/SLICE_4895 (from slv_com_top_inst.CLKCOM_OUT)
ROUTE         1     0.211     R34C65B.Q1 to     R33C65B.M1 slv_com_top_inst/rx_com_inst/rx_cont_b1_inst/rx_ck_dcfifo1_48_inst/w_gcount_3 (to slv_com_top_inst.CLK1)
                  --------
                    0.374   (43.6% logic, 56.4% route), 1 logic levels.

 Clock Skew Details: 

      Source Clock Path UP_CLK to slv_com_top_inst/rx_com_inst/rx_cont_b1_inst/rx_ck_dcfifo1_48_inst/SLICE_4895:

   Name    Fanout   Delay (ns)          Site               Resource
PADI_DEL    ---     0.740         M1.PAD to       M1.PADDI UP_CLK
ROUTE         1     0.156       M1.PADDI to   PLL_BL0.CLKI UP_CLK_c
CLKI2OP_DE  ---     0.000   PLL_BL0.CLKI to  PLL_BL0.CLKOP slv_com_top_inst/clk_gen_inst2/PLL_inst/PLLInst_0
ROUTE       173     0.653  PLL_BL0.CLKOP to    R34C65B.CLK slv_com_top_inst.CLKCOM_OUT
                  --------
                    1.549   (47.8% logic, 52.2% route), 2 logic levels.

      Source Clock f/b:

   Name    Fanout   Delay (ns)          Site               Resource
CLKFB2OP_D  ---     0.000  PLL_BL0.CLKFB to  PLL_BL0.CLKOP slv_com_top_inst/clk_gen_inst2/PLL_inst/PLLInst_0
ROUTE       173     0.696  PLL_BL0.CLKOP to  PLL_BL0.CLKFB slv_com_top_inst.CLKCOM_OUT
                  --------
                    0.696   (0.0% logic, 100.0% route), 1 logic levels.

      Destination Clock Path UP_CLK to slv_com_top_inst/rx_com_inst/rx_cont_b1_inst/rx_ck_dcfifo1_48_inst/SLICE_4899:

   Name    Fanout   Delay (ns)          Site               Resource
PADI_DEL    ---     0.740         M1.PAD to       M1.PADDI UP_CLK
ROUTE         1     0.156       M1.PADDI to   PLL_BL0.CLKI UP_CLK_c
CLKI2OS3_D  ---     0.000   PLL_BL0.CLKI to PLL_BL0.CLKOS3 slv_com_top_inst/clk_gen_inst2/PLL_inst/PLLInst_0
ROUTE       379     0.653 PLL_BL0.CLKOS3 to    R33C65B.CLK slv_com_top_inst.CLK1
                  --------
                    1.549   (47.8% logic, 52.2% route), 2 logic levels.

      Destination Clock f/b:

   Name    Fanout   Delay (ns)          Site               Resource
CLKFB2OP_D  ---     0.000  PLL_BL0.CLKFB to  PLL_BL0.CLKOP slv_com_top_inst/clk_gen_inst2/PLL_inst/PLLInst_0
ROUTE       173     0.696  PLL_BL0.CLKOP to  PLL_BL0.CLKFB slv_com_top_inst.CLKCOM_OUT
                  --------
                    0.696   (0.0% logic, 100.0% route), 1 logic levels.


Passed: The following path meets requirements by 0.257ns

 Logical Details:  Cell type  Pin type       Cell/ASIC name  (clock net +/-)

   Source:         FF         Q              slv_com_top_inst/rx_com_inst/rx_cont_b1_inst/rx_ck_dcfifo1_48_inst/FF_62  (from slv_com_top_inst.CLKCOM_OUT +)
   Destination:    FF         Data in        slv_com_top_inst/rx_com_inst/rx_cont_b1_inst/rx_ck_dcfifo1_48_inst/FF_27  (to slv_com_top_inst.CLK1 +)

   Delay:               0.375ns  (43.7% logic, 56.3% route), 1 logic levels.

 Constraint Details:

      0.375ns physical path delay slv_com_top_inst/rx_com_inst/rx_cont_b1_inst/rx_ck_dcfifo1_48_inst/SLICE_4895 to slv_com_top_inst/rx_com_inst/rx_cont_b1_inst/rx_ck_dcfifo1_48_inst/SLICE_4899 meets
      0.118ns M_HLD and
      0.000ns delay constraint less
      0.000ns skew less
      0.000ns feedback compensation requirement (totaling 0.118ns) by 0.257ns

 Physical Path Details:

      Data path slv_com_top_inst/rx_com_inst/rx_cont_b1_inst/rx_ck_dcfifo1_48_inst/SLICE_4895 to slv_com_top_inst/rx_com_inst/rx_cont_b1_inst/rx_ck_dcfifo1_48_inst/SLICE_4899:

   Name    Fanout   Delay (ns)          Site               Resource
REG_DEL     ---     0.164    R34C65B.CLK to     R34C65B.Q0 slv_com_top_inst/rx_com_inst/rx_cont_b1_inst/rx_ck_dcfifo1_48_inst/SLICE_4895 (from slv_com_top_inst.CLKCOM_OUT)
ROUTE         1     0.211     R34C65B.Q0 to     R33C65B.M0 slv_com_top_inst/rx_com_inst/rx_cont_b1_inst/rx_ck_dcfifo1_48_inst/w_gcount_2 (to slv_com_top_inst.CLK1)
                  --------
                    0.375   (43.7% logic, 56.3% route), 1 logic levels.

 Clock Skew Details: 

      Source Clock Path UP_CLK to slv_com_top_inst/rx_com_inst/rx_cont_b1_inst/rx_ck_dcfifo1_48_inst/SLICE_4895:

   Name    Fanout   Delay (ns)          Site               Resource
PADI_DEL    ---     0.740         M1.PAD to       M1.PADDI UP_CLK
ROUTE         1     0.156       M1.PADDI to   PLL_BL0.CLKI UP_CLK_c
CLKI2OP_DE  ---     0.000   PLL_BL0.CLKI to  PLL_BL0.CLKOP slv_com_top_inst/clk_gen_inst2/PLL_inst/PLLInst_0
ROUTE       173     0.653  PLL_BL0.CLKOP to    R34C65B.CLK slv_com_top_inst.CLKCOM_OUT
                  --------
                    1.549   (47.8% logic, 52.2% route), 2 logic levels.

      Source Clock f/b:

   Name    Fanout   Delay (ns)          Site               Resource
CLKFB2OP_D  ---     0.000  PLL_BL0.CLKFB to  PLL_BL0.CLKOP slv_com_top_inst/clk_gen_inst2/PLL_inst/PLLInst_0
ROUTE       173     0.696  PLL_BL0.CLKOP to  PLL_BL0.CLKFB slv_com_top_inst.CLKCOM_OUT
                  --------
                    0.696   (0.0% logic, 100.0% route), 1 logic levels.

      Destination Clock Path UP_CLK to slv_com_top_inst/rx_com_inst/rx_cont_b1_inst/rx_ck_dcfifo1_48_inst/SLICE_4899:

   Name    Fanout   Delay (ns)          Site               Resource
PADI_DEL    ---     0.740         M1.PAD to       M1.PADDI UP_CLK
ROUTE         1     0.156       M1.PADDI to   PLL_BL0.CLKI UP_CLK_c
CLKI2OS3_D  ---     0.000   PLL_BL0.CLKI to PLL_BL0.CLKOS3 slv_com_top_inst/clk_gen_inst2/PLL_inst/PLLInst_0
ROUTE       379     0.653 PLL_BL0.CLKOS3 to    R33C65B.CLK slv_com_top_inst.CLK1
                  --------
                    1.549   (47.8% logic, 52.2% route), 2 logic levels.

      Destination Clock f/b:

   Name    Fanout   Delay (ns)          Site               Resource
CLKFB2OP_D  ---     0.000  PLL_BL0.CLKFB to  PLL_BL0.CLKOP slv_com_top_inst/clk_gen_inst2/PLL_inst/PLLInst_0
ROUTE       173     0.696  PLL_BL0.CLKOP to  PLL_BL0.CLKFB slv_com_top_inst.CLKCOM_OUT
                  --------
                    0.696   (0.0% logic, 100.0% route), 1 logic levels.


Passed: The following path meets requirements by 0.257ns

 Logical Details:  Cell type  Pin type       Cell/ASIC name  (clock net +/-)

   Source:         FF         Q              slv_com_top_inst/rx_com_inst/rx_cont_b1_inst/rx_ck_dcfifo1_48_inst/FF_64  (from slv_com_top_inst.CLKCOM_OUT +)
   Destination:    FF         Data in        slv_com_top_inst/rx_com_inst/rx_cont_b1_inst/rx_ck_dcfifo1_48_inst/FF_29  (to slv_com_top_inst.CLK1 +)

   Delay:               0.375ns  (43.7% logic, 56.3% route), 1 logic levels.

 Constraint Details:

      0.375ns physical path delay slv_com_top_inst/rx_com_inst/rx_cont_b1_inst/rx_ck_dcfifo1_48_inst/SLICE_4894 to slv_com_top_inst/rx_com_inst/rx_cont_b1_inst/rx_ck_dcfifo1_48_inst/SLICE_4898 meets
      0.118ns M_HLD and
      0.000ns delay constraint less
      0.000ns skew less
      0.000ns feedback compensation requirement (totaling 0.118ns) by 0.257ns

 Physical Path Details:

      Data path slv_com_top_inst/rx_com_inst/rx_cont_b1_inst/rx_ck_dcfifo1_48_inst/SLICE_4894 to slv_com_top_inst/rx_com_inst/rx_cont_b1_inst/rx_ck_dcfifo1_48_inst/SLICE_4898:

   Name    Fanout   Delay (ns)          Site               Resource
REG_DEL     ---     0.164    R34C66B.CLK to     R34C66B.Q0 slv_com_top_inst/rx_com_inst/rx_cont_b1_inst/rx_ck_dcfifo1_48_inst/SLICE_4894 (from slv_com_top_inst.CLKCOM_OUT)
ROUTE         1     0.211     R34C66B.Q0 to     R33C66B.M0 slv_com_top_inst/rx_com_inst/rx_cont_b1_inst/rx_ck_dcfifo1_48_inst/w_gcount_0 (to slv_com_top_inst.CLK1)
                  --------
                    0.375   (43.7% logic, 56.3% route), 1 logic levels.

 Clock Skew Details: 

      Source Clock Path UP_CLK to slv_com_top_inst/rx_com_inst/rx_cont_b1_inst/rx_ck_dcfifo1_48_inst/SLICE_4894:

   Name    Fanout   Delay (ns)          Site               Resource
PADI_DEL    ---     0.740         M1.PAD to       M1.PADDI UP_CLK
ROUTE         1     0.156       M1.PADDI to   PLL_BL0.CLKI UP_CLK_c
CLKI2OP_DE  ---     0.000   PLL_BL0.CLKI to  PLL_BL0.CLKOP slv_com_top_inst/clk_gen_inst2/PLL_inst/PLLInst_0
ROUTE       173     0.653  PLL_BL0.CLKOP to    R34C66B.CLK slv_com_top_inst.CLKCOM_OUT
                  --------
                    1.549   (47.8% logic, 52.2% route), 2 logic levels.

      Source Clock f/b:

   Name    Fanout   Delay (ns)          Site               Resource
CLKFB2OP_D  ---     0.000  PLL_BL0.CLKFB to  PLL_BL0.CLKOP slv_com_top_inst/clk_gen_inst2/PLL_inst/PLLInst_0
ROUTE       173     0.696  PLL_BL0.CLKOP to  PLL_BL0.CLKFB slv_com_top_inst.CLKCOM_OUT
                  --------
                    0.696   (0.0% logic, 100.0% route), 1 logic levels.

      Destination Clock Path UP_CLK to slv_com_top_inst/rx_com_inst/rx_cont_b1_inst/rx_ck_dcfifo1_48_inst/SLICE_4898:

   Name    Fanout   Delay (ns)          Site               Resource
PADI_DEL    ---     0.740         M1.PAD to       M1.PADDI UP_CLK
ROUTE         1     0.156       M1.PADDI to   PLL_BL0.CLKI UP_CLK_c
CLKI2OS3_D  ---     0.000   PLL_BL0.CLKI to PLL_BL0.CLKOS3 slv_com_top_inst/clk_gen_inst2/PLL_inst/PLLInst_0
ROUTE       379     0.653 PLL_BL0.CLKOS3 to    R33C66B.CLK slv_com_top_inst.CLK1
                  --------
                    1.549   (47.8% logic, 52.2% route), 2 logic levels.

      Destination Clock f/b:

   Name    Fanout   Delay (ns)          Site               Resource
CLKFB2OP_D  ---     0.000  PLL_BL0.CLKFB to  PLL_BL0.CLKOP slv_com_top_inst/clk_gen_inst2/PLL_inst/PLLInst_0
ROUTE       173     0.696  PLL_BL0.CLKOP to  PLL_BL0.CLKFB slv_com_top_inst.CLKCOM_OUT
                  --------
                    0.696   (0.0% logic, 100.0% route), 1 logic levels.


Passed: The following path meets requirements by 0.266ns

 Logical Details:  Cell type  Pin type       Cell/ASIC name  (clock net +/-)

   Source:         FF         Q              slv_com_top_inst/tx_com_inst/tx_cont_b1_inst/crc_gen_inst/crc_8td[2]  (from slv_com_top_inst.CLKCOM_OUT +)
   Destination:    FF         Data in        slv_com_top_inst/tx_com_inst/tx_cont_b1_inst/txcrcd_q[2]  (to slv_com_top_inst.CLK1 +)

   Delay:               0.385ns  (62.3% logic, 37.7% route), 2 logic levels.

 Constraint Details:

      0.385ns physical path delay slv_com_top_inst/tx_com_inst/tx_cont_b1_inst/crc_gen_inst/SLICE_5096 to slv_com_top_inst/tx_com_inst/tx_cont_b1_inst/SLICE_5049 meets
      0.119ns DIN_HLD and
      0.000ns delay constraint less
      0.000ns skew less
      0.000ns feedback compensation requirement (totaling 0.119ns) by 0.266ns

 Physical Path Details:

      Data path slv_com_top_inst/tx_com_inst/tx_cont_b1_inst/crc_gen_inst/SLICE_5096 to slv_com_top_inst/tx_com_inst/tx_cont_b1_inst/SLICE_5049:

   Name    Fanout   Delay (ns)          Site               Resource
REG_DEL     ---     0.164    R42C63C.CLK to     R42C63C.Q0 slv_com_top_inst/tx_com_inst/tx_cont_b1_inst/crc_gen_inst/SLICE_5096 (from slv_com_top_inst.CLKCOM_OUT)
ROUTE         1     0.145     R42C63C.Q0 to     R41C63B.C0 slv_com_top_inst/tx_com_inst/tx_cont_b1_inst/TX_CRCD[2]
CTOF_DEL    ---     0.076     R41C63B.C0 to     R41C63B.F0 slv_com_top_inst/tx_com_inst/tx_cont_b1_inst/SLICE_5049
ROUTE         1     0.000     R41C63B.F0 to    R41C63B.DI0 slv_com_top_inst/tx_com_inst/tx_cont_b1_inst/txd_out[2] (to slv_com_top_inst.CLK1)
                  --------
                    0.385   (62.3% logic, 37.7% route), 2 logic levels.

 Clock Skew Details: 

      Source Clock Path UP_CLK to slv_com_top_inst/tx_com_inst/tx_cont_b1_inst/crc_gen_inst/SLICE_5096:

   Name    Fanout   Delay (ns)          Site               Resource
PADI_DEL    ---     0.740         M1.PAD to       M1.PADDI UP_CLK
ROUTE         1     0.156       M1.PADDI to   PLL_BL0.CLKI UP_CLK_c
CLKI2OP_DE  ---     0.000   PLL_BL0.CLKI to  PLL_BL0.CLKOP slv_com_top_inst/clk_gen_inst2/PLL_inst/PLLInst_0
ROUTE       173     0.653  PLL_BL0.CLKOP to    R42C63C.CLK slv_com_top_inst.CLKCOM_OUT
                  --------
                    1.549   (47.8% logic, 52.2% route), 2 logic levels.

      Source Clock f/b:

   Name    Fanout   Delay (ns)          Site               Resource
CLKFB2OP_D  ---     0.000  PLL_BL0.CLKFB to  PLL_BL0.CLKOP slv_com_top_inst/clk_gen_inst2/PLL_inst/PLLInst_0
ROUTE       173     0.696  PLL_BL0.CLKOP to  PLL_BL0.CLKFB slv_com_top_inst.CLKCOM_OUT
                  --------
                    0.696   (0.0% logic, 100.0% route), 1 logic levels.

      Destination Clock Path UP_CLK to slv_com_top_inst/tx_com_inst/tx_cont_b1_inst/SLICE_5049:

   Name    Fanout   Delay (ns)          Site               Resource
PADI_DEL    ---     0.740         M1.PAD to       M1.PADDI UP_CLK
ROUTE         1     0.156       M1.PADDI to   PLL_BL0.CLKI UP_CLK_c
CLKI2OS3_D  ---     0.000   PLL_BL0.CLKI to PLL_BL0.CLKOS3 slv_com_top_inst/clk_gen_inst2/PLL_inst/PLLInst_0
ROUTE       379     0.653 PLL_BL0.CLKOS3 to    R41C63B.CLK slv_com_top_inst.CLK1
                  --------
                    1.549   (47.8% logic, 52.2% route), 2 logic levels.

      Destination Clock f/b:

   Name    Fanout   Delay (ns)          Site               Resource
CLKFB2OP_D  ---     0.000  PLL_BL0.CLKFB to  PLL_BL0.CLKOP slv_com_top_inst/clk_gen_inst2/PLL_inst/PLLInst_0
ROUTE       173     0.696  PLL_BL0.CLKOP to  PLL_BL0.CLKFB slv_com_top_inst.CLKCOM_OUT
                  --------
                    0.696   (0.0% logic, 100.0% route), 1 logic levels.


Passed: The following path meets requirements by 0.267ns

 Logical Details:  Cell type  Pin type       Cell/ASIC name  (clock net +/-)

   Source:         FF         Q              slv_com_top_inst/tx_com_inst/tx_cont_b1_inst/crc_gen_inst/crc_8td[1]  (from slv_com_top_inst.CLKCOM_OUT +)
   Destination:    FF         Data in        slv_com_top_inst/tx_com_inst/tx_cont_b1_inst/txcrcd_q[1]  (to slv_com_top_inst.CLK1 +)

   Delay:               0.386ns  (61.9% logic, 38.1% route), 2 logic levels.

 Constraint Details:

      0.386ns physical path delay slv_com_top_inst/tx_com_inst/tx_cont_b1_inst/crc_gen_inst/SLICE_5095 to slv_com_top_inst/tx_com_inst/tx_cont_b1_inst/SLICE_5048 meets
      0.119ns DIN_HLD and
      0.000ns delay constraint less
      0.000ns skew less
      0.000ns feedback compensation requirement (totaling 0.119ns) by 0.267ns

 Physical Path Details:

      Data path slv_com_top_inst/tx_com_inst/tx_cont_b1_inst/crc_gen_inst/SLICE_5095 to slv_com_top_inst/tx_com_inst/tx_cont_b1_inst/SLICE_5048:

   Name    Fanout   Delay (ns)          Site               Resource
REG_DEL     ---     0.163    R42C63A.CLK to     R42C63A.Q1 slv_com_top_inst/tx_com_inst/tx_cont_b1_inst/crc_gen_inst/SLICE_5095 (from slv_com_top_inst.CLKCOM_OUT)
ROUTE         1     0.147     R42C63A.Q1 to     R41C63C.C1 slv_com_top_inst/tx_com_inst/tx_cont_b1_inst/TX_CRCD[1]
CTOF_DEL    ---     0.076     R41C63C.C1 to     R41C63C.F1 slv_com_top_inst/tx_com_inst/tx_cont_b1_inst/SLICE_5048
ROUTE         1     0.000     R41C63C.F1 to    R41C63C.DI1 slv_com_top_inst/tx_com_inst/tx_cont_b1_inst/txd_out[1] (to slv_com_top_inst.CLK1)
                  --------
                    0.386   (61.9% logic, 38.1% route), 2 logic levels.

 Clock Skew Details: 

      Source Clock Path UP_CLK to slv_com_top_inst/tx_com_inst/tx_cont_b1_inst/crc_gen_inst/SLICE_5095:

   Name    Fanout   Delay (ns)          Site               Resource
PADI_DEL    ---     0.740         M1.PAD to       M1.PADDI UP_CLK
ROUTE         1     0.156       M1.PADDI to   PLL_BL0.CLKI UP_CLK_c
CLKI2OP_DE  ---     0.000   PLL_BL0.CLKI to  PLL_BL0.CLKOP slv_com_top_inst/clk_gen_inst2/PLL_inst/PLLInst_0
ROUTE       173     0.653  PLL_BL0.CLKOP to    R42C63A.CLK slv_com_top_inst.CLKCOM_OUT
                  --------
                    1.549   (47.8% logic, 52.2% route), 2 logic levels.

      Source Clock f/b:

   Name    Fanout   Delay (ns)          Site               Resource
CLKFB2OP_D  ---     0.000  PLL_BL0.CLKFB to  PLL_BL0.CLKOP slv_com_top_inst/clk_gen_inst2/PLL_inst/PLLInst_0
ROUTE       173     0.696  PLL_BL0.CLKOP to  PLL_BL0.CLKFB slv_com_top_inst.CLKCOM_OUT
                  --------
                    0.696   (0.0% logic, 100.0% route), 1 logic levels.

      Destination Clock Path UP_CLK to slv_com_top_inst/tx_com_inst/tx_cont_b1_inst/SLICE_5048:

   Name    Fanout   Delay (ns)          Site               Resource
PADI_DEL    ---     0.740         M1.PAD to       M1.PADDI UP_CLK
ROUTE         1     0.156       M1.PADDI to   PLL_BL0.CLKI UP_CLK_c
CLKI2OS3_D  ---     0.000   PLL_BL0.CLKI to PLL_BL0.CLKOS3 slv_com_top_inst/clk_gen_inst2/PLL_inst/PLLInst_0
ROUTE       379     0.653 PLL_BL0.CLKOS3 to    R41C63C.CLK slv_com_top_inst.CLK1
                  --------
                    1.549   (47.8% logic, 52.2% route), 2 logic levels.

      Destination Clock f/b:

   Name    Fanout   Delay (ns)          Site               Resource
CLKFB2OP_D  ---     0.000  PLL_BL0.CLKFB to  PLL_BL0.CLKOP slv_com_top_inst/clk_gen_inst2/PLL_inst/PLLInst_0
ROUTE       173     0.696  PLL_BL0.CLKOP to  PLL_BL0.CLKFB slv_com_top_inst.CLKCOM_OUT
                  --------
                    0.696   (0.0% logic, 100.0% route), 1 logic levels.


================================================================================
Preference: MULTICYCLE FROM CLKNET "slv_com_top_inst.CLK1" TO CLKNET "slv_com_top_inst/CLK2A" 10.000000 X ;
            0 items scored, 0 timing errors detected.
--------------------------------------------------------------------------------


================================================================================
Preference: MULTICYCLE FROM CLKNET "slv_com_top_inst/CLK2A" TO CLKNET "slv_com_top_inst.CLK1" 2.000000 X ;
            0 items scored, 0 timing errors detected.
--------------------------------------------------------------------------------

Report Summary
--------------
----------------------------------------------------------------------------
Preference(MIN Delays)                  |   Constraint|       Actual|Levels
----------------------------------------------------------------------------
                                        |             |             |
FREQUENCY NET "s_PLL_CLK20M" 20.000000  |             |             |
MHz ;                                   |     0.000 ns|     0.174 ns|   1  
                                        |             |             |
FREQUENCY NET "slv_com_top_inst.CLK1"   |             |             |
10.000000 MHz ;                         |     0.000 ns|     0.174 ns|   1  
                                        |             |             |
FREQUENCY NET                           |             |             |
"slv_com_top_inst.CLKCOM_OUT"           |             |             |
100.000000 MHz ;                        |     0.000 ns|     0.170 ns|   2  
                                        |             |             |
FREQUENCY NET "slv_com_top_inst/CLK2A"  |             |             |
100.000000 MHz ;                        |     0.000 ns|     0.170 ns|   2  
                                        |             |             |
FREQUENCY NET "UP_CLK_c" 20.000000 MHz  |             |             |
;                                       |            -|            -|   0  
                                        |             |             |
FREQUENCY PORT "UP_CLK" 20.000000 MHz ; |            -|            -|   0  
                                        |             |             |
MULTICYCLE FROM CLKNET "s_PLL_CLK20M"   |             |             |
TO CLKNET "slv_com_top_inst.CLK1"       |             |             |
2.000000 X ;                            |            -|            -|   3  
                                        |             |             |
MULTICYCLE FROM CLKNET                  |             |             |
"slv_com_top_inst.CLK1" TO CLKNET       |             |             |
"s_PLL_CLK20M" 2.000000 X ;             |            -|            -|   1  
                                        |             |             |
MULTICYCLE FROM CLKNET                  |             |             |
"slv_com_top_inst.CLK1" TO CLKNET       |             |             |
"slv_com_top_inst.CLKCOM_OUT" 10.000000 |             |             |
X ;                                     |            -|            -|   1  
                                        |             |             |
MULTICYCLE FROM CLKNET                  |             |             |
"slv_com_top_inst.CLKCOM_OUT" TO CLKNET |             |             |
"slv_com_top_inst.CLK1" 2.000000 X ;    |            -|            -|   1  
                                        |             |             |
MULTICYCLE FROM CLKNET                  |             |             |
"slv_com_top_inst.CLK1" TO CLKNET       |             |             |
"slv_com_top_inst/CLK2A" 10.000000 X ;  |            -|            -|   0  
                                        |             |             |
MULTICYCLE FROM CLKNET                  |             |             |
"slv_com_top_inst/CLK2A" TO CLKNET      |             |             |
"slv_com_top_inst.CLK1" 2.000000 X ;    |            -|            -|   0  
                                        |             |             |
----------------------------------------------------------------------------


All preferences were met.


Clock Domains Analysis
------------------------

Found 6 clocks:

Clock Domain: slv_com_top_inst/CLK2A   Source: slv_com_top_inst/clk_gen_inst2/PLL_inst/PLLInst_0.CLKOS   Loads: 16
   Covered under: FREQUENCY NET "slv_com_top_inst/CLK2A" 100.000000 MHz ;

   Data transfers from:
   Clock Domain: slv_com_top_inst.CLKCOM_OUT   Source: slv_com_top_inst/clk_gen_inst2/PLL_inst/PLLInst_0.CLKOP
      Covered under: FREQUENCY NET "slv_com_top_inst/CLK2A" 100.000000 MHz ;   Transfers: 2

   Clock Domain: s_PLL_CLK20M   Source: slv_com_top_inst/clk_gen_inst2/PLL_inst/PLLInst_0.CLKOS2
      Blocked under: BLOCK PATH FROM CLKNET "s_PLL_CLK20M" TO CLKNET "slv_com_top_inst/CLK2A" ;

   Clock Domain: CLK20M_c   Source: CLK20M.PAD
      Blocked under: BLOCK PATH FROM CLKNET "CLK20M_c" TO CLKNET "slv_com_top_inst/CLK2A" ;

Clock Domain: slv_com_top_inst.CLKCOM_OUT   Source: slv_com_top_inst/clk_gen_inst2/PLL_inst/PLLInst_0.CLKOP   Loads: 173
   Covered under: FREQUENCY NET "slv_com_top_inst.CLKCOM_OUT" 100.000000 MHz ;

   Data transfers from:
   Clock Domain: slv_com_top_inst/CLK2A   Source: slv_com_top_inst/clk_gen_inst2/PLL_inst/PLLInst_0.CLKOS
      Covered under: FREQUENCY NET "slv_com_top_inst.CLKCOM_OUT" 100.000000 MHz ;   Transfers: 4

   Clock Domain: slv_com_top_inst.CLK1   Source: slv_com_top_inst/clk_gen_inst2/PLL_inst/PLLInst_0.CLKOS3
      Covered under: MULTICYCLE FROM CLKNET "slv_com_top_inst.CLK1" TO CLKNET "slv_com_top_inst.CLKCOM_OUT" 10.000000 X ;   Transfers: 59

   Clock Domain: s_PLL_CLK20M   Source: slv_com_top_inst/clk_gen_inst2/PLL_inst/PLLInst_0.CLKOS2
      Blocked under: BLOCK PATH FROM CLKNET "s_PLL_CLK20M" TO CLKNET "slv_com_top_inst.CLKCOM_OUT" ;

   Clock Domain: CLK20M_c   Source: CLK20M.PAD
      Not reported because source and destination domains are unrelated.
      Blocked under: BLOCK PATH FROM CLKNET "CLK20M_c" TO CLKNET "slv_com_top_inst.CLKCOM_OUT" ;

Clock Domain: slv_com_top_inst.CLK1   Source: slv_com_top_inst/clk_gen_inst2/PLL_inst/PLLInst_0.CLKOS3   Loads: 379
   Covered under: FREQUENCY NET "slv_com_top_inst.CLK1" 10.000000 MHz ;

   Data transfers from:
   Clock Domain: slv_com_top_inst.CLKCOM_OUT   Source: slv_com_top_inst/clk_gen_inst2/PLL_inst/PLLInst_0.CLKOP
      Covered under: MULTICYCLE FROM CLKNET "slv_com_top_inst.CLKCOM_OUT" TO CLKNET "slv_com_top_inst.CLK1" 2.000000 X ;   Transfers: 23

   Clock Domain: s_PLL_CLK20M   Source: slv_com_top_inst/clk_gen_inst2/PLL_inst/PLLInst_0.CLKOS2
      Covered under: MULTICYCLE FROM CLKNET "s_PLL_CLK20M" TO CLKNET "slv_com_top_inst.CLK1" 2.000000 X ;   Transfers: 2806

   Clock Domain: CLK20M_c   Source: CLK20M.PAD
      Not reported because source and destination domains are unrelated.
      Blocked under: BLOCK PATH FROM CLKNET "CLK20M_c" TO CLKNET "slv_com_top_inst.CLK1" ;

Clock Domain: s_PLL_CLK20M   Source: slv_com_top_inst/clk_gen_inst2/PLL_inst/PLLInst_0.CLKOS2   Loads: 5267
   Covered under: FREQUENCY NET "s_PLL_CLK20M" 20.000000 MHz ;

   Data transfers from:
   Clock Domain: slv_com_top_inst/CLK2A   Source: slv_com_top_inst/clk_gen_inst2/PLL_inst/PLLInst_0.CLKOS
      Blocked under: BLOCK PATH FROM CLKNET "slv_com_top_inst/CLK2A" TO CLKNET "s_PLL_CLK20M" ;

   Clock Domain: slv_com_top_inst.CLKCOM_OUT   Source: slv_com_top_inst/clk_gen_inst2/PLL_inst/PLLInst_0.CLKOP
      Blocked under: BLOCK PATH FROM CLKNET "slv_com_top_inst.CLKCOM_OUT" TO CLKNET "s_PLL_CLK20M" ;

   Clock Domain: slv_com_top_inst.CLK1   Source: slv_com_top_inst/clk_gen_inst2/PLL_inst/PLLInst_0.CLKOS3
      Covered under: MULTICYCLE FROM CLKNET "slv_com_top_inst.CLK1" TO CLKNET "s_PLL_CLK20M" 2.000000 X ;   Transfers: 158

   Clock Domain: CLK20M_c   Source: CLK20M.PAD
      Blocked under: BLOCK PATH FROM CLKNET "CLK20M_c" TO CLKNET "s_PLL_CLK20M" ;

Clock Domain: UP_CLK_c   Source: UP_CLK.PAD   Loads: 1
   No transfer within this clock domain is found

Clock Domain: CLK20M_c   Source: CLK20M.PAD   Loads: 9
   No transfer within this clock domain is found

   Data transfers from:
   Clock Domain: slv_com_top_inst/CLK2A   Source: slv_com_top_inst/clk_gen_inst2/PLL_inst/PLLInst_0.CLKOS
      Blocked under: BLOCK PATH FROM CLKNET "slv_com_top_inst/CLK2A" TO CLKNET "CLK20M_c" ;

   Clock Domain: slv_com_top_inst.CLKCOM_OUT   Source: slv_com_top_inst/clk_gen_inst2/PLL_inst/PLLInst_0.CLKOP
      Blocked under: BLOCK PATH FROM CLKNET "slv_com_top_inst.CLKCOM_OUT" TO CLKNET "CLK20M_c" ;

   Clock Domain: slv_com_top_inst.CLK1   Source: slv_com_top_inst/clk_gen_inst2/PLL_inst/PLLInst_0.CLKOS3
      Not reported because source and destination domains are unrelated.
      Blocked under: BLOCK PATH FROM CLKNET "slv_com_top_inst.CLK1" TO CLKNET "CLK20M_c" ;

   Clock Domain: s_PLL_CLK20M   Source: slv_com_top_inst/clk_gen_inst2/PLL_inst/PLLInst_0.CLKOS2
      Blocked under: BLOCK PATH FROM CLKNET "s_PLL_CLK20M" TO CLKNET "CLK20M_c" ;


Timing summary (Hold):
---------------

Timing errors: 0  Score: 0
Cumulative negative slack: 0

Constraints cover 3340261 paths, 466 nets, and 70768 connections (99.04% coverage)



Timing summary (Setup and Hold):
---------------

Timing errors: 0 (setup), 0 (hold)
Score: 0 (setup), 0 (hold)
Cumulative negative slack: 0 (0+0)
--------------------------------------------------------------------------------

--------------------------------------------------------------------------------

